wo,umi_count,library_id,condition,replicate,sample
OOOOOOOO,194324,1,Neg,1,Library-1-Neg-1
OOOOOOOW,48760,1,Neg,1,Library-1-Neg-1
OOOOOOWO,48170,1,Neg,1,Library-1-Neg-1
OOOOOOWW,45465,1,Neg,1,Library-1-Neg-1
OOOOOWOO,21254,1,Neg,1,Library-1-Neg-1
OOOOOWOW,59607,1,Neg,1,Library-1-Neg-1
OOOOOWWO,18424,1,Neg,1,Library-1-Neg-1
OOOOOWWW,32272,1,Neg,1,Library-1-Neg-1
OOOOWOOO,34727,1,Neg,1,Library-1-Neg-1
OOOOWOOW,186926,1,Neg,1,Library-1-Neg-1
OOOOWOWO,118512,1,Neg,1,Library-1-Neg-1
OOOOWOWW,45651,1,Neg,1,Library-1-Neg-1
OOOOWWOO,212167,1,Neg,1,Library-1-Neg-1
OOOOWWOW,99693,1,Neg,1,Library-1-Neg-1
OOOOWWWO,86522,1,Neg,1,Library-1-Neg-1
OOOOWWWW,56536,1,Neg,1,Library-1-Neg-1
OOOWOOOO,22682,1,Neg,1,Library-1-Neg-1
OOOWOOOW,106885,1,Neg,1,Library-1-Neg-1
OOOWOOWO,42139,1,Neg,1,Library-1-Neg-1
OOOWOOWW,32559,1,Neg,1,Library-1-Neg-1
OOOWOWOO,118685,1,Neg,1,Library-1-Neg-1
OOOWOWOW,266372,1,Neg,1,Library-1-Neg-1
OOOWOWWO,22720,1,Neg,1,Library-1-Neg-1
OOOWOWWW,13297,1,Neg,1,Library-1-Neg-1
OOOWWOOO,70797,1,Neg,1,Library-1-Neg-1
OOOWWOOW,56118,1,Neg,1,Library-1-Neg-1
OOOWWOWO,58108,1,Neg,1,Library-1-Neg-1
OOOWWOWW,65166,1,Neg,1,Library-1-Neg-1
OOOWWWOO,80074,1,Neg,1,Library-1-Neg-1
OOOWWWOW,100540,1,Neg,1,Library-1-Neg-1
OOOWWWWO,35780,1,Neg,1,Library-1-Neg-1
OOOWWWWW,55044,1,Neg,1,Library-1-Neg-1
OOWOOOOO,411294,1,Neg,1,Library-1-Neg-1
OOWOOOOW,30412,1,Neg,1,Library-1-Neg-1
OOWOOOWO,133465,1,Neg,1,Library-1-Neg-1
OOWOOOWW,35883,1,Neg,1,Library-1-Neg-1
OOWOOWOO,26000,1,Neg,1,Library-1-Neg-1
OOWOOWOW,217888,1,Neg,1,Library-1-Neg-1
OOWOOWWO,26198,1,Neg,1,Library-1-Neg-1
OOWOOWWW,14433,1,Neg,1,Library-1-Neg-1
OOWOWOOO,19932,1,Neg,1,Library-1-Neg-1
OOWOWOOW,164741,1,Neg,1,Library-1-Neg-1
OOWOWOWO,118207,1,Neg,1,Library-1-Neg-1
OOWOWOWW,57516,1,Neg,1,Library-1-Neg-1
OOWOWWOO,402702,1,Neg,1,Library-1-Neg-1
OOWOWWOW,177609,1,Neg,1,Library-1-Neg-1
OOWOWWWO,67004,1,Neg,1,Library-1-Neg-1
OOWOWWWW,78927,1,Neg,1,Library-1-Neg-1
OOWWOOOO,151286,1,Neg,1,Library-1-Neg-1
OOWWOOOW,180485,1,Neg,1,Library-1-Neg-1
OOWWOOWO,228948,1,Neg,1,Library-1-Neg-1
OOWWOOWW,70828,1,Neg,1,Library-1-Neg-1
OOWWOWOO,284240,1,Neg,1,Library-1-Neg-1
OOWWOWOW,194576,1,Neg,1,Library-1-Neg-1
OOWWOWWO,71833,1,Neg,1,Library-1-Neg-1
OOWWOWWW,121360,1,Neg,1,Library-1-Neg-1
OOWWWOOO,285167,1,Neg,1,Library-1-Neg-1
OOWWWOOW,172173,1,Neg,1,Library-1-Neg-1
OOWWWOWO,90759,1,Neg,1,Library-1-Neg-1
OOWWWOWW,112477,1,Neg,1,Library-1-Neg-1
OOWWWWOO,258858,1,Neg,1,Library-1-Neg-1
OOWWWWOW,265405,1,Neg,1,Library-1-Neg-1
OOWWWWWO,60749,1,Neg,1,Library-1-Neg-1
OOWWWWWW,166025,1,Neg,1,Library-1-Neg-1
OWOOOOOO,76581,1,Neg,1,Library-1-Neg-1
OWOOOOOW,17913,1,Neg,1,Library-1-Neg-1
OWOOOOWO,49489,1,Neg,1,Library-1-Neg-1
OWOOOOWW,10738,1,Neg,1,Library-1-Neg-1
OWOOOWOO,39497,1,Neg,1,Library-1-Neg-1
OWOOOWOW,36338,1,Neg,1,Library-1-Neg-1
OWOOOWWO,16970,1,Neg,1,Library-1-Neg-1
OWOOOWWW,22464,1,Neg,1,Library-1-Neg-1
OWOOWOOO,56043,1,Neg,1,Library-1-Neg-1
OWOOWOOW,54230,1,Neg,1,Library-1-Neg-1
OWOOWOWO,47062,1,Neg,1,Library-1-Neg-1
OWOOWOWW,63813,1,Neg,1,Library-1-Neg-1
OWOOWWOO,135076,1,Neg,1,Library-1-Neg-1
OWOOWWOW,59844,1,Neg,1,Library-1-Neg-1
OWOOWWWO,62072,1,Neg,1,Library-1-Neg-1
OWOOWWWW,79631,1,Neg,1,Library-1-Neg-1
OWOWOOOO,31278,1,Neg,1,Library-1-Neg-1
OWOWOOOW,78011,1,Neg,1,Library-1-Neg-1
OWOWOOWO,38784,1,Neg,1,Library-1-Neg-1
OWOWOOWW,53054,1,Neg,1,Library-1-Neg-1
OWOWOWOO,69633,1,Neg,1,Library-1-Neg-1
OWOWOWOW,73691,1,Neg,1,Library-1-Neg-1
OWOWOWWO,12867,1,Neg,1,Library-1-Neg-1
OWOWOWWW,49290,1,Neg,1,Library-1-Neg-1
OWOWWOOO,82732,1,Neg,1,Library-1-Neg-1
OWOWWOOW,48448,1,Neg,1,Library-1-Neg-1
OWOWWOWO,40959,1,Neg,1,Library-1-Neg-1
OWOWWOWW,46581,1,Neg,1,Library-1-Neg-1
OWOWWWOO,127305,1,Neg,1,Library-1-Neg-1
OWOWWWOW,76629,1,Neg,1,Library-1-Neg-1
OWOWWWWO,46091,1,Neg,1,Library-1-Neg-1
OWOWWWWW,74153,1,Neg,1,Library-1-Neg-1
OWWOOOOO,273685,1,Neg,1,Library-1-Neg-1
OWWOOOOW,29552,1,Neg,1,Library-1-Neg-1
OWWOOOWO,72009,1,Neg,1,Library-1-Neg-1
OWWOOOWW,35091,1,Neg,1,Library-1-Neg-1
OWWOOWOO,17285,1,Neg,1,Library-1-Neg-1
OWWOOWOW,59193,1,Neg,1,Library-1-Neg-1
OWWOOWWO,32087,1,Neg,1,Library-1-Neg-1
OWWOOWWW,51489,1,Neg,1,Library-1-Neg-1
OWWOWOOO,93748,1,Neg,1,Library-1-Neg-1
OWWOWOOW,134592,1,Neg,1,Library-1-Neg-1
OWWOWOWO,48586,1,Neg,1,Library-1-Neg-1
OWWOWOWW,45964,1,Neg,1,Library-1-Neg-1
OWWOWWOO,274828,1,Neg,1,Library-1-Neg-1
OWWOWWOW,82664,1,Neg,1,Library-1-Neg-1
OWWOWWWO,53227,1,Neg,1,Library-1-Neg-1
OWWOWWWW,133140,1,Neg,1,Library-1-Neg-1
OWWWOOOO,5059,1,Neg,1,Library-1-Neg-1
OWWWOOOW,157675,1,Neg,1,Library-1-Neg-1
OWWWOOWO,108168,1,Neg,1,Library-1-Neg-1
OWWWOOWW,56386,1,Neg,1,Library-1-Neg-1
OWWWOWOO,238818,1,Neg,1,Library-1-Neg-1
OWWWOWOW,166369,1,Neg,1,Library-1-Neg-1
OWWWOWWO,17360,1,Neg,1,Library-1-Neg-1
OWWWOWWW,29212,1,Neg,1,Library-1-Neg-1
OWWWWOOO,64952,1,Neg,1,Library-1-Neg-1
OWWWWOOW,183050,1,Neg,1,Library-1-Neg-1
OWWWWOWO,78443,1,Neg,1,Library-1-Neg-1
OWWWWOWW,51982,1,Neg,1,Library-1-Neg-1
OWWWWWOO,149903,1,Neg,1,Library-1-Neg-1
OWWWWWOW,224233,1,Neg,1,Library-1-Neg-1
OWWWWWWO,117473,1,Neg,1,Library-1-Neg-1
OWWWWWWW,66113,1,Neg,1,Library-1-Neg-1
WOOOOOOO,265934,1,Neg,1,Library-1-Neg-1
WOOOOOOW,30513,1,Neg,1,Library-1-Neg-1
WOOOOOWO,59635,1,Neg,1,Library-1-Neg-1
WOOOOOWW,46380,1,Neg,1,Library-1-Neg-1
WOOOOWOO,80195,1,Neg,1,Library-1-Neg-1
WOOOOWOW,86243,1,Neg,1,Library-1-Neg-1
WOOOOWWO,14083,1,Neg,1,Library-1-Neg-1
WOOOOWWW,35684,1,Neg,1,Library-1-Neg-1
WOOOWOOO,10251,1,Neg,1,Library-1-Neg-1
WOOOWOOW,144102,1,Neg,1,Library-1-Neg-1
WOOOWOWO,72059,1,Neg,1,Library-1-Neg-1
WOOOWOWW,70137,1,Neg,1,Library-1-Neg-1
WOOOWWOO,224737,1,Neg,1,Library-1-Neg-1
WOOOWWOW,107812,1,Neg,1,Library-1-Neg-1
WOOOWWWO,54919,1,Neg,1,Library-1-Neg-1
WOOOWWWW,65462,1,Neg,1,Library-1-Neg-1
WOOWOOOO,91183,1,Neg,1,Library-1-Neg-1
WOOWOOOW,94490,1,Neg,1,Library-1-Neg-1
WOOWOOWO,59913,1,Neg,1,Library-1-Neg-1
WOOWOOWW,39374,1,Neg,1,Library-1-Neg-1
WOOWOWOO,121209,1,Neg,1,Library-1-Neg-1
WOOWOWOW,160709,1,Neg,1,Library-1-Neg-1
WOOWOWWO,26171,1,Neg,1,Library-1-Neg-1
WOOWOWWW,40319,1,Neg,1,Library-1-Neg-1
WOOWWOOO,112808,1,Neg,1,Library-1-Neg-1
WOOWWOOW,63043,1,Neg,1,Library-1-Neg-1
WOOWWOWO,22174,1,Neg,1,Library-1-Neg-1
WOOWWOWW,16081,1,Neg,1,Library-1-Neg-1
WOOWWWOO,99358,1,Neg,1,Library-1-Neg-1
WOOWWWOW,80405,1,Neg,1,Library-1-Neg-1
WOOWWWWO,23475,1,Neg,1,Library-1-Neg-1
WOOWWWWW,71654,1,Neg,1,Library-1-Neg-1
WOWOOOOO,272144,1,Neg,1,Library-1-Neg-1
WOWOOOOW,30602,1,Neg,1,Library-1-Neg-1
WOWOOOWO,63195,1,Neg,1,Library-1-Neg-1
WOWOOOWW,35813,1,Neg,1,Library-1-Neg-1
WOWOOWOO,10223,1,Neg,1,Library-1-Neg-1
WOWOOWOW,41391,1,Neg,1,Library-1-Neg-1
WOWOOWWO,8299,1,Neg,1,Library-1-Neg-1
WOWOOWWW,23295,1,Neg,1,Library-1-Neg-1
WOWOWOOO,50024,1,Neg,1,Library-1-Neg-1
WOWOWOOW,103338,1,Neg,1,Library-1-Neg-1
WOWOWOWO,85731,1,Neg,1,Library-1-Neg-1
WOWOWOWW,45571,1,Neg,1,Library-1-Neg-1
WOWOWWOO,198921,1,Neg,1,Library-1-Neg-1
WOWOWWOW,124048,1,Neg,1,Library-1-Neg-1
WOWOWWWO,60168,1,Neg,1,Library-1-Neg-1
WOWOWWWW,106384,1,Neg,1,Library-1-Neg-1
WOWWOOOO,82150,1,Neg,1,Library-1-Neg-1
WOWWOOOW,303296,1,Neg,1,Library-1-Neg-1
WOWWOOWO,92737,1,Neg,1,Library-1-Neg-1
WOWWOOWW,22811,1,Neg,1,Library-1-Neg-1
WOWWOWOO,163823,1,Neg,1,Library-1-Neg-1
WOWWOWOW,180400,1,Neg,1,Library-1-Neg-1
WOWWOWWO,35606,1,Neg,1,Library-1-Neg-1
WOWWOWWW,80681,1,Neg,1,Library-1-Neg-1
WOWWWOOO,102036,1,Neg,1,Library-1-Neg-1
WOWWWOOW,107250,1,Neg,1,Library-1-Neg-1
WOWWWOWO,50621,1,Neg,1,Library-1-Neg-1
WOWWWOWW,51159,1,Neg,1,Library-1-Neg-1
WOWWWWOO,281898,1,Neg,1,Library-1-Neg-1
WOWWWWOW,247645,1,Neg,1,Library-1-Neg-1
WOWWWWWO,47590,1,Neg,1,Library-1-Neg-1
WOWWWWWW,94193,1,Neg,1,Library-1-Neg-1
WWOOOOOO,116479,1,Neg,1,Library-1-Neg-1
WWOOOOOW,15895,1,Neg,1,Library-1-Neg-1
WWOOOOWO,25056,1,Neg,1,Library-1-Neg-1
WWOOOOWW,40341,1,Neg,1,Library-1-Neg-1
WWOOOWOO,11463,1,Neg,1,Library-1-Neg-1
WWOOOWOW,74071,1,Neg,1,Library-1-Neg-1
WWOOOWWO,18699,1,Neg,1,Library-1-Neg-1
WWOOOWWW,22613,1,Neg,1,Library-1-Neg-1
WWOOWOOO,3780,1,Neg,1,Library-1-Neg-1
WWOOWOOW,55226,1,Neg,1,Library-1-Neg-1
WWOOWOWO,31185,1,Neg,1,Library-1-Neg-1
WWOOWOWW,31062,1,Neg,1,Library-1-Neg-1
WWOOWWOO,57382,1,Neg,1,Library-1-Neg-1
WWOOWWOW,120083,1,Neg,1,Library-1-Neg-1
WWOOWWWO,27482,1,Neg,1,Library-1-Neg-1
WWOOWWWW,33624,1,Neg,1,Library-1-Neg-1
WWOWOOOO,25541,1,Neg,1,Library-1-Neg-1
WWOWOOOW,84799,1,Neg,1,Library-1-Neg-1
WWOWOOWO,44734,1,Neg,1,Library-1-Neg-1
WWOWOOWW,22525,1,Neg,1,Library-1-Neg-1
WWOWOWOO,55442,1,Neg,1,Library-1-Neg-1
WWOWOWOW,98774,1,Neg,1,Library-1-Neg-1
WWOWOWWO,25045,1,Neg,1,Library-1-Neg-1
WWOWOWWW,25198,1,Neg,1,Library-1-Neg-1
WWOWWOOO,62074,1,Neg,1,Library-1-Neg-1
WWOWWOOW,62181,1,Neg,1,Library-1-Neg-1
WWOWWOWO,40419,1,Neg,1,Library-1-Neg-1
WWOWWOWW,45830,1,Neg,1,Library-1-Neg-1
WWOWWWOO,44443,1,Neg,1,Library-1-Neg-1
WWOWWWOW,85889,1,Neg,1,Library-1-Neg-1
WWOWWWWO,43205,1,Neg,1,Library-1-Neg-1
WWOWWWWW,61312,1,Neg,1,Library-1-Neg-1
WWWOOOOO,495700,1,Neg,1,Library-1-Neg-1
WWWOOOOW,28792,1,Neg,1,Library-1-Neg-1
WWWOOOWO,21304,1,Neg,1,Library-1-Neg-1
WWWOOOWW,28872,1,Neg,1,Library-1-Neg-1
WWWOOWOO,21873,1,Neg,1,Library-1-Neg-1
WWWOOWOW,65683,1,Neg,1,Library-1-Neg-1
WWWOOWWO,9080,1,Neg,1,Library-1-Neg-1
WWWOOWWW,32207,1,Neg,1,Library-1-Neg-1
WWWOWOOO,35904,1,Neg,1,Library-1-Neg-1
WWWOWOOW,131387,1,Neg,1,Library-1-Neg-1
WWWOWOWO,36120,1,Neg,1,Library-1-Neg-1
WWWOWOWW,34423,1,Neg,1,Library-1-Neg-1
WWWOWWOO,132046,1,Neg,1,Library-1-Neg-1
WWWOWWOW,143588,1,Neg,1,Library-1-Neg-1
WWWOWWWO,32691,1,Neg,1,Library-1-Neg-1
WWWOWWWW,100484,1,Neg,1,Library-1-Neg-1
WWWWOOOO,40374,1,Neg,1,Library-1-Neg-1
WWWWOOOW,122571,1,Neg,1,Library-1-Neg-1
WWWWOOWO,40278,1,Neg,1,Library-1-Neg-1
WWWWOOWW,48111,1,Neg,1,Library-1-Neg-1
WWWWOWOO,250120,1,Neg,1,Library-1-Neg-1
WWWWOWOW,147465,1,Neg,1,Library-1-Neg-1
WWWWOWWO,17738,1,Neg,1,Library-1-Neg-1
WWWWOWWW,38578,1,Neg,1,Library-1-Neg-1
WWWWWOOO,112301,1,Neg,1,Library-1-Neg-1
WWWWWOOW,204869,1,Neg,1,Library-1-Neg-1
WWWWWOWO,54620,1,Neg,1,Library-1-Neg-1
WWWWWOWW,65003,1,Neg,1,Library-1-Neg-1
WWWWWWOO,132607,1,Neg,1,Library-1-Neg-1
WWWWWWOW,200616,1,Neg,1,Library-1-Neg-1
WWWWWWWO,69665,1,Neg,1,Library-1-Neg-1
WWWWWWWW,1098977,1,Neg,1,Library-1-Neg-1
OOOOOOOO,50,1,Neg,2,Library-1-Neg-2
OOOOOOOW,6,1,Neg,2,Library-1-Neg-2
OOOOOOWO,59,1,Neg,2,Library-1-Neg-2
OOOOOOWW,82,1,Neg,2,Library-1-Neg-2
OOOOOWOO,9,1,Neg,2,Library-1-Neg-2
OOOOOWOW,30,1,Neg,2,Library-1-Neg-2
OOOOOWWO,85,1,Neg,2,Library-1-Neg-2
OOOOOWWW,80,1,Neg,2,Library-1-Neg-2
OOOOWOOO,34,1,Neg,2,Library-1-Neg-2
OOOOWOOW,41,1,Neg,2,Library-1-Neg-2
OOOOWOWO,176,1,Neg,2,Library-1-Neg-2
OOOOWOWW,20,1,Neg,2,Library-1-Neg-2
OOOOWWOO,72,1,Neg,2,Library-1-Neg-2
OOOOWWOW,106,1,Neg,2,Library-1-Neg-2
OOOOWWWO,99,1,Neg,2,Library-1-Neg-2
OOOOWWWW,41,1,Neg,2,Library-1-Neg-2
OOOWOOOO,12,1,Neg,2,Library-1-Neg-2
OOOWOOOW,5,1,Neg,2,Library-1-Neg-2
OOOWOOWO,112,1,Neg,2,Library-1-Neg-2
OOOWOOWW,41,1,Neg,2,Library-1-Neg-2
OOOWOWOO,43,1,Neg,2,Library-1-Neg-2
OOOWOWOW,84,1,Neg,2,Library-1-Neg-2
OOOWOWWO,83,1,Neg,2,Library-1-Neg-2
OOOWOWWW,9,1,Neg,2,Library-1-Neg-2
OOOWWOOO,28,1,Neg,2,Library-1-Neg-2
OOOWWOOW,11,1,Neg,2,Library-1-Neg-2
OOOWWOWO,66,1,Neg,2,Library-1-Neg-2
OOOWWOWW,49,1,Neg,2,Library-1-Neg-2
OOOWWWOO,83,1,Neg,2,Library-1-Neg-2
OOOWWWOW,14,1,Neg,2,Library-1-Neg-2
OOOWWWWO,38,1,Neg,2,Library-1-Neg-2
OOOWWWWW,19,1,Neg,2,Library-1-Neg-2
OOWOOOOO,143,1,Neg,2,Library-1-Neg-2
OOWOOOOW,14,1,Neg,2,Library-1-Neg-2
OOWOOOWO,42,1,Neg,2,Library-1-Neg-2
OOWOOOWW,71,1,Neg,2,Library-1-Neg-2
OOWOOWOW,53,1,Neg,2,Library-1-Neg-2
OOWOOWWO,110,1,Neg,2,Library-1-Neg-2
OOWOOWWW,22,1,Neg,2,Library-1-Neg-2
OOWOWOOO,8,1,Neg,2,Library-1-Neg-2
OOWOWOOW,19,1,Neg,2,Library-1-Neg-2
OOWOWOWO,50,1,Neg,2,Library-1-Neg-2
OOWOWOWW,106,1,Neg,2,Library-1-Neg-2
OOWOWWOO,73,1,Neg,2,Library-1-Neg-2
OOWOWWOW,29,1,Neg,2,Library-1-Neg-2
OOWOWWWO,25,1,Neg,2,Library-1-Neg-2
OOWOWWWW,43,1,Neg,2,Library-1-Neg-2
OOWWOOOO,94,1,Neg,2,Library-1-Neg-2
OOWWOOOW,53,1,Neg,2,Library-1-Neg-2
OOWWOOWO,107,1,Neg,2,Library-1-Neg-2
OOWWOOWW,33,1,Neg,2,Library-1-Neg-2
OOWWOWOO,115,1,Neg,2,Library-1-Neg-2
OOWWOWOW,25,1,Neg,2,Library-1-Neg-2
OOWWOWWO,68,1,Neg,2,Library-1-Neg-2
OOWWOWWW,57,1,Neg,2,Library-1-Neg-2
OOWWWOOO,34,1,Neg,2,Library-1-Neg-2
OOWWWOOW,53,1,Neg,2,Library-1-Neg-2
OOWWWOWO,112,1,Neg,2,Library-1-Neg-2
OOWWWOWW,49,1,Neg,2,Library-1-Neg-2
OOWWWWOO,60,1,Neg,2,Library-1-Neg-2
OOWWWWOW,55,1,Neg,2,Library-1-Neg-2
OOWWWWWO,111,1,Neg,2,Library-1-Neg-2
OOWWWWWW,48,1,Neg,2,Library-1-Neg-2
OWOOOOOO,25,1,Neg,2,Library-1-Neg-2
OWOOOOOW,26,1,Neg,2,Library-1-Neg-2
OWOOOOWO,162,1,Neg,2,Library-1-Neg-2
OWOOOOWW,81,1,Neg,2,Library-1-Neg-2
OWOOOWOO,5,1,Neg,2,Library-1-Neg-2
OWOOOWOW,27,1,Neg,2,Library-1-Neg-2
OWOOOWWO,14,1,Neg,2,Library-1-Neg-2
OWOOOWWW,17,1,Neg,2,Library-1-Neg-2
OWOOWOOO,24,1,Neg,2,Library-1-Neg-2
OWOOWOOW,17,1,Neg,2,Library-1-Neg-2
OWOOWOWO,87,1,Neg,2,Library-1-Neg-2
OWOOWOWW,14,1,Neg,2,Library-1-Neg-2
OWOOWWOO,20,1,Neg,2,Library-1-Neg-2
OWOOWWOW,25,1,Neg,2,Library-1-Neg-2
OWOOWWWO,92,1,Neg,2,Library-1-Neg-2
OWOWOOOO,30,1,Neg,2,Library-1-Neg-2
OWOWOOOW,17,1,Neg,2,Library-1-Neg-2
OWOWOOWO,102,1,Neg,2,Library-1-Neg-2
OWOWOOWW,50,1,Neg,2,Library-1-Neg-2
OWOWOWOO,104,1,Neg,2,Library-1-Neg-2
OWOWOWOW,36,1,Neg,2,Library-1-Neg-2
OWOWOWWO,4,1,Neg,2,Library-1-Neg-2
OWOWOWWW,69,1,Neg,2,Library-1-Neg-2
OWOWWOOO,70,1,Neg,2,Library-1-Neg-2
OWOWWOOW,5,1,Neg,2,Library-1-Neg-2
OWOWWOWO,45,1,Neg,2,Library-1-Neg-2
OWOWWOWW,54,1,Neg,2,Library-1-Neg-2
OWOWWWOO,43,1,Neg,2,Library-1-Neg-2
OWOWWWOW,56,1,Neg,2,Library-1-Neg-2
OWOWWWWO,64,1,Neg,2,Library-1-Neg-2
OWOWWWWW,26,1,Neg,2,Library-1-Neg-2
OWWOOOOO,107,1,Neg,2,Library-1-Neg-2
OWWOOOOW,5,1,Neg,2,Library-1-Neg-2
OWWOOOWO,91,1,Neg,2,Library-1-Neg-2
OWWOOOWW,36,1,Neg,2,Library-1-Neg-2
OWWOOWOO,3,1,Neg,2,Library-1-Neg-2
OWWOOWOW,7,1,Neg,2,Library-1-Neg-2
OWWOOWWO,53,1,Neg,2,Library-1-Neg-2
OWWOOWWW,5,1,Neg,2,Library-1-Neg-2
OWWOWOOO,9,1,Neg,2,Library-1-Neg-2
OWWOWOOW,32,1,Neg,2,Library-1-Neg-2
OWWOWOWO,57,1,Neg,2,Library-1-Neg-2
OWWOWOWW,11,1,Neg,2,Library-1-Neg-2
OWWOWWOO,45,1,Neg,2,Library-1-Neg-2
OWWOWWOW,18,1,Neg,2,Library-1-Neg-2
OWWOWWWO,52,1,Neg,2,Library-1-Neg-2
OWWOWWWW,75,1,Neg,2,Library-1-Neg-2
OWWWOOOW,13,1,Neg,2,Library-1-Neg-2
OWWWOOWO,122,1,Neg,2,Library-1-Neg-2
OWWWOOWW,16,1,Neg,2,Library-1-Neg-2
OWWWOWOO,59,1,Neg,2,Library-1-Neg-2
OWWWOWOW,51,1,Neg,2,Library-1-Neg-2
OWWWOWWO,36,1,Neg,2,Library-1-Neg-2
OWWWOWWW,26,1,Neg,2,Library-1-Neg-2
OWWWWOOO,12,1,Neg,2,Library-1-Neg-2
OWWWWOOW,83,1,Neg,2,Library-1-Neg-2
OWWWWOWO,66,1,Neg,2,Library-1-Neg-2
OWWWWOWW,40,1,Neg,2,Library-1-Neg-2
OWWWWWOO,61,1,Neg,2,Library-1-Neg-2
OWWWWWOW,76,1,Neg,2,Library-1-Neg-2
OWWWWWWO,134,1,Neg,2,Library-1-Neg-2
OWWWWWWW,12,1,Neg,2,Library-1-Neg-2
WOOOOOOO,81,1,Neg,2,Library-1-Neg-2
WOOOOOOW,6,1,Neg,2,Library-1-Neg-2
WOOOOOWO,171,1,Neg,2,Library-1-Neg-2
WOOOOOWW,48,1,Neg,2,Library-1-Neg-2
WOOOOWOO,25,1,Neg,2,Library-1-Neg-2
WOOOOWOW,20,1,Neg,2,Library-1-Neg-2
WOOOOWWO,53,1,Neg,2,Library-1-Neg-2
WOOOOWWW,79,1,Neg,2,Library-1-Neg-2
WOOOWOOO,13,1,Neg,2,Library-1-Neg-2
WOOOWOOW,11,1,Neg,2,Library-1-Neg-2
WOOOWOWO,176,1,Neg,2,Library-1-Neg-2
WOOOWOWW,23,1,Neg,2,Library-1-Neg-2
WOOOWWOO,143,1,Neg,2,Library-1-Neg-2
WOOOWWOW,65,1,Neg,2,Library-1-Neg-2
WOOOWWWO,95,1,Neg,2,Library-1-Neg-2
WOOOWWWW,55,1,Neg,2,Library-1-Neg-2
WOOWOOOO,7,1,Neg,2,Library-1-Neg-2
WOOWOOOW,8,1,Neg,2,Library-1-Neg-2
WOOWOOWO,147,1,Neg,2,Library-1-Neg-2
WOOWOOWW,38,1,Neg,2,Library-1-Neg-2
WOOWOWOO,70,1,Neg,2,Library-1-Neg-2
WOOWOWOW,52,1,Neg,2,Library-1-Neg-2
WOOWOWWO,84,1,Neg,2,Library-1-Neg-2
WOOWOWWW,23,1,Neg,2,Library-1-Neg-2
WOOWWOOO,100,1,Neg,2,Library-1-Neg-2
WOOWWOOW,68,1,Neg,2,Library-1-Neg-2
WOOWWOWO,70,1,Neg,2,Library-1-Neg-2
WOOWWOWW,52,1,Neg,2,Library-1-Neg-2
WOOWWWOO,28,1,Neg,2,Library-1-Neg-2
WOOWWWOW,2,1,Neg,2,Library-1-Neg-2
WOOWWWWO,56,1,Neg,2,Library-1-Neg-2
WOOWWWWW,63,1,Neg,2,Library-1-Neg-2
WOWOOOOO,298,1,Neg,2,Library-1-Neg-2
WOWOOOWO,77,1,Neg,2,Library-1-Neg-2
WOWOOOWW,74,1,Neg,2,Library-1-Neg-2
WOWOOWOW,30,1,Neg,2,Library-1-Neg-2
WOWOOWWO,3,1,Neg,2,Library-1-Neg-2
WOWOOWWW,56,1,Neg,2,Library-1-Neg-2
WOWOWOOO,8,1,Neg,2,Library-1-Neg-2
WOWOWOOW,208,1,Neg,2,Library-1-Neg-2
WOWOWOWO,141,1,Neg,2,Library-1-Neg-2
WOWOWOWW,72,1,Neg,2,Library-1-Neg-2
WOWOWWOO,59,1,Neg,2,Library-1-Neg-2
WOWOWWOW,101,1,Neg,2,Library-1-Neg-2
WOWOWWWO,176,1,Neg,2,Library-1-Neg-2
WOWOWWWW,36,1,Neg,2,Library-1-Neg-2
WOWWOOOO,39,1,Neg,2,Library-1-Neg-2
WOWWOOOW,22,1,Neg,2,Library-1-Neg-2
WOWWOOWO,95,1,Neg,2,Library-1-Neg-2
WOWWOOWW,35,1,Neg,2,Library-1-Neg-2
WOWWOWOO,108,1,Neg,2,Library-1-Neg-2
WOWWOWOW,9,1,Neg,2,Library-1-Neg-2
WOWWOWWO,81,1,Neg,2,Library-1-Neg-2
WOWWOWWW,77,1,Neg,2,Library-1-Neg-2
WOWWWOOO,76,1,Neg,2,Library-1-Neg-2
WOWWWOOW,6,1,Neg,2,Library-1-Neg-2
WOWWWOWO,64,1,Neg,2,Library-1-Neg-2
WOWWWOWW,56,1,Neg,2,Library-1-Neg-2
WOWWWWOO,45,1,Neg,2,Library-1-Neg-2
WOWWWWOW,105,1,Neg,2,Library-1-Neg-2
WOWWWWWO,21,1,Neg,2,Library-1-Neg-2
WOWWWWWW,38,1,Neg,2,Library-1-Neg-2
WWOOOOOO,111,1,Neg,2,Library-1-Neg-2
WWOOOOOW,2,1,Neg,2,Library-1-Neg-2
WWOOOOWO,202,1,Neg,2,Library-1-Neg-2
WWOOOOWW,33,1,Neg,2,Library-1-Neg-2
WWOOOWOO,13,1,Neg,2,Library-1-Neg-2
WWOOOWOW,19,1,Neg,2,Library-1-Neg-2
WWOOOWWO,96,1,Neg,2,Library-1-Neg-2
WWOOOWWW,21,1,Neg,2,Library-1-Neg-2
WWOOWOOO,3,1,Neg,2,Library-1-Neg-2
WWOOWOOW,30,1,Neg,2,Library-1-Neg-2
WWOOWOWO,23,1,Neg,2,Library-1-Neg-2
WWOOWOWW,2,1,Neg,2,Library-1-Neg-2
WWOOWWOO,34,1,Neg,2,Library-1-Neg-2
WWOOWWOW,25,1,Neg,2,Library-1-Neg-2
WWOOWWWO,61,1,Neg,2,Library-1-Neg-2
WWOOWWWW,7,1,Neg,2,Library-1-Neg-2
WWOWOOOO,4,1,Neg,2,Library-1-Neg-2
WWOWOOOW,22,1,Neg,2,Library-1-Neg-2
WWOWOOWO,14,1,Neg,2,Library-1-Neg-2
WWOWOOWW,28,1,Neg,2,Library-1-Neg-2
WWOWOWOO,56,1,Neg,2,Library-1-Neg-2
WWOWOWOW,28,1,Neg,2,Library-1-Neg-2
WWOWOWWO,7,1,Neg,2,Library-1-Neg-2
WWOWOWWW,18,1,Neg,2,Library-1-Neg-2
WWOWWOOO,64,1,Neg,2,Library-1-Neg-2
WWOWWOOW,55,1,Neg,2,Library-1-Neg-2
WWOWWOWO,36,1,Neg,2,Library-1-Neg-2
WWOWWOWW,18,1,Neg,2,Library-1-Neg-2
WWOWWWOO,54,1,Neg,2,Library-1-Neg-2
WWOWWWOW,118,1,Neg,2,Library-1-Neg-2
WWOWWWWO,32,1,Neg,2,Library-1-Neg-2
WWOWWWWW,79,1,Neg,2,Library-1-Neg-2
WWWOOOOO,249,1,Neg,2,Library-1-Neg-2
WWWOOOOW,1,1,Neg,2,Library-1-Neg-2
WWWOOOWO,39,1,Neg,2,Library-1-Neg-2
WWWOOOWW,22,1,Neg,2,Library-1-Neg-2
WWWOOWOW,72,1,Neg,2,Library-1-Neg-2
WWWOOWWO,42,1,Neg,2,Library-1-Neg-2
WWWOOWWW,101,1,Neg,2,Library-1-Neg-2
WWWOWOOO,2,1,Neg,2,Library-1-Neg-2
WWWOWOOW,64,1,Neg,2,Library-1-Neg-2
WWWOWOWO,44,1,Neg,2,Library-1-Neg-2
WWWOWOWW,93,1,Neg,2,Library-1-Neg-2
WWWOWWOO,61,1,Neg,2,Library-1-Neg-2
WWWOWWOW,85,1,Neg,2,Library-1-Neg-2
WWWOWWWO,41,1,Neg,2,Library-1-Neg-2
WWWOWWWW,116,1,Neg,2,Library-1-Neg-2
WWWWOOOO,7,1,Neg,2,Library-1-Neg-2
WWWWOOOW,22,1,Neg,2,Library-1-Neg-2
WWWWOOWO,64,1,Neg,2,Library-1-Neg-2
WWWWOOWW,91,1,Neg,2,Library-1-Neg-2
WWWWOWOO,20,1,Neg,2,Library-1-Neg-2
WWWWOWOW,27,1,Neg,2,Library-1-Neg-2
WWWWOWWO,66,1,Neg,2,Library-1-Neg-2
WWWWOWWW,10,1,Neg,2,Library-1-Neg-2
WWWWWOOO,35,1,Neg,2,Library-1-Neg-2
WWWWWOOW,30,1,Neg,2,Library-1-Neg-2
WWWWWOWO,99,1,Neg,2,Library-1-Neg-2
WWWWWOWW,41,1,Neg,2,Library-1-Neg-2
WWWWWWOO,64,1,Neg,2,Library-1-Neg-2
WWWWWWOW,25,1,Neg,2,Library-1-Neg-2
WWWWWWWO,43,1,Neg,2,Library-1-Neg-2
WWWWWWWW,316,1,Neg,2,Library-1-Neg-2
OOOOOOOO,73326,1,Neg,3,Library-1-Neg-3
OOOOOOOW,11849,1,Neg,3,Library-1-Neg-3
OOOOOOWO,108651,1,Neg,3,Library-1-Neg-3
OOOOOOWW,99365,1,Neg,3,Library-1-Neg-3
OOOOOWOO,9426,1,Neg,3,Library-1-Neg-3
OOOOOWOW,47525,1,Neg,3,Library-1-Neg-3
OOOOOWWO,107002,1,Neg,3,Library-1-Neg-3
OOOOOWWW,124059,1,Neg,3,Library-1-Neg-3
OOOOWOOO,39900,1,Neg,3,Library-1-Neg-3
OOOOWOOW,63429,1,Neg,3,Library-1-Neg-3
OOOOWOWO,272934,1,Neg,3,Library-1-Neg-3
OOOOWOWW,36841,1,Neg,3,Library-1-Neg-3
OOOOWWOO,115317,1,Neg,3,Library-1-Neg-3
OOOOWWOW,173744,1,Neg,3,Library-1-Neg-3
OOOOWWWO,113298,1,Neg,3,Library-1-Neg-3
OOOOWWWW,50933,1,Neg,3,Library-1-Neg-3
OOOWOOOO,27505,1,Neg,3,Library-1-Neg-3
OOOWOOOW,9886,1,Neg,3,Library-1-Neg-3
OOOWOOWO,178678,1,Neg,3,Library-1-Neg-3
OOOWOOWW,68253,1,Neg,3,Library-1-Neg-3
OOOWOWOO,93302,1,Neg,3,Library-1-Neg-3
OOOWOWOW,153812,1,Neg,3,Library-1-Neg-3
OOOWOWWO,142898,1,Neg,3,Library-1-Neg-3
OOOWOWWW,19229,1,Neg,3,Library-1-Neg-3
OOOWWOOO,43392,1,Neg,3,Library-1-Neg-3
OOOWWOOW,27813,1,Neg,3,Library-1-Neg-3
OOOWWOWO,83311,1,Neg,3,Library-1-Neg-3
OOOWWOWW,77955,1,Neg,3,Library-1-Neg-3
OOOWWWOO,140203,1,Neg,3,Library-1-Neg-3
OOOWWWOW,19499,1,Neg,3,Library-1-Neg-3
OOOWWWWO,43151,1,Neg,3,Library-1-Neg-3
OOOWWWWW,32056,1,Neg,3,Library-1-Neg-3
OOWOOOOO,217789,1,Neg,3,Library-1-Neg-3
OOWOOOOW,25500,1,Neg,3,Library-1-Neg-3
OOWOOOWO,96034,1,Neg,3,Library-1-Neg-3
OOWOOOWW,113155,1,Neg,3,Library-1-Neg-3
OOWOOWOO,1004,1,Neg,3,Library-1-Neg-3
OOWOOWOW,85765,1,Neg,3,Library-1-Neg-3
OOWOOWWO,179298,1,Neg,3,Library-1-Neg-3
OOWOOWWW,37242,1,Neg,3,Library-1-Neg-3
OOWOWOOO,10181,1,Neg,3,Library-1-Neg-3
OOWOWOOW,23296,1,Neg,3,Library-1-Neg-3
OOWOWOWO,82199,1,Neg,3,Library-1-Neg-3
OOWOWOWW,161739,1,Neg,3,Library-1-Neg-3
OOWOWWOO,127115,1,Neg,3,Library-1-Neg-3
OOWOWWOW,42234,1,Neg,3,Library-1-Neg-3
OOWOWWWO,47419,1,Neg,3,Library-1-Neg-3
OOWOWWWW,46335,1,Neg,3,Library-1-Neg-3
OOWWOOOO,149945,1,Neg,3,Library-1-Neg-3
OOWWOOOW,79665,1,Neg,3,Library-1-Neg-3
OOWWOOWO,189361,1,Neg,3,Library-1-Neg-3
OOWWOOWW,45394,1,Neg,3,Library-1-Neg-3
OOWWOWOO,194470,1,Neg,3,Library-1-Neg-3
OOWWOWOW,35484,1,Neg,3,Library-1-Neg-3
OOWWOWWO,114810,1,Neg,3,Library-1-Neg-3
OOWWOWWW,86288,1,Neg,3,Library-1-Neg-3
OOWWWOOO,58524,1,Neg,3,Library-1-Neg-3
OOWWWOOW,73480,1,Neg,3,Library-1-Neg-3
OOWWWOWO,166457,1,Neg,3,Library-1-Neg-3
OOWWWOWW,65853,1,Neg,3,Library-1-Neg-3
OOWWWWOO,82175,1,Neg,3,Library-1-Neg-3
OOWWWWOW,54271,1,Neg,3,Library-1-Neg-3
OOWWWWWO,174781,1,Neg,3,Library-1-Neg-3
OOWWWWWW,62702,1,Neg,3,Library-1-Neg-3
OWOOOOOO,42822,1,Neg,3,Library-1-Neg-3
OWOOOOOW,34896,1,Neg,3,Library-1-Neg-3
OWOOOOWO,274800,1,Neg,3,Library-1-Neg-3
OWOOOOWW,141043,1,Neg,3,Library-1-Neg-3
OWOOOWOO,12619,1,Neg,3,Library-1-Neg-3
OWOOOWOW,40202,1,Neg,3,Library-1-Neg-3
OWOOOWWO,35044,1,Neg,3,Library-1-Neg-3
OWOOOWWW,24487,1,Neg,3,Library-1-Neg-3
OWOOWOOO,32377,1,Neg,3,Library-1-Neg-3
OWOOWOOW,33716,1,Neg,3,Library-1-Neg-3
OWOOWOWO,149512,1,Neg,3,Library-1-Neg-3
OWOOWOWW,30741,1,Neg,3,Library-1-Neg-3
OWOOWWOO,37625,1,Neg,3,Library-1-Neg-3
OWOOWWOW,31953,1,Neg,3,Library-1-Neg-3
OWOOWWWO,151567,1,Neg,3,Library-1-Neg-3
OWOOWWWW,1701,1,Neg,3,Library-1-Neg-3
OWOWOOOO,38404,1,Neg,3,Library-1-Neg-3
OWOWOOOW,21589,1,Neg,3,Library-1-Neg-3
OWOWOOWO,147404,1,Neg,3,Library-1-Neg-3
OWOWOOWW,80911,1,Neg,3,Library-1-Neg-3
OWOWOWOO,179435,1,Neg,3,Library-1-Neg-3
OWOWOWOW,62666,1,Neg,3,Library-1-Neg-3
OWOWOWWO,12516,1,Neg,3,Library-1-Neg-3
OWOWOWWW,81107,1,Neg,3,Library-1-Neg-3
OWOWWOOO,109592,1,Neg,3,Library-1-Neg-3
OWOWWOOW,7003,1,Neg,3,Library-1-Neg-3
OWOWWOWO,71617,1,Neg,3,Library-1-Neg-3
OWOWWOWW,67578,1,Neg,3,Library-1-Neg-3
OWOWWWOO,55612,1,Neg,3,Library-1-Neg-3
OWOWWWOW,74419,1,Neg,3,Library-1-Neg-3
OWOWWWWO,115429,1,Neg,3,Library-1-Neg-3
OWOWWWWW,46090,1,Neg,3,Library-1-Neg-3
OWWOOOOO,155171,1,Neg,3,Library-1-Neg-3
OWWOOOOW,15472,1,Neg,3,Library-1-Neg-3
OWWOOOWO,157461,1,Neg,3,Library-1-Neg-3
OWWOOOWW,58970,1,Neg,3,Library-1-Neg-3
OWWOOWOO,5103,1,Neg,3,Library-1-Neg-3
OWWOOWOW,19775,1,Neg,3,Library-1-Neg-3
OWWOOWWO,93568,1,Neg,3,Library-1-Neg-3
OWWOOWWW,11233,1,Neg,3,Library-1-Neg-3
OWWOWOOO,10068,1,Neg,3,Library-1-Neg-3
OWWOWOOW,41510,1,Neg,3,Library-1-Neg-3
OWWOWOWO,95038,1,Neg,3,Library-1-Neg-3
OWWOWOWW,35053,1,Neg,3,Library-1-Neg-3
OWWOWWOO,54577,1,Neg,3,Library-1-Neg-3
OWWOWWOW,30311,1,Neg,3,Library-1-Neg-3
OWWOWWWO,60722,1,Neg,3,Library-1-Neg-3
OWWOWWWW,127266,1,Neg,3,Library-1-Neg-3
OWWWOOOO,1515,1,Neg,3,Library-1-Neg-3
OWWWOOOW,11969,1,Neg,3,Library-1-Neg-3
OWWWOOWO,171336,1,Neg,3,Library-1-Neg-3
OWWWOOWW,20577,1,Neg,3,Library-1-Neg-3
OWWWOWOO,78427,1,Neg,3,Library-1-Neg-3
OWWWOWOW,123448,1,Neg,3,Library-1-Neg-3
OWWWOWWO,76863,1,Neg,3,Library-1-Neg-3
OWWWOWWW,29381,1,Neg,3,Library-1-Neg-3
OWWWWOOO,13419,1,Neg,3,Library-1-Neg-3
OWWWWOOW,106863,1,Neg,3,Library-1-Neg-3
OWWWWOWO,99087,1,Neg,3,Library-1-Neg-3
OWWWWOWW,65218,1,Neg,3,Library-1-Neg-3
OWWWWWOO,98186,1,Neg,3,Library-1-Neg-3
OWWWWWOW,108539,1,Neg,3,Library-1-Neg-3
OWWWWWWO,202263,1,Neg,3,Library-1-Neg-3
OWWWWWWW,15114,1,Neg,3,Library-1-Neg-3
WOOOOOOO,105968,1,Neg,3,Library-1-Neg-3
WOOOOOOW,6529,1,Neg,3,Library-1-Neg-3
WOOOOOWO,245730,1,Neg,3,Library-1-Neg-3
WOOOOOWW,68644,1,Neg,3,Library-1-Neg-3
WOOOOWOO,25713,1,Neg,3,Library-1-Neg-3
WOOOOWOW,36703,1,Neg,3,Library-1-Neg-3
WOOOOWWO,73983,1,Neg,3,Library-1-Neg-3
WOOOOWWW,85957,1,Neg,3,Library-1-Neg-3
WOOOWOOO,18728,1,Neg,3,Library-1-Neg-3
WOOOWOOW,41018,1,Neg,3,Library-1-Neg-3
WOOOWOWO,295290,1,Neg,3,Library-1-Neg-3
WOOOWOWW,44370,1,Neg,3,Library-1-Neg-3
WOOOWWOO,257867,1,Neg,3,Library-1-Neg-3
WOOOWWOW,102576,1,Neg,3,Library-1-Neg-3
WOOOWWWO,154176,1,Neg,3,Library-1-Neg-3
WOOOWWWW,76465,1,Neg,3,Library-1-Neg-3
WOOWOOOO,17895,1,Neg,3,Library-1-Neg-3
WOOWOOOW,14161,1,Neg,3,Library-1-Neg-3
WOOWOOWO,210338,1,Neg,3,Library-1-Neg-3
WOOWOOWW,69757,1,Neg,3,Library-1-Neg-3
WOOWOWOO,139599,1,Neg,3,Library-1-Neg-3
WOOWOWOW,80636,1,Neg,3,Library-1-Neg-3
WOOWOWWO,130756,1,Neg,3,Library-1-Neg-3
WOOWOWWW,37696,1,Neg,3,Library-1-Neg-3
WOOWWOOO,153306,1,Neg,3,Library-1-Neg-3
WOOWWOOW,111291,1,Neg,3,Library-1-Neg-3
WOOWWOWO,139064,1,Neg,3,Library-1-Neg-3
WOOWWOWW,81664,1,Neg,3,Library-1-Neg-3
WOOWWWOO,55860,1,Neg,3,Library-1-Neg-3
WOOWWWOW,11648,1,Neg,3,Library-1-Neg-3
WOOWWWWO,114121,1,Neg,3,Library-1-Neg-3
WOOWWWWW,92095,1,Neg,3,Library-1-Neg-3
WOWOOOOO,511345,1,Neg,3,Library-1-Neg-3
WOWOOOOW,2318,1,Neg,3,Library-1-Neg-3
WOWOOOWO,152801,1,Neg,3,Library-1-Neg-3
WOWOOOWW,100122,1,Neg,3,Library-1-Neg-3
WOWOOWOO,594,1,Neg,3,Library-1-Neg-3
WOWOOWOW,36119,1,Neg,3,Library-1-Neg-3
WOWOOWWO,9327,1,Neg,3,Library-1-Neg-3
WOWOOWWW,84605,1,Neg,3,Library-1-Neg-3
WOWOWOOO,21203,1,Neg,3,Library-1-Neg-3
WOWOWOOW,286999,1,Neg,3,Library-1-Neg-3
WOWOWOWO,234343,1,Neg,3,Library-1-Neg-3
WOWOWOWW,80456,1,Neg,3,Library-1-Neg-3
WOWOWWOO,89650,1,Neg,3,Library-1-Neg-3
WOWOWWOW,139242,1,Neg,3,Library-1-Neg-3
WOWOWWWO,240493,1,Neg,3,Library-1-Neg-3
WOWOWWWW,66070,1,Neg,3,Library-1-Neg-3
WOWWOOOO,74450,1,Neg,3,Library-1-Neg-3
WOWWOOOW,33510,1,Neg,3,Library-1-Neg-3
WOWWOOWO,160230,1,Neg,3,Library-1-Neg-3
WOWWOOWW,53376,1,Neg,3,Library-1-Neg-3
WOWWOWOO,186519,1,Neg,3,Library-1-Neg-3
WOWWOWOW,12211,1,Neg,3,Library-1-Neg-3
WOWWOWWO,143974,1,Neg,3,Library-1-Neg-3
WOWWOWWW,117164,1,Neg,3,Library-1-Neg-3
WOWWWOOO,101142,1,Neg,3,Library-1-Neg-3
WOWWWOOW,5142,1,Neg,3,Library-1-Neg-3
WOWWWOWO,105174,1,Neg,3,Library-1-Neg-3
WOWWWOWW,116463,1,Neg,3,Library-1-Neg-3
WOWWWWOO,90763,1,Neg,3,Library-1-Neg-3
WOWWWWOW,170605,1,Neg,3,Library-1-Neg-3
WOWWWWWO,43432,1,Neg,3,Library-1-Neg-3
WOWWWWWW,50833,1,Neg,3,Library-1-Neg-3
WWOOOOOO,138965,1,Neg,3,Library-1-Neg-3
WWOOOOOW,7330,1,Neg,3,Library-1-Neg-3
WWOOOOWO,301982,1,Neg,3,Library-1-Neg-3
WWOOOOWW,46715,1,Neg,3,Library-1-Neg-3
WWOOOWOO,16609,1,Neg,3,Library-1-Neg-3
WWOOOWOW,30894,1,Neg,3,Library-1-Neg-3
WWOOOWWO,179523,1,Neg,3,Library-1-Neg-3
WWOOOWWW,33547,1,Neg,3,Library-1-Neg-3
WWOOWOOO,4263,1,Neg,3,Library-1-Neg-3
WWOOWOOW,50428,1,Neg,3,Library-1-Neg-3
WWOOWOWO,41017,1,Neg,3,Library-1-Neg-3
WWOOWOWW,3887,1,Neg,3,Library-1-Neg-3
WWOOWWOO,59786,1,Neg,3,Library-1-Neg-3
WWOOWWOW,35342,1,Neg,3,Library-1-Neg-3
WWOOWWWO,86382,1,Neg,3,Library-1-Neg-3
WWOOWWWW,11958,1,Neg,3,Library-1-Neg-3
WWOWOOOO,16434,1,Neg,3,Library-1-Neg-3
WWOWOOOW,34271,1,Neg,3,Library-1-Neg-3
WWOWOOWO,24023,1,Neg,3,Library-1-Neg-3
WWOWOOWW,31915,1,Neg,3,Library-1-Neg-3
WWOWOWOO,89203,1,Neg,3,Library-1-Neg-3
WWOWOWOW,45842,1,Neg,3,Library-1-Neg-3
WWOWOWWO,11733,1,Neg,3,Library-1-Neg-3
WWOWOWWW,14893,1,Neg,3,Library-1-Neg-3
WWOWWOOO,77526,1,Neg,3,Library-1-Neg-3
WWOWWOOW,84697,1,Neg,3,Library-1-Neg-3
WWOWWOWO,46296,1,Neg,3,Library-1-Neg-3
WWOWWOWW,27625,1,Neg,3,Library-1-Neg-3
WWOWWWOO,71111,1,Neg,3,Library-1-Neg-3
WWOWWWOW,188592,1,Neg,3,Library-1-Neg-3
WWOWWWWO,48510,1,Neg,3,Library-1-Neg-3
WWOWWWWW,107614,1,Neg,3,Library-1-Neg-3
WWWOOOOO,412186,1,Neg,3,Library-1-Neg-3
WWWOOOOW,1835,1,Neg,3,Library-1-Neg-3
WWWOOOWO,68504,1,Neg,3,Library-1-Neg-3
WWWOOOWW,38523,1,Neg,3,Library-1-Neg-3
WWWOOWOO,885,1,Neg,3,Library-1-Neg-3
WWWOOWOW,91585,1,Neg,3,Library-1-Neg-3
WWWOOWWO,60666,1,Neg,3,Library-1-Neg-3
WWWOOWWW,159221,1,Neg,3,Library-1-Neg-3
WWWOWOOO,2996,1,Neg,3,Library-1-Neg-3
WWWOWOOW,102802,1,Neg,3,Library-1-Neg-3
WWWOWOWO,73406,1,Neg,3,Library-1-Neg-3
WWWOWOWW,147243,1,Neg,3,Library-1-Neg-3
WWWOWWOO,100490,1,Neg,3,Library-1-Neg-3
WWWOWWOW,129508,1,Neg,3,Library-1-Neg-3
WWWOWWWO,71278,1,Neg,3,Library-1-Neg-3
WWWOWWWW,172561,1,Neg,3,Library-1-Neg-3
WWWWOOOO,13195,1,Neg,3,Library-1-Neg-3
WWWWOOOW,37634,1,Neg,3,Library-1-Neg-3
WWWWOOWO,93749,1,Neg,3,Library-1-Neg-3
WWWWOOWW,144124,1,Neg,3,Library-1-Neg-3
WWWWOWOO,27875,1,Neg,3,Library-1-Neg-3
WWWWOWOW,40348,1,Neg,3,Library-1-Neg-3
WWWWOWWO,110299,1,Neg,3,Library-1-Neg-3
WWWWOWWW,15084,1,Neg,3,Library-1-Neg-3
WWWWWOOO,65109,1,Neg,3,Library-1-Neg-3
WWWWWOOW,47537,1,Neg,3,Library-1-Neg-3
WWWWWOWO,156672,1,Neg,3,Library-1-Neg-3
WWWWWOWW,58869,1,Neg,3,Library-1-Neg-3
WWWWWWOO,103436,1,Neg,3,Library-1-Neg-3
WWWWWWOW,42381,1,Neg,3,Library-1-Neg-3
WWWWWWWO,70573,1,Neg,3,Library-1-Neg-3
WWWWWWWW,477852,1,Neg,3,Library-1-Neg-3
OOOOOOOO,45824,1,Pos,1,Library-1-Pos-1
OOOOOOOW,7372,1,Pos,1,Library-1-Pos-1
OOOOOOWO,7356,1,Pos,1,Library-1-Pos-1
OOOOOOWW,896,1,Pos,1,Library-1-Pos-1
OOOOOWOO,1809,1,Pos,1,Library-1-Pos-1
OOOOOWOW,22247,1,Pos,1,Library-1-Pos-1
OOOOOWWO,3028,1,Pos,1,Library-1-Pos-1
OOOOOWWW,4863,1,Pos,1,Library-1-Pos-1
OOOOWOOO,7633,1,Pos,1,Library-1-Pos-1
OOOOWOOW,24757,1,Pos,1,Library-1-Pos-1
OOOOWOWO,37643,1,Pos,1,Library-1-Pos-1
OOOOWOWW,5423,1,Pos,1,Library-1-Pos-1
OOOOWWOO,34106,1,Pos,1,Library-1-Pos-1
OOOOWWOW,22836,1,Pos,1,Library-1-Pos-1
OOOOWWWO,12518,1,Pos,1,Library-1-Pos-1
OOOOWWWW,14934,1,Pos,1,Library-1-Pos-1
OOOWOOOO,237,1,Pos,1,Library-1-Pos-1
OOOWOOOW,12973,1,Pos,1,Library-1-Pos-1
OOOWOOWO,7509,1,Pos,1,Library-1-Pos-1
OOOWOOWW,6837,1,Pos,1,Library-1-Pos-1
OOOWOWOO,31030,1,Pos,1,Library-1-Pos-1
OOOWOWOW,49243,1,Pos,1,Library-1-Pos-1
OOOWOWWO,2471,1,Pos,1,Library-1-Pos-1
OOOWOWWW,1771,1,Pos,1,Library-1-Pos-1
OOOWWOOO,20675,1,Pos,1,Library-1-Pos-1
OOOWWOOW,32967,1,Pos,1,Library-1-Pos-1
OOOWWOWO,12489,1,Pos,1,Library-1-Pos-1
OOOWWOWW,5035,1,Pos,1,Library-1-Pos-1
OOOWWWOO,22564,1,Pos,1,Library-1-Pos-1
OOOWWWOW,13905,1,Pos,1,Library-1-Pos-1
OOOWWWWO,9945,1,Pos,1,Library-1-Pos-1
OOOWWWWW,3905,1,Pos,1,Library-1-Pos-1
OOWOOOOO,164288,1,Pos,1,Library-1-Pos-1
OOWOOOOW,12442,1,Pos,1,Library-1-Pos-1
OOWOOOWO,40126,1,Pos,1,Library-1-Pos-1
OOWOOOWW,6681,1,Pos,1,Library-1-Pos-1
OOWOOWOO,2562,1,Pos,1,Library-1-Pos-1
OOWOOWOW,36325,1,Pos,1,Library-1-Pos-1
OOWOOWWO,8938,1,Pos,1,Library-1-Pos-1
OOWOOWWW,2641,1,Pos,1,Library-1-Pos-1
OOWOWOOO,3159,1,Pos,1,Library-1-Pos-1
OOWOWOOW,56387,1,Pos,1,Library-1-Pos-1
OOWOWOWO,31034,1,Pos,1,Library-1-Pos-1
OOWOWOWW,5285,1,Pos,1,Library-1-Pos-1
OOWOWWOO,60586,1,Pos,1,Library-1-Pos-1
OOWOWWOW,38072,1,Pos,1,Library-1-Pos-1
OOWOWWWO,6721,1,Pos,1,Library-1-Pos-1
OOWOWWWW,19624,1,Pos,1,Library-1-Pos-1
OOWWOOOO,72518,1,Pos,1,Library-1-Pos-1
OOWWOOOW,11719,1,Pos,1,Library-1-Pos-1
OOWWOOWO,52935,1,Pos,1,Library-1-Pos-1
OOWWOOWW,10997,1,Pos,1,Library-1-Pos-1
OOWWOWOO,63618,1,Pos,1,Library-1-Pos-1
OOWWOWOW,43160,1,Pos,1,Library-1-Pos-1
OOWWOWWO,11999,1,Pos,1,Library-1-Pos-1
OOWWOWWW,26215,1,Pos,1,Library-1-Pos-1
OOWWWOOO,65062,1,Pos,1,Library-1-Pos-1
OOWWWOOW,40297,1,Pos,1,Library-1-Pos-1
OOWWWOWO,13593,1,Pos,1,Library-1-Pos-1
OOWWWOWW,13264,1,Pos,1,Library-1-Pos-1
OOWWWWOO,78909,1,Pos,1,Library-1-Pos-1
OOWWWWOW,75236,1,Pos,1,Library-1-Pos-1
OOWWWWWO,13567,1,Pos,1,Library-1-Pos-1
OOWWWWWW,49891,1,Pos,1,Library-1-Pos-1
OWOOOOOO,12694,1,Pos,1,Library-1-Pos-1
OWOOOOOW,5690,1,Pos,1,Library-1-Pos-1
OWOOOOWO,9450,1,Pos,1,Library-1-Pos-1
OWOOOOWW,599,1,Pos,1,Library-1-Pos-1
OWOOOWOO,2184,1,Pos,1,Library-1-Pos-1
OWOOOWOW,20666,1,Pos,1,Library-1-Pos-1
OWOOOWWO,4352,1,Pos,1,Library-1-Pos-1
OWOOOWWW,2011,1,Pos,1,Library-1-Pos-1
OWOOWOOO,16445,1,Pos,1,Library-1-Pos-1
OWOOWOOW,12693,1,Pos,1,Library-1-Pos-1
OWOOWOWO,4237,1,Pos,1,Library-1-Pos-1
OWOOWOWW,8145,1,Pos,1,Library-1-Pos-1
OWOOWWOO,28230,1,Pos,1,Library-1-Pos-1
OWOOWWOW,11279,1,Pos,1,Library-1-Pos-1
OWOOWWWO,23422,1,Pos,1,Library-1-Pos-1
OWOOWWWW,7356,1,Pos,1,Library-1-Pos-1
OWOWOOOO,16262,1,Pos,1,Library-1-Pos-1
OWOWOOOW,14761,1,Pos,1,Library-1-Pos-1
OWOWOOWO,6036,1,Pos,1,Library-1-Pos-1
OWOWOOWW,4115,1,Pos,1,Library-1-Pos-1
OWOWOWOO,10371,1,Pos,1,Library-1-Pos-1
OWOWOWOW,15757,1,Pos,1,Library-1-Pos-1
OWOWOWWO,952,1,Pos,1,Library-1-Pos-1
OWOWOWWW,2057,1,Pos,1,Library-1-Pos-1
OWOWWOOO,32425,1,Pos,1,Library-1-Pos-1
OWOWWOOW,4429,1,Pos,1,Library-1-Pos-1
OWOWWOWO,2065,1,Pos,1,Library-1-Pos-1
OWOWWOWW,1281,1,Pos,1,Library-1-Pos-1
OWOWWWOO,5660,1,Pos,1,Library-1-Pos-1
OWOWWWOW,7510,1,Pos,1,Library-1-Pos-1
OWOWWWWO,2272,1,Pos,1,Library-1-Pos-1
OWOWWWWW,12858,1,Pos,1,Library-1-Pos-1
OWWOOOOO,91832,1,Pos,1,Library-1-Pos-1
OWWOOOOW,4672,1,Pos,1,Library-1-Pos-1
OWWOOOWO,8437,1,Pos,1,Library-1-Pos-1
OWWOOOWW,520,1,Pos,1,Library-1-Pos-1
OWWOOWOO,1297,1,Pos,1,Library-1-Pos-1
OWWOOWOW,16736,1,Pos,1,Library-1-Pos-1
OWWOOWWO,344,1,Pos,1,Library-1-Pos-1
OWWOOWWW,331,1,Pos,1,Library-1-Pos-1
OWWOWOOO,12146,1,Pos,1,Library-1-Pos-1
OWWOWOOW,18399,1,Pos,1,Library-1-Pos-1
OWWOWOWO,20625,1,Pos,1,Library-1-Pos-1
OWWOWOWW,3696,1,Pos,1,Library-1-Pos-1
OWWOWWOO,62266,1,Pos,1,Library-1-Pos-1
OWWOWWOW,18211,1,Pos,1,Library-1-Pos-1
OWWOWWWO,7406,1,Pos,1,Library-1-Pos-1
OWWOWWWW,29794,1,Pos,1,Library-1-Pos-1
OWWWOOOO,9174,1,Pos,1,Library-1-Pos-1
OWWWOOOW,37977,1,Pos,1,Library-1-Pos-1
OWWWOOWO,33989,1,Pos,1,Library-1-Pos-1
OWWWOOWW,8866,1,Pos,1,Library-1-Pos-1
OWWWOWOO,35100,1,Pos,1,Library-1-Pos-1
OWWWOWOW,24294,1,Pos,1,Library-1-Pos-1
OWWWOWWO,4904,1,Pos,1,Library-1-Pos-1
OWWWOWWW,2731,1,Pos,1,Library-1-Pos-1
OWWWWOOO,23361,1,Pos,1,Library-1-Pos-1
OWWWWOOW,44383,1,Pos,1,Library-1-Pos-1
OWWWWOWO,18470,1,Pos,1,Library-1-Pos-1
OWWWWOWW,30744,1,Pos,1,Library-1-Pos-1
OWWWWWOO,17369,1,Pos,1,Library-1-Pos-1
OWWWWWOW,49177,1,Pos,1,Library-1-Pos-1
OWWWWWWO,19454,1,Pos,1,Library-1-Pos-1
OWWWWWWW,10496,1,Pos,1,Library-1-Pos-1
WOOOOOOO,58580,1,Pos,1,Library-1-Pos-1
WOOOOOOW,11674,1,Pos,1,Library-1-Pos-1
WOOOOOWO,21341,1,Pos,1,Library-1-Pos-1
WOOOOOWW,629,1,Pos,1,Library-1-Pos-1
WOOOOWOO,4914,1,Pos,1,Library-1-Pos-1
WOOOOWOW,34288,1,Pos,1,Library-1-Pos-1
WOOOOWWO,148,1,Pos,1,Library-1-Pos-1
WOOOOWWW,625,1,Pos,1,Library-1-Pos-1
WOOOWOOO,37442,1,Pos,1,Library-1-Pos-1
WOOOWOOW,33103,1,Pos,1,Library-1-Pos-1
WOOOWOWO,19068,1,Pos,1,Library-1-Pos-1
WOOOWOWW,2658,1,Pos,1,Library-1-Pos-1
WOOOWWOO,59438,1,Pos,1,Library-1-Pos-1
WOOOWWOW,20361,1,Pos,1,Library-1-Pos-1
WOOOWWWO,5247,1,Pos,1,Library-1-Pos-1
WOOOWWWW,10166,1,Pos,1,Library-1-Pos-1
WOOWOOOO,34232,1,Pos,1,Library-1-Pos-1
WOOWOOOW,15121,1,Pos,1,Library-1-Pos-1
WOOWOOWO,22901,1,Pos,1,Library-1-Pos-1
WOOWOOWW,1075,1,Pos,1,Library-1-Pos-1
WOOWOWOO,18243,1,Pos,1,Library-1-Pos-1
WOOWOWOW,61241,1,Pos,1,Library-1-Pos-1
WOOWOWWO,1185,1,Pos,1,Library-1-Pos-1
WOOWOWWW,15156,1,Pos,1,Library-1-Pos-1
WOOWWOOO,53092,1,Pos,1,Library-1-Pos-1
WOOWWOOW,15767,1,Pos,1,Library-1-Pos-1
WOOWWOWO,6137,1,Pos,1,Library-1-Pos-1
WOOWWOWW,9954,1,Pos,1,Library-1-Pos-1
WOOWWWOO,15470,1,Pos,1,Library-1-Pos-1
WOOWWWOW,5744,1,Pos,1,Library-1-Pos-1
WOOWWWWO,4537,1,Pos,1,Library-1-Pos-1
WOOWWWWW,17530,1,Pos,1,Library-1-Pos-1
WOWOOOOO,72018,1,Pos,1,Library-1-Pos-1
WOWOOOOW,4959,1,Pos,1,Library-1-Pos-1
WOWOOOWO,4827,1,Pos,1,Library-1-Pos-1
WOWOOOWW,1391,1,Pos,1,Library-1-Pos-1
WOWOOWOO,316,1,Pos,1,Library-1-Pos-1
WOWOOWOW,24913,1,Pos,1,Library-1-Pos-1
WOWOOWWO,142,1,Pos,1,Library-1-Pos-1
WOWOOWWW,540,1,Pos,1,Library-1-Pos-1
WOWOWOOO,15501,1,Pos,1,Library-1-Pos-1
WOWOWOOW,52954,1,Pos,1,Library-1-Pos-1
WOWOWOWO,14129,1,Pos,1,Library-1-Pos-1
WOWOWOWW,6611,1,Pos,1,Library-1-Pos-1
WOWOWWOO,24692,1,Pos,1,Library-1-Pos-1
WOWOWWOW,34282,1,Pos,1,Library-1-Pos-1
WOWOWWWO,1299,1,Pos,1,Library-1-Pos-1
WOWOWWWW,18906,1,Pos,1,Library-1-Pos-1
WOWWOOOO,76496,1,Pos,1,Library-1-Pos-1
WOWWOOOW,67000,1,Pos,1,Library-1-Pos-1
WOWWOOWO,27944,1,Pos,1,Library-1-Pos-1
WOWWOOWW,4753,1,Pos,1,Library-1-Pos-1
WOWWOWOO,78808,1,Pos,1,Library-1-Pos-1
WOWWOWOW,47379,1,Pos,1,Library-1-Pos-1
WOWWOWWO,3267,1,Pos,1,Library-1-Pos-1
WOWWOWWW,11487,1,Pos,1,Library-1-Pos-1
WOWWWOOO,56586,1,Pos,1,Library-1-Pos-1
WOWWWOOW,22703,1,Pos,1,Library-1-Pos-1
WOWWWOWO,24396,1,Pos,1,Library-1-Pos-1
WOWWWOWW,15374,1,Pos,1,Library-1-Pos-1
WOWWWWOO,44031,1,Pos,1,Library-1-Pos-1
WOWWWWOW,90834,1,Pos,1,Library-1-Pos-1
WOWWWWWO,9225,1,Pos,1,Library-1-Pos-1
WOWWWWWW,40652,1,Pos,1,Library-1-Pos-1
WWOOOOOO,25095,1,Pos,1,Library-1-Pos-1
WWOOOOOW,5092,1,Pos,1,Library-1-Pos-1
WWOOOOWO,15723,1,Pos,1,Library-1-Pos-1
WWOOOOWW,6176,1,Pos,1,Library-1-Pos-1
WWOOOWOO,7243,1,Pos,1,Library-1-Pos-1
WWOOOWOW,12572,1,Pos,1,Library-1-Pos-1
WWOOOWWO,171,1,Pos,1,Library-1-Pos-1
WWOOOWWW,429,1,Pos,1,Library-1-Pos-1
WWOOWOOO,2545,1,Pos,1,Library-1-Pos-1
WWOOWOOW,10288,1,Pos,1,Library-1-Pos-1
WWOOWOWO,5990,1,Pos,1,Library-1-Pos-1
WWOOWOWW,2176,1,Pos,1,Library-1-Pos-1
WWOOWWOO,21585,1,Pos,1,Library-1-Pos-1
WWOOWWOW,20224,1,Pos,1,Library-1-Pos-1
WWOOWWWO,1891,1,Pos,1,Library-1-Pos-1
WWOOWWWW,10885,1,Pos,1,Library-1-Pos-1
WWOWOOOO,6849,1,Pos,1,Library-1-Pos-1
WWOWOOOW,30603,1,Pos,1,Library-1-Pos-1
WWOWOOWO,5339,1,Pos,1,Library-1-Pos-1
WWOWOOWW,3994,1,Pos,1,Library-1-Pos-1
WWOWOWOO,9808,1,Pos,1,Library-1-Pos-1
WWOWOWOW,21309,1,Pos,1,Library-1-Pos-1
WWOWOWWO,763,1,Pos,1,Library-1-Pos-1
WWOWOWWW,5381,1,Pos,1,Library-1-Pos-1
WWOWWOOO,32604,1,Pos,1,Library-1-Pos-1
WWOWWOOW,5282,1,Pos,1,Library-1-Pos-1
WWOWWOWO,6293,1,Pos,1,Library-1-Pos-1
WWOWWOWW,2564,1,Pos,1,Library-1-Pos-1
WWOWWWOO,10350,1,Pos,1,Library-1-Pos-1
WWOWWWOW,22369,1,Pos,1,Library-1-Pos-1
WWOWWWWO,9093,1,Pos,1,Library-1-Pos-1
WWOWWWWW,11077,1,Pos,1,Library-1-Pos-1
WWWOOOOO,100437,1,Pos,1,Library-1-Pos-1
WWWOOOOW,6567,1,Pos,1,Library-1-Pos-1
WWWOOOWO,1447,1,Pos,1,Library-1-Pos-1
WWWOOOWW,1110,1,Pos,1,Library-1-Pos-1
WWWOOWOO,1159,1,Pos,1,Library-1-Pos-1
WWWOOWOW,35600,1,Pos,1,Library-1-Pos-1
WWWOOWWO,168,1,Pos,1,Library-1-Pos-1
WWWOOWWW,888,1,Pos,1,Library-1-Pos-1
WWWOWOOO,24588,1,Pos,1,Library-1-Pos-1
WWWOWOOW,50870,1,Pos,1,Library-1-Pos-1
WWWOWOWO,7575,1,Pos,1,Library-1-Pos-1
WWWOWOWW,4627,1,Pos,1,Library-1-Pos-1
WWWOWWOO,69780,1,Pos,1,Library-1-Pos-1
WWWOWWOW,22355,1,Pos,1,Library-1-Pos-1
WWWOWWWO,9457,1,Pos,1,Library-1-Pos-1
WWWOWWWW,20940,1,Pos,1,Library-1-Pos-1
WWWWOOOO,1407,1,Pos,1,Library-1-Pos-1
WWWWOOOW,20649,1,Pos,1,Library-1-Pos-1
WWWWOOWO,14381,1,Pos,1,Library-1-Pos-1
WWWWOOWW,15413,1,Pos,1,Library-1-Pos-1
WWWWOWOO,24318,1,Pos,1,Library-1-Pos-1
WWWWOWOW,42472,1,Pos,1,Library-1-Pos-1
WWWWOWWO,361,1,Pos,1,Library-1-Pos-1
WWWWOWWW,2981,1,Pos,1,Library-1-Pos-1
WWWWWOOO,42057,1,Pos,1,Library-1-Pos-1
WWWWWOOW,28787,1,Pos,1,Library-1-Pos-1
WWWWWOWO,17164,1,Pos,1,Library-1-Pos-1
WWWWWOWW,7200,1,Pos,1,Library-1-Pos-1
WWWWWWOO,52143,1,Pos,1,Library-1-Pos-1
WWWWWWOW,48403,1,Pos,1,Library-1-Pos-1
WWWWWWWO,8735,1,Pos,1,Library-1-Pos-1
WWWWWWWW,225728,1,Pos,1,Library-1-Pos-1
OOOOOOOO,3018,1,Pos,2,Library-1-Pos-2
OOOOOOOW,450,1,Pos,2,Library-1-Pos-2
OOOOOOWO,471,1,Pos,2,Library-1-Pos-2
OOOOOOWW,67,1,Pos,2,Library-1-Pos-2
OOOOOWOO,126,1,Pos,2,Library-1-Pos-2
OOOOOWOW,1383,1,Pos,2,Library-1-Pos-2
OOOOOWWO,202,1,Pos,2,Library-1-Pos-2
OOOOOWWW,298,1,Pos,2,Library-1-Pos-2
OOOOWOOO,502,1,Pos,2,Library-1-Pos-2
OOOOWOOW,1742,1,Pos,2,Library-1-Pos-2
OOOOWOWO,2661,1,Pos,2,Library-1-Pos-2
OOOOWOWW,364,1,Pos,2,Library-1-Pos-2
OOOOWWOO,2003,1,Pos,2,Library-1-Pos-2
OOOOWWOW,1335,1,Pos,2,Library-1-Pos-2
OOOOWWWO,699,1,Pos,2,Library-1-Pos-2
OOOOWWWW,889,1,Pos,2,Library-1-Pos-2
OOOWOOOO,30,1,Pos,2,Library-1-Pos-2
OOOWOOOW,788,1,Pos,2,Library-1-Pos-2
OOOWOOWO,485,1,Pos,2,Library-1-Pos-2
OOOWOOWW,483,1,Pos,2,Library-1-Pos-2
OOOWOWOO,1920,1,Pos,2,Library-1-Pos-2
OOOWOWOW,2962,1,Pos,2,Library-1-Pos-2
OOOWOWWO,151,1,Pos,2,Library-1-Pos-2
OOOWOWWW,119,1,Pos,2,Library-1-Pos-2
OOOWWOOO,1397,1,Pos,2,Library-1-Pos-2
OOOWWOOW,2127,1,Pos,2,Library-1-Pos-2
OOOWWOWO,863,1,Pos,2,Library-1-Pos-2
OOOWWOWW,303,1,Pos,2,Library-1-Pos-2
OOOWWWOO,1323,1,Pos,2,Library-1-Pos-2
OOOWWWOW,844,1,Pos,2,Library-1-Pos-2
OOOWWWWO,580,1,Pos,2,Library-1-Pos-2
OOOWWWWW,296,1,Pos,2,Library-1-Pos-2
OOWOOOOO,10332,1,Pos,2,Library-1-Pos-2
OOWOOOOW,791,1,Pos,2,Library-1-Pos-2
OOWOOOWO,2454,1,Pos,2,Library-1-Pos-2
OOWOOOWW,462,1,Pos,2,Library-1-Pos-2
OOWOOWOO,184,1,Pos,2,Library-1-Pos-2
OOWOOWOW,2114,1,Pos,2,Library-1-Pos-2
OOWOOWWO,527,1,Pos,2,Library-1-Pos-2
OOWOOWWW,161,1,Pos,2,Library-1-Pos-2
OOWOWOOO,226,1,Pos,2,Library-1-Pos-2
OOWOWOOW,3582,1,Pos,2,Library-1-Pos-2
OOWOWOWO,1968,1,Pos,2,Library-1-Pos-2
OOWOWOWW,345,1,Pos,2,Library-1-Pos-2
OOWOWWOO,3549,1,Pos,2,Library-1-Pos-2
OOWOWWOW,2154,1,Pos,2,Library-1-Pos-2
OOWOWWWO,440,1,Pos,2,Library-1-Pos-2
OOWOWWWW,1196,1,Pos,2,Library-1-Pos-2
OOWWOOOO,4459,1,Pos,2,Library-1-Pos-2
OOWWOOOW,727,1,Pos,2,Library-1-Pos-2
OOWWOOWO,3364,1,Pos,2,Library-1-Pos-2
OOWWOOWW,725,1,Pos,2,Library-1-Pos-2
OOWWOWOO,3712,1,Pos,2,Library-1-Pos-2
OOWWOWOW,2428,1,Pos,2,Library-1-Pos-2
OOWWOWWO,702,1,Pos,2,Library-1-Pos-2
OOWWOWWW,1498,1,Pos,2,Library-1-Pos-2
OOWWWOOO,4080,1,Pos,2,Library-1-Pos-2
OOWWWOOW,2506,1,Pos,2,Library-1-Pos-2
OOWWWOWO,850,1,Pos,2,Library-1-Pos-2
OOWWWOWW,848,1,Pos,2,Library-1-Pos-2
OOWWWWOO,4443,1,Pos,2,Library-1-Pos-2
OOWWWWOW,4362,1,Pos,2,Library-1-Pos-2
OOWWWWWO,737,1,Pos,2,Library-1-Pos-2
OOWWWWWW,2878,1,Pos,2,Library-1-Pos-2
OWOOOOOO,875,1,Pos,2,Library-1-Pos-2
OWOOOOOW,402,1,Pos,2,Library-1-Pos-2
OWOOOOWO,601,1,Pos,2,Library-1-Pos-2
OWOOOOWW,49,1,Pos,2,Library-1-Pos-2
OWOOOWOO,135,1,Pos,2,Library-1-Pos-2
OWOOOWOW,1219,1,Pos,2,Library-1-Pos-2
OWOOOWWO,308,1,Pos,2,Library-1-Pos-2
OWOOOWWW,123,1,Pos,2,Library-1-Pos-2
OWOOWOOO,1076,1,Pos,2,Library-1-Pos-2
OWOOWOOW,884,1,Pos,2,Library-1-Pos-2
OWOOWOWO,270,1,Pos,2,Library-1-Pos-2
OWOOWOWW,521,1,Pos,2,Library-1-Pos-2
OWOOWWOO,1724,1,Pos,2,Library-1-Pos-2
OWOOWWOW,676,1,Pos,2,Library-1-Pos-2
OWOOWWWO,1391,1,Pos,2,Library-1-Pos-2
OWOOWWWW,421,1,Pos,2,Library-1-Pos-2
OWOWOOOO,1090,1,Pos,2,Library-1-Pos-2
OWOWOOOW,888,1,Pos,2,Library-1-Pos-2
OWOWOOWO,432,1,Pos,2,Library-1-Pos-2
OWOWOOWW,273,1,Pos,2,Library-1-Pos-2
OWOWOWOO,676,1,Pos,2,Library-1-Pos-2
OWOWOWOW,1068,1,Pos,2,Library-1-Pos-2
OWOWOWWO,62,1,Pos,2,Library-1-Pos-2
OWOWOWWW,133,1,Pos,2,Library-1-Pos-2
OWOWWOOO,2078,1,Pos,2,Library-1-Pos-2
OWOWWOOW,285,1,Pos,2,Library-1-Pos-2
OWOWWOWO,132,1,Pos,2,Library-1-Pos-2
OWOWWOWW,103,1,Pos,2,Library-1-Pos-2
OWOWWWOO,344,1,Pos,2,Library-1-Pos-2
OWOWWWOW,486,1,Pos,2,Library-1-Pos-2
OWOWWWWO,154,1,Pos,2,Library-1-Pos-2
OWOWWWWW,763,1,Pos,2,Library-1-Pos-2
OWWOOOOO,5721,1,Pos,2,Library-1-Pos-2
OWWOOOOW,255,1,Pos,2,Library-1-Pos-2
OWWOOOWO,576,1,Pos,2,Library-1-Pos-2
OWWOOOWW,39,1,Pos,2,Library-1-Pos-2
OWWOOWOO,83,1,Pos,2,Library-1-Pos-2
OWWOOWOW,967,1,Pos,2,Library-1-Pos-2
OWWOOWWO,21,1,Pos,2,Library-1-Pos-2
OWWOOWWW,23,1,Pos,2,Library-1-Pos-2
OWWOWOOO,801,1,Pos,2,Library-1-Pos-2
OWWOWOOW,1131,1,Pos,2,Library-1-Pos-2
OWWOWOWO,1319,1,Pos,2,Library-1-Pos-2
OWWOWOWW,258,1,Pos,2,Library-1-Pos-2
OWWOWWOO,3481,1,Pos,2,Library-1-Pos-2
OWWOWWOW,1017,1,Pos,2,Library-1-Pos-2
OWWOWWWO,433,1,Pos,2,Library-1-Pos-2
OWWOWWWW,1766,1,Pos,2,Library-1-Pos-2
OWWWOOOO,561,1,Pos,2,Library-1-Pos-2
OWWWOOOW,2345,1,Pos,2,Library-1-Pos-2
OWWWOOWO,2058,1,Pos,2,Library-1-Pos-2
OWWWOOWW,578,1,Pos,2,Library-1-Pos-2
OWWWOWOO,2061,1,Pos,2,Library-1-Pos-2
OWWWOWOW,1408,1,Pos,2,Library-1-Pos-2
OWWWOWWO,258,1,Pos,2,Library-1-Pos-2
OWWWOWWW,161,1,Pos,2,Library-1-Pos-2
OWWWWOOO,1388,1,Pos,2,Library-1-Pos-2
OWWWWOOW,2734,1,Pos,2,Library-1-Pos-2
OWWWWOWO,1152,1,Pos,2,Library-1-Pos-2
OWWWWOWW,1951,1,Pos,2,Library-1-Pos-2
OWWWWWOO,957,1,Pos,2,Library-1-Pos-2
OWWWWWOW,2813,1,Pos,2,Library-1-Pos-2
OWWWWWWO,1134,1,Pos,2,Library-1-Pos-2
OWWWWWWW,647,1,Pos,2,Library-1-Pos-2
WOOOOOOO,4119,1,Pos,2,Library-1-Pos-2
WOOOOOOW,803,1,Pos,2,Library-1-Pos-2
WOOOOOWO,1449,1,Pos,2,Library-1-Pos-2
WOOOOOWW,50,1,Pos,2,Library-1-Pos-2
WOOOOWOO,303,1,Pos,2,Library-1-Pos-2
WOOOOWOW,2192,1,Pos,2,Library-1-Pos-2
WOOOOWWO,12,1,Pos,2,Library-1-Pos-2
WOOOOWWW,39,1,Pos,2,Library-1-Pos-2
WOOOWOOO,2717,1,Pos,2,Library-1-Pos-2
WOOOWOOW,2365,1,Pos,2,Library-1-Pos-2
WOOOWOWO,1347,1,Pos,2,Library-1-Pos-2
WOOOWOWW,199,1,Pos,2,Library-1-Pos-2
WOOOWWOO,3883,1,Pos,2,Library-1-Pos-2
WOOOWWOW,1308,1,Pos,2,Library-1-Pos-2
WOOOWWWO,334,1,Pos,2,Library-1-Pos-2
WOOOWWWW,684,1,Pos,2,Library-1-Pos-2
WOOWOOOO,2351,1,Pos,2,Library-1-Pos-2
WOOWOOOW,1132,1,Pos,2,Library-1-Pos-2
WOOWOOWO,1687,1,Pos,2,Library-1-Pos-2
WOOWOOWW,78,1,Pos,2,Library-1-Pos-2
WOOWOWOO,1273,1,Pos,2,Library-1-Pos-2
WOOWOWOW,3927,1,Pos,2,Library-1-Pos-2
WOOWOWWO,61,1,Pos,2,Library-1-Pos-2
WOOWOWWW,1011,1,Pos,2,Library-1-Pos-2
WOOWWOOO,3800,1,Pos,2,Library-1-Pos-2
WOOWWOOW,1178,1,Pos,2,Library-1-Pos-2
WOOWWOWO,379,1,Pos,2,Library-1-Pos-2
WOOWWOWW,678,1,Pos,2,Library-1-Pos-2
WOOWWWOO,977,1,Pos,2,Library-1-Pos-2
WOOWWWOW,394,1,Pos,2,Library-1-Pos-2
WOOWWWWO,265,1,Pos,2,Library-1-Pos-2
WOOWWWWW,1102,1,Pos,2,Library-1-Pos-2
WOWOOOOO,4698,1,Pos,2,Library-1-Pos-2
WOWOOOOW,313,1,Pos,2,Library-1-Pos-2
WOWOOOWO,385,1,Pos,2,Library-1-Pos-2
WOWOOOWW,102,1,Pos,2,Library-1-Pos-2
WOWOOWOO,36,1,Pos,2,Library-1-Pos-2
WOWOOWOW,1508,1,Pos,2,Library-1-Pos-2
WOWOOWWO,8,1,Pos,2,Library-1-Pos-2
WOWOOWWW,39,1,Pos,2,Library-1-Pos-2
WOWOWOOO,1131,1,Pos,2,Library-1-Pos-2
WOWOWOOW,3561,1,Pos,2,Library-1-Pos-2
WOWOWOWO,969,1,Pos,2,Library-1-Pos-2
WOWOWOWW,492,1,Pos,2,Library-1-Pos-2
WOWOWWOO,1554,1,Pos,2,Library-1-Pos-2
WOWOWWOW,2120,1,Pos,2,Library-1-Pos-2
WOWOWWWO,67,1,Pos,2,Library-1-Pos-2
WOWOWWWW,1129,1,Pos,2,Library-1-Pos-2
WOWWOOOO,5113,1,Pos,2,Library-1-Pos-2
WOWWOOOW,4460,1,Pos,2,Library-1-Pos-2
WOWWOOWO,1895,1,Pos,2,Library-1-Pos-2
WOWWOOWW,342,1,Pos,2,Library-1-Pos-2
WOWWOWOO,4952,1,Pos,2,Library-1-Pos-2
WOWWOWOW,3018,1,Pos,2,Library-1-Pos-2
WOWWOWWO,230,1,Pos,2,Library-1-Pos-2
WOWWOWWW,722,1,Pos,2,Library-1-Pos-2
WOWWWOOO,3861,1,Pos,2,Library-1-Pos-2
WOWWWOOW,1583,1,Pos,2,Library-1-Pos-2
WOWWWOWO,1631,1,Pos,2,Library-1-Pos-2
WOWWWOWW,1103,1,Pos,2,Library-1-Pos-2
WOWWWWOO,2672,1,Pos,2,Library-1-Pos-2
WOWWWWOW,5479,1,Pos,2,Library-1-Pos-2
WOWWWWWO,567,1,Pos,2,Library-1-Pos-2
WOWWWWWW,2519,1,Pos,2,Library-1-Pos-2
WWOOOOOO,1742,1,Pos,2,Library-1-Pos-2
WWOOOOOW,349,1,Pos,2,Library-1-Pos-2
WWOOOOWO,1044,1,Pos,2,Library-1-Pos-2
WWOOOOWW,431,1,Pos,2,Library-1-Pos-2
WWOOOWOO,458,1,Pos,2,Library-1-Pos-2
WWOOOWOW,805,1,Pos,2,Library-1-Pos-2
WWOOOWWO,7,1,Pos,2,Library-1-Pos-2
WWOOOWWW,34,1,Pos,2,Library-1-Pos-2
WWOOWOOO,161,1,Pos,2,Library-1-Pos-2
WWOOWOOW,713,1,Pos,2,Library-1-Pos-2
WWOOWOWO,450,1,Pos,2,Library-1-Pos-2
WWOOWOWW,142,1,Pos,2,Library-1-Pos-2
WWOOWWOO,1414,1,Pos,2,Library-1-Pos-2
WWOOWWOW,1282,1,Pos,2,Library-1-Pos-2
WWOOWWWO,119,1,Pos,2,Library-1-Pos-2
WWOOWWWW,716,1,Pos,2,Library-1-Pos-2
WWOWOOOO,476,1,Pos,2,Library-1-Pos-2
WWOWOOOW,2058,1,Pos,2,Library-1-Pos-2
WWOWOOWO,376,1,Pos,2,Library-1-Pos-2
WWOWOOWW,276,1,Pos,2,Library-1-Pos-2
WWOWOWOO,687,1,Pos,2,Library-1-Pos-2
WWOWOWOW,1362,1,Pos,2,Library-1-Pos-2
WWOWOWWO,43,1,Pos,2,Library-1-Pos-2
WWOWOWWW,354,1,Pos,2,Library-1-Pos-2
WWOWWOOO,2216,1,Pos,2,Library-1-Pos-2
WWOWWOOW,398,1,Pos,2,Library-1-Pos-2
WWOWWOWO,468,1,Pos,2,Library-1-Pos-2
WWOWWOWW,162,1,Pos,2,Library-1-Pos-2
WWOWWWOO,651,1,Pos,2,Library-1-Pos-2
WWOWWWOW,1471,1,Pos,2,Library-1-Pos-2
WWOWWWWO,593,1,Pos,2,Library-1-Pos-2
WWOWWWWW,694,1,Pos,2,Library-1-Pos-2
WWWOOOOO,6527,1,Pos,2,Library-1-Pos-2
WWWOOOOW,464,1,Pos,2,Library-1-Pos-2
WWWOOOWO,101,1,Pos,2,Library-1-Pos-2
WWWOOOWW,74,1,Pos,2,Library-1-Pos-2
WWWOOWOO,78,1,Pos,2,Library-1-Pos-2
WWWOOWOW,2126,1,Pos,2,Library-1-Pos-2
WWWOOWWO,6,1,Pos,2,Library-1-Pos-2
WWWOOWWW,55,1,Pos,2,Library-1-Pos-2
WWWOWOOO,1610,1,Pos,2,Library-1-Pos-2
WWWOWOOW,3252,1,Pos,2,Library-1-Pos-2
WWWOWOWO,559,1,Pos,2,Library-1-Pos-2
WWWOWOWW,285,1,Pos,2,Library-1-Pos-2
WWWOWWOO,4075,1,Pos,2,Library-1-Pos-2
WWWOWWOW,1386,1,Pos,2,Library-1-Pos-2
WWWOWWWO,606,1,Pos,2,Library-1-Pos-2
WWWOWWWW,1286,1,Pos,2,Library-1-Pos-2
WWWWOOOO,100,1,Pos,2,Library-1-Pos-2
WWWWOOOW,1292,1,Pos,2,Library-1-Pos-2
WWWWOOWO,910,1,Pos,2,Library-1-Pos-2
WWWWOOWW,981,1,Pos,2,Library-1-Pos-2
WWWWOWOO,1525,1,Pos,2,Library-1-Pos-2
WWWWOWOW,2597,1,Pos,2,Library-1-Pos-2
WWWWOWWO,31,1,Pos,2,Library-1-Pos-2
WWWWOWWW,190,1,Pos,2,Library-1-Pos-2
WWWWWOOO,2791,1,Pos,2,Library-1-Pos-2
WWWWWOOW,1886,1,Pos,2,Library-1-Pos-2
WWWWWOWO,1204,1,Pos,2,Library-1-Pos-2
WWWWWOWW,471,1,Pos,2,Library-1-Pos-2
WWWWWWOO,3158,1,Pos,2,Library-1-Pos-2
WWWWWWOW,2872,1,Pos,2,Library-1-Pos-2
WWWWWWWO,492,1,Pos,2,Library-1-Pos-2
WWWWWWWW,13448,1,Pos,2,Library-1-Pos-2
OOOOOOOO,180624,1,Pos,3,Library-1-Pos-3
OOOOOOOW,28532,1,Pos,3,Library-1-Pos-3
OOOOOOWO,29310,1,Pos,3,Library-1-Pos-3
OOOOOOWW,3554,1,Pos,3,Library-1-Pos-3
OOOOOWOO,7127,1,Pos,3,Library-1-Pos-3
OOOOOWOW,88422,1,Pos,3,Library-1-Pos-3
OOOOOWWO,12464,1,Pos,3,Library-1-Pos-3
OOOOOWWW,18402,1,Pos,3,Library-1-Pos-3
OOOOWOOO,30312,1,Pos,3,Library-1-Pos-3
OOOOWOOW,97420,1,Pos,3,Library-1-Pos-3
OOOOWOWO,147877,1,Pos,3,Library-1-Pos-3
OOOOWOWW,20985,1,Pos,3,Library-1-Pos-3
OOOOWWOO,134551,1,Pos,3,Library-1-Pos-3
OOOOWWOW,92159,1,Pos,3,Library-1-Pos-3
OOOOWWWO,47227,1,Pos,3,Library-1-Pos-3
OOOOWWWW,59469,1,Pos,3,Library-1-Pos-3
OOOWOOOO,1280,1,Pos,3,Library-1-Pos-3
OOOWOOOW,50780,1,Pos,3,Library-1-Pos-3
OOOWOOWO,29798,1,Pos,3,Library-1-Pos-3
OOOWOOWW,27010,1,Pos,3,Library-1-Pos-3
OOOWOWOO,121317,1,Pos,3,Library-1-Pos-3
OOOWOWOW,191796,1,Pos,3,Library-1-Pos-3
OOOWOWWO,9691,1,Pos,3,Library-1-Pos-3
OOOWOWWW,7235,1,Pos,3,Library-1-Pos-3
OOOWWOOO,81416,1,Pos,3,Library-1-Pos-3
OOOWWOOW,127983,1,Pos,3,Library-1-Pos-3
OOOWWOWO,47070,1,Pos,3,Library-1-Pos-3
OOOWWOWW,19095,1,Pos,3,Library-1-Pos-3
OOOWWWOO,89156,1,Pos,3,Library-1-Pos-3
OOOWWWOW,55931,1,Pos,3,Library-1-Pos-3
OOOWWWWO,39015,1,Pos,3,Library-1-Pos-3
OOOWWWWW,15805,1,Pos,3,Library-1-Pos-3
OOWOOOOO,644431,1,Pos,3,Library-1-Pos-3
OOWOOOOW,50335,1,Pos,3,Library-1-Pos-3
OOWOOOWO,157057,1,Pos,3,Library-1-Pos-3
OOWOOOWW,26325,1,Pos,3,Library-1-Pos-3
OOWOOWOO,10124,1,Pos,3,Library-1-Pos-3
OOWOOWOW,144453,1,Pos,3,Library-1-Pos-3
OOWOOWWO,34744,1,Pos,3,Library-1-Pos-3
OOWOOWWW,10688,1,Pos,3,Library-1-Pos-3
OOWOWOOO,12767,1,Pos,3,Library-1-Pos-3
OOWOWOOW,222860,1,Pos,3,Library-1-Pos-3
OOWOWOWO,120987,1,Pos,3,Library-1-Pos-3
OOWOWOWW,21225,1,Pos,3,Library-1-Pos-3
OOWOWWOO,240547,1,Pos,3,Library-1-Pos-3
OOWOWWOW,151832,1,Pos,3,Library-1-Pos-3
OOWOWWWO,26083,1,Pos,3,Library-1-Pos-3
OOWOWWWW,76844,1,Pos,3,Library-1-Pos-3
OOWWOOOO,282295,1,Pos,3,Library-1-Pos-3
OOWWOOOW,46209,1,Pos,3,Library-1-Pos-3
OOWWOOWO,206895,1,Pos,3,Library-1-Pos-3
OOWWOOWW,43356,1,Pos,3,Library-1-Pos-3
OOWWOWOO,252416,1,Pos,3,Library-1-Pos-3
OOWWOWOW,168255,1,Pos,3,Library-1-Pos-3
OOWWOWWO,46730,1,Pos,3,Library-1-Pos-3
OOWWOWWW,102258,1,Pos,3,Library-1-Pos-3
OOWWWOOO,253805,1,Pos,3,Library-1-Pos-3
OOWWWOOW,157903,1,Pos,3,Library-1-Pos-3
OOWWWOWO,52367,1,Pos,3,Library-1-Pos-3
OOWWWOWW,52128,1,Pos,3,Library-1-Pos-3
OOWWWWOO,310152,1,Pos,3,Library-1-Pos-3
OOWWWWOW,297543,1,Pos,3,Library-1-Pos-3
OOWWWWWO,52669,1,Pos,3,Library-1-Pos-3
OOWWWWWW,194506,1,Pos,3,Library-1-Pos-3
OWOOOOOO,51725,1,Pos,3,Library-1-Pos-3
OWOOOOOW,23245,1,Pos,3,Library-1-Pos-3
OWOOOOWO,37000,1,Pos,3,Library-1-Pos-3
OWOOOOWW,2570,1,Pos,3,Library-1-Pos-3
OWOOOWOO,9203,1,Pos,3,Library-1-Pos-3
OWOOOWOW,82705,1,Pos,3,Library-1-Pos-3
OWOOOWWO,18162,1,Pos,3,Library-1-Pos-3
OWOOOWWW,8438,1,Pos,3,Library-1-Pos-3
OWOOWOOO,65760,1,Pos,3,Library-1-Pos-3
OWOOWOOW,51230,1,Pos,3,Library-1-Pos-3
OWOOWOWO,17314,1,Pos,3,Library-1-Pos-3
OWOOWOWW,32303,1,Pos,3,Library-1-Pos-3
OWOOWWOO,114547,1,Pos,3,Library-1-Pos-3
OWOOWWOW,44902,1,Pos,3,Library-1-Pos-3
OWOOWWWO,94816,1,Pos,3,Library-1-Pos-3
OWOOWWWW,29805,1,Pos,3,Library-1-Pos-3
OWOWOOOO,66027,1,Pos,3,Library-1-Pos-3
OWOWOOOW,59321,1,Pos,3,Library-1-Pos-3
OWOWOOWO,24423,1,Pos,3,Library-1-Pos-3
OWOWOOWW,16681,1,Pos,3,Library-1-Pos-3
OWOWOWOO,42402,1,Pos,3,Library-1-Pos-3
OWOWOWOW,65590,1,Pos,3,Library-1-Pos-3
OWOWOWWO,3964,1,Pos,3,Library-1-Pos-3
OWOWOWWW,8449,1,Pos,3,Library-1-Pos-3
OWOWWOOO,129825,1,Pos,3,Library-1-Pos-3
OWOWWOOW,17955,1,Pos,3,Library-1-Pos-3
OWOWWOWO,8397,1,Pos,3,Library-1-Pos-3
OWOWWOWW,5336,1,Pos,3,Library-1-Pos-3
OWOWWWOO,23183,1,Pos,3,Library-1-Pos-3
OWOWWWOW,29972,1,Pos,3,Library-1-Pos-3
OWOWWWWO,9026,1,Pos,3,Library-1-Pos-3
OWOWWWWW,53038,1,Pos,3,Library-1-Pos-3
OWWOOOOO,366357,1,Pos,3,Library-1-Pos-3
OWWOOOOW,18206,1,Pos,3,Library-1-Pos-3
OWWOOOWO,34211,1,Pos,3,Library-1-Pos-3
OWWOOOWW,2095,1,Pos,3,Library-1-Pos-3
OWWOOWOO,5152,1,Pos,3,Library-1-Pos-3
OWWOOWOW,69158,1,Pos,3,Library-1-Pos-3
OWWOOWWO,1229,1,Pos,3,Library-1-Pos-3
OWWOOWWW,1456,1,Pos,3,Library-1-Pos-3
OWWOWOOO,47533,1,Pos,3,Library-1-Pos-3
OWWOWOOW,73987,1,Pos,3,Library-1-Pos-3
OWWOWOWO,80583,1,Pos,3,Library-1-Pos-3
OWWOWOWW,14780,1,Pos,3,Library-1-Pos-3
OWWOWWOO,252313,1,Pos,3,Library-1-Pos-3
OWWOWWOW,73870,1,Pos,3,Library-1-Pos-3
OWWOWWWO,29278,1,Pos,3,Library-1-Pos-3
OWWOWWWW,120168,1,Pos,3,Library-1-Pos-3
OWWWOOOO,37040,1,Pos,3,Library-1-Pos-3
OWWWOOOW,153053,1,Pos,3,Library-1-Pos-3
OWWWOOWO,133526,1,Pos,3,Library-1-Pos-3
OWWWOOWW,35561,1,Pos,3,Library-1-Pos-3
OWWWOWOO,142092,1,Pos,3,Library-1-Pos-3
OWWWOWOW,98795,1,Pos,3,Library-1-Pos-3
OWWWOWWO,19274,1,Pos,3,Library-1-Pos-3
OWWWOWWW,11364,1,Pos,3,Library-1-Pos-3
OWWWWOOO,92899,1,Pos,3,Library-1-Pos-3
OWWWWOOW,176511,1,Pos,3,Library-1-Pos-3
OWWWWOWO,73357,1,Pos,3,Library-1-Pos-3
OWWWWOWW,122688,1,Pos,3,Library-1-Pos-3
OWWWWWOO,71267,1,Pos,3,Library-1-Pos-3
OWWWWWOW,200480,1,Pos,3,Library-1-Pos-3
OWWWWWWO,76834,1,Pos,3,Library-1-Pos-3
OWWWWWWW,44259,1,Pos,3,Library-1-Pos-3
WOOOOOOO,226352,1,Pos,3,Library-1-Pos-3
WOOOOOOW,45213,1,Pos,3,Library-1-Pos-3
WOOOOOWO,81585,1,Pos,3,Library-1-Pos-3
WOOOOOWW,2435,1,Pos,3,Library-1-Pos-3
WOOOOWOO,18744,1,Pos,3,Library-1-Pos-3
WOOOOWOW,131906,1,Pos,3,Library-1-Pos-3
WOOOOWWO,600,1,Pos,3,Library-1-Pos-3
WOOOOWWW,2614,1,Pos,3,Library-1-Pos-3
WOOOWOOO,143690,1,Pos,3,Library-1-Pos-3
WOOOWOOW,125845,1,Pos,3,Library-1-Pos-3
WOOOWOWO,70417,1,Pos,3,Library-1-Pos-3
WOOOWOWW,9894,1,Pos,3,Library-1-Pos-3
WOOOWWOO,231416,1,Pos,3,Library-1-Pos-3
WOOOWWOW,80040,1,Pos,3,Library-1-Pos-3
WOOOWWWO,20456,1,Pos,3,Library-1-Pos-3
WOOOWWWW,39369,1,Pos,3,Library-1-Pos-3
WOOWOOOO,129613,1,Pos,3,Library-1-Pos-3
WOOWOOOW,59284,1,Pos,3,Library-1-Pos-3
WOOWOOWO,88399,1,Pos,3,Library-1-Pos-3
WOOWOOWW,4341,1,Pos,3,Library-1-Pos-3
WOOWOWOO,72355,1,Pos,3,Library-1-Pos-3
WOOWOWOW,239121,1,Pos,3,Library-1-Pos-3
WOOWOWWO,4546,1,Pos,3,Library-1-Pos-3
WOOWOWWW,58317,1,Pos,3,Library-1-Pos-3
WOOWWOOO,202854,1,Pos,3,Library-1-Pos-3
WOOWWOOW,60281,1,Pos,3,Library-1-Pos-3
WOOWWOWO,23350,1,Pos,3,Library-1-Pos-3
WOOWWOWW,38082,1,Pos,3,Library-1-Pos-3
WOOWWWOO,60239,1,Pos,3,Library-1-Pos-3
WOOWWWOW,22381,1,Pos,3,Library-1-Pos-3
WOOWWWWO,16699,1,Pos,3,Library-1-Pos-3
WOOWWWWW,68647,1,Pos,3,Library-1-Pos-3
WOWOOOOO,276582,1,Pos,3,Library-1-Pos-3
WOWOOOOW,19647,1,Pos,3,Library-1-Pos-3
WOWOOOWO,19766,1,Pos,3,Library-1-Pos-3
WOWOOOWW,5333,1,Pos,3,Library-1-Pos-3
WOWOOWOO,1245,1,Pos,3,Library-1-Pos-3
WOWOOWOW,96344,1,Pos,3,Library-1-Pos-3
WOWOOWWO,575,1,Pos,3,Library-1-Pos-3
WOWOOWWW,2292,1,Pos,3,Library-1-Pos-3
WOWOWOOO,58739,1,Pos,3,Library-1-Pos-3
WOWOWOOW,204574,1,Pos,3,Library-1-Pos-3
WOWOWOWO,54247,1,Pos,3,Library-1-Pos-3
WOWOWOWW,25491,1,Pos,3,Library-1-Pos-3
WOWOWWOO,95062,1,Pos,3,Library-1-Pos-3
WOWOWWOW,133058,1,Pos,3,Library-1-Pos-3
WOWOWWWO,4781,1,Pos,3,Library-1-Pos-3
WOWOWWWW,71192,1,Pos,3,Library-1-Pos-3
WOWWOOOO,295000,1,Pos,3,Library-1-Pos-3
WOWWOOOW,257607,1,Pos,3,Library-1-Pos-3
WOWWOOWO,105025,1,Pos,3,Library-1-Pos-3
WOWWOOWW,18470,1,Pos,3,Library-1-Pos-3
WOWWOWOO,305964,1,Pos,3,Library-1-Pos-3
WOWWOWOW,184034,1,Pos,3,Library-1-Pos-3
WOWWOWWO,12562,1,Pos,3,Library-1-Pos-3
WOWWOWWW,44483,1,Pos,3,Library-1-Pos-3
WOWWWOOO,215385,1,Pos,3,Library-1-Pos-3
WOWWWOOW,86371,1,Pos,3,Library-1-Pos-3
WOWWWOWO,93408,1,Pos,3,Library-1-Pos-3
WOWWWOWW,59836,1,Pos,3,Library-1-Pos-3
WOWWWWOO,171132,1,Pos,3,Library-1-Pos-3
WOWWWWOW,352217,1,Pos,3,Library-1-Pos-3
WOWWWWWO,35592,1,Pos,3,Library-1-Pos-3
WOWWWWWW,159929,1,Pos,3,Library-1-Pos-3
WWOOOOOO,96613,1,Pos,3,Library-1-Pos-3
WWOOOOOW,19410,1,Pos,3,Library-1-Pos-3
WWOOOOWO,60065,1,Pos,3,Library-1-Pos-3
WWOOOOWW,23570,1,Pos,3,Library-1-Pos-3
WWOOOWOO,28798,1,Pos,3,Library-1-Pos-3
WWOOOWOW,48869,1,Pos,3,Library-1-Pos-3
WWOOOWWO,624,1,Pos,3,Library-1-Pos-3
WWOOOWWW,1800,1,Pos,3,Library-1-Pos-3
WWOOWOOO,10013,1,Pos,3,Library-1-Pos-3
WWOOWOOW,39996,1,Pos,3,Library-1-Pos-3
WWOOWOWO,22259,1,Pos,3,Library-1-Pos-3
WWOOWOWW,7974,1,Pos,3,Library-1-Pos-3
WWOOWWOO,84622,1,Pos,3,Library-1-Pos-3
WWOOWWOW,79192,1,Pos,3,Library-1-Pos-3
WWOOWWWO,7569,1,Pos,3,Library-1-Pos-3
WWOOWWWW,42529,1,Pos,3,Library-1-Pos-3
WWOWOOOO,26788,1,Pos,3,Library-1-Pos-3
WWOWOOOW,116959,1,Pos,3,Library-1-Pos-3
WWOWOOWO,21186,1,Pos,3,Library-1-Pos-3
WWOWOOWW,16066,1,Pos,3,Library-1-Pos-3
WWOWOWOO,38182,1,Pos,3,Library-1-Pos-3
WWOWOWOW,83890,1,Pos,3,Library-1-Pos-3
WWOWOWWO,2729,1,Pos,3,Library-1-Pos-3
WWOWOWWW,20614,1,Pos,3,Library-1-Pos-3
WWOWWOOO,125385,1,Pos,3,Library-1-Pos-3
WWOWWOOW,20682,1,Pos,3,Library-1-Pos-3
WWOWWOWO,24562,1,Pos,3,Library-1-Pos-3
WWOWWOWW,9936,1,Pos,3,Library-1-Pos-3
WWOWWWOO,41330,1,Pos,3,Library-1-Pos-3
WWOWWWOW,87116,1,Pos,3,Library-1-Pos-3
WWOWWWWO,35951,1,Pos,3,Library-1-Pos-3
WWOWWWWW,43110,1,Pos,3,Library-1-Pos-3
WWWOOOOO,391261,1,Pos,3,Library-1-Pos-3
WWWOOOOW,25461,1,Pos,3,Library-1-Pos-3
WWWOOOWO,5669,1,Pos,3,Library-1-Pos-3
WWWOOOWW,4285,1,Pos,3,Library-1-Pos-3
WWWOOWOO,4798,1,Pos,3,Library-1-Pos-3
WWWOOWOW,137573,1,Pos,3,Library-1-Pos-3
WWWOOWWO,705,1,Pos,3,Library-1-Pos-3
WWWOOWWW,3400,1,Pos,3,Library-1-Pos-3
WWWOWOOO,95038,1,Pos,3,Library-1-Pos-3
WWWOWOOW,195105,1,Pos,3,Library-1-Pos-3
WWWOWOWO,29906,1,Pos,3,Library-1-Pos-3
WWWOWOWW,17771,1,Pos,3,Library-1-Pos-3
WWWOWWOO,272890,1,Pos,3,Library-1-Pos-3
WWWOWWOW,87029,1,Pos,3,Library-1-Pos-3
WWWOWWWO,37668,1,Pos,3,Library-1-Pos-3
WWWOWWWW,81324,1,Pos,3,Library-1-Pos-3
WWWWOOOO,5643,1,Pos,3,Library-1-Pos-3
WWWWOOOW,79411,1,Pos,3,Library-1-Pos-3
WWWWOOWO,56899,1,Pos,3,Library-1-Pos-3
WWWWOOWW,59731,1,Pos,3,Library-1-Pos-3
WWWWOWOO,94957,1,Pos,3,Library-1-Pos-3
WWWWOWOW,168827,1,Pos,3,Library-1-Pos-3
WWWWOWWO,1471,1,Pos,3,Library-1-Pos-3
WWWWOWWW,11793,1,Pos,3,Library-1-Pos-3
WWWWWOOO,165263,1,Pos,3,Library-1-Pos-3
WWWWWOOW,112879,1,Pos,3,Library-1-Pos-3
WWWWWOWO,65803,1,Pos,3,Library-1-Pos-3
WWWWWOWW,28370,1,Pos,3,Library-1-Pos-3
WWWWWWOO,205707,1,Pos,3,Library-1-Pos-3
WWWWWWOW,189914,1,Pos,3,Library-1-Pos-3
WWWWWWWO,33989,1,Pos,3,Library-1-Pos-3
WWWWWWWW,880350,1,Pos,3,Library-1-Pos-3
OOOOOOOO,25646,1,Pre,1,Library-1-Pre-1
OOOOOOOW,6538,1,Pre,1,Library-1-Pre-1
OOOOOOWO,6484,1,Pre,1,Library-1-Pre-1
OOOOOOWW,6026,1,Pre,1,Library-1-Pre-1
OOOOOWOO,2824,1,Pre,1,Library-1-Pre-1
OOOOOWOW,7808,1,Pre,1,Library-1-Pre-1
OOOOOWWO,2330,1,Pre,1,Library-1-Pre-1
OOOOOWWW,4292,1,Pre,1,Library-1-Pre-1
OOOOWOOO,4620,1,Pre,1,Library-1-Pre-1
OOOOWOOW,24694,1,Pre,1,Library-1-Pre-1
OOOOWOWO,15852,1,Pre,1,Library-1-Pre-1
OOOOWOWW,6019,1,Pre,1,Library-1-Pre-1
OOOOWWOO,27671,1,Pre,1,Library-1-Pre-1
OOOOWWOW,13198,1,Pre,1,Library-1-Pre-1
OOOOWWWO,11153,1,Pre,1,Library-1-Pre-1
OOOOWWWW,7164,1,Pre,1,Library-1-Pre-1
OOOWOOOO,3175,1,Pre,1,Library-1-Pre-1
OOOWOOOW,14190,1,Pre,1,Library-1-Pre-1
OOOWOOWO,5659,1,Pre,1,Library-1-Pre-1
OOOWOOWW,4512,1,Pre,1,Library-1-Pre-1
OOOWOWOO,15208,1,Pre,1,Library-1-Pre-1
OOOWOWOW,34420,1,Pre,1,Library-1-Pre-1
OOOWOWWO,3029,1,Pre,1,Library-1-Pre-1
OOOWOWWW,1707,1,Pre,1,Library-1-Pre-1
OOOWWOOO,9183,1,Pre,1,Library-1-Pre-1
OOOWWOOW,7282,1,Pre,1,Library-1-Pre-1
OOOWWOWO,7763,1,Pre,1,Library-1-Pre-1
OOOWWOWW,8634,1,Pre,1,Library-1-Pre-1
OOOWWWOO,10306,1,Pre,1,Library-1-Pre-1
OOOWWWOW,13224,1,Pre,1,Library-1-Pre-1
OOOWWWWO,4819,1,Pre,1,Library-1-Pre-1
OOOWWWWW,6903,1,Pre,1,Library-1-Pre-1
OOWOOOOO,54726,1,Pre,1,Library-1-Pre-1
OOWOOOOW,3785,1,Pre,1,Library-1-Pre-1
OOWOOOWO,18554,1,Pre,1,Library-1-Pre-1
OOWOOOWW,4506,1,Pre,1,Library-1-Pre-1
OOWOOWOO,3563,1,Pre,1,Library-1-Pre-1
OOWOOWOW,28685,1,Pre,1,Library-1-Pre-1
OOWOOWWO,3389,1,Pre,1,Library-1-Pre-1
OOWOOWWW,1841,1,Pre,1,Library-1-Pre-1
OOWOWOOO,2621,1,Pre,1,Library-1-Pre-1
OOWOWOOW,22009,1,Pre,1,Library-1-Pre-1
OOWOWOWO,15594,1,Pre,1,Library-1-Pre-1
OOWOWOWW,7715,1,Pre,1,Library-1-Pre-1
OOWOWWOO,53215,1,Pre,1,Library-1-Pre-1
OOWOWWOW,23524,1,Pre,1,Library-1-Pre-1
OOWOWWWO,8684,1,Pre,1,Library-1-Pre-1
OOWOWWWW,10519,1,Pre,1,Library-1-Pre-1
OOWWOOOO,20342,1,Pre,1,Library-1-Pre-1
OOWWOOOW,23833,1,Pre,1,Library-1-Pre-1
OOWWOOWO,30708,1,Pre,1,Library-1-Pre-1
OOWWOOWW,9638,1,Pre,1,Library-1-Pre-1
OOWWOWOO,37156,1,Pre,1,Library-1-Pre-1
OOWWOWOW,25638,1,Pre,1,Library-1-Pre-1
OOWWOWWO,9449,1,Pre,1,Library-1-Pre-1
OOWWOWWW,15991,1,Pre,1,Library-1-Pre-1
OOWWWOOO,37952,1,Pre,1,Library-1-Pre-1
OOWWWOOW,22412,1,Pre,1,Library-1-Pre-1
OOWWWOWO,11736,1,Pre,1,Library-1-Pre-1
OOWWWOWW,14708,1,Pre,1,Library-1-Pre-1
OOWWWWOO,34232,1,Pre,1,Library-1-Pre-1
OOWWWWOW,34964,1,Pre,1,Library-1-Pre-1
OOWWWWWO,7937,1,Pre,1,Library-1-Pre-1
OOWWWWWW,21583,1,Pre,1,Library-1-Pre-1
OWOOOOOO,9808,1,Pre,1,Library-1-Pre-1
OWOOOOOW,2286,1,Pre,1,Library-1-Pre-1
OWOOOOWO,6593,1,Pre,1,Library-1-Pre-1
OWOOOOWW,1276,1,Pre,1,Library-1-Pre-1
OWOOOWOO,5137,1,Pre,1,Library-1-Pre-1
OWOOOWOW,4588,1,Pre,1,Library-1-Pre-1
OWOOOWWO,2175,1,Pre,1,Library-1-Pre-1
OWOOOWWW,2793,1,Pre,1,Library-1-Pre-1
OWOOWOOO,7272,1,Pre,1,Library-1-Pre-1
OWOOWOOW,7091,1,Pre,1,Library-1-Pre-1
OWOOWOWO,6145,1,Pre,1,Library-1-Pre-1
OWOOWOWW,8552,1,Pre,1,Library-1-Pre-1
OWOOWWOO,17153,1,Pre,1,Library-1-Pre-1
OWOOWWOW,7463,1,Pre,1,Library-1-Pre-1
OWOOWWWO,8044,1,Pre,1,Library-1-Pre-1
OWOOWWWW,10291,1,Pre,1,Library-1-Pre-1
OWOWOOOO,4044,1,Pre,1,Library-1-Pre-1
OWOWOOOW,9814,1,Pre,1,Library-1-Pre-1
OWOWOOWO,5129,1,Pre,1,Library-1-Pre-1
OWOWOOWW,6793,1,Pre,1,Library-1-Pre-1
OWOWOWOO,8925,1,Pre,1,Library-1-Pre-1
OWOWOWOW,9483,1,Pre,1,Library-1-Pre-1
OWOWOWWO,1516,1,Pre,1,Library-1-Pre-1
OWOWOWWW,6427,1,Pre,1,Library-1-Pre-1
OWOWWOOO,10607,1,Pre,1,Library-1-Pre-1
OWOWWOOW,5912,1,Pre,1,Library-1-Pre-1
OWOWWOWO,5540,1,Pre,1,Library-1-Pre-1
OWOWWOWW,6124,1,Pre,1,Library-1-Pre-1
OWOWWWOO,15852,1,Pre,1,Library-1-Pre-1
OWOWWWOW,9336,1,Pre,1,Library-1-Pre-1
OWOWWWWO,5779,1,Pre,1,Library-1-Pre-1
OWOWWWWW,9470,1,Pre,1,Library-1-Pre-1
OWWOOOOO,35285,1,Pre,1,Library-1-Pre-1
OWWOOOOW,3736,1,Pre,1,Library-1-Pre-1
OWWOOOWO,9254,1,Pre,1,Library-1-Pre-1
OWWOOOWW,4672,1,Pre,1,Library-1-Pre-1
OWWOOWOO,2233,1,Pre,1,Library-1-Pre-1
OWWOOWOW,7520,1,Pre,1,Library-1-Pre-1
OWWOOWWO,4240,1,Pre,1,Library-1-Pre-1
OWWOOWWW,6489,1,Pre,1,Library-1-Pre-1
OWWOWOOO,12449,1,Pre,1,Library-1-Pre-1
OWWOWOOW,17437,1,Pre,1,Library-1-Pre-1
OWWOWOWO,6367,1,Pre,1,Library-1-Pre-1
OWWOWOWW,5895,1,Pre,1,Library-1-Pre-1
OWWOWWOO,35028,1,Pre,1,Library-1-Pre-1
OWWOWWOW,10515,1,Pre,1,Library-1-Pre-1
OWWOWWWO,6825,1,Pre,1,Library-1-Pre-1
OWWOWWWW,16688,1,Pre,1,Library-1-Pre-1
OWWWOOOO,639,1,Pre,1,Library-1-Pre-1
OWWWOOOW,20169,1,Pre,1,Library-1-Pre-1
OWWWOOWO,14378,1,Pre,1,Library-1-Pre-1
OWWWOOWW,7091,1,Pre,1,Library-1-Pre-1
OWWWOWOO,30137,1,Pre,1,Library-1-Pre-1
OWWWOWOW,21412,1,Pre,1,Library-1-Pre-1
OWWWOWWO,2194,1,Pre,1,Library-1-Pre-1
OWWWOWWW,3638,1,Pre,1,Library-1-Pre-1
OWWWWOOO,8378,1,Pre,1,Library-1-Pre-1
OWWWWOOW,23595,1,Pre,1,Library-1-Pre-1
OWWWWOWO,10214,1,Pre,1,Library-1-Pre-1
OWWWWOWW,6761,1,Pre,1,Library-1-Pre-1
OWWWWWOO,19000,1,Pre,1,Library-1-Pre-1
OWWWWWOW,27952,1,Pre,1,Library-1-Pre-1
OWWWWWWO,14946,1,Pre,1,Library-1-Pre-1
OWWWWWWW,8276,1,Pre,1,Library-1-Pre-1
WOOOOOOO,35790,1,Pre,1,Library-1-Pre-1
WOOOOOOW,4103,1,Pre,1,Library-1-Pre-1
WOOOOOWO,8006,1,Pre,1,Library-1-Pre-1
WOOOOOWW,6306,1,Pre,1,Library-1-Pre-1
WOOOOWOO,10513,1,Pre,1,Library-1-Pre-1
WOOOOWOW,11399,1,Pre,1,Library-1-Pre-1
WOOOOWWO,1920,1,Pre,1,Library-1-Pre-1
WOOOOWWW,4876,1,Pre,1,Library-1-Pre-1
WOOOWOOO,1382,1,Pre,1,Library-1-Pre-1
WOOOWOOW,19623,1,Pre,1,Library-1-Pre-1
WOOOWOWO,9520,1,Pre,1,Library-1-Pre-1
WOOOWOWW,9511,1,Pre,1,Library-1-Pre-1
WOOOWWOO,29334,1,Pre,1,Library-1-Pre-1
WOOOWWOW,14232,1,Pre,1,Library-1-Pre-1
WOOOWWWO,7323,1,Pre,1,Library-1-Pre-1
WOOOWWWW,8666,1,Pre,1,Library-1-Pre-1
WOOWOOOO,11931,1,Pre,1,Library-1-Pre-1
WOOWOOOW,12673,1,Pre,1,Library-1-Pre-1
WOOWOOWO,7943,1,Pre,1,Library-1-Pre-1
WOOWOOWW,5318,1,Pre,1,Library-1-Pre-1
WOOWOWOO,15977,1,Pre,1,Library-1-Pre-1
WOOWOWOW,20683,1,Pre,1,Library-1-Pre-1
WOOWOWWO,3335,1,Pre,1,Library-1-Pre-1
WOOWOWWW,5348,1,Pre,1,Library-1-Pre-1
WOOWWOOO,15316,1,Pre,1,Library-1-Pre-1
WOOWWOOW,8507,1,Pre,1,Library-1-Pre-1
WOOWWOWO,3089,1,Pre,1,Library-1-Pre-1
WOOWWOWW,2120,1,Pre,1,Library-1-Pre-1
WOOWWWOO,13136,1,Pre,1,Library-1-Pre-1
WOOWWWOW,10310,1,Pre,1,Library-1-Pre-1
WOOWWWWO,3030,1,Pre,1,Library-1-Pre-1
WOOWWWWW,9322,1,Pre,1,Library-1-Pre-1
WOWOOOOO,36888,1,Pre,1,Library-1-Pre-1
WOWOOOOW,4017,1,Pre,1,Library-1-Pre-1
WOWOOOWO,8473,1,Pre,1,Library-1-Pre-1
WOWOOOWW,4679,1,Pre,1,Library-1-Pre-1
WOWOOWOO,1283,1,Pre,1,Library-1-Pre-1
WOWOOWOW,5565,1,Pre,1,Library-1-Pre-1
WOWOOWWO,1129,1,Pre,1,Library-1-Pre-1
WOWOOWWW,3122,1,Pre,1,Library-1-Pre-1
WOWOWOOO,6722,1,Pre,1,Library-1-Pre-1
WOWOWOOW,14245,1,Pre,1,Library-1-Pre-1
WOWOWOWO,11539,1,Pre,1,Library-1-Pre-1
WOWOWOWW,6373,1,Pre,1,Library-1-Pre-1
WOWOWWOO,26766,1,Pre,1,Library-1-Pre-1
WOWOWWOW,16803,1,Pre,1,Library-1-Pre-1
WOWOWWWO,8065,1,Pre,1,Library-1-Pre-1
WOWOWWWW,14369,1,Pre,1,Library-1-Pre-1
WOWWOOOO,10931,1,Pre,1,Library-1-Pre-1
WOWWOOOW,40220,1,Pre,1,Library-1-Pre-1
WOWWOOWO,12811,1,Pre,1,Library-1-Pre-1
WOWWOOWW,3006,1,Pre,1,Library-1-Pre-1
WOWWOWOO,21268,1,Pre,1,Library-1-Pre-1
WOWWOWOW,24135,1,Pre,1,Library-1-Pre-1
WOWWOWWO,5056,1,Pre,1,Library-1-Pre-1
WOWWOWWW,10762,1,Pre,1,Library-1-Pre-1
WOWWWOOO,13761,1,Pre,1,Library-1-Pre-1
WOWWWOOW,14583,1,Pre,1,Library-1-Pre-1
WOWWWOWO,6772,1,Pre,1,Library-1-Pre-1
WOWWWOWW,6832,1,Pre,1,Library-1-Pre-1
WOWWWWOO,37341,1,Pre,1,Library-1-Pre-1
WOWWWWOW,32749,1,Pre,1,Library-1-Pre-1
WOWWWWWO,6420,1,Pre,1,Library-1-Pre-1
WOWWWWWW,12584,1,Pre,1,Library-1-Pre-1
WWOOOOOO,15629,1,Pre,1,Library-1-Pre-1
WWOOOOOW,2059,1,Pre,1,Library-1-Pre-1
WWOOOOWO,3471,1,Pre,1,Library-1-Pre-1
WWOOOOWW,5354,1,Pre,1,Library-1-Pre-1
WWOOOWOO,1501,1,Pre,1,Library-1-Pre-1
WWOOOWOW,9263,1,Pre,1,Library-1-Pre-1
WWOOOWWO,2387,1,Pre,1,Library-1-Pre-1
WWOOOWWW,2962,1,Pre,1,Library-1-Pre-1
WWOOWOOO,458,1,Pre,1,Library-1-Pre-1
WWOOWOOW,7163,1,Pre,1,Library-1-Pre-1
WWOOWOWO,4225,1,Pre,1,Library-1-Pre-1
WWOOWOWW,4285,1,Pre,1,Library-1-Pre-1
WWOOWWOO,7124,1,Pre,1,Library-1-Pre-1
WWOOWWOW,15311,1,Pre,1,Library-1-Pre-1
WWOOWWWO,3628,1,Pre,1,Library-1-Pre-1
WWOOWWWW,4321,1,Pre,1,Library-1-Pre-1
WWOWOOOO,3286,1,Pre,1,Library-1-Pre-1
WWOWOOOW,11173,1,Pre,1,Library-1-Pre-1
WWOWOOWO,5889,1,Pre,1,Library-1-Pre-1
WWOWOOWW,3064,1,Pre,1,Library-1-Pre-1
WWOWOWOO,6900,1,Pre,1,Library-1-Pre-1
WWOWOWOW,12509,1,Pre,1,Library-1-Pre-1
WWOWOWWO,3238,1,Pre,1,Library-1-Pre-1
WWOWOWWW,3442,1,Pre,1,Library-1-Pre-1
WWOWWOOO,7967,1,Pre,1,Library-1-Pre-1
WWOWWOOW,8060,1,Pre,1,Library-1-Pre-1
WWOWWOWO,5466,1,Pre,1,Library-1-Pre-1
WWOWWOWW,5755,1,Pre,1,Library-1-Pre-1
WWOWWWOO,5898,1,Pre,1,Library-1-Pre-1
WWOWWWOW,11047,1,Pre,1,Library-1-Pre-1
WWOWWWWO,5620,1,Pre,1,Library-1-Pre-1
WWOWWWWW,7941,1,Pre,1,Library-1-Pre-1
WWWOOOOO,65164,1,Pre,1,Library-1-Pre-1
WWWOOOOW,3884,1,Pre,1,Library-1-Pre-1
WWWOOOWO,2833,1,Pre,1,Library-1-Pre-1
WWWOOOWW,3860,1,Pre,1,Library-1-Pre-1
WWWOOWOO,2885,1,Pre,1,Library-1-Pre-1
WWWOOWOW,8500,1,Pre,1,Library-1-Pre-1
WWWOOWWO,1153,1,Pre,1,Library-1-Pre-1
WWWOOWWW,4074,1,Pre,1,Library-1-Pre-1
WWWOWOOO,4634,1,Pre,1,Library-1-Pre-1
WWWOWOOW,16985,1,Pre,1,Library-1-Pre-1
WWWOWOWO,4812,1,Pre,1,Library-1-Pre-1
WWWOWOWW,4542,1,Pre,1,Library-1-Pre-1
WWWOWWOO,17126,1,Pre,1,Library-1-Pre-1
WWWOWWOW,18567,1,Pre,1,Library-1-Pre-1
WWWOWWWO,4164,1,Pre,1,Library-1-Pre-1
WWWOWWWW,13107,1,Pre,1,Library-1-Pre-1
WWWWOOOO,5225,1,Pre,1,Library-1-Pre-1
WWWWOOOW,15964,1,Pre,1,Library-1-Pre-1
WWWWOOWO,5324,1,Pre,1,Library-1-Pre-1
WWWWOOWW,6548,1,Pre,1,Library-1-Pre-1
WWWWOWOO,32366,1,Pre,1,Library-1-Pre-1
WWWWOWOW,18684,1,Pre,1,Library-1-Pre-1
WWWWOWWO,2406,1,Pre,1,Library-1-Pre-1
WWWWOWWW,4815,1,Pre,1,Library-1-Pre-1
WWWWWOOO,14646,1,Pre,1,Library-1-Pre-1
WWWWWOOW,26572,1,Pre,1,Library-1-Pre-1
WWWWWOWO,7336,1,Pre,1,Library-1-Pre-1
WWWWWOWW,8522,1,Pre,1,Library-1-Pre-1
WWWWWWOO,17066,1,Pre,1,Library-1-Pre-1
WWWWWWOW,25513,1,Pre,1,Library-1-Pre-1
WWWWWWWO,9150,1,Pre,1,Library-1-Pre-1
WWWWWWWW,141468,1,Pre,1,Library-1-Pre-1
OOOOOOOO,229,1,Pre,2,Library-1-Pre-2
OOOOOOOW,170,1,Pre,2,Library-1-Pre-2
OOOOOOWO,271,1,Pre,2,Library-1-Pre-2
OOOOOOWW,433,1,Pre,2,Library-1-Pre-2
OOOOOWOO,33,1,Pre,2,Library-1-Pre-2
OOOOOWOW,262,1,Pre,2,Library-1-Pre-2
OOOOOWWO,372,1,Pre,2,Library-1-Pre-2
OOOOOWWW,554,1,Pre,2,Library-1-Pre-2
OOOOWOOO,98,1,Pre,2,Library-1-Pre-2
OOOOWOOW,392,1,Pre,2,Library-1-Pre-2
OOOOWOWO,539,1,Pre,2,Library-1-Pre-2
OOOOWOWW,662,1,Pre,2,Library-1-Pre-2
OOOOWWOO,583,1,Pre,2,Library-1-Pre-2
OOOOWWOW,397,1,Pre,2,Library-1-Pre-2
OOOOWWWO,446,1,Pre,2,Library-1-Pre-2
OOOOWWWW,349,1,Pre,2,Library-1-Pre-2
OOOWOOOO,33,1,Pre,2,Library-1-Pre-2
OOOWOOOW,215,1,Pre,2,Library-1-Pre-2
OOOWOOWO,560,1,Pre,2,Library-1-Pre-2
OOOWOOWW,539,1,Pre,2,Library-1-Pre-2
OOOWOWOO,568,1,Pre,2,Library-1-Pre-2
OOOWOWOW,813,1,Pre,2,Library-1-Pre-2
OOOWOWWO,589,1,Pre,2,Library-1-Pre-2
OOOWOWWW,214,1,Pre,2,Library-1-Pre-2
OOOWWOOO,334,1,Pre,2,Library-1-Pre-2
OOOWWOOW,407,1,Pre,2,Library-1-Pre-2
OOOWWOWO,349,1,Pre,2,Library-1-Pre-2
OOOWWOWW,447,1,Pre,2,Library-1-Pre-2
OOOWWWOO,579,1,Pre,2,Library-1-Pre-2
OOOWWWOW,451,1,Pre,2,Library-1-Pre-2
OOOWWWWO,294,1,Pre,2,Library-1-Pre-2
OOOWWWWW,288,1,Pre,2,Library-1-Pre-2
OOWOOOOO,378,1,Pre,2,Library-1-Pre-2
OOWOOOOW,140,1,Pre,2,Library-1-Pre-2
OOWOOOWO,519,1,Pre,2,Library-1-Pre-2
OOWOOOWW,565,1,Pre,2,Library-1-Pre-2
OOWOOWOO,36,1,Pre,2,Library-1-Pre-2
OOWOOWOW,394,1,Pre,2,Library-1-Pre-2
OOWOOWWO,410,1,Pre,2,Library-1-Pre-2
OOWOOWWW,197,1,Pre,2,Library-1-Pre-2
OOWOWOOO,170,1,Pre,2,Library-1-Pre-2
OOWOWOOW,431,1,Pre,2,Library-1-Pre-2
OOWOWOWO,509,1,Pre,2,Library-1-Pre-2
OOWOWOWW,542,1,Pre,2,Library-1-Pre-2
OOWOWWOO,513,1,Pre,2,Library-1-Pre-2
OOWOWWOW,432,1,Pre,2,Library-1-Pre-2
OOWOWWWO,437,1,Pre,2,Library-1-Pre-2
OOWOWWWW,485,1,Pre,2,Library-1-Pre-2
OOWWOOOO,199,1,Pre,2,Library-1-Pre-2
OOWWOOOW,105,1,Pre,2,Library-1-Pre-2
OOWWOOWO,541,1,Pre,2,Library-1-Pre-2
OOWWOOWW,557,1,Pre,2,Library-1-Pre-2
OOWWOWOO,356,1,Pre,2,Library-1-Pre-2
OOWWOWOW,375,1,Pre,2,Library-1-Pre-2
OOWWOWWO,429,1,Pre,2,Library-1-Pre-2
OOWWOWWW,634,1,Pre,2,Library-1-Pre-2
OOWWWOOO,362,1,Pre,2,Library-1-Pre-2
OOWWWOOW,374,1,Pre,2,Library-1-Pre-2
OOWWWOWO,468,1,Pre,2,Library-1-Pre-2
OOWWWOWW,468,1,Pre,2,Library-1-Pre-2
OOWWWWOO,425,1,Pre,2,Library-1-Pre-2
OOWWWWOW,536,1,Pre,2,Library-1-Pre-2
OOWWWWWO,252,1,Pre,2,Library-1-Pre-2
OOWWWWWW,495,1,Pre,2,Library-1-Pre-2
OWOOOOOO,157,1,Pre,2,Library-1-Pre-2
OWOOOOOW,104,1,Pre,2,Library-1-Pre-2
OWOOOOWO,616,1,Pre,2,Library-1-Pre-2
OWOOOOWW,394,1,Pre,2,Library-1-Pre-2
OWOOOWOO,163,1,Pre,2,Library-1-Pre-2
OWOOOWOW,314,1,Pre,2,Library-1-Pre-2
OWOOOWWO,481,1,Pre,2,Library-1-Pre-2
OWOOOWWW,263,1,Pre,2,Library-1-Pre-2
OWOOWOOO,134,1,Pre,2,Library-1-Pre-2
OWOOWOOW,173,1,Pre,2,Library-1-Pre-2
OWOOWOWO,303,1,Pre,2,Library-1-Pre-2
OWOOWOWW,607,1,Pre,2,Library-1-Pre-2
OWOOWWOO,409,1,Pre,2,Library-1-Pre-2
OWOOWWOW,101,1,Pre,2,Library-1-Pre-2
OWOOWWWO,491,1,Pre,2,Library-1-Pre-2
OWOOWWWW,207,1,Pre,2,Library-1-Pre-2
OWOWOOOO,259,1,Pre,2,Library-1-Pre-2
OWOWOOOW,287,1,Pre,2,Library-1-Pre-2
OWOWOOWO,580,1,Pre,2,Library-1-Pre-2
OWOWOOWW,445,1,Pre,2,Library-1-Pre-2
OWOWOWOO,205,1,Pre,2,Library-1-Pre-2
OWOWOWOW,280,1,Pre,2,Library-1-Pre-2
OWOWOWWO,248,1,Pre,2,Library-1-Pre-2
OWOWOWWW,232,1,Pre,2,Library-1-Pre-2
OWOWWOOO,539,1,Pre,2,Library-1-Pre-2
OWOWWOOW,164,1,Pre,2,Library-1-Pre-2
OWOWWOWO,226,1,Pre,2,Library-1-Pre-2
OWOWWOWW,178,1,Pre,2,Library-1-Pre-2
OWOWWWOO,411,1,Pre,2,Library-1-Pre-2
OWOWWWOW,443,1,Pre,2,Library-1-Pre-2
OWOWWWWO,385,1,Pre,2,Library-1-Pre-2
OWOWWWWW,313,1,Pre,2,Library-1-Pre-2
OWWOOOOO,331,1,Pre,2,Library-1-Pre-2
OWWOOOOW,93,1,Pre,2,Library-1-Pre-2
OWWOOOWO,379,1,Pre,2,Library-1-Pre-2
OWWOOOWW,260,1,Pre,2,Library-1-Pre-2
OWWOOWOO,26,1,Pre,2,Library-1-Pre-2
OWWOOWOW,195,1,Pre,2,Library-1-Pre-2
OWWOOWWO,276,1,Pre,2,Library-1-Pre-2
OWWOOWWW,324,1,Pre,2,Library-1-Pre-2
OWWOWOOO,82,1,Pre,2,Library-1-Pre-2
OWWOWOOW,277,1,Pre,2,Library-1-Pre-2
OWWOWOWO,264,1,Pre,2,Library-1-Pre-2
OWWOWOWW,391,1,Pre,2,Library-1-Pre-2
OWWOWWOO,530,1,Pre,2,Library-1-Pre-2
OWWOWWOW,217,1,Pre,2,Library-1-Pre-2
OWWOWWWO,423,1,Pre,2,Library-1-Pre-2
OWWOWWWW,614,1,Pre,2,Library-1-Pre-2
OWWWOOOO,64,1,Pre,2,Library-1-Pre-2
OWWWOOOW,264,1,Pre,2,Library-1-Pre-2
OWWWOOWO,491,1,Pre,2,Library-1-Pre-2
OWWWOOWW,231,1,Pre,2,Library-1-Pre-2
OWWWOWOO,472,1,Pre,2,Library-1-Pre-2
OWWWOWOW,369,1,Pre,2,Library-1-Pre-2
OWWWOWWO,273,1,Pre,2,Library-1-Pre-2
OWWWOWWW,125,1,Pre,2,Library-1-Pre-2
OWWWWOOO,230,1,Pre,2,Library-1-Pre-2
OWWWWOOW,457,1,Pre,2,Library-1-Pre-2
OWWWWOWO,432,1,Pre,2,Library-1-Pre-2
OWWWWOWW,455,1,Pre,2,Library-1-Pre-2
OWWWWWOO,312,1,Pre,2,Library-1-Pre-2
OWWWWWOW,413,1,Pre,2,Library-1-Pre-2
OWWWWWWO,594,1,Pre,2,Library-1-Pre-2
OWWWWWWW,141,1,Pre,2,Library-1-Pre-2
WOOOOOOO,200,1,Pre,2,Library-1-Pre-2
WOOOOOOW,187,1,Pre,2,Library-1-Pre-2
WOOOOOWO,344,1,Pre,2,Library-1-Pre-2
WOOOOOWW,431,1,Pre,2,Library-1-Pre-2
WOOOOWOO,204,1,Pre,2,Library-1-Pre-2
WOOOOWOW,376,1,Pre,2,Library-1-Pre-2
WOOOOWWO,364,1,Pre,2,Library-1-Pre-2
WOOOOWWW,740,1,Pre,2,Library-1-Pre-2
WOOOWOOO,109,1,Pre,2,Library-1-Pre-2
WOOOWOOW,371,1,Pre,2,Library-1-Pre-2
WOOOWOWO,341,1,Pre,2,Library-1-Pre-2
WOOOWOWW,550,1,Pre,2,Library-1-Pre-2
WOOOWWOO,576,1,Pre,2,Library-1-Pre-2
WOOOWWOW,463,1,Pre,2,Library-1-Pre-2
WOOOWWWO,517,1,Pre,2,Library-1-Pre-2
WOOOWWWW,312,1,Pre,2,Library-1-Pre-2
WOOWOOOO,189,1,Pre,2,Library-1-Pre-2
WOOWOOOW,242,1,Pre,2,Library-1-Pre-2
WOOWOOWO,660,1,Pre,2,Library-1-Pre-2
WOOWOOWW,282,1,Pre,2,Library-1-Pre-2
WOOWOWOO,314,1,Pre,2,Library-1-Pre-2
WOOWOWOW,545,1,Pre,2,Library-1-Pre-2
WOOWOWWO,341,1,Pre,2,Library-1-Pre-2
WOOWOWWW,451,1,Pre,2,Library-1-Pre-2
WOOWWOOO,560,1,Pre,2,Library-1-Pre-2
WOOWWOOW,330,1,Pre,2,Library-1-Pre-2
WOOWWOWO,275,1,Pre,2,Library-1-Pre-2
WOOWWOWW,288,1,Pre,2,Library-1-Pre-2
WOOWWWOO,571,1,Pre,2,Library-1-Pre-2
WOOWWWOW,248,1,Pre,2,Library-1-Pre-2
WOOWWWWO,321,1,Pre,2,Library-1-Pre-2
WOOWWWWW,277,1,Pre,2,Library-1-Pre-2
WOWOOOOO,172,1,Pre,2,Library-1-Pre-2
WOWOOOOW,56,1,Pre,2,Library-1-Pre-2
WOWOOOWO,346,1,Pre,2,Library-1-Pre-2
WOWOOOWW,417,1,Pre,2,Library-1-Pre-2
WOWOOWOO,3,1,Pre,2,Library-1-Pre-2
WOWOOWOW,139,1,Pre,2,Library-1-Pre-2
WOWOOWWO,242,1,Pre,2,Library-1-Pre-2
WOWOOWWW,477,1,Pre,2,Library-1-Pre-2
WOWOWOOO,113,1,Pre,2,Library-1-Pre-2
WOWOWOOW,429,1,Pre,2,Library-1-Pre-2
WOWOWOWO,359,1,Pre,2,Library-1-Pre-2
WOWOWOWW,341,1,Pre,2,Library-1-Pre-2
WOWOWWOO,345,1,Pre,2,Library-1-Pre-2
WOWOWWOW,276,1,Pre,2,Library-1-Pre-2
WOWOWWWO,451,1,Pre,2,Library-1-Pre-2
WOWOWWWW,395,1,Pre,2,Library-1-Pre-2
WOWWOOOO,180,1,Pre,2,Library-1-Pre-2
WOWWOOOW,370,1,Pre,2,Library-1-Pre-2
WOWWOOWO,312,1,Pre,2,Library-1-Pre-2
WOWWOOWW,248,1,Pre,2,Library-1-Pre-2
WOWWOWOO,475,1,Pre,2,Library-1-Pre-2
WOWWOWOW,309,1,Pre,2,Library-1-Pre-2
WOWWOWWO,332,1,Pre,2,Library-1-Pre-2
WOWWOWWW,339,1,Pre,2,Library-1-Pre-2
WOWWWOOO,343,1,Pre,2,Library-1-Pre-2
WOWWWOOW,161,1,Pre,2,Library-1-Pre-2
WOWWWOWO,367,1,Pre,2,Library-1-Pre-2
WOWWWOWW,483,1,Pre,2,Library-1-Pre-2
WOWWWWOO,537,1,Pre,2,Library-1-Pre-2
WOWWWWOW,474,1,Pre,2,Library-1-Pre-2
WOWWWWWO,172,1,Pre,2,Library-1-Pre-2
WOWWWWWW,253,1,Pre,2,Library-1-Pre-2
WWOOOOOO,172,1,Pre,2,Library-1-Pre-2
WWOOOOOW,34,1,Pre,2,Library-1-Pre-2
WWOOOOWO,483,1,Pre,2,Library-1-Pre-2
WWOOOOWW,450,1,Pre,2,Library-1-Pre-2
WWOOOWOO,111,1,Pre,2,Library-1-Pre-2
WWOOOWOW,364,1,Pre,2,Library-1-Pre-2
WWOOOWWO,257,1,Pre,2,Library-1-Pre-2
WWOOOWWW,187,1,Pre,2,Library-1-Pre-2
WWOOWOOO,77,1,Pre,2,Library-1-Pre-2
WWOOWOOW,223,1,Pre,2,Library-1-Pre-2
WWOOWOWO,309,1,Pre,2,Library-1-Pre-2
WWOOWOWW,364,1,Pre,2,Library-1-Pre-2
WWOOWWOO,273,1,Pre,2,Library-1-Pre-2
WWOOWWOW,416,1,Pre,2,Library-1-Pre-2
WWOOWWWO,430,1,Pre,2,Library-1-Pre-2
WWOOWWWW,266,1,Pre,2,Library-1-Pre-2
WWOWOOOO,52,1,Pre,2,Library-1-Pre-2
WWOWOOOW,306,1,Pre,2,Library-1-Pre-2
WWOWOOWO,282,1,Pre,2,Library-1-Pre-2
WWOWOOWW,396,1,Pre,2,Library-1-Pre-2
WWOWOWOO,192,1,Pre,2,Library-1-Pre-2
WWOWOWOW,396,1,Pre,2,Library-1-Pre-2
WWOWOWWO,193,1,Pre,2,Library-1-Pre-2
WWOWOWWW,152,1,Pre,2,Library-1-Pre-2
WWOWWOOO,729,1,Pre,2,Library-1-Pre-2
WWOWWOOW,306,1,Pre,2,Library-1-Pre-2
WWOWWOWO,412,1,Pre,2,Library-1-Pre-2
WWOWWOWW,201,1,Pre,2,Library-1-Pre-2
WWOWWWOO,309,1,Pre,2,Library-1-Pre-2
WWOWWWOW,484,1,Pre,2,Library-1-Pre-2
WWOWWWWO,468,1,Pre,2,Library-1-Pre-2
WWOWWWWW,256,1,Pre,2,Library-1-Pre-2
WWWOOOOO,599,1,Pre,2,Library-1-Pre-2
WWWOOOOW,105,1,Pre,2,Library-1-Pre-2
WWWOOOWO,190,1,Pre,2,Library-1-Pre-2
WWWOOOWW,310,1,Pre,2,Library-1-Pre-2
WWWOOWOO,61,1,Pre,2,Library-1-Pre-2
WWWOOWOW,415,1,Pre,2,Library-1-Pre-2
WWWOOWWO,146,1,Pre,2,Library-1-Pre-2
WWWOOWWW,488,1,Pre,2,Library-1-Pre-2
WWWOWOOO,96,1,Pre,2,Library-1-Pre-2
WWWOWOOW,498,1,Pre,2,Library-1-Pre-2
WWWOWOWO,386,1,Pre,2,Library-1-Pre-2
WWWOWOWW,541,1,Pre,2,Library-1-Pre-2
WWWOWWOO,409,1,Pre,2,Library-1-Pre-2
WWWOWWOW,243,1,Pre,2,Library-1-Pre-2
WWWOWWWO,520,1,Pre,2,Library-1-Pre-2
WWWOWWWW,346,1,Pre,2,Library-1-Pre-2
WWWWOOOO,28,1,Pre,2,Library-1-Pre-2
WWWWOOOW,230,1,Pre,2,Library-1-Pre-2
WWWWOOWO,322,1,Pre,2,Library-1-Pre-2
WWWWOOWW,573,1,Pre,2,Library-1-Pre-2
WWWWOWOO,270,1,Pre,2,Library-1-Pre-2
WWWWOWOW,394,1,Pre,2,Library-1-Pre-2
WWWWOWWO,168,1,Pre,2,Library-1-Pre-2
WWWWOWWW,285,1,Pre,2,Library-1-Pre-2
WWWWWOOO,222,1,Pre,2,Library-1-Pre-2
WWWWWOOW,361,1,Pre,2,Library-1-Pre-2
WWWWWOWO,294,1,Pre,2,Library-1-Pre-2
WWWWWOWW,333,1,Pre,2,Library-1-Pre-2
WWWWWWOO,401,1,Pre,2,Library-1-Pre-2
WWWWWWOW,325,1,Pre,2,Library-1-Pre-2
WWWWWWWO,411,1,Pre,2,Library-1-Pre-2
WWWWWWWW,2837,1,Pre,2,Library-1-Pre-2
OOOOOOOO,75436,1,Pre,3,Library-1-Pre-3
OOOOOOOW,49206,1,Pre,3,Library-1-Pre-3
OOOOOOWO,81021,1,Pre,3,Library-1-Pre-3
OOOOOOWW,141952,1,Pre,3,Library-1-Pre-3
OOOOOWOO,11601,1,Pre,3,Library-1-Pre-3
OOOOOWOW,81375,1,Pre,3,Library-1-Pre-3
OOOOOWWO,105518,1,Pre,3,Library-1-Pre-3
OOOOOWWW,157596,1,Pre,3,Library-1-Pre-3
OOOOWOOO,28965,1,Pre,3,Library-1-Pre-3
OOOOWOOW,113328,1,Pre,3,Library-1-Pre-3
OOOOWOWO,171880,1,Pre,3,Library-1-Pre-3
OOOOWOWW,198389,1,Pre,3,Library-1-Pre-3
OOOOWWOO,171846,1,Pre,3,Library-1-Pre-3
OOOOWWOW,118025,1,Pre,3,Library-1-Pre-3
OOOOWWWO,134061,1,Pre,3,Library-1-Pre-3
OOOOWWWW,101413,1,Pre,3,Library-1-Pre-3
OOOWOOOO,7454,1,Pre,3,Library-1-Pre-3
OOOWOOOW,63603,1,Pre,3,Library-1-Pre-3
OOOWOOWO,158630,1,Pre,3,Library-1-Pre-3
OOOWOOWW,150724,1,Pre,3,Library-1-Pre-3
OOOWOWOO,165801,1,Pre,3,Library-1-Pre-3
OOOWOWOW,248591,1,Pre,3,Library-1-Pre-3
OOOWOWWO,169848,1,Pre,3,Library-1-Pre-3
OOOWOWWW,68330,1,Pre,3,Library-1-Pre-3
OOOWWOOO,103836,1,Pre,3,Library-1-Pre-3
OOOWWOOW,124323,1,Pre,3,Library-1-Pre-3
OOOWWOWO,105147,1,Pre,3,Library-1-Pre-3
OOOWWOWW,132835,1,Pre,3,Library-1-Pre-3
OOOWWWOO,175469,1,Pre,3,Library-1-Pre-3
OOOWWWOW,136129,1,Pre,3,Library-1-Pre-3
OOOWWWWO,89360,1,Pre,3,Library-1-Pre-3
OOOWWWWW,85117,1,Pre,3,Library-1-Pre-3
OOWOOOOO,108426,1,Pre,3,Library-1-Pre-3
OOWOOOOW,49496,1,Pre,3,Library-1-Pre-3
OOWOOOWO,158909,1,Pre,3,Library-1-Pre-3
OOWOOOWW,168999,1,Pre,3,Library-1-Pre-3
OOWOOWOO,6315,1,Pre,3,Library-1-Pre-3
OOWOOWOW,107405,1,Pre,3,Library-1-Pre-3
OOWOOWWO,120741,1,Pre,3,Library-1-Pre-3
OOWOOWWW,62462,1,Pre,3,Library-1-Pre-3
OOWOWOOO,38083,1,Pre,3,Library-1-Pre-3
OOWOWOOW,133508,1,Pre,3,Library-1-Pre-3
OOWOWOWO,155982,1,Pre,3,Library-1-Pre-3
OOWOWOWW,158370,1,Pre,3,Library-1-Pre-3
OOWOWWOO,153117,1,Pre,3,Library-1-Pre-3
OOWOWWOW,124724,1,Pre,3,Library-1-Pre-3
OOWOWWWO,128539,1,Pre,3,Library-1-Pre-3
OOWOWWWW,142778,1,Pre,3,Library-1-Pre-3
OOWWOOOO,60353,1,Pre,3,Library-1-Pre-3
OOWWOOOW,35051,1,Pre,3,Library-1-Pre-3
OOWWOOWO,175150,1,Pre,3,Library-1-Pre-3
OOWWOOWW,163200,1,Pre,3,Library-1-Pre-3
OOWWOWOO,108449,1,Pre,3,Library-1-Pre-3
OOWWOWOW,105681,1,Pre,3,Library-1-Pre-3
OOWWOWWO,142529,1,Pre,3,Library-1-Pre-3
OOWWOWWW,183496,1,Pre,3,Library-1-Pre-3
OOWWWOOO,98694,1,Pre,3,Library-1-Pre-3
OOWWWOOW,104748,1,Pre,3,Library-1-Pre-3
OOWWWOWO,135850,1,Pre,3,Library-1-Pre-3
OOWWWOWW,143928,1,Pre,3,Library-1-Pre-3
OOWWWWOO,142143,1,Pre,3,Library-1-Pre-3
OOWWWWOW,142357,1,Pre,3,Library-1-Pre-3
OOWWWWWO,84933,1,Pre,3,Library-1-Pre-3
OOWWWWWW,154862,1,Pre,3,Library-1-Pre-3
OWOOOOOO,59281,1,Pre,3,Library-1-Pre-3
OWOOOOOW,28195,1,Pre,3,Library-1-Pre-3
OWOOOOWO,188954,1,Pre,3,Library-1-Pre-3
OWOOOOWW,119037,1,Pre,3,Library-1-Pre-3
OWOOOWOO,47242,1,Pre,3,Library-1-Pre-3
OWOOOWOW,93387,1,Pre,3,Library-1-Pre-3
OWOOOWWO,142937,1,Pre,3,Library-1-Pre-3
OWOOOWWW,77331,1,Pre,3,Library-1-Pre-3
OWOOWOOO,50761,1,Pre,3,Library-1-Pre-3
OWOOWOOW,54356,1,Pre,3,Library-1-Pre-3
OWOOWOWO,92894,1,Pre,3,Library-1-Pre-3
OWOOWOWW,195371,1,Pre,3,Library-1-Pre-3
OWOOWWOO,124346,1,Pre,3,Library-1-Pre-3
OWOOWWOW,34594,1,Pre,3,Library-1-Pre-3
OWOOWWWO,140975,1,Pre,3,Library-1-Pre-3
OWOOWWWW,63064,1,Pre,3,Library-1-Pre-3
OWOWOOOO,85828,1,Pre,3,Library-1-Pre-3
OWOWOOOW,80912,1,Pre,3,Library-1-Pre-3
OWOWOOWO,179193,1,Pre,3,Library-1-Pre-3
OWOWOOWW,128917,1,Pre,3,Library-1-Pre-3
OWOWOWOO,73154,1,Pre,3,Library-1-Pre-3
OWOWOWOW,91378,1,Pre,3,Library-1-Pre-3
OWOWOWWO,71949,1,Pre,3,Library-1-Pre-3
OWOWOWWW,75795,1,Pre,3,Library-1-Pre-3
OWOWWOOO,167734,1,Pre,3,Library-1-Pre-3
OWOWWOOW,45314,1,Pre,3,Library-1-Pre-3
OWOWWOWO,72185,1,Pre,3,Library-1-Pre-3
OWOWWOWW,56090,1,Pre,3,Library-1-Pre-3
OWOWWWOO,132442,1,Pre,3,Library-1-Pre-3
OWOWWWOW,142436,1,Pre,3,Library-1-Pre-3
OWOWWWWO,121997,1,Pre,3,Library-1-Pre-3
OWOWWWWW,104285,1,Pre,3,Library-1-Pre-3
OWWOOOOO,108586,1,Pre,3,Library-1-Pre-3
OWWOOOOW,21719,1,Pre,3,Library-1-Pre-3
OWWOOOWO,118107,1,Pre,3,Library-1-Pre-3
OWWOOOWW,77594,1,Pre,3,Library-1-Pre-3
OWWOOWOO,6128,1,Pre,3,Library-1-Pre-3
OWWOOWOW,59275,1,Pre,3,Library-1-Pre-3
OWWOOWWO,86108,1,Pre,3,Library-1-Pre-3
OWWOOWWW,91368,1,Pre,3,Library-1-Pre-3
OWWOWOOO,31680,1,Pre,3,Library-1-Pre-3
OWWOWOOW,80602,1,Pre,3,Library-1-Pre-3
OWWOWOWO,86139,1,Pre,3,Library-1-Pre-3
OWWOWOWW,110719,1,Pre,3,Library-1-Pre-3
OWWOWWOO,171498,1,Pre,3,Library-1-Pre-3
OWWOWWOW,65426,1,Pre,3,Library-1-Pre-3
OWWOWWWO,128784,1,Pre,3,Library-1-Pre-3
OWWOWWWW,192593,1,Pre,3,Library-1-Pre-3
OWWWOOOO,18228,1,Pre,3,Library-1-Pre-3
OWWWOOOW,73264,1,Pre,3,Library-1-Pre-3
OWWWOOWO,146408,1,Pre,3,Library-1-Pre-3
OWWWOOWW,71907,1,Pre,3,Library-1-Pre-3
OWWWOWOO,134553,1,Pre,3,Library-1-Pre-3
OWWWOWOW,104516,1,Pre,3,Library-1-Pre-3
OWWWOWWO,95778,1,Pre,3,Library-1-Pre-3
OWWWOWWW,41093,1,Pre,3,Library-1-Pre-3
OWWWWOOO,67894,1,Pre,3,Library-1-Pre-3
OWWWWOOW,135221,1,Pre,3,Library-1-Pre-3
OWWWWOWO,138898,1,Pre,3,Library-1-Pre-3
OWWWWOWW,141367,1,Pre,3,Library-1-Pre-3
OWWWWWOO,99153,1,Pre,3,Library-1-Pre-3
OWWWWWOW,130889,1,Pre,3,Library-1-Pre-3
OWWWWWWO,180078,1,Pre,3,Library-1-Pre-3
OWWWWWWW,38056,1,Pre,3,Library-1-Pre-3
WOOOOOOO,60368,1,Pre,3,Library-1-Pre-3
WOOOOOOW,58274,1,Pre,3,Library-1-Pre-3
WOOOOOWO,124492,1,Pre,3,Library-1-Pre-3
WOOOOOWW,139840,1,Pre,3,Library-1-Pre-3
WOOOOWOO,55260,1,Pre,3,Library-1-Pre-3
WOOOOWOW,106182,1,Pre,3,Library-1-Pre-3
WOOOOWWO,114215,1,Pre,3,Library-1-Pre-3
WOOOOWWW,208753,1,Pre,3,Library-1-Pre-3
WOOOWOOO,31997,1,Pre,3,Library-1-Pre-3
WOOOWOOW,124250,1,Pre,3,Library-1-Pre-3
WOOOWOWO,118506,1,Pre,3,Library-1-Pre-3
WOOOWOWW,177370,1,Pre,3,Library-1-Pre-3
WOOOWWOO,181400,1,Pre,3,Library-1-Pre-3
WOOOWWOW,149071,1,Pre,3,Library-1-Pre-3
WOOOWWWO,169828,1,Pre,3,Library-1-Pre-3
WOOOWWWW,98795,1,Pre,3,Library-1-Pre-3
WOOWOOOO,66639,1,Pre,3,Library-1-Pre-3
WOOWOOOW,77044,1,Pre,3,Library-1-Pre-3
WOOWOOWO,214098,1,Pre,3,Library-1-Pre-3
WOOWOOWW,86659,1,Pre,3,Library-1-Pre-3
WOOWOWOO,93098,1,Pre,3,Library-1-Pre-3
WOOWOWOW,171328,1,Pre,3,Library-1-Pre-3
WOOWOWWO,113970,1,Pre,3,Library-1-Pre-3
WOOWOWWW,133951,1,Pre,3,Library-1-Pre-3
WOOWWOOO,174799,1,Pre,3,Library-1-Pre-3
WOOWWOOW,110435,1,Pre,3,Library-1-Pre-3
WOOWWOWO,96634,1,Pre,3,Library-1-Pre-3
WOOWWOWW,92461,1,Pre,3,Library-1-Pre-3
WOOWWWOO,190391,1,Pre,3,Library-1-Pre-3
WOOWWWOW,83301,1,Pre,3,Library-1-Pre-3
WOOWWWWO,105144,1,Pre,3,Library-1-Pre-3
WOOWWWWW,94844,1,Pre,3,Library-1-Pre-3
WOWOOOOO,56885,1,Pre,3,Library-1-Pre-3
WOWOOOOW,16836,1,Pre,3,Library-1-Pre-3
WOWOOOWO,115618,1,Pre,3,Library-1-Pre-3
WOWOOOWW,137869,1,Pre,3,Library-1-Pre-3
WOWOOWOO,765,1,Pre,3,Library-1-Pre-3
WOWOOWOW,42849,1,Pre,3,Library-1-Pre-3
WOWOOWWO,73621,1,Pre,3,Library-1-Pre-3
WOWOOWWW,148836,1,Pre,3,Library-1-Pre-3
WOWOWOOO,33027,1,Pre,3,Library-1-Pre-3
WOWOWOOW,128175,1,Pre,3,Library-1-Pre-3
WOWOWOWO,114433,1,Pre,3,Library-1-Pre-3
WOWOWOWW,110784,1,Pre,3,Library-1-Pre-3
WOWOWWOO,109748,1,Pre,3,Library-1-Pre-3
WOWOWWOW,84807,1,Pre,3,Library-1-Pre-3
WOWOWWWO,150114,1,Pre,3,Library-1-Pre-3
WOWOWWWW,134050,1,Pre,3,Library-1-Pre-3
WOWWOOOO,60314,1,Pre,3,Library-1-Pre-3
WOWWOOOW,117842,1,Pre,3,Library-1-Pre-3
WOWWOOWO,97217,1,Pre,3,Library-1-Pre-3
WOWWOOWW,77159,1,Pre,3,Library-1-Pre-3
WOWWOWOO,135704,1,Pre,3,Library-1-Pre-3
WOWWOWOW,87232,1,Pre,3,Library-1-Pre-3
WOWWOWWO,100300,1,Pre,3,Library-1-Pre-3
WOWWOWWW,107361,1,Pre,3,Library-1-Pre-3
WOWWWOOO,111419,1,Pre,3,Library-1-Pre-3
WOWWWOOW,50906,1,Pre,3,Library-1-Pre-3
WOWWWOWO,112245,1,Pre,3,Library-1-Pre-3
WOWWWOWW,150724,1,Pre,3,Library-1-Pre-3
WOWWWWOO,176607,1,Pre,3,Library-1-Pre-3
WOWWWWOW,163599,1,Pre,3,Library-1-Pre-3
WOWWWWWO,58638,1,Pre,3,Library-1-Pre-3
WOWWWWWW,86578,1,Pre,3,Library-1-Pre-3
WWOOOOOO,56282,1,Pre,3,Library-1-Pre-3
WWOOOOOW,10948,1,Pre,3,Library-1-Pre-3
WWOOOOWO,146946,1,Pre,3,Library-1-Pre-3
WWOOOOWW,140105,1,Pre,3,Library-1-Pre-3
WWOOOWOO,32943,1,Pre,3,Library-1-Pre-3
WWOOOWOW,108624,1,Pre,3,Library-1-Pre-3
WWOOOWWO,82450,1,Pre,3,Library-1-Pre-3
WWOOOWWW,69224,1,Pre,3,Library-1-Pre-3
WWOOWOOO,23210,1,Pre,3,Library-1-Pre-3
WWOOWOOW,71609,1,Pre,3,Library-1-Pre-3
WWOOWOWO,104419,1,Pre,3,Library-1-Pre-3
WWOOWOWW,109499,1,Pre,3,Library-1-Pre-3
WWOOWWOO,107998,1,Pre,3,Library-1-Pre-3
WWOOWWOW,143161,1,Pre,3,Library-1-Pre-3
WWOOWWWO,150205,1,Pre,3,Library-1-Pre-3
WWOOWWWW,85939,1,Pre,3,Library-1-Pre-3
WWOWOOOO,15047,1,Pre,3,Library-1-Pre-3
WWOWOOOW,83984,1,Pre,3,Library-1-Pre-3
WWOWOOWO,90944,1,Pre,3,Library-1-Pre-3
WWOWOOWW,136426,1,Pre,3,Library-1-Pre-3
WWOWOWOO,68403,1,Pre,3,Library-1-Pre-3
WWOWOWOW,126847,1,Pre,3,Library-1-Pre-3
WWOWOWWO,57760,1,Pre,3,Library-1-Pre-3
WWOWOWWW,59922,1,Pre,3,Library-1-Pre-3
WWOWWOOO,233999,1,Pre,3,Library-1-Pre-3
WWOWWOOW,98208,1,Pre,3,Library-1-Pre-3
WWOWWOWO,142301,1,Pre,3,Library-1-Pre-3
WWOWWOWW,65084,1,Pre,3,Library-1-Pre-3
WWOWWWOO,116274,1,Pre,3,Library-1-Pre-3
WWOWWWOW,147834,1,Pre,3,Library-1-Pre-3
WWOWWWWO,163582,1,Pre,3,Library-1-Pre-3
WWOWWWWW,84999,1,Pre,3,Library-1-Pre-3
WWWOOOOO,180676,1,Pre,3,Library-1-Pre-3
WWWOOOOW,31928,1,Pre,3,Library-1-Pre-3
WWWOOOWO,63253,1,Pre,3,Library-1-Pre-3
WWWOOOWW,104698,1,Pre,3,Library-1-Pre-3
WWWOOWOO,15820,1,Pre,3,Library-1-Pre-3
WWWOOWOW,124713,1,Pre,3,Library-1-Pre-3
WWWOOWWO,43650,1,Pre,3,Library-1-Pre-3
WWWOOWWW,159966,1,Pre,3,Library-1-Pre-3
WWWOWOOO,30775,1,Pre,3,Library-1-Pre-3
WWWOWOOW,156441,1,Pre,3,Library-1-Pre-3
WWWOWOWO,117909,1,Pre,3,Library-1-Pre-3
WWWOWOWW,178183,1,Pre,3,Library-1-Pre-3
WWWOWWOO,137123,1,Pre,3,Library-1-Pre-3
WWWOWWOW,84506,1,Pre,3,Library-1-Pre-3
WWWOWWWO,171695,1,Pre,3,Library-1-Pre-3
WWWOWWWW,104568,1,Pre,3,Library-1-Pre-3
WWWWOOOO,6205,1,Pre,3,Library-1-Pre-3
WWWWOOOW,71826,1,Pre,3,Library-1-Pre-3
WWWWOOWO,109436,1,Pre,3,Library-1-Pre-3
WWWWOOWW,185602,1,Pre,3,Library-1-Pre-3
WWWWOWOO,75211,1,Pre,3,Library-1-Pre-3
WWWWOWOW,134679,1,Pre,3,Library-1-Pre-3
WWWWOWWO,59307,1,Pre,3,Library-1-Pre-3
WWWWOWWW,101911,1,Pre,3,Library-1-Pre-3
WWWWWOOO,79479,1,Pre,3,Library-1-Pre-3
WWWWWOOW,114122,1,Pre,3,Library-1-Pre-3
WWWWWOWO,106044,1,Pre,3,Library-1-Pre-3
WWWWWOWW,104692,1,Pre,3,Library-1-Pre-3
WWWWWWOO,127053,1,Pre,3,Library-1-Pre-3
WWWWWWOW,98667,1,Pre,3,Library-1-Pre-3
WWWWWWWO,130911,1,Pre,3,Library-1-Pre-3
WWWWWWWW,951091,1,Pre,3,Library-1-Pre-3
OOOOOOOO,20392,2,Neg,2,Library-2-Neg-2
OOOOOOOW,9115,2,Neg,2,Library-2-Neg-2
OOOOOOWO,15976,2,Neg,2,Library-2-Neg-2
OOOOOOWW,52602,2,Neg,2,Library-2-Neg-2
OOOOOWOO,1185,2,Neg,2,Library-2-Neg-2
OOOOOWOW,9545,2,Neg,2,Library-2-Neg-2
OOOOOWWO,19691,2,Neg,2,Library-2-Neg-2
OOOOOWWW,42974,2,Neg,2,Library-2-Neg-2
OOOOWOOO,2569,2,Neg,2,Library-2-Neg-2
OOOOWOOW,43696,2,Neg,2,Library-2-Neg-2
OOOOWOWO,32241,2,Neg,2,Library-2-Neg-2
OOOOWOWW,31856,2,Neg,2,Library-2-Neg-2
OOOOWWOO,77201,2,Neg,2,Library-2-Neg-2
OOOOWWOW,31747,2,Neg,2,Library-2-Neg-2
OOOOWWWO,62612,2,Neg,2,Library-2-Neg-2
OOOOWWWW,22308,2,Neg,2,Library-2-Neg-2
OOOWOOOO,4231,2,Neg,2,Library-2-Neg-2
OOOWOOOW,21245,2,Neg,2,Library-2-Neg-2
OOOWOOWO,29131,2,Neg,2,Library-2-Neg-2
OOOWOOWW,17373,2,Neg,2,Library-2-Neg-2
OOOWOWOO,22213,2,Neg,2,Library-2-Neg-2
OOOWOWOW,39628,2,Neg,2,Library-2-Neg-2
OOOWOWWO,31974,2,Neg,2,Library-2-Neg-2
OOOWOWWW,13667,2,Neg,2,Library-2-Neg-2
OOOWWOOO,19971,2,Neg,2,Library-2-Neg-2
OOOWWOOW,18409,2,Neg,2,Library-2-Neg-2
OOOWWOWO,21731,2,Neg,2,Library-2-Neg-2
OOOWWOWW,53203,2,Neg,2,Library-2-Neg-2
OOOWWWOO,17168,2,Neg,2,Library-2-Neg-2
OOOWWWOW,32550,2,Neg,2,Library-2-Neg-2
OOOWWWWO,25181,2,Neg,2,Library-2-Neg-2
OOOWWWWW,13761,2,Neg,2,Library-2-Neg-2
OOWOOOOO,35654,2,Neg,2,Library-2-Neg-2
OOWOOOOW,11532,2,Neg,2,Library-2-Neg-2
OOWOOOWO,30876,2,Neg,2,Library-2-Neg-2
OOWOOOWW,24724,2,Neg,2,Library-2-Neg-2
OOWOOWOO,2562,2,Neg,2,Library-2-Neg-2
OOWOOWOW,22890,2,Neg,2,Library-2-Neg-2
OOWOOWWO,14810,2,Neg,2,Library-2-Neg-2
OOWOOWWW,19456,2,Neg,2,Library-2-Neg-2
OOWOWOOO,4220,2,Neg,2,Library-2-Neg-2
OOWOWOOW,19054,2,Neg,2,Library-2-Neg-2
OOWOWOWO,19473,2,Neg,2,Library-2-Neg-2
OOWOWOWW,39131,2,Neg,2,Library-2-Neg-2
OOWOWWOO,54666,2,Neg,2,Library-2-Neg-2
OOWOWWOW,33405,2,Neg,2,Library-2-Neg-2
OOWOWWWO,26710,2,Neg,2,Library-2-Neg-2
OOWOWWWW,32369,2,Neg,2,Library-2-Neg-2
OOWWOOOO,18541,2,Neg,2,Library-2-Neg-2
OOWWOOOW,27058,2,Neg,2,Library-2-Neg-2
OOWWOOWO,36648,2,Neg,2,Library-2-Neg-2
OOWWOOWW,29012,2,Neg,2,Library-2-Neg-2
OOWWOWOO,30204,2,Neg,2,Library-2-Neg-2
OOWWOWOW,15141,2,Neg,2,Library-2-Neg-2
OOWWOWWO,36019,2,Neg,2,Library-2-Neg-2
OOWWOWWW,35750,2,Neg,2,Library-2-Neg-2
OOWWWOOO,32712,2,Neg,2,Library-2-Neg-2
OOWWWOOW,11784,2,Neg,2,Library-2-Neg-2
OOWWWOWO,11986,2,Neg,2,Library-2-Neg-2
OOWWWOWW,24937,2,Neg,2,Library-2-Neg-2
OOWWWWOO,65193,2,Neg,2,Library-2-Neg-2
OOWWWWOW,36496,2,Neg,2,Library-2-Neg-2
OOWWWWWO,10227,2,Neg,2,Library-2-Neg-2
OOWWWWWW,16684,2,Neg,2,Library-2-Neg-2
OWOOOOOO,7760,2,Neg,2,Library-2-Neg-2
OWOOOOOW,3450,2,Neg,2,Library-2-Neg-2
OWOOOOWO,38651,2,Neg,2,Library-2-Neg-2
OWOOOOWW,9657,2,Neg,2,Library-2-Neg-2
OWOOOWOO,6794,2,Neg,2,Library-2-Neg-2
OWOOOWOW,7150,2,Neg,2,Library-2-Neg-2
OWOOOWWO,27175,2,Neg,2,Library-2-Neg-2
OWOOOWWW,9879,2,Neg,2,Library-2-Neg-2
OWOOWOOO,5864,2,Neg,2,Library-2-Neg-2
OWOOWOOW,15336,2,Neg,2,Library-2-Neg-2
OWOOWOWO,26758,2,Neg,2,Library-2-Neg-2
OWOOWOWW,47484,2,Neg,2,Library-2-Neg-2
OWOOWWOO,37255,2,Neg,2,Library-2-Neg-2
OWOOWWOW,21440,2,Neg,2,Library-2-Neg-2
OWOOWWWO,47910,2,Neg,2,Library-2-Neg-2
OWOOWWWW,18506,2,Neg,2,Library-2-Neg-2
OWOWOOOO,12145,2,Neg,2,Library-2-Neg-2
OWOWOOOW,20052,2,Neg,2,Library-2-Neg-2
OWOWOOWO,30730,2,Neg,2,Library-2-Neg-2
OWOWOOWW,51910,2,Neg,2,Library-2-Neg-2
OWOWOWOO,17772,2,Neg,2,Library-2-Neg-2
OWOWOWOW,20640,2,Neg,2,Library-2-Neg-2
OWOWOWWO,21181,2,Neg,2,Library-2-Neg-2
OWOWOWWW,29677,2,Neg,2,Library-2-Neg-2
OWOWWOOO,44251,2,Neg,2,Library-2-Neg-2
OWOWWOOW,18342,2,Neg,2,Library-2-Neg-2
OWOWWOWO,28654,2,Neg,2,Library-2-Neg-2
OWOWWOWW,16443,2,Neg,2,Library-2-Neg-2
OWOWWWOO,34442,2,Neg,2,Library-2-Neg-2
OWOWWWOW,14773,2,Neg,2,Library-2-Neg-2
OWOWWWWO,22372,2,Neg,2,Library-2-Neg-2
OWOWWWWW,30718,2,Neg,2,Library-2-Neg-2
OWWOOOOO,27377,2,Neg,2,Library-2-Neg-2
OWWOOOOW,7471,2,Neg,2,Library-2-Neg-2
OWWOOOWO,22669,2,Neg,2,Library-2-Neg-2
OWWOOOWW,41922,2,Neg,2,Library-2-Neg-2
OWWOOWOO,1486,2,Neg,2,Library-2-Neg-2
OWWOOWOW,19982,2,Neg,2,Library-2-Neg-2
OWWOOWWO,26068,2,Neg,2,Library-2-Neg-2
OWWOOWWW,25483,2,Neg,2,Library-2-Neg-2
OWWOWOOO,4503,2,Neg,2,Library-2-Neg-2
OWWOWOOW,20031,2,Neg,2,Library-2-Neg-2
OWWOWOWO,23256,2,Neg,2,Library-2-Neg-2
OWWOWOWW,22208,2,Neg,2,Library-2-Neg-2
OWWOWWOO,46751,2,Neg,2,Library-2-Neg-2
OWWOWWOW,12988,2,Neg,2,Library-2-Neg-2
OWWOWWWO,42685,2,Neg,2,Library-2-Neg-2
OWWOWWWW,33417,2,Neg,2,Library-2-Neg-2
OWWWOOOO,415,2,Neg,2,Library-2-Neg-2
OWWWOOOW,31586,2,Neg,2,Library-2-Neg-2
OWWWOOWO,34772,2,Neg,2,Library-2-Neg-2
OWWWOOWW,21413,2,Neg,2,Library-2-Neg-2
OWWWOWOO,37973,2,Neg,2,Library-2-Neg-2
OWWWOWOW,12892,2,Neg,2,Library-2-Neg-2
OWWWOWWO,23538,2,Neg,2,Library-2-Neg-2
OWWWOWWW,9940,2,Neg,2,Library-2-Neg-2
OWWWWOOO,26638,2,Neg,2,Library-2-Neg-2
OWWWWOOW,17133,2,Neg,2,Library-2-Neg-2
OWWWWOWO,72940,2,Neg,2,Library-2-Neg-2
OWWWWOWW,28856,2,Neg,2,Library-2-Neg-2
OWWWWWOO,24850,2,Neg,2,Library-2-Neg-2
OWWWWWOW,29459,2,Neg,2,Library-2-Neg-2
OWWWWWWO,34573,2,Neg,2,Library-2-Neg-2
OWWWWWWW,14467,2,Neg,2,Library-2-Neg-2
WOOOOOOO,65295,2,Neg,2,Library-2-Neg-2
WOOOOOOW,15417,2,Neg,2,Library-2-Neg-2
WOOOOOWO,43114,2,Neg,2,Library-2-Neg-2
WOOOOOWW,73406,2,Neg,2,Library-2-Neg-2
WOOOOWOO,45849,2,Neg,2,Library-2-Neg-2
WOOOOWOW,42610,2,Neg,2,Library-2-Neg-2
WOOOOWWO,23850,2,Neg,2,Library-2-Neg-2
WOOOOWWW,43209,2,Neg,2,Library-2-Neg-2
WOOOWOOO,1358,2,Neg,2,Library-2-Neg-2
WOOOWOOW,58076,2,Neg,2,Library-2-Neg-2
WOOOWOWO,24775,2,Neg,2,Library-2-Neg-2
WOOOWOWW,57731,2,Neg,2,Library-2-Neg-2
WOOOWWOO,41918,2,Neg,2,Library-2-Neg-2
WOOOWWOW,20028,2,Neg,2,Library-2-Neg-2
WOOOWWWO,45515,2,Neg,2,Library-2-Neg-2
WOOOWWWW,21706,2,Neg,2,Library-2-Neg-2
WOOWOOOO,12612,2,Neg,2,Library-2-Neg-2
WOOWOOOW,33652,2,Neg,2,Library-2-Neg-2
WOOWOOWO,30312,2,Neg,2,Library-2-Neg-2
WOOWOOWW,29075,2,Neg,2,Library-2-Neg-2
WOOWOWOO,21844,2,Neg,2,Library-2-Neg-2
WOOWOWOW,48053,2,Neg,2,Library-2-Neg-2
WOOWOWWO,26010,2,Neg,2,Library-2-Neg-2
WOOWOWWW,34801,2,Neg,2,Library-2-Neg-2
WOOWWOOO,42890,2,Neg,2,Library-2-Neg-2
WOOWWOOW,19492,2,Neg,2,Library-2-Neg-2
WOOWWOWO,7669,2,Neg,2,Library-2-Neg-2
WOOWWOWW,10616,2,Neg,2,Library-2-Neg-2
WOOWWWOO,33130,2,Neg,2,Library-2-Neg-2
WOOWWWOW,18485,2,Neg,2,Library-2-Neg-2
WOOWWWWO,22297,2,Neg,2,Library-2-Neg-2
WOOWWWWW,25957,2,Neg,2,Library-2-Neg-2
WOWOOOOO,32728,2,Neg,2,Library-2-Neg-2
WOWOOOOW,1944,2,Neg,2,Library-2-Neg-2
WOWOOOWO,48532,2,Neg,2,Library-2-Neg-2
WOWOOOWW,42469,2,Neg,2,Library-2-Neg-2
WOWOOWOO,308,2,Neg,2,Library-2-Neg-2
WOWOOWOW,28688,2,Neg,2,Library-2-Neg-2
WOWOOWWO,14170,2,Neg,2,Library-2-Neg-2
WOWOOWWW,5747,2,Neg,2,Library-2-Neg-2
WOWOWOOO,6095,2,Neg,2,Library-2-Neg-2
WOWOWOOW,13588,2,Neg,2,Library-2-Neg-2
WOWOWOWO,46425,2,Neg,2,Library-2-Neg-2
WOWOWOWW,19899,2,Neg,2,Library-2-Neg-2
WOWOWWOO,22686,2,Neg,2,Library-2-Neg-2
WOWOWWOW,23314,2,Neg,2,Library-2-Neg-2
WOWOWWWO,29254,2,Neg,2,Library-2-Neg-2
WOWOWWWW,34008,2,Neg,2,Library-2-Neg-2
WOWWOOOO,3288,2,Neg,2,Library-2-Neg-2
WOWWOOOW,12040,2,Neg,2,Library-2-Neg-2
WOWWOOWO,27570,2,Neg,2,Library-2-Neg-2
WOWWOOWW,26507,2,Neg,2,Library-2-Neg-2
WOWWOWOO,17353,2,Neg,2,Library-2-Neg-2
WOWWOWOW,18729,2,Neg,2,Library-2-Neg-2
WOWWOWWO,64055,2,Neg,2,Library-2-Neg-2
WOWWOWWW,22016,2,Neg,2,Library-2-Neg-2
WOWWWOOO,15996,2,Neg,2,Library-2-Neg-2
WOWWWOOW,26719,2,Neg,2,Library-2-Neg-2
WOWWWOWO,15066,2,Neg,2,Library-2-Neg-2
WOWWWOWW,30000,2,Neg,2,Library-2-Neg-2
WOWWWWOO,38059,2,Neg,2,Library-2-Neg-2
WOWWWWOW,28074,2,Neg,2,Library-2-Neg-2
WOWWWWWO,26646,2,Neg,2,Library-2-Neg-2
WOWWWWWW,35711,2,Neg,2,Library-2-Neg-2
WWOOOOOO,8441,2,Neg,2,Library-2-Neg-2
WWOOOOOW,2169,2,Neg,2,Library-2-Neg-2
WWOOOOWO,27195,2,Neg,2,Library-2-Neg-2
WWOOOOWW,32876,2,Neg,2,Library-2-Neg-2
WWOOOWOO,5861,2,Neg,2,Library-2-Neg-2
WWOOOWOW,33660,2,Neg,2,Library-2-Neg-2
WWOOOWWO,17331,2,Neg,2,Library-2-Neg-2
WWOOOWWW,12561,2,Neg,2,Library-2-Neg-2
WWOOWOOO,882,2,Neg,2,Library-2-Neg-2
WWOOWOOW,11714,2,Neg,2,Library-2-Neg-2
WWOOWOWO,45807,2,Neg,2,Library-2-Neg-2
WWOOWOWW,34790,2,Neg,2,Library-2-Neg-2
WWOOWWOO,8399,2,Neg,2,Library-2-Neg-2
WWOOWWOW,28555,2,Neg,2,Library-2-Neg-2
WWOOWWWO,47720,2,Neg,2,Library-2-Neg-2
WWOOWWWW,6094,2,Neg,2,Library-2-Neg-2
WWOWOOOO,5105,2,Neg,2,Library-2-Neg-2
WWOWOOOW,20435,2,Neg,2,Library-2-Neg-2
WWOWOOWO,47922,2,Neg,2,Library-2-Neg-2
WWOWOOWW,22103,2,Neg,2,Library-2-Neg-2
WWOWOWOO,12809,2,Neg,2,Library-2-Neg-2
WWOWOWOW,27991,2,Neg,2,Library-2-Neg-2
WWOWOWWO,31802,2,Neg,2,Library-2-Neg-2
WWOWOWWW,33479,2,Neg,2,Library-2-Neg-2
WWOWWOOO,17249,2,Neg,2,Library-2-Neg-2
WWOWWOOW,20031,2,Neg,2,Library-2-Neg-2
WWOWWOWO,27353,2,Neg,2,Library-2-Neg-2
WWOWWOWW,25657,2,Neg,2,Library-2-Neg-2
WWOWWWOO,21412,2,Neg,2,Library-2-Neg-2
WWOWWWOW,55201,2,Neg,2,Library-2-Neg-2
WWOWWWWO,32470,2,Neg,2,Library-2-Neg-2
WWOWWWWW,22177,2,Neg,2,Library-2-Neg-2
WWWOOOOO,53039,2,Neg,2,Library-2-Neg-2
WWWOOOOW,6992,2,Neg,2,Library-2-Neg-2
WWWOOOWO,12900,2,Neg,2,Library-2-Neg-2
WWWOOOWW,29681,2,Neg,2,Library-2-Neg-2
WWWOOWOO,2876,2,Neg,2,Library-2-Neg-2
WWWOOWOW,10850,2,Neg,2,Library-2-Neg-2
WWWOOWWO,23398,2,Neg,2,Library-2-Neg-2
WWWOOWWW,25392,2,Neg,2,Library-2-Neg-2
WWWOWOOO,2554,2,Neg,2,Library-2-Neg-2
WWWOWOOW,35428,2,Neg,2,Library-2-Neg-2
WWWOWOWO,31387,2,Neg,2,Library-2-Neg-2
WWWOWOWW,27211,2,Neg,2,Library-2-Neg-2
WWWOWWOO,27552,2,Neg,2,Library-2-Neg-2
WWWOWWOW,22866,2,Neg,2,Library-2-Neg-2
WWWOWWWO,43224,2,Neg,2,Library-2-Neg-2
WWWOWWWW,26332,2,Neg,2,Library-2-Neg-2
WWWWOOOO,3232,2,Neg,2,Library-2-Neg-2
WWWWOOOW,24772,2,Neg,2,Library-2-Neg-2
WWWWOOWO,11146,2,Neg,2,Library-2-Neg-2
WWWWOOWW,42625,2,Neg,2,Library-2-Neg-2
WWWWOWOO,40414,2,Neg,2,Library-2-Neg-2
WWWWOWOW,13655,2,Neg,2,Library-2-Neg-2
WWWWOWWO,30755,2,Neg,2,Library-2-Neg-2
WWWWOWWW,13639,2,Neg,2,Library-2-Neg-2
WWWWWOOO,34942,2,Neg,2,Library-2-Neg-2
WWWWWOOW,35253,2,Neg,2,Library-2-Neg-2
WWWWWOWO,18203,2,Neg,2,Library-2-Neg-2
WWWWWOWW,31488,2,Neg,2,Library-2-Neg-2
WWWWWWOO,40403,2,Neg,2,Library-2-Neg-2
WWWWWWOW,32252,2,Neg,2,Library-2-Neg-2
WWWWWWWO,29751,2,Neg,2,Library-2-Neg-2
WWWWWWWW,208089,2,Neg,2,Library-2-Neg-2
OOOOOOOO,61074,2,Neg,3,Library-2-Neg-3
OOOOOOOW,26403,2,Neg,3,Library-2-Neg-3
OOOOOOWO,46727,2,Neg,3,Library-2-Neg-3
OOOOOOWW,158752,2,Neg,3,Library-2-Neg-3
OOOOOWOO,3050,2,Neg,3,Library-2-Neg-3
OOOOOWOW,28618,2,Neg,3,Library-2-Neg-3
OOOOOWWO,59556,2,Neg,3,Library-2-Neg-3
OOOOOWWW,132335,2,Neg,3,Library-2-Neg-3
OOOOWOOO,7254,2,Neg,3,Library-2-Neg-3
OOOOWOOW,128576,2,Neg,3,Library-2-Neg-3
OOOOWOWO,93794,2,Neg,3,Library-2-Neg-3
OOOOWOWW,93778,2,Neg,3,Library-2-Neg-3
OOOOWWOO,232968,2,Neg,3,Library-2-Neg-3
OOOOWWOW,95047,2,Neg,3,Library-2-Neg-3
OOOOWWWO,185762,2,Neg,3,Library-2-Neg-3
OOOOWWWW,65544,2,Neg,3,Library-2-Neg-3
OOOWOOOO,12384,2,Neg,3,Library-2-Neg-3
OOOWOOOW,62417,2,Neg,3,Library-2-Neg-3
OOOWOOWO,86609,2,Neg,3,Library-2-Neg-3
OOOWOOWW,50364,2,Neg,3,Library-2-Neg-3
OOOWOWOO,68411,2,Neg,3,Library-2-Neg-3
OOOWOWOW,116388,2,Neg,3,Library-2-Neg-3
OOOWOWWO,97977,2,Neg,3,Library-2-Neg-3
OOOWOWWW,42038,2,Neg,3,Library-2-Neg-3
OOOWWOOO,56041,2,Neg,3,Library-2-Neg-3
OOOWWOOW,53859,2,Neg,3,Library-2-Neg-3
OOOWWOWO,64016,2,Neg,3,Library-2-Neg-3
OOOWWOWW,155994,2,Neg,3,Library-2-Neg-3
OOOWWWOO,50324,2,Neg,3,Library-2-Neg-3
OOOWWWOW,100251,2,Neg,3,Library-2-Neg-3
OOOWWWWO,75650,2,Neg,3,Library-2-Neg-3
OOOWWWWW,39893,2,Neg,3,Library-2-Neg-3
OOWOOOOO,105998,2,Neg,3,Library-2-Neg-3
OOWOOOOW,34758,2,Neg,3,Library-2-Neg-3
OOWOOOWO,93506,2,Neg,3,Library-2-Neg-3
OOWOOOWW,75565,2,Neg,3,Library-2-Neg-3
OOWOOWOO,7416,2,Neg,3,Library-2-Neg-3
OOWOOWOW,71312,2,Neg,3,Library-2-Neg-3
OOWOOWWO,45322,2,Neg,3,Library-2-Neg-3
OOWOOWWW,60876,2,Neg,3,Library-2-Neg-3
OOWOWOOO,12552,2,Neg,3,Library-2-Neg-3
OOWOWOOW,56568,2,Neg,3,Library-2-Neg-3
OOWOWOWO,58368,2,Neg,3,Library-2-Neg-3
OOWOWOWW,118374,2,Neg,3,Library-2-Neg-3
OOWOWWOO,166534,2,Neg,3,Library-2-Neg-3
OOWOWWOW,102012,2,Neg,3,Library-2-Neg-3
OOWOWWWO,82506,2,Neg,3,Library-2-Neg-3
OOWOWWWW,100177,2,Neg,3,Library-2-Neg-3
OOWWOOOO,55316,2,Neg,3,Library-2-Neg-3
OOWWOOOW,81759,2,Neg,3,Library-2-Neg-3
OOWWOOWO,111895,2,Neg,3,Library-2-Neg-3
OOWWOOWW,87723,2,Neg,3,Library-2-Neg-3
OOWWOWOO,92424,2,Neg,3,Library-2-Neg-3
OOWWOWOW,48335,2,Neg,3,Library-2-Neg-3
OOWWOWWO,109233,2,Neg,3,Library-2-Neg-3
OOWWOWWW,109889,2,Neg,3,Library-2-Neg-3
OOWWWOOO,97056,2,Neg,3,Library-2-Neg-3
OOWWWOOW,35540,2,Neg,3,Library-2-Neg-3
OOWWWOWO,34302,2,Neg,3,Library-2-Neg-3
OOWWWOWW,73728,2,Neg,3,Library-2-Neg-3
OOWWWWOO,199475,2,Neg,3,Library-2-Neg-3
OOWWWWOW,111843,2,Neg,3,Library-2-Neg-3
OOWWWWWO,30315,2,Neg,3,Library-2-Neg-3
OOWWWWWW,51038,2,Neg,3,Library-2-Neg-3
OWOOOOOO,22786,2,Neg,3,Library-2-Neg-3
OWOOOOOW,10353,2,Neg,3,Library-2-Neg-3
OWOOOOWO,118287,2,Neg,3,Library-2-Neg-3
OWOOOOWW,27865,2,Neg,3,Library-2-Neg-3
OWOOOWOO,19283,2,Neg,3,Library-2-Neg-3
OWOOOWOW,21491,2,Neg,3,Library-2-Neg-3
OWOOOWWO,84479,2,Neg,3,Library-2-Neg-3
OWOOOWWW,29941,2,Neg,3,Library-2-Neg-3
OWOOWOOO,17041,2,Neg,3,Library-2-Neg-3
OWOOWOOW,46469,2,Neg,3,Library-2-Neg-3
OWOOWOWO,79986,2,Neg,3,Library-2-Neg-3
OWOOWOWW,141441,2,Neg,3,Library-2-Neg-3
OWOOWWOO,112402,2,Neg,3,Library-2-Neg-3
OWOOWWOW,65774,2,Neg,3,Library-2-Neg-3
OWOOWWWO,143281,2,Neg,3,Library-2-Neg-3
OWOOWWWW,55663,2,Neg,3,Library-2-Neg-3
OWOWOOOO,35873,2,Neg,3,Library-2-Neg-3
OWOWOOOW,59491,2,Neg,3,Library-2-Neg-3
OWOWOOWO,90741,2,Neg,3,Library-2-Neg-3
OWOWOOWW,154574,2,Neg,3,Library-2-Neg-3
OWOWOWOO,53322,2,Neg,3,Library-2-Neg-3
OWOWOWOW,62256,2,Neg,3,Library-2-Neg-3
OWOWOWWO,62958,2,Neg,3,Library-2-Neg-3
OWOWOWWW,91871,2,Neg,3,Library-2-Neg-3
OWOWWOOO,131471,2,Neg,3,Library-2-Neg-3
OWOWWOOW,53913,2,Neg,3,Library-2-Neg-3
OWOWWOWO,83672,2,Neg,3,Library-2-Neg-3
OWOWWOWW,48344,2,Neg,3,Library-2-Neg-3
OWOWWWOO,104976,2,Neg,3,Library-2-Neg-3
OWOWWWOW,44698,2,Neg,3,Library-2-Neg-3
OWOWWWWO,66181,2,Neg,3,Library-2-Neg-3
OWOWWWWW,93605,2,Neg,3,Library-2-Neg-3
OWWOOOOO,83737,2,Neg,3,Library-2-Neg-3
OWWOOOOW,22536,2,Neg,3,Library-2-Neg-3
OWWOOOWO,68086,2,Neg,3,Library-2-Neg-3
OWWOOOWW,127378,2,Neg,3,Library-2-Neg-3
OWWOOWOO,4482,2,Neg,3,Library-2-Neg-3
OWWOOWOW,62740,2,Neg,3,Library-2-Neg-3
OWWOOWWO,81241,2,Neg,3,Library-2-Neg-3
OWWOOWWW,79497,2,Neg,3,Library-2-Neg-3
OWWOWOOO,13491,2,Neg,3,Library-2-Neg-3
OWWOWOOW,59648,2,Neg,3,Library-2-Neg-3
OWWOWOWO,69474,2,Neg,3,Library-2-Neg-3
OWWOWOWW,66128,2,Neg,3,Library-2-Neg-3
OWWOWWOO,143882,2,Neg,3,Library-2-Neg-3
OWWOWWOW,39898,2,Neg,3,Library-2-Neg-3
OWWOWWWO,128338,2,Neg,3,Library-2-Neg-3
OWWOWWWW,103925,2,Neg,3,Library-2-Neg-3
OWWWOOOO,826,2,Neg,3,Library-2-Neg-3
OWWWOOOW,96152,2,Neg,3,Library-2-Neg-3
OWWWOOWO,102464,2,Neg,3,Library-2-Neg-3
OWWWOOWW,63502,2,Neg,3,Library-2-Neg-3
OWWWOWOO,116840,2,Neg,3,Library-2-Neg-3
OWWWOWOW,39284,2,Neg,3,Library-2-Neg-3
OWWWOWWO,72252,2,Neg,3,Library-2-Neg-3
OWWWOWWW,28871,2,Neg,3,Library-2-Neg-3
OWWWWOOO,80616,2,Neg,3,Library-2-Neg-3
OWWWWOOW,51955,2,Neg,3,Library-2-Neg-3
OWWWWOWO,219145,2,Neg,3,Library-2-Neg-3
OWWWWOWW,85915,2,Neg,3,Library-2-Neg-3
OWWWWWOO,76279,2,Neg,3,Library-2-Neg-3
OWWWWWOW,90640,2,Neg,3,Library-2-Neg-3
OWWWWWWO,105707,2,Neg,3,Library-2-Neg-3
OWWWWWWW,42707,2,Neg,3,Library-2-Neg-3
WOOOOOOO,185400,2,Neg,3,Library-2-Neg-3
WOOOOOOW,42291,2,Neg,3,Library-2-Neg-3
WOOOOOWO,122902,2,Neg,3,Library-2-Neg-3
WOOOOOWW,210443,2,Neg,3,Library-2-Neg-3
WOOOOWOO,131328,2,Neg,3,Library-2-Neg-3
WOOOOWOW,124153,2,Neg,3,Library-2-Neg-3
WOOOOWWO,69293,2,Neg,3,Library-2-Neg-3
WOOOOWWW,127761,2,Neg,3,Library-2-Neg-3
WOOOWOOO,3636,2,Neg,3,Library-2-Neg-3
WOOOWOOW,166112,2,Neg,3,Library-2-Neg-3
WOOOWOWO,68362,2,Neg,3,Library-2-Neg-3
WOOOWOWW,163817,2,Neg,3,Library-2-Neg-3
WOOOWWOO,121174,2,Neg,3,Library-2-Neg-3
WOOOWWOW,57094,2,Neg,3,Library-2-Neg-3
WOOOWWWO,130673,2,Neg,3,Library-2-Neg-3
WOOOWWWW,63322,2,Neg,3,Library-2-Neg-3
WOOWOOOO,34606,2,Neg,3,Library-2-Neg-3
WOOWOOOW,94250,2,Neg,3,Library-2-Neg-3
WOOWOOWO,84424,2,Neg,3,Library-2-Neg-3
WOOWOOWW,82689,2,Neg,3,Library-2-Neg-3
WOOWOWOO,62640,2,Neg,3,Library-2-Neg-3
WOOWOWOW,141066,2,Neg,3,Library-2-Neg-3
WOOWOWWO,74257,2,Neg,3,Library-2-Neg-3
WOOWOWWW,102569,2,Neg,3,Library-2-Neg-3
WOOWWOOO,120940,2,Neg,3,Library-2-Neg-3
WOOWWOOW,53419,2,Neg,3,Library-2-Neg-3
WOOWWOWO,21135,2,Neg,3,Library-2-Neg-3
WOOWWOWW,28581,2,Neg,3,Library-2-Neg-3
WOOWWWOO,94052,2,Neg,3,Library-2-Neg-3
WOOWWWOW,52824,2,Neg,3,Library-2-Neg-3
WOOWWWWO,63695,2,Neg,3,Library-2-Neg-3
WOOWWWWW,75943,2,Neg,3,Library-2-Neg-3
WOWOOOOO,95039,2,Neg,3,Library-2-Neg-3
WOWOOOOW,5256,2,Neg,3,Library-2-Neg-3
WOWOOOWO,139430,2,Neg,3,Library-2-Neg-3
WOWOOOWW,124177,2,Neg,3,Library-2-Neg-3
WOWOOWOO,585,2,Neg,3,Library-2-Neg-3
WOWOOWOW,83998,2,Neg,3,Library-2-Neg-3
WOWOOWWO,43046,2,Neg,3,Library-2-Neg-3
WOWOOWWW,16306,2,Neg,3,Library-2-Neg-3
WOWOWOOO,18303,2,Neg,3,Library-2-Neg-3
WOWOWOOW,38605,2,Neg,3,Library-2-Neg-3
WOWOWOWO,132507,2,Neg,3,Library-2-Neg-3
WOWOWOWW,57346,2,Neg,3,Library-2-Neg-3
WOWOWWOO,65383,2,Neg,3,Library-2-Neg-3
WOWOWWOW,68341,2,Neg,3,Library-2-Neg-3
WOWOWWWO,86988,2,Neg,3,Library-2-Neg-3
WOWOWWWW,99723,2,Neg,3,Library-2-Neg-3
WOWWOOOO,9341,2,Neg,3,Library-2-Neg-3
WOWWOOOW,35482,2,Neg,3,Library-2-Neg-3
WOWWOOWO,79349,2,Neg,3,Library-2-Neg-3
WOWWOOWW,75412,2,Neg,3,Library-2-Neg-3
WOWWOWOO,50024,2,Neg,3,Library-2-Neg-3
WOWWOWOW,54906,2,Neg,3,Library-2-Neg-3
WOWWOWWO,187118,2,Neg,3,Library-2-Neg-3
WOWWOWWW,63543,2,Neg,3,Library-2-Neg-3
WOWWWOOO,45179,2,Neg,3,Library-2-Neg-3
WOWWWOOW,75670,2,Neg,3,Library-2-Neg-3
WOWWWOWO,42782,2,Neg,3,Library-2-Neg-3
WOWWWOWW,85696,2,Neg,3,Library-2-Neg-3
WOWWWWOO,111100,2,Neg,3,Library-2-Neg-3
WOWWWWOW,83316,2,Neg,3,Library-2-Neg-3
WOWWWWWO,78091,2,Neg,3,Library-2-Neg-3
WOWWWWWW,106902,2,Neg,3,Library-2-Neg-3
WWOOOOOO,23925,2,Neg,3,Library-2-Neg-3
WWOOOOOW,5975,2,Neg,3,Library-2-Neg-3
WWOOOOWO,77581,2,Neg,3,Library-2-Neg-3
WWOOOOWW,96053,2,Neg,3,Library-2-Neg-3
WWOOOWOO,16213,2,Neg,3,Library-2-Neg-3
WWOOOWOW,98689,2,Neg,3,Library-2-Neg-3
WWOOOWWO,50342,2,Neg,3,Library-2-Neg-3
WWOOOWWW,36482,2,Neg,3,Library-2-Neg-3
WWOOWOOO,2320,2,Neg,3,Library-2-Neg-3
WWOOWOOW,32569,2,Neg,3,Library-2-Neg-3
WWOOWOWO,132025,2,Neg,3,Library-2-Neg-3
WWOOWOWW,99963,2,Neg,3,Library-2-Neg-3
WWOOWWOO,24593,2,Neg,3,Library-2-Neg-3
WWOOWWOW,85617,2,Neg,3,Library-2-Neg-3
WWOOWWWO,139826,2,Neg,3,Library-2-Neg-3
WWOOWWWW,16833,2,Neg,3,Library-2-Neg-3
WWOWOOOO,13985,2,Neg,3,Library-2-Neg-3
WWOWOOOW,58898,2,Neg,3,Library-2-Neg-3
WWOWOOWO,138201,2,Neg,3,Library-2-Neg-3
WWOWOOWW,62012,2,Neg,3,Library-2-Neg-3
WWOWOWOO,36209,2,Neg,3,Library-2-Neg-3
WWOWOWOW,82547,2,Neg,3,Library-2-Neg-3
WWOWOWWO,95062,2,Neg,3,Library-2-Neg-3
WWOWOWWW,99101,2,Neg,3,Library-2-Neg-3
WWOWWOOO,47832,2,Neg,3,Library-2-Neg-3
WWOWWOOW,56747,2,Neg,3,Library-2-Neg-3
WWOWWOWO,77375,2,Neg,3,Library-2-Neg-3
WWOWWOWW,72130,2,Neg,3,Library-2-Neg-3
WWOWWWOO,60802,2,Neg,3,Library-2-Neg-3
WWOWWWOW,161168,2,Neg,3,Library-2-Neg-3
WWOWWWWO,94831,2,Neg,3,Library-2-Neg-3
WWOWWWWW,63718,2,Neg,3,Library-2-Neg-3
WWWOOOOO,154030,2,Neg,3,Library-2-Neg-3
WWWOOOOW,21118,2,Neg,3,Library-2-Neg-3
WWWOOOWO,37985,2,Neg,3,Library-2-Neg-3
WWWOOOWW,85734,2,Neg,3,Library-2-Neg-3
WWWOOWOO,8124,2,Neg,3,Library-2-Neg-3
WWWOOWOW,31610,2,Neg,3,Library-2-Neg-3
WWWOOWWO,69520,2,Neg,3,Library-2-Neg-3
WWWOOWWW,76599,2,Neg,3,Library-2-Neg-3
WWWOWOOO,7503,2,Neg,3,Library-2-Neg-3
WWWOWOOW,102150,2,Neg,3,Library-2-Neg-3
WWWOWOWO,91105,2,Neg,3,Library-2-Neg-3
WWWOWOWW,77315,2,Neg,3,Library-2-Neg-3
WWWOWWOO,81031,2,Neg,3,Library-2-Neg-3
WWWOWWOW,69212,2,Neg,3,Library-2-Neg-3
WWWOWWWO,130267,2,Neg,3,Library-2-Neg-3
WWWOWWWW,79998,2,Neg,3,Library-2-Neg-3
WWWWOOOO,9330,2,Neg,3,Library-2-Neg-3
WWWWOOOW,71211,2,Neg,3,Library-2-Neg-3
WWWWOOWO,31028,2,Neg,3,Library-2-Neg-3
WWWWOOWW,127677,2,Neg,3,Library-2-Neg-3
WWWWOWOO,121591,2,Neg,3,Library-2-Neg-3
WWWWOWOW,39492,2,Neg,3,Library-2-Neg-3
WWWWOWWO,91191,2,Neg,3,Library-2-Neg-3
WWWWOWWW,40946,2,Neg,3,Library-2-Neg-3
WWWWWOOO,101635,2,Neg,3,Library-2-Neg-3
WWWWWOOW,102390,2,Neg,3,Library-2-Neg-3
WWWWWOWO,51066,2,Neg,3,Library-2-Neg-3
WWWWWOWW,91696,2,Neg,3,Library-2-Neg-3
WWWWWWOO,118823,2,Neg,3,Library-2-Neg-3
WWWWWWOW,94704,2,Neg,3,Library-2-Neg-3
WWWWWWWO,85373,2,Neg,3,Library-2-Neg-3
WWWWWWWW,624470,2,Neg,3,Library-2-Neg-3
OOOOOOOO,3,2,Pos,2,Library-2-Pos-2
OOOOOOOW,1,2,Pos,2,Library-2-Pos-2
OOOOOOWO,1,2,Pos,2,Library-2-Pos-2
OOOOOWOW,3,2,Pos,2,Library-2-Pos-2
OOOOWOOW,9,2,Pos,2,Library-2-Pos-2
OOOOWOWO,2,2,Pos,2,Library-2-Pos-2
OOOOWOWW,1,2,Pos,2,Library-2-Pos-2
OOOOWWOO,7,2,Pos,2,Library-2-Pos-2
OOOOWWOW,1,2,Pos,2,Library-2-Pos-2
OOOOWWWO,2,2,Pos,2,Library-2-Pos-2
OOOWOOOW,3,2,Pos,2,Library-2-Pos-2
OOOWOWOO,6,2,Pos,2,Library-2-Pos-2
OOOWOWOW,5,2,Pos,2,Library-2-Pos-2
OOOWOWWW,1,2,Pos,2,Library-2-Pos-2
OOOWWOOW,2,2,Pos,2,Library-2-Pos-2
OOOWWOWO,2,2,Pos,2,Library-2-Pos-2
OOOWWOWW,4,2,Pos,2,Library-2-Pos-2
OOOWWWOO,1,2,Pos,2,Library-2-Pos-2
OOOWWWOW,6,2,Pos,2,Library-2-Pos-2
OOWOOOOO,9,2,Pos,2,Library-2-Pos-2
OOWOOOWO,1,2,Pos,2,Library-2-Pos-2
OOWOOWOW,8,2,Pos,2,Library-2-Pos-2
OOWOWOOO,1,2,Pos,2,Library-2-Pos-2
OOWOWOOW,2,2,Pos,2,Library-2-Pos-2
OOWOWOWO,1,2,Pos,2,Library-2-Pos-2
OOWOWOWW,1,2,Pos,2,Library-2-Pos-2
OOWOWWOO,9,2,Pos,2,Library-2-Pos-2
OOWOWWOW,2,2,Pos,2,Library-2-Pos-2
OOWOWWWW,2,2,Pos,2,Library-2-Pos-2
OOWWOOOO,2,2,Pos,2,Library-2-Pos-2
OOWWOOOW,4,2,Pos,2,Library-2-Pos-2
OOWWOOWO,6,2,Pos,2,Library-2-Pos-2
OOWWOOWW,3,2,Pos,2,Library-2-Pos-2
OOWWOWOO,6,2,Pos,2,Library-2-Pos-2
OOWWOWOW,1,2,Pos,2,Library-2-Pos-2
OOWWWOOO,3,2,Pos,2,Library-2-Pos-2
OOWWWOOW,4,2,Pos,2,Library-2-Pos-2
OOWWWOWO,1,2,Pos,2,Library-2-Pos-2
OOWWWOWW,2,2,Pos,2,Library-2-Pos-2
OOWWWWOO,3,2,Pos,2,Library-2-Pos-2
OOWWWWOW,3,2,Pos,2,Library-2-Pos-2
OOWWWWWW,11,2,Pos,2,Library-2-Pos-2
OWOOOOOO,3,2,Pos,2,Library-2-Pos-2
OWOOOOWO,2,2,Pos,2,Library-2-Pos-2
OWOOOWOW,2,2,Pos,2,Library-2-Pos-2
OWOOWOWO,1,2,Pos,2,Library-2-Pos-2
OWOOWWOW,1,2,Pos,2,Library-2-Pos-2
OWOOWWWO,3,2,Pos,2,Library-2-Pos-2
OWOOWWWW,1,2,Pos,2,Library-2-Pos-2
OWOWOOOW,1,2,Pos,2,Library-2-Pos-2
OWOWOOWO,1,2,Pos,2,Library-2-Pos-2
OWOWOOWW,1,2,Pos,2,Library-2-Pos-2
OWOWOWOO,1,2,Pos,2,Library-2-Pos-2
OWOWWOOO,1,2,Pos,2,Library-2-Pos-2
OWOWWOOW,1,2,Pos,2,Library-2-Pos-2
OWOWWOWO,2,2,Pos,2,Library-2-Pos-2
OWOWWWOW,1,2,Pos,2,Library-2-Pos-2
OWOWWWWO,2,2,Pos,2,Library-2-Pos-2
OWWOOOOO,5,2,Pos,2,Library-2-Pos-2
OWWOOOOW,1,2,Pos,2,Library-2-Pos-2
OWWOOOWO,1,2,Pos,2,Library-2-Pos-2
OWWOOWOW,4,2,Pos,2,Library-2-Pos-2
OWWOWOOO,3,2,Pos,2,Library-2-Pos-2
OWWOWOWO,1,2,Pos,2,Library-2-Pos-2
OWWOWWOO,7,2,Pos,2,Library-2-Pos-2
OWWOWWOW,1,2,Pos,2,Library-2-Pos-2
OWWOWWWW,5,2,Pos,2,Library-2-Pos-2
OWWWOOOO,1,2,Pos,2,Library-2-Pos-2
OWWWOOOW,6,2,Pos,2,Library-2-Pos-2
OWWWOOWO,4,2,Pos,2,Library-2-Pos-2
OWWWOOWW,1,2,Pos,2,Library-2-Pos-2
OWWWOWOO,4,2,Pos,2,Library-2-Pos-2
OWWWOWOW,1,2,Pos,2,Library-2-Pos-2
OWWWWOOO,5,2,Pos,2,Library-2-Pos-2
OWWWWOOW,6,2,Pos,2,Library-2-Pos-2
OWWWWOWO,1,2,Pos,2,Library-2-Pos-2
OWWWWOWW,2,2,Pos,2,Library-2-Pos-2
OWWWWWOO,4,2,Pos,2,Library-2-Pos-2
OWWWWWOW,5,2,Pos,2,Library-2-Pos-2
OWWWWWWO,2,2,Pos,2,Library-2-Pos-2
OWWWWWWW,2,2,Pos,2,Library-2-Pos-2
WOOOOOOO,4,2,Pos,2,Library-2-Pos-2
WOOOOWOO,2,2,Pos,2,Library-2-Pos-2
WOOOOWWW,2,2,Pos,2,Library-2-Pos-2
WOOOWOOW,2,2,Pos,2,Library-2-Pos-2
WOOOWWOO,2,2,Pos,2,Library-2-Pos-2
WOOOWWOW,3,2,Pos,2,Library-2-Pos-2
WOOOWWWW,2,2,Pos,2,Library-2-Pos-2
WOOWOOOO,2,2,Pos,2,Library-2-Pos-2
WOOWOOOW,1,2,Pos,2,Library-2-Pos-2
WOOWOWOO,1,2,Pos,2,Library-2-Pos-2
WOOWOWOW,3,2,Pos,2,Library-2-Pos-2
WOOWOWWW,2,2,Pos,2,Library-2-Pos-2
WOOWWOOO,1,2,Pos,2,Library-2-Pos-2
WOOWWOOW,1,2,Pos,2,Library-2-Pos-2
WOOWWOWO,1,2,Pos,2,Library-2-Pos-2
WOOWWOWW,1,2,Pos,2,Library-2-Pos-2
WOOWWWOW,1,2,Pos,2,Library-2-Pos-2
WOOWWWWW,1,2,Pos,2,Library-2-Pos-2
WOWOOOOO,8,2,Pos,2,Library-2-Pos-2
WOWOOWOO,1,2,Pos,2,Library-2-Pos-2
WOWOOWWO,1,2,Pos,2,Library-2-Pos-2
WOWOWOOW,2,2,Pos,2,Library-2-Pos-2
WOWOWOWW,1,2,Pos,2,Library-2-Pos-2
WOWOWWOO,3,2,Pos,2,Library-2-Pos-2
WOWOWWOW,4,2,Pos,2,Library-2-Pos-2
WOWOWWWO,1,2,Pos,2,Library-2-Pos-2
WOWWOOOW,6,2,Pos,2,Library-2-Pos-2
WOWWOOWO,4,2,Pos,2,Library-2-Pos-2
WOWWOOWW,3,2,Pos,2,Library-2-Pos-2
WOWWOWOO,1,2,Pos,2,Library-2-Pos-2
WOWWOWOW,6,2,Pos,2,Library-2-Pos-2
WOWWOWWW,3,2,Pos,2,Library-2-Pos-2
WOWWWOOO,1,2,Pos,2,Library-2-Pos-2
WOWWWOOW,2,2,Pos,2,Library-2-Pos-2
WOWWWOWW,1,2,Pos,2,Library-2-Pos-2
WOWWWWOO,6,2,Pos,2,Library-2-Pos-2
WOWWWWOW,6,2,Pos,2,Library-2-Pos-2
WOWWWWWO,3,2,Pos,2,Library-2-Pos-2
WOWWWWWW,1,2,Pos,2,Library-2-Pos-2
WWOOOOOO,2,2,Pos,2,Library-2-Pos-2
WWOOOOWO,1,2,Pos,2,Library-2-Pos-2
WWOOOWOW,2,2,Pos,2,Library-2-Pos-2
WWOOWOOO,1,2,Pos,2,Library-2-Pos-2
WWOOWOOW,2,2,Pos,2,Library-2-Pos-2
WWOOWOWO,1,2,Pos,2,Library-2-Pos-2
WWOOWOWW,1,2,Pos,2,Library-2-Pos-2
WWOOWWOO,1,2,Pos,2,Library-2-Pos-2
WWOOWWOW,2,2,Pos,2,Library-2-Pos-2
WWOOWWWW,1,2,Pos,2,Library-2-Pos-2
WWOWOOOW,1,2,Pos,2,Library-2-Pos-2
WWOWOOWW,1,2,Pos,2,Library-2-Pos-2
WWOWOWOO,1,2,Pos,2,Library-2-Pos-2
WWOWOWOW,2,2,Pos,2,Library-2-Pos-2
WWOWWOOW,1,2,Pos,2,Library-2-Pos-2
WWOWWWOW,1,2,Pos,2,Library-2-Pos-2
WWOWWWWO,1,2,Pos,2,Library-2-Pos-2
WWWOOOOO,13,2,Pos,2,Library-2-Pos-2
WWWOOOWO,1,2,Pos,2,Library-2-Pos-2
WWWOOWOW,1,2,Pos,2,Library-2-Pos-2
WWWOWOOW,2,2,Pos,2,Library-2-Pos-2
WWWOWOWW,2,2,Pos,2,Library-2-Pos-2
WWWOWWOO,3,2,Pos,2,Library-2-Pos-2
WWWOWWWW,5,2,Pos,2,Library-2-Pos-2
WWWWOOOW,6,2,Pos,2,Library-2-Pos-2
WWWWOWOO,6,2,Pos,2,Library-2-Pos-2
WWWWOWOW,1,2,Pos,2,Library-2-Pos-2
WWWWWOOO,2,2,Pos,2,Library-2-Pos-2
WWWWWOOW,5,2,Pos,2,Library-2-Pos-2
WWWWWOWO,1,2,Pos,2,Library-2-Pos-2
WWWWWOWW,1,2,Pos,2,Library-2-Pos-2
WWWWWWOO,3,2,Pos,2,Library-2-Pos-2
WWWWWWOW,4,2,Pos,2,Library-2-Pos-2
WWWWWWWO,1,2,Pos,2,Library-2-Pos-2
WWWWWWWW,24,2,Pos,2,Library-2-Pos-2
OOOOOOOO,328668,2,Pos,3,Library-2-Pos-3
OOOOOOOW,166738,2,Pos,3,Library-2-Pos-3
OOOOOOWO,113286,2,Pos,3,Library-2-Pos-3
OOOOOOWW,43987,2,Pos,3,Library-2-Pos-3
OOOOOWOO,16074,2,Pos,3,Library-2-Pos-3
OOOOOWOW,162362,2,Pos,3,Library-2-Pos-3
OOOOOWWO,16300,2,Pos,3,Library-2-Pos-3
OOOOOWWW,57512,2,Pos,3,Library-2-Pos-3
OOOOWOOO,126604,2,Pos,3,Library-2-Pos-3
OOOOWOOW,525656,2,Pos,3,Library-2-Pos-3
OOOOWOWO,268159,2,Pos,3,Library-2-Pos-3
OOOOWOWW,70356,2,Pos,3,Library-2-Pos-3
OOOOWWOO,646590,2,Pos,3,Library-2-Pos-3
OOOOWWOW,159681,2,Pos,3,Library-2-Pos-3
OOOOWWWO,254167,2,Pos,3,Library-2-Pos-3
OOOOWWWW,163332,2,Pos,3,Library-2-Pos-3
OOOWOOOO,35966,2,Pos,3,Library-2-Pos-3
OOOWOOOW,201284,2,Pos,3,Library-2-Pos-3
OOOWOOWO,85704,2,Pos,3,Library-2-Pos-3
OOOWOOWW,56395,2,Pos,3,Library-2-Pos-3
OOOWOWOO,269772,2,Pos,3,Library-2-Pos-3
OOOWOWOW,565607,2,Pos,3,Library-2-Pos-3
OOOWOWWO,17148,2,Pos,3,Library-2-Pos-3
OOOWOWWW,71991,2,Pos,3,Library-2-Pos-3
OOOWWOOO,164704,2,Pos,3,Library-2-Pos-3
OOOWWOOW,171823,2,Pos,3,Library-2-Pos-3
OOOWWOWO,131510,2,Pos,3,Library-2-Pos-3
OOOWWOWW,77938,2,Pos,3,Library-2-Pos-3
OOOWWWOO,157271,2,Pos,3,Library-2-Pos-3
OOOWWWOW,190171,2,Pos,3,Library-2-Pos-3
OOOWWWWO,53916,2,Pos,3,Library-2-Pos-3
OOOWWWWW,136459,2,Pos,3,Library-2-Pos-3
OOWOOOOO,1025364,2,Pos,3,Library-2-Pos-3
OOWOOOOW,117704,2,Pos,3,Library-2-Pos-3
OOWOOOWO,264170,2,Pos,3,Library-2-Pos-3
OOWOOOWW,79843,2,Pos,3,Library-2-Pos-3
OOWOOWOO,55799,2,Pos,3,Library-2-Pos-3
OOWOOWOW,522180,2,Pos,3,Library-2-Pos-3
OOWOOWWO,27376,2,Pos,3,Library-2-Pos-3
OOWOOWWW,24968,2,Pos,3,Library-2-Pos-3
OOWOWOOO,90708,2,Pos,3,Library-2-Pos-3
OOWOWOOW,421882,2,Pos,3,Library-2-Pos-3
OOWOWOWO,207896,2,Pos,3,Library-2-Pos-3
OOWOWOWW,132348,2,Pos,3,Library-2-Pos-3
OOWOWWOO,989552,2,Pos,3,Library-2-Pos-3
OOWOWWOW,391558,2,Pos,3,Library-2-Pos-3
OOWOWWWO,153379,2,Pos,3,Library-2-Pos-3
OOWOWWWW,266654,2,Pos,3,Library-2-Pos-3
OOWWOOOO,358480,2,Pos,3,Library-2-Pos-3
OOWWOOOW,509151,2,Pos,3,Library-2-Pos-3
OOWWOOWO,504364,2,Pos,3,Library-2-Pos-3
OOWWOOWW,258512,2,Pos,3,Library-2-Pos-3
OOWWOWOO,721970,2,Pos,3,Library-2-Pos-3
OOWWOWOW,397099,2,Pos,3,Library-2-Pos-3
OOWWOWWO,93253,2,Pos,3,Library-2-Pos-3
OOWWOWWW,219756,2,Pos,3,Library-2-Pos-3
OOWWWOOO,454758,2,Pos,3,Library-2-Pos-3
OOWWWOOW,299367,2,Pos,3,Library-2-Pos-3
OOWWWOWO,171311,2,Pos,3,Library-2-Pos-3
OOWWWOWW,258892,2,Pos,3,Library-2-Pos-3
OOWWWWOO,589896,2,Pos,3,Library-2-Pos-3
OOWWWWOW,745935,2,Pos,3,Library-2-Pos-3
OOWWWWWO,112238,2,Pos,3,Library-2-Pos-3
OOWWWWWW,399582,2,Pos,3,Library-2-Pos-3
OWOOOOOO,250696,2,Pos,3,Library-2-Pos-3
OWOOOOOW,32638,2,Pos,3,Library-2-Pos-3
OWOOOOWO,86027,2,Pos,3,Library-2-Pos-3
OWOOOOWW,18152,2,Pos,3,Library-2-Pos-3
OWOOOWOO,54146,2,Pos,3,Library-2-Pos-3
OWOOOWOW,84766,2,Pos,3,Library-2-Pos-3
OWOOOWWO,4786,2,Pos,3,Library-2-Pos-3
OWOOOWWW,27905,2,Pos,3,Library-2-Pos-3
OWOOWOOO,95507,2,Pos,3,Library-2-Pos-3
OWOOWOOW,122309,2,Pos,3,Library-2-Pos-3
OWOOWOWO,154173,2,Pos,3,Library-2-Pos-3
OWOOWOWW,99304,2,Pos,3,Library-2-Pos-3
OWOOWWOO,353466,2,Pos,3,Library-2-Pos-3
OWOOWWOW,184770,2,Pos,3,Library-2-Pos-3
OWOOWWWO,167955,2,Pos,3,Library-2-Pos-3
OWOOWWWW,216709,2,Pos,3,Library-2-Pos-3
OWOWOOOO,65430,2,Pos,3,Library-2-Pos-3
OWOWOOOW,137555,2,Pos,3,Library-2-Pos-3
OWOWOOWO,86022,2,Pos,3,Library-2-Pos-3
OWOWOOWW,118577,2,Pos,3,Library-2-Pos-3
OWOWOWOO,172226,2,Pos,3,Library-2-Pos-3
OWOWOWOW,183191,2,Pos,3,Library-2-Pos-3
OWOWOWWO,17889,2,Pos,3,Library-2-Pos-3
OWOWOWWW,162486,2,Pos,3,Library-2-Pos-3
OWOWWOOO,196130,2,Pos,3,Library-2-Pos-3
OWOWWOOW,107956,2,Pos,3,Library-2-Pos-3
OWOWWOWO,35326,2,Pos,3,Library-2-Pos-3
OWOWWOWW,43964,2,Pos,3,Library-2-Pos-3
OWOWWWOO,205316,2,Pos,3,Library-2-Pos-3
OWOWWWOW,111766,2,Pos,3,Library-2-Pos-3
OWOWWWWO,77519,2,Pos,3,Library-2-Pos-3
OWOWWWWW,176479,2,Pos,3,Library-2-Pos-3
OWWOOOOO,518849,2,Pos,3,Library-2-Pos-3
OWWOOOOW,90483,2,Pos,3,Library-2-Pos-3
OWWOOOWO,97181,2,Pos,3,Library-2-Pos-3
OWWOOOWW,26997,2,Pos,3,Library-2-Pos-3
OWWOOWOO,19870,2,Pos,3,Library-2-Pos-3
OWWOOWOW,152300,2,Pos,3,Library-2-Pos-3
OWWOOWWO,10178,2,Pos,3,Library-2-Pos-3
OWWOOWWW,69922,2,Pos,3,Library-2-Pos-3
OWWOWOOO,114363,2,Pos,3,Library-2-Pos-3
OWWOWOOW,258192,2,Pos,3,Library-2-Pos-3
OWWOWOWO,66886,2,Pos,3,Library-2-Pos-3
OWWOWOWW,53510,2,Pos,3,Library-2-Pos-3
OWWOWWOO,725285,2,Pos,3,Library-2-Pos-3
OWWOWWOW,349861,2,Pos,3,Library-2-Pos-3
OWWOWWWO,116987,2,Pos,3,Library-2-Pos-3
OWWOWWWW,286285,2,Pos,3,Library-2-Pos-3
OWWWOOOO,31588,2,Pos,3,Library-2-Pos-3
OWWWOOOW,559799,2,Pos,3,Library-2-Pos-3
OWWWOOWO,264340,2,Pos,3,Library-2-Pos-3
OWWWOOWW,72337,2,Pos,3,Library-2-Pos-3
OWWWOWOO,555317,2,Pos,3,Library-2-Pos-3
OWWWOWOW,326488,2,Pos,3,Library-2-Pos-3
OWWWOWWO,21984,2,Pos,3,Library-2-Pos-3
OWWWOWWW,91925,2,Pos,3,Library-2-Pos-3
OWWWWOOO,233150,2,Pos,3,Library-2-Pos-3
OWWWWOOW,351017,2,Pos,3,Library-2-Pos-3
OWWWWOWO,164374,2,Pos,3,Library-2-Pos-3
OWWWWOWW,67354,2,Pos,3,Library-2-Pos-3
OWWWWWOO,275272,2,Pos,3,Library-2-Pos-3
OWWWWWOW,517963,2,Pos,3,Library-2-Pos-3
OWWWWWWO,206652,2,Pos,3,Library-2-Pos-3
OWWWWWWW,228132,2,Pos,3,Library-2-Pos-3
WOOOOOOO,648575,2,Pos,3,Library-2-Pos-3
WOOOOOOW,61692,2,Pos,3,Library-2-Pos-3
WOOOOOWO,67319,2,Pos,3,Library-2-Pos-3
WOOOOOWW,10342,2,Pos,3,Library-2-Pos-3
WOOOOWOO,225129,2,Pos,3,Library-2-Pos-3
WOOOOWOW,258797,2,Pos,3,Library-2-Pos-3
WOOOOWWO,6153,2,Pos,3,Library-2-Pos-3
WOOOOWWW,53436,2,Pos,3,Library-2-Pos-3
WOOOWOOO,27064,2,Pos,3,Library-2-Pos-3
WOOOWOOW,336146,2,Pos,3,Library-2-Pos-3
WOOOWOWO,79383,2,Pos,3,Library-2-Pos-3
WOOOWOWW,53773,2,Pos,3,Library-2-Pos-3
WOOOWWOO,440933,2,Pos,3,Library-2-Pos-3
WOOOWWOW,319783,2,Pos,3,Library-2-Pos-3
WOOOWWWO,52506,2,Pos,3,Library-2-Pos-3
WOOOWWWW,95721,2,Pos,3,Library-2-Pos-3
WOOWOOOO,140970,2,Pos,3,Library-2-Pos-3
WOOWOOOW,205099,2,Pos,3,Library-2-Pos-3
WOOWOOWO,94333,2,Pos,3,Library-2-Pos-3
WOOWOOWW,33915,2,Pos,3,Library-2-Pos-3
WOOWOWOO,236719,2,Pos,3,Library-2-Pos-3
WOOWOWOW,401248,2,Pos,3,Library-2-Pos-3
WOOWOWWO,23817,2,Pos,3,Library-2-Pos-3
WOOWOWWW,97218,2,Pos,3,Library-2-Pos-3
WOOWWOOO,358762,2,Pos,3,Library-2-Pos-3
WOOWWOOW,226726,2,Pos,3,Library-2-Pos-3
WOOWWOWO,19518,2,Pos,3,Library-2-Pos-3
WOOWWOWW,27101,2,Pos,3,Library-2-Pos-3
WOOWWWOO,212437,2,Pos,3,Library-2-Pos-3
WOOWWWOW,202313,2,Pos,3,Library-2-Pos-3
WOOWWWWO,49824,2,Pos,3,Library-2-Pos-3
WOOWWWWW,176500,2,Pos,3,Library-2-Pos-3
WOWOOOOO,732975,2,Pos,3,Library-2-Pos-3
WOWOOOOW,38226,2,Pos,3,Library-2-Pos-3
WOWOOOWO,104002,2,Pos,3,Library-2-Pos-3
WOWOOOWW,22347,2,Pos,3,Library-2-Pos-3
WOWOOWOO,49507,2,Pos,3,Library-2-Pos-3
WOWOOWOW,178676,2,Pos,3,Library-2-Pos-3
WOWOOWWO,1738,2,Pos,3,Library-2-Pos-3
WOWOOWWW,32733,2,Pos,3,Library-2-Pos-3
WOWOWOOO,105066,2,Pos,3,Library-2-Pos-3
WOWOWOOW,365903,2,Pos,3,Library-2-Pos-3
WOWOWOWO,124419,2,Pos,3,Library-2-Pos-3
WOWOWOWW,53675,2,Pos,3,Library-2-Pos-3
WOWOWWOO,503492,2,Pos,3,Library-2-Pos-3
WOWOWWOW,310772,2,Pos,3,Library-2-Pos-3
WOWOWWWO,78557,2,Pos,3,Library-2-Pos-3
WOWOWWWW,167562,2,Pos,3,Library-2-Pos-3
WOWWOOOO,199075,2,Pos,3,Library-2-Pos-3
WOWWOOOW,593416,2,Pos,3,Library-2-Pos-3
WOWWOOWO,252915,2,Pos,3,Library-2-Pos-3
WOWWOOWW,97205,2,Pos,3,Library-2-Pos-3
WOWWOWOO,434711,2,Pos,3,Library-2-Pos-3
WOWWOWOW,435898,2,Pos,3,Library-2-Pos-3
WOWWOWWO,56249,2,Pos,3,Library-2-Pos-3
WOWWOWWW,111090,2,Pos,3,Library-2-Pos-3
WOWWWOOO,264087,2,Pos,3,Library-2-Pos-3
WOWWWOOW,283674,2,Pos,3,Library-2-Pos-3
WOWWWOWO,149220,2,Pos,3,Library-2-Pos-3
WOWWWOWW,150210,2,Pos,3,Library-2-Pos-3
WOWWWWOO,749747,2,Pos,3,Library-2-Pos-3
WOWWWWOW,519448,2,Pos,3,Library-2-Pos-3
WOWWWWWO,133200,2,Pos,3,Library-2-Pos-3
WOWWWWWW,256581,2,Pos,3,Library-2-Pos-3
WWOOOOOO,270716,2,Pos,3,Library-2-Pos-3
WWOOOOOW,42283,2,Pos,3,Library-2-Pos-3
WWOOOOWO,27728,2,Pos,3,Library-2-Pos-3
WWOOOOWW,13540,2,Pos,3,Library-2-Pos-3
WWOOOWOO,30474,2,Pos,3,Library-2-Pos-3
WWOOOWOW,260733,2,Pos,3,Library-2-Pos-3
WWOOOWWO,23081,2,Pos,3,Library-2-Pos-3
WWOOOWWW,10853,2,Pos,3,Library-2-Pos-3
WWOOWOOO,45509,2,Pos,3,Library-2-Pos-3
WWOOWOOW,118562,2,Pos,3,Library-2-Pos-3
WWOOWOWO,86244,2,Pos,3,Library-2-Pos-3
WWOOWOWW,18962,2,Pos,3,Library-2-Pos-3
WWOOWWOO,151961,2,Pos,3,Library-2-Pos-3
WWOOWWOW,301706,2,Pos,3,Library-2-Pos-3
WWOOWWWO,50391,2,Pos,3,Library-2-Pos-3
WWOOWWWW,111261,2,Pos,3,Library-2-Pos-3
WWOWOOOO,75204,2,Pos,3,Library-2-Pos-3
WWOWOOOW,229280,2,Pos,3,Library-2-Pos-3
WWOWOOWO,96403,2,Pos,3,Library-2-Pos-3
WWOWOOWW,22319,2,Pos,3,Library-2-Pos-3
WWOWOWOO,122356,2,Pos,3,Library-2-Pos-3
WWOWOWOW,281982,2,Pos,3,Library-2-Pos-3
WWOWOWWO,5524,2,Pos,3,Library-2-Pos-3
WWOWOWWW,47076,2,Pos,3,Library-2-Pos-3
WWOWWOOO,144138,2,Pos,3,Library-2-Pos-3
WWOWWOOW,100654,2,Pos,3,Library-2-Pos-3
WWOWWOWO,74479,2,Pos,3,Library-2-Pos-3
WWOWWOWW,50961,2,Pos,3,Library-2-Pos-3
WWOWWWOO,159376,2,Pos,3,Library-2-Pos-3
WWOWWWOW,208595,2,Pos,3,Library-2-Pos-3
WWOWWWWO,63694,2,Pos,3,Library-2-Pos-3
WWOWWWWW,185929,2,Pos,3,Library-2-Pos-3
WWWOOOOO,1237125,2,Pos,3,Library-2-Pos-3
WWWOOOOW,68942,2,Pos,3,Library-2-Pos-3
WWWOOOWO,43101,2,Pos,3,Library-2-Pos-3
WWWOOOWW,19538,2,Pos,3,Library-2-Pos-3
WWWOOWOO,41750,2,Pos,3,Library-2-Pos-3
WWWOOWOW,275662,2,Pos,3,Library-2-Pos-3
WWWOOWWO,2842,2,Pos,3,Library-2-Pos-3
WWWOOWWW,25362,2,Pos,3,Library-2-Pos-3
WWWOWOOO,84494,2,Pos,3,Library-2-Pos-3
WWWOWOOW,349146,2,Pos,3,Library-2-Pos-3
WWWOWOWO,46515,2,Pos,3,Library-2-Pos-3
WWWOWOWW,60105,2,Pos,3,Library-2-Pos-3
WWWOWWOO,410834,2,Pos,3,Library-2-Pos-3
WWWOWWOW,424612,2,Pos,3,Library-2-Pos-3
WWWOWWWO,30414,2,Pos,3,Library-2-Pos-3
WWWOWWWW,155144,2,Pos,3,Library-2-Pos-3
WWWWOOOO,96704,2,Pos,3,Library-2-Pos-3
WWWWOOOW,284162,2,Pos,3,Library-2-Pos-3
WWWWOOWO,111336,2,Pos,3,Library-2-Pos-3
WWWWOOWW,40224,2,Pos,3,Library-2-Pos-3
WWWWOWOO,689320,2,Pos,3,Library-2-Pos-3
WWWWOWOW,271956,2,Pos,3,Library-2-Pos-3
WWWWOWWO,5108,2,Pos,3,Library-2-Pos-3
WWWWOWWW,128742,2,Pos,3,Library-2-Pos-3
WWWWWOOO,243763,2,Pos,3,Library-2-Pos-3
WWWWWOOW,496009,2,Pos,3,Library-2-Pos-3
WWWWWOWO,56406,2,Pos,3,Library-2-Pos-3
WWWWWOWW,117243,2,Pos,3,Library-2-Pos-3
WWWWWWOO,452742,2,Pos,3,Library-2-Pos-3
WWWWWWOW,466265,2,Pos,3,Library-2-Pos-3
WWWWWWWO,188229,2,Pos,3,Library-2-Pos-3
WWWWWWWW,2703840,2,Pos,3,Library-2-Pos-3
OOOOOOOO,5,2,Pre,2,Library-2-Pre-2
OOOOOOOW,6,2,Pre,2,Library-2-Pre-2
OOOOOOWO,14,2,Pre,2,Library-2-Pre-2
OOOOOOWW,12,2,Pre,2,Library-2-Pre-2
OOOOOWOW,7,2,Pre,2,Library-2-Pre-2
OOOOOWWO,8,2,Pre,2,Library-2-Pre-2
OOOOOWWW,16,2,Pre,2,Library-2-Pre-2
OOOOWOOW,21,2,Pre,2,Library-2-Pre-2
OOOOWOWO,11,2,Pre,2,Library-2-Pre-2
OOOOWOWW,10,2,Pre,2,Library-2-Pre-2
OOOOWWOO,27,2,Pre,2,Library-2-Pre-2
OOOOWWOW,12,2,Pre,2,Library-2-Pre-2
OOOOWWWO,12,2,Pre,2,Library-2-Pre-2
OOOOWWWW,3,2,Pre,2,Library-2-Pre-2
OOOWOOOO,2,2,Pre,2,Library-2-Pre-2
OOOWOOOW,8,2,Pre,2,Library-2-Pre-2
OOOWOOWO,14,2,Pre,2,Library-2-Pre-2
OOOWOOWW,6,2,Pre,2,Library-2-Pre-2
OOOWOWOO,7,2,Pre,2,Library-2-Pre-2
OOOWOWOW,17,2,Pre,2,Library-2-Pre-2
OOOWOWWO,10,2,Pre,2,Library-2-Pre-2
OOOWOWWW,10,2,Pre,2,Library-2-Pre-2
OOOWWOOO,10,2,Pre,2,Library-2-Pre-2
OOOWWOOW,11,2,Pre,2,Library-2-Pre-2
OOOWWOWO,9,2,Pre,2,Library-2-Pre-2
OOOWWOWW,8,2,Pre,2,Library-2-Pre-2
OOOWWWOO,12,2,Pre,2,Library-2-Pre-2
OOOWWWOW,11,2,Pre,2,Library-2-Pre-2
OOOWWWWO,8,2,Pre,2,Library-2-Pre-2
OOOWWWWW,7,2,Pre,2,Library-2-Pre-2
OOWOOOOO,8,2,Pre,2,Library-2-Pre-2
OOWOOOOW,8,2,Pre,2,Library-2-Pre-2
OOWOOOWO,2,2,Pre,2,Library-2-Pre-2
OOWOOOWW,23,2,Pre,2,Library-2-Pre-2
OOWOOWOO,1,2,Pre,2,Library-2-Pre-2
OOWOOWOW,15,2,Pre,2,Library-2-Pre-2
OOWOOWWO,10,2,Pre,2,Library-2-Pre-2
OOWOOWWW,5,2,Pre,2,Library-2-Pre-2
OOWOWOOO,1,2,Pre,2,Library-2-Pre-2
OOWOWOOW,6,2,Pre,2,Library-2-Pre-2
OOWOWOWO,10,2,Pre,2,Library-2-Pre-2
OOWOWOWW,17,2,Pre,2,Library-2-Pre-2
OOWOWWOO,16,2,Pre,2,Library-2-Pre-2
OOWOWWOW,9,2,Pre,2,Library-2-Pre-2
OOWOWWWO,11,2,Pre,2,Library-2-Pre-2
OOWOWWWW,20,2,Pre,2,Library-2-Pre-2
OOWWOOOO,3,2,Pre,2,Library-2-Pre-2
OOWWOOOW,4,2,Pre,2,Library-2-Pre-2
OOWWOOWO,14,2,Pre,2,Library-2-Pre-2
OOWWOOWW,10,2,Pre,2,Library-2-Pre-2
OOWWOWOO,13,2,Pre,2,Library-2-Pre-2
OOWWOWOW,9,2,Pre,2,Library-2-Pre-2
OOWWOWWO,6,2,Pre,2,Library-2-Pre-2
OOWWOWWW,7,2,Pre,2,Library-2-Pre-2
OOWWWOOO,4,2,Pre,2,Library-2-Pre-2
OOWWWOOW,11,2,Pre,2,Library-2-Pre-2
OOWWWOWO,5,2,Pre,2,Library-2-Pre-2
OOWWWOWW,7,2,Pre,2,Library-2-Pre-2
OOWWWWOO,13,2,Pre,2,Library-2-Pre-2
OOWWWWOW,13,2,Pre,2,Library-2-Pre-2
OOWWWWWO,12,2,Pre,2,Library-2-Pre-2
OOWWWWWW,12,2,Pre,2,Library-2-Pre-2
OWOOOOOO,6,2,Pre,2,Library-2-Pre-2
OWOOOOOW,1,2,Pre,2,Library-2-Pre-2
OWOOOOWO,11,2,Pre,2,Library-2-Pre-2
OWOOOOWW,9,2,Pre,2,Library-2-Pre-2
OWOOOWOO,7,2,Pre,2,Library-2-Pre-2
OWOOOWOW,6,2,Pre,2,Library-2-Pre-2
OWOOOWWO,17,2,Pre,2,Library-2-Pre-2
OWOOOWWW,11,2,Pre,2,Library-2-Pre-2
OWOOWOOO,3,2,Pre,2,Library-2-Pre-2
OWOOWOOW,4,2,Pre,2,Library-2-Pre-2
OWOOWOWO,10,2,Pre,2,Library-2-Pre-2
OWOOWOWW,16,2,Pre,2,Library-2-Pre-2
OWOOWWOO,10,2,Pre,2,Library-2-Pre-2
OWOOWWOW,5,2,Pre,2,Library-2-Pre-2
OWOOWWWO,12,2,Pre,2,Library-2-Pre-2
OWOOWWWW,8,2,Pre,2,Library-2-Pre-2
OWOWOOOO,2,2,Pre,2,Library-2-Pre-2
OWOWOOOW,2,2,Pre,2,Library-2-Pre-2
OWOWOOWO,12,2,Pre,2,Library-2-Pre-2
OWOWOOWW,8,2,Pre,2,Library-2-Pre-2
OWOWOWOO,7,2,Pre,2,Library-2-Pre-2
OWOWOWOW,7,2,Pre,2,Library-2-Pre-2
OWOWOWWO,10,2,Pre,2,Library-2-Pre-2
OWOWOWWW,10,2,Pre,2,Library-2-Pre-2
OWOWWOOO,6,2,Pre,2,Library-2-Pre-2
OWOWWOOW,7,2,Pre,2,Library-2-Pre-2
OWOWWOWO,6,2,Pre,2,Library-2-Pre-2
OWOWWOWW,8,2,Pre,2,Library-2-Pre-2
OWOWWWOO,9,2,Pre,2,Library-2-Pre-2
OWOWWWOW,7,2,Pre,2,Library-2-Pre-2
OWOWWWWO,5,2,Pre,2,Library-2-Pre-2
OWOWWWWW,8,2,Pre,2,Library-2-Pre-2
OWWOOOOO,7,2,Pre,2,Library-2-Pre-2
OWWOOOOW,3,2,Pre,2,Library-2-Pre-2
OWWOOOWO,12,2,Pre,2,Library-2-Pre-2
OWWOOOWW,9,2,Pre,2,Library-2-Pre-2
OWWOOWOO,1,2,Pre,2,Library-2-Pre-2
OWWOOWOW,6,2,Pre,2,Library-2-Pre-2
OWWOOWWO,8,2,Pre,2,Library-2-Pre-2
OWWOOWWW,11,2,Pre,2,Library-2-Pre-2
OWWOWOOW,6,2,Pre,2,Library-2-Pre-2
OWWOWOWO,9,2,Pre,2,Library-2-Pre-2
OWWOWOWW,13,2,Pre,2,Library-2-Pre-2
OWWOWWOO,18,2,Pre,2,Library-2-Pre-2
OWWOWWOW,1,2,Pre,2,Library-2-Pre-2
OWWOWWWO,20,2,Pre,2,Library-2-Pre-2
OWWOWWWW,12,2,Pre,2,Library-2-Pre-2
OWWWOOOW,10,2,Pre,2,Library-2-Pre-2
OWWWOOWO,10,2,Pre,2,Library-2-Pre-2
OWWWOOWW,6,2,Pre,2,Library-2-Pre-2
OWWWOWOO,13,2,Pre,2,Library-2-Pre-2
OWWWOWOW,7,2,Pre,2,Library-2-Pre-2
OWWWOWWO,5,2,Pre,2,Library-2-Pre-2
OWWWOWWW,4,2,Pre,2,Library-2-Pre-2
OWWWWOOO,2,2,Pre,2,Library-2-Pre-2
OWWWWOOW,8,2,Pre,2,Library-2-Pre-2
OWWWWOWO,10,2,Pre,2,Library-2-Pre-2
OWWWWOWW,12,2,Pre,2,Library-2-Pre-2
OWWWWWOO,6,2,Pre,2,Library-2-Pre-2
OWWWWWOW,14,2,Pre,2,Library-2-Pre-2
OWWWWWWO,13,2,Pre,2,Library-2-Pre-2
OWWWWWWW,4,2,Pre,2,Library-2-Pre-2
WOOOOOOO,5,2,Pre,2,Library-2-Pre-2
WOOOOOOW,2,2,Pre,2,Library-2-Pre-2
WOOOOOWO,20,2,Pre,2,Library-2-Pre-2
WOOOOOWW,11,2,Pre,2,Library-2-Pre-2
WOOOOWOO,5,2,Pre,2,Library-2-Pre-2
WOOOOWOW,11,2,Pre,2,Library-2-Pre-2
WOOOOWWO,8,2,Pre,2,Library-2-Pre-2
WOOOOWWW,8,2,Pre,2,Library-2-Pre-2
WOOOWOOW,10,2,Pre,2,Library-2-Pre-2
WOOOWOWO,13,2,Pre,2,Library-2-Pre-2
WOOOWOWW,9,2,Pre,2,Library-2-Pre-2
WOOOWWOO,14,2,Pre,2,Library-2-Pre-2
WOOOWWOW,9,2,Pre,2,Library-2-Pre-2
WOOOWWWO,15,2,Pre,2,Library-2-Pre-2
WOOOWWWW,8,2,Pre,2,Library-2-Pre-2
WOOWOOOO,4,2,Pre,2,Library-2-Pre-2
WOOWOOOW,5,2,Pre,2,Library-2-Pre-2
WOOWOOWO,13,2,Pre,2,Library-2-Pre-2
WOOWOOWW,20,2,Pre,2,Library-2-Pre-2
WOOWOWOO,10,2,Pre,2,Library-2-Pre-2
WOOWOWOW,16,2,Pre,2,Library-2-Pre-2
WOOWOWWO,17,2,Pre,2,Library-2-Pre-2
WOOWOWWW,13,2,Pre,2,Library-2-Pre-2
WOOWWOOO,12,2,Pre,2,Library-2-Pre-2
WOOWWOOW,10,2,Pre,2,Library-2-Pre-2
WOOWWOWO,4,2,Pre,2,Library-2-Pre-2
WOOWWOWW,8,2,Pre,2,Library-2-Pre-2
WOOWWWOO,15,2,Pre,2,Library-2-Pre-2
WOOWWWOW,17,2,Pre,2,Library-2-Pre-2
WOOWWWWO,8,2,Pre,2,Library-2-Pre-2
WOOWWWWW,6,2,Pre,2,Library-2-Pre-2
WOWOOOOO,2,2,Pre,2,Library-2-Pre-2
WOWOOOOW,3,2,Pre,2,Library-2-Pre-2
WOWOOOWO,8,2,Pre,2,Library-2-Pre-2
WOWOOOWW,9,2,Pre,2,Library-2-Pre-2
WOWOOWOW,6,2,Pre,2,Library-2-Pre-2
WOWOOWWO,8,2,Pre,2,Library-2-Pre-2
WOWOOWWW,5,2,Pre,2,Library-2-Pre-2
WOWOWOOO,1,2,Pre,2,Library-2-Pre-2
WOWOWOOW,7,2,Pre,2,Library-2-Pre-2
WOWOWOWO,16,2,Pre,2,Library-2-Pre-2
WOWOWOWW,11,2,Pre,2,Library-2-Pre-2
WOWOWWOO,13,2,Pre,2,Library-2-Pre-2
WOWOWWOW,11,2,Pre,2,Library-2-Pre-2
WOWOWWWO,18,2,Pre,2,Library-2-Pre-2
WOWOWWWW,11,2,Pre,2,Library-2-Pre-2
WOWWOOOO,2,2,Pre,2,Library-2-Pre-2
WOWWOOOW,6,2,Pre,2,Library-2-Pre-2
WOWWOOWO,13,2,Pre,2,Library-2-Pre-2
WOWWOOWW,9,2,Pre,2,Library-2-Pre-2
WOWWOWOO,8,2,Pre,2,Library-2-Pre-2
WOWWOWOW,3,2,Pre,2,Library-2-Pre-2
WOWWOWWO,5,2,Pre,2,Library-2-Pre-2
WOWWOWWW,14,2,Pre,2,Library-2-Pre-2
WOWWWOOO,1,2,Pre,2,Library-2-Pre-2
WOWWWOOW,2,2,Pre,2,Library-2-Pre-2
WOWWWOWO,6,2,Pre,2,Library-2-Pre-2
WOWWWOWW,11,2,Pre,2,Library-2-Pre-2
WOWWWWOO,16,2,Pre,2,Library-2-Pre-2
WOWWWWOW,9,2,Pre,2,Library-2-Pre-2
WOWWWWWO,9,2,Pre,2,Library-2-Pre-2
WOWWWWWW,5,2,Pre,2,Library-2-Pre-2
WWOOOOOO,4,2,Pre,2,Library-2-Pre-2
WWOOOOOW,1,2,Pre,2,Library-2-Pre-2
WWOOOOWO,8,2,Pre,2,Library-2-Pre-2
WWOOOOWW,12,2,Pre,2,Library-2-Pre-2
WWOOOWOO,1,2,Pre,2,Library-2-Pre-2
WWOOOWOW,11,2,Pre,2,Library-2-Pre-2
WWOOOWWW,9,2,Pre,2,Library-2-Pre-2
WWOOWOOW,2,2,Pre,2,Library-2-Pre-2
WWOOWOWO,10,2,Pre,2,Library-2-Pre-2
WWOOWOWW,10,2,Pre,2,Library-2-Pre-2
WWOOWWOO,14,2,Pre,2,Library-2-Pre-2
WWOOWWOW,12,2,Pre,2,Library-2-Pre-2
WWOOWWWO,8,2,Pre,2,Library-2-Pre-2
WWOOWWWW,11,2,Pre,2,Library-2-Pre-2
WWOWOOOO,6,2,Pre,2,Library-2-Pre-2
WWOWOOOW,2,2,Pre,2,Library-2-Pre-2
WWOWOOWO,13,2,Pre,2,Library-2-Pre-2
WWOWOOWW,8,2,Pre,2,Library-2-Pre-2
WWOWOWOO,10,2,Pre,2,Library-2-Pre-2
WWOWOWOW,8,2,Pre,2,Library-2-Pre-2
WWOWOWWO,1,2,Pre,2,Library-2-Pre-2
WWOWOWWW,11,2,Pre,2,Library-2-Pre-2
WWOWWOOO,5,2,Pre,2,Library-2-Pre-2
WWOWWOOW,6,2,Pre,2,Library-2-Pre-2
WWOWWOWO,11,2,Pre,2,Library-2-Pre-2
WWOWWOWW,8,2,Pre,2,Library-2-Pre-2
WWOWWWOO,8,2,Pre,2,Library-2-Pre-2
WWOWWWOW,12,2,Pre,2,Library-2-Pre-2
WWOWWWWO,14,2,Pre,2,Library-2-Pre-2
WWOWWWWW,5,2,Pre,2,Library-2-Pre-2
WWWOOOOO,7,2,Pre,2,Library-2-Pre-2
WWWOOOOW,2,2,Pre,2,Library-2-Pre-2
WWWOOOWO,4,2,Pre,2,Library-2-Pre-2
WWWOOOWW,7,2,Pre,2,Library-2-Pre-2
WWWOOWOO,3,2,Pre,2,Library-2-Pre-2
WWWOOWOW,6,2,Pre,2,Library-2-Pre-2
WWWOOWWO,2,2,Pre,2,Library-2-Pre-2
WWWOOWWW,20,2,Pre,2,Library-2-Pre-2
WWWOWOOO,2,2,Pre,2,Library-2-Pre-2
WWWOWOOW,8,2,Pre,2,Library-2-Pre-2
WWWOWOWO,10,2,Pre,2,Library-2-Pre-2
WWWOWOWW,13,2,Pre,2,Library-2-Pre-2
WWWOWWOO,5,2,Pre,2,Library-2-Pre-2
WWWOWWOW,4,2,Pre,2,Library-2-Pre-2
WWWOWWWO,18,2,Pre,2,Library-2-Pre-2
WWWOWWWW,6,2,Pre,2,Library-2-Pre-2
WWWWOOOO,1,2,Pre,2,Library-2-Pre-2
WWWWOOOW,3,2,Pre,2,Library-2-Pre-2
WWWWOOWO,6,2,Pre,2,Library-2-Pre-2
WWWWOOWW,6,2,Pre,2,Library-2-Pre-2
WWWWOWOO,10,2,Pre,2,Library-2-Pre-2
WWWWOWOW,3,2,Pre,2,Library-2-Pre-2
WWWWOWWO,7,2,Pre,2,Library-2-Pre-2
WWWWOWWW,7,2,Pre,2,Library-2-Pre-2
WWWWWOOO,4,2,Pre,2,Library-2-Pre-2
WWWWWOOW,6,2,Pre,2,Library-2-Pre-2
WWWWWOWO,7,2,Pre,2,Library-2-Pre-2
WWWWWOWW,8,2,Pre,2,Library-2-Pre-2
WWWWWWOO,8,2,Pre,2,Library-2-Pre-2
WWWWWWOW,15,2,Pre,2,Library-2-Pre-2
WWWWWWWO,15,2,Pre,2,Library-2-Pre-2
WWWWWWWW,73,2,Pre,2,Library-2-Pre-2
OOOOOOOO,29721,2,Pre,3,Library-2-Pre-3
OOOOOOOW,23516,2,Pre,3,Library-2-Pre-3
OOOOOOWO,44226,2,Pre,3,Library-2-Pre-3
OOOOOOWW,96678,2,Pre,3,Library-2-Pre-3
OOOOOWOO,4978,2,Pre,3,Library-2-Pre-3
OOOOOWOW,50798,2,Pre,3,Library-2-Pre-3
OOOOOWWO,62058,2,Pre,3,Library-2-Pre-3
OOOOOWWW,104884,2,Pre,3,Library-2-Pre-3
OOOOWOOO,11594,2,Pre,3,Library-2-Pre-3
OOOOWOOW,120188,2,Pre,3,Library-2-Pre-3
OOOOWOWO,80804,2,Pre,3,Library-2-Pre-3
OOOOWOWW,82853,2,Pre,3,Library-2-Pre-3
OOOOWWOO,119799,2,Pre,3,Library-2-Pre-3
OOOOWWOW,63891,2,Pre,3,Library-2-Pre-3
OOOOWWWO,74804,2,Pre,3,Library-2-Pre-3
OOOOWWWW,50701,2,Pre,3,Library-2-Pre-3
OOOWOOOO,10157,2,Pre,3,Library-2-Pre-3
OOOWOOOW,67762,2,Pre,3,Library-2-Pre-3
OOOWOOWO,69071,2,Pre,3,Library-2-Pre-3
OOOWOOWW,56375,2,Pre,3,Library-2-Pre-3
OOOWOWOO,88192,2,Pre,3,Library-2-Pre-3
OOOWOWOW,122390,2,Pre,3,Library-2-Pre-3
OOOWOWWO,67251,2,Pre,3,Library-2-Pre-3
OOOWOWWW,43830,2,Pre,3,Library-2-Pre-3
OOOWWOOO,56756,2,Pre,3,Library-2-Pre-3
OOOWWOOW,67948,2,Pre,3,Library-2-Pre-3
OOOWWOWO,64051,2,Pre,3,Library-2-Pre-3
OOOWWOWW,83255,2,Pre,3,Library-2-Pre-3
OOOWWWOO,67138,2,Pre,3,Library-2-Pre-3
OOOWWWOW,84081,2,Pre,3,Library-2-Pre-3
OOOWWWWO,37664,2,Pre,3,Library-2-Pre-3
OOOWWWWW,47411,2,Pre,3,Library-2-Pre-3
OOWOOOOO,51349,2,Pre,3,Library-2-Pre-3
OOWOOOOW,22368,2,Pre,3,Library-2-Pre-3
OOWOOOWO,88957,2,Pre,3,Library-2-Pre-3
OOWOOOWW,89691,2,Pre,3,Library-2-Pre-3
OOWOOWOO,8583,2,Pre,3,Library-2-Pre-3
OOWOOWOW,77869,2,Pre,3,Library-2-Pre-3
OOWOOWWO,73332,2,Pre,3,Library-2-Pre-3
OOWOOWWW,55251,2,Pre,3,Library-2-Pre-3
OOWOWOOO,15231,2,Pre,3,Library-2-Pre-3
OOWOWOOW,57154,2,Pre,3,Library-2-Pre-3
OOWOWOWO,72679,2,Pre,3,Library-2-Pre-3
OOWOWOWW,87474,2,Pre,3,Library-2-Pre-3
OOWOWWOO,93614,2,Pre,3,Library-2-Pre-3
OOWOWWOW,63010,2,Pre,3,Library-2-Pre-3
OOWOWWWO,63956,2,Pre,3,Library-2-Pre-3
OOWOWWWW,77389,2,Pre,3,Library-2-Pre-3
OOWWOOOO,30266,2,Pre,3,Library-2-Pre-3
OOWWOOOW,47548,2,Pre,3,Library-2-Pre-3
OOWWOOWO,108087,2,Pre,3,Library-2-Pre-3
OOWWOOWW,84416,2,Pre,3,Library-2-Pre-3
OOWWOWOO,62080,2,Pre,3,Library-2-Pre-3
OOWWOWOW,48542,2,Pre,3,Library-2-Pre-3
OOWWOWWO,75842,2,Pre,3,Library-2-Pre-3
OOWWOWWW,70855,2,Pre,3,Library-2-Pre-3
OOWWWOOO,67961,2,Pre,3,Library-2-Pre-3
OOWWWOOW,60718,2,Pre,3,Library-2-Pre-3
OOWWWOWO,46443,2,Pre,3,Library-2-Pre-3
OOWWWOWW,91389,2,Pre,3,Library-2-Pre-3
OOWWWWOO,78120,2,Pre,3,Library-2-Pre-3
OOWWWWOW,91873,2,Pre,3,Library-2-Pre-3
OOWWWWWO,42954,2,Pre,3,Library-2-Pre-3
OOWWWWWW,64628,2,Pre,3,Library-2-Pre-3
OWOOOOOO,30254,2,Pre,3,Library-2-Pre-3
OWOOOOOW,8627,2,Pre,3,Library-2-Pre-3
OWOOOOWO,78035,2,Pre,3,Library-2-Pre-3
OWOOOOWW,54874,2,Pre,3,Library-2-Pre-3
OWOOOWOO,21795,2,Pre,3,Library-2-Pre-3
OWOOOWOW,31724,2,Pre,3,Library-2-Pre-3
OWOOOWWO,70554,2,Pre,3,Library-2-Pre-3
OWOOOWWW,47144,2,Pre,3,Library-2-Pre-3
OWOOWOOO,18677,2,Pre,3,Library-2-Pre-3
OWOOWOOW,35808,2,Pre,3,Library-2-Pre-3
OWOOWOWO,59696,2,Pre,3,Library-2-Pre-3
OWOOWOWW,95853,2,Pre,3,Library-2-Pre-3
OWOOWWOO,72868,2,Pre,3,Library-2-Pre-3
OWOOWWOW,34011,2,Pre,3,Library-2-Pre-3
OWOOWWWO,96853,2,Pre,3,Library-2-Pre-3
OWOOWWWW,48841,2,Pre,3,Library-2-Pre-3
OWOWOOOO,18652,2,Pre,3,Library-2-Pre-3
OWOWOOOW,43162,2,Pre,3,Library-2-Pre-3
OWOWOOWO,79223,2,Pre,3,Library-2-Pre-3
OWOWOOWW,83509,2,Pre,3,Library-2-Pre-3
OWOWOWOO,61716,2,Pre,3,Library-2-Pre-3
OWOWOWOW,41531,2,Pre,3,Library-2-Pre-3
OWOWOWWO,44400,2,Pre,3,Library-2-Pre-3
OWOWOWWW,69547,2,Pre,3,Library-2-Pre-3
OWOWWOOO,70140,2,Pre,3,Library-2-Pre-3
OWOWWOOW,34723,2,Pre,3,Library-2-Pre-3
OWOWWOWO,42346,2,Pre,3,Library-2-Pre-3
OWOWWOWW,41414,2,Pre,3,Library-2-Pre-3
OWOWWWOO,76817,2,Pre,3,Library-2-Pre-3
OWOWWWOW,52997,2,Pre,3,Library-2-Pre-3
OWOWWWWO,62393,2,Pre,3,Library-2-Pre-3
OWOWWWWW,54567,2,Pre,3,Library-2-Pre-3
OWWOOOOO,53152,2,Pre,3,Library-2-Pre-3
OWWOOOOW,13931,2,Pre,3,Library-2-Pre-3
OWWOOOWO,72997,2,Pre,3,Library-2-Pre-3
OWWOOOWW,70396,2,Pre,3,Library-2-Pre-3
OWWOOWOO,5893,2,Pre,3,Library-2-Pre-3
OWWOOWOW,30762,2,Pre,3,Library-2-Pre-3
OWWOOWWO,55195,2,Pre,3,Library-2-Pre-3
OWWOOWWW,82162,2,Pre,3,Library-2-Pre-3
OWWOWOOO,20775,2,Pre,3,Library-2-Pre-3
OWWOWOOW,51322,2,Pre,3,Library-2-Pre-3
OWWOWOWO,52610,2,Pre,3,Library-2-Pre-3
OWWOWOWW,58622,2,Pre,3,Library-2-Pre-3
OWWOWWOO,98794,2,Pre,3,Library-2-Pre-3
OWWOWWOW,37471,2,Pre,3,Library-2-Pre-3
OWWOWWWO,75602,2,Pre,3,Library-2-Pre-3
OWWOWWWW,81735,2,Pre,3,Library-2-Pre-3
OWWWOOOO,2095,2,Pre,3,Library-2-Pre-3
OWWWOOOW,66807,2,Pre,3,Library-2-Pre-3
OWWWOOWO,80650,2,Pre,3,Library-2-Pre-3
OWWWOOWW,46007,2,Pre,3,Library-2-Pre-3
OWWWOWOO,85582,2,Pre,3,Library-2-Pre-3
OWWWOWOW,48158,2,Pre,3,Library-2-Pre-3
OWWWOWWO,43861,2,Pre,3,Library-2-Pre-3
OWWWOWWW,30833,2,Pre,3,Library-2-Pre-3
OWWWWOOO,35437,2,Pre,3,Library-2-Pre-3
OWWWWOOW,60210,2,Pre,3,Library-2-Pre-3
OWWWWOWO,78026,2,Pre,3,Library-2-Pre-3
OWWWWOWW,56602,2,Pre,3,Library-2-Pre-3
OWWWWWOO,55061,2,Pre,3,Library-2-Pre-3
OWWWWWOW,80584,2,Pre,3,Library-2-Pre-3
OWWWWWWO,82999,2,Pre,3,Library-2-Pre-3
OWWWWWWW,38913,2,Pre,3,Library-2-Pre-3
WOOOOOOO,52357,2,Pre,3,Library-2-Pre-3
WOOOOOOW,16317,2,Pre,3,Library-2-Pre-3
WOOOOOWO,82240,2,Pre,3,Library-2-Pre-3
WOOOOOWW,86441,2,Pre,3,Library-2-Pre-3
WOOOOWOO,42878,2,Pre,3,Library-2-Pre-3
WOOOOWOW,67302,2,Pre,3,Library-2-Pre-3
WOOOOWWO,55562,2,Pre,3,Library-2-Pre-3
WOOOOWWW,84814,2,Pre,3,Library-2-Pre-3
WOOOWOOO,3337,2,Pre,3,Library-2-Pre-3
WOOOWOOW,79888,2,Pre,3,Library-2-Pre-3
WOOOWOWO,60365,2,Pre,3,Library-2-Pre-3
WOOOWOWW,95164,2,Pre,3,Library-2-Pre-3
WOOOWWOO,103032,2,Pre,3,Library-2-Pre-3
WOOOWWOW,77714,2,Pre,3,Library-2-Pre-3
WOOOWWWO,100845,2,Pre,3,Library-2-Pre-3
WOOOWWWW,64608,2,Pre,3,Library-2-Pre-3
WOOWOOOO,25847,2,Pre,3,Library-2-Pre-3
WOOWOOOW,57515,2,Pre,3,Library-2-Pre-3
WOOWOOWO,86955,2,Pre,3,Library-2-Pre-3
WOOWOOWW,68500,2,Pre,3,Library-2-Pre-3
WOOWOWOO,65482,2,Pre,3,Library-2-Pre-3
WOOWOWOW,93350,2,Pre,3,Library-2-Pre-3
WOOWOWWO,88361,2,Pre,3,Library-2-Pre-3
WOOWOWWW,79224,2,Pre,3,Library-2-Pre-3
WOOWWOOO,96192,2,Pre,3,Library-2-Pre-3
WOOWWOOW,72748,2,Pre,3,Library-2-Pre-3
WOOWWOWO,33819,2,Pre,3,Library-2-Pre-3
WOOWWOWW,34163,2,Pre,3,Library-2-Pre-3
WOOWWWOO,90664,2,Pre,3,Library-2-Pre-3
WOOWWWOW,65485,2,Pre,3,Library-2-Pre-3
WOOWWWWO,47762,2,Pre,3,Library-2-Pre-3
WOOWWWWW,53228,2,Pre,3,Library-2-Pre-3
WOWOOOOO,37051,2,Pre,3,Library-2-Pre-3
WOWOOOOW,6291,2,Pre,3,Library-2-Pre-3
WOWOOOWO,82122,2,Pre,3,Library-2-Pre-3
WOWOOOWW,65345,2,Pre,3,Library-2-Pre-3
WOWOOWOO,2906,2,Pre,3,Library-2-Pre-3
WOWOOWOW,34202,2,Pre,3,Library-2-Pre-3
WOWOOWWO,39882,2,Pre,3,Library-2-Pre-3
WOWOOWWW,56137,2,Pre,3,Library-2-Pre-3
WOWOWOOO,10649,2,Pre,3,Library-2-Pre-3
WOWOWOOW,45677,2,Pre,3,Library-2-Pre-3
WOWOWOWO,98484,2,Pre,3,Library-2-Pre-3
WOWOWOWW,71458,2,Pre,3,Library-2-Pre-3
WOWOWWOO,72217,2,Pre,3,Library-2-Pre-3
WOWOWWOW,40061,2,Pre,3,Library-2-Pre-3
WOWOWWWO,93712,2,Pre,3,Library-2-Pre-3
WOWOWWWW,80728,2,Pre,3,Library-2-Pre-3
WOWWOOOO,12823,2,Pre,3,Library-2-Pre-3
WOWWOOOW,64130,2,Pre,3,Library-2-Pre-3
WOWWOOWO,74844,2,Pre,3,Library-2-Pre-3
WOWWOOWW,37027,2,Pre,3,Library-2-Pre-3
WOWWOWOO,41222,2,Pre,3,Library-2-Pre-3
WOWWOWOW,52185,2,Pre,3,Library-2-Pre-3
WOWWOWWO,71604,2,Pre,3,Library-2-Pre-3
WOWWOWWW,63036,2,Pre,3,Library-2-Pre-3
WOWWWOOO,41987,2,Pre,3,Library-2-Pre-3
WOWWWOOW,29752,2,Pre,3,Library-2-Pre-3
WOWWWOWO,43892,2,Pre,3,Library-2-Pre-3
WOWWWOWW,56451,2,Pre,3,Library-2-Pre-3
WOWWWWOO,100012,2,Pre,3,Library-2-Pre-3
WOWWWWOW,69240,2,Pre,3,Library-2-Pre-3
WOWWWWWO,50877,2,Pre,3,Library-2-Pre-3
WOWWWWWW,47770,2,Pre,3,Library-2-Pre-3
WWOOOOOO,25883,2,Pre,3,Library-2-Pre-3
WWOOOOOW,7694,2,Pre,3,Library-2-Pre-3
WWOOOOWO,72661,2,Pre,3,Library-2-Pre-3
WWOOOOWW,84713,2,Pre,3,Library-2-Pre-3
WWOOOWOO,9253,2,Pre,3,Library-2-Pre-3
WWOOOWOW,64714,2,Pre,3,Library-2-Pre-3
WWOOOWWO,46074,2,Pre,3,Library-2-Pre-3
WWOOOWWW,47353,2,Pre,3,Library-2-Pre-3
WWOOWOOO,2845,2,Pre,3,Library-2-Pre-3
WWOOWOOW,40218,2,Pre,3,Library-2-Pre-3
WWOOWOWO,73357,2,Pre,3,Library-2-Pre-3
WWOOWOWW,78217,2,Pre,3,Library-2-Pre-3
WWOOWWOO,38496,2,Pre,3,Library-2-Pre-3
WWOOWWOW,61137,2,Pre,3,Library-2-Pre-3
WWOOWWWO,74475,2,Pre,3,Library-2-Pre-3
WWOOWWWW,42949,2,Pre,3,Library-2-Pre-3
WWOWOOOO,14161,2,Pre,3,Library-2-Pre-3
WWOWOOOW,41724,2,Pre,3,Library-2-Pre-3
WWOWOOWO,69364,2,Pre,3,Library-2-Pre-3
WWOWOOWW,59979,2,Pre,3,Library-2-Pre-3
WWOWOWOO,46008,2,Pre,3,Library-2-Pre-3
WWOWOWOW,70111,2,Pre,3,Library-2-Pre-3
WWOWOWWO,41177,2,Pre,3,Library-2-Pre-3
WWOWOWWW,59528,2,Pre,3,Library-2-Pre-3
WWOWWOOO,82249,2,Pre,3,Library-2-Pre-3
WWOWWOOW,52858,2,Pre,3,Library-2-Pre-3
WWOWWOWO,64103,2,Pre,3,Library-2-Pre-3
WWOWWOWW,61142,2,Pre,3,Library-2-Pre-3
WWOWWWOO,52115,2,Pre,3,Library-2-Pre-3
WWOWWWOW,80583,2,Pre,3,Library-2-Pre-3
WWOWWWWO,81484,2,Pre,3,Library-2-Pre-3
WWOWWWWW,38388,2,Pre,3,Library-2-Pre-3
WWWOOOOO,97050,2,Pre,3,Library-2-Pre-3
WWWOOOOW,19788,2,Pre,3,Library-2-Pre-3
WWWOOOWO,45335,2,Pre,3,Library-2-Pre-3
WWWOOOWW,74558,2,Pre,3,Library-2-Pre-3
WWWOOWOO,9757,2,Pre,3,Library-2-Pre-3
WWWOOWOW,48470,2,Pre,3,Library-2-Pre-3
WWWOOWWO,36221,2,Pre,3,Library-2-Pre-3
WWWOOWWW,82312,2,Pre,3,Library-2-Pre-3
WWWOWOOO,12596,2,Pre,3,Library-2-Pre-3
WWWOWOOW,68440,2,Pre,3,Library-2-Pre-3
WWWOWOWO,63518,2,Pre,3,Library-2-Pre-3
WWWOWOWW,74151,2,Pre,3,Library-2-Pre-3
WWWOWWOO,56544,2,Pre,3,Library-2-Pre-3
WWWOWWOW,43734,2,Pre,3,Library-2-Pre-3
WWWOWWWO,92394,2,Pre,3,Library-2-Pre-3
WWWOWWWW,69214,2,Pre,3,Library-2-Pre-3
WWWWOOOO,9741,2,Pre,3,Library-2-Pre-3
WWWWOOOW,50528,2,Pre,3,Library-2-Pre-3
WWWWOOWO,50244,2,Pre,3,Library-2-Pre-3
WWWWOOWW,74676,2,Pre,3,Library-2-Pre-3
WWWWOWOO,80493,2,Pre,3,Library-2-Pre-3
WWWWOWOW,49481,2,Pre,3,Library-2-Pre-3
WWWWOWWO,28834,2,Pre,3,Library-2-Pre-3
WWWWOWWW,60293,2,Pre,3,Library-2-Pre-3
WWWWWOOO,41631,2,Pre,3,Library-2-Pre-3
WWWWWOOW,74731,2,Pre,3,Library-2-Pre-3
WWWWWOWO,49563,2,Pre,3,Library-2-Pre-3
WWWWWOWW,71660,2,Pre,3,Library-2-Pre-3
WWWWWWOO,70290,2,Pre,3,Library-2-Pre-3
WWWWWWOW,67523,2,Pre,3,Library-2-Pre-3
WWWWWWWO,91206,2,Pre,3,Library-2-Pre-3
WWWWWWWW,552103,2,Pre,3,Library-2-Pre-3
OOOOOOOO,600,3,Neg,2,Library-3-Neg-2
OOOOOOOW,925,3,Neg,2,Library-3-Neg-2
OOOOOOWO,203,3,Neg,2,Library-3-Neg-2
OOOOOOWW,1372,3,Neg,2,Library-3-Neg-2
OOOOOWOO,78,3,Neg,2,Library-3-Neg-2
OOOOOWOW,466,3,Neg,2,Library-3-Neg-2
OOOOOWWO,1559,3,Neg,2,Library-3-Neg-2
OOOOOWWW,1818,3,Neg,2,Library-3-Neg-2
OOOOWOOO,159,3,Neg,2,Library-3-Neg-2
OOOOWOOW,1149,3,Neg,2,Library-3-Neg-2
OOOOWOWO,1923,3,Neg,2,Library-3-Neg-2
OOOOWOWW,806,3,Neg,2,Library-3-Neg-2
OOOOWWOO,2390,3,Neg,2,Library-3-Neg-2
OOOOWWOW,521,3,Neg,2,Library-3-Neg-2
OOOOWWWO,884,3,Neg,2,Library-3-Neg-2
OOOOWWWW,812,3,Neg,2,Library-3-Neg-2
OOOWOOOO,325,3,Neg,2,Library-3-Neg-2
OOOWOOOW,788,3,Neg,2,Library-3-Neg-2
OOOWOOWO,656,3,Neg,2,Library-3-Neg-2
OOOWOOWW,443,3,Neg,2,Library-3-Neg-2
OOOWOWOO,486,3,Neg,2,Library-3-Neg-2
OOOWOWOW,1471,3,Neg,2,Library-3-Neg-2
OOOWOWWO,584,3,Neg,2,Library-3-Neg-2
OOOWOWWW,110,3,Neg,2,Library-3-Neg-2
OOOWWOOO,528,3,Neg,2,Library-3-Neg-2
OOOWWOOW,843,3,Neg,2,Library-3-Neg-2
OOOWWOWO,546,3,Neg,2,Library-3-Neg-2
OOOWWOWW,398,3,Neg,2,Library-3-Neg-2
OOOWWWOO,1500,3,Neg,2,Library-3-Neg-2
OOOWWWOW,879,3,Neg,2,Library-3-Neg-2
OOOWWWWO,705,3,Neg,2,Library-3-Neg-2
OOOWWWWW,648,3,Neg,2,Library-3-Neg-2
OOWOOOOO,3052,3,Neg,2,Library-3-Neg-2
OOWOOOOW,208,3,Neg,2,Library-3-Neg-2
OOWOOOWO,1429,3,Neg,2,Library-3-Neg-2
OOWOOOWW,456,3,Neg,2,Library-3-Neg-2
OOWOOWOO,535,3,Neg,2,Library-3-Neg-2
OOWOOWOW,985,3,Neg,2,Library-3-Neg-2
OOWOOWWO,1480,3,Neg,2,Library-3-Neg-2
OOWOOWWW,1405,3,Neg,2,Library-3-Neg-2
OOWOWOOO,293,3,Neg,2,Library-3-Neg-2
OOWOWOOW,498,3,Neg,2,Library-3-Neg-2
OOWOWOWO,1248,3,Neg,2,Library-3-Neg-2
OOWOWOWW,1094,3,Neg,2,Library-3-Neg-2
OOWOWWOO,3733,3,Neg,2,Library-3-Neg-2
OOWOWWOW,692,3,Neg,2,Library-3-Neg-2
OOWOWWWO,1050,3,Neg,2,Library-3-Neg-2
OOWOWWWW,707,3,Neg,2,Library-3-Neg-2
OOWWOOOO,919,3,Neg,2,Library-3-Neg-2
OOWWOOOW,960,3,Neg,2,Library-3-Neg-2
OOWWOOWO,2300,3,Neg,2,Library-3-Neg-2
OOWWOOWW,524,3,Neg,2,Library-3-Neg-2
OOWWOWOO,505,3,Neg,2,Library-3-Neg-2
OOWWOWOW,650,3,Neg,2,Library-3-Neg-2
OOWWOWWO,1823,3,Neg,2,Library-3-Neg-2
OOWWOWWW,1057,3,Neg,2,Library-3-Neg-2
OOWWWOOO,1236,3,Neg,2,Library-3-Neg-2
OOWWWOOW,234,3,Neg,2,Library-3-Neg-2
OOWWWOWO,876,3,Neg,2,Library-3-Neg-2
OOWWWOWW,1437,3,Neg,2,Library-3-Neg-2
OOWWWWOO,1839,3,Neg,2,Library-3-Neg-2
OOWWWWOW,1664,3,Neg,2,Library-3-Neg-2
OOWWWWWO,1042,3,Neg,2,Library-3-Neg-2
OOWWWWWW,506,3,Neg,2,Library-3-Neg-2
OWOOOOOO,1244,3,Neg,2,Library-3-Neg-2
OWOOOOOW,23,3,Neg,2,Library-3-Neg-2
OWOOOOWO,1525,3,Neg,2,Library-3-Neg-2
OWOOOOWW,1654,3,Neg,2,Library-3-Neg-2
OWOOOWOO,296,3,Neg,2,Library-3-Neg-2
OWOOOWOW,636,3,Neg,2,Library-3-Neg-2
OWOOOWWO,1313,3,Neg,2,Library-3-Neg-2
OWOOOWWW,818,3,Neg,2,Library-3-Neg-2
OWOOWOOO,144,3,Neg,2,Library-3-Neg-2
OWOOWOOW,538,3,Neg,2,Library-3-Neg-2
OWOOWOWO,580,3,Neg,2,Library-3-Neg-2
OWOOWOWW,1935,3,Neg,2,Library-3-Neg-2
OWOOWWOO,396,3,Neg,2,Library-3-Neg-2
OWOOWWOW,791,3,Neg,2,Library-3-Neg-2
OWOOWWWO,1907,3,Neg,2,Library-3-Neg-2
OWOOWWWW,266,3,Neg,2,Library-3-Neg-2
OWOWOOOO,329,3,Neg,2,Library-3-Neg-2
OWOWOOOW,1988,3,Neg,2,Library-3-Neg-2
OWOWOOWO,2641,3,Neg,2,Library-3-Neg-2
OWOWOOWW,1887,3,Neg,2,Library-3-Neg-2
OWOWOWOO,1672,3,Neg,2,Library-3-Neg-2
OWOWOWOW,576,3,Neg,2,Library-3-Neg-2
OWOWOWWO,545,3,Neg,2,Library-3-Neg-2
OWOWOWWW,363,3,Neg,2,Library-3-Neg-2
OWOWWOOO,559,3,Neg,2,Library-3-Neg-2
OWOWWOOW,392,3,Neg,2,Library-3-Neg-2
OWOWWOWO,316,3,Neg,2,Library-3-Neg-2
OWOWWOWW,407,3,Neg,2,Library-3-Neg-2
OWOWWWOO,1931,3,Neg,2,Library-3-Neg-2
OWOWWWOW,894,3,Neg,2,Library-3-Neg-2
OWOWWWWO,472,3,Neg,2,Library-3-Neg-2
OWOWWWWW,1292,3,Neg,2,Library-3-Neg-2
OWWOOOOO,693,3,Neg,2,Library-3-Neg-2
OWWOOOOW,669,3,Neg,2,Library-3-Neg-2
OWWOOOWO,491,3,Neg,2,Library-3-Neg-2
OWWOOOWW,1075,3,Neg,2,Library-3-Neg-2
OWWOOWOO,19,3,Neg,2,Library-3-Neg-2
OWWOOWOW,378,3,Neg,2,Library-3-Neg-2
OWWOOWWO,338,3,Neg,2,Library-3-Neg-2
OWWOOWWW,1652,3,Neg,2,Library-3-Neg-2
OWWOWOOO,416,3,Neg,2,Library-3-Neg-2
OWWOWOOW,700,3,Neg,2,Library-3-Neg-2
OWWOWOWO,858,3,Neg,2,Library-3-Neg-2
OWWOWOWW,639,3,Neg,2,Library-3-Neg-2
OWWOWWOO,1126,3,Neg,2,Library-3-Neg-2
OWWOWWOW,140,3,Neg,2,Library-3-Neg-2
OWWOWWWO,2359,3,Neg,2,Library-3-Neg-2
OWWOWWWW,418,3,Neg,2,Library-3-Neg-2
OWWWOOOO,116,3,Neg,2,Library-3-Neg-2
OWWWOOOW,806,3,Neg,2,Library-3-Neg-2
OWWWOOWO,435,3,Neg,2,Library-3-Neg-2
OWWWOOWW,650,3,Neg,2,Library-3-Neg-2
OWWWOWOO,1198,3,Neg,2,Library-3-Neg-2
OWWWOWOW,471,3,Neg,2,Library-3-Neg-2
OWWWOWWO,124,3,Neg,2,Library-3-Neg-2
OWWWOWWW,1163,3,Neg,2,Library-3-Neg-2
OWWWWOOO,164,3,Neg,2,Library-3-Neg-2
OWWWWOOW,862,3,Neg,2,Library-3-Neg-2
OWWWWOWO,852,3,Neg,2,Library-3-Neg-2
OWWWWOWW,606,3,Neg,2,Library-3-Neg-2
OWWWWWOO,863,3,Neg,2,Library-3-Neg-2
OWWWWWOW,1417,3,Neg,2,Library-3-Neg-2
OWWWWWWO,843,3,Neg,2,Library-3-Neg-2
OWWWWWWW,499,3,Neg,2,Library-3-Neg-2
WOOOOOOO,1462,3,Neg,2,Library-3-Neg-2
WOOOOOOW,431,3,Neg,2,Library-3-Neg-2
WOOOOOWO,2579,3,Neg,2,Library-3-Neg-2
WOOOOOWW,923,3,Neg,2,Library-3-Neg-2
WOOOOWOO,601,3,Neg,2,Library-3-Neg-2
WOOOOWOW,1013,3,Neg,2,Library-3-Neg-2
WOOOOWWO,1183,3,Neg,2,Library-3-Neg-2
WOOOOWWW,1513,3,Neg,2,Library-3-Neg-2
WOOOWOOO,7,3,Neg,2,Library-3-Neg-2
WOOOWOOW,1194,3,Neg,2,Library-3-Neg-2
WOOOWOWO,1992,3,Neg,2,Library-3-Neg-2
WOOOWOWW,1313,3,Neg,2,Library-3-Neg-2
WOOOWWOO,3193,3,Neg,2,Library-3-Neg-2
WOOOWWOW,1737,3,Neg,2,Library-3-Neg-2
WOOOWWWO,1585,3,Neg,2,Library-3-Neg-2
WOOOWWWW,1280,3,Neg,2,Library-3-Neg-2
WOOWOOOO,504,3,Neg,2,Library-3-Neg-2
WOOWOOOW,386,3,Neg,2,Library-3-Neg-2
WOOWOOWO,1019,3,Neg,2,Library-3-Neg-2
WOOWOOWW,750,3,Neg,2,Library-3-Neg-2
WOOWOWOO,464,3,Neg,2,Library-3-Neg-2
WOOWOWOW,1381,3,Neg,2,Library-3-Neg-2
WOOWOWWO,2088,3,Neg,2,Library-3-Neg-2
WOOWOWWW,390,3,Neg,2,Library-3-Neg-2
WOOWWOOO,1387,3,Neg,2,Library-3-Neg-2
WOOWWOOW,1599,3,Neg,2,Library-3-Neg-2
WOOWWOWO,46,3,Neg,2,Library-3-Neg-2
WOOWWOWW,474,3,Neg,2,Library-3-Neg-2
WOOWWWOO,3546,3,Neg,2,Library-3-Neg-2
WOOWWWOW,1876,3,Neg,2,Library-3-Neg-2
WOOWWWWO,1147,3,Neg,2,Library-3-Neg-2
WOOWWWWW,364,3,Neg,2,Library-3-Neg-2
WOWOOOOO,1235,3,Neg,2,Library-3-Neg-2
WOWOOOOW,39,3,Neg,2,Library-3-Neg-2
WOWOOOWO,763,3,Neg,2,Library-3-Neg-2
WOWOOOWW,635,3,Neg,2,Library-3-Neg-2
WOWOOWOO,7,3,Neg,2,Library-3-Neg-2
WOWOOWOW,469,3,Neg,2,Library-3-Neg-2
WOWOOWWO,283,3,Neg,2,Library-3-Neg-2
WOWOOWWW,221,3,Neg,2,Library-3-Neg-2
WOWOWOOO,519,3,Neg,2,Library-3-Neg-2
WOWOWOOW,793,3,Neg,2,Library-3-Neg-2
WOWOWOWO,2359,3,Neg,2,Library-3-Neg-2
WOWOWOWW,633,3,Neg,2,Library-3-Neg-2
WOWOWWOO,900,3,Neg,2,Library-3-Neg-2
WOWOWWOW,222,3,Neg,2,Library-3-Neg-2
WOWOWWWO,1919,3,Neg,2,Library-3-Neg-2
WOWOWWWW,420,3,Neg,2,Library-3-Neg-2
WOWWOOOO,38,3,Neg,2,Library-3-Neg-2
WOWWOOOW,1065,3,Neg,2,Library-3-Neg-2
WOWWOOWO,1704,3,Neg,2,Library-3-Neg-2
WOWWOOWW,751,3,Neg,2,Library-3-Neg-2
WOWWOWOO,979,3,Neg,2,Library-3-Neg-2
WOWWOWOW,196,3,Neg,2,Library-3-Neg-2
WOWWOWWO,1017,3,Neg,2,Library-3-Neg-2
WOWWOWWW,2158,3,Neg,2,Library-3-Neg-2
WOWWWOOO,105,3,Neg,2,Library-3-Neg-2
WOWWWOOW,416,3,Neg,2,Library-3-Neg-2
WOWWWOWO,407,3,Neg,2,Library-3-Neg-2
WOWWWOWW,550,3,Neg,2,Library-3-Neg-2
WOWWWWOO,2692,3,Neg,2,Library-3-Neg-2
WOWWWWOW,2136,3,Neg,2,Library-3-Neg-2
WOWWWWWO,1237,3,Neg,2,Library-3-Neg-2
WOWWWWWW,481,3,Neg,2,Library-3-Neg-2
WWOOOOOO,639,3,Neg,2,Library-3-Neg-2
WWOOOOOW,20,3,Neg,2,Library-3-Neg-2
WWOOOOWO,917,3,Neg,2,Library-3-Neg-2
WWOOOOWW,1335,3,Neg,2,Library-3-Neg-2
WWOOOWOO,1064,3,Neg,2,Library-3-Neg-2
WWOOOWOW,844,3,Neg,2,Library-3-Neg-2
WWOOOWWO,599,3,Neg,2,Library-3-Neg-2
WWOOOWWW,803,3,Neg,2,Library-3-Neg-2
WWOOWOOO,17,3,Neg,2,Library-3-Neg-2
WWOOWOOW,939,3,Neg,2,Library-3-Neg-2
WWOOWOWO,1914,3,Neg,2,Library-3-Neg-2
WWOOWOWW,1235,3,Neg,2,Library-3-Neg-2
WWOOWWOO,156,3,Neg,2,Library-3-Neg-2
WWOOWWOW,1701,3,Neg,2,Library-3-Neg-2
WWOOWWWO,1324,3,Neg,2,Library-3-Neg-2
WWOOWWWW,806,3,Neg,2,Library-3-Neg-2
WWOWOOOO,271,3,Neg,2,Library-3-Neg-2
WWOWOOOW,262,3,Neg,2,Library-3-Neg-2
WWOWOOWO,781,3,Neg,2,Library-3-Neg-2
WWOWOOWW,839,3,Neg,2,Library-3-Neg-2
WWOWOWOO,285,3,Neg,2,Library-3-Neg-2
WWOWOWOW,1792,3,Neg,2,Library-3-Neg-2
WWOWOWWO,607,3,Neg,2,Library-3-Neg-2
WWOWOWWW,339,3,Neg,2,Library-3-Neg-2
WWOWWOOO,864,3,Neg,2,Library-3-Neg-2
WWOWWOOW,138,3,Neg,2,Library-3-Neg-2
WWOWWOWO,582,3,Neg,2,Library-3-Neg-2
WWOWWOWW,1069,3,Neg,2,Library-3-Neg-2
WWOWWWOO,599,3,Neg,2,Library-3-Neg-2
WWOWWWOW,1309,3,Neg,2,Library-3-Neg-2
WWOWWWWO,631,3,Neg,2,Library-3-Neg-2
WWOWWWWW,1214,3,Neg,2,Library-3-Neg-2
WWWOOOOO,2468,3,Neg,2,Library-3-Neg-2
WWWOOOOW,168,3,Neg,2,Library-3-Neg-2
WWWOOOWO,310,3,Neg,2,Library-3-Neg-2
WWWOOOWW,2510,3,Neg,2,Library-3-Neg-2
WWWOOWOO,225,3,Neg,2,Library-3-Neg-2
WWWOOWOW,577,3,Neg,2,Library-3-Neg-2
WWWOOWWO,914,3,Neg,2,Library-3-Neg-2
WWWOOWWW,1000,3,Neg,2,Library-3-Neg-2
WWWOWOOO,108,3,Neg,2,Library-3-Neg-2
WWWOWOOW,966,3,Neg,2,Library-3-Neg-2
WWWOWOWO,645,3,Neg,2,Library-3-Neg-2
WWWOWOWW,345,3,Neg,2,Library-3-Neg-2
WWWOWWOO,275,3,Neg,2,Library-3-Neg-2
WWWOWWOW,1045,3,Neg,2,Library-3-Neg-2
WWWOWWWO,1331,3,Neg,2,Library-3-Neg-2
WWWOWWWW,367,3,Neg,2,Library-3-Neg-2
WWWWOOOO,115,3,Neg,2,Library-3-Neg-2
WWWWOOOW,1202,3,Neg,2,Library-3-Neg-2
WWWWOOWO,805,3,Neg,2,Library-3-Neg-2
WWWWOOWW,356,3,Neg,2,Library-3-Neg-2
WWWWOWOO,1024,3,Neg,2,Library-3-Neg-2
WWWWOWOW,684,3,Neg,2,Library-3-Neg-2
WWWWOWWO,179,3,Neg,2,Library-3-Neg-2
WWWWOWWW,1185,3,Neg,2,Library-3-Neg-2
WWWWWOOO,1870,3,Neg,2,Library-3-Neg-2
WWWWWOOW,792,3,Neg,2,Library-3-Neg-2
WWWWWOWO,867,3,Neg,2,Library-3-Neg-2
WWWWWOWW,668,3,Neg,2,Library-3-Neg-2
WWWWWWOO,1267,3,Neg,2,Library-3-Neg-2
WWWWWWOW,780,3,Neg,2,Library-3-Neg-2
WWWWWWWO,1066,3,Neg,2,Library-3-Neg-2
WWWWWWWW,6910,3,Neg,2,Library-3-Neg-2
OOOOOOOO,8478,3,Neg,3,Library-3-Neg-3
OOOOOOOW,13200,3,Neg,3,Library-3-Neg-3
OOOOOOWO,2871,3,Neg,3,Library-3-Neg-3
OOOOOOWW,18561,3,Neg,3,Library-3-Neg-3
OOOOOWOO,1155,3,Neg,3,Library-3-Neg-3
OOOOOWOW,6757,3,Neg,3,Library-3-Neg-3
OOOOOWWO,21607,3,Neg,3,Library-3-Neg-3
OOOOOWWW,25401,3,Neg,3,Library-3-Neg-3
OOOOWOOO,2221,3,Neg,3,Library-3-Neg-3
OOOOWOOW,15641,3,Neg,3,Library-3-Neg-3
OOOOWOWO,28948,3,Neg,3,Library-3-Neg-3
OOOOWOWW,11197,3,Neg,3,Library-3-Neg-3
OOOOWWOO,32931,3,Neg,3,Library-3-Neg-3
OOOOWWOW,6872,3,Neg,3,Library-3-Neg-3
OOOOWWWO,12223,3,Neg,3,Library-3-Neg-3
OOOOWWWW,11052,3,Neg,3,Library-3-Neg-3
OOOWOOOO,4548,3,Neg,3,Library-3-Neg-3
OOOWOOOW,10913,3,Neg,3,Library-3-Neg-3
OOOWOOWO,9061,3,Neg,3,Library-3-Neg-3
OOOWOOWW,6917,3,Neg,3,Library-3-Neg-3
OOOWOWOO,6013,3,Neg,3,Library-3-Neg-3
OOOWOWOW,20317,3,Neg,3,Library-3-Neg-3
OOOWOWWO,8337,3,Neg,3,Library-3-Neg-3
OOOWOWWW,1371,3,Neg,3,Library-3-Neg-3
OOOWWOOO,7572,3,Neg,3,Library-3-Neg-3
OOOWWOOW,11935,3,Neg,3,Library-3-Neg-3
OOOWWOWO,7361,3,Neg,3,Library-3-Neg-3
OOOWWOWW,4949,3,Neg,3,Library-3-Neg-3
OOOWWWOO,20187,3,Neg,3,Library-3-Neg-3
OOOWWWOW,11782,3,Neg,3,Library-3-Neg-3
OOOWWWWO,10337,3,Neg,3,Library-3-Neg-3
OOOWWWWW,7979,3,Neg,3,Library-3-Neg-3
OOWOOOOO,42220,3,Neg,3,Library-3-Neg-3
OOWOOOOW,2376,3,Neg,3,Library-3-Neg-3
OOWOOOWO,21606,3,Neg,3,Library-3-Neg-3
OOWOOOWW,6146,3,Neg,3,Library-3-Neg-3
OOWOOWOO,7019,3,Neg,3,Library-3-Neg-3
OOWOOWOW,15165,3,Neg,3,Library-3-Neg-3
OOWOOWWO,20798,3,Neg,3,Library-3-Neg-3
OOWOOWWW,21253,3,Neg,3,Library-3-Neg-3
OOWOWOOO,4062,3,Neg,3,Library-3-Neg-3
OOWOWOOW,6690,3,Neg,3,Library-3-Neg-3
OOWOWOWO,18080,3,Neg,3,Library-3-Neg-3
OOWOWOWW,15356,3,Neg,3,Library-3-Neg-3
OOWOWWOO,52900,3,Neg,3,Library-3-Neg-3
OOWOWWOW,8545,3,Neg,3,Library-3-Neg-3
OOWOWWWO,15219,3,Neg,3,Library-3-Neg-3
OOWOWWWW,10101,3,Neg,3,Library-3-Neg-3
OOWWOOOO,12414,3,Neg,3,Library-3-Neg-3
OOWWOOOW,12343,3,Neg,3,Library-3-Neg-3
OOWWOOWO,32084,3,Neg,3,Library-3-Neg-3
OOWWOOWW,7997,3,Neg,3,Library-3-Neg-3
OOWWOWOO,6890,3,Neg,3,Library-3-Neg-3
OOWWOWOW,9119,3,Neg,3,Library-3-Neg-3
OOWWOWWO,25273,3,Neg,3,Library-3-Neg-3
OOWWOWWW,15029,3,Neg,3,Library-3-Neg-3
OOWWWOOO,17533,3,Neg,3,Library-3-Neg-3
OOWWWOOW,2699,3,Neg,3,Library-3-Neg-3
OOWWWOWO,12075,3,Neg,3,Library-3-Neg-3
OOWWWOWW,20239,3,Neg,3,Library-3-Neg-3
OOWWWWOO,24901,3,Neg,3,Library-3-Neg-3
OOWWWWOW,22997,3,Neg,3,Library-3-Neg-3
OOWWWWWO,14825,3,Neg,3,Library-3-Neg-3
OOWWWWWW,6620,3,Neg,3,Library-3-Neg-3
OWOOOOOO,18657,3,Neg,3,Library-3-Neg-3
OWOOOOOW,230,3,Neg,3,Library-3-Neg-3
OWOOOOWO,22759,3,Neg,3,Library-3-Neg-3
OWOOOOWW,23631,3,Neg,3,Library-3-Neg-3
OWOOOWOO,4116,3,Neg,3,Library-3-Neg-3
OWOOOWOW,8405,3,Neg,3,Library-3-Neg-3
OWOOOWWO,18986,3,Neg,3,Library-3-Neg-3
OWOOOWWW,12079,3,Neg,3,Library-3-Neg-3
OWOOWOOO,2105,3,Neg,3,Library-3-Neg-3
OWOOWOOW,7716,3,Neg,3,Library-3-Neg-3
OWOOWOWO,8572,3,Neg,3,Library-3-Neg-3
OWOOWOWW,26904,3,Neg,3,Library-3-Neg-3
OWOOWWOO,5032,3,Neg,3,Library-3-Neg-3
OWOOWWOW,10105,3,Neg,3,Library-3-Neg-3
OWOOWWWO,25355,3,Neg,3,Library-3-Neg-3
OWOOWWWW,3764,3,Neg,3,Library-3-Neg-3
OWOWOOOO,4087,3,Neg,3,Library-3-Neg-3
OWOWOOOW,28763,3,Neg,3,Library-3-Neg-3
OWOWOOWO,37624,3,Neg,3,Library-3-Neg-3
OWOWOOWW,26287,3,Neg,3,Library-3-Neg-3
OWOWOWOO,23411,3,Neg,3,Library-3-Neg-3
OWOWOWOW,7963,3,Neg,3,Library-3-Neg-3
OWOWOWWO,7969,3,Neg,3,Library-3-Neg-3
OWOWOWWW,5616,3,Neg,3,Library-3-Neg-3
OWOWWOOO,8030,3,Neg,3,Library-3-Neg-3
OWOWWOOW,5854,3,Neg,3,Library-3-Neg-3
OWOWWOWO,4553,3,Neg,3,Library-3-Neg-3
OWOWWOWW,5275,3,Neg,3,Library-3-Neg-3
OWOWWWOO,26868,3,Neg,3,Library-3-Neg-3
OWOWWWOW,12295,3,Neg,3,Library-3-Neg-3
OWOWWWWO,6080,3,Neg,3,Library-3-Neg-3
OWOWWWWW,17457,3,Neg,3,Library-3-Neg-3
OWWOOOOO,9802,3,Neg,3,Library-3-Neg-3
OWWOOOOW,9371,3,Neg,3,Library-3-Neg-3
OWWOOOWO,6562,3,Neg,3,Library-3-Neg-3
OWWOOOWW,14779,3,Neg,3,Library-3-Neg-3
OWWOOWOO,156,3,Neg,3,Library-3-Neg-3
OWWOOWOW,5551,3,Neg,3,Library-3-Neg-3
OWWOOWWO,4666,3,Neg,3,Library-3-Neg-3
OWWOOWWW,22353,3,Neg,3,Library-3-Neg-3
OWWOWOOO,5499,3,Neg,3,Library-3-Neg-3
OWWOWOOW,10187,3,Neg,3,Library-3-Neg-3
OWWOWOWO,11424,3,Neg,3,Library-3-Neg-3
OWWOWOWW,8703,3,Neg,3,Library-3-Neg-3
OWWOWWOO,15392,3,Neg,3,Library-3-Neg-3
OWWOWWOW,1572,3,Neg,3,Library-3-Neg-3
OWWOWWWO,33984,3,Neg,3,Library-3-Neg-3
OWWOWWWW,5920,3,Neg,3,Library-3-Neg-3
OWWWOOOO,1475,3,Neg,3,Library-3-Neg-3
OWWWOOOW,11028,3,Neg,3,Library-3-Neg-3
OWWWOOWO,5536,3,Neg,3,Library-3-Neg-3
OWWWOOWW,8989,3,Neg,3,Library-3-Neg-3
OWWWOWOO,16811,3,Neg,3,Library-3-Neg-3
OWWWOWOW,5921,3,Neg,3,Library-3-Neg-3
OWWWOWWO,1457,3,Neg,3,Library-3-Neg-3
OWWWOWWW,16061,3,Neg,3,Library-3-Neg-3
OWWWWOOO,2285,3,Neg,3,Library-3-Neg-3
OWWWWOOW,12876,3,Neg,3,Library-3-Neg-3
OWWWWOWO,11864,3,Neg,3,Library-3-Neg-3
OWWWWOWW,7994,3,Neg,3,Library-3-Neg-3
OWWWWWOO,11447,3,Neg,3,Library-3-Neg-3
OWWWWWOW,18722,3,Neg,3,Library-3-Neg-3
OWWWWWWO,11900,3,Neg,3,Library-3-Neg-3
OWWWWWWW,6267,3,Neg,3,Library-3-Neg-3
WOOOOOOO,21124,3,Neg,3,Library-3-Neg-3
WOOOOOOW,6294,3,Neg,3,Library-3-Neg-3
WOOOOOWO,38366,3,Neg,3,Library-3-Neg-3
WOOOOOWW,13485,3,Neg,3,Library-3-Neg-3
WOOOOWOO,9409,3,Neg,3,Library-3-Neg-3
WOOOOWOW,15591,3,Neg,3,Library-3-Neg-3
WOOOOWWO,17788,3,Neg,3,Library-3-Neg-3
WOOOOWWW,21734,3,Neg,3,Library-3-Neg-3
WOOOWOOO,194,3,Neg,3,Library-3-Neg-3
WOOOWOOW,17642,3,Neg,3,Library-3-Neg-3
WOOOWOWO,29564,3,Neg,3,Library-3-Neg-3
WOOOWOWW,19378,3,Neg,3,Library-3-Neg-3
WOOOWWOO,46055,3,Neg,3,Library-3-Neg-3
WOOOWWOW,24804,3,Neg,3,Library-3-Neg-3
WOOOWWWO,23117,3,Neg,3,Library-3-Neg-3
WOOOWWWW,17477,3,Neg,3,Library-3-Neg-3
WOOWOOOO,7512,3,Neg,3,Library-3-Neg-3
WOOWOOOW,5706,3,Neg,3,Library-3-Neg-3
WOOWOOWO,16013,3,Neg,3,Library-3-Neg-3
WOOWOOWW,10684,3,Neg,3,Library-3-Neg-3
WOOWOWOO,6704,3,Neg,3,Library-3-Neg-3
WOOWOWOW,18527,3,Neg,3,Library-3-Neg-3
WOOWOWWO,31060,3,Neg,3,Library-3-Neg-3
WOOWOWWW,5355,3,Neg,3,Library-3-Neg-3
WOOWWOOO,19212,3,Neg,3,Library-3-Neg-3
WOOWWOOW,22704,3,Neg,3,Library-3-Neg-3
WOOWWOWO,287,3,Neg,3,Library-3-Neg-3
WOOWWOWW,6723,3,Neg,3,Library-3-Neg-3
WOOWWWOO,49937,3,Neg,3,Library-3-Neg-3
WOOWWWOW,27231,3,Neg,3,Library-3-Neg-3
WOOWWWWO,15792,3,Neg,3,Library-3-Neg-3
WOOWWWWW,4601,3,Neg,3,Library-3-Neg-3
WOWOOOOO,18274,3,Neg,3,Library-3-Neg-3
WOWOOOOW,499,3,Neg,3,Library-3-Neg-3
WOWOOOWO,12085,3,Neg,3,Library-3-Neg-3
WOWOOOWW,9611,3,Neg,3,Library-3-Neg-3
WOWOOWOO,164,3,Neg,3,Library-3-Neg-3
WOWOOWOW,7020,3,Neg,3,Library-3-Neg-3
WOWOOWWO,3905,3,Neg,3,Library-3-Neg-3
WOWOOWWW,3598,3,Neg,3,Library-3-Neg-3
WOWOWOOO,7903,3,Neg,3,Library-3-Neg-3
WOWOWOOW,11429,3,Neg,3,Library-3-Neg-3
WOWOWOWO,35671,3,Neg,3,Library-3-Neg-3
WOWOWOWW,9425,3,Neg,3,Library-3-Neg-3
WOWOWWOO,12652,3,Neg,3,Library-3-Neg-3
WOWOWWOW,2879,3,Neg,3,Library-3-Neg-3
WOWOWWWO,27360,3,Neg,3,Library-3-Neg-3
WOWOWWWW,6269,3,Neg,3,Library-3-Neg-3
WOWWOOOO,373,3,Neg,3,Library-3-Neg-3
WOWWOOOW,15663,3,Neg,3,Library-3-Neg-3
WOWWOOWO,25616,3,Neg,3,Library-3-Neg-3
WOWWOOWW,11756,3,Neg,3,Library-3-Neg-3
WOWWOWOO,13874,3,Neg,3,Library-3-Neg-3
WOWWOWOW,2721,3,Neg,3,Library-3-Neg-3
WOWWOWWO,14438,3,Neg,3,Library-3-Neg-3
WOWWOWWW,31387,3,Neg,3,Library-3-Neg-3
WOWWWOOO,1424,3,Neg,3,Library-3-Neg-3
WOWWWOOW,5892,3,Neg,3,Library-3-Neg-3
WOWWWOWO,5397,3,Neg,3,Library-3-Neg-3
WOWWWOWW,7897,3,Neg,3,Library-3-Neg-3
WOWWWWOO,37107,3,Neg,3,Library-3-Neg-3
WOWWWWOW,30883,3,Neg,3,Library-3-Neg-3
WOWWWWWO,17608,3,Neg,3,Library-3-Neg-3
WOWWWWWW,7057,3,Neg,3,Library-3-Neg-3
WWOOOOOO,9856,3,Neg,3,Library-3-Neg-3
WWOOOOOW,192,3,Neg,3,Library-3-Neg-3
WWOOOOWO,13438,3,Neg,3,Library-3-Neg-3
WWOOOOWW,19219,3,Neg,3,Library-3-Neg-3
WWOOOWOO,15659,3,Neg,3,Library-3-Neg-3
WWOOOWOW,12550,3,Neg,3,Library-3-Neg-3
WWOOOWWO,8365,3,Neg,3,Library-3-Neg-3
WWOOOWWW,11848,3,Neg,3,Library-3-Neg-3
WWOOWOOO,157,3,Neg,3,Library-3-Neg-3
WWOOWOOW,12810,3,Neg,3,Library-3-Neg-3
WWOOWOWO,26374,3,Neg,3,Library-3-Neg-3
WWOOWOWW,17189,3,Neg,3,Library-3-Neg-3
WWOOWWOO,2634,3,Neg,3,Library-3-Neg-3
WWOOWWOW,24383,3,Neg,3,Library-3-Neg-3
WWOOWWWO,18086,3,Neg,3,Library-3-Neg-3
WWOOWWWW,12004,3,Neg,3,Library-3-Neg-3
WWOWOOOO,4151,3,Neg,3,Library-3-Neg-3
WWOWOOOW,3977,3,Neg,3,Library-3-Neg-3
WWOWOOWO,10878,3,Neg,3,Library-3-Neg-3
WWOWOOWW,13320,3,Neg,3,Library-3-Neg-3
WWOWOWOO,4144,3,Neg,3,Library-3-Neg-3
WWOWOWOW,25159,3,Neg,3,Library-3-Neg-3
WWOWOWWO,7978,3,Neg,3,Library-3-Neg-3
WWOWOWWW,4264,3,Neg,3,Library-3-Neg-3
WWOWWOOO,11698,3,Neg,3,Library-3-Neg-3
WWOWWOOW,1880,3,Neg,3,Library-3-Neg-3
WWOWWOWO,8517,3,Neg,3,Library-3-Neg-3
WWOWWOWW,14964,3,Neg,3,Library-3-Neg-3
WWOWWWOO,7900,3,Neg,3,Library-3-Neg-3
WWOWWWOW,18446,3,Neg,3,Library-3-Neg-3
WWOWWWWO,8745,3,Neg,3,Library-3-Neg-3
WWOWWWWW,17741,3,Neg,3,Library-3-Neg-3
WWWOOOOO,36241,3,Neg,3,Library-3-Neg-3
WWWOOOOW,2530,3,Neg,3,Library-3-Neg-3
WWWOOOWO,4460,3,Neg,3,Library-3-Neg-3
WWWOOOWW,35378,3,Neg,3,Library-3-Neg-3
WWWOOWOO,3336,3,Neg,3,Library-3-Neg-3
WWWOOWOW,8359,3,Neg,3,Library-3-Neg-3
WWWOOWWO,13316,3,Neg,3,Library-3-Neg-3
WWWOOWWW,13660,3,Neg,3,Library-3-Neg-3
WWWOWOOO,1636,3,Neg,3,Library-3-Neg-3
WWWOWOOW,14487,3,Neg,3,Library-3-Neg-3
WWWOWOWO,9141,3,Neg,3,Library-3-Neg-3
WWWOWOWW,5475,3,Neg,3,Library-3-Neg-3
WWWOWWOO,3694,3,Neg,3,Library-3-Neg-3
WWWOWWOW,13237,3,Neg,3,Library-3-Neg-3
WWWOWWWO,17833,3,Neg,3,Library-3-Neg-3
WWWOWWWW,5380,3,Neg,3,Library-3-Neg-3
WWWWOOOO,1685,3,Neg,3,Library-3-Neg-3
WWWWOOOW,17965,3,Neg,3,Library-3-Neg-3
WWWWOOWO,12613,3,Neg,3,Library-3-Neg-3
WWWWOOWW,4839,3,Neg,3,Library-3-Neg-3
WWWWOWOO,14196,3,Neg,3,Library-3-Neg-3
WWWWOWOW,8914,3,Neg,3,Library-3-Neg-3
WWWWOWWO,1978,3,Neg,3,Library-3-Neg-3
WWWWOWWW,16539,3,Neg,3,Library-3-Neg-3
WWWWWOOO,26285,3,Neg,3,Library-3-Neg-3
WWWWWOOW,11392,3,Neg,3,Library-3-Neg-3
WWWWWOWO,12262,3,Neg,3,Library-3-Neg-3
WWWWWOWW,9210,3,Neg,3,Library-3-Neg-3
WWWWWWOO,16850,3,Neg,3,Library-3-Neg-3
WWWWWWOW,10597,3,Neg,3,Library-3-Neg-3
WWWWWWWO,14763,3,Neg,3,Library-3-Neg-3
WWWWWWWW,99028,3,Neg,3,Library-3-Neg-3
OOOOOOOO,38,3,Pos,1,Library-3-Pos-1
OOOOOOOW,30,3,Pos,1,Library-3-Pos-1
OOOOOOWO,40,3,Pos,1,Library-3-Pos-1
OOOOOOWW,79,3,Pos,1,Library-3-Pos-1
OOOOOWOO,4,3,Pos,1,Library-3-Pos-1
OOOOOWOW,35,3,Pos,1,Library-3-Pos-1
OOOOOWWO,54,3,Pos,1,Library-3-Pos-1
OOOOOWWW,85,3,Pos,1,Library-3-Pos-1
OOOOWOOO,16,3,Pos,1,Library-3-Pos-1
OOOOWOOW,49,3,Pos,1,Library-3-Pos-1
OOOOWOWO,90,3,Pos,1,Library-3-Pos-1
OOOOWOWW,95,3,Pos,1,Library-3-Pos-1
OOOOWWOO,86,3,Pos,1,Library-3-Pos-1
OOOOWWOW,70,3,Pos,1,Library-3-Pos-1
OOOOWWWO,58,3,Pos,1,Library-3-Pos-1
OOOOWWWW,65,3,Pos,1,Library-3-Pos-1
OOOWOOOO,2,3,Pos,1,Library-3-Pos-1
OOOWOOOW,26,3,Pos,1,Library-3-Pos-1
OOOWOOWO,85,3,Pos,1,Library-3-Pos-1
OOOWOOWW,76,3,Pos,1,Library-3-Pos-1
OOOWOWOO,81,3,Pos,1,Library-3-Pos-1
OOOWOWOW,130,3,Pos,1,Library-3-Pos-1
OOOWOWWO,88,3,Pos,1,Library-3-Pos-1
OOOWOWWW,49,3,Pos,1,Library-3-Pos-1
OOOWWOOO,50,3,Pos,1,Library-3-Pos-1
OOOWWOOW,77,3,Pos,1,Library-3-Pos-1
OOOWWOWO,65,3,Pos,1,Library-3-Pos-1
OOOWWOWW,75,3,Pos,1,Library-3-Pos-1
OOOWWWOO,81,3,Pos,1,Library-3-Pos-1
OOOWWWOW,76,3,Pos,1,Library-3-Pos-1
OOOWWWWO,45,3,Pos,1,Library-3-Pos-1
OOOWWWWW,52,3,Pos,1,Library-3-Pos-1
OOWOOOOO,36,3,Pos,1,Library-3-Pos-1
OOWOOOOW,26,3,Pos,1,Library-3-Pos-1
OOWOOOWO,77,3,Pos,1,Library-3-Pos-1
OOWOOOWW,95,3,Pos,1,Library-3-Pos-1
OOWOOWOO,3,3,Pos,1,Library-3-Pos-1
OOWOOWOW,53,3,Pos,1,Library-3-Pos-1
OOWOOWWO,66,3,Pos,1,Library-3-Pos-1
OOWOOWWW,38,3,Pos,1,Library-3-Pos-1
OOWOWOOO,18,3,Pos,1,Library-3-Pos-1
OOWOWOOW,74,3,Pos,1,Library-3-Pos-1
OOWOWOWO,77,3,Pos,1,Library-3-Pos-1
OOWOWOWW,80,3,Pos,1,Library-3-Pos-1
OOWOWWOO,91,3,Pos,1,Library-3-Pos-1
OOWOWWOW,71,3,Pos,1,Library-3-Pos-1
OOWOWWWO,75,3,Pos,1,Library-3-Pos-1
OOWOWWWW,89,3,Pos,1,Library-3-Pos-1
OOWWOOOO,27,3,Pos,1,Library-3-Pos-1
OOWWOOOW,16,3,Pos,1,Library-3-Pos-1
OOWWOOWO,111,3,Pos,1,Library-3-Pos-1
OOWWOOWW,91,3,Pos,1,Library-3-Pos-1
OOWWOWOO,56,3,Pos,1,Library-3-Pos-1
OOWWOWOW,61,3,Pos,1,Library-3-Pos-1
OOWWOWWO,76,3,Pos,1,Library-3-Pos-1
OOWWOWWW,103,3,Pos,1,Library-3-Pos-1
OOWWWOOO,63,3,Pos,1,Library-3-Pos-1
OOWWWOOW,58,3,Pos,1,Library-3-Pos-1
OOWWWOWO,74,3,Pos,1,Library-3-Pos-1
OOWWWOWW,77,3,Pos,1,Library-3-Pos-1
OOWWWWOO,81,3,Pos,1,Library-3-Pos-1
OOWWWWOW,73,3,Pos,1,Library-3-Pos-1
OOWWWWWO,35,3,Pos,1,Library-3-Pos-1
OOWWWWWW,84,3,Pos,1,Library-3-Pos-1
OWOOOOOO,49,3,Pos,1,Library-3-Pos-1
OWOOOOOW,8,3,Pos,1,Library-3-Pos-1
OWOOOOWO,97,3,Pos,1,Library-3-Pos-1
OWOOOOWW,51,3,Pos,1,Library-3-Pos-1
OWOOOWOO,28,3,Pos,1,Library-3-Pos-1
OWOOOWOW,53,3,Pos,1,Library-3-Pos-1
OWOOOWWO,65,3,Pos,1,Library-3-Pos-1
OWOOOWWW,46,3,Pos,1,Library-3-Pos-1
OWOOWOOO,22,3,Pos,1,Library-3-Pos-1
OWOOWOOW,29,3,Pos,1,Library-3-Pos-1
OWOOWOWO,51,3,Pos,1,Library-3-Pos-1
OWOOWOWW,112,3,Pos,1,Library-3-Pos-1
OWOOWWOO,75,3,Pos,1,Library-3-Pos-1
OWOOWWOW,11,3,Pos,1,Library-3-Pos-1
OWOOWWWO,75,3,Pos,1,Library-3-Pos-1
OWOOWWWW,27,3,Pos,1,Library-3-Pos-1
OWOWOOOO,43,3,Pos,1,Library-3-Pos-1
OWOWOOOW,38,3,Pos,1,Library-3-Pos-1
OWOWOOWO,96,3,Pos,1,Library-3-Pos-1
OWOWOOWW,65,3,Pos,1,Library-3-Pos-1
OWOWOWOO,42,3,Pos,1,Library-3-Pos-1
OWOWOWOW,41,3,Pos,1,Library-3-Pos-1
OWOWOWWO,34,3,Pos,1,Library-3-Pos-1
OWOWOWWW,36,3,Pos,1,Library-3-Pos-1
OWOWWOOO,87,3,Pos,1,Library-3-Pos-1
OWOWWOOW,31,3,Pos,1,Library-3-Pos-1
OWOWWOWO,43,3,Pos,1,Library-3-Pos-1
OWOWWOWW,35,3,Pos,1,Library-3-Pos-1
OWOWWWOO,72,3,Pos,1,Library-3-Pos-1
OWOWWWOW,73,3,Pos,1,Library-3-Pos-1
OWOWWWWO,50,3,Pos,1,Library-3-Pos-1
OWOWWWWW,49,3,Pos,1,Library-3-Pos-1
OWWOOOOO,71,3,Pos,1,Library-3-Pos-1
OWWOOOOW,13,3,Pos,1,Library-3-Pos-1
OWWOOOWO,56,3,Pos,1,Library-3-Pos-1
OWWOOOWW,40,3,Pos,1,Library-3-Pos-1
OWWOOWOO,3,3,Pos,1,Library-3-Pos-1
OWWOOWOW,41,3,Pos,1,Library-3-Pos-1
OWWOOWWO,46,3,Pos,1,Library-3-Pos-1
OWWOOWWW,45,3,Pos,1,Library-3-Pos-1
OWWOWOOO,16,3,Pos,1,Library-3-Pos-1
OWWOWOOW,26,3,Pos,1,Library-3-Pos-1
OWWOWOWO,51,3,Pos,1,Library-3-Pos-1
OWWOWOWW,73,3,Pos,1,Library-3-Pos-1
OWWOWWOO,90,3,Pos,1,Library-3-Pos-1
OWWOWWOW,32,3,Pos,1,Library-3-Pos-1
OWWOWWWO,65,3,Pos,1,Library-3-Pos-1
OWWOWWWW,113,3,Pos,1,Library-3-Pos-1
OWWWOOOO,7,3,Pos,1,Library-3-Pos-1
OWWWOOOW,34,3,Pos,1,Library-3-Pos-1
OWWWOOWO,87,3,Pos,1,Library-3-Pos-1
OWWWOOWW,33,3,Pos,1,Library-3-Pos-1
OWWWOWOO,74,3,Pos,1,Library-3-Pos-1
OWWWOWOW,59,3,Pos,1,Library-3-Pos-1
OWWWOWWO,66,3,Pos,1,Library-3-Pos-1
OWWWOWWW,23,3,Pos,1,Library-3-Pos-1
OWWWWOOO,35,3,Pos,1,Library-3-Pos-1
OWWWWOOW,71,3,Pos,1,Library-3-Pos-1
OWWWWOWO,75,3,Pos,1,Library-3-Pos-1
OWWWWOWW,81,3,Pos,1,Library-3-Pos-1
OWWWWWOO,67,3,Pos,1,Library-3-Pos-1
OWWWWWOW,70,3,Pos,1,Library-3-Pos-1
OWWWWWWO,113,3,Pos,1,Library-3-Pos-1
OWWWWWWW,16,3,Pos,1,Library-3-Pos-1
WOOOOOOO,37,3,Pos,1,Library-3-Pos-1
WOOOOOOW,32,3,Pos,1,Library-3-Pos-1
WOOOOOWO,64,3,Pos,1,Library-3-Pos-1
WOOOOOWW,70,3,Pos,1,Library-3-Pos-1
WOOOOWOO,33,3,Pos,1,Library-3-Pos-1
WOOOOWOW,49,3,Pos,1,Library-3-Pos-1
WOOOOWWO,43,3,Pos,1,Library-3-Pos-1
WOOOOWWW,89,3,Pos,1,Library-3-Pos-1
WOOOWOOO,24,3,Pos,1,Library-3-Pos-1
WOOOWOOW,56,3,Pos,1,Library-3-Pos-1
WOOOWOWO,68,3,Pos,1,Library-3-Pos-1
WOOOWOWW,87,3,Pos,1,Library-3-Pos-1
WOOOWWOO,85,3,Pos,1,Library-3-Pos-1
WOOOWWOW,66,3,Pos,1,Library-3-Pos-1
WOOOWWWO,89,3,Pos,1,Library-3-Pos-1
WOOOWWWW,43,3,Pos,1,Library-3-Pos-1
WOOWOOOO,42,3,Pos,1,Library-3-Pos-1
WOOWOOOW,39,3,Pos,1,Library-3-Pos-1
WOOWOOWO,104,3,Pos,1,Library-3-Pos-1
WOOWOOWW,40,3,Pos,1,Library-3-Pos-1
WOOWOWOO,70,3,Pos,1,Library-3-Pos-1
WOOWOWOW,105,3,Pos,1,Library-3-Pos-1
WOOWOWWO,60,3,Pos,1,Library-3-Pos-1
WOOWOWWW,85,3,Pos,1,Library-3-Pos-1
WOOWWOOO,97,3,Pos,1,Library-3-Pos-1
WOOWWOOW,59,3,Pos,1,Library-3-Pos-1
WOOWWOWO,49,3,Pos,1,Library-3-Pos-1
WOOWWOWW,46,3,Pos,1,Library-3-Pos-1
WOOWWWOO,101,3,Pos,1,Library-3-Pos-1
WOOWWWOW,35,3,Pos,1,Library-3-Pos-1
WOOWWWWO,53,3,Pos,1,Library-3-Pos-1
WOOWWWWW,44,3,Pos,1,Library-3-Pos-1
WOWOOOOO,26,3,Pos,1,Library-3-Pos-1
WOWOOOOW,10,3,Pos,1,Library-3-Pos-1
WOWOOOWO,73,3,Pos,1,Library-3-Pos-1
WOWOOOWW,72,3,Pos,1,Library-3-Pos-1
WOWOOWOW,13,3,Pos,1,Library-3-Pos-1
WOWOOWWO,38,3,Pos,1,Library-3-Pos-1
WOWOOWWW,68,3,Pos,1,Library-3-Pos-1
WOWOWOOO,13,3,Pos,1,Library-3-Pos-1
WOWOWOOW,60,3,Pos,1,Library-3-Pos-1
WOWOWOWO,53,3,Pos,1,Library-3-Pos-1
WOWOWOWW,49,3,Pos,1,Library-3-Pos-1
WOWOWWOO,48,3,Pos,1,Library-3-Pos-1
WOWOWWOW,60,3,Pos,1,Library-3-Pos-1
WOWOWWWO,79,3,Pos,1,Library-3-Pos-1
WOWOWWWW,64,3,Pos,1,Library-3-Pos-1
WOWWOOOO,38,3,Pos,1,Library-3-Pos-1
WOWWOOOW,74,3,Pos,1,Library-3-Pos-1
WOWWOOWO,46,3,Pos,1,Library-3-Pos-1
WOWWOOWW,37,3,Pos,1,Library-3-Pos-1
WOWWOWOO,52,3,Pos,1,Library-3-Pos-1
WOWWOWOW,41,3,Pos,1,Library-3-Pos-1
WOWWOWWO,50,3,Pos,1,Library-3-Pos-1
WOWWOWWW,62,3,Pos,1,Library-3-Pos-1
WOWWWOOO,61,3,Pos,1,Library-3-Pos-1
WOWWWOOW,34,3,Pos,1,Library-3-Pos-1
WOWWWOWO,41,3,Pos,1,Library-3-Pos-1
WOWWWOWW,94,3,Pos,1,Library-3-Pos-1
WOWWWWOO,89,3,Pos,1,Library-3-Pos-1
WOWWWWOW,84,3,Pos,1,Library-3-Pos-1
WOWWWWWO,34,3,Pos,1,Library-3-Pos-1
WOWWWWWW,60,3,Pos,1,Library-3-Pos-1
WWOOOOOO,29,3,Pos,1,Library-3-Pos-1
WWOOOOOW,6,3,Pos,1,Library-3-Pos-1
WWOOOOWO,81,3,Pos,1,Library-3-Pos-1
WWOOOOWW,70,3,Pos,1,Library-3-Pos-1
WWOOOWOO,20,3,Pos,1,Library-3-Pos-1
WWOOOWOW,50,3,Pos,1,Library-3-Pos-1
WWOOOWWO,35,3,Pos,1,Library-3-Pos-1
WWOOOWWW,47,3,Pos,1,Library-3-Pos-1
WWOOWOOO,11,3,Pos,1,Library-3-Pos-1
WWOOWOOW,37,3,Pos,1,Library-3-Pos-1
WWOOWOWO,44,3,Pos,1,Library-3-Pos-1
WWOOWOWW,65,3,Pos,1,Library-3-Pos-1
WWOOWWOO,59,3,Pos,1,Library-3-Pos-1
WWOOWWOW,66,3,Pos,1,Library-3-Pos-1
WWOOWWWO,87,3,Pos,1,Library-3-Pos-1
WWOOWWWW,50,3,Pos,1,Library-3-Pos-1
WWOWOOOO,5,3,Pos,1,Library-3-Pos-1
WWOWOOOW,41,3,Pos,1,Library-3-Pos-1
WWOWOOWO,36,3,Pos,1,Library-3-Pos-1
WWOWOOWW,55,3,Pos,1,Library-3-Pos-1
WWOWOWOO,39,3,Pos,1,Library-3-Pos-1
WWOWOWOW,51,3,Pos,1,Library-3-Pos-1
WWOWOWWO,34,3,Pos,1,Library-3-Pos-1
WWOWOWWW,40,3,Pos,1,Library-3-Pos-1
WWOWWOOO,124,3,Pos,1,Library-3-Pos-1
WWOWWOOW,52,3,Pos,1,Library-3-Pos-1
WWOWWOWO,77,3,Pos,1,Library-3-Pos-1
WWOWWOWW,35,3,Pos,1,Library-3-Pos-1
WWOWWWOO,56,3,Pos,1,Library-3-Pos-1
WWOWWWOW,81,3,Pos,1,Library-3-Pos-1
WWOWWWWO,65,3,Pos,1,Library-3-Pos-1
WWOWWWWW,48,3,Pos,1,Library-3-Pos-1
WWWOOOOO,89,3,Pos,1,Library-3-Pos-1
WWWOOOOW,11,3,Pos,1,Library-3-Pos-1
WWWOOOWO,28,3,Pos,1,Library-3-Pos-1
WWWOOOWW,43,3,Pos,1,Library-3-Pos-1
WWWOOWOO,9,3,Pos,1,Library-3-Pos-1
WWWOOWOW,55,3,Pos,1,Library-3-Pos-1
WWWOOWWO,21,3,Pos,1,Library-3-Pos-1
WWWOOWWW,84,3,Pos,1,Library-3-Pos-1
WWWOWOOO,24,3,Pos,1,Library-3-Pos-1
WWWOWOOW,85,3,Pos,1,Library-3-Pos-1
WWWOWOWO,52,3,Pos,1,Library-3-Pos-1
WWWOWOWW,102,3,Pos,1,Library-3-Pos-1
WWWOWWOO,69,3,Pos,1,Library-3-Pos-1
WWWOWWOW,37,3,Pos,1,Library-3-Pos-1
WWWOWWWO,101,3,Pos,1,Library-3-Pos-1
WWWOWWWW,53,3,Pos,1,Library-3-Pos-1
WWWWOOOO,6,3,Pos,1,Library-3-Pos-1
WWWWOOOW,33,3,Pos,1,Library-3-Pos-1
WWWWOOWO,54,3,Pos,1,Library-3-Pos-1
WWWWOOWW,87,3,Pos,1,Library-3-Pos-1
WWWWOWOO,34,3,Pos,1,Library-3-Pos-1
WWWWOWOW,59,3,Pos,1,Library-3-Pos-1
WWWWOWWO,38,3,Pos,1,Library-3-Pos-1
WWWWOWWW,70,3,Pos,1,Library-3-Pos-1
WWWWWOOO,38,3,Pos,1,Library-3-Pos-1
WWWWWOOW,48,3,Pos,1,Library-3-Pos-1
WWWWWOWO,63,3,Pos,1,Library-3-Pos-1
WWWWWOWW,53,3,Pos,1,Library-3-Pos-1
WWWWWWOO,64,3,Pos,1,Library-3-Pos-1
WWWWWWOW,37,3,Pos,1,Library-3-Pos-1
WWWWWWWO,88,3,Pos,1,Library-3-Pos-1
WWWWWWWW,472,3,Pos,1,Library-3-Pos-1
OOOOOOOO,24784,3,Pos,2,Library-3-Pos-2
OOOOOOOW,4166,3,Pos,2,Library-3-Pos-2
OOOOOOWO,37279,3,Pos,2,Library-3-Pos-2
OOOOOOWW,34504,3,Pos,2,Library-3-Pos-2
OOOOOWOO,3071,3,Pos,2,Library-3-Pos-2
OOOOOWOW,16055,3,Pos,2,Library-3-Pos-2
OOOOOWWO,37058,3,Pos,2,Library-3-Pos-2
OOOOOWWW,43036,3,Pos,2,Library-3-Pos-2
OOOOWOOO,13479,3,Pos,2,Library-3-Pos-2
OOOOWOOW,21504,3,Pos,2,Library-3-Pos-2
OOOOWOWO,95432,3,Pos,2,Library-3-Pos-2
OOOOWOWW,12641,3,Pos,2,Library-3-Pos-2
OOOOWWOO,39804,3,Pos,2,Library-3-Pos-2
OOOOWWOW,59428,3,Pos,2,Library-3-Pos-2
OOOOWWWO,39472,3,Pos,2,Library-3-Pos-2
OOOOWWWW,17690,3,Pos,2,Library-3-Pos-2
OOOWOOOO,9318,3,Pos,2,Library-3-Pos-2
OOOWOOOW,3123,3,Pos,2,Library-3-Pos-2
OOOWOOWO,61351,3,Pos,2,Library-3-Pos-2
OOOWOOWW,22938,3,Pos,2,Library-3-Pos-2
OOOWOWOO,31293,3,Pos,2,Library-3-Pos-2
OOOWOWOW,51794,3,Pos,2,Library-3-Pos-2
OOOWOWWO,49960,3,Pos,2,Library-3-Pos-2
OOOWOWWW,6278,3,Pos,2,Library-3-Pos-2
OOOWWOOO,14904,3,Pos,2,Library-3-Pos-2
OOOWWOOW,9116,3,Pos,2,Library-3-Pos-2
OOOWWOWO,28972,3,Pos,2,Library-3-Pos-2
OOOWWOWW,26491,3,Pos,2,Library-3-Pos-2
OOOWWWOO,48415,3,Pos,2,Library-3-Pos-2
OOOWWWOW,6365,3,Pos,2,Library-3-Pos-2
OOOWWWWO,14977,3,Pos,2,Library-3-Pos-2
OOOWWWWW,10873,3,Pos,2,Library-3-Pos-2
OOWOOOOO,75203,3,Pos,2,Library-3-Pos-2
OOWOOOOW,8775,3,Pos,2,Library-3-Pos-2
OOWOOOWO,32946,3,Pos,2,Library-3-Pos-2
OOWOOOWW,39240,3,Pos,2,Library-3-Pos-2
OOWOOWOO,195,3,Pos,2,Library-3-Pos-2
OOWOOWOW,28555,3,Pos,2,Library-3-Pos-2
OOWOOWWO,62141,3,Pos,2,Library-3-Pos-2
OOWOOWWW,12434,3,Pos,2,Library-3-Pos-2
OOWOWOOO,3305,3,Pos,2,Library-3-Pos-2
OOWOWOOW,7530,3,Pos,2,Library-3-Pos-2
OOWOWOWO,27562,3,Pos,2,Library-3-Pos-2
OOWOWOWW,54983,3,Pos,2,Library-3-Pos-2
OOWOWWOO,44116,3,Pos,2,Library-3-Pos-2
OOWOWWOW,13894,3,Pos,2,Library-3-Pos-2
OOWOWWWO,16443,3,Pos,2,Library-3-Pos-2
OOWOWWWW,15625,3,Pos,2,Library-3-Pos-2
OOWWOOOO,51193,3,Pos,2,Library-3-Pos-2
OOWWOOOW,26833,3,Pos,2,Library-3-Pos-2
OOWWOOWO,64804,3,Pos,2,Library-3-Pos-2
OOWWOOWW,15425,3,Pos,2,Library-3-Pos-2
OOWWOWOO,66495,3,Pos,2,Library-3-Pos-2
OOWWOWOW,11713,3,Pos,2,Library-3-Pos-2
OOWWOWWO,40104,3,Pos,2,Library-3-Pos-2
OOWWOWWW,29440,3,Pos,2,Library-3-Pos-2
OOWWWOOO,20017,3,Pos,2,Library-3-Pos-2
OOWWWOOW,24901,3,Pos,2,Library-3-Pos-2
OOWWWOWO,57219,3,Pos,2,Library-3-Pos-2
OOWWWOWW,22035,3,Pos,2,Library-3-Pos-2
OOWWWWOO,27799,3,Pos,2,Library-3-Pos-2
OOWWWWOW,18056,3,Pos,2,Library-3-Pos-2
OOWWWWWO,61101,3,Pos,2,Library-3-Pos-2
OOWWWWWW,21316,3,Pos,2,Library-3-Pos-2
OWOOOOOO,14197,3,Pos,2,Library-3-Pos-2
OWOOOOOW,11589,3,Pos,2,Library-3-Pos-2
OWOOOOWO,95510,3,Pos,2,Library-3-Pos-2
OWOOOOWW,47850,3,Pos,2,Library-3-Pos-2
OWOOOWOO,4344,3,Pos,2,Library-3-Pos-2
OWOOOWOW,13531,3,Pos,2,Library-3-Pos-2
OWOOOWWO,11894,3,Pos,2,Library-3-Pos-2
OWOOOWWW,8229,3,Pos,2,Library-3-Pos-2
OWOOWOOO,11266,3,Pos,2,Library-3-Pos-2
OWOOWOOW,11331,3,Pos,2,Library-3-Pos-2
OWOOWOWO,51349,3,Pos,2,Library-3-Pos-2
OWOOWOWW,10673,3,Pos,2,Library-3-Pos-2
OWOOWWOO,12727,3,Pos,2,Library-3-Pos-2
OWOOWWOW,10750,3,Pos,2,Library-3-Pos-2
OWOOWWWO,53308,3,Pos,2,Library-3-Pos-2
OWOOWWWW,328,3,Pos,2,Library-3-Pos-2
OWOWOOOO,12960,3,Pos,2,Library-3-Pos-2
OWOWOOOW,7151,3,Pos,2,Library-3-Pos-2
OWOWOOWO,51144,3,Pos,2,Library-3-Pos-2
OWOWOOWW,27586,3,Pos,2,Library-3-Pos-2
OWOWOWOO,60758,3,Pos,2,Library-3-Pos-2
OWOWOWOW,21338,3,Pos,2,Library-3-Pos-2
OWOWOWWO,4074,3,Pos,2,Library-3-Pos-2
OWOWOWWW,27929,3,Pos,2,Library-3-Pos-2
OWOWWOOO,38289,3,Pos,2,Library-3-Pos-2
OWOWWOOW,2204,3,Pos,2,Library-3-Pos-2
OWOWWOWO,25187,3,Pos,2,Library-3-Pos-2
OWOWWOWW,23312,3,Pos,2,Library-3-Pos-2
OWOWWWOO,18775,3,Pos,2,Library-3-Pos-2
OWOWWWOW,25850,3,Pos,2,Library-3-Pos-2
OWOWWWWO,40768,3,Pos,2,Library-3-Pos-2
OWOWWWWW,16217,3,Pos,2,Library-3-Pos-2
OWWOOOOO,52367,3,Pos,2,Library-3-Pos-2
OWWOOOOW,5181,3,Pos,2,Library-3-Pos-2
OWWOOOWO,54949,3,Pos,2,Library-3-Pos-2
OWWOOOWW,20070,3,Pos,2,Library-3-Pos-2
OWWOOWOO,1748,3,Pos,2,Library-3-Pos-2
OWWOOWOW,6550,3,Pos,2,Library-3-Pos-2
OWWOOWWO,32257,3,Pos,2,Library-3-Pos-2
OWWOOWWW,3643,3,Pos,2,Library-3-Pos-2
OWWOWOOO,3319,3,Pos,2,Library-3-Pos-2
OWWOWOOW,13919,3,Pos,2,Library-3-Pos-2
OWWOWOWO,32261,3,Pos,2,Library-3-Pos-2
OWWOWOWW,12095,3,Pos,2,Library-3-Pos-2
OWWOWWOO,18550,3,Pos,2,Library-3-Pos-2
OWWOWWOW,10324,3,Pos,2,Library-3-Pos-2
OWWOWWWO,21198,3,Pos,2,Library-3-Pos-2
OWWOWWWW,44123,3,Pos,2,Library-3-Pos-2
OWWWOOOO,346,3,Pos,2,Library-3-Pos-2
OWWWOOOW,3800,3,Pos,2,Library-3-Pos-2
OWWWOOWO,59566,3,Pos,2,Library-3-Pos-2
OWWWOOWW,7086,3,Pos,2,Library-3-Pos-2
OWWWOWOO,26546,3,Pos,2,Library-3-Pos-2
OWWWOWOW,42399,3,Pos,2,Library-3-Pos-2
OWWWOWWO,26838,3,Pos,2,Library-3-Pos-2
OWWWOWWW,10203,3,Pos,2,Library-3-Pos-2
OWWWWOOO,4339,3,Pos,2,Library-3-Pos-2
OWWWWOOW,36537,3,Pos,2,Library-3-Pos-2
OWWWWOWO,33885,3,Pos,2,Library-3-Pos-2
OWWWWOWW,22535,3,Pos,2,Library-3-Pos-2
OWWWWWOO,34051,3,Pos,2,Library-3-Pos-2
OWWWWWOW,37727,3,Pos,2,Library-3-Pos-2
OWWWWWWO,71373,3,Pos,2,Library-3-Pos-2
OWWWWWWW,4771,3,Pos,2,Library-3-Pos-2
WOOOOOOO,35826,3,Pos,2,Library-3-Pos-2
WOOOOOOW,2036,3,Pos,2,Library-3-Pos-2
WOOOOOWO,84916,3,Pos,2,Library-3-Pos-2
WOOOOOWW,23373,3,Pos,2,Library-3-Pos-2
WOOOOWOO,8707,3,Pos,2,Library-3-Pos-2
WOOOOWOW,12462,3,Pos,2,Library-3-Pos-2
WOOOOWWO,25773,3,Pos,2,Library-3-Pos-2
WOOOOWWW,29592,3,Pos,2,Library-3-Pos-2
WOOOWOOO,6261,3,Pos,2,Library-3-Pos-2
WOOOWOOW,13357,3,Pos,2,Library-3-Pos-2
WOOOWOWO,101027,3,Pos,2,Library-3-Pos-2
WOOOWOWW,14738,3,Pos,2,Library-3-Pos-2
WOOOWWOO,88147,3,Pos,2,Library-3-Pos-2
WOOOWWOW,34609,3,Pos,2,Library-3-Pos-2
WOOOWWWO,52833,3,Pos,2,Library-3-Pos-2
WOOOWWWW,26133,3,Pos,2,Library-3-Pos-2
WOOWOOOO,5642,3,Pos,2,Library-3-Pos-2
WOOWOOOW,4588,3,Pos,2,Library-3-Pos-2
WOOWOOWO,73559,3,Pos,2,Library-3-Pos-2
WOOWOOWW,23342,3,Pos,2,Library-3-Pos-2
WOOWOWOO,47713,3,Pos,2,Library-3-Pos-2
WOOWOWOW,27206,3,Pos,2,Library-3-Pos-2
WOOWOWWO,44981,3,Pos,2,Library-3-Pos-2
WOOWOWWW,12984,3,Pos,2,Library-3-Pos-2
WOOWWOOO,53323,3,Pos,2,Library-3-Pos-2
WOOWWOOW,37199,3,Pos,2,Library-3-Pos-2
WOOWWOWO,48181,3,Pos,2,Library-3-Pos-2
WOOWWOWW,27846,3,Pos,2,Library-3-Pos-2
WOOWWWOO,19073,3,Pos,2,Library-3-Pos-2
WOOWWWOW,3503,3,Pos,2,Library-3-Pos-2
WOOWWWWO,39918,3,Pos,2,Library-3-Pos-2
WOOWWWWW,31685,3,Pos,2,Library-3-Pos-2
WOWOOOOO,177006,3,Pos,2,Library-3-Pos-2
WOWOOOOW,455,3,Pos,2,Library-3-Pos-2
WOWOOOWO,52771,3,Pos,2,Library-3-Pos-2
WOWOOOWW,34766,3,Pos,2,Library-3-Pos-2
WOWOOWOO,139,3,Pos,2,Library-3-Pos-2
WOWOOWOW,12305,3,Pos,2,Library-3-Pos-2
WOWOOWWO,2929,3,Pos,2,Library-3-Pos-2
WOWOOWWW,28439,3,Pos,2,Library-3-Pos-2
WOWOWOOO,7034,3,Pos,2,Library-3-Pos-2
WOWOWOOW,97115,3,Pos,2,Library-3-Pos-2
WOWOWOWO,79022,3,Pos,2,Library-3-Pos-2
WOWOWOWW,27133,3,Pos,2,Library-3-Pos-2
WOWOWWOO,29680,3,Pos,2,Library-3-Pos-2
WOWOWWOW,46631,3,Pos,2,Library-3-Pos-2
WOWOWWWO,83473,3,Pos,2,Library-3-Pos-2
WOWOWWWW,22240,3,Pos,2,Library-3-Pos-2
WOWWOOOO,25915,3,Pos,2,Library-3-Pos-2
WOWWOOOW,11355,3,Pos,2,Library-3-Pos-2
WOWWOOWO,55703,3,Pos,2,Library-3-Pos-2
WOWWOOWW,18541,3,Pos,2,Library-3-Pos-2
WOWWOWOO,63772,3,Pos,2,Library-3-Pos-2
WOWWOWOW,3906,3,Pos,2,Library-3-Pos-2
WOWWOWWO,50540,3,Pos,2,Library-3-Pos-2
WOWWOWWW,40799,3,Pos,2,Library-3-Pos-2
WOWWWOOO,34287,3,Pos,2,Library-3-Pos-2
WOWWWOOW,1453,3,Pos,2,Library-3-Pos-2
WOWWWOWO,36431,3,Pos,2,Library-3-Pos-2
WOWWWOWW,39934,3,Pos,2,Library-3-Pos-2
WOWWWWOO,31033,3,Pos,2,Library-3-Pos-2
WOWWWWOW,57489,3,Pos,2,Library-3-Pos-2
WOWWWWWO,15145,3,Pos,2,Library-3-Pos-2
WOWWWWWW,17245,3,Pos,2,Library-3-Pos-2
WWOOOOOO,47014,3,Pos,2,Library-3-Pos-2
WWOOOOOW,2254,3,Pos,2,Library-3-Pos-2
WWOOOOWO,106648,3,Pos,2,Library-3-Pos-2
WWOOOOWW,15697,3,Pos,2,Library-3-Pos-2
WWOOOWOO,5746,3,Pos,2,Library-3-Pos-2
WWOOOWOW,10477,3,Pos,2,Library-3-Pos-2
WWOOOWWO,63111,3,Pos,2,Library-3-Pos-2
WWOOOWWW,11767,3,Pos,2,Library-3-Pos-2
WWOOWOOO,1383,3,Pos,2,Library-3-Pos-2
WWOOWOOW,17416,3,Pos,2,Library-3-Pos-2
WWOOWOWO,14117,3,Pos,2,Library-3-Pos-2
WWOOWOWW,1254,3,Pos,2,Library-3-Pos-2
WWOOWWOO,20962,3,Pos,2,Library-3-Pos-2
WWOOWWOW,11916,3,Pos,2,Library-3-Pos-2
WWOOWWWO,30377,3,Pos,2,Library-3-Pos-2
WWOOWWWW,3932,3,Pos,2,Library-3-Pos-2
WWOWOOOO,5295,3,Pos,2,Library-3-Pos-2
WWOWOOOW,11375,3,Pos,2,Library-3-Pos-2
WWOWOOWO,8164,3,Pos,2,Library-3-Pos-2
WWOWOOWW,11446,3,Pos,2,Library-3-Pos-2
WWOWOWOO,31014,3,Pos,2,Library-3-Pos-2
WWOWOWOW,15605,3,Pos,2,Library-3-Pos-2
WWOWOWWO,3992,3,Pos,2,Library-3-Pos-2
WWOWOWWW,5079,3,Pos,2,Library-3-Pos-2
WWOWWOOO,27246,3,Pos,2,Library-3-Pos-2
WWOWWOOW,29416,3,Pos,2,Library-3-Pos-2
WWOWWOWO,15986,3,Pos,2,Library-3-Pos-2
WWOWWOWW,9446,3,Pos,2,Library-3-Pos-2
WWOWWWOO,25158,3,Pos,2,Library-3-Pos-2
WWOWWWOW,66291,3,Pos,2,Library-3-Pos-2
WWOWWWWO,17172,3,Pos,2,Library-3-Pos-2
WWOWWWWW,38124,3,Pos,2,Library-3-Pos-2
WWWOOOOO,139886,3,Pos,2,Library-3-Pos-2
WWWOOOOW,392,3,Pos,2,Library-3-Pos-2
WWWOOOWO,23327,3,Pos,2,Library-3-Pos-2
WWWOOOWW,12912,3,Pos,2,Library-3-Pos-2
WWWOOWOO,166,3,Pos,2,Library-3-Pos-2
WWWOOWOW,31139,3,Pos,2,Library-3-Pos-2
WWWOOWWO,20964,3,Pos,2,Library-3-Pos-2
WWWOOWWW,56289,3,Pos,2,Library-3-Pos-2
WWWOWOOO,883,3,Pos,2,Library-3-Pos-2
WWWOWOOW,35265,3,Pos,2,Library-3-Pos-2
WWWOWOWO,24912,3,Pos,2,Library-3-Pos-2
WWWOWOWW,51547,3,Pos,2,Library-3-Pos-2
WWWOWWOO,34536,3,Pos,2,Library-3-Pos-2
WWWOWWOW,44699,3,Pos,2,Library-3-Pos-2
WWWOWWWO,24950,3,Pos,2,Library-3-Pos-2
WWWOWWWW,60991,3,Pos,2,Library-3-Pos-2
WWWWOOOO,4198,3,Pos,2,Library-3-Pos-2
WWWWOOOW,12521,3,Pos,2,Library-3-Pos-2
WWWWOOWO,32441,3,Pos,2,Library-3-Pos-2
WWWWOOWW,50657,3,Pos,2,Library-3-Pos-2
WWWWOWOO,9487,3,Pos,2,Library-3-Pos-2
WWWWOWOW,13880,3,Pos,2,Library-3-Pos-2
WWWWOWWO,39499,3,Pos,2,Library-3-Pos-2
WWWWOWWW,5266,3,Pos,2,Library-3-Pos-2
WWWWWOOO,22737,3,Pos,2,Library-3-Pos-2
WWWWWOOW,16361,3,Pos,2,Library-3-Pos-2
WWWWWOWO,55163,3,Pos,2,Library-3-Pos-2
WWWWWOWW,20730,3,Pos,2,Library-3-Pos-2
WWWWWWOO,35756,3,Pos,2,Library-3-Pos-2
WWWWWWOW,14538,3,Pos,2,Library-3-Pos-2
WWWWWWWO,24840,3,Pos,2,Library-3-Pos-2
WWWWWWWW,169690,3,Pos,2,Library-3-Pos-2
OOOOOOOO,65562,3,Pos,3,Library-3-Pos-3
OOOOOOOW,17586,3,Pos,3,Library-3-Pos-3
OOOOOOWO,16408,3,Pos,3,Library-3-Pos-3
OOOOOOWW,15490,3,Pos,3,Library-3-Pos-3
OOOOOWOO,7491,3,Pos,3,Library-3-Pos-3
OOOOOWOW,20336,3,Pos,3,Library-3-Pos-3
OOOOOWWO,6481,3,Pos,3,Library-3-Pos-3
OOOOOWWW,11209,3,Pos,3,Library-3-Pos-3
OOOOWOOO,11606,3,Pos,3,Library-3-Pos-3
OOOOWOOW,64041,3,Pos,3,Library-3-Pos-3
OOOOWOWO,40416,3,Pos,3,Library-3-Pos-3
OOOOWOWW,15791,3,Pos,3,Library-3-Pos-3
OOOOWWOO,72258,3,Pos,3,Library-3-Pos-3
OOOOWWOW,33870,3,Pos,3,Library-3-Pos-3
OOOOWWWO,28675,3,Pos,3,Library-3-Pos-3
OOOOWWWW,19218,3,Pos,3,Library-3-Pos-3
OOOWOOOO,7941,3,Pos,3,Library-3-Pos-3
OOOWOOOW,36822,3,Pos,3,Library-3-Pos-3
OOOWOOWO,14564,3,Pos,3,Library-3-Pos-3
OOOWOOWW,10828,3,Pos,3,Library-3-Pos-3
OOOWOWOO,40066,3,Pos,3,Library-3-Pos-3
OOOWOWOW,90134,3,Pos,3,Library-3-Pos-3
OOOWOWWO,7720,3,Pos,3,Library-3-Pos-3
OOOWOWWW,4827,3,Pos,3,Library-3-Pos-3
OOOWWOOO,23688,3,Pos,3,Library-3-Pos-3
OOOWWOOW,19513,3,Pos,3,Library-3-Pos-3
OOOWWOWO,19518,3,Pos,3,Library-3-Pos-3
OOOWWOWW,22486,3,Pos,3,Library-3-Pos-3
OOOWWWOO,27632,3,Pos,3,Library-3-Pos-3
OOOWWWOW,34441,3,Pos,3,Library-3-Pos-3
OOOWWWWO,11973,3,Pos,3,Library-3-Pos-3
OOOWWWWW,18434,3,Pos,3,Library-3-Pos-3
OOWOOOOO,140785,3,Pos,3,Library-3-Pos-3
OOWOOOOW,10490,3,Pos,3,Library-3-Pos-3
OOWOOOWO,45976,3,Pos,3,Library-3-Pos-3
OOWOOOWW,12381,3,Pos,3,Library-3-Pos-3
OOWOOWOO,9284,3,Pos,3,Library-3-Pos-3
OOWOOWOW,74091,3,Pos,3,Library-3-Pos-3
OOWOOWWO,8549,3,Pos,3,Library-3-Pos-3
OOWOOWWW,4908,3,Pos,3,Library-3-Pos-3
OOWOWOOO,6968,3,Pos,3,Library-3-Pos-3
OOWOWOOW,56886,3,Pos,3,Library-3-Pos-3
OOWOWOWO,40412,3,Pos,3,Library-3-Pos-3
OOWOWOWW,20198,3,Pos,3,Library-3-Pos-3
OOWOWWOO,136220,3,Pos,3,Library-3-Pos-3
OOWOWWOW,62011,3,Pos,3,Library-3-Pos-3
OOWOWWWO,22296,3,Pos,3,Library-3-Pos-3
OOWOWWWW,27042,3,Pos,3,Library-3-Pos-3
OOWWOOOO,52335,3,Pos,3,Library-3-Pos-3
OOWWOOOW,61506,3,Pos,3,Library-3-Pos-3
OOWWOOWO,78102,3,Pos,3,Library-3-Pos-3
OOWWOOWW,24696,3,Pos,3,Library-3-Pos-3
OOWWOWOO,96030,3,Pos,3,Library-3-Pos-3
OOWWOWOW,66110,3,Pos,3,Library-3-Pos-3
OOWWOWWO,25067,3,Pos,3,Library-3-Pos-3
OOWWOWWW,40924,3,Pos,3,Library-3-Pos-3
OOWWWOOO,96720,3,Pos,3,Library-3-Pos-3
OOWWWOOW,58647,3,Pos,3,Library-3-Pos-3
OOWWWOWO,31024,3,Pos,3,Library-3-Pos-3
OOWWWOWW,38912,3,Pos,3,Library-3-Pos-3
OOWWWWOO,88834,3,Pos,3,Library-3-Pos-3
OOWWWWOW,91216,3,Pos,3,Library-3-Pos-3
OOWWWWWO,20647,3,Pos,3,Library-3-Pos-3
OOWWWWWW,55237,3,Pos,3,Library-3-Pos-3
OWOOOOOO,26432,3,Pos,3,Library-3-Pos-3
OWOOOOOW,6606,3,Pos,3,Library-3-Pos-3
OWOOOOWO,17453,3,Pos,3,Library-3-Pos-3
OWOOOOWW,3688,3,Pos,3,Library-3-Pos-3
OWOOOWOO,13710,3,Pos,3,Library-3-Pos-3
OWOOOWOW,13008,3,Pos,3,Library-3-Pos-3
OWOOOWWO,5724,3,Pos,3,Library-3-Pos-3
OWOOOWWW,7293,3,Pos,3,Library-3-Pos-3
OWOOWOOO,19199,3,Pos,3,Library-3-Pos-3
OWOOWOOW,19207,3,Pos,3,Library-3-Pos-3
OWOOWOWO,16539,3,Pos,3,Library-3-Pos-3
OWOOWOWW,22265,3,Pos,3,Library-3-Pos-3
OWOOWWOO,45460,3,Pos,3,Library-3-Pos-3
OWOOWWOW,20472,3,Pos,3,Library-3-Pos-3
OWOOWWWO,21193,3,Pos,3,Library-3-Pos-3
OWOOWWWW,27014,3,Pos,3,Library-3-Pos-3
OWOWOOOO,10871,3,Pos,3,Library-3-Pos-3
OWOWOOOW,27289,3,Pos,3,Library-3-Pos-3
OWOWOOWO,13207,3,Pos,3,Library-3-Pos-3
OWOWOOWW,17965,3,Pos,3,Library-3-Pos-3
OWOWOWOO,24016,3,Pos,3,Library-3-Pos-3
OWOWOWOW,25622,3,Pos,3,Library-3-Pos-3
OWOWOWWO,4345,3,Pos,3,Library-3-Pos-3
OWOWOWWW,17124,3,Pos,3,Library-3-Pos-3
OWOWWOOO,28247,3,Pos,3,Library-3-Pos-3
OWOWWOOW,16249,3,Pos,3,Library-3-Pos-3
OWOWWOWO,14663,3,Pos,3,Library-3-Pos-3
OWOWWOWW,15600,3,Pos,3,Library-3-Pos-3
OWOWWWOO,42635,3,Pos,3,Library-3-Pos-3
OWOWWWOW,26429,3,Pos,3,Library-3-Pos-3
OWOWWWWO,15524,3,Pos,3,Library-3-Pos-3
OWOWWWWW,25453,3,Pos,3,Library-3-Pos-3
OWWOOOOO,93178,3,Pos,3,Library-3-Pos-3
OWWOOOOW,9725,3,Pos,3,Library-3-Pos-3
OWWOOOWO,24861,3,Pos,3,Library-3-Pos-3
OWWOOOWW,12201,3,Pos,3,Library-3-Pos-3
OWWOOWOO,6158,3,Pos,3,Library-3-Pos-3
OWWOOWOW,20241,3,Pos,3,Library-3-Pos-3
OWWOOWWO,11130,3,Pos,3,Library-3-Pos-3
OWWOOWWW,17700,3,Pos,3,Library-3-Pos-3
OWWOWOOO,32136,3,Pos,3,Library-3-Pos-3
OWWOWOOW,46804,3,Pos,3,Library-3-Pos-3
OWWOWOWO,16900,3,Pos,3,Library-3-Pos-3
OWWOWOWW,15710,3,Pos,3,Library-3-Pos-3
OWWOWWOO,93330,3,Pos,3,Library-3-Pos-3
OWWOWWOW,28546,3,Pos,3,Library-3-Pos-3
OWWOWWWO,18498,3,Pos,3,Library-3-Pos-3
OWWOWWWW,45375,3,Pos,3,Library-3-Pos-3
OWWWOOOO,1721,3,Pos,3,Library-3-Pos-3
OWWWOOOW,54171,3,Pos,3,Library-3-Pos-3
OWWWOOWO,36551,3,Pos,3,Library-3-Pos-3
OWWWOOWW,19384,3,Pos,3,Library-3-Pos-3
OWWWOWOO,79884,3,Pos,3,Library-3-Pos-3
OWWWOWOW,57151,3,Pos,3,Library-3-Pos-3
OWWWOWWO,6035,3,Pos,3,Library-3-Pos-3
OWWWOWWW,9966,3,Pos,3,Library-3-Pos-3
OWWWWOOO,22053,3,Pos,3,Library-3-Pos-3
OWWWWOOW,62644,3,Pos,3,Library-3-Pos-3
OWWWWOWO,26890,3,Pos,3,Library-3-Pos-3
OWWWWOWW,17830,3,Pos,3,Library-3-Pos-3
OWWWWWOO,50470,3,Pos,3,Library-3-Pos-3
OWWWWWOW,75499,3,Pos,3,Library-3-Pos-3
OWWWWWWO,38413,3,Pos,3,Library-3-Pos-3
OWWWWWWW,22306,3,Pos,3,Library-3-Pos-3
WOOOOOOO,93478,3,Pos,3,Library-3-Pos-3
WOOOOOOW,11107,3,Pos,3,Library-3-Pos-3
WOOOOOWO,20780,3,Pos,3,Library-3-Pos-3
WOOOOOWW,16581,3,Pos,3,Library-3-Pos-3
WOOOOWOO,27671,3,Pos,3,Library-3-Pos-3
WOOOOWOW,29955,3,Pos,3,Library-3-Pos-3
WOOOOWWO,4860,3,Pos,3,Library-3-Pos-3
WOOOOWWW,12538,3,Pos,3,Library-3-Pos-3
WOOOWOOO,3307,3,Pos,3,Library-3-Pos-3
WOOOWOOW,49730,3,Pos,3,Library-3-Pos-3
WOOOWOWO,24732,3,Pos,3,Library-3-Pos-3
WOOOWOWW,24364,3,Pos,3,Library-3-Pos-3
WOOOWWOO,75963,3,Pos,3,Library-3-Pos-3
WOOOWWOW,37159,3,Pos,3,Library-3-Pos-3
WOOOWWWO,18371,3,Pos,3,Library-3-Pos-3
WOOOWWWW,22431,3,Pos,3,Library-3-Pos-3
WOOWOOOO,31655,3,Pos,3,Library-3-Pos-3
WOOWOOOW,33614,3,Pos,3,Library-3-Pos-3
WOOWOOWO,20972,3,Pos,3,Library-3-Pos-3
WOOWOOWW,13723,3,Pos,3,Library-3-Pos-3
WOOWOWOO,41674,3,Pos,3,Library-3-Pos-3
WOOWOWOW,56488,3,Pos,3,Library-3-Pos-3
WOOWOWWO,8758,3,Pos,3,Library-3-Pos-3
WOOWOWWW,14169,3,Pos,3,Library-3-Pos-3
WOOWWOOO,38574,3,Pos,3,Library-3-Pos-3
WOOWWOOW,21802,3,Pos,3,Library-3-Pos-3
WOOWWOWO,7580,3,Pos,3,Library-3-Pos-3
WOOWWOWW,5598,3,Pos,3,Library-3-Pos-3
WOOWWWOO,33481,3,Pos,3,Library-3-Pos-3
WOOWWWOW,26875,3,Pos,3,Library-3-Pos-3
WOOWWWWO,7788,3,Pos,3,Library-3-Pos-3
WOOWWWWW,24337,3,Pos,3,Library-3-Pos-3
WOWOOOOO,93818,3,Pos,3,Library-3-Pos-3
WOWOOOOW,10341,3,Pos,3,Library-3-Pos-3
WOWOOOWO,21734,3,Pos,3,Library-3-Pos-3
WOWOOOWW,12293,3,Pos,3,Library-3-Pos-3
WOWOOWOO,3455,3,Pos,3,Library-3-Pos-3
WOWOOWOW,14966,3,Pos,3,Library-3-Pos-3
WOWOOWWO,2880,3,Pos,3,Library-3-Pos-3
WOWOOWWW,8322,3,Pos,3,Library-3-Pos-3
WOWOWOOO,17649,3,Pos,3,Library-3-Pos-3
WOWOWOOW,36074,3,Pos,3,Library-3-Pos-3
WOWOWOWO,29238,3,Pos,3,Library-3-Pos-3
WOWOWOWW,16444,3,Pos,3,Library-3-Pos-3
WOWOWWOO,68777,3,Pos,3,Library-3-Pos-3
WOWOWWOW,42634,3,Pos,3,Library-3-Pos-3
WOWOWWWO,20580,3,Pos,3,Library-3-Pos-3
WOWOWWWW,36356,3,Pos,3,Library-3-Pos-3
WOWWOOOO,28016,3,Pos,3,Library-3-Pos-3
WOWWOOOW,104826,3,Pos,3,Library-3-Pos-3
WOWWOOWO,32032,3,Pos,3,Library-3-Pos-3
WOWWOOWW,8336,3,Pos,3,Library-3-Pos-3
WOWWOWOO,56499,3,Pos,3,Library-3-Pos-3
WOWWOWOW,62906,3,Pos,3,Library-3-Pos-3
WOWWOWWO,12342,3,Pos,3,Library-3-Pos-3
WOWWOWWW,27781,3,Pos,3,Library-3-Pos-3
WOWWWOOO,34816,3,Pos,3,Library-3-Pos-3
WOWWWOOW,37199,3,Pos,3,Library-3-Pos-3
WOWWWOWO,17506,3,Pos,3,Library-3-Pos-3
WOWWWOWW,18163,3,Pos,3,Library-3-Pos-3
WOWWWWOO,95585,3,Pos,3,Library-3-Pos-3
WOWWWWOW,84518,3,Pos,3,Library-3-Pos-3
WOWWWWWO,15909,3,Pos,3,Library-3-Pos-3
WOWWWWWW,32619,3,Pos,3,Library-3-Pos-3
WWOOOOOO,40514,3,Pos,3,Library-3-Pos-3
WWOOOOOW,5966,3,Pos,3,Library-3-Pos-3
WWOOOOWO,9117,3,Pos,3,Library-3-Pos-3
WWOOOOWW,13716,3,Pos,3,Library-3-Pos-3
WWOOOWOO,3853,3,Pos,3,Library-3-Pos-3
WWOOOWOW,25463,3,Pos,3,Library-3-Pos-3
WWOOOWWO,6245,3,Pos,3,Library-3-Pos-3
WWOOOWWW,7961,3,Pos,3,Library-3-Pos-3
WWOOWOOO,1425,3,Pos,3,Library-3-Pos-3
WWOOWOOW,18945,3,Pos,3,Library-3-Pos-3
WWOOWOWO,11383,3,Pos,3,Library-3-Pos-3
WWOOWOWW,11199,3,Pos,3,Library-3-Pos-3
WWOOWWOO,19608,3,Pos,3,Library-3-Pos-3
WWOOWWOW,41704,3,Pos,3,Library-3-Pos-3
WWOOWWWO,9579,3,Pos,3,Library-3-Pos-3
WWOOWWWW,11247,3,Pos,3,Library-3-Pos-3
WWOWOOOO,9102,3,Pos,3,Library-3-Pos-3
WWOWOOOW,29403,3,Pos,3,Library-3-Pos-3
WWOWOOWO,15717,3,Pos,3,Library-3-Pos-3
WWOWOOWW,7782,3,Pos,3,Library-3-Pos-3
WWOWOWOO,19215,3,Pos,3,Library-3-Pos-3
WWOWOWOW,33853,3,Pos,3,Library-3-Pos-3
WWOWOWWO,8384,3,Pos,3,Library-3-Pos-3
WWOWOWWW,8808,3,Pos,3,Library-3-Pos-3
WWOWWOOO,20602,3,Pos,3,Library-3-Pos-3
WWOWWOOW,21409,3,Pos,3,Library-3-Pos-3
WWOWWOWO,13609,3,Pos,3,Library-3-Pos-3
WWOWWOWW,15402,3,Pos,3,Library-3-Pos-3
WWOWWWOO,15193,3,Pos,3,Library-3-Pos-3
WWOWWWOW,28981,3,Pos,3,Library-3-Pos-3
WWOWWWWO,14895,3,Pos,3,Library-3-Pos-3
WWOWWWWW,20418,3,Pos,3,Library-3-Pos-3
WWWOOOOO,170253,3,Pos,3,Library-3-Pos-3
WWWOOOOW,10103,3,Pos,3,Library-3-Pos-3
WWWOOOWO,7099,3,Pos,3,Library-3-Pos-3
WWWOOOWW,10183,3,Pos,3,Library-3-Pos-3
WWWOOWOO,7656,3,Pos,3,Library-3-Pos-3
WWWOOWOW,23065,3,Pos,3,Library-3-Pos-3
WWWOOWWO,3266,3,Pos,3,Library-3-Pos-3
WWWOOWWW,11443,3,Pos,3,Library-3-Pos-3
WWWOWOOO,12188,3,Pos,3,Library-3-Pos-3
WWWOWOOW,46263,3,Pos,3,Library-3-Pos-3
WWWOWOWO,12552,3,Pos,3,Library-3-Pos-3
WWWOWOWW,12875,3,Pos,3,Library-3-Pos-3
WWWOWWOO,46079,3,Pos,3,Library-3-Pos-3
WWWOWWOW,49131,3,Pos,3,Library-3-Pos-3
WWWOWWWO,10703,3,Pos,3,Library-3-Pos-3
WWWOWWWW,34677,3,Pos,3,Library-3-Pos-3
WWWWOOOO,13927,3,Pos,3,Library-3-Pos-3
WWWWOOOW,42254,3,Pos,3,Library-3-Pos-3
WWWWOOWO,13845,3,Pos,3,Library-3-Pos-3
WWWWOOWW,16919,3,Pos,3,Library-3-Pos-3
WWWWOWOO,86023,3,Pos,3,Library-3-Pos-3
WWWWOWOW,50118,3,Pos,3,Library-3-Pos-3
WWWWOWWO,6280,3,Pos,3,Library-3-Pos-3
WWWWOWWW,13428,3,Pos,3,Library-3-Pos-3
WWWWWOOO,38677,3,Pos,3,Library-3-Pos-3
WWWWWOOW,70776,3,Pos,3,Library-3-Pos-3
WWWWWOWO,18747,3,Pos,3,Library-3-Pos-3
WWWWWOWW,22677,3,Pos,3,Library-3-Pos-3
WWWWWWOO,45464,3,Pos,3,Library-3-Pos-3
WWWWWWOW,67704,3,Pos,3,Library-3-Pos-3
WWWWWWWO,23399,3,Pos,3,Library-3-Pos-3
WWWWWWWW,370662,3,Pos,3,Library-3-Pos-3
OOOOOOWW,7,3,Pre,2,Library-3-Pre-2
OOOOOWOO,1,3,Pre,2,Library-3-Pre-2
OOOOOWWO,1,3,Pre,2,Library-3-Pre-2
OOOOOWWW,6,3,Pre,2,Library-3-Pre-2
OOOOWOOW,3,3,Pre,2,Library-3-Pre-2
OOOOWOWO,2,3,Pre,2,Library-3-Pre-2
OOOOWWOO,7,3,Pre,2,Library-3-Pre-2
OOOOWWOW,1,3,Pre,2,Library-3-Pre-2
OOOOWWWO,2,3,Pre,2,Library-3-Pre-2
OOOOWWWW,3,3,Pre,2,Library-3-Pre-2
OOOWOOOO,1,3,Pre,2,Library-3-Pre-2
OOOWOOOW,2,3,Pre,2,Library-3-Pre-2
OOOWOOWO,2,3,Pre,2,Library-3-Pre-2
OOOWOWOO,1,3,Pre,2,Library-3-Pre-2
OOOWOWOW,8,3,Pre,2,Library-3-Pre-2
OOOWOWWW,2,3,Pre,2,Library-3-Pre-2
OOOWWOOO,1,3,Pre,2,Library-3-Pre-2
OOOWWOOW,1,3,Pre,2,Library-3-Pre-2
OOOWWOWO,2,3,Pre,2,Library-3-Pre-2
OOOWWOWW,9,3,Pre,2,Library-3-Pre-2
OOOWWWOO,3,3,Pre,2,Library-3-Pre-2
OOOWWWWW,2,3,Pre,2,Library-3-Pre-2
OOWOOOOO,2,3,Pre,2,Library-3-Pre-2
OOWOOOWO,3,3,Pre,2,Library-3-Pre-2
OOWOOOWW,3,3,Pre,2,Library-3-Pre-2
OOWOOWOW,1,3,Pre,2,Library-3-Pre-2
OOWOOWWO,7,3,Pre,2,Library-3-Pre-2
OOWOWOOW,2,3,Pre,2,Library-3-Pre-2
OOWOWOWO,4,3,Pre,2,Library-3-Pre-2
OOWOWOWW,6,3,Pre,2,Library-3-Pre-2
OOWOWWWO,4,3,Pre,2,Library-3-Pre-2
OOWWOOOO,2,3,Pre,2,Library-3-Pre-2
OOWWOOOW,1,3,Pre,2,Library-3-Pre-2
OOWWOOWO,5,3,Pre,2,Library-3-Pre-2
OOWWOOWW,1,3,Pre,2,Library-3-Pre-2
OOWWOWOO,4,3,Pre,2,Library-3-Pre-2
OOWWOWOW,2,3,Pre,2,Library-3-Pre-2
OOWWOWWW,2,3,Pre,2,Library-3-Pre-2
OOWWWOWW,1,3,Pre,2,Library-3-Pre-2
OOWWWWOO,1,3,Pre,2,Library-3-Pre-2
OOWWWWWO,4,3,Pre,2,Library-3-Pre-2
OOWWWWWW,5,3,Pre,2,Library-3-Pre-2
OWOOOOOO,1,3,Pre,2,Library-3-Pre-2
OWOOOOWO,4,3,Pre,2,Library-3-Pre-2
OWOOOOWW,1,3,Pre,2,Library-3-Pre-2
OWOOOWOW,1,3,Pre,2,Library-3-Pre-2
OWOOOWWO,2,3,Pre,2,Library-3-Pre-2
OWOOOWWW,1,3,Pre,2,Library-3-Pre-2
OWOOWOOO,2,3,Pre,2,Library-3-Pre-2
OWOOWOOW,1,3,Pre,2,Library-3-Pre-2
OWOOWOWO,1,3,Pre,2,Library-3-Pre-2
OWOOWOWW,2,3,Pre,2,Library-3-Pre-2
OWOOWWOO,3,3,Pre,2,Library-3-Pre-2
OWOOWWWW,3,3,Pre,2,Library-3-Pre-2
OWOWOOOW,1,3,Pre,2,Library-3-Pre-2
OWOWOOWO,2,3,Pre,2,Library-3-Pre-2
OWOWOOWW,2,3,Pre,2,Library-3-Pre-2
OWOWOWOO,2,3,Pre,2,Library-3-Pre-2
OWOWOWOW,3,3,Pre,2,Library-3-Pre-2
OWOWOWWW,5,3,Pre,2,Library-3-Pre-2
OWOWWOOO,1,3,Pre,2,Library-3-Pre-2
OWOWWOOW,1,3,Pre,2,Library-3-Pre-2
OWOWWOWW,2,3,Pre,2,Library-3-Pre-2
OWOWWWOO,1,3,Pre,2,Library-3-Pre-2
OWOWWWOW,1,3,Pre,2,Library-3-Pre-2
OWOWWWWO,2,3,Pre,2,Library-3-Pre-2
OWWOOOOO,3,3,Pre,2,Library-3-Pre-2
OWWOOOOW,1,3,Pre,2,Library-3-Pre-2
OWWOOOWW,1,3,Pre,2,Library-3-Pre-2
OWWOOWWO,3,3,Pre,2,Library-3-Pre-2
OWWOOWWW,2,3,Pre,2,Library-3-Pre-2
OWWOWOOW,2,3,Pre,2,Library-3-Pre-2
OWWOWOWO,3,3,Pre,2,Library-3-Pre-2
OWWOWOWW,2,3,Pre,2,Library-3-Pre-2
OWWOWWOO,1,3,Pre,2,Library-3-Pre-2
OWWOWWOW,1,3,Pre,2,Library-3-Pre-2
OWWOWWWO,2,3,Pre,2,Library-3-Pre-2
OWWOWWWW,4,3,Pre,2,Library-3-Pre-2
OWWWOOWO,3,3,Pre,2,Library-3-Pre-2
OWWWOOWW,1,3,Pre,2,Library-3-Pre-2
OWWWOWOO,8,3,Pre,2,Library-3-Pre-2
OWWWOWOW,1,3,Pre,2,Library-3-Pre-2
OWWWOWWO,1,3,Pre,2,Library-3-Pre-2
OWWWOWWW,2,3,Pre,2,Library-3-Pre-2
OWWWWOWO,1,3,Pre,2,Library-3-Pre-2
OWWWWWOO,2,3,Pre,2,Library-3-Pre-2
OWWWWWOW,1,3,Pre,2,Library-3-Pre-2
OWWWWWWO,6,3,Pre,2,Library-3-Pre-2
OWWWWWWW,1,3,Pre,2,Library-3-Pre-2
WOOOOOOO,1,3,Pre,2,Library-3-Pre-2
WOOOOOWW,2,3,Pre,2,Library-3-Pre-2
WOOOOWOO,3,3,Pre,2,Library-3-Pre-2
WOOOOWOW,1,3,Pre,2,Library-3-Pre-2
WOOOOWWO,1,3,Pre,2,Library-3-Pre-2
WOOOOWWW,1,3,Pre,2,Library-3-Pre-2
WOOOWOOW,4,3,Pre,2,Library-3-Pre-2
WOOOWOWO,4,3,Pre,2,Library-3-Pre-2
WOOOWOWW,2,3,Pre,2,Library-3-Pre-2
WOOOWWOO,7,3,Pre,2,Library-3-Pre-2
WOOOWWOW,1,3,Pre,2,Library-3-Pre-2
WOOOWWWO,6,3,Pre,2,Library-3-Pre-2
WOOOWWWW,1,3,Pre,2,Library-3-Pre-2
WOOWOOOO,1,3,Pre,2,Library-3-Pre-2
WOOWOOOW,1,3,Pre,2,Library-3-Pre-2
WOOWOOWO,2,3,Pre,2,Library-3-Pre-2
WOOWOWOO,4,3,Pre,2,Library-3-Pre-2
WOOWOWOW,1,3,Pre,2,Library-3-Pre-2
WOOWOWWO,4,3,Pre,2,Library-3-Pre-2
WOOWOWWW,2,3,Pre,2,Library-3-Pre-2
WOOWWOOO,2,3,Pre,2,Library-3-Pre-2
WOOWWOOW,5,3,Pre,2,Library-3-Pre-2
WOOWWOWO,1,3,Pre,2,Library-3-Pre-2
WOOWWOWW,1,3,Pre,2,Library-3-Pre-2
WOOWWWOO,2,3,Pre,2,Library-3-Pre-2
WOOWWWOW,4,3,Pre,2,Library-3-Pre-2
WOOWWWWO,1,3,Pre,2,Library-3-Pre-2
WOWOOOOO,3,3,Pre,2,Library-3-Pre-2
WOWOOOWO,4,3,Pre,2,Library-3-Pre-2
WOWOOWOO,1,3,Pre,2,Library-3-Pre-2
WOWOOWOW,1,3,Pre,2,Library-3-Pre-2
WOWOOWWW,3,3,Pre,2,Library-3-Pre-2
WOWOWOOW,2,3,Pre,2,Library-3-Pre-2
WOWOWOWO,2,3,Pre,2,Library-3-Pre-2
WOWOWOWW,1,3,Pre,2,Library-3-Pre-2
WOWOWWOO,3,3,Pre,2,Library-3-Pre-2
WOWOWWOW,1,3,Pre,2,Library-3-Pre-2
WOWOWWWO,5,3,Pre,2,Library-3-Pre-2
WOWOWWWW,1,3,Pre,2,Library-3-Pre-2
WOWWOOOO,2,3,Pre,2,Library-3-Pre-2
WOWWOOOW,1,3,Pre,2,Library-3-Pre-2
WOWWOOWO,2,3,Pre,2,Library-3-Pre-2
WOWWOOWW,1,3,Pre,2,Library-3-Pre-2
WOWWOWOO,2,3,Pre,2,Library-3-Pre-2
WOWWOWWO,2,3,Pre,2,Library-3-Pre-2
WOWWOWWW,1,3,Pre,2,Library-3-Pre-2
WOWWWOOO,1,3,Pre,2,Library-3-Pre-2
WOWWWOWO,1,3,Pre,2,Library-3-Pre-2
WOWWWOWW,2,3,Pre,2,Library-3-Pre-2
WOWWWWOO,2,3,Pre,2,Library-3-Pre-2
WOWWWWOW,3,3,Pre,2,Library-3-Pre-2
WOWWWWWW,2,3,Pre,2,Library-3-Pre-2
WWOOOOOO,1,3,Pre,2,Library-3-Pre-2
WWOOOOOW,1,3,Pre,2,Library-3-Pre-2
WWOOOOWO,2,3,Pre,2,Library-3-Pre-2
WWOOOOWW,3,3,Pre,2,Library-3-Pre-2
WWOOOWOW,1,3,Pre,2,Library-3-Pre-2
WWOOOWWO,1,3,Pre,2,Library-3-Pre-2
WWOOOWWW,1,3,Pre,2,Library-3-Pre-2
WWOOWOOO,1,3,Pre,2,Library-3-Pre-2
WWOOWOOW,1,3,Pre,2,Library-3-Pre-2
WWOOWOWW,1,3,Pre,2,Library-3-Pre-2
WWOOWWOO,3,3,Pre,2,Library-3-Pre-2
WWOOWWWO,2,3,Pre,2,Library-3-Pre-2
WWOOWWWW,1,3,Pre,2,Library-3-Pre-2
WWOWOOWO,3,3,Pre,2,Library-3-Pre-2
WWOWOOWW,5,3,Pre,2,Library-3-Pre-2
WWOWOWOO,1,3,Pre,2,Library-3-Pre-2
WWOWOWOW,3,3,Pre,2,Library-3-Pre-2
WWOWOWWW,3,3,Pre,2,Library-3-Pre-2
WWOWWOOW,1,3,Pre,2,Library-3-Pre-2
WWOWWOWO,2,3,Pre,2,Library-3-Pre-2
WWOWWOWW,1,3,Pre,2,Library-3-Pre-2
WWOWWWOO,2,3,Pre,2,Library-3-Pre-2
WWOWWWOW,2,3,Pre,2,Library-3-Pre-2
WWOWWWWO,3,3,Pre,2,Library-3-Pre-2
WWWOOOOO,2,3,Pre,2,Library-3-Pre-2
WWWOOOWO,1,3,Pre,2,Library-3-Pre-2
WWWOOOWW,3,3,Pre,2,Library-3-Pre-2
WWWOOWOW,4,3,Pre,2,Library-3-Pre-2
WWWOOWWO,3,3,Pre,2,Library-3-Pre-2
WWWOOWWW,8,3,Pre,2,Library-3-Pre-2
WWWOWOOO,2,3,Pre,2,Library-3-Pre-2
WWWOWOOW,1,3,Pre,2,Library-3-Pre-2
WWWOWOWO,1,3,Pre,2,Library-3-Pre-2
WWWOWOWW,3,3,Pre,2,Library-3-Pre-2
WWWOWWOO,2,3,Pre,2,Library-3-Pre-2
WWWOWWOW,1,3,Pre,2,Library-3-Pre-2
WWWOWWWO,2,3,Pre,2,Library-3-Pre-2
WWWOWWWW,2,3,Pre,2,Library-3-Pre-2
WWWWOOOW,2,3,Pre,2,Library-3-Pre-2
WWWWOOWO,3,3,Pre,2,Library-3-Pre-2
WWWWOOWW,1,3,Pre,2,Library-3-Pre-2
WWWWOWOO,4,3,Pre,2,Library-3-Pre-2
WWWWOWWW,1,3,Pre,2,Library-3-Pre-2
WWWWWOOO,1,3,Pre,2,Library-3-Pre-2
WWWWWOOW,2,3,Pre,2,Library-3-Pre-2
WWWWWOWO,2,3,Pre,2,Library-3-Pre-2
WWWWWOWW,2,3,Pre,2,Library-3-Pre-2
WWWWWWOO,1,3,Pre,2,Library-3-Pre-2
WWWWWWWO,5,3,Pre,2,Library-3-Pre-2
WWWWWWWW,24,3,Pre,2,Library-3-Pre-2
OOOOOOOO,62105,3,Pre,3,Library-3-Pre-3
OOOOOOOW,46678,3,Pre,3,Library-3-Pre-3
OOOOOOWO,83889,3,Pre,3,Library-3-Pre-3
OOOOOOWW,182296,3,Pre,3,Library-3-Pre-3
OOOOOWOO,9393,3,Pre,3,Library-3-Pre-3
OOOOOWOW,96006,3,Pre,3,Library-3-Pre-3
OOOOOWWO,119152,3,Pre,3,Library-3-Pre-3
OOOOOWWW,189154,3,Pre,3,Library-3-Pre-3
OOOOWOOO,23279,3,Pre,3,Library-3-Pre-3
OOOOWOOW,222186,3,Pre,3,Library-3-Pre-3
OOOOWOWO,149614,3,Pre,3,Library-3-Pre-3
OOOOWOWW,157304,3,Pre,3,Library-3-Pre-3
OOOOWWOO,223416,3,Pre,3,Library-3-Pre-3
OOOOWWOW,125284,3,Pre,3,Library-3-Pre-3
OOOOWWWO,145324,3,Pre,3,Library-3-Pre-3
OOOOWWWW,100024,3,Pre,3,Library-3-Pre-3
OOOWOOOO,21719,3,Pre,3,Library-3-Pre-3
OOOWOOOW,130632,3,Pre,3,Library-3-Pre-3
OOOWOOWO,125505,3,Pre,3,Library-3-Pre-3
OOOWOOWW,108934,3,Pre,3,Library-3-Pre-3
OOOWOWOO,164864,3,Pre,3,Library-3-Pre-3
OOOWOWOW,237272,3,Pre,3,Library-3-Pre-3
OOOWOWWO,127658,3,Pre,3,Library-3-Pre-3
OOOWOWWW,86593,3,Pre,3,Library-3-Pre-3
OOOWWOOO,106569,3,Pre,3,Library-3-Pre-3
OOOWWOOW,128957,3,Pre,3,Library-3-Pre-3
OOOWWOWO,120243,3,Pre,3,Library-3-Pre-3
OOOWWOWW,161123,3,Pre,3,Library-3-Pre-3
OOOWWWOO,134554,3,Pre,3,Library-3-Pre-3
OOOWWWOW,164008,3,Pre,3,Library-3-Pre-3
OOOWWWWO,72574,3,Pre,3,Library-3-Pre-3
OOOWWWWW,96419,3,Pre,3,Library-3-Pre-3
OOWOOOOO,97414,3,Pre,3,Library-3-Pre-3
OOWOOOOW,42607,3,Pre,3,Library-3-Pre-3
OOWOOOWO,165551,3,Pre,3,Library-3-Pre-3
OOWOOOWW,168174,3,Pre,3,Library-3-Pre-3
OOWOOWOO,16588,3,Pre,3,Library-3-Pre-3
OOWOOWOW,145451,3,Pre,3,Library-3-Pre-3
OOWOOWWO,140878,3,Pre,3,Library-3-Pre-3
OOWOOWWW,103772,3,Pre,3,Library-3-Pre-3
OOWOWOOO,29722,3,Pre,3,Library-3-Pre-3
OOWOWOOW,111908,3,Pre,3,Library-3-Pre-3
OOWOWOWO,142809,3,Pre,3,Library-3-Pre-3
OOWOWOWW,168118,3,Pre,3,Library-3-Pre-3
OOWOWWOO,181790,3,Pre,3,Library-3-Pre-3
OOWOWWOW,120661,3,Pre,3,Library-3-Pre-3
OOWOWWWO,125505,3,Pre,3,Library-3-Pre-3
OOWOWWWW,154121,3,Pre,3,Library-3-Pre-3
OOWWOOOO,61034,3,Pre,3,Library-3-Pre-3
OOWWOOOW,87773,3,Pre,3,Library-3-Pre-3
OOWWOOWO,204415,3,Pre,3,Library-3-Pre-3
OOWWOOWW,159220,3,Pre,3,Library-3-Pre-3
OOWWOWOO,121260,3,Pre,3,Library-3-Pre-3
OOWWOWOW,93022,3,Pre,3,Library-3-Pre-3
OOWWOWWO,141830,3,Pre,3,Library-3-Pre-3
OOWWOWWW,144530,3,Pre,3,Library-3-Pre-3
OOWWWOOO,129934,3,Pre,3,Library-3-Pre-3
OOWWWOOW,116025,3,Pre,3,Library-3-Pre-3
OOWWWOWO,89428,3,Pre,3,Library-3-Pre-3
OOWWWOWW,171471,3,Pre,3,Library-3-Pre-3
OOWWWWOO,154282,3,Pre,3,Library-3-Pre-3
OOWWWWOW,182303,3,Pre,3,Library-3-Pre-3
OOWWWWWO,86842,3,Pre,3,Library-3-Pre-3
OOWWWWWW,133577,3,Pre,3,Library-3-Pre-3
OWOOOOOO,57463,3,Pre,3,Library-3-Pre-3
OWOOOOOW,16418,3,Pre,3,Library-3-Pre-3
OWOOOOWO,143169,3,Pre,3,Library-3-Pre-3
OWOOOOWW,103208,3,Pre,3,Library-3-Pre-3
OWOOOWOO,41560,3,Pre,3,Library-3-Pre-3
OWOOOWOW,58733,3,Pre,3,Library-3-Pre-3
OWOOOWWO,133799,3,Pre,3,Library-3-Pre-3
OWOOOWWW,93046,3,Pre,3,Library-3-Pre-3
OWOOWOOO,36422,3,Pre,3,Library-3-Pre-3
OWOOWOOW,65225,3,Pre,3,Library-3-Pre-3
OWOOWOWO,117630,3,Pre,3,Library-3-Pre-3
OWOOWOWW,187972,3,Pre,3,Library-3-Pre-3
OWOOWWOO,134573,3,Pre,3,Library-3-Pre-3
OWOOWWOW,64087,3,Pre,3,Library-3-Pre-3
OWOOWWWO,189105,3,Pre,3,Library-3-Pre-3
OWOOWWWW,92901,3,Pre,3,Library-3-Pre-3
OWOWOOOO,35958,3,Pre,3,Library-3-Pre-3
OWOWOOOW,79152,3,Pre,3,Library-3-Pre-3
OWOWOOWO,149425,3,Pre,3,Library-3-Pre-3
OWOWOOWW,161834,3,Pre,3,Library-3-Pre-3
OWOWOWOO,118071,3,Pre,3,Library-3-Pre-3
OWOWOWOW,82752,3,Pre,3,Library-3-Pre-3
OWOWOWWO,88917,3,Pre,3,Library-3-Pre-3
OWOWOWWW,135009,3,Pre,3,Library-3-Pre-3
OWOWWOOO,129531,3,Pre,3,Library-3-Pre-3
OWOWWOOW,70038,3,Pre,3,Library-3-Pre-3
OWOWWOWO,82117,3,Pre,3,Library-3-Pre-3
OWOWWOWW,78933,3,Pre,3,Library-3-Pre-3
OWOWWWOO,146131,3,Pre,3,Library-3-Pre-3
OWOWWWOW,102278,3,Pre,3,Library-3-Pre-3
OWOWWWWO,117654,3,Pre,3,Library-3-Pre-3
OWOWWWWW,111920,3,Pre,3,Library-3-Pre-3
OWWOOOOO,99498,3,Pre,3,Library-3-Pre-3
OWWOOOOW,25883,3,Pre,3,Library-3-Pre-3
OWWOOOWO,133055,3,Pre,3,Library-3-Pre-3
OWWOOOWW,131215,3,Pre,3,Library-3-Pre-3
OWWOOWOO,13434,3,Pre,3,Library-3-Pre-3
OWWOOWOW,56797,3,Pre,3,Library-3-Pre-3
OWWOOWWO,103300,3,Pre,3,Library-3-Pre-3
OWWOOWWW,150488,3,Pre,3,Library-3-Pre-3
OWWOWOOO,37717,3,Pre,3,Library-3-Pre-3
OWWOWOOW,97104,3,Pre,3,Library-3-Pre-3
OWWOWOWO,101594,3,Pre,3,Library-3-Pre-3
OWWOWOWW,112232,3,Pre,3,Library-3-Pre-3
OWWOWWOO,187107,3,Pre,3,Library-3-Pre-3
OWWOWWOW,76282,3,Pre,3,Library-3-Pre-3
OWWOWWWO,147803,3,Pre,3,Library-3-Pre-3
OWWOWWWW,165914,3,Pre,3,Library-3-Pre-3
OWWWOOOO,4677,3,Pre,3,Library-3-Pre-3
OWWWOOOW,128473,3,Pre,3,Library-3-Pre-3
OWWWOOWO,153988,3,Pre,3,Library-3-Pre-3
OWWWOOWW,90454,3,Pre,3,Library-3-Pre-3
OWWWOWOO,160753,3,Pre,3,Library-3-Pre-3
OWWWOWOW,92812,3,Pre,3,Library-3-Pre-3
OWWWOWWO,87000,3,Pre,3,Library-3-Pre-3
OWWWOWWW,62712,3,Pre,3,Library-3-Pre-3
OWWWWOOO,67709,3,Pre,3,Library-3-Pre-3
OWWWWOOW,109321,3,Pre,3,Library-3-Pre-3
OWWWWOWO,145305,3,Pre,3,Library-3-Pre-3
OWWWWOWW,111073,3,Pre,3,Library-3-Pre-3
OWWWWWOO,111065,3,Pre,3,Library-3-Pre-3
OWWWWWOW,160568,3,Pre,3,Library-3-Pre-3
OWWWWWWO,159735,3,Pre,3,Library-3-Pre-3
OWWWWWWW,78940,3,Pre,3,Library-3-Pre-3
WOOOOOOO,95507,3,Pre,3,Library-3-Pre-3
WOOOOOOW,31695,3,Pre,3,Library-3-Pre-3
WOOOOOWO,147783,3,Pre,3,Library-3-Pre-3
WOOOOOWW,162219,3,Pre,3,Library-3-Pre-3
WOOOOWOO,75713,3,Pre,3,Library-3-Pre-3
WOOOOWOW,125044,3,Pre,3,Library-3-Pre-3
WOOOOWWO,102409,3,Pre,3,Library-3-Pre-3
WOOOOWWW,151847,3,Pre,3,Library-3-Pre-3
WOOOWOOO,7526,3,Pre,3,Library-3-Pre-3
WOOOWOOW,148197,3,Pre,3,Library-3-Pre-3
WOOOWOWO,111000,3,Pre,3,Library-3-Pre-3
WOOOWOWW,180240,3,Pre,3,Library-3-Pre-3
WOOOWWOO,186910,3,Pre,3,Library-3-Pre-3
WOOOWWOW,144447,3,Pre,3,Library-3-Pre-3
WOOOWWWO,190028,3,Pre,3,Library-3-Pre-3
WOOOWWWW,121019,3,Pre,3,Library-3-Pre-3
WOOWOOOO,49256,3,Pre,3,Library-3-Pre-3
WOOWOOOW,108139,3,Pre,3,Library-3-Pre-3
WOOWOOWO,160579,3,Pre,3,Library-3-Pre-3
WOOWOOWW,128012,3,Pre,3,Library-3-Pre-3
WOOWOWOO,122457,3,Pre,3,Library-3-Pre-3
WOOWOWOW,176153,3,Pre,3,Library-3-Pre-3
WOOWOWWO,165760,3,Pre,3,Library-3-Pre-3
WOOWOWWW,152494,3,Pre,3,Library-3-Pre-3
WOOWWOOO,184338,3,Pre,3,Library-3-Pre-3
WOOWWOOW,134034,3,Pre,3,Library-3-Pre-3
WOOWWOWO,64717,3,Pre,3,Library-3-Pre-3
WOOWWOWW,63533,3,Pre,3,Library-3-Pre-3
WOOWWWOO,174242,3,Pre,3,Library-3-Pre-3
WOOWWWOW,128116,3,Pre,3,Library-3-Pre-3
WOOWWWWO,94190,3,Pre,3,Library-3-Pre-3
WOOWWWWW,104519,3,Pre,3,Library-3-Pre-3
WOWOOOOO,69749,3,Pre,3,Library-3-Pre-3
WOWOOOOW,13354,3,Pre,3,Library-3-Pre-3
WOWOOOWO,146661,3,Pre,3,Library-3-Pre-3
WOWOOOWW,123305,3,Pre,3,Library-3-Pre-3
WOWOOWOO,6376,3,Pre,3,Library-3-Pre-3
WOWOOWOW,62422,3,Pre,3,Library-3-Pre-3
WOWOOWWO,75615,3,Pre,3,Library-3-Pre-3
WOWOOWWW,107733,3,Pre,3,Library-3-Pre-3
WOWOWOOO,21218,3,Pre,3,Library-3-Pre-3
WOWOWOOW,88541,3,Pre,3,Library-3-Pre-3
WOWOWOWO,174649,3,Pre,3,Library-3-Pre-3
WOWOWOWW,129995,3,Pre,3,Library-3-Pre-3
WOWOWWOO,142286,3,Pre,3,Library-3-Pre-3
WOWOWWOW,74199,3,Pre,3,Library-3-Pre-3
WOWOWWWO,176062,3,Pre,3,Library-3-Pre-3
WOWOWWWW,150632,3,Pre,3,Library-3-Pre-3
WOWWOOOO,27534,3,Pre,3,Library-3-Pre-3
WOWWOOOW,117543,3,Pre,3,Library-3-Pre-3
WOWWOOWO,138217,3,Pre,3,Library-3-Pre-3
WOWWOOWW,66221,3,Pre,3,Library-3-Pre-3
WOWWOWOO,77264,3,Pre,3,Library-3-Pre-3
WOWWOWOW,100692,3,Pre,3,Library-3-Pre-3
WOWWOWWO,132501,3,Pre,3,Library-3-Pre-3
WOWWOWWW,118446,3,Pre,3,Library-3-Pre-3
WOWWWOOO,77891,3,Pre,3,Library-3-Pre-3
WOWWWOOW,60396,3,Pre,3,Library-3-Pre-3
WOWWWOWO,81858,3,Pre,3,Library-3-Pre-3
WOWWWOWW,108895,3,Pre,3,Library-3-Pre-3
WOWWWWOO,183963,3,Pre,3,Library-3-Pre-3
WOWWWWOW,131650,3,Pre,3,Library-3-Pre-3
WOWWWWWO,99726,3,Pre,3,Library-3-Pre-3
WOWWWWWW,89210,3,Pre,3,Library-3-Pre-3
WWOOOOOO,47226,3,Pre,3,Library-3-Pre-3
WWOOOOOW,16270,3,Pre,3,Library-3-Pre-3
WWOOOOWO,125868,3,Pre,3,Library-3-Pre-3
WWOOOOWW,152815,3,Pre,3,Library-3-Pre-3
WWOOOWOO,17427,3,Pre,3,Library-3-Pre-3
WWOOOWOW,120687,3,Pre,3,Library-3-Pre-3
WWOOOWWO,81619,3,Pre,3,Library-3-Pre-3
WWOOOWWW,86544,3,Pre,3,Library-3-Pre-3
WWOOWOOO,5757,3,Pre,3,Library-3-Pre-3
WWOOWOOW,74702,3,Pre,3,Library-3-Pre-3
WWOOWOWO,129807,3,Pre,3,Library-3-Pre-3
WWOOWOWW,142932,3,Pre,3,Library-3-Pre-3
WWOOWWOO,71874,3,Pre,3,Library-3-Pre-3
WWOOWWOW,115549,3,Pre,3,Library-3-Pre-3
WWOOWWWO,139338,3,Pre,3,Library-3-Pre-3
WWOOWWWW,80204,3,Pre,3,Library-3-Pre-3
WWOWOOOO,25240,3,Pre,3,Library-3-Pre-3
WWOWOOOW,74810,3,Pre,3,Library-3-Pre-3
WWOWOOWO,122536,3,Pre,3,Library-3-Pre-3
WWOWOOWW,114892,3,Pre,3,Library-3-Pre-3
WWOWOWOO,86902,3,Pre,3,Library-3-Pre-3
WWOWOWOW,131627,3,Pre,3,Library-3-Pre-3
WWOWOWWO,75282,3,Pre,3,Library-3-Pre-3
WWOWOWWW,109822,3,Pre,3,Library-3-Pre-3
WWOWWOOO,149045,3,Pre,3,Library-3-Pre-3
WWOWWOOW,97254,3,Pre,3,Library-3-Pre-3
WWOWWOWO,117045,3,Pre,3,Library-3-Pre-3
WWOWWOWW,112799,3,Pre,3,Library-3-Pre-3
WWOWWWOO,99507,3,Pre,3,Library-3-Pre-3
WWOWWWOW,147490,3,Pre,3,Library-3-Pre-3
WWOWWWWO,151229,3,Pre,3,Library-3-Pre-3
WWOWWWWW,75136,3,Pre,3,Library-3-Pre-3
WWWOOOOO,172603,3,Pre,3,Library-3-Pre-3
WWWOOOOW,37530,3,Pre,3,Library-3-Pre-3
WWWOOOWO,77704,3,Pre,3,Library-3-Pre-3
WWWOOOWW,134892,3,Pre,3,Library-3-Pre-3
WWWOOWOO,17256,3,Pre,3,Library-3-Pre-3
WWWOOWOW,88244,3,Pre,3,Library-3-Pre-3
WWWOOWWO,65673,3,Pre,3,Library-3-Pre-3
WWWOOWWW,156547,3,Pre,3,Library-3-Pre-3
WWWOWOOO,26262,3,Pre,3,Library-3-Pre-3
WWWOWOOW,125417,3,Pre,3,Library-3-Pre-3
WWWOWOWO,109307,3,Pre,3,Library-3-Pre-3
WWWOWOWW,135912,3,Pre,3,Library-3-Pre-3
WWWOWWOO,107032,3,Pre,3,Library-3-Pre-3
WWWOWWOW,82890,3,Pre,3,Library-3-Pre-3
WWWOWWWO,170518,3,Pre,3,Library-3-Pre-3
WWWOWWWW,129143,3,Pre,3,Library-3-Pre-3
WWWWOOOO,17370,3,Pre,3,Library-3-Pre-3
WWWWOOOW,93450,3,Pre,3,Library-3-Pre-3
WWWWOOWO,89312,3,Pre,3,Library-3-Pre-3
WWWWOOWW,139406,3,Pre,3,Library-3-Pre-3
WWWWOWOO,150373,3,Pre,3,Library-3-Pre-3
WWWWOWOW,90504,3,Pre,3,Library-3-Pre-3
WWWWOWWO,58111,3,Pre,3,Library-3-Pre-3
WWWWOWWW,107237,3,Pre,3,Library-3-Pre-3
WWWWWOOO,73517,3,Pre,3,Library-3-Pre-3
WWWWWOOW,133013,3,Pre,3,Library-3-Pre-3
WWWWWOWO,85542,3,Pre,3,Library-3-Pre-3
WWWWWOWW,129686,3,Pre,3,Library-3-Pre-3
WWWWWWOO,131625,3,Pre,3,Library-3-Pre-3
WWWWWWOW,125089,3,Pre,3,Library-3-Pre-3
WWWWWWWO,167699,3,Pre,3,Library-3-Pre-3
WWWWWWWW,1013403,3,Pre,3,Library-3-Pre-3
