library_id,wo,Neg,Pos,Pre,log2fc_pos_pre,log2fc_neg_pre,delta_pos,delta_neg,mut_count,ddelta,p_pos_neg,q_pos_neg,p_pos_neg_safe,neglog10_p_pos_neg,category
1,OOOOOOOO,0.005948576,0.008597421,0.003254128,1.4013574833130393,0.8700726782791035,0.005343293,0.002694448,8,0.5312848050339358,0,0,5.396576880224386e-299,298.2678816315526,Significant small-effect
1,OOOOOOOW,0.001346929,0.001362078,0.001795968,-0.398696338,-0.414819943,-0.00043389,-0.000449039,7,0.016123605616126524,0.091961069,0.092685172,0.091961069,1.036395990062663,Not significant
1,OOOOOOWO,0.003486039,0.001391415,0.002819381,-1.018301002,0.30611231507930275,-0.001427966,0.000666658,7,-1.324413317,0,0,5.396576880224386e-299,298.2678816315526,Significant negative-biased
1,OOOOOOWW,0.003220097,0.000169239,0.004766988,-4.807749005,-0.565828478,-0.00459775,-0.001546891,6,-4.241920527,0,0,5.396576880224386e-299,298.2678816315526,Significant negative-biased
1,OOOOOWOO,0.000681942,0.000339527,0.000464394,-0.450683607,0.5533115110930845,-0.000124867,0.000217548,7,-1.003995118,0,0,5.396576880224386e-299,298.2678816315526,Significant negative-biased
1,OOOOOWOW,0.002381253,0.004198261,0.00287299,0.5470805691747836,-0.270728541,0.001325271,-0.000491737,6,0.8178091097250844,0,0,5.396576880224386e-299,298.2678816315526,Significant small-effect
1,OOOOOWWO,0.002788987,0.000588008,0.003476046,-2.561502288,-0.317603993,-0.002888038,-0.00068706,6,-2.243898295,0,0,5.396576880224386e-299,298.2678816315526,Significant negative-biased
1,OOOOOWWW,0.003475617,0.000882837,0.005217667,-2.561829417,-0.58599703,-0.00433483,-0.001742049,5,-1.975832387,0,0,5.396576880224386e-299,298.2678816315526,Significant negative-biased
1,OOOOWOOO,0.001659046,0.001440497,0.001081904,0.412662091,0.6163177949323557,0.000358593,0.000577142,7,-0.203655704,7.002970306105365e-114,8.063390097584588e-114,7.002970306105365e-114,113.15471771513737,Significant small-effect
1,OOOOWOOW,0.005564063,0.004642883,0.004445883,0.062537151,0.3236035751421795,0.000197,0.00111818,6,-0.261066424,0,0,5.396576880224386e-299,298.2678816315526,Significant small-effect
1,OOOOWOWO,0.008702254,0.007050592,0.006047299,0.22141961725193535,0.5250253770731106,0.001003293,0.002654955,6,-0.30360576,0,0,5.396576880224386e-299,298.2678816315526,Significant small-effect
1,OOOOWOWW,0.001833504,0.001003069,0.006586886,-2.71395769,-1.844425837,-0.005583817,-0.004753382,5,-0.869531853,0,0,5.396576880224386e-299,298.2678816315526,Significant small-effect
1,OOOOWWOO,0.00727864,0.006394132,0.006427249,-0.007451669,0.179441288,-3.31E-05,0.000851391,6,-0.186892957,0,0,5.396576880224386e-299,298.2678816315526,Significant small-effect
1,OOOOWWOW,0.006078414,0.004358545,0.004227658,0.043977608,0.5237321593967292,0.000130887,0.001850755,5,-0.479754552,0,0,5.396576880224386e-299,298.2678816315526,Significant small-effect
1,OOOOWWWO,0.004442411,0.00226466,0.004678626,-1.046461745,-0.074725635,-0.002413966,-0.000236215,5,-0.97173611,0,0,5.396576880224386e-299,298.2678816315526,Significant small-effect
1,OOOOWWWW,0.002388986,0.002820971,0.003498723,-0.310537451,-0.55023889,-0.000677752,-0.001109738,4,0.23970143928021914,7.909351454335208e-266,1.0090335410181793e-265,7.909351454335208e-266,265.10185912602833,Significant small-effect
1,OOOWOOOO,0.001115475,5.7961570616938164e-05,0.000342465,-2.542317871,1.700713901594122,-0.000284504,0.000773009,7,-4.243031773,0,0,5.396576880224386e-299,298.2678816315526,Significant negative-biased
1,OOOWOOOW,0.002594886,0.002418163,0.002505631,-0.051241953,0.050477145,-8.75E-05,8.925455872264756e-05,6,-0.101719098,2.765068171011074e-47,3.038014814501438e-47,2.765068171011074e-47,46.55829415697087,Significant small-effect
1,OOOWOOWO,0.004909275,0.001415956,0.00529498,-1.902102892,-0.109093796,-0.003879024,-0.000385705,6,-1.793009096,0,0,5.396576880224386e-299,298.2678816315526,Significant negative-biased
1,OOOWOOWW,0.00224106,0.001286245,0.005003521,-1.958945681,-1.15840728,-0.003717277,-0.002762462,5,-0.800538401,0,0,5.396576880224386e-299,298.2678816315526,Significant small-effect
1,OOOWOWOO,0.00471153,0.005779934,0.005832286,-0.013006367,-0.307807103,-5.24E-05,-0.001120756,6,0.29480073591324796,0,0,5.396576880224386e-299,298.2678816315526,Significant small-effect
1,OOOWOWOW,0.009338798,0.009142005,0.009116479,0.004033413,0.034756388544380054,2.552584853025841e-05,0.000222319,5,-0.030722975,3.975956268469838e-17,4.2059702674722254e-17,3.975956268469838e-17,16.40055840105206,Significant small-effect
1,OOOWOWWO,0.003682051,0.000461332,0.00557176,-3.591390373,-0.597490617,-0.005110428,-0.001889709,5,-2.993899756,0,0,5.396576880224386e-299,298.2678816315526,Significant negative-biased
1,OOOWOWWW,0.000722962,0.000341887,0.002256475,-2.718904491,-1.640724137,-0.001914588,-0.001533513,4,-1.078180354,0,0,5.396576880224386e-299,298.2678816315526,Significant negative-biased
1,OOOWWOOO,0.002538022,0.003877393,0.003640919,0.090760138,-0.520425914,0.000236474,-0.001102897,6,0.6111860525586681,0,0,5.396576880224386e-299,298.2678816315526,Significant small-effect
1,OOOWWOOW,0.00186528,0.006110019,0.00424025,0.5269235292418711,-1.184324161,0.001869769,-0.00237497,5,1.7112476905799179,0,0,5.396576880224386e-299,298.2678816315526,Significant positive-specific
1,OOOWWOWO,0.003143946,0.002263836,0.0036379,-0.684095851,-0.210467167,-0.001374064,-0.000493954,5,-0.473628684,0,0,5.396576880224386e-299,298.2678816315526,Significant small-effect
1,OOOWWOWW,0.003181388,0.000915433,0.004558368,-2.314732298,-0.51872395,-0.003642935,-0.00137698,4,-1.796008348,0,0,5.396576880224386e-299,298.2678816315526,Significant negative-biased
1,OOOWWWOO,0.004896631,0.004235391,0.005985725,-0.498931159,-0.289682688,-0.001750334,-0.001089093,5,-0.209248471,0,0,5.396576880224386e-299,298.2678816315526,Significant small-effect
1,OOOWWWOW,0.002667704,0.002648173,0.004811732,-0.86131393,-0.850716657,-0.002163559,-0.002144028,4,-0.010597273,0.12091697102752172,0.12155004417426267,0.12091697102752172,0.9175127404431888,Not significant
1,OOOWWWWO,0.001754774,0.001856119,0.00303449,-0.70886312,-0.789821952,-0.001178371,-0.001279716,4,0.080958833,1.3485497359696058e-22,1.4424598847140072e-22,1.3485497359696058e-22,21.870133031666537,Significant small-effect
1,OOOWWWWW,0.001935876,0.000749566,0.00296495,-1.982442638,-0.614762612,-0.002215383,-0.001029074,3,-1.367680026,0,0,5.396576880224386e-299,298.2678816315526,Significant negative-biased
1,OOWOOOOO,0.013982064854101226,0.030687448,0.005252614,2.5463137194658465,1.4122986332165937,0.025434834691552603,0.008729451,7,1.1340150862492528,0,0,5.396576880224386e-299,298.2678816315526,Significant positive-specific
1,OOWOOOOW,0.001242735,0.002381707,0.001715892,0.472802172,-0.465120805,0.000665815,-0.000473158,6,0.9379229769780296,0,0,5.396576880224386e-299,298.2678816315526,Significant small-effect
1,OOWOOOWO,0.005100643,0.007479815,0.005716814,0.38773169646414934,-0.164501864,0.001763001,-0.000616171,6,0.5522335603017225,0,0,5.396576880224386e-299,298.2678816315526,Significant small-effect
1,OOWOOOWW,0.003313359,0.001253948,0.00559116,-2.155777901,-0.754675769,-0.004337212,-0.002277801,5,-1.401102132,0,0,5.396576880224386e-299,298.2678816315526,Significant negative-biased
1,OOWOOWOO,0.000600057,0.000482201,0.000318439,0.5970816514024828,0.9119599366511885,0.000163762,0.000281618,6,-0.314878285,7.00964737047732e-95,7.940131534699973e-95,7.00964737047732e-95,94.15430382923846,Significant small-effect
1,OOWOOWOW,0.006748667,0.006852429,0.004383891,0.6442849890918927,0.6222754152574924,0.002468538,0.002364776,5,0.022009573834400276,2.358040302251562e-07,2.4243305918730917e-07,2.358040302251562e-07,6.627448776469138,Significant small-effect
1,OOWOOWWO,0.004568782,0.001656382,0.004000248,-1.271543673,0.19167544538503037,-0.002343866,0.000568534,5,-1.463219118,0,0,5.396576880224386e-299,298.2678816315526,Significant negative-biased
1,OOWOOWWW,0.001148762,0.000505431,0.002071752,-2.03311006,-0.850212339,-0.001566321,-0.00092299,4,-1.182897721,0,0,5.396576880224386e-299,298.2678816315526,Significant negative-biased
1,OOWOWOOO,0.00066932,0.000605168,0.00131288,-1.116043706,-0.97091124,-0.000707712,-0.00064356,6,-0.145132466,3.0065162423659795e-25,3.24298381199027e-25,3.0065162423659795e-25,24.521936445585034,Significant small-effect
1,OOWOWOOW,0.004178803,0.010596776377516486,0.005009078,1.0808565382869686,-0.261398369,0.005587698,-0.000830276,5,1.342254906999789,0,0,5.396576880224386e-299,298.2678816315526,Significant positive-specific
1,OOWOWOWO,0.004454344,0.005769518,0.005527402,0.061838380608222096,-0.311325751,0.000242116,-0.001073058,5,0.37316413185347735,0,0,5.396576880224386e-299,298.2678816315526,Significant small-effect
1,OOWOWOWW,0.004874433,0.001006178,0.00535209,-2.41005259,-0.134841597,-0.004345911,-0.000477657,4,-2.275210993,0,0,5.396576880224386e-299,298.2678816315526,Significant negative-biased
1,OOWOWWOO,0.011774714245024362,0.011415544446483485,0.006643899,0.7808068144619833,0.8254953396667936,0.004771645,0.005130815,5,-0.044688525,7.369459898703906e-43,8.03941079858608e-43,7.369459898703906e-43,42.13256434003889,Significant small-effect
1,OOWOWWOW,0.004885788,0.007195852,0.004775629,0.5913732609229141,0.032893622,0.002420223,0.000110159,4,0.5584796384696077,0,0,5.396576880224386e-299,298.2678816315526,Significant small-effect
1,OOWOWWWO,0.002543155,0.001245556,0.004421664,-1.826968578,-0.797729099,-0.003176109,-0.001878509,4,-1.029239479,0,0,5.396576880224386e-299,298.2678816315526,Significant negative-biased
1,OOWOWWWW,0.002784409,0.003659185,0.004939506,-0.432742323,-0.826769535,-0.001280321,-0.002155097,3,0.3940272123317545,0,0,5.396576880224386e-299,298.2678816315526,Significant small-effect
1,OOWWOOOO,0.006695759,0.013460872268059863,0.00259833,2.3726673205524893,1.365323216196384,0.010862542,0.004097429,6,1.0073441043561053,0,0,5.396576880224386e-299,298.2678816315526,Significant positive-specific
1,OOWWOOOW,0.005781985,0.002197631,0.001894737,0.2138466319822177,1.6090551432330018,0.000302894,0.003887247,5,-1.395208511,0,0,5.396576880224386e-299,298.2678816315526,Significant negative-biased
1,OOWWOOWO,0.009297644,0.00986111,0.006629574,0.5727626977636286,0.48788673274712435,0.003231537,0.002668071,5,0.084875965,2.934377754205035e-124,3.409382927729904e-124,2.934377754205035e-124,123.53248397842509,Significant small-effect
1,OOWWOOWW,0.002583309,0.002063612,0.005569479,-1.431930907,-1.108023052,-0.003505867,-0.00298617,4,-0.323907855,0,0,5.396576880224386e-299,298.2678816315526,Significant small-effect
1,OOWWOWOO,0.010639996,0.011979949,0.004688294,1.3532994845832536,1.182190566502097,0.007291654,0.005951702,5,0.17110891808115647,0,0,5.396576880224386e-299,298.2678816315526,Significant small-effect
1,OOWWOWOW,0.005112731,0.008012072,0.004230035,0.9213447819010983,0.27336557716433857,0.003782037,0.000882696,4,0.6479792047367596,0,0,5.396576880224386e-299,298.2678816315526,Significant small-effect
1,OOWWOWWO,0.004148915,0.002226706,0.004895341,-1.13614514,-0.2386221,-0.002668635,-0.000746426,4,-0.89752304,0,0,5.396576880224386e-299,298.2678816315526,Significant small-effect
1,OOWWOWWW,0.004615424,0.004869634,0.006427923,-0.40046762,-0.477801365,-0.001558289,-0.001812499,3,0.077333746,6.273124266452935e-52,6.9121369248721e-52,6.273124266452935e-52,51.20251611,Significant small-effect
1,OOWWWOOO,0.007637932,0.012099880637380949,0.004400722,1.4589720985736894,0.7953028621085808,0.007699159,0.00323721,5,0.6636692364651086,0,0,5.396576880224386e-299,298.2678816315526,Significant small-effect
1,OOWWWOOW,0.005459846,0.007519867,0.004096415,0.8761849108518779,0.41441037714439455,0.003423452,0.001363431,4,0.46177453370748334,0,0,5.396576880224386e-299,298.2678816315526,Significant small-effect
1,OOWWWOWO,0.005718099,0.002503176,0.004755522,-0.925571232,0.26588105029577325,-0.002252346,0.000962578,4,-1.191452282,0,0,5.396576880224386e-299,298.2678816315526,Significant negative-biased
1,OOWWWOWW,0.003963769,0.002481819,0.00511045,-1.041753233,-0.366495544,-0.00262863,-0.00114668,3,-0.675257689,0,0,5.396576880224386e-299,298.2678816315526,Significant small-effect
1,OOWWWWOO,0.007579446,0.014743445303198212,0.005678848,1.3762472342139405,0.41643031129509045,0.009064597,0.001900598,4,0.959816923,0,0,5.396576880224386e-299,298.2678816315526,Significant small-effect
1,OOWWWWOW,0.00710476,0.014130371495825906,0.005712799,1.3063792047030507,0.3145385364490809,0.008417572,0.00139196,3,0.9918406682539698,0,0,5.396576880224386e-299,298.2678816315526,Significant small-effect
1,OOWWWWWO,0.005236191,0.002509283,0.002991096,-0.253306488,0.8076370122681361,-0.000481813,0.002245096,3,-1.0609435,0,0,5.396576880224386e-299,298.2678816315526,Significant negative-biased
1,OOWWWWWW,0.005083622,0.009264672,0.005683345,0.7049014301277333,-0.160853748,0.003581327,-0.000599724,2,0.8657551785421247,0,0,5.396576880224386e-299,298.2678816315526,Significant small-effect
1,OWOOOOOO,0.002653816,0.002446375,0.002224194,0.13730418789768725,0.25468064503363746,0.000222181,0.000429622,7,-0.117376457,2.167864561823698e-63,2.4164295841518143e-63,2.167864561823698e-63,62.66396785400172,Significant small-effect
1,OWOOOOOW,0.001174049,0.001099172,0.000982396,0.161884587,0.2568772969569243,0.000116776,0.000191654,6,-0.09499271,1.0800517334632302e-19,1.1456902366018795e-19,1.0800517334632302e-19,18.966555441717205,Significant small-effect
1,OWOOOOWO,0.007209643,0.001762864,0.006300791,-1.837023077,0.19436593708637567,-0.004537928,0.000908852,6,-2.031389014,0,0,5.396576880224386e-299,298.2678816315526,Significant negative-biased
1,OWOOOOWW,0.003374534,0.000120569,0.003877131,-4.995513513,-0.200245892,-0.003756562,-0.000502597,5,-4.795267622,0,0,5.396576880224386e-299,298.2678816315526,Significant negative-biased
1,OWOOOWOO,0.001158184,0.000431696,0.001687659,-1.964453107,-0.542768702,-0.001255963,-0.000529475,6,-1.421684405,0,0,5.396576880224386e-299,298.2678816315526,Significant negative-biased
1,OWOOOWOW,0.001701399,0.003918682,0.003157061,0.3116976406359439,-0.891469307,0.000761621,-0.001455661,5,1.203166947949909,0,0,5.396576880224386e-299,298.2678816315526,Significant positive-specific
1,OWOOOWWO,0.001156117,0.000855074,0.004676474,-2.449922714,-2.015194833,-0.0038214,-0.003520357,5,-0.434727881,0,0,5.396576880224386e-299,298.2678816315526,Significant small-effect
1,OWOOOWWW,0.001043678,0.000396102,0.002582045,-2.701491489,-1.306013894,-0.002185943,-0.001538367,4,-1.395477595,0,0,5.396576880224386e-299,298.2678816315526,Significant negative-biased
1,OWOOWOOO,0.001965319,0.003120296,0.001868335,0.7396201851559638,0.072972423,0.001251961,9.698420950794858e-05,6,0.6666477621239233,0,0,5.396576880224386e-299,298.2678816315526,Significant small-effect
1,OWOOWOOW,0.001954631,0.002428129,0.001979246,0.2947596611329359,-0.018045567,0.000448883,-2.46E-05,5,0.31280522795319615,0,0,5.396576880224386e-299,298.2678816315526,Significant small-effect
1,OWOOWOWO,0.004370015,0.000817569,0.003190883,-1.963231714,0.453560357,-0.002373314,0.001179131,5,-2.416792071,0,0,5.396576880224386e-299,298.2678816315526,Significant negative-biased
1,OWOOWOWW,0.002101401,0.001534989,0.006569541,-2.096844523,-1.643974557,-0.005034552,-0.00446814,4,-0.452869966,0,0,5.396576880224386e-299,298.2678816315526,Significant small-effect
1,OWOOWWOO,0.003838043,0.00541403,0.004558111,0.2482169084261527,-0.248005922,0.000855919,-0.000720068,5,0.4962228302154863,0,0,5.396576880224386e-299,298.2678816315526,Significant small-effect
1,OWOOWWOW,0.002040382,0.002130266,0.001354123,0.6532869972203418,0.5911224439444842,0.000776143,0.000686259,4,0.062164553,6.914997106285496e-16,7.265003799763696e-16,6.914997106285496e-16,15.160207997293572,Significant small-effect
1,OWOOWWWO,0.004749328,0.004482149,0.004802289,-0.099509982,-0.015995326,-0.000320139,-5.30E-05,4,-0.083514656,2.013079000010502e-58,2.2309446926523313e-58,2.013079000010502e-58,57.696139181596486,Significant small-effect
1,OWOOWWWW,0.001807283,0.001408088,0.002362825,-0.746361714,-0.386502886,-0.000954737,-0.000555542,3,-0.359858829,0,0,5.396576880224386e-299,298.2678816315526,Significant small-effect
1,OWOWOOOO,0.001549074,0.003123968,0.002895024,0.10976754578781864,-0.90173647,0.000228943,-0.00134595,6,1.011504015681316,0,0,5.396576880224386e-299,298.2678816315526,Significant positive-specific
1,OWOWOOOW,0.002213595,0.002808907,0.002923354,-0.057595744,-0.40107536,-0.000114447,-0.000709759,5,0.34347961523611664,0,0,5.396576880224386e-299,298.2678816315526,Significant small-effect
1,OWOWOOWO,0.00413956,0.001157396,0.005939086,-2.358355899,-0.520657887,-0.004781691,-0.001799526,5,-1.837698012,0,0,5.396576880224386e-299,298.2678816315526,Significant negative-biased
1,OWOWOOWW,0.002977955,0.000789394,0.004373324,-2.46841624,-0.554253814,-0.00358393,-0.001395369,4,-1.914162426,0,0,5.396576880224386e-299,298.2678816315526,Significant negative-biased
1,OWOWOWOO,0.005536864,0.002002578,0.002642977,-0.400131107,1.066620039531991,-0.000640399,0.002893887,5,-1.466751146,0,0,5.396576880224386e-299,298.2678816315526,Significant negative-biased
1,OWOWOWOW,0.003030796,0.003087849,0.003248667,-0.073222599,-0.100119298,-0.000160818,-0.000217871,4,0.026896699,2.339084979443033e-05,2.3888527449630978e-05,2.339084979443033e-05,4.630953999895518,Significant small-effect
1,OWOWOWWO,0.000564126,0.000186511,0.002367675,-3.659032251,-2.067436088,-0.002181164,-0.001803549,4,-1.591596163,0,0,5.396576880224386e-299,298.2678816315526,Significant negative-biased
1,OWOWOWWW,0.002899092,0.000398612,0.002648438,-2.729013417,0.13041254673985744,-0.002249825,0.000250654,3,-2.859425964,0,0,5.396576880224386e-299,298.2678816315526,Significant negative-biased
1,OWOWWOOO,0.004275197,0.00615689,0.005745658,0.099712845,-0.426394807,0.000411232,-0.001470461,5,0.5261076514019336,0,0,5.396576880224386e-299,298.2678816315526,Significant small-effect
1,OWOWWOOW,0.001232291,0.000849341,0.001650656,-0.957799661,-0.421400441,-0.000801315,-0.000418365,4,-0.53639922,0,0,5.396576880224386e-299,298.2678816315526,Significant small-effect
1,OWOWWOWO,0.002502557,0.000396926,0.0025038,-2.654122724,-0.000716151,-0.002106874,-1.24E-06,4,-2.653406573,0,0,5.396576880224386e-299,298.2678816315526,Significant negative-biased
1,OWOWWOWW,0.002537933,0.000251779,0.002004042,-2.987685587,0.3405896698655108,-0.001752264,0.000533891,3,-3.328275257,0,0,5.396576880224386e-299,298.2678816315526,Significant negative-biased
1,OWOWWWOO,0.004065564,0.001093552,0.004776432,-2.12589528,-0.232424953,-0.00368288,-0.000710868,4,-1.893470327,0,0,5.396576880224386e-299,298.2678816315526,Significant negative-biased
1,OWOWWWOW,0.00335769,0.00142255,0.004889174,-1.780392487,-0.541986996,-0.003466624,-0.001531484,3,-1.238405491,0,0,5.396576880224386e-299,298.2678816315526,Significant negative-biased
1,OWOWWWWO,0.003590567,0.000429073,0.004116555,-3.259134424,-0.197174501,-0.003687482,-0.000525988,3,-3.061959923,0,0,5.396576880224386e-299,298.2678816315526,Significant negative-biased
1,OWOWWWWW,0.002672504,0.002497518,0.003663885,-0.552695332,-0.455036142,-0.001166367,-0.000991381,2,-0.09765919,4.7683622322432467e-45,5.2092492096199336e-45,4.7683622322432467e-45,44.321630760505876,Significant small-effect
1,OWWOOOOO,0.00953201,0.017381352440144656,0.004631795,1.9076687110378703,1.0410490742695222,0.012749558,0.004900215,6,0.8666196367683481,0,0,5.396576880224386e-299,298.2678816315526,Significant small-effect
1,OWWOOOOW,0.001000592,0.000866726,0.000820606,0.078791962,0.28577532356992513,4.611949604322956e-05,0.000179985,5,-0.206983361,1.3890795626967648e-71,1.561951836238822e-71,1.3890795626967648e-71,70.85727287834403,Significant small-effect
1,OWWOOOWO,0.005101087,0.001619477,0.004103032,-1.340623489,0.31404556026152913,-0.002483555,0.000998055,5,-1.65466905,0,0,5.396576880224386e-299,298.2678816315526,Significant negative-biased
1,OWWOOOWW,0.002090935,9.94376266434091e-05,0.00265075,-4.722573138,-0.3421072,-0.002551313,-0.000559816,4,-4.380465938,0,0,5.396576880224386e-299,298.2678816315526,Significant negative-biased
1,OWWOOWOO,0.000497552,0.000244735,0.000269392,-0.137949225,0.8826905516893718,-2.47E-05,0.00022816,5,-1.020639776,0,0,5.396576880224386e-299,298.2678816315526,Significant negative-biased
1,OWWOOWOW,0.001754908,0.003254428,0.002151731,0.5966791017563532,-0.293951055,0.001102697,-0.000396823,4,0.8906301571235551,0,0,5.396576880224386e-299,298.2678816315526,Significant small-effect
1,OWWOOWWO,0.002793364,5.972252331182898e-05,0.002910859,-5.583565172,-0.059420638,-0.002851137,-0.000117495,4,-5.524144534,0,0,5.396576880224386e-299,298.2678816315526,Significant negative-biased
1,OWWOOWWW,0.00139386,6.78154122926038e-05,0.003153592,-5.518577754,-1.177332903,-0.003085776,-0.001759732,3,-4.341244852,0,0,5.396576880224386e-299,298.2678816315526,Significant negative-biased
1,OWWOWOOO,0.002307101,0.002266009,0.001420065,0.6738171049633953,0.6997333468488913,0.000845944,0.000887036,5,-0.025916242,0.000435287,0.000441612,0.000435287,3.3612240805685993,Significant small-effect
1,OWWOWOOW,0.003913883,0.003503809,0.003157928,0.14990072690927184,0.3095342193109931,0.000345881,0.000755955,4,-0.159633492,4.005105218924546e-167,4.806126262709455e-167,4.005105218924546e-167,166.39738606999222,Significant small-effect
1,OWWOWOWO,0.003192743,0.003841387,0.002979789,0.3663084613048711,0.099553899,0.000861598,0.000212954,4,0.2667545620182734,0,0,5.396576880224386e-299,298.2678816315526,Significant small-effect
1,OWWOWOWW,0.001800528,0.000701908,0.003758222,-2.419025823,-1.061213399,-0.003056314,-0.001957694,3,-1.357812423,0,0,5.396576880224386e-299,298.2678816315526,Significant negative-biased
1,OWWOWWOO,0.007320726,0.011916779024190919,0.006650677,0.841325471,0.13846579811133844,0.005266102,0.00067005,4,0.7028596727090476,0,0,5.396576880224386e-299,298.2678816315526,Significant small-effect
1,OWWOWWOW,0.002510824,0.00348811,0.002446209,0.5117218627640188,0.037597863,0.001041901,6.46146502865947e-05,3,0.4741239995990028,0,0,5.396576880224386e-299,298.2678816315526,Significant small-effect
1,OWWOWWWO,0.002533222,0.001390666,0.004369373,-1.650943778,-0.786213206,-0.002978707,-0.00183615,3,-0.864730572,0,0,5.396576880224386e-299,298.2678816315526,Significant small-effect
1,OWWOWWWW,0.005788162,0.005684805,0.006741866,-0.245997287,-0.220007271,-0.001057061,-0.000953703,2,-0.025990016,2.1656159147375944e-08,2.238483206619748e-08,2.1656159147375944e-08,7.664418566,Significant small-effect
1,OWWWOOOO,0.000146081,0.001752523,0.000608067,1.5255827481313524,-2.04998844,0.001144455,-0.000461986,5,3.575571187999444,0,0,5.396576880224386e-299,298.2678816315526,Significant positive-specific
1,OWWWOOOW,0.003769957,0.007245196,0.003009565,1.267189733314522,0.3248966684006781,0.004235632,0.000760393,4,0.9422930649138438,0,0,5.396576880224386e-299,298.2678816315526,Significant small-effect
1,OWWWOOWO,0.006213584,0.006353405,0.005180247,0.2944577362373182,0.2623586281093886,0.001173158,0.001033338,4,0.032099108,4.3201446723772784e-13,4.501860391296811e-13,4.3201446723772784e-13,12.364501709351037,Significant small-effect
1,OWWWOOWW,0.001710555,0.001686206,0.00254485,-0.593511382,-0.572840166,-0.000858644,-0.000834295,3,-0.020671216,0.015581487814765822,0.015745503475973883,0.015581487814765822,1.8073910756177056,Significant small-effect
1,OWWWOWOO,0.007050829,0.006716086,0.005305034,0.34020172640795754,0.4103637231726972,0.001411053,0.001745796,4,-0.070161997,1.4788443240611848e-61,1.6436359491736467e-61,1.4788443240611848e-61,60.83007754118879,Significant small-effect
1,OWWWOWOW,0.006441172,0.004664539,0.004056683,0.2013876569421715,0.6668912101525757,0.000607856,0.00238449,3,-0.465503553,0,0,5.396576880224386e-299,298.2678816315526,Significant small-effect
1,OWWWOWWO,0.002094534,0.000915546,0.003155647,-1.784114648,-0.591074958,-0.002240102,-0.001061113,3,-1.193039689,0,0,5.396576880224386e-299,298.2678816315526,Significant negative-biased
1,OWWWOWWW,0.001302576,0.000534131,0.001440783,-1.42989084,-0.14537932,-0.000906652,-0.000138207,2,-1.28451152,0,0,5.396576880224386e-299,298.2678816315526,Significant negative-biased
1,OWWWWOOO,0.001741753,0.004407927,0.002457258,0.84279107,-0.496268475,0.001950669,-0.000715505,4,1.3390595448148381,0,0,5.396576880224386e-299,298.2678816315526,Significant positive-specific
1,OWWWWOOW,0.006444017,0.008378688,0.005115878,0.7116326977182551,0.3329203,0.00326281,0.001328139,3,0.3787123979426411,0,0,5.396576880224386e-299,298.2678816315526,Significant small-effect
1,OWWWWOWO,0.00394637,0.003483652,0.004803381,-0.463336075,-0.283458597,-0.001319729,-0.00085701,3,-0.179877478,8.98792639983792e-212,1.1169461933779164e-211,8.98792639983792e-212,211.0463404925808,Significant small-effect
1,OWWWWOWW,0.002605196,0.005821747,0.004772513,0.28664852275449404,-0.873105646,0.001049234,-0.002167317,2,1.1597541689983883,0,0,5.396576880224386e-299,298.2678816315526,Significant positive-specific
1,OWWWWWOO,0.005514155,0.003356788,0.003805117,-0.180808954,0.5350812182349579,-0.000448329,0.001709037,3,-0.715890173,0,0,5.396576880224386e-299,298.2678816315526,Significant small-effect
1,OWWWWWOW,0.007396233,0.009459313,0.005115268,0.8867962401541578,0.5318940579865824,0.004344046,0.002280966,2,0.3549021821675754,0,0,5.396576880224386e-299,298.2678816315526,Significant small-effect
1,OWWWWWWO,0.007107849,0.003650118,0.006283286,-0.783410637,0.1778670637448121,-0.002633168,0.000824563,2,-0.961277701,0,0,5.396576880224386e-299,298.2678816315526,Significant small-effect
1,OWWWWWWW,0.001805216,0.002075751,0.001492721,0.47541735473769414,0.2740596314908667,0.00058303,0.000312495,1,0.20135772324682744,1.1997578939273976e-140,1.4088900038780449e-140,1.1997578939273976e-140,139.92090638390204,Significant small-effect
1,WOOOOOOO,0.008265854,0.010829896540657137,0.003095037,1.8066582431877694,1.4169159376826488,0.00773486,0.005170818,7,0.38974230550512057,0,0,5.396576880224386e-299,298.2678816315526,Significant small-effect
1,WOOOOOOW,0.000823246,0.002161476,0.002009567,0.1050814617721417,-1.286456309,0.000151909,-0.001186322,6,1.391537771228118,0,0,5.396576880224386e-299,298.2678816315526,Significant positive-specific
1,WOOOOOWO,0.006789332,0.003910626,0.004266909,-0.125760972,0.6699525663805384,-0.000356283,0.002522423,6,-0.795713538,0,0,5.396576880224386e-299,298.2678816315526,Significant small-effect
1,WOOOOOWW,0.002557021,0.000116672,0.00470808,-5.322596351,-0.880417077,-0.004591408,-0.002151059,5,-4.442179275,0,0,5.396576880224386e-299,298.2678816315526,Significant negative-biased
1,WOOOOWOO,0.002353943,0.000897749,0.002119193,-1.238206172,0.15149627141254904,-0.001221445,0.00023475,6,-1.389702444,0,0,5.396576880224386e-299,298.2678816315526,Significant negative-biased
1,WOOOOWOW,0.002732434,0.006308931,0.0037888,0.7355024695529776,-0.471407273,0.002520131,-0.001056366,5,1.2069097426562463,0,0,5.396576880224386e-299,298.2678816315526,Significant positive-specific
1,WOOOOWWO,0.001958097,2.8474979747170656e-05,0.003741969,-6.988548541,-0.933994307,-0.003713494,-0.001783872,5,-6.054554234,0,0,5.396576880224386e-299,298.2678816315526,Significant negative-biased
1,WOOOOWWW,0.002704747,0.000122817,0.006885571,-5.797503621,-1.347759135,-0.006762754,-0.004180825,4,-4.449744486,0,0,5.396576880224386e-299,298.2678816315526,Significant negative-biased
1,WOOOWOOO,0.000644233,0.006888285,0.001075641,2.6778173975197617,-0.738645179,0.005812644,-0.000431408,6,3.4164625768736956,0,0,5.396576880224386e-299,298.2678816315526,Significant positive-specific
1,WOOOWOOW,0.004113806,0.006043927,0.004633144,0.3834221109992248,-0.171478383,0.001410783,-0.000519338,5,0.5549004937244519,0,0,5.396576880224386e-299,298.2678816315526,Significant small-effect
1,WOOOWOWO,0.008166793,0.00340321,0.004123172,-0.276784431,0.9858419388665879,-0.000719962,0.004043621,5,-1.26262637,0,0,5.396576880224386e-299,298.2678816315526,Significant negative-biased
1,WOOOWOWW,0.002544977,0.000477743,0.006020318,-3.652756861,-1.241859756,-0.005542575,-0.003475341,4,-2.410897105,0,0,5.396576880224386e-299,298.2678816315526,Significant negative-biased
1,WOOOWWOO,0.010727147101554617,0.011042934349660312,0.006787316,0.7021286179018099,0.660275325,0.004255618,0.003939831,5,0.041853293,1.1668244255157838e-35,1.2639226499240084e-35,1.1668244255157838e-35,34.932994488227294,Significant small-effect
1,WOOOWWOW,0.004676487,0.003810739,0.005260194,-0.46494084,-0.169656431,-0.001449455,-0.000583706,4,-0.295284409,0,0,5.396576880224386e-299,298.2678816315526,Significant small-effect
1,WOOOWWWO,0.004648422,0.00097553,0.005706729,-2.54718,-0.295865294,-0.004731198,-0.001058306,4,-2.251314706,0,0,5.396576880224386e-299,298.2678816315526,Significant negative-biased
1,WOOOWWWW,0.00315499,0.001881559,0.003461688,-0.87919735,-0.133800115,-0.001580129,-0.000306699,3,-0.745397235,0,0,5.396576880224386e-299,298.2678816315526,Significant small-effect
1,WOOWOOOO,0.002423984,0.006226879,0.002529753,1.2991738355824958,-0.061591958,0.003697125,-0.00010577,6,1.3607657934300132,0,0,5.396576880224386e-299,298.2678816315526,Significant positive-specific
1,WOOWOOOW,0.002414517,0.002830151,0.0028895,-0.029930287,-0.258986539,-5.93E-05,-0.000474982,5,0.22905625208998504,1.6164873415660107e-244,2.0385259085758558e-244,1.6164873415660107e-244,243.7914276919244,Significant small-effect
1,WOOWOOWO,0.006008529,0.004233293,0.007153197,-0.756668778,-0.251538007,-0.002919904,-0.001144668,5,-0.505130772,0,0,5.396576880224386e-299,298.2678816315526,Significant small-effect
1,WOOWOOWW,0.00242585,0.000205844,0.002963376,-3.841112509,-0.288643351,-0.002757532,-0.000537526,4,-3.552469158,0,0,5.396576880224386e-299,298.2678816315526,Significant negative-biased
1,WOOWOWOO,0.005796984,0.003442138,0.003513595,-0.029634329,0.7221930513830179,-7.15E-05,0.002283389,5,-0.75182738,0,0,5.396576880224386e-299,298.2678816315526,Significant small-effect
1,WOOWOWOW,0.005364096,0.01140082,0.006184934,0.8822007833228139,-0.20538751,0.005215886,-0.000820838,4,1.0875882937288386,0,0,5.396576880224386e-299,298.2678816315526,Significant positive-specific
1,WOOWOWWO,0.00348895,0.000217009,0.003778811,-4.115852401,-0.115107791,-0.003561802,-0.000289861,4,-4.00074461,0,0,5.396576880224386e-299,298.2678816315526,Significant negative-biased
1,WOOWOWWW,0.001734087,0.002790698,0.004488796,-0.685506934,-1.371642082,-0.001698098,-0.002754709,3,0.6861351482752152,0,0,5.396576880224386e-299,298.2678816315526,Significant small-effect
1,WOOWWOOO,0.005915556,0.009731924,0.006124516,0.6680419098130121,-0.050073804,0.003607408,-0.00020896,5,0.7181157141509334,0,0,5.396576880224386e-299,298.2678816315526,Significant small-effect
1,WOOWWOOW,0.003875396,0.002893433,0.003831038,-0.404831471,0.016604009,-0.000937606,4.43577815942061e-05,4,-0.42143548,0,0,5.396576880224386e-299,298.2678816315526,Significant small-effect
1,WOOWWOWO,0.003584434,0.001118992,0.003211954,-1.520412219,0.158247315,-0.002092962,0.00037248,4,-1.678659534,0,0,5.396576880224386e-299,298.2678816315526,Significant negative-biased
1,WOOWWOWW,0.002173152,0.001825171,0.00304721,-0.73914005,-0.487509049,-0.001222038,-0.000874057,3,-0.251631001,9.272711594016112e-222,1.1579581307649388e-221,9.272711594016112e-222,221.0327932,Significant small-effect
1,WOOWWWOO,0.00344973,0.0028732,0.006555665,-1.189801555,-0.926060723,-0.003682465,-0.003105935,4,-0.263740833,0,0,5.396576880224386e-299,298.2678816315526,Significant small-effect
1,WOOWWWOW,0.002045559,0.001068524,0.003014768,-1.49555723,-0.559325227,-0.001946245,-0.000969209,3,-0.936232003,0,0,5.396576880224386e-299,298.2678816315526,Significant small-effect
1,WOOWWWWO,0.003058773,0.00080558,0.003484879,-2.111633669,-0.1880982,-0.0026793,-0.000426107,3,-1.923535469,0,0,5.396576880224386e-299,298.2678816315526,Significant negative-biased
1,WOOWWWWW,0.003640075,0.003270089,0.003354728,-0.036854816,0.11773867236503278,-8.46E-05,0.000285347,2,-0.154593488,2.79815969682175e-146,3.3010547575408668e-146,2.79815969682175e-146,145.55312750304316,Significant small-effect
1,WOWOOOOO,0.017416573164175414,0.013237043940415655,0.003017531,2.132771640008578,2.5286252988944695,0.010219513354854763,0.014399042578614522,6,-0.395853659,0,0,5.396576880224386e-299,298.2678816315526,Significant small-effect
1,WOWOOOOW,0.000731517,0.000933642,0.000671601,0.4746633528953901,0.1231117067547927,0.000262041,5.9916189084008135e-05,5,0.35155164614059736,3.104010068156321e-183,3.777939353952543e-183,3.104010068156321e-183,182.5080768787355,Significant small-effect
1,WOWOOOWO,0.00480137,0.000935853,0.003996939,-2.093362411,0.26448996042574935,-0.003061087,0.000804431,5,-2.357852372,0,0,5.396576880224386e-299,298.2678816315526,Significant negative-biased
1,WOWOOOWW,0.003022263,0.00025575,0.004592062,-4.161018496,-0.603349604,-0.004336312,-0.001569799,4,-3.557668892,0,0,5.396576880224386e-299,298.2678816315526,Significant negative-biased
1,WOWOOWOO,0.000240365,5.983492454767308e-05,6.587849519384097e-05,-0.136642592,1.8516030329726172,-6.04E-06,0.000174487,5,-1.988245625,0,0,5.396576880224386e-299,298.2678816315526,Significant negative-biased
1,WOWOOWOW,0.001723021,0.004599646,0.001559531,1.5597991817088956,0.14373970447537043,0.003040115,0.000163489,4,1.4160594772335253,0,0,5.396576880224386e-299,298.2678816315526,Significant positive-specific
1,WOWOOWWO,0.000391735,2.7163631995656218e-05,0.002408757,-6.418910321,-2.617259599,-0.002381593,-0.002017022,4,-3.801650722,0,0,5.396576880224386e-299,298.2678816315526,Significant negative-biased
1,WOWOOWWW,0.002398896,0.000107568,0.00489624,-5.495298313,-1.028996981,-0.004788672,-0.002497344,3,-4.466301332,0,0,5.396576880224386e-299,298.2678816315526,Significant negative-biased
1,WOWOWOOO,0.001582917,0.002823931,0.001280375,1.1405232758801833,0.30580408480497073,0.001543556,0.000302542,5,0.8347191910752125,0,0,5.396576880224386e-299,298.2678816315526,Significant small-effect
1,WOWOWOOW,0.008678321,0.009782242,0.004588336,1.0920272034332177,0.9192968252583513,0.005193906,0.004089985,4,0.17273037817486636,0,0,5.396576880224386e-299,298.2678816315526,Significant small-effect
1,WOWOWOWO,0.007115515,0.002598155,0.004057775,-0.643001875,0.8101265659031852,-0.00145962,0.00305774,4,-1.453128441,0,0,5.396576880224386e-299,298.2678816315526,Significant negative-biased
1,WOWOWOWW,0.002802053,0.001221202,0.003774057,-1.627015825,-0.42949967,-0.002552855,-0.000972005,3,-1.197516155,0,0,5.396576880224386e-299,298.2678816315526,Significant negative-biased
1,WOWOWWOO,0.006413663,0.004545056,0.004395936,0.048117002701758615,0.5448748539769939,0.00014912,0.002017727,4,-0.496757851,0,0,5.396576880224386e-299,298.2678816315526,Significant small-effect
1,WOWOWWOW,0.005852826,0.006349171,0.003272597,0.955918764,0.8385030564278463,0.003076574,0.002580229,3,0.11741570806641066,1.327855665764213e-150,1.5737548631279562e-150,1.327855665764213e-150,149.87684912901076,Significant small-effect
1,WOWOWWWO,0.006684915,0.00023031,0.005095225,-4.461528499,0.39169618791370003,-0.004864914,0.001589691,3,-4.853224686,0,0,5.396576880224386e-299,298.2678816315526,Significant negative-biased
1,WOWOWWWW,0.00383291,0.003418009,0.004779933,-0.483713862,-0.318475844,-0.001361924,-0.000947023,2,-0.165238018,6.88389532616263e-175,8.352024661126224e-175,6.88389532616263e-175,174.1621657420074,Significant small-effect
1,WOWWOOOO,0.003480684,0.014110439010002886,0.002294184,2.6201833512459047,0.6011752705915497,0.011816254944074027,0.0011865,5,2.019008080654355,0,0,5.396576880224386e-299,298.2678816315526,Significant positive-specific
1,WOWWOOOW,0.007484673,0.012329179158502903,0.005088865,1.2764945158429268,0.5565047131334337,0.007240314,0.002395808,4,0.7199898027094931,0,0,5.396576880224386e-299,298.2678816315526,Significant small-effect
1,WOWWOOWO,0.005623304,0.00505296,0.003544141,0.5115712694293391,0.6658316604756286,0.001508819,0.002079163,4,-0.154260391,2.709525713360277e-224,3.389113595864321e-224,2.709525713360277e-224,223.5671067231836,Significant small-effect
1,WOWWOOWW,0.001693733,0.000882912,0.00258288,-1.547565048,-0.608481078,-0.001699969,-0.000889147,3,-0.93908397,0,0,5.396576880224386e-299,298.2678816315526,Significant small-effect
1,WOWWOWOO,0.007787368,0.014601819746034653,0.005057226,1.529543445812323,0.6226894913224019,0.009544593,0.002730142,4,0.906853954,0,0,5.396576880224386e-299,298.2678816315526,Significant small-effect
1,WOWWOWOW,0.004280219,0.008783445,0.003587054,1.2917496700686057,0.2548203497379533,0.005196391,0.000693166,3,1.0369293203306524,0,0,5.396576880224386e-299,298.2678816315526,Significant positive-specific
1,WOWWOWWO,0.003992257,0.000601684,0.003394718,-2.494243381,0.23384922989265958,-0.002793034,0.000597539,3,-2.728092611,0,0,5.396576880224386e-299,298.2678816315526,Significant negative-biased
1,WOWWOWWW,0.004398035,0.002124084,0.003805021,-0.840763952,0.20890365637545358,-0.001680937,0.000593014,2,-1.049667608,0,0,5.396576880224386e-299,298.2678816315526,Significant negative-biased
1,WOWWWOOO,0.004516518,0.010334619228449441,0.004031822,1.357763290758877,0.16374074696792362,0.006302798,0.000484696,4,1.1940225437909535,0,0,5.396576880224386e-299,298.2678816315526,Significant positive-specific
1,WOWWWOOW,0.002497602,0.004145995,0.00210869,0.9750351102896792,0.24409009289206665,0.002037305,0.000388912,3,0.7309450173976125,0,0,5.396576880224386e-299,298.2678816315526,Significant small-effect
1,WOWWWOWO,0.003463351,0.004474881,0.003834636,0.2227057444895824,-0.146880578,0.000640245,-0.000371285,3,0.3695863227749542,0,0,5.396576880224386e-299,298.2678816315526,Significant small-effect
1,WOWWWOWW,0.003725982,0.002859225,0.005076242,-0.827916182,-0.446037107,-0.002217016,-0.00135026,2,-0.381879075,0,0,5.396576880224386e-299,298.2678816315526,Significant small-effect
1,WOWWWWOO,0.00828192,0.008161641,0.006889297,0.2444697584453112,0.26557321214712054,0.001272344,0.001392623,3,-0.021103454,5.0556541288150315e-08,5.211734726080462e-08,5.0556541288150315e-08,7.296222644987757,Significant small-effect
1,WOWWWWOW,0.009296289,0.016805108771050598,0.006321959,1.4103140377672678,0.5562103177997566,0.010483150125978844,0.00297433,2,0.8541037199675112,0,0,5.396576880224386e-299,298.2678816315526,Significant small-effect
1,WOWWWWWO,0.002023071,0.001700406,0.0020952,-0.301048692,-0.050515861,-0.000394794,-7.21E-05,2,-0.250532831,7.181504061324538e-205,8.867194725236729e-205,7.181504061324538e-205,204.14378458958407,Significant small-effect
1,WOWWWWWW,0.003223475,0.007609564,0.003193228,1.2525360210859742,0.013596978808186264,0.004416336,3.024697509450107e-05,1,1.238939042277788,0,0,5.396576880224386e-299,298.2678816315526,Significant positive-specific
1,WWOOOOOO,0.005678701,0.004625311,0.002315319,0.9980281640735184,1.2939810474386235,0.002309992,0.003363382,6,-0.295952883,0,0,5.396576880224386e-299,298.2678816315526,Significant small-effect
1,WWOOOOOW,0.000516128,0.000931094,0.000418879,1.1505013445745151,0.3005479054309603,0.000512215,9.724911305207735e-05,5,0.8499534391435548,0,0,5.396576880224386e-299,298.2678816315526,Significant small-effect
1,WWOOOOWO,0.007271618,0.002878671,0.004846936,-0.751466749,0.5851041995260529,-0.001968265,0.002424682,5,-1.336570949,0,0,5.396576880224386e-299,298.2678816315526,Significant negative-biased
1,WWOOOOWW,0.001935209,0.001130644,0.004686624,-2.050436567,-1.275621824,-0.00355598,-0.002751414,4,-0.774814742,0,0,5.396576880224386e-299,298.2678816315526,Significant small-effect
1,WWOOOWOO,0.000624078,0.001367511,0.001109913,0.3008611924240877,-0.829636915,0.000257598,-0.000485835,5,1.130498107251316,0,0,5.396576880224386e-299,298.2678816315526,Significant positive-specific
1,WWOOOWOW,0.002332855,0.002332176,0.003798244,-0.703417275,-0.70299727,-0.001466068,-0.001465389,4,-0.000420005,0.9555738708973861,0.9555738708973861,0.9555738708973861,0.019735734058436757,Not significant
1,WWOOOWWO,0.004406835,3.0048597048987982e-05,0.002733235,-6.460465272,0.6889330456665081,-0.002703186,0.0016736,4,-7.149398318,0,0,5.396576880224386e-299,298.2678816315526,Significant negative-biased
1,WWOOOWWW,0.001248401,8.47879989050621e-05,0.002324634,-4.760704418,-0.896387445,-0.002239846,-0.001076233,3,-3.864316973,0,0,5.396576880224386e-299,298.2678816315526,Significant negative-biased
1,WWOOWOOO,0.000178791,0.000476544,0.000762694,-0.677361225,-2.086676614,-0.00028615,-0.000583903,5,1.4093153893521784,0,0,5.396576880224386e-299,298.2678816315526,Significant positive-specific
1,WWOOWOOW,0.00234841,0.001910709,0.002537334,-0.409019193,-0.111583414,-0.000626625,-0.000188924,4,-0.297435779,0,0,5.396576880224386e-299,298.2678816315526,Significant small-effect
1,WWOOWOWO,0.001604916,0.001075268,0.00349959,-1.701561269,-1.12420213,-0.002424323,-0.001894675,4,-0.577359139,0,0,5.396576880224386e-299,298.2678816315526,Significant small-effect
1,WWOOWOWW,0.000776648,0.000385611,0.003666455,-3.245823886,-2.237589845,-0.003280843,-0.002889807,3,-1.00823404,0,0,5.396576880224386e-299,298.2678816315526,Significant negative-biased
1,WWOOWWOO,0.002604352,0.004032244,0.003706509,0.12149085071338382,-0.508971724,0.000325736,-0.001102157,4,0.630462575,0,0,5.396576880224386e-299,298.2678816315526,Significant small-effect
1,WWOOWWOW,0.003454263,0.00377286,0.005103512,-0.435732079,-0.562977483,-0.001330652,-0.001649249,3,0.12724540447419141,3.870140187020565e-105,4.429609036709082e-105,3.870140187020565e-105,104.41227330336693,Significant small-effect
1,WWOOWWWO,0.002531534,0.000358897,0.004954956,-3.783506748,-0.968581925,-0.004596059,-0.002423422,3,-2.814924823,0,0,5.396576880224386e-299,298.2678816315526,Significant negative-biased
1,WWOOWWWW,0.001013036,0.002028093,0.002907712,-0.519545334,-1.520271961,-0.000879619,-0.001894676,2,1.0007266265871746,0,0,5.396576880224386e-299,298.2678816315526,Significant positive-specific
1,WWOWOOOO,0.000932818,0.001278114,0.00059053,1.1126231817996972,0.6586905398174779,0.000687585,0.000342288,5,0.4539326419822193,0,0,5.396576880224386e-299,298.2678816315526,Significant small-effect
1,WWOWOOOW,0.00264635,0.005605824,0.003066289,0.8702197469622865,-0.212415308,0.002539535,-0.000419939,4,1.0826350552458417,0,0,5.396576880224386e-299,298.2678816315526,Significant positive-specific
1,WWOWOOWO,0.001528164,0.001007902,0.003119352,-1.628922709,-1.028965352,-0.00211145,-0.001591187,4,-0.599957357,0,0,5.396576880224386e-299,298.2678816315526,Significant small-effect
1,WWOWOOWW,0.001210336,0.000761931,0.004493164,-2.558429178,-1.891453216,-0.003731233,-0.003282828,3,-0.666975963,0,0,5.396576880224386e-299,298.2678816315526,Significant small-effect
1,WWOWOWOO,0.003215409,0.001823785,0.002424913,-0.410801456,0.406922808,-0.000601128,0.000790496,4,-0.817724264,0,0,5.396576880224386e-299,298.2678816315526,Significant small-effect
1,WWOWOWOW,0.003214142,0.003992529,0.00448886,-0.169006076,-0.481787888,-0.00049633,-0.001274718,3,0.31278181150960527,0,0,5.396576880224386e-299,298.2678816315526,Significant small-effect
1,WWOWOWWO,0.000817401,0.000132446,0.001965466,-3.88127603,-1.264724689,-0.00183302,-0.001148065,3,-2.616551341,0,0,5.396576880224386e-299,298.2678816315526,Significant negative-biased
1,WWOWOWWW,0.000891264,0.00098722,0.002040146,-1.046474816,-1.193836111,-0.001052925,-0.001148881,2,0.1473612955318213,8.426371615603084e-38,9.153399435336873e-38,8.426371615603084e-38,37.07435939,Significant small-effect
1,WWOWWOOO,0.003103481,0.006002413,0.007795408,-0.377026554,-1.328457326,-0.001792994,-0.004691927,4,0.9514307718341757,0,0,5.396576880224386e-299,298.2678816315526,Significant small-effect
1,WWOWWOOW,0.003265006,0.000987707,0.003423176,-1.792141879,-0.068229525,-0.002435469,-0.00015817,3,-1.723912354,0,0,5.396576880224386e-299,298.2678816315526,Significant negative-biased
1,WWOWWOWO,0.001927699,0.001173581,0.004759537,-2.018977618,-1.303496453,-0.003585955,-0.002831838,3,-0.715481165,0,0,5.396576880224386e-299,298.2678816315526,Significant small-effect
1,WWOWWOWW,0.001632647,0.000474408,0.002281818,-2.263577175,-0.482719002,-0.00180741,-0.00064917,2,-1.780858174,0,0,5.396576880224386e-299,298.2678816315526,Significant negative-biased
1,WWOWWWOO,0.002568932,0.00196069,0.003934112,-1.004307896,-0.614674783,-0.001973422,-0.001365181,3,-0.389633113,0,0,5.396576880224386e-299,298.2678816315526,Significant small-effect
1,WWOWWWOW,0.006101879,0.004157197,0.005118833,-0.30013857,0.2533932890308687,-0.000961636,0.000983046,2,-0.553531859,0,0,5.396576880224386e-299,298.2678816315526,Significant small-effect
1,WWOWWWWO,0.002038715,0.001709885,0.005449831,-1.671733461,-1.4181087,-0.003739946,-0.003411116,2,-0.253624761,2.861550740815922e-211,3.5503569772966528e-211,2.861550740815922e-211,210.5433985488082,Significant small-effect
1,WWOWWWWW,0.003755469,0.002056231,0.002993473,-0.541598299,0.3270753618778919,-0.000937242,0.000761997,1,-0.868673661,0,0,5.396576880224386e-299,298.2678816315526,Significant small-effect
1,WWWOOOOO,0.020179716773113664,0.018667035242808026,0.007915666,1.2376052482463273,1.3500125688070843,0.010751369481191753,0.012264051011497391,5,-0.112407321,0,0,5.396576880224386e-299,298.2678816315526,Significant small-effect
1,WWWOOOOW,0.000680586,0.00121738,0.001153661,0.07749568,-0.760500327,6.371970797472036e-05,-0.000473074,4,0.8379960061948981,0,0,5.396576880224386e-299,298.2678816315526,Significant small-effect
1,WWWOOOWO,0.001996495,0.0002704,0.002128797,-2.972223965,-0.09252418,-0.001858397,-0.000132302,4,-2.879699785,0,0,5.396576880224386e-299,298.2678816315526,Significant negative-biased
1,WWWOOOWW,0.001498077,0.000204907,0.00349686,-4.086404623,-1.222398291,-0.003291953,-0.001998783,3,-2.864006332,0,0,5.396576880224386e-299,298.2678816315526,Significant negative-biased
1,WWWOOWOO,0.000505707,0.000226114,0.000602767,-1.410577255,-0.252841717,-0.000376654,-9.71E-05,4,-1.157735538,0,0,5.396576880224386e-299,298.2678816315526,Significant negative-biased
1,WWWOOWOW,0.003496261,0.006567941,0.004292156,0.6136223675166678,-0.29581322,0.002275786,-0.000795895,3,0.9094355878491284,0,0,5.396576880224386e-299,298.2678816315526,Significant small-effect
1,WWWOOWWO,0.001550763,3.2933562102319746e-05,0.00144377,-5.411983252,0.10306820363618109,-0.001410837,0.000106993,3,-5.515051455,0,0,5.396576880224386e-299,298.2678816315526,Significant negative-biased
1,WWWOOWWW,0.004255976,0.00016272,0.005284669,-5.012787939,-0.312257173,-0.00512195,-0.001028693,2,-4.700530766,0,0,5.396576880224386e-299,298.2678816315526,Significant negative-biased
1,WWWOWOOO,0.000864443,0.004542359,0.001140427,1.9929205098906682,-0.399327275,0.003401932,-0.000275984,4,2.392247785377773,0,0,5.396576880224386e-299,298.2678816315526,Significant positive-specific
1,WWWOWOOW,0.005205349,0.009337808,0.005586471,0.7410429953889914,-0.101923465,0.003751337,-0.000381122,3,0.8429664599156617,0,0,5.396576880224386e-299,298.2678816315526,Significant small-effect
1,WWWOWOWO,0.002434761,0.001425248,0.003954219,-1.47153318,-0.699385203,-0.002528972,-0.001519458,3,-0.772147977,0,0,5.396576880224386e-299,298.2678816315526,Significant small-effect
1,WWWOWOWW,0.004038877,0.000849866,0.005886537,-2.790660914,-0.543353128,-0.005036672,-0.001847661,2,-2.247307786,0,0,5.396576880224386e-299,298.2678816315526,Significant negative-biased
1,WWWOWWOO,0.00516855,0.012991522174253537,0.004967643,1.386757655884019,0.057186873,0.008023879,0.000200907,3,1.3295707825929488,0,0,5.396576880224386e-299,298.2678816315526,Significant positive-specific
1,WWWOWWOW,0.00607037,0.004150228,0.003318529,0.32255979835732224,0.871043553,0.000831699,0.002751841,2,-0.548483755,0,0,5.396576880224386e-299,298.2678816315526,Significant small-effect
1,WWWOWWWO,0.002311212,0.001788341,0.005665326,-1.662985085,-1.293139977,-0.003876985,-0.003354114,2,-0.369845108,0,0,5.396576880224386e-299,298.2678816315526,Significant small-effect
1,WWWOWWWW,0.006069925,0.003879716,0.003790856,0.033418635,0.6790122027876103,8.885988071665081e-05,0.002279069,1,-0.645593568,0,0,5.396576880224386e-299,298.2678816315526,Significant small-effect
1,WWWWOOOO,0.001190515,0.00026789,0.000368033,-0.45673603,1.6909753792868583,-0.000100143,0.000822482,4,-2.147711409,0,0,5.396576880224386e-299,298.2678816315526,Significant negative-biased
1,WWWWOOOW,0.003560413,0.003797363,0.002827219,0.4254843366476851,0.33255608361519795,0.000970145,0.000733194,3,0.092928253,6.363773677451006e-58,7.042331677640306e-58,6.363773677451006e-58,57.196285274088616,Significant small-effect
1,WWWWOOWO,0.002979643,0.002704748,0.003696455,-0.450504851,-0.310908794,-0.000991706,-0.000716812,3,-0.139596057,8.876949379138107e-99,1.0085054915943885e-98,8.876949379138107e-99,98.05173625667976,Significant small-effect
1,WWWWOOWW,0.004273686,0.002852181,0.006190298,-1.117670451,-0.534423316,-0.003338117,-0.001916612,2,-0.583247135,0,0,5.396576880224386e-299,298.2678816315526,Significant small-effect
1,WWWWOWOO,0.006177786,0.004526023,0.003464065,0.38568009801066344,0.8344409072432389,0.001061958,0.002713721,3,-0.448760809,0,0,5.396576880224386e-299,298.2678816315526,Significant small-effect
1,WWWWOWOW,0.004174003,0.008014058,0.004938703,0.6982887121674878,-0.242647141,0.003075355,-0.0007647,2,0.9409358526715177,0,0,5.396576880224386e-299,298.2678816315526,Significant small-effect
1,WWWWOWWO,0.002846584,6.98011674591828e-05,0.001987629,-4.81185722,0.5179640509776344,-0.001917828,0.000858955,2,-5.329821271,0,0,5.396576880224386e-299,298.2678816315526,Significant negative-biased
1,WWWWOWWW,0.001192648,0.000560657,0.003437213,-2.613896683,-1.526280935,-0.002876556,-0.002244564,1,-1.087615749,0,0,5.396576880224386e-299,298.2678816315526,Significant negative-biased
1,WWWWWOOO,0.003943015,0.007872245,0.003030443,1.3769537900043576,0.3796603569198267,0.004841802,0.000912572,3,0.9972934330845309,0,0,5.396576880224386e-299,298.2678816315526,Significant small-effect
1,WWWWWOOW,0.005609394,0.005378474,0.004530712,0.24740882670597933,0.3080457736406157,0.000847762,0.001078682,2,-0.060636947,2.2409309927805483e-37,2.4308403989483914e-37,2.2409309927805483e-37,36.649571516921455,Significant small-effect
1,WWWWWOWO,0.004697331,0.003153641,0.00365123,-0.211301442,0.3633708012642223,-0.000497588,0.001046101,2,-0.574672243,0,0,5.396576880224386e-299,298.2678816315526,Significant small-effect
1,WWWWWOWW,0.002753477,0.001350351,0.00364715,-1.432762784,-0.40538656,-0.002296799,-0.000893673,1,-1.027376224,0,0,5.396576880224386e-299,298.2678816315526,Significant negative-biased
1,WWWWWWOO,0.005246546,0.009779207,0.004642009,1.074805011162589,0.176582983,0.005137198,0.000604538,2,0.8982220279552671,0,0,5.396576880224386e-299,298.2678816315526,Significant small-effect
1,WWWWWWOW,0.005400205,0.009036647,0.003999123,1.1759027460856273,0.43323679711237983,0.005037524,0.001401082,1,0.7426659489732474,0,0,5.396576880224386e-299,298.2678816315526,Significant small-effect
1,WWWWWWWO,0.003117192,0.001619177,0.004511986,-1.477930739,-0.533372804,-0.002892809,-0.001394795,1,-0.944557934,0,0,5.396576880224386e-299,298.2678816315526,Significant small-effect
1,WWWWWWWW,0.035045824,0.041945369,0.035184319903146084,0.2535722902674898,-0.005689918,0.006761049,-0.000138496,0,0.2592622080110955,0,0,5.396576880224386e-299,298.2678816315526,Significant small-effect
2,OOOOOOOO,0.00303468,0.006200318,0.001931424,1.6821628639390365,0.6516076690419825,0.004268893,0.001103255,8,1.030555194897054,0,0,5.396576880224386e-299,298.2678816315526,Significant positive-specific
2,OOOOOOOW,0.001323077,0.0031455,0.001528324,1.0408539168576543,-0.207907671,0.001617176,-0.000205248,7,1.248761588056295,0,0,5.396576880224386e-299,298.2678816315526,Significant positive-specific
2,OOOOOOWO,0.002335742,0.002137138,0.002874461,-0.427437836,-0.29929482,-0.000737322,-0.000538719,7,-0.128143016,7.80936795480316e-71,8.768413142235127e-71,7.80936795480316e-71,70.10738411399069,Significant small-effect
2,OOOOOOWW,0.007873121,0.000829807,0.00628236,-2.918951508,0.32558281082640095,-0.005452553,0.001590762,6,-3.244534319,0,0,5.396576880224386e-299,298.2678816315526,Significant negative-biased
2,OOOOOWOO,0.000157757,0.000303233,0.000323442,-0.092782782,-1.031135289,-2.02E-05,-0.000165684,7,0.9383525064526358,0,0,5.396576880224386e-299,298.2678816315526,Significant small-effect
2,OOOOOWOW,0.001421605,0.003062986,0.003301016,-0.107937717,-1.214812021,-0.000238031,-0.001879411,6,1.1068743044796117,0,0,5.396576880224386e-299,298.2678816315526,Significant positive-specific
2,OOOOOWWO,0.00295202,0.000307496,0.004032691,-3.70877473,-0.449909542,-0.003725195,-0.001080671,6,-3.258865188,0,0,5.396576880224386e-299,298.2678816315526,Significant negative-biased
2,OOOOOWWW,0.006530414,0.001084953,0.006815798,-2.65013225,-0.061698985,-0.005730845,-0.000285385,5,-2.588433265,0,0,5.396576880224386e-299,298.2678816315526,Significant negative-biased
2,OOOOWOOO,0.000365915,0.002388361,0.000753311,1.663392798785461,-1.039712949,0.00163505,-0.000387396,7,2.7031057479167817,0,0,5.396576880224386e-299,298.2678816315526,Significant positive-specific
2,OOOOWOOW,0.006417283,0.009916573,0.007810489,0.3443895908176832,-0.283410203,0.002106084,-0.001393206,6,0.6277997939396653,0,0,5.396576880224386e-299,298.2678816315526,Significant small-effect
2,OOOOWOWO,0.004694914,0.005058808,0.005250893,-0.053755086,-0.161431662,-0.000192086,-0.000555979,6,0.10767657636535927,2.442632780156125e-107,2.7999133957610505e-107,2.442632780156125e-107,106.61214181896159,Significant small-effect
2,OOOOWOWW,0.004679976,0.001327272,0.005383961,-2.019385419,-0.202126327,-0.004056689,-0.000703984,5,-1.817259091,0,0,5.396576880224386e-299,298.2678816315526,Significant negative-biased
2,OOOOWWOO,0.011554066646359972,0.012197933038771817,0.007785604,0.6476888613938778,0.5694594721145609,0.004412329,0.003768463,6,0.078229389,1.5463891274576162e-138,1.8131707631869453e-138,1.5463891274576162e-138,137.81068121245968,Significant small-effect
2,OOOOWWOW,0.004723187,0.003012371,0.004152049,-0.462792402,0.18589528491942595,-0.001139678,0.000571138,5,-0.648687687,0,0,5.396576880224386e-299,298.2678816315526,Significant small-effect
2,OOOOWWWO,0.009252149,0.004794851,0.004861113,-0.019796509,0.9283609699465128,-6.63E-05,0.004391036,5,-0.948157479,0,0,5.396576880224386e-299,298.2678816315526,Significant small-effect
2,OOOOWWWW,0.003272564,0.003081228,0.003294454,-0.096503654,-0.009615125,-0.000213226,-2.19E-05,4,-0.086888529,7.118566560865559e-47,7.810084455349642e-47,7.118566560865559e-47,46.147607449815496,Significant small-effect
2,OOOWOOOO,0.000618923,0.000678492,0.000660073,0.039646125,-0.092720634,1.8418610103272887e-05,-4.12E-05,7,0.13236675897830147,6.834866452500535e-23,7.321028501423167e-23,6.834866452500535e-23,22.165269966759467,Significant small-effect
2,OOOWOOOW,0.003116483,0.003797242,0.004403304,-0.213582347,-0.498532655,-0.000606062,-0.001286822,6,0.28495030847932246,0,0,5.396576880224386e-299,298.2678816315526,Significant small-effect
2,OOOWOOWO,0.004311416,0.00161679,0.004488746,-1.472609234,-0.05813726,-0.002871955,-0.000177329,6,-1.414471974,0,0,5.396576880224386e-299,298.2678816315526,Significant negative-biased
2,OOOWOOWW,0.002523263,0.001063881,0.003663313,-1.782850096,-0.537680717,-0.002599432,-0.00114005,5,-1.24516938,0,0,5.396576880224386e-299,298.2678816315526,Significant negative-biased
2,OOOWOWOO,0.003375823,0.005089312,0.005730663,-0.171199731,-0.763287177,-0.000641351,-0.00235484,6,0.5920874462422593,0,0,5.396576880224386e-299,298.2678816315526,Significant small-effect
2,OOOWOWOW,0.005811733,0.010670165964156661,0.007953302,0.4239105331365537,-0.452518859,0.002716864,-0.00214157,5,0.8764293918835322,0,0,5.396576880224386e-299,298.2678816315526,Significant small-effect
2,OOOWOWWO,0.004840788,0.000323494,0.004370233,-3.751777087,0.1474999007509232,-0.004046739,0.000470556,5,-3.899276987,0,0,5.396576880224386e-299,298.2678816315526,Significant negative-biased
2,OOOWOWWW,0.00207506,0.001358116,0.002848471,-1.068025656,-0.456845894,-0.001490355,-0.000773411,4,-0.611179762,0,0,5.396576880224386e-299,298.2678816315526,Significant small-effect
2,OOOWWOOO,0.002831514,0.003107111,0.003688328,-0.247320202,-0.381275185,-0.000581217,-0.000856814,6,0.13395498363909042,5.940478259439807e-101,6.779030168276034e-101,5.940478259439807e-101,100.22617858918137,Significant small-effect
2,OOOWWOOW,0.002692046,0.003241447,0.004415585,-0.445848202,-0.713692154,-0.001174138,-0.001723538,5,0.26784395233544156,0,0,5.396576880224386e-299,298.2678816315526,Significant small-effect
2,OOOWWOWO,0.003194151,0.00248095,0.00416225,-0.746236388,-0.381826195,-0.0016813,-0.000968099,5,-0.364410192,0,0,5.396576880224386e-299,298.2678816315526,Significant small-effect
2,OOOWWOWW,0.007792771,0.001470361,0.00540995,-1.878730338,0.5264395692339434,-0.003939589,0.002382821,4,-2.405169908,0,0,5.396576880224386e-299,298.2678816315526,Significant negative-biased
2,OOOWWWOO,0.002514136,0.002966907,0.00436302,-0.556211859,-0.79502142,-0.001396113,-0.001848884,5,0.2388095612487101,2.373590819132214e-290,3.063727309400908e-290,2.373590819132214e-290,289.6245941465058,Significant small-effect
2,OOOWWWOW,0.004946953,0.003587654,0.005463814,-0.606729586,-0.143340489,-0.00187616,-0.000516861,4,-0.463389096,0,0,5.396576880224386e-299,298.2678816315526,Significant small-effect
2,OOOWWWWO,0.003756043,0.001017115,0.00244771,-1.266120675,0.6175758676691859,-0.001430594,0.001308333,4,-1.883696542,0,0,5.396576880224386e-299,298.2678816315526,Significant negative-biased
2,OOOWWWWW,0.001998658,0.002574274,0.003080949,-0.259116989,-0.624089239,-0.000506675,-0.00108229,3,0.36497225000416844,0,0,5.396576880224386e-299,298.2678816315526,Significant small-effect
2,OOWOOOOO,0.005276661,0.019343472354131825,0.003336882,2.5349164211054367,0.660965618,0.01600659,0.001939779,7,1.8739508028825278,0,0,5.396576880224386e-299,298.2678816315526,Significant positive-specific
2,OOWOOOOW,0.001724343,0.002220464,0.001453864,0.6106269383299331,0.2459992290253854,0.000766601,0.000270479,6,0.3646277093045477,0,0,5.396576880224386e-299,298.2678816315526,Significant small-effect
2,OOWOOOWO,0.004633338,0.004983537,0.005780044,-0.213870441,-0.318966613,-0.000796507,-0.001146705,6,0.10509617229201895,5.986888638386815e-101,6.821855303087647e-101,5.986888638386815e-101,100.2227988200544,Significant small-effect
2,OOWOOOWW,0.003735853,0.001506223,0.005829099,-1.951627131,-0.64169664,-0.004322876,-0.002093246,5,-1.309930492,0,0,5.396576880224386e-299,298.2678816315526,Significant negative-biased
2,OOWOOWOO,0.000371689,0.001052638,0.000557739,0.915132868,-0.584201152,0.000494899,-0.00018605,6,1.499334019669668,0,0,5.396576880224386e-299,298.2678816315526,Significant positive-specific
2,OOWOOWOW,0.003509107,0.00985098,0.005060454,0.9608618491881592,-0.528036903,0.004790526,-0.001551347,5,1.4888987522352344,0,0,5.396576880224386e-299,298.2678816315526,Significant positive-specific
2,OOWOOWWO,0.00223997,0.000516443,0.004765341,-3.203409789,-1.088759074,-0.004248898,-0.002525371,5,-2.114650715,0,0,5.396576880224386e-299,298.2678816315526,Significant negative-biased
2,OOWOOWWW,0.002992437,0.000471017,0.003590217,-2.92756291,-0.262669704,-0.0031192,-0.00059778,4,-2.664893206,0,0,5.396576880224386e-299,298.2678816315526,Significant negative-biased
2,OOWOWOOO,0.000624772,0.001711209,0.000989688,0.7893562131464689,-0.662793949,0.000721521,-0.000364916,6,1.4521501625540698,0,0,5.396576880224386e-299,298.2678816315526,Significant positive-specific
2,OOWOWOOW,0.002816986,0.007958764,0.003713928,1.0993914590917997,-0.398669883,0.004244836,-0.000896942,5,1.4980613416944695,0,0,5.396576880224386e-299,298.2678816315526,Significant positive-specific
2,OOWOWOWO,0.002899645,0.003921939,0.004722913,-0.268047603,-0.703608412,-0.000800974,-0.001823267,5,0.4355608087754014,0,0,5.396576880224386e-299,298.2678816315526,Significant small-effect
2,OOWOWOWW,0.005867199,0.002496739,0.005684662,-1.186705228,0.045589591522573095,-0.003187922,0.000182538,4,-1.23229482,0,0,5.396576880224386e-299,298.2678816315526,Significant negative-biased
2,OOWOWWOO,0.008239894,0.018667885585271937,0.006083538,1.6174160815472487,0.43765295167857016,0.012584347160738807,0.002156355,5,1.1797631298686786,0,0,5.396576880224386e-299,298.2678816315526,Significant positive-specific
2,OOWOWWOW,0.005044402,0.007386707,0.004094612,0.8510476757875252,0.3008901520246875,0.003292095,0.00094979,4,0.5501575237628377,0,0,5.396576880224386e-299,298.2678816315526,Significant small-effect
2,OOWOWWWO,0.004068392,0.002893467,0.004156207,-0.522317269,-0.030801632,-0.001262741,-8.78E-05,4,-0.491515636,0,0,5.396576880224386e-299,298.2678816315526,Significant small-effect
2,OOWOWWWW,0.004937454,0.005030416,0.005029591,0.000236576,-0.026668351,8.24993734197324e-07,-9.21E-05,3,0.026904927,2.5636314326318066e-08,2.64632922078122e-08,2.5636314326318066e-08,7.591144412179695,Significant small-effect
2,OOWWOOOO,0.002751238,0.006762697,0.001966705,1.781297754210572,0.4840909426183138,0.004795991,0.000784532,6,1.2972068115922581,0,0,5.396576880224386e-299,298.2678816315526,Significant positive-specific
2,OOWWOOOW,0.004053528,0.009605115,0.003089655,1.6360403652280742,0.39162141392697236,0.00651546,0.000963873,5,1.244418951301102,0,0,5.396576880224386e-299,298.2678816315526,Significant positive-specific
2,OOWWOOWO,0.005533357,0.009514847,0.007023781,0.43787887800424286,-0.344037551,0.002491066,-0.001490424,5,0.7819164287481662,0,0,5.396576880224386e-299,298.2678816315526,Significant small-effect
2,OOWWOOWW,0.004348481,0.004876838,0.005485515,-0.169648406,-0.335046951,-0.000608678,-0.001137035,4,0.16539854480837762,2.7976975472761977e-236,3.516582187083666e-236,2.7976975472761977e-236,235.55319923789597,Significant small-effect
2,OOWWOWOO,0.004568,0.013619943958292911,0.004034446,1.755026758776683,0.1791505123882152,0.009585498,0.000533555,5,1.575876246388468,0,0,5.396576880224386e-299,298.2678816315526,Significant positive-specific
2,OOWWOWOW,0.002364537,0.007491218,0.003154564,1.2474948030943538,-0.415730665,0.004336654,-0.000790028,4,1.6632254683877803,0,0,5.396576880224386e-299,298.2678816315526,Significant positive-specific
2,OOWWOWWO,0.005410764,0.001759201,0.004928166,-1.485603814,0.13475526,-0.003168966,0.000482598,4,-1.620359073,0,0,5.396576880224386e-299,298.2678816315526,Significant negative-biased
2,OOWWOWWW,0.00542518,0.004145656,0.004604205,-0.151316833,0.2366716237776129,-0.000458548,0.000820975,3,-0.387988457,0,0,5.396576880224386e-299,298.2678816315526,Significant small-effect
2,OOWWWOOO,0.004833972,0.008578982,0.004415974,0.957916182,0.1304489079595778,0.004163008,0.000417997,5,0.8274672742015481,0,0,5.396576880224386e-299,298.2678816315526,Significant small-effect
2,OOWWWOOW,0.00176286,0.005647579,0.003945821,0.517196857,-1.16195464,0.001701758,-0.00218296,4,1.679151497397764,0,0,5.396576880224386e-299,298.2678816315526,Significant positive-specific
2,OOWWWOWO,0.001724269,0.003231769,0.003017924,0.098736258,-0.807213373,0.000213846,-0.001293655,4,0.9059496313779704,0,0,5.396576880224386e-299,298.2678816315526,Significant small-effect
2,OOWWWOWW,0.003675358,0.004883988,0.005938386,-0.281958912,-0.69203669,-0.001054398,-0.002263028,3,0.4100777780156355,0,0,5.396576880224386e-299,298.2678816315526,Significant small-effect
2,OOWWWWOO,0.009859115,0.011128335735610367,0.005076633,1.1321395792016116,0.9574484096991613,0.006051703,0.004782482,4,0.17469116950245023,0,0,5.396576880224386e-299,298.2678816315526,Significant small-effect
2,OOWWWWOW,0.005525758,0.014071982664743838,0.005970223,1.2368296930759797,-0.111593207,0.008101759,-0.000444466,3,1.3484229002785966,0,0,5.396576880224386e-299,298.2678816315526,Significant positive-specific
2,OOWWWWWO,0.001510225,0.002117349,0.002791683,-0.398711605,-0.885933553,-0.000674334,-0.001281458,3,0.48722194792426216,0,0,5.396576880224386e-299,298.2678816315526,Significant small-effect
2,OOWWWWWW,0.002522704,0.007538248,0.004199935,0.8437101642736959,-0.735167929,0.003338313,-0.001677231,2,1.5788780931452515,0,0,5.396576880224386e-299,298.2678816315526,Significant positive-specific
2,OWOOOOOO,0.001137865,0.00472939,0.001966121,1.2658738240798713,-0.788488387,0.00276327,-0.000828255,7,2.0543622106443507,0,0,5.396576880224386e-299,298.2678816315526,Significant positive-specific
2,OWOOOOOW,0.000514174,0.00061571,0.000560598,0.13505466104600944,-0.124477914,5.51120713653616e-05,-4.64E-05,6,0.25953257496337473,4.162252447557922e-72,4.687111260593085e-72,4.162252447557922e-72,71.38067158264037,Significant small-effect
2,OWOOOOWO,0.005846078,0.001622921,0.00507098,-1.643067372,0.20516678919136075,-0.003448059,0.000775098,6,-1.848234161,0,0,5.396576880224386e-299,298.2678816315526,Significant negative-biased
2,OWOOOOWW,0.001397727,0.000342434,0.003565981,-3.376598376,-1.350588946,-0.003223547,-0.002168254,5,-2.02600943,0,0,5.396576880224386e-299,298.2678816315526,Significant negative-biased
2,OWOOOWOO,0.000971391,0.001021454,0.001416568,-0.471382055,-0.543809863,-0.000395114,-0.000445177,6,0.072427808,2.3053333046454236e-11,2.392562132388764e-11,2.3053333046454236e-11,10.637266275522203,Significant small-effect
2,OWOOOWOW,0.001066902,0.001599133,0.002061633,-0.366295444,-0.949707294,-0.0004625,-0.00099473,5,0.5834118491340154,0,0,5.396576880224386e-299,298.2678816315526,Significant small-effect
2,OWOOOWWO,0.004159209,9.028700647166924e-05,0.004585297,-5.650776556,-0.140673816,-0.00449501,-0.000426088,5,-5.51010274,0,0,5.396576880224386e-299,298.2678816315526,Significant negative-biased
2,OWOOOWWW,0.00148333,0.000526423,0.00306386,-2.538789891,-1.046009671,-0.002537438,-0.001580531,4,-1.49278022,0,0,5.396576880224386e-299,298.2678816315526,Significant negative-biased
2,OWOOWOOO,0.000853231,0.001801722,0.001213719,0.5695544129538335,-0.507923808,0.000588003,-0.000360488,6,1.0774782209831395,0,0,5.396576880224386e-299,298.2678816315526,Significant positive-specific
2,OWOOWOOW,0.00230229,0.002307337,0.002326858,-0.012149136,-0.015306541,-1.95E-05,-2.46E-05,5,0.003157404,0.6584538078769018,0.6601730084196613,0.6584538078769018,0.18147468643919923,Not significant
2,OWOOWOWO,0.003976307,0.002908464,0.003879352,-0.41543418,0.035604471,-0.000970888,9.695521447865936e-05,5,-0.451038651,0,0,5.396576880224386e-299,298.2678816315526,Significant small-effect
2,OWOOWOWW,0.007037622,0.001873352,0.006229016,-1.732844184,0.1760571076927983,-0.004355664,0.000808606,4,-1.908901292,0,0,5.396576880224386e-299,298.2678816315526,Significant negative-biased
2,OWOOWWOO,0.005574854,0.006668071,0.004735193,0.49375792491161913,0.23546498890248785,0.001932878,0.000839661,5,0.2582929360091313,0,0,5.396576880224386e-299,298.2678816315526,Significant small-effect
2,OWOOWWOW,0.003248798,0.003485671,0.002210164,0.6570442111166408,0.555544016,0.001275507,0.001038634,4,0.10150019532138077,1.6109071247886513e-66,1.8008394058772697e-66,1.6109071247886513e-66,65.79292949766553,Significant small-effect
2,OWOOWWWO,0.007122032,0.003168497,0.00629373,-0.989890772,0.1783469587074953,-0.003125233,0.000828302,4,-1.16823773,0,0,5.396576880224386e-299,298.2678816315526,Significant negative-biased
2,OWOOWWWW,0.00276286,0.004088194,0.003173927,0.365093219,-0.200038724,0.000914267,-0.000411067,3,0.5651319431431564,0,0,5.396576880224386e-299,298.2678816315526,Significant small-effect
2,OWOWOOOO,0.001788713,0.001234325,0.00121203,0.026275814993372937,0.5611131805978363,2.229533180423543e-05,0.000576683,6,-0.534837366,0,0,5.396576880224386e-299,298.2678816315526,Significant small-effect
2,OWOWOOOW,0.002963046,0.002594969,0.002804548,-0.112009821,0.079285284,-0.00020958,0.000158498,5,-0.191295105,5.453585431971508e-193,6.669352884958787e-193,5.453585431971508e-193,192.2633178791282,Significant small-effect
2,OWOWOOWO,0.004524901,0.001622808,0.005148234,-1.664976815,-0.186152847,-0.003525426,-0.000623333,5,-1.478823968,0,0,5.396576880224386e-299,298.2678816315526,Significant negative-biased
2,OWOWOOWW,0.00769171,0.002236952,0.005426454,-1.278096422,0.503216294,-0.003189502,0.002265256,4,-1.781312716,0,0,5.396576880224386e-299,298.2678816315526,Significant negative-biased
2,OWOWOWOO,0.002648314,0.003249031,0.004010405,-0.303654432,-0.598489031,-0.000761375,-0.001362092,5,0.2948345999186584,0,0,5.396576880224386e-299,298.2678816315526,Significant small-effect
2,OWOWOWOW,0.003087949,0.003455864,0.0026989,0.35655796967159387,0.19420979168609848,0.000756964,0.000389048,4,0.1623481779854954,5.714798242306975e-162,6.847059360517561e-162,5.714798242306975e-162,161.24299909751707,Significant small-effect
2,OWOWOWWO,0.003134251,0.000337473,0.002885506,-3.092212996,0.11925681444900967,-0.002548033,0.000248745,4,-3.21146981,0,0,5.396576880224386e-299,298.2678816315526,Significant negative-biased
2,OWOWOWWW,0.004527769,0.003065268,0.004519413,-0.559970751,0.002664331,-0.001454145,8.355894595701158e-06,3,-0.562635083,0,0,5.396576880224386e-299,298.2678816315526,Significant small-effect
2,OWOWWOOO,0.006545798,0.003699975,0.004557683,-0.30071175,0.5221723394805257,-0.000857708,0.001988115,5,-0.82288409,0,0,5.396576880224386e-299,298.2678816315526,Significant small-effect
2,OWOWWOOW,0.002691562,0.002036589,0.002256555,-0.147898454,0.25421810863128147,-0.000219967,0.000435006,4,-0.402116563,0,0,5.396576880224386e-299,298.2678816315526,Significant small-effect
2,OWOWWOWO,0.004184242,0.000666456,0.002751789,-2.04414905,0.6044168529810172,-0.002085333,0.001432453,4,-2.648565903,0,0,5.396576880224386e-299,298.2678816315526,Significant negative-biased
2,OWOWWOWW,0.002413372,0.000829373,0.002691363,-1.697042003,-0.157224756,-0.00186199,-0.000277991,3,-1.539817247,0,0,5.396576880224386e-299,298.2678816315526,Significant negative-biased
2,OWOWWWOO,0.005193442,0.003873248,0.004991711,-0.365906998,0.057145447947307734,-0.001118463,0.000201731,4,-0.423052446,0,0,5.396576880224386e-299,298.2678816315526,Significant small-effect
2,OWOWWWOW,0.002215347,0.002108464,0.003443895,-0.707583584,-0.636276295,-0.001335431,-0.001228548,3,-0.071307289,2.294287598568134e-22,2.447240105139343e-22,2.294287598568134e-22,21.639352142388415,Significant small-effect
2,OWOWWWWO,0.003298677,0.001462419,0.004054263,-1.470452184,-0.297470737,-0.002591843,-0.000755586,3,-1.172981448,0,0,5.396576880224386e-299,298.2678816315526,Significant negative-biased
2,OWOWWWWW,0.004631141,0.003329244,0.003545969,-0.090959082,0.38509216253429235,-0.000216726,0.001085171,2,-0.476051245,0,0,5.396576880224386e-299,298.2678816315526,Significant small-effect
2,OWWOOOOO,0.004139094,0.009788085,0.003453966,1.502502569082078,0.2609919927499584,0.006334119,0.000685128,6,1.2415105763321195,0,0,5.396576880224386e-299,298.2678816315526,Significant positive-specific
2,OWWOOOOW,0.001117787,0.001706964,0.000905351,0.9141355826431646,0.3037934562445382,0.000801613,0.000212436,5,0.6103421263986264,0,0,5.396576880224386e-299,298.2678816315526,Significant small-effect
2,OWWOOOWO,0.003380703,0.00183332,0.004743705,-1.371072527,-0.488568226,-0.002910384,-0.001363001,5,-0.882504302,0,0,5.396576880224386e-299,298.2678816315526,Significant small-effect
2,OWWOOOWW,0.006306573,0.000509293,0.004574512,-3.164534122,0.4631519598553279,-0.004065218,0.001732062,4,-3.627686082,0,0,5.396576880224386e-299,298.2678816315526,Significant negative-biased
2,OWWOOWOO,0.000222313,0.000374844,0.000382958,-0.030815708,-0.781880554,-8.11E-06,-0.000160645,5,0.7510648462104279,5.396576880224386e-299,6.977392329987085e-299,5.396576880224386e-299,298.2678816315526,Significant small-effect
2,OWWOOWOW,0.003081467,0.002873187,0.001999128,0.5230618632824998,0.6239934065726428,0.000874059,0.001082339,4,-0.100931543,8.147804919590195e-59,9.04265054659721e-59,8.147804919590195e-59,58.088959377727804,Significant small-effect
2,OWWOOWWO,0.003997354,0.000192006,0.003586773,-4.216370397,0.15631758063685802,-0.003394767,0.000410581,4,-4.372687978,0,0,5.396576880224386e-299,298.2678816315526,Significant negative-biased
2,OWWOOWWW,0.003910597,0.001319066,0.005339129,-2.016264813,-0.449116774,-0.004020063,-0.001428532,3,-1.567148039,0,0,5.396576880224386e-299,298.2678816315526,Significant negative-biased
2,OWWOWOOO,0.000670292,0.002157493,0.00134984,0.6761680242618597,-1.008843828,0.000807654,-0.000679548,5,1.6850118527449254,0,0,5.396576880224386e-299,298.2678816315526,Significant positive-specific
2,OWWOWOOW,0.002968112,0.004870744,0.003334998,0.5463200354293788,-0.168086669,0.001535746,-0.000366886,4,0.7144067047631004,0,0,5.396576880224386e-299,298.2678816315526,Significant small-effect
2,OWWOWOWO,0.003454274,0.001261811,0.00341888,-1.437306959,0.014854382,-0.002157069,3.539391640761244e-05,4,-1.452161342,0,0,5.396576880224386e-299,298.2678816315526,Significant negative-biased
2,OWWOWOWW,0.003290593,0.001009456,0.003809765,-1.915073668,-0.211294468,-0.002800308,-0.000519171,3,-1.703779199,0,0,5.396576880224386e-299,298.2678816315526,Significant negative-biased
2,OWWOWWOO,0.007101246,0.013682499686136634,0.006420235,1.091514567127603,0.14542455425131973,0.007262265,0.000681011,4,0.9460900128762832,0,0,5.396576880224386e-299,298.2678816315526,Significant small-effect
2,OWWOWWOW,0.00197005,0.006600082,0.002434715,1.438357279967403,-0.30538104,0.004165367,-0.000464665,3,1.7437383197808396,0,0,5.396576880224386e-299,298.2678816315526,Significant positive-specific
2,OWWOWWWO,0.006370756,0.002206938,0.004913482,-1.154339668,0.37465167774410146,-0.002706544,0.001457274,3,-1.528991346,0,0,5.396576880224386e-299,298.2678816315526,Significant negative-biased
2,OWWOWWWW,0.00511611,0.005400808,0.005311449,0.024065143003631394,-0.054048064,8.935851059976505e-05,-0.00019534,2,0.078113207,7.84343216399973e-62,8.730081017321439e-62,7.84343216399973e-62,61.10549385520926,Significant small-effect
2,OWWWOOOO,4.622833586893831e-05,0.000595921,0.000136121,2.122089212397922,-1.537725353,0.0004598,-8.99E-05,5,3.6598145650043525,0,0,5.396576880224386e-299,298.2678816315526,Significant positive-specific
2,OWWWOOOW,0.004758352,0.010560617981168575,0.004341384,1.2822716386508648,0.1322779208204062,0.006219234,0.000416968,4,1.1499937178304587,0,0,5.396576880224386e-299,298.2678816315526,Significant positive-specific
2,OWWWOOWO,0.005112161,0.004986801,0.005240822,-0.07166466,-0.035853021,-0.000254022,-0.000128661,4,-0.035811639,7.93348680453043e-14,8.28968417126445e-14,7.93348680453043e-14,13.100535896270376,Significant small-effect
2,OWWWOOWW,0.003163158,0.001364643,0.00298966,-1.130883433,0.081357824,-0.001625017,0.000173498,3,-1.212241257,0,0,5.396576880224386e-299,298.2678816315526,Significant negative-biased
2,OWWWOWOO,0.00576692,0.010476028,0.00556147,0.9134318955218951,0.052325334,0.004914558,0.000205449,4,0.8611065611377193,0,0,5.396576880224386e-299,298.2678816315526,Significant small-effect
2,OWWWOWOW,0.001943602,0.006159155,0.003129484,0.976580654,-0.686911277,0.00302967,-0.001185883,3,1.6634919314051066,0,0,5.396576880224386e-299,298.2678816315526,Significant positive-specific
2,OWWWOWWO,0.003568261,0.000414724,0.00285016,-2.777850791,0.324076442,-0.002435436,0.000718101,3,-3.101927233,0,0,5.396576880224386e-299,298.2678816315526,Significant negative-biased
2,OWWWOWWW,0.001445744,0.001734148,0.002003611,-0.208263272,-0.470512753,-0.000269463,-0.000557867,2,0.26224948091146816,2.465673662109019e-203,3.0395463443013266e-203,2.465673662109019e-203,202.60806440386511,Significant small-effect
2,OWWWWOOO,0.003995305,0.004398426,0.002302622,0.9334111747282556,0.794762678,0.002095804,0.001692683,4,0.13864849645476862,5.78124095636885e-152,6.873054263918385e-152,5.78124095636885e-152,151.23797892928593,Significant small-effect
2,OWWWWOOW,0.002573588,0.006621984,0.003912619,0.7589780807801142,-0.604161477,0.002709365,-0.001339031,3,1.363139557638359,0,0,5.396576880224386e-299,298.2678816315526,Significant positive-specific
2,OWWWWOWO,0.010880421822948304,0.003100904,0.00507033,-0.709210125,1.1014309976974181,-0.001969426,0.005810092,3,-1.810641122,0,0,5.396576880224386e-299,298.2678816315526,Significant negative-biased
2,OWWWWOWW,0.00427532,0.001270659,0.003678452,-1.532779548,0.21687902817079407,-0.002407793,0.000596868,2,-1.749658576,0,0,5.396576880224386e-299,298.2678816315526,Significant negative-biased
2,OWWWWWOO,0.003767144,0.005193031,0.003577937,0.5373235877360809,0.074322983,0.001615094,0.000189207,3,0.46300060479766353,0,0,5.396576880224386e-299,298.2678816315526,Significant small-effect
2,OWWWWWOW,0.004473793,0.009771371,0.005236794,0.8997492480262542,-0.22713845,0.004534577,-0.000763001,2,1.1268876977671958,0,0,5.396576880224386e-299,298.2678816315526,Significant positive-specific
2,OWWWWWWO,0.005225553,0.00389849,0.005393642,-0.468241909,-0.04566749,-0.001495152,-0.000168089,2,-0.422574419,0,0,5.396576880224386e-299,298.2678816315526,Significant small-effect
2,OWWWWWWW,0.002129782,0.004303706,0.002528603,0.7670038634614427,-0.247528098,0.001775103,-0.000398821,1,1.0145319615327644,0,0,5.396576880224386e-299,298.2678816315526,Significant positive-specific
2,WOOOOOOO,0.009338608,0.012235323102881062,0.003402181,1.846214173554612,1.4564779867019326,0.008833142,0.005936427,7,0.3897361868526794,0,0,5.396576880224386e-299,298.2678816315526,Significant small-effect
2,WOOOOOOW,0.002149673,0.001163808,0.001060315,0.1342399261703963,1.0189360378528316,0.000103494,0.001089359,6,-0.884696112,0,0,5.396576880224386e-299,298.2678816315526,Significant small-effect
2,WOOOOOWO,0.006184241,0.001269961,0.005344781,-2.072481608,0.21042906009809928,-0.004074821,0.00083946,6,-2.282910668,0,0,5.396576880224386e-299,298.2678816315526,Significant negative-biased
2,WOOOOOWW,0.010573623616488533,0.0001951,0.005617153,-4.840435134,0.9124384169145401,-0.005422053,0.00495647,5,-5.752873551,0,0,5.396576880224386e-299,298.2678816315526,Significant negative-biased
2,WOOOOWOO,0.006599998,0.004247055,0.00278629,0.6079389960756512,1.2438208564797621,0.001460764,0.003813708,6,-0.63588186,0,0,5.396576880224386e-299,298.2678816315526,Significant small-effect
2,WOOOOWOW,0.006212068,0.004882158,0.004373611,0.15865952949146742,0.506150947,0.000508546,0.001838456,5,-0.347491418,0,0,5.396576880224386e-299,298.2678816315526,Significant small-effect
2,WOOOOWWO,0.003469658,0.000116075,0.003610619,-4.947138073,-0.057436281,-0.003494544,-0.00014096,5,-4.889701792,0,0,5.396576880224386e-299,298.2678816315526,Significant negative-biased
2,WOOOOWWW,0.006368782,0.001008098,0.005511245,-2.44957379,0.20860393318140988,-0.004503147,0.000857537,4,-2.658177723,0,0,5.396576880224386e-299,298.2678816315526,Significant negative-biased
2,WOOOWOOO,0.000186031,0.000510557,0.000216819,1.2317658868325334,-0.219853731,0.000293738,-3.08E-05,6,1.4516196177933849,0,0,5.396576880224386e-299,298.2678816315526,Significant positive-specific
2,WOOOWOOW,0.008351199,0.00634137,0.005191312,0.288644929,0.6857790073604729,0.001150058,0.003159887,5,-0.397134079,0,0,5.396576880224386e-299,298.2678816315526,Significant small-effect
2,WOOOWOWO,0.003469435,0.001497546,0.003923015,-1.388767488,-0.17721411,-0.002425469,-0.00045358,5,-1.211553378,0,0,5.396576880224386e-299,298.2678816315526,Significant negative-biased
2,WOOOWOWW,0.008252857,0.001014418,0.006183794,-2.60665213,0.4163429485663411,-0.005169376,0.002069063,4,-3.022995079,0,0,5.396576880224386e-299,298.2678816315526,Significant negative-biased
2,WOOOWWOO,0.00607532,0.008318157,0.006695336,0.3130655109101108,-0.140174119,0.001622821,-0.000620016,5,0.45323963011252677,0,0,5.396576880224386e-299,298.2678816315526,Significant small-effect
2,WOOOWWOW,0.002872862,0.006032704,0.005049993,0.2564768080851937,-0.813576303,0.000982711,-0.002177131,4,1.070053110915445,0,0,5.396576880224386e-299,298.2678816315526,Significant positive-specific
2,WOOOWWWO,0.006563157,0.000990516,0.006553302,-2.72473424,0.002167587,-0.005562786,9.85495816667719e-06,4,-2.726901827,0,0,5.396576880224386e-299,298.2678816315526,Significant negative-biased
2,WOOOWWWW,0.003167367,0.001805797,0.004198376,-1.21674067,-0.406435235,-0.002392579,-0.001031008,3,-0.810305435,0,0,5.396576880224386e-299,298.2678816315526,Significant small-effect
2,WOOWOOOO,0.001758912,0.002659411,0.001679649,0.66263041,0.066484543,0.000979762,7.926264524695035e-05,6,0.5961458675520981,0,0,5.396576880224386e-299,298.2678816315526,Significant small-effect
2,WOOWOOOW,0.004764461,0.003869174,0.003737318,0.050008809,0.35022642309987223,0.000131855,0.001027143,5,-0.300217614,0,0,5.396576880224386e-299,298.2678816315526,Significant small-effect
2,WOOWOOWO,0.004274016,0.001779575,0.00565068,-1.66633688,-0.402749833,-0.003871105,-0.001376664,5,-1.263587047,0,0,5.396576880224386e-299,298.2678816315526,Significant negative-biased
2,WOOWOOWW,0.004163307,0.0006398,0.004452035,-2.796842471,-0.096712647,-0.003812235,-0.000288728,4,-2.700129824,0,0,5.396576880224386e-299,298.2678816315526,Significant negative-biased
2,WOOWOWOO,0.003147103,0.004465679,0.004255293,0.069605088,-0.435114814,0.000210386,-0.00110819,5,0.5047199020268716,0,0,5.396576880224386e-299,298.2678816315526,Significant small-effect
2,WOOWOWOW,0.007044848,0.007569526,0.006066385,0.31931863759085827,0.21569848625008387,0.001503141,0.000978463,4,0.1036201513407744,1.4953495375194648e-148,1.7695353541062388e-148,1.4953495375194648e-148,147.82525727926418,Significant small-effect
2,WOOWOWWO,0.003735033,0.000449303,0.005742294,-3.672909358,-0.620370954,-0.00529299,-0.00200726,4,-3.052538403,0,0,5.396576880224386e-299,298.2678816315526,Significant negative-biased
2,WOOWOWWW,0.005117153,0.001834037,0.005148364,-1.488584864,-0.008771104,-0.003314327,-3.12E-05,3,-1.479813761,0,0,5.396576880224386e-299,298.2678816315526,Significant negative-biased
2,WOOWWOOO,0.006102811,0.006767998,0.006250782,0.11467473873098327,-0.034557246,0.000517216,-0.000147971,5,0.14923198496886708,9.25338110929202e-269,1.1844327819893785e-268,9.25338110929202e-269,268.03369955063334,Significant small-effect
2,WOOWWOOW,0.002715999,0.004277163,0.004727396,-0.144359418,-0.799337075,-0.000450233,-0.002011397,4,0.6549776568714816,0,0,5.396576880224386e-299,298.2678816315526,Significant small-effect
2,WOOWWOWO,0.001072974,0.000368222,0.002197624,-2.574039077,-1.033641456,-0.001829402,-0.00112465,4,-1.540397621,0,0,5.396576880224386e-299,298.2678816315526,Significant negative-biased
2,WOOWWOWW,0.001460123,0.000511274,0.002220235,-2.116373739,-0.604284769,-0.001708961,-0.000760112,3,-1.51208897,0,0,5.396576880224386e-299,298.2678816315526,Significant negative-biased
2,WOOWWWOO,0.004737641,0.004007585,0.005891799,-0.555860173,-0.314479863,-0.001884215,-0.001154159,4,-0.241380311,0,0,5.396576880224386e-299,298.2678816315526,Significant small-effect
2,WOOWWWOW,0.002656323,0.003816616,0.004255943,-0.157145646,-0.679844333,-0.000439327,-0.00159962,3,0.5226986867909046,0,0,5.396576880224386e-299,298.2678816315526,Significant small-effect
2,WOOWWWWO,0.003203277,0.000939921,0.00310382,-1.72236462,0.045489526,-0.002163899,9.945762771349951e-05,3,-1.767854146,0,0,5.396576880224386e-299,298.2678816315526,Significant negative-biased
2,WOOWWWWW,0.003795864,0.003329659,0.003458839,-0.054897295,0.1341035297193071,-0.00012918,0.000337025,2,-0.189000825,4.059121022066973e-241,5.110499909749894e-241,4.059121022066973e-241,240.3915680000667,Significant small-effect
2,WOWOOOOO,0.004759433,0.013827588981325436,0.002407491,2.5214527303234635,0.982963345,0.011420098334692668,0.002351942,6,1.5384893849777956,0,0,5.396576880224386e-299,298.2678816315526,Significant positive-specific
2,WOWOOOOW,0.000268206,0.000721126,0.000408948,0.8168109214922139,-0.606728359,0.000312179,-0.000140742,5,1.4235392806270792,0,0,5.396576880224386e-299,298.2678816315526,Significant positive-specific
2,WOWOOOWO,0.007001749,0.001961979,0.005336335,-1.44307507,0.39180190698600303,-0.003374356,0.001665414,5,-1.834876977,0,0,5.396576880224386e-299,298.2678816315526,Significant negative-biased
2,WOWOOOWW,0.006207709,0.000421572,0.004246327,-3.329285906,0.5477382995374944,-0.003824755,0.001961383,4,-3.877024205,0,0,5.396576880224386e-299,298.2678816315526,Significant negative-biased
2,WOWOOWOO,3.326503137063812e-05,0.000933959,0.000188815,2.300308375353444,-2.469786246,0.000745144,-0.00015555,5,4.770094620911653,0,0,5.396576880224386e-299,298.2678816315526,Significant positive-specific
2,WOWOOWOW,0.004197652,0.00337069,0.002222639,0.6005492522392416,0.9170037103323092,0.001148051,0.001975013,4,-0.316454458,0,0,5.396576880224386e-299,298.2678816315526,Significant small-effect
2,WOWOOWWO,0.002131346,3.280591396870723e-05,0.002591823,-6.261104025,-0.282081892,-0.002559017,-0.000460477,4,-5.979022133,0,0,5.396576880224386e-299,298.2678816315526,Significant negative-biased
2,WOWOOWWW,0.000821494,0.000617502,0.003647784,-2.560565571,-2.149339478,-0.003030282,-0.00282629,3,-0.411226093,1.3595744637033825e-230,1.7033494096642703e-230,1.3595744637033825e-230,229.86659700117698,Significant small-effect
2,WOWOWOOO,0.000908847,0.001982051,0.000691976,1.5168449027380129,0.3928189702949539,0.001290075,0.000216871,5,1.124025932443059,0,0,5.396576880224386e-299,298.2678816315526,Significant positive-specific
2,WOWOWOOW,0.001944235,0.00690273,0.002968283,1.2172613320531005,-0.610170374,0.003934447,-0.001024048,4,1.827431706080581,0,0,5.396576880224386e-299,298.2678816315526,Significant positive-specific
2,WOWOWOWO,0.006665374,0.002347141,0.006399963,-1.446769639,0.058613197043631306,-0.004052822,0.000265411,4,-1.505382836,0,0,5.396576880224386e-299,298.2678816315526,Significant negative-biased
2,WOWOWOWW,0.002877444,0.001012588,0.004643644,-2.196096979,-0.690279024,-0.003631056,-0.0017662,3,-1.505817955,0,0,5.396576880224386e-299,298.2678816315526,Significant negative-biased
2,WOWOWWOO,0.003280647,0.00949834,0.00469309,1.0169819311619832,-0.516425188,0.004805251,-0.001412442,4,1.5334071192761298,0,0,5.396576880224386e-299,298.2678816315526,Significant positive-specific
2,WOWOWWOW,0.003414229,0.005862732,0.002603648,1.170730781297243,0.39089394267461464,0.003259084,0.000810581,3,0.7798368386226283,0,0,5.396576880224386e-299,298.2678816315526,Significant small-effect
2,WOWOWWWO,0.004330116,0.001481982,0.006090036,-2.038186345,-0.491948713,-0.004608054,-0.00175992,3,-1.546237633,0,0,5.396576880224386e-299,298.2678816315526,Significant negative-biased
2,WOWOWWWW,0.004981597,0.003161026,0.005245955,-0.730631221,-0.074582718,-0.002084929,-0.000264359,2,-0.656048503,0,0,5.396576880224386e-299,298.2678816315526,Significant small-effect
2,WOWWOOOO,0.000470441,0.003755513,0.000833295,2.170765202689809,-0.823478884,0.002922218,-0.000362853,5,2.9942440871064933,0,0,5.396576880224386e-299,298.2678816315526,Significant positive-specific
2,WOWWOOOW,0.001770236,0.011194796480240474,0.004167188,1.425464882371569,-1.234663863,0.007027608,-0.002396952,4,2.660128745105997,0,0,5.396576880224386e-299,298.2678816315526,Significant positive-specific
2,WOWWOOWO,0.003982826,0.00477127,0.004863777,-0.027697917,-0.288218912,-9.25E-05,-0.000880951,4,0.26052099566819004,0,0,5.396576880224386e-299,298.2678816315526,Significant small-effect
2,WOWWOOWW,0.003796572,0.001833811,0.002406386,-0.391836091,0.6576097580694625,-0.000572575,0.001390186,3,-1.049445849,0,0,5.396576880224386e-299,298.2678816315526,Significant negative-biased
2,WOWWOWOO,0.002509852,0.008200762,0.002678888,1.6137610736406625,-0.093995631,0.005521874,-0.000169036,4,1.7077567044663522,0,0,5.396576880224386e-299,298.2678816315526,Significant positive-specific
2,WOWWOWOW,0.002742968,0.008223248,0.003390876,1.277800501490833,-0.305819602,0.004832373,-0.000647908,3,1.583620103317224,0,0,5.396576880224386e-299,298.2678816315526,Significant positive-specific
2,WOWWOWWO,0.009356414,0.001061127,0.004652741,-2.131434516,1.007719088660875,-0.003591614,0.004703673,3,-3.139153605,0,0,5.396576880224386e-299,298.2678816315526,Significant negative-biased
2,WOWWOWWW,0.003187148,0.002095749,0.004096626,-0.966634208,-0.362069903,-0.002000877,-0.000909478,2,-0.604564304,0,0,5.396576880224386e-299,298.2678816315526,Significant small-effect
2,WOWWWOOO,0.002278822,0.004981971,0.002728139,0.868560653,-0.259524267,0.002253833,-0.000449316,4,1.1280849198839071,0,0,5.396576880224386e-299,298.2678816315526,Significant positive-specific
2,WOWWWOOW,0.00381408,0.005351495,0.001933244,1.468442110777596,0.9799437170231877,0.003418252,0.001880836,3,0.4884983937544083,0,0,5.396576880224386e-299,298.2678816315526,Significant small-effect
2,WOWWWOWO,0.002154889,0.002815008,0.002852239,-0.018949466,-0.404318129,-3.72E-05,-0.000697351,3,0.38536866232850964,0,0,5.396576880224386e-299,298.2678816315526,Significant small-effect
2,WOWWWOWW,0.004309777,0.002833703,0.003668576,-0.372415796,0.23233473608969574,-0.000834873,0.000641201,2,-0.604750532,0,0,5.396576880224386e-299,298.2678816315526,Significant small-effect
2,WOWWWWOO,0.005556303,0.014143952,0.006499244,1.1217215767241446,-0.226108822,0.007644708,-0.00094294,3,1.3478303986963391,0,0,5.396576880224386e-299,298.2678816315526,Significant positive-specific
2,WOWWWWOW,0.004149375,0.009799404,0.004499401,1.1227875135402363,-0.116811999,0.005300002,-0.000350026,2,1.2395995125118784,0,0,5.396576880224386e-299,298.2678816315526,Significant positive-specific
2,WOWWWWWO,0.003901545,0.00251285,0.003306279,-0.395746341,0.2387703172746108,-0.000793429,0.000595266,2,-0.634516659,0,0,5.396576880224386e-299,298.2678816315526,Significant small-effect
2,WOWWWWWW,0.005312459,0.004840372,0.003104144,0.6407555703629121,0.7749909539035296,0.001736228,0.002208315,1,-0.134235384,5.870121902722417e-174,7.110810128218953e-174,5.870121902722417e-174,173.23135287982055,Significant small-effect
2,WWOOOOOO,0.001205662,0.005107045,0.001681988,1.601746163,-0.480003696,0.003425057,-0.000476326,6,2.081749859154251,0,0,5.396576880224386e-299,298.2678816315526,Significant positive-specific
2,WWOOOOOW,0.000303371,0.000797661,0.000499977,0.6728394402028098,-0.718912302,0.000297684,-0.000196606,5,1.3917517420521515,0,0,5.396576880224386e-299,298.2678816315526,Significant positive-specific
2,WWOOOOWO,0.003902998,0.000523102,0.004721613,-3.171664608,-0.274633215,-0.004198511,-0.000818616,5,-2.897031393,0,0,5.396576880224386e-299,298.2678816315526,Significant negative-biased
2,WWOOOOWW,0.004802718,0.00025543,0.005504943,-4.424354907,-0.196838139,-0.005249513,-0.000702225,4,-4.227516768,0,0,5.396576880224386e-299,298.2678816315526,Significant negative-biased
2,WWOOOWOO,0.000822276,0.000574886,0.000601272,-0.064630137,0.4509614946202786,-2.64E-05,0.000221004,5,-0.515591632,0,0,5.396576880224386e-299,298.2678816315526,Significant small-effect
2,WWOOOWOW,0.004930116,0.004918718,0.004205458,0.2259696068169799,0.2293082971315605,0.00071326,0.000724658,4,-0.00333869,0.4920250922378214,0.49395460240345995,0.4920250922378214,0.3080127485689262,Not significant
2,WWOOOWWO,0.002520878,0.000435419,0.002993623,-2.778589364,-0.247875784,-0.002558204,-0.000472745,4,-2.53071358,0,0,5.396576880224386e-299,298.2678816315526,Significant negative-biased
2,WWOOOWWW,0.001826895,0.00020474,0.00307731,-3.903245479,-0.751955649,-0.00287257,-0.001250415,3,-3.15128983,0,0,5.396576880224386e-299,298.2678816315526,Significant negative-biased
2,WWOOWOOO,0.000119277,0.000858538,0.000184852,2.209408937618519,-0.627787654,0.000673686,-6.56E-05,5,2.8371965919168276,0,0,5.396576880224386e-299,298.2678816315526,Significant positive-specific
2,WWOOWOOW,0.00164958,0.002236688,0.002613264,-0.224396002,-0.663431381,-0.000376576,-0.000963684,4,0.4390353787441348,0,0,5.396576880224386e-299,298.2678816315526,Significant small-effect
2,WWOOWOWO,0.006624398,0.001626996,0.004766965,-1.550276586,0.47463329137302385,-0.003139969,0.001857432,4,-2.024909878,0,0,5.396576880224386e-299,298.2678816315526,Significant negative-biased
2,WWOOWOWW,0.005019667,0.000357733,0.00508274,-3.824905932,-0.018011205,-0.004725007,-6.31E-05,3,-3.806894727,0,0,5.396576880224386e-299,298.2678816315526,Significant negative-biased
2,WWOOWWOO,0.001228981,0.002866735,0.002502158,0.1961623270234298,-1.025113551,0.000364577,-0.001273177,4,1.2212758782509194,0,0,5.396576880224386e-299,298.2678816315526,Significant positive-specific
2,WWOOWWOW,0.004253007,0.005691666,0.00397311,0.5184725733615192,0.098190561,0.001718556,0.000279897,3,0.4202820128098541,0,0,5.396576880224386e-299,298.2678816315526,Significant small-effect
2,WWOOWWWO,0.006986253,0.000950617,0.004839477,-2.346696282,0.5295761980551117,-0.00388886,0.002146776,3,-2.87627248,0,0,5.396576880224386e-299,298.2678816315526,Significant negative-biased
2,WWOOWWWW,0.000854051,0.002098937,0.002791294,-0.411104486,-1.707368535,-0.000692356,-0.001937243,2,1.2962640492429762,0,0,5.396576880224386e-299,298.2678816315526,Significant positive-specific
2,WWOWOOOO,0.000711119,0.00141871,0.00092049,0.6235552498774489,-0.371849921,0.000498219,-0.000209371,5,0.995405171,0,0,5.396576880224386e-299,298.2678816315526,Significant small-effect
2,WWOWOOOW,0.002955224,0.004325344,0.002711115,0.6737297893983053,0.12433692103452247,0.001614228,0.000244108,4,0.5493928683637829,0,0,5.396576880224386e-299,298.2678816315526,Significant small-effect
2,WWOWOOWO,0.006933245,0.001818625,0.004507718,-1.309076308,0.6210214194936167,-0.002689093,0.002425527,4,-1.930097727,0,0,5.396576880224386e-299,298.2678816315526,Significant negative-biased
2,WWOWOOWW,0.003133357,0.000421063,0.00389761,-3.207430651,-0.31479015,-0.003476547,-0.000764253,3,-2.8926405,0,0,5.396576880224386e-299,298.2678816315526,Significant negative-biased
2,WWOWOWOO,0.001825963,0.002308242,0.002989985,-0.373201044,-0.711172825,-0.000681743,-0.001164021,4,0.3379717808321046,0,0,5.396576880224386e-299,298.2678816315526,Significant small-effect
2,WWOWOWOW,0.004117637,0.005319576,0.004555929,0.22352057941377027,-0.145894832,0.000763647,-0.000438292,3,0.3694154113499114,0,0,5.396576880224386e-299,298.2678816315526,Significant small-effect
2,WWOWOWWO,0.004725795,0.000104209,0.002675509,-4.669019397,0.820509578,-0.0025713,0.002050286,3,-5.489528975,0,0,5.396576880224386e-299,298.2678816315526,Significant negative-biased
2,WWOWOWWW,0.004938721,0.00088808,0.003868501,-2.121762489,0.35228184721502176,-0.002980421,0.00107022,2,-2.474044336,0,0,5.396576880224386e-299,298.2678816315526,Significant negative-biased
2,WWOWWOOO,0.002424324,0.002719137,0.005344391,-0.974616409,-1.14011799,-0.002625255,-0.002920067,4,0.1655015814080305,1.4151641234113035e-132,1.6542557789648112e-132,1.4151641234113035e-132,131.84919318999235,Significant small-effect
2,WWOWWOOW,0.002860048,0.001898838,0.003434798,-0.854768992,-0.264101851,-0.00153596,-0.000574751,3,-0.590667141,0,0,5.396576880224386e-299,298.2678816315526,Significant small-effect
2,WWOWWOWO,0.00390121,0.001405033,0.004165759,-1.567295508,-0.094634253,-0.002760726,-0.000264549,3,-1.472661255,0,0,5.396576880224386e-299,298.2678816315526,Significant negative-biased
2,WWOWWOWW,0.003642651,0.00096137,0.003973175,-2.045992039,-0.125270496,-0.003011805,-0.000330524,2,-1.920721543,0,0,5.396576880224386e-299,298.2678816315526,Significant negative-biased
2,WWOWWWOO,0.003062543,0.003006599,0.003386652,-0.171673752,-0.145084585,-0.000380054,-0.000324109,3,-0.026589167,1.7386398096451934e-05,1.7779965030725812e-05,1.7386398096451934e-05,4.759790380553877,Significant small-effect
2,WWOWWWOW,0.008059935,0.003935125,0.005236599,-0.412129604,0.62204146,-0.001301474,0.002823335,2,-1.034171063,0,0,5.396576880224386e-299,298.2678816315526,Significant negative-biased
2,WWOWWWWO,0.004742074,0.001201594,0.005295271,-2.138826752,-0.15915465,-0.004093676,-0.000553197,2,-1.979672102,0,0,5.396576880224386e-299,298.2678816315526,Significant negative-biased
2,WWOWWWWW,0.003199664,0.003507516,0.002494556,0.49149969400571797,0.35900983666834785,0.00101296,0.000705108,1,0.13248985733737012,2.2105612398745645e-111,2.5376846520533116e-111,2.2105612398745645e-111,110.65549744919457,Significant small-effect
2,WWWOOOOO,0.007713501,0.023338379985864594,0.006306205,1.8876934698879448,0.29057206150977677,0.017032174828650964,0.001407296,5,1.5971214083781682,0,0,5.396576880224386e-299,298.2678816315526,Significant positive-specific
2,WWWOOOOW,0.001047122,0.001300578,0.00128584,0.016428885,-0.296026214,1.4737822780732128e-05,-0.000238718,4,0.31245509835562246,3.0042248918053067e-212,3.739456591420544e-212,3.0042248918053067e-212,211.52226755981224,Significant small-effect
2,WWWOOOWO,0.001895511,0.000813111,0.002945867,-1.85588416,-0.635834494,-0.002132756,-0.001050356,4,-1.220049666,0,0,5.396576880224386e-299,298.2678816315526,Significant negative-biased
2,WWWOOOWW,0.00429931,0.000368581,0.004844804,-3.712774622,-0.172295617,-0.004476224,-0.000545495,3,-3.540479005,0,0,5.396576880224386e-299,298.2678816315526,Significant negative-biased
2,WWWOOWOO,0.00040976,0.000787606,0.000634149,0.31221056039100675,-0.628799824,0.000153457,-0.000224389,4,0.9410103841896558,0,0,5.396576880224386e-299,298.2678816315526,Significant small-effect
2,WWWOOWOW,0.001581672,0.005200332,0.003149691,0.7232125503647728,-0.993306033,0.00205064,-0.001568019,3,1.7165185837289614,0,0,5.396576880224386e-299,298.2678816315526,Significant positive-specific
2,WWWOOWWO,0.003461277,5.3613805347363975e-05,0.002353562,-5.430049233,0.556262343,-0.002299948,0.001107715,3,-5.986311576,0,0,5.396576880224386e-299,298.2678816315526,Significant negative-biased
2,WWWOOWWW,0.003799254,0.000478449,0.005349459,-3.480212161,-0.49356693,-0.00487101,-0.001550205,2,-2.986645231,0,0,5.396576880224386e-299,298.2678816315526,Significant negative-biased
2,WWWOWOOO,0.000374632,0.001593964,0.000818546,0.9606276116720089,-1.125503921,0.000775418,-0.000443913,4,2.0861315330165575,0,0,5.396576880224386e-299,298.2678816315526,Significant positive-specific
2,WWWOWOOW,0.005124901,0.006586613,0.004447357,0.5664831260208875,0.20453299861357827,0.002139256,0.000677544,3,0.3619501274073092,0,0,5.396576880224386e-299,298.2678816315526,Significant small-effect
2,WWWOWOWO,0.004562934,0.000877497,0.004127684,-2.232572832,0.14459607250573595,-0.003250187,0.00043525,3,-2.377168905,0,0,5.396576880224386e-299,298.2678816315526,Significant negative-biased
2,WWWOWOWW,0.003893685,0.001133907,0.00481875,-2.086383592,-0.307451622,-0.003684842,-0.000925065,2,-1.77893197,0,0,5.396576880224386e-299,298.2678816315526,Significant negative-biased
2,WWWOWWOO,0.004044812,0.007750364,0.003674228,1.0766162834017476,0.13859524779426832,0.004076136,0.000370583,3,0.9380210356074793,0,0,5.396576880224386e-299,298.2678816315526,Significant small-effect
2,WWWOWWOW,0.003429986,0.008010227,0.002841843,1.494688559435206,0.27128860530926113,0.005168384,0.000588143,2,1.2233999541259448,0,0,5.396576880224386e-299,298.2678816315526,Significant positive-specific
2,WWWOWWWO,0.006462692,0.000573754,0.0060044,-3.385242543,0.10609806129935344,-0.005430645,0.000458292,2,-3.491340605,0,0,5.396576880224386e-299,298.2678816315526,Significant negative-biased
2,WWWOWWWW,0.003960886,0.002926857,0.004497517,-0.619604307,-0.183262319,-0.00157066,-0.000536632,1,-0.436341988,0,0,5.396576880224386e-299,298.2678816315526,Significant small-effect
2,WWWWOOOO,0.000467945,0.001824303,0.000632979,1.5256289141595674,-0.435014997,0.001191324,-0.000165034,4,1.9606439115905994,0,0,5.396576880224386e-299,298.2678816315526,Significant positive-specific
2,WWWWOOOW,0.003575451,0.005360777,0.003283214,0.707163263,0.12298065124119052,0.002077563,0.000292237,3,0.5841826117456265,0,0,5.396576880224386e-299,298.2678816315526,Significant small-effect
2,WWWWOOWO,0.001571018,0.002100333,0.003264956,-0.636200375,-1.054887133,-0.001164623,-0.001693937,3,0.41868675880399564,0,0,5.396576880224386e-299,298.2678816315526,Significant small-effect
2,WWWWOOWW,0.006343899,0.000758818,0.004852406,-2.675271257,0.38659940201693854,-0.004093588,0.001491492,2,-3.061870659,0,0,5.396576880224386e-299,298.2678816315526,Significant negative-biased
2,WWWWOWOO,0.006034828,0.013004008,0.005230622,1.3137371764539791,0.20629351967525866,0.007773386,0.000804206,3,1.1074436567787205,0,0,5.396576880224386e-299,298.2678816315526,Significant positive-specific
2,WWWWOWOW,0.001979772,0.005130419,0.003215185,0.674007114,-0.699287595,0.001915233,-0.001235413,2,1.373294708865416,0,0,5.396576880224386e-299,298.2678816315526,Significant positive-specific
2,WWWWOWWO,0.004542595,9.636147702826713e-05,0.001873922,-4.267335835,1.277003607804604,-0.001777561,0.002668673,2,-5.544339443,0,0,5.396576880224386e-299,298.2678816315526,Significant negative-biased
2,WWWWOWWW,0.002033339,0.002428694,0.003917947,-0.689691353,-0.945905904,-0.001489253,-0.001884608,1,0.25621455073014265,8.044786979194257e-272,1.0314518197030367e-271,8.044786979194257e-272,271.09448545125235,Significant small-effect
2,WWWWWOOO,0.005087613,0.004598582,0.002705203,0.7652328045464428,0.9110025386060224,0.001893379,0.00238241,3,-0.145769734,1.878475194188776e-195,2.3009074148915152e-195,1.878475194188776e-195,194.72619453554768,Significant small-effect
2,WWWWWOOW,0.005127322,0.009357213,0.00485598,0.9461734375298333,0.078427344,0.004501233,0.000271342,2,0.8677460932085329,0,0,5.396576880224386e-299,298.2678816315526,Significant small-effect
2,WWWWWOWO,0.002580331,0.001064108,0.003220773,-1.596855722,-0.319739892,-0.002156666,-0.000640442,2,-1.27711583,0,0,5.396576880224386e-299,298.2678816315526,Significant negative-biased
2,WWWWWOWW,0.004588712,0.002211786,0.004656574,-1.073714513,-0.021175157,-0.002444788,-6.79E-05,1,-1.052539356,0,0,5.396576880224386e-299,298.2678816315526,Significant negative-biased
2,WWWWWWOO,0.005931308,0.008540951,0.004567559,0.9028262910866948,0.37685415494723595,0.003973391,0.001363748,2,0.5259721361394588,0,0,5.396576880224386e-299,298.2678816315526,Significant small-effect
2,WWWWWWOW,0.004729222,0.008796079,0.00438823,1.003056481,0.10793989774404857,0.004407848,0.000340992,1,0.8951165833885414,0,0,5.396576880224386e-299,298.2678816315526,Significant small-effect
2,WWWWWWWO,0.00428847,0.003550924,0.005927015,-0.738948418,-0.466749901,-0.002376091,-0.001638546,1,-0.272198517,0,0,5.396576880224386e-299,298.2678816315526,Significant small-effect
2,WWWWWWWW,0.031013551235058348,0.051007895,0.035877218,0.507640621,-0.210162983,0.015130677296166788,-0.004863667,0,0.7178036040308651,0,0,5.396576880224386e-299,298.2678816315526,Significant small-effect
3,OOOOOOOO,0.002474811,0.005846827,0.002140616,1.4492007362915265,0.20920133798934923,0.003706211,0.000334195,8,1.2399993983021773,0,0,5.396576880224386e-299,298.2678816315526,Significant positive-specific
3,OOOOOOOW,0.003850705,0.00140905,0.001608883,-0.191209402,1.2585416398395397,-0.000199833,0.002241823,7,-1.449751042,0,0,5.396576880224386e-299,298.2678816315526,Significant negative-biased
3,OOOOOOWO,0.000838023,0.003475532,0.00289146,0.26535164251718624,-1.785515584,0.000584072,-0.002053438,7,2.050867226035065,0,0,5.396576880224386e-299,298.2678816315526,Significant positive-specific
3,OOOOOOWW,0.005434061,0.003239159,0.006283564,-0.95574793,-0.209516314,-0.003044405,-0.000849502,6,-0.746231616,0,0,5.396576880224386e-299,298.2678816315526,Significant small-effect
3,OOOOOWOO,0.000336136,0.000683501,0.000323789,1.0755480565113884,0.053825381187095137,0.000359712,1.2346426139963913e-05,7,1.0217226753242932,1.445266818024904e-147,1.707638332681733e-147,1.445266818024904e-147,146.84005196820235,Significant positive-specific
3,OOOOOWOW,0.001969108,0.002356352,0.003309105,-0.489709945,-0.74860259,-0.000952753,-0.001339998,6,0.258892646,6.5021539571732046e-46,7.113467577078378e-46,6.5021539571732046e-46,45.18694275154872,Significant small-effect
3,OOOOOWWO,0.00631543,0.002819976,0.004106929,-0.542216781,0.6206981094136033,-0.001286953,0.002208501,6,-1.162914891,0,0,5.396576880224386e-299,298.2678816315526,Significant negative-biased
3,OOOOOWWW,0.007420344,0.003514539,0.006519909,-0.891327087,0.18660741430615896,-0.00300537,0.000900435,5,-1.077934501,0,0,5.396576880224386e-299,298.2678816315526,Significant negative-biased
3,OOOOWOOO,0.000648827,0.001623752,0.000802373,1.0160768929040807,-0.306015351,0.000821379,-0.000153547,7,1.3220922437322684,0,0,5.396576880224386e-299,298.2678816315526,Significant positive-specific
3,OOOOWOOW,0.004577228,0.005536968,0.007658342,-0.467863825,-0.742431135,-0.002121374,-0.003081114,6,0.27456730991544903,6.046972216886218e-118,6.983570921155814e-118,6.046972216886218e-118,117.21846202677702,Significant small-effect
3,OOOOWOWO,0.008415938,0.008793657,0.005156918,0.7698384871048852,0.7065066765749928,0.003636739,0.00325902,6,0.063331811,2.2009265432497947e-12,2.2903951019184855e-12,2.2009265432497947e-12,11.657394451946258,Significant small-effect
3,OOOOWOWW,0.003272214,0.001845376,0.005421906,-1.554370069,-0.728358315,-0.00357653,-0.002149692,5,-0.826011754,0,0,5.396576880224386e-299,298.2678816315526,Significant small-effect
3,OOOOWWOO,0.009629081,0.007254712,0.007700875,-0.086092467,0.3223382122916138,-0.000446163,0.001928206,6,-0.408430679,0,0,5.396576880224386e-299,298.2678816315526,Significant small-effect
3,OOOOWWOW,0.002015452,0.006039858,0.004318285,0.4839610123852545,-1.098973045,0.001721573,-0.002302832,5,1.5829340572504444,0,0,5.396576880224386e-299,298.2678816315526,Significant positive-specific
3,OOOOWWWO,0.003573182,0.004412095,0.005009052,-0.183034634,-0.487212369,-0.000596957,-0.00143587,5,0.30417773512323265,6.875802722406816e-114,7.928853589802454e-114,6.875802722406816e-114,113.1626765923979,Significant small-effect
3,OOOOWWWW,0.00323432,0.002391737,0.0034477,-0.527390947,-0.09214413,-0.001055963,-0.00021338,4,-0.435246817,4.050852513668016e-171,4.876261333067456e-171,4.050852513668016e-171,170.3924535686323,Significant small-effect
3,OOOWOOOO,0.001328459,0.001116592,0.000748638,0.576127443,0.8265731394088366,0.000367954,0.000579821,7,-0.250445696,5.306884975460453e-26,5.732331450286396e-26,5.306884975460453e-26,25.27516032542209,Significant small-effect
3,OOOWOOOW,0.003189884,0.002585673,0.004502652,-0.799997557,-0.497139532,-0.001916979,-0.001312769,6,-0.302858024,1.0375392756324372e-85,1.1718090642436938e-85,1.0375392756324372e-85,84.98399545426156,Significant small-effect
3,OOOWOOWO,0.002649013,0.004916344,0.004325937,0.18453328246809178,-0.70734666,0.000590407,-0.001676924,6,0.8918799426594192,0,0,5.396576880224386e-299,298.2678816315526,Significant small-effect
3,OOOWOOWW,0.002006456,0.002189196,0.003754704,-0.778023073,-0.903714735,-0.001565507,-0.001748247,5,0.1256916616241749,7.888754694188982e-12,8.198326935232933e-12,7.888754694188982e-12,11.102991548390959,Significant small-effect
3,OOOWOWOO,0.001771733,0.004621363,0.005682516,-0.298153053,-1.680808064,-0.001061153,-0.003910783,6,1.3826550108591675,0,0,5.396576880224386e-299,298.2678816315526,Significant positive-specific
3,OOOWOWOW,0.005939764,0.009189552,0.008178494,0.1681400016580248,-0.46136301,0.001011059,-0.00223873,5,0.6295030115860697,0,0,5.396576880224386e-299,298.2678816315526,Significant small-effect
3,OOOWOWWO,0.00243201,0.003736939,0.004400077,-0.235613497,-0.855114117,-0.000663138,-0.001968066,5,0.6195006194962374,0,0,5.396576880224386e-299,298.2678816315526,Significant small-effect
3,OOOWOWWW,0.000403745,0.000721538,0.00298473,-2.046937909,-2.882999252,-0.002263192,-0.002580985,4,0.8360613432308779,5.794199169068482e-113,6.661594254258375e-113,5.794199169068482e-113,112.23700658049215,Significant small-effect
3,OOOWWOOO,0.002208192,0.002499702,0.003673222,-0.555105542,-0.733919829,-0.00117352,-0.00146503,6,0.17881428691425894,7.876744441181111e-25,8.46061500814978e-25,7.876744441181111e-25,24.10365324486778,Significant small-effect
3,OOOWWOOW,0.003483491,0.001856955,0.004444885,-1.258755056,-0.351522431,-0.00258793,-0.000961393,5,-0.907232625,0,0,5.396576880224386e-299,298.2678816315526,Significant small-effect
3,OOOWWOWO,0.002155577,0.003140962,0.004144568,-0.399904111,-0.942826253,-0.001003606,-0.00198899,5,0.5429221426722115,1.147361837241197e-231,1.4398266192830708e-231,1.147361837241197e-231,230.94029959941713,Significant small-effect
3,OOOWWOWW,0.001457679,0.003173112,0.005553848,-0.807394488,-1.929084569,-0.002380736,-0.004096169,4,1.1216900812327841,0,0,5.396576880224386e-299,298.2678816315526,Significant positive-specific
3,OOOWWWOO,0.00591223,0.004924624,0.004637869,0.086533358,0.3501732576726684,0.000286755,0.001274361,5,-0.263639899,4.287234309895126e-121,4.958728840360627e-121,4.287234309895126e-121,120.3678228,Significant small-effect
3,OOOWWWOW,0.003451595,0.002644605,0.005652977,-1.095668442,-0.711584856,-0.003008372,-0.002201382,4,-0.384083586,1.5473820967048167e-144,1.822683205934508e-144,1.5473820967048167e-144,143.81040243226016,Significant small-effect
3,OOOWWWWO,0.003010229,0.001746272,0.002501458,-0.518241446,0.26700661512875223,-0.000755186,0.000508771,4,-0.785248061,0,0,5.396576880224386e-299,298.2678816315526,Significant small-effect
3,OOOWWWWW,0.002351861,0.001899197,0.003323409,-0.806949333,-0.498681931,-0.001424213,-0.000971548,3,-0.308267402,8.731686476739993e-66,9.746998857756272e-66,8.731686476739993e-66,65.05890187,Significant small-effect
3,OOWOOOOO,0.012341885943330156,0.013974319348361906,0.003357705,2.056904415400429,1.8777029217732653,0.010616615,0.008984181,7,0.17920149362716375,9.598059736375272e-133,1.123675286209788e-132,9.598059736375272e-133,132.0178165514345,Significant small-effect
3,OOWOOOOW,0.000704441,0.00124791,0.001468565,-0.234719135,-1.058792661,-0.000220655,-0.000764124,6,0.8240735254515201,3.2104401154730344e-189,3.919901444647521e-189,3.2104401154730344e-189,188.49343542659227,Significant small-effect
3,OOWOOOWO,0.006279717,0.005110345,0.005706264,-0.159096264,0.1381298894073028,-0.000595919,0.000573453,6,-0.297226154,2.1591849120837127e-161,2.582950175202946e-161,2.1591849120837127e-161,160.66571016319668,Significant small-effect
3,OOWOOOWW,0.001799813,0.003345443,0.005796673,-0.79284567,-1.686825632,-0.00245123,-0.00399686,5,0.8939799618208718,0,0,5.396576880224386e-299,298.2678816315526,Significant small-effect
3,OOWOOWOO,0.002059344,0.000613379,0.00057175,0.10122221584609432,1.846907373210212,4.1628521488573504e-05,0.001487594,6,-1.745685157,0,0,5.396576880224386e-299,298.2678816315526,Significant negative-biased
3,OOWOOWOW,0.004402754,0.006643468,0.005013395,0.40607823532019205,-0.187341822,0.001630074,-0.000610641,5,0.593420057,0,0,5.396576880224386e-299,298.2678816315526,Significant small-effect
3,OOWOOWWO,0.006073346,0.004577116,0.004855981,-0.085305692,0.3226694083268921,-0.000278865,0.001217366,5,-0.4079751,1.3103452323837179e-283,1.6828514021249084e-283,1.3103452323837179e-283,282.8826143,Significant small-effect
3,OOWOOWWW,0.006176941,0.00112429,0.003576781,-1.668768065,0.7880607891944369,-0.002452491,0.002600159,4,-2.456828854,0,0,5.396576880224386e-299,298.2678816315526,Significant negative-biased
3,OOWOWOOO,0.001187244,0.000665712,0.001024449,-0.621120245,0.21257583786859913,-0.000358737,0.000162795,6,-0.833696083,2.0712685043076727e-206,2.561568778274223e-206,2.0712685043076727e-206,205.68376359865331,Significant small-effect
3,OOWOWOOW,0.001959566,0.004171777,0.003857279,0.11305005905979529,-0.976687326,0.000314497,-0.001897713,5,1.089737385243616,0,0,5.396576880224386e-299,298.2678816315526,Significant positive-specific
3,OOWOWOWO,0.005269128,0.004402133,0.004922434,-0.16113458,0.098173012,-0.000520301,0.000346694,5,-0.259307592,8.9011520538112e-105,1.0172745204355657e-104,8.9011520538112e-105,104.05055378007043,Significant small-effect
3,OOWOWOWW,0.004484538,0.004868539,0.005794846,-0.251234132,-0.369738131,-0.000926307,-0.001310308,4,0.11850399866549588,4.979055341749722e-22,5.303626217009412e-22,4.979055341749722e-22,21.30285304655383,Significant small-effect
3,OOWOWWOO,0.015439079930831788,0.011671594438890558,0.006265882,0.8973056111809619,1.3008605714387393,0.005405713,0.009173198,5,-0.40355496,0,0,5.396576880224386e-299,298.2678816315526,Significant small-effect
3,OOWOWWOW,0.002518157,0.004914791,0.004158906,0.24087271128204238,-0.723609975,0.000755885,-0.001640749,4,0.9644826862525308,0,0,5.396576880224386e-299,298.2678816315526,Significant small-effect
3,OOWOWWWO,0.004435195,0.002510829,0.004326005,-0.784630946,0.035953791,-0.001815177,0.000109189,4,-0.820584737,0,0,5.396576880224386e-299,298.2678816315526,Significant small-effect
3,OOWOWWWW,0.002946437,0.002765832,0.005312195,-0.941344863,-0.850118627,-0.002546364,-0.002365758,3,-0.091226236,4.998932637407043e-09,5.174097392895699e-09,4.998932637407043e-09,8.301122715497764,Significant small-effect
3,OOWWOOOO,0.003634793,0.006698842,0.00210377,1.6704644667936503,0.7886076064066457,0.004595072,0.001531023,6,0.8818568603870046,0,0,5.396576880224386e-299,298.2678816315526,Significant small-effect
3,OOWWOOOW,0.003626615,0.005715573,0.003025367,0.9175635608948862,0.26143427842858225,0.002690206,0.000601248,5,0.656129282,0,0,5.396576880224386e-299,298.2678816315526,Significant small-effect
3,OOWWOOWO,0.009373639,0.009251589,0.007045885,0.3928713131979391,0.41177743746647766,0.002205703,0.002327754,5,-0.018906124,0.028508545516623324,0.028770779,0.028508545516623324,1.5450249394852784,Significant small-effect
3,OOWWOOWW,0.002322964,0.002601263,0.00548798,-1.076771152,-1.239950663,-0.002886717,-0.003165017,4,0.1631795111512162,7.2350330913508955e-22,7.69599087833447e-22,7.2350330913508955e-22,21.140559478178915,Significant small-effect
3,OOWWOWOO,0.002015998,0.010517159,0.00417969,1.3310692234344734,-1.051531701,0.006337469,-0.002163692,5,2.3826009247956224,0,0,5.396576880224386e-299,298.2678816315526,Significant positive-specific
3,OOWWOWOW,0.002663189,0.005038217,0.003206323,0.6518302739727349,-0.267673112,0.001831895,-0.000543134,4,0.9195033854852911,0,0,5.396576880224386e-299,298.2678816315526,Significant small-effect
3,OOWWOWWO,0.007386812,0.004220746,0.004888553,-0.211862736,0.5954446176715531,-0.000667807,0.002498259,4,-0.807307354,0,0,5.396576880224386e-299,298.2678816315526,Significant small-effect
3,OOWWOWWW,0.004385306,0.004558421,0.004981684,-0.128072531,-0.183916702,-0.000423263,-0.000596378,3,0.055844172,8.499778581942768e-06,8.703773267909393e-06,8.499778581942768e-06,5.070592387,Significant small-effect
3,OOWWWOOO,0.005116736,0.007555644,0.004478525,0.7543999431448128,0.1921598664568946,0.003077119,0.000638211,5,0.5622400766879183,0,0,5.396576880224386e-299,298.2678816315526,Significant small-effect
3,OOWWWOOW,0.000799584,0.005408366,0.003999114,0.43541853932630464,-2.320917006,0.001409252,-0.00319953,4,2.756335545,0,0,5.396576880224386e-299,298.2678816315526,Significant positive-specific
3,OOWWWOWO,0.003530654,0.005713115,0.003082377,0.8900189173066488,0.19583281740913447,0.002630738,0.000448277,4,0.6941860998975143,0,0,5.396576880224386e-299,298.2678816315526,Significant small-effect
3,OOWWWOWW,0.005909231,0.003947565,0.005910244,-0.582133192,-0.000247177,-0.001962679,-1.01E-06,3,-0.581886015,0,0,5.396576880224386e-299,298.2678816315526,Significant small-effect
3,OOWWWWOO,0.00728976,0.007550081,0.005317779,0.5055881512619664,0.4549742274513244,0.002232302,0.001971981,4,0.050613924,1.8855499631215009e-07,1.941155994205513e-07,1.8855499631215009e-07,6.724561955212496,Significant small-effect
3,OOWWWWOW,0.006722991,0.00707339,0.006283564,0.17079314703445062,0.097505238,0.000789826,0.000439427,3,0.073287909,3.6962663487872107e-13,3.8569735813431764e-13,3.6962663487872107e-13,12.43223674155345,Significant small-effect
3,OOWWWWWO,0.004325603,0.005290439,0.002993381,0.8214022061549464,0.5309769227311881,0.002297058,0.001332222,3,0.2904252834237583,4.1342265058699785e-125,4.810736297739611e-125,4.1342265058699785e-125,124.38360573294466,Significant small-effect
3,OOWWWWWW,0.001942664,0.004957551,0.004604263,0.10663487907901022,-1.244504846,0.000353287,-0.002661599,2,1.3511397248245467,0,0,5.396576880224386e-299,298.2678816315526,Significant positive-specific
3,OWOOOOOO,0.005425337,0.002631408,0.001980651,0.4096801041624402,1.4532755273924123,0.000650757,0.003444686,7,-1.043595423,0,0,5.396576880224386e-299,298.2678816315526,Significant negative-biased
3,OWOOOOOW,6.897192842513097e-05,0.001177529,0.000565891,1.055845170968703,-3.018222084,0.000611638,-0.000496919,6,4.074067255,0,0,5.396576880224386e-299,298.2678816315526,Significant positive-specific
3,OWOOOOWO,0.006620215,0.007313708,0.004934843,0.5675039093071883,0.423799459,0.002378866,0.001685372,6,0.14370445048968028,2.824790621913947e-46,3.094777742696022e-46,2.824790621913947e-46,45.549013737266606,Significant small-effect
3,OWOOOOWW,0.006893104,0.003337227,0.003557376,-0.092136818,0.9541440274787542,-0.000220149,0.003335728,5,-1.046280846,0,0,5.396576880224386e-299,298.2678816315526,Significant negative-biased
3,OWOOOWOO,0.001202783,0.001169702,0.001432477,-0.292145485,-0.251943435,-0.000262776,-0.000229694,6,-0.04020205,0.096782713,0.097416938,0.096782713,1.0142022090539244,Not significant
3,OWOOOWOW,0.002464724,0.001720203,0.002024425,-0.23480781,0.2837864541718885,-0.000304223,0.000440299,5,-0.518594264,8.787656291004209e-181,1.067867093590385e-180,8.787656291004209e-181,180.05612693785068,Significant small-effect
3,OWOOOWWO,0.005533839,0.001143891,0.004611812,-2.010436233,0.26289489081795064,-0.003467921,0.000922027,5,-2.273331124,0,0,5.396576880224386e-299,298.2678816315526,Significant negative-biased
3,OWOOOWWW,0.003515933,0.001007074,0.003207115,-1.670124111,0.13259171936685468,-0.002200041,0.000308817,4,-1.802715831,0,0,5.396576880224386e-299,298.2678816315526,Significant negative-biased
3,OWOOWOOO,0.000613114,0.001972165,0.001255451,0.651157315,-1.032776002,0.000716714,-0.000642337,6,1.683933317235582,0,0,5.396576880224386e-299,298.2678816315526,Significant positive-specific
3,OWOOWOOW,0.002250175,0.001977341,0.00224819,-0.185114503,0.001272959,-0.000270849,1.9854430069695707e-06,5,-0.186387461,6.967597139804757e-25,7.494558268025285e-25,6.967597139804757e-25,24.156916967790533,Significant small-effect
3,OWOOWOWO,0.002494985,0.004394888,0.004054469,0.11628585201485168,-0.700259774,0.000340419,-0.001559484,5,0.8165456255466946,0,0,5.396576880224386e-299,298.2678816315526,Significant small-effect
3,OWOOWOWW,0.007861982,0.002137963,0.00647903,-1.599089131,0.27907609375206865,-0.004341067,0.001382952,4,-1.878165225,0,0,5.396576880224386e-299,298.2678816315526,Significant negative-biased
3,OWOOWWOO,0.001479761,0.003768895,0.004638524,-0.299452435,-1.647637645,-0.000869629,-0.003158763,5,1.348185210622517,0,0,5.396576880224386e-299,298.2678816315526,Significant positive-specific
3,OWOOWWOW,0.002970427,0.002020423,0.002208931,-0.128629848,0.42715484320804775,-0.000188508,0.000761496,4,-0.555784691,5.064061470511818e-247,6.417820477480324e-247,5.064061470511818e-247,246.2955010312407,Significant small-effect
3,OWOOWWWO,0.007432066,0.004824227,0.006518013,-0.434056656,0.18930392182168793,-0.001693786,0.000914053,4,-0.623360578,0,0,5.396576880224386e-299,298.2678816315526,Significant small-effect
3,OWOOWWWW,0.001098644,0.001770466,0.003202186,-0.854563986,-1.542471532,-0.00143172,-0.002103543,3,0.6879075461832971,1.258583746564645e-197,1.5440771842837816e-197,1.258583746564645e-197,196.90011788106054,Significant small-effect
3,OWOWOOOO,0.001203874,0.001544379,0.001239389,0.3171676450452957,-0.041911052,0.00030499,-3.55E-05,6,0.3590786965727084,3.7518665603031306e-55,4.1459475083637475e-55,3.7518665603031306e-55,54.425752616229694,Significant small-effect
3,OWOWOOOW,0.008383224,0.002230338,0.002728221,-0.290580113,1.6191880093672892,-0.000497883,0.005655003,5,-1.909768123,0,0,5.396576880224386e-299,298.2678816315526,Significant negative-biased
3,OWOWOOWO,0.010976896039675488,0.004168995,0.005150404,-0.304919987,1.0915640629778094,-0.000981409,0.005826492,5,-1.39648405,0,0,5.396576880224386e-299,298.2678816315526,Significant negative-biased
3,OWOWOOWW,0.007680692,0.002950841,0.005578113,-0.918420671,0.46138829126419995,-0.002627272,0.002102579,4,-1.379808963,0,0,5.396576880224386e-299,298.2678816315526,Significant negative-biased
3,OWOWOWOO,0.006838035,0.00548664,0.004069704,0.4309075538610624,0.7485145671906818,0.001416936,0.002768331,5,-0.317607013,3.8077883560712024e-199,4.679010331940293e-199,3.8077883560712024e-199,198.41932719850837,Significant small-effect
3,OWOWOWOW,0.002327871,0.003040435,0.002852374,0.092083528,-0.293038194,0.000188061,-0.000524503,4,0.3851217224592885,2.242867153209797e-121,2.5980723584692673e-121,2.242867153209797e-121,120.64919644925989,Significant small-effect
3,OWOWOWWO,0.002321055,0.000546814,0.003064764,-2.48448879,-0.400844164,-0.00251795,-0.000743708,4,-2.083644626,0,0,5.396576880224386e-299,298.2678816315526,Significant negative-biased
3,OWOWOWWW,0.001629973,0.00291675,0.004653621,-0.673807205,-1.512930803,-0.001736871,-0.003023648,3,0.8391235972693061,0,0,5.396576880224386e-299,298.2678816315526,Significant small-effect
3,OWOWWOOO,0.002341502,0.004309758,0.004464669,-0.050934882,-0.93082632,-0.000154911,-0.002123167,5,0.879891438,0,0,5.396576880224386e-299,298.2678816315526,Significant small-effect
3,OWOWWOOW,0.001702762,0.001195707,0.002414083,-1.013003094,-0.503349146,-0.001218376,-0.000711321,4,-0.509653948,1.3939468215174427e-121,1.6171467657483324e-121,1.3939468215174427e-121,120.85575379407305,Significant small-effect
3,OWOWWOWO,0.001327369,0.002580628,0.002830383,-0.133226158,-1.091851331,-0.000249756,-0.001503015,4,0.9586251723450234,0,0,5.396576880224386e-299,298.2678816315526,Significant small-effect
3,OWOWWOWW,0.001549006,0.002519432,0.002720707,-0.110840755,-0.812238161,-0.000201275,-0.001171701,3,0.7013974064895983,6.072866765168151e-290,7.825439053102584e-290,6.072866765168151e-290,289.2166062469174,Significant small-effect
3,OWOWWWOO,0.007851077,0.003977193,0.005036833,-0.340690006,0.640271172,-0.00105964,0.002814245,4,-0.980961178,0,0,5.396576880224386e-299,298.2678816315526,Significant small-effect
3,OWOWWWOW,0.003595537,0.003386585,0.003525321,-0.05790681,0.028444476474268607,-0.000138736,7.021559916731927e-05,3,-0.086351287,9.501004022508445e-10,9.847194452478388e-10,9.501004022508445e-10,9.022230498038006,Significant small-effect
3,OWOWWWWO,0.001786182,0.003644693,0.004055331,-0.15398231,-1.182488626,-0.000410638,-0.002269149,3,1.0285063156624583,0,0,5.396576880224386e-299,298.2678816315526,Significant positive-specific
3,OWOWWWWW,0.005111283,0.002698749,0.003857624,-0.515261011,0.40588131840357816,-0.001158875,0.001253659,2,-0.92114233,0,0,5.396576880224386e-299,298.2678816315526,Significant small-effect
3,OWWOOOOO,0.002861108,0.009419715,0.00342957,1.4573883324014365,-0.261369967,0.005990145,-0.000568462,6,1.7187582990073194,0,0,5.396576880224386e-299,298.2678816315526,Significant positive-specific
3,OWWOOOOW,0.002737068,0.000965091,0.000892162,0.1132380189884247,1.6161648521618355,7.292951511373748e-05,0.001844906,5,-1.502926833,0,0,5.396576880224386e-299,298.2678816315526,Significant negative-biased
3,OWWOOOWO,0.001922763,0.005166431,0.004586099,0.17186514171927655,-1.253650954,0.000580332,-0.002663336,5,1.425516095519945,0,0,5.396576880224386e-299,298.2678816315526,Significant positive-specific
3,OWWOOOWW,0.004322059,0.002090158,0.004522713,-1.113205396,-0.065454716,-0.002432555,-0.000200654,4,-1.047750679,0,0,5.396576880224386e-299,298.2678816315526,Significant negative-biased
3,OWWOOWOO,4.770785563003131e-05,0.000511623,0.000463039,0.1436528332452343,-3.252019585,4.858423985076621e-05,-0.000415331,5,3.3956724183548856,0,0,5.396576880224386e-299,298.2678816315526,Significant positive-specific
3,OWWOOWOW,0.001616342,0.001735728,0.001957661,-0.173496127,-0.276243157,-0.000221933,-0.000341319,4,0.10274702915813824,5.718420464851858e-07,5.871319407762335e-07,5.718420464851858e-07,6.2427239149361435,Significant small-effect
3,OWWOOWWO,0.001364172,0.002809626,0.003560616,-0.341640542,-1.383449164,-0.00075099,-0.002196444,4,1.0418086219405505,0,0,5.396576880224386e-299,298.2678816315526,Significant positive-specific
3,OWWOOWWW,0.006544155,0.001383563,0.005187043,-1.905760051,0.335236887,-0.00380348,0.001357112,3,-2.240996938,0,0,5.396576880224386e-299,298.2678816315526,Significant negative-biased
3,OWWOWOOO,0.001612526,0.002294574,0.001300018,0.8192141870482912,0.3105755630083458,0.000994556,0.000312508,5,0.5086386240399454,2.7290101895287036e-151,3.239381492361738e-151,2.7290101895287036e-151,150.56399484276622,Significant small-effect
3,OWWOWOOW,0.002967974,0.003929776,0.00334702,0.2315061496694321,-0.173343607,0.000582756,-0.000379046,4,0.4048497568491401,2.8046864308433747e-171,3.381474378159673e-171,2.8046864308433747e-171,170.55211568662415,Significant small-effect
3,OWWOWOWO,0.003348274,0.003183462,0.003501814,-0.137464729,-0.064666163,-0.000318352,-0.00015354,4,-0.072798566,6.156684909195696e-07,6.31286249701241e-07,6.156684909195696e-07,6.210653072443803,Significant small-effect
3,OWWOWOWW,0.002546782,0.001803393,0.003868447,-1.100614113,-0.60288572,-0.002065054,-0.001321665,3,-0.497728392,4.213497124399918e-173,5.0879965275772594e-173,4.213497124399918e-173,172.37535729813712,Significant small-effect
3,OWWOWWOO,0.004503076,0.007243198,0.006449181,0.1674863125347758,-0.518108325,0.000794017,-0.001946104,4,0.6855946372010668,0,0,5.396576880224386e-299,298.2678816315526,Significant small-effect
3,OWWOWWOW,0.000466719,0.002516521,0.002629299,-0.063222843,-2.491512397,-0.000112778,-0.00216258,3,2.4282895540913896,0,0,5.396576880224386e-299,298.2678816315526,Significant positive-specific
3,OWWOWWWO,0.009907695,0.002572089,0.005094497,-0.985721661,0.9594721310238477,-0.002522408,0.004813198,3,-1.945193792,0,0,5.396576880224386e-299,298.2678816315526,Significant negative-biased
3,OWWOWWWW,0.001727842,0.005796822,0.00571881,0.019543771,-1.726161122,7.801182057832687e-05,-0.003990968,2,1.7457048933921964,0,0,5.396576880224386e-299,298.2678816315526,Significant positive-specific
3,OWWWOOOO,0.000433733,0.000134164,0.000161205,-0.263106173,1.4223063707577404,-2.70E-05,0.000272527,5,-1.685412544,7.762545940147137e-246,9.821474929214168e-246,7.762545940147137e-246,245.10999581657467,Significant negative-biased
3,OWWWOOOW,0.003226142,0.00375227,0.004428168,-0.23888752,-0.456778792,-0.000675898,-0.001202026,4,0.21789127241192124,1.684153467660333e-52,1.8583762401769192e-52,1.684153467660333e-52,51.773618336161064,Significant small-effect
3,OWWWOOWO,0.001627792,0.006223315,0.005307714,0.22955259825401714,-1.704560085,0.000915601,-0.003679922,4,1.9341126836881246,0,0,5.396576880224386e-299,298.2678816315526,Significant positive-specific
3,OWWWOOWW,0.002627749,0.001714446,0.003117775,-0.862396156,-0.246603266,-0.001403329,-0.000490026,3,-0.61579289,1.0034844207502184e-263,1.2780697100102284e-263,1.0034844207502184e-263,262.9984893656127,Significant small-effect
3,OWWWOWOO,0.004909547,0.006889609,0.005541061,0.31420903512111764,-0.174538655,0.001348549,-0.000631513,4,0.4887476900466204,0,0,5.396576880224386e-299,298.2678816315526,Significant small-effect
3,OWWWOWOW,0.001742564,0.00644358,0.00319905,1.0099920122326203,-0.876055469,0.00324453,-0.001456486,3,1.8860474807852468,0,0,5.396576880224386e-299,298.2678816315526,Significant positive-specific
3,OWWWOWWO,0.000431006,0.002130782,0.002998724,-0.492769504,-2.795705001,-0.000867941,-0.002567717,3,2.302935497,0,0,5.396576880224386e-299,298.2678816315526,Significant positive-specific
3,OWWWOWWW,0.004695543,0.001306195,0.002161607,-0.726297077,1.1188279748555496,-0.000855412,0.002533937,2,-1.845125052,0,0,5.396576880224386e-299,298.2678816315526,Significant negative-biased
3,OWWWWOOO,0.000667637,0.001709529,0.002333773,-0.448839504,-1.803986364,-0.000624244,-0.001666136,4,1.355146860054283,0,0,5.396576880224386e-299,298.2678816315526,Significant positive-specific
3,OWWWWOOW,0.003745203,0.006420486,0.003768043,0.7687092069137174,-0.008768994,0.002652444,-2.28E-05,3,0.777478201,0,0,5.396576880224386e-299,298.2678816315526,Significant small-effect
3,OWWWWOWO,0.003466589,0.00393631,0.005008362,-0.347416842,-0.530694028,-0.001072053,-0.001541773,3,0.1832771855162325,5.633538931654187e-40,6.136961559589242e-40,5.633538931654187e-40,39.24921870006098,Significant small-effect
3,OWWWWOWW,0.0023445,0.002616401,0.00382843,-0.548994886,-0.707233922,-0.001212029,-0.00148393,2,0.1582390360945558,8.316422508128126e-21,8.834042166310375e-21,8.316422508128126e-21,20.080063454851942,Significant small-effect
3,OWWWWWOO,0.003355907,0.005471891,0.003828223,0.5152513409359797,-0.189919199,0.001643668,-0.000472316,3,0.7051705403061194,0,0,5.396576880224386e-299,298.2678816315526,Significant small-effect
3,OWWWWWOW,0.00549022,0.007328975,0.005534443,0.4051095522280161,-0.011571997,0.001794532,-4.42E-05,2,0.4166815489443103,0,0,5.396576880224386e-299,298.2678816315526,Significant small-effect
3,OWWWWWWO,0.00347395,0.007109227,0.005505904,0.3686543551283576,-0.664249218,0.001603324,-0.002031954,2,1.0329035732367942,0,0,5.396576880224386e-299,298.2678816315526,Significant positive-specific
3,OWWWWWWW,0.001844522,0.001752612,0.002720914,-0.634292005,-0.560592562,-0.000968302,-0.000876392,1,-0.073699444,0.000180893,0.000184008,0.000180893,3.7425779133892805,Significant small-effect
3,WOOOOOOO,0.006157312,0.008366906,0.00329194,1.3454902480254758,0.9031586502427251,0.005074965,0.002865372,7,0.44233159778275066,0,0,5.396576880224386e-299,298.2678816315526,Significant small-effect
3,WOOOOOOW,0.001833345,0.000852274,0.001092453,-0.357810705,0.7463729517971872,-0.000240179,0.000740891,6,-1.104183656,0,0,5.396576880224386e-299,298.2678816315526,Significant negative-biased
3,WOOOOOWO,0.011162275135837896,0.006841481,0.005093739,0.42551125040716237,1.1316802512823536,0.001747742,0.006068536,6,-0.706169001,0,0,5.396576880224386e-299,298.2678816315526,Significant small-effect
3,WOOOOOWW,0.003927856,0.002589102,0.005591383,-1.110454386,-0.509354009,-0.003002281,-0.001663527,5,-0.601100377,0,0,5.396576880224386e-299,298.2678816315526,Significant small-effect
3,WOOOOWOO,0.002728889,0.002355382,0.002609756,-0.147894324,0.064374991,-0.000254374,0.000119134,6,-0.212269316,6.078812720677258e-38,6.612646132408121e-38,6.078812720677258e-38,37.216181236386795,Significant small-effect
3,WOOOOWOW,0.004526521,0.002747072,0.004310012,-0.649607024,0.070694702,-0.001562941,0.000216509,5,-0.720301727,0,0,5.396576880224386e-299,298.2678816315526,Significant small-effect
3,WOOOOWWO,0.005171804,0.001984392,0.003529836,-0.830586304,0.5509366457240555,-0.001545445,0.001641968,5,-1.38152295,0,0,5.396576880224386e-299,298.2678816315526,Significant negative-biased
3,WOOOOWWW,0.006337512,0.002731094,0.00523385,-0.938141232,0.275995892,-0.002502756,0.001103662,4,-1.214137125,0,0,5.396576880224386e-299,298.2678816315526,Significant negative-biased
3,WOOOWOOO,5.4795879895064524e-05,0.000620494,0.000259404,1.2549905158432424,-2.222520258,0.000361091,-0.000204608,6,3.4775107739027673,0,0,5.396576880224386e-299,298.2678816315526,Significant positive-specific
3,WOOOWOOW,0.005135001,0.004084641,0.005108146,-0.322519885,0.007563212,-0.001023506,2.6854617878889313e-05,5,-0.330083098,3.8015478449051404e-161,4.540573475718736e-161,3.8015478449051404e-161,160.42003953926968,Significant small-effect
3,WOOOWOWO,0.008602681,0.008139589,0.003826052,1.088899907055482,1.1687205928391777,0.004313538,0.004776629,5,-0.079820686,1.691179823991062e-18,1.7914842825174286e-18,1.691179823991062e-18,17.77181021119891,Significant small-effect
3,WOOOWOWW,0.005640704,0.002535087,0.006212526,-1.292807957,-0.139281073,-0.003677439,-0.000571821,4,-1.153526884,0,0,5.396576880224386e-299,298.2678816315526,Significant negative-biased
3,WOOOWWOO,0.013425808423244466,0.010621566887958204,0.006442597,0.7211941465195704,1.0591781327919803,0.004178969,0.006983211,5,-0.337983986,0,0,5.396576880224386e-299,298.2678816315526,Significant small-effect
3,WOOOWWOW,0.00723551,0.004646851,0.004978789,-0.099520945,0.5392093820199739,-0.000331938,0.002256721,4,-0.638730327,0,0,5.396576880224386e-299,298.2678816315526,Significant small-effect
3,WOOOWWWO,0.006734168,0.004611854,0.006550033,-0.506062847,0.039991514691227616,-0.001938179,0.000184135,4,-0.546054361,0,0,5.396576880224386e-299,298.2678816315526,Significant small-effect
3,WOOOWWWW,0.005113464,0.003144325,0.00417128,-0.407626729,0.2937471418063071,-0.001026955,0.000942184,3,-0.701373871,0,0,5.396576880224386e-299,298.2678816315526,Significant small-effect
3,WOOWOOOO,0.002185292,0.002415413,0.001697775,0.5083720158824406,0.36399151610765756,0.000717638,0.000487517,6,0.14438049977478307,1.9893027254694216e-16,2.0986050730226867e-16,1.9893027254694216e-16,15.701299122357259,Significant small-effect
3,WOOWOOOW,0.001660779,0.002473762,0.003727336,-0.5912422,-1.165803752,-0.001253574,-0.002066558,5,0.5745615522122395,7.09091165206396e-202,8.727275879463337e-202,7.09091165206396e-202,201.1492979256056,Significant small-effect
3,WOOWOOWO,0.004643201,0.006121818,0.005534856,0.14538939753812838,-0.253376059,0.000586962,-0.000891655,5,0.39876545647160055,6.999759329585903e-259,8.900356233645651e-259,6.999759329585903e-259,258.1549168919328,Significant small-effect
3,WOOWOOWW,0.003117095,0.002400276,0.004412278,-0.87804972,-0.501185794,-0.002012003,-0.001295183,4,-0.376863926,4.099485132833039e-126,4.777548682876744e-126,4.099485132833039e-126,125.38727068425844,Significant small-effect
3,WOOWOWOO,0.001954114,0.00578686,0.004220948,0.4551212748067522,-1.110656239,0.001565912,-0.002266834,5,1.5657775139184817,0,0,5.396576880224386e-299,298.2678816315526,Significant positive-specific
3,WOOWOWOW,0.005427246,0.005420851,0.006071622,-0.163533951,-0.161833492,-0.00065077,-0.000644376,4,-0.001700458,0.8805542774139896,0.8817023273193534,0.8805542774139896,0.055243869,Not significant
3,WOOWOWWO,0.009036686,0.003480189,0.005713502,-0.715047628,0.6613255050322047,-0.002233313,0.003323183,4,-1.376373133,0,0,5.396576880224386e-299,298.2678816315526,Significant negative-biased
3,WOOWOWWW,0.001566181,0.001761992,0.005256185,-1.576264785,-1.746118948,-0.003494193,-0.003690004,3,0.16985416251283514,2.0580847016478413e-16,2.1681879984438164e-16,2.0580847016478413e-16,15.68653675556907,Significant small-effect
3,WOOWWOOO,0.005615624,0.005950976,0.006353774,-0.094472284,-0.178137769,-0.000402799,-0.000738151,5,0.083665485,3.231290438251647e-14,3.380968741930879e-14,3.231290438251647e-14,13.490624004513732,Significant small-effect
3,WOOWWOOW,0.006625394,0.003820517,0.004620015,-0.274064404,0.5200143277524844,-0.000799498,0.002005379,4,-0.794078732,0,0,5.396576880224386e-299,298.2678816315526,Significant small-effect
3,WOOWWOWO,9.078123385600243e-05,0.003610278,0.00223068,0.6943793992584807,-4.6037872,0.001379598,-0.002139899,4,5.298166598903565,0,0,5.396576880224386e-299,298.2678816315526,Significant positive-specific
3,WOOWWOWW,0.00196202,0.002166426,0.00218987,-0.015521518,-0.158429479,-2.34E-05,-0.000227851,3,0.1429079608315169,1.2611240171726733e-14,1.3231465098205097e-14,1.2611240171726733e-14,13.8992422,Significant small-effect
3,WOOWWWOO,0.014580338529491225,0.003406185,0.006005788,-0.818013417,1.279457404675402,-0.002599603,0.00857455,4,-2.097470822,0,0,5.396576880224386e-299,298.2678816315526,Significant negative-biased
3,WOOWWWOW,0.007935043,0.001967379,0.004416001,-1.166059371,0.845352834,-0.002448622,0.003519043,3,-2.011412205,0,0,5.396576880224386e-299,298.2678816315526,Significant negative-biased
3,WOOWWWWO,0.004617848,0.003089469,0.003246546,-0.07152417,0.508182903,-0.000157077,0.001371301,3,-0.579707073,0,0,5.396576880224386e-299,298.2678816315526,Significant small-effect
3,WOOWWWWW,0.00135354,0.003626839,0.003602529,0.009699971,-1.411607297,2.430998539354641e-05,-0.002248989,2,1.421307269,0,0,5.396576880224386e-299,298.2678816315526,Significant positive-specific
3,WOWOOOOO,0.005318472,0.017520943948375285,0.00240419,2.8649398213361312,1.1451318696435318,0.015116753531889416,0.002914281,6,1.7198079516925995,0,0,5.396576880224386e-299,298.2678816315526,Significant positive-specific
3,WOWOOOOW,0.000146668,0.000699026,0.000460282,0.601761886,-1.643294485,0.000238745,-0.000313614,5,2.2450563707094044,0,0,5.396576880224386e-299,298.2678816315526,Significant positive-specific
3,WOWOOOWO,0.003502574,0.004824356,0.005055204,-0.067419131,-0.52922711,-0.000230847,-0.00155263,5,0.4618079788175682,3.11916579170225e-266,3.985889064937318e-266,3.11916579170225e-266,265.50596154075816,Significant small-effect
3,WOWOOOWW,0.002793227,0.003048845,0.004250039,-0.479079572,-0.605366271,-0.001201194,-0.001456812,4,0.12628669878934656,4.873857544483016e-16,5.127565197483502e-16,4.873857544483016e-16,15.312127168739535,Significant small-effect
3,WOWOOWOO,4.661739035848773e-05,0.000232491,0.0002198,0.080625651,-2.213182772,1.2690845964905917e-05,-0.000173183,5,2.2938084235385814,1.1319033297154142e-154,1.349847449101612e-154,1.1319033297154142e-154,153.94619066251516,Significant positive-specific
3,WOWOOWOW,0.002041624,0.001764967,0.002151577,-0.285605894,-0.075641266,-0.000386609,-0.000109953,4,-0.209964628,3.053409880587319e-28,3.302843363790227e-28,3.053409880587319e-28,27.515214893398984,Significant small-effect
3,WOWOOWWO,0.001141717,0.000378235,0.002606274,-2.78137832,-1.190074144,-0.002228039,-0.001464557,4,-1.591304175,0,0,5.396576880224386e-299,298.2678816315526,Significant negative-biased
3,WOWOOWWW,0.001041122,0.002382421,0.003713411,-0.640099472,-1.833609748,-0.00133099,-0.002672289,3,1.1935102765098384,0,0,5.396576880224386e-299,298.2678816315526,Significant positive-specific
3,WOWOWOOO,0.002295975,0.001597553,0.000731335,1.126189989,1.649158327913383,0.000866218,0.001564639,5,-0.522968339,4.23393209902321e-171,5.088669565023201e-171,4.23393209902321e-171,170.37325611118575,Significant small-effect
3,WOWOWOOW,0.003331917,0.008619709,0.003051873,1.4976390915074231,0.1266177499262903,0.005567836,0.000280044,4,1.3710213415811328,0,0,5.396576880224386e-299,298.2678816315526,Significant positive-specific
3,WOWOWOWO,0.010367598569200517,0.007006631,0.006019817,0.21896758906415495,0.7841897893658597,0.000986814,0.004347782,4,-0.5652222,0,0,5.396576880224386e-299,298.2678816315526,Significant small-effect
3,WOWOWOWW,0.002741975,0.002822111,0.004480662,-0.66674812,-0.70829242,-0.001658551,-0.001738687,3,0.0415443,0.00912586,0.009234072,0.00912586,2.039726206903244,Significant small-effect
3,WOWOWWOO,0.003694496,0.006372164,0.004904373,0.3776468102183721,-0.408594801,0.001467791,-0.001209877,4,0.7862416111381376,0,0,5.396576880224386e-299,298.2678816315526,Significant small-effect
3,WOWOWWOW,0.000845383,0.005778321,0.002557503,1.1756003125169932,-1.595916861,0.003220819,-0.00171212,3,2.771517173416062,0,0,5.396576880224386e-299,298.2678816315526,Significant positive-specific
3,WOWOWWWO,0.007981933,0.006736167,0.006068623,0.15053522428378976,0.3953120152271529,0.000667544,0.00191331,3,-0.244776791,1.3041238774681169e-141,1.5337934730406032e-141,1.3041238774681169e-141,140.8846811534311,Significant small-effect
3,WOWOWWWW,0.001823531,0.003794641,0.005191972,-0.452216757,-1.509035075,-0.001397331,-0.003368441,2,1.056818317860495,0,0,5.396576880224386e-299,298.2678816315526,Significant positive-specific
3,WOWWOOOO,0.000112045,0.003491186,0.000949102,1.877975701946407,-3.071181844,0.002542084,-0.000837057,5,4.949157546222698,0,0,5.396576880224386e-299,298.2678816315526,Significant positive-specific
3,WOWWOOOW,0.004560326,0.007520389,0.00405147,0.8921974758629899,0.1706515873791519,0.003468919,0.000508855,4,0.721545888,0,0,5.396576880224386e-299,298.2678816315526,Significant small-effect
3,WOWWOOWO,0.007447878,0.005678442,0.00476409,0.25324574291488267,0.6445196781825246,0.000914352,0.002683788,4,-0.391273935,0,0,5.396576880224386e-299,298.2678816315526,Significant small-effect
3,WOWWOOWW,0.003409612,0.001741033,0.002282519,-0.390487448,0.5787716735033693,-0.000541487,0.001127093,3,-0.969259121,0,0,5.396576880224386e-299,298.2678816315526,Significant small-effect
3,WOWWOWOO,0.00404917,0.007783543,0.002663181,1.5469203794690003,0.6042906140319841,0.005120362,0.00138599,4,0.9426297654370162,0,0,5.396576880224386e-299,298.2678816315526,Significant small-effect
3,WOWWOWOW,0.000795222,0.004324636,0.003470621,0.31730290553396534,-2.124367093,0.000854015,-0.002675399,3,2.4416699990021837,0,0,5.396576880224386e-299,298.2678816315526,Significant positive-specific
3,WOWWOWWO,0.004213285,0.004070991,0.004567073,-0.16585101,-0.116297607,-0.000496081,-0.000353787,3,-0.049553403,0.000131969,0.000134419,0.000131969,3.879529443322612,Significant small-effect
3,WOWWOWWW,0.009144914,0.004440364,0.004082595,0.12116320069672679,1.1632877456626123,0.00035777,0.00506232,2,-1.042124545,0,0,5.396576880224386e-299,298.2678816315526,Significant negative-biased
3,WOWWWOOO,0.00041683,0.004474132,0.002684757,0.7366011281750221,-2.684339813,0.001789374,-0.002267927,4,3.4209409413815997,0,0,5.396576880224386e-299,298.2678816315526,Significant positive-specific
3,WOWWWOOW,0.001719664,0.002502548,0.002081711,0.2655119025127778,-0.27549727,0.000420838,-0.000362047,3,0.5410091728531474,9.522966285848027e-184,1.1608949377033786e-183,9.522966285848027e-184,183.02122775319967,Significant small-effect
3,WOWWWOWO,0.001582265,0.003491769,0.002821491,0.30740218937968794,-0.83406601,0.000670278,-0.001239226,3,1.1414681990187865,0,0,5.396576880224386e-299,298.2678816315526,Significant positive-specific
3,WOWWWOWW,0.00230279,0.003764302,0.003753428,0.004172455,-0.704583963,1.0873994523340636e-05,-0.001450638,2,0.7087564183882845,0,0,5.396576880224386e-299,298.2678816315526,Significant small-effect
3,WOWWWWOO,0.010849856835540662,0.008196516,0.006340849,0.37028324235207377,0.7748335679184993,0.001855667,0.004509008,3,-0.404550326,0,0,5.396576880224386e-299,298.2678816315526,Significant small-effect
3,WOWWWWOW,0.009001518,0.009191687,0.004537775,1.018183665052568,0.9880256436428317,0.004653912,0.004463743,2,0.030158021409736224,0.000576918,0.000584529,0.000576918,3.2388858437247916,Significant small-effect
3,WOWWWWWO,0.005137455,0.002011043,0.003437325,-0.773044493,0.5796285870228948,-0.001426282,0.00170013,2,-1.35267308,0,0,5.396576880224386e-299,298.2678816315526,Significant negative-biased
3,WOWWWWWW,0.002054982,0.00322952,0.003074932,0.070743128,-0.581195969,0.000154589,-0.00101995,1,0.6519390976623586,0,0,5.396576880224386e-299,298.2678816315526,Significant small-effect
3,WWOOOOOO,0.002861108,0.005663952,0.001627806,1.7982491436465977,0.8132637565778879,0.004036146,0.001233303,6,0.9849853870687099,0,0,5.396576880224386e-299,298.2678816315526,Significant small-effect
3,WWOOOOOW,5.779465939180935e-05,0.00053213,0.000560824,-0.07563165,-3.256360743,-2.87E-05,-0.000503029,5,3.1807290931945227,0,0,5.396576880224386e-299,298.2678816315526,Significant positive-specific
3,WWOOOOWO,0.003913407,0.007493931,0.004338448,0.788403595,-0.148717787,0.003155483,-0.000425041,5,0.9371213825625734,0,0,5.396576880224386e-299,298.2678816315526,Significant small-effect
3,WWOOOOWW,0.005603356,0.001907218,0.005267284,-1.465107047,0.089215518,-0.003360066,0.000336072,4,-1.554322565,0,0,5.396576880224386e-299,298.2678816315526,Significant negative-biased
3,WWOOOWOO,0.004558963,0.000622241,0.000600668,0.050821286,2.921981382956453,2.1572485064608898e-05,0.003958294,5,-2.871160097,0,0,5.396576880224386e-299,298.2678816315526,Significant negative-biased
3,WWOOOWOW,0.003651423,0.002328148,0.004159837,-0.837071629,-0.188019842,-0.001831689,-0.000508414,4,-0.649051787,0,0,5.396576880224386e-299,298.2678816315526,Significant small-effect
3,WWOOOWWO,0.002443733,0.004488816,0.002813253,0.6739043103229928,-0.203075303,0.001675563,-0.00036952,4,0.8769796134968462,0,0,5.396576880224386e-299,298.2678816315526,Significant small-effect
3,WWOOOWWW,0.003448869,0.00127922,0.002983006,-1.220859151,0.20929098566046567,-0.001703787,0.000465863,3,-1.430150137,0,0,5.396576880224386e-299,298.2678816315526,Significant negative-biased
3,WWOOWOOO,4.743523931214541e-05,0.000182358,0.000198465,-0.121475755,-2.04200641,-1.61E-05,-0.00015103,5,1.9205306558056698,5.274469837891197e-99,6.001174571111762e-99,5.274469837891197e-99,98.27782118684536,Significant positive-specific
3,WWOOWOOW,0.003748202,0.002354541,0.00257484,-0.128984768,0.5415405047939305,-0.000220299,0.001173362,4,-0.670525273,0,0,5.396576880224386e-299,298.2678816315526,Significant small-effect
3,WWOOWOWO,0.00771177,0.001652409,0.004474148,-1.436491584,0.7853138887017099,-0.002821739,0.003237623,4,-2.221805472,0,0,5.396576880224386e-299,298.2678816315526,Significant negative-biased
3,WWOOWOWW,0.005022683,0.000809774,0.004926571,-2.603505529,0.027868916929656116,-0.004116797,9.611249365470455e-05,3,-2.631374446,0,0,5.396576880224386e-299,298.2678816315526,Significant negative-biased
3,WWOOWWOO,0.0007606,0.002628239,0.002477434,0.085216092,-1.702324505,0.000150804,-0.001716835,4,1.7875405969490914,0,0,5.396576880224386e-299,298.2678816315526,Significant positive-specific
3,WWOOWWOW,0.007110924,0.003472879,0.003982707,-0.197563957,0.8361282701255808,-0.000509828,0.003128217,3,-1.033692227,0,0,5.396576880224386e-299,298.2678816315526,Significant negative-biased
3,WWOOWWWO,0.005291483,0.002590331,0.004802728,-0.890461181,0.13979015300406558,-0.002212397,0.000488755,3,-1.030251334,0,0,5.396576880224386e-299,298.2678816315526,Significant negative-biased
3,WWOOWWWW,0.003492215,0.000985145,0.002764481,-1.487659202,0.3370249213541811,-0.001779336,0.000727734,2,-1.824684123,0,0,5.396576880224386e-299,298.2678816315526,Significant negative-biased
3,WWOWOOOO,0.001205509,0.000931647,0.000869965,0.098717419,0.4701532285989028,6.168263229476393e-05,0.000335545,5,-0.371435809,1.3089157747047682e-48,1.4401823996751604e-48,1.3089157747047682e-48,47.8830883,Significant small-effect
3,WWOWOOOW,0.001155621,0.002640529,0.002578528,0.034266407,-1.15719144,6.200148504209796e-05,-0.001422907,4,1.1914578464432095,0,0,5.396576880224386e-299,298.2678816315526,Significant positive-specific
3,WWOWOOWO,0.003178434,0.00154716,0.004223636,-1.448272167,-0.410057393,-0.002676476,-0.001045203,4,-1.038214774,0,0,5.396576880224386e-299,298.2678816315526,Significant negative-biased
3,WWOWOOWW,0.003859974,0.001247393,0.003960234,-1.665878018,-0.036985049,-0.002712841,-0.00010026,3,-1.628892969,0,0,5.396576880224386e-299,298.2678816315526,Significant negative-biased
3,WWOWOWOO,0.001207418,0.003251773,0.002995346,0.11846617039485371,-1.31008494,0.000256428,-0.001787928,4,1.4285511106306297,0,0,5.396576880224386e-299,298.2678816315526,Significant positive-specific
3,WWOWOWOW,0.007347282,0.003202675,0.004536982,-0.502323343,0.6953561083650176,-0.001334308,0.0028103,3,-1.197679451,0,0,5.396576880224386e-299,298.2678816315526,Significant negative-biased
3,WWOWOWWO,0.002340411,0.000802787,0.002594797,-1.691291909,-0.14879917,-0.00179201,-0.000254386,3,-1.542492738,0,0,5.396576880224386e-299,298.2678816315526,Significant negative-biased
3,WWOWOWWW,0.001254853,0.00090092,0.003785414,-2.069760841,-1.592164742,-0.002884494,-0.002530561,2,-0.477596098,4.8750965914834535e-80,5.4979062881927934e-80,4.8750965914834535e-80,79.31201678,Significant small-effect
3,WWOWWOOO,0.003424606,0.003103248,0.005137237,-0.727029634,-0.584914152,-0.002033989,-0.001712631,4,-0.142115482,1.8009771159783936e-22,1.923714082157728e-22,1.8009771159783936e-22,21.744491805485545,Significant small-effect
3,WWOWWOOW,0.00055014,0.003291169,0.003352155,-0.026481015,-2.605029283,-6.10E-05,-0.002802016,3,2.578548268170705,0,0,5.396576880224386e-299,298.2678816315526,Significant positive-specific
3,WWOWWOWO,0.002480536,0.001919444,0.00403434,-1.071250182,-0.70145688,-0.002114896,-0.001553804,3,-0.369793302,3.0288015003333e-97,3.4359225291816467e-97,3.0288015003333e-97,96.51872918825009,Significant small-effect
3,WWOWWOWW,0.004370857,0.00160965,0.003887956,-1.271739918,0.16886358897505413,-0.002278306,0.000482902,2,-1.440603507,0,0,5.396576880224386e-299,298.2678816315526,Significant negative-biased
3,WWOWWWOO,0.002316966,0.002613878,0.003429846,-0.391820678,-0.565704706,-0.000815968,-0.001112879,3,0.1738840280725512,1.2656562288887584e-24,1.3575753963499532e-24,1.2656562288887584e-24,23.897684239161144,Significant small-effect
3,WWOWWWOW,0.005385535,0.006168265,0.005083709,0.2789334721869036,0.083192484,0.001084556,0.000301827,2,0.19574098808430976,8.028469688281999e-70,9.001262365840256e-70,8.028469688281999e-70,69.09536722798049,Significant small-effect
3,WWOWWWWO,0.002556051,0.002078578,0.005212618,-1.325993754,-1.027804151,-0.003134039,-0.002656567,2,-0.298189603,4.676130067568319e-67,5.235084390513803e-67,4.676130067568319e-67,66.33011341734733,Significant small-effect
3,WWOWWWWW,0.005167442,0.003790113,0.002589764,0.5492435961068808,0.9963516757871477,0.001200349,0.002577678,1,-0.44710808,1.8282132959902147e-286,2.3518723807713315e-286,1.8282132959902147e-286,285.73797313690216,Significant small-effect
3,WWWOOOOO,0.010552705049045038,0.020068256965909425,0.005949296,1.7539538882316539,0.8267162534710253,0.014118961077081242,0.004603409,5,0.9272376347606286,0,0,5.396576880224386e-299,298.2678816315526,Significant small-effect
3,WWWOOOOW,0.000735519,0.00067962,0.001293572,-0.927554581,-0.813681413,-0.000613953,-0.000558054,4,-0.113873168,0.000274972,0.000279337,0.000274972,3.560711289770826,Significant small-effect
3,WWWOOOWO,0.00130038,0.001970031,0.002678312,-0.442912292,-1.041820466,-0.000708281,-0.001377932,4,0.5989081738066209,3.624852889276906e-173,4.3840740456136435e-173,3.624852889276906e-173,172.44070961410586,Significant small-effect
3,WWWOOOWW,0.010328887,0.001496768,0.004649519,-1.634577676,1.151360769,-0.003152751,0.005679368,3,-2.785938445,0,0,5.396576880224386e-299,298.2678816315526,Significant negative-biased
3,WWWOOWOO,0.000970787,0.000506577,0.000594774,-0.231138259,0.705873362,-8.82E-05,0.000376012,4,-0.937011621,2.3016566291908536e-207,2.851084340675122e-207,2.3016566291908536e-207,206.63795946574993,Significant small-effect
3,WWWOOWOW,0.002436099,0.003509946,0.003041705,0.2065054528502158,-0.320189286,0.000468241,-0.000605605,3,0.5266947387184672,3.2911398540171486e-245,4.157229289284819e-245,3.2911398540171486e-245,244.48265366236154,Significant small-effect
3,WWWOOWWO,0.00387933,0.001568767,0.0022637,-0.528770025,0.7768594066052787,-0.000694934,0.00161563,3,-1.305629432,0,0,5.396576880224386e-299,298.2678816315526,Significant negative-biased
3,WWWOOWWW,0.003996555,0.004386931,0.005396089,-0.298640667,-0.433063633,-0.001009158,-0.001399534,2,0.13442296627255268,4.19489793373421e-25,4.518487535915671e-25,4.19489793373421e-25,24.37727860154691,Significant small-effect
3,WWWOWOOO,0.000475443,0.000847099,0.000905259,-0.095691469,-0.927620936,-5.82E-05,-0.000429817,4,0.8319294664415041,4.047579460143717e-131,4.724226482356192e-131,4.047579460143717e-131,130.39280461662938,Significant small-effect
3,WWWOWOOW,0.00421274,0.005279442,0.004322869,0.2883358363928017,-0.037221507,0.000956573,-0.000110129,3,0.3255573429323897,3.94710390108642e-154,4.699807435712202e-154,3.94710390108642e-154,153.40372144135858,Significant small-effect
3,WWWOWOWO,0.002667823,0.002426863,0.003767594,-0.634339766,-0.497822757,-0.001340732,-0.001099771,3,-0.136517009,1.2926582719240907e-16,1.365559219859287e-16,1.2926582719240907e-16,15.888516270350015,Significant small-effect
3,WWWOWOWW,0.001586627,0.004173976,0.004684676,-0.1664894,-1.561385313,-0.0005107,-0.003098049,2,1.3948959128677816,0,0,5.396576880224386e-299,298.2678816315526,Significant positive-specific
3,WWWOWWOO,0.001082014,0.005219346,0.003689215,0.5004405770379181,-1.768652717,0.001530131,-0.002607201,3,2.2690932941709168,0,0,5.396576880224386e-299,298.2678816315526,Significant positive-specific
3,WWWOWWOW,0.003893506,0.006072138,0.002857061,1.0874051185861442,0.4464035162489897,0.003215076,0.001036445,2,0.6410016023371545,0,0,5.396576880224386e-299,298.2678816315526,Significant small-effect
3,WWWOWWWO,0.005224419,0.002312881,0.005877431,-1.345116383,-0.169884323,-0.00356455,-0.000653012,2,-1.17523206,0,0,5.396576880224386e-299,298.2678816315526,Significant negative-biased
3,WWWOWWWW,0.001566726,0.00619207,0.00445133,0.47609432029665755,-1.505887118,0.00174074,-0.002884604,1,1.9819814383933414,0,0,5.396576880224386e-299,298.2678816315526,Significant positive-specific
3,WWWWOOOO,0.000490709,0.001172871,0.000598704,0.9689524175276089,-0.286444263,0.000574168,-0.000107994,4,1.255396680773234,0,0,5.396576880224386e-299,298.2678816315526,Significant positive-specific
3,WWWWOOOW,0.005225237,0.00354546,0.003221075,0.13838981451588173,0.6977825962451745,0.000324385,0.002004162,3,-0.559392782,0,0,5.396576880224386e-299,298.2678816315526,Significant small-effect
3,WWWWOOWO,0.003657966,0.002997676,0.003078482,-0.038361985,0.24874828043186747,-8.08E-05,0.000579484,3,-0.287110265,1.1057246009257402e-88,1.2506575751266104e-88,1.1057246009257402e-88,87.95635302781591,Significant small-effect
3,WWWWOOWW,0.001416242,0.004377034,0.004805037,-0.134564772,-1.761762003,-0.000428004,-0.003388796,2,1.6271972310779361,0,0,5.396576880224386e-299,298.2678816315526,Significant positive-specific
3,WWWWOWOO,0.00414922,0.006180621,0.005183148,0.2538781752696198,-0.320918978,0.000997472,-0.001033928,3,0.5747971536054716,0,0,5.396576880224386e-299,298.2678816315526,Significant small-effect
3,WWWWOWOW,0.002616571,0.004143766,0.003119464,0.4095302191510264,-0.253531644,0.001024302,-0.000502893,2,0.6630618630305871,0,0,5.396576880224386e-299,298.2678816315526,Significant small-effect
3,WWWWOWWO,0.000588033,0.002963844,0.002002952,0.5651081250557888,-1.766426626,0.000960892,-0.001414919,2,2.331534750897407,0,0,5.396576880224386e-299,298.2678816315526,Significant positive-specific
3,WWWWOWWW,0.004831852,0.001213819,0.003696246,-1.605709268,0.38642354599264944,-0.002482427,0.001135605,1,-1.992132814,0,0,5.396576880224386e-299,298.2678816315526,Significant negative-biased
3,WWWWWOOO,0.007675512,0.003975252,0.002533996,0.6494259261389146,1.598467694633436,0.001441256,0.005141517,3,-0.949041768,0,0,5.396576880224386e-299,298.2678816315526,Significant small-effect
3,WWWWWOOW,0.003321557,0.005639887,0.00458472,0.2987738725456896,-0.464854218,0.001055167,-0.001263163,2,0.7636280910098491,0,0,5.396576880224386e-299,298.2678816315526,Significant small-effect
3,WWWWWOWO,0.00357918,0.00478522,0.002948504,0.6984141925869259,0.2795595136131394,0.001836716,0.000630675,2,0.41885467897378653,1.7026728887690424e-221,2.1228129522315332e-221,1.7026728887690424e-221,220.7688687790767,Significant small-effect
3,WWWWWOWW,0.002692904,0.002811372,0.004470046,-0.668824721,-0.730913947,-0.001658674,-0.001777142,1,0.062089226,0.000105819,0.000107927,0.000105819,3.975434940318022,Significant small-effect
3,WWWWWWOO,0.00493899,0.005258159,0.004536844,0.21282502992530325,0.12250094424968187,0.000721315,0.000402145,2,0.090324086,1.516439599417733e-14,1.5888480386805167e-14,1.516439599417733e-14,13.819174883185157,Significant small-effect
3,WWWWWWOW,0.003101556,0.005322524,0.004311529,0.3038475225329401,-0.475076998,0.001010995,-0.001209973,1,0.7789245207214862,0,0,5.396576880224386e-299,298.2678816315526,Significant small-effect
3,WWWWWWWO,0.004315244,0.003126213,0.00578037,-0.886534078,-0.421635017,-0.002654157,-0.001465126,1,-0.464899061,1.7553490767724357e-257,2.228277836299555e-257,1.7553490767724357e-257,256.75563650481587,Significant small-effect
3,WWWWWWWW,0.028880427,0.034985221,0.034930489,0.002258676,-0.274386098,5.473138573248992e-05,-0.006050062,0,0.27664477367712637,0,0,5.396576880224386e-299,298.2678816315526,Significant small-effect