library_id,wo,Neg,Pos,Pre,log2fc_pos_pre,log2fc_neg_pre,delta_pos,delta_neg,mut_count,ddelta,count_pre,count_pos,count_neg,p_pos_pre,p_neg_pre,p_pos_neg,q_pos_pre,q_neg_pre,q_pos_neg,p_pos_pre_safe,neglog10_p,neglog10_p_capped
1,OOOOOOOO,0.005948576125975243,0.008597420661400344,0.0032541278530391136,1.4013574833130393,0.8700726782791035,0.00534329280836123,0.0026944482729361293,8,0.5312848050339358,101311,229466,267700,0.0,0.0,0.0,0.0,0.0,0.0,3.621698943e-314,313.44108765362176,50.0
1,OOOOOOOW,0.001346929181456815,0.0013620781759587394,0.001795967908468271,-0.3986963377012082,-0.41481994331733474,-0.00043388973250953157,-0.00044903872701145594,7,0.016123605616126524,55914,36354,60615,0.0,0.0,0.09196106875889914,0.0,0.0,0.09268517166251253,3.621698943e-314,313.44108765362176,50.0
1,OOOOOOWO,0.0034860389340418234,0.0013914148985140482,0.002819381177052455,-1.0183010015767768,0.30611231507930275,-0.0014279662785384067,0.0006666577569893685,7,-1.3244133166560796,87776,37137,156880,0.0,0.0,0.0,0.0,0.0,0.0,3.621698943e-314,313.44108765362176,50.0
1,OOOOOOWW,0.003220097361103192,0.0001692387941025919,0.004766988469143409,-4.807749005126951,-0.5658284784286554,-0.004597749675040817,-0.0015468911080402169,6,-4.241920526698295,148411,4517,144912,0.0,0.0,0.0,0.0,0.0,0.0,3.621698943e-314,313.44108765362176,50.0
1,OOOOOWOO,0.0006819419227869041,0.0003395266664063954,0.000464393604833034,-0.4506836071009266,0.5533115110930845,-0.0001248669384266386,0.00021754831795387013,7,-1.0039951181940112,14458,9062,30689,2.755182307110732e-123,0.0,0.0,3.2305038349023544e-123,0.0,0.0,2.755182307110732e-123,122.55984965911613,50.0
1,OOOOOWOW,0.0023812525768089616,0.0041982610929341664,0.0028729897623662143,0.5470805691747836,-0.27072854055030066,0.0013252713305679522,-0.0004917371855572526,6,0.8178091097250844,89445,112052,107162,0.0,0.0,0.0,0.0,0.0,0.0,3.621698943e-314,313.44108765362176,50.0
1,OOOOOWWO,0.002788986694610679,0.000588008331779074,0.0034760461969173427,-2.5615022883433283,-0.31760399331716205,-0.0028880378651382687,-0.0006870595023066636,6,-2.2438982950261663,108220,15694,125511,0.0,0.0,0.0,0.0,0.0,0.0,3.621698943e-314,313.44108765362176,50.0
1,OOOOOWWW,0.0034756172597680754,0.0008828367733981344,0.005217666755864415,-2.5618294168837705,-0.5859970301584725,-0.00433482998246628,-0.0017420494960963392,5,-1.975832386725298,162442,23563,156411,0.0,0.0,0.0,0.0,0.0,0.0,3.621698943e-314,313.44108765362176,50.0
1,OOOOWOOO,0.0016590461043759343,0.001440496771499303,0.00108190412170363,0.412662090559822,0.6163177949323557,0.0003585926497956728,0.0005771419826723042,7,-0.20365570437253372,33683,38447,74661,0.0,0.0,7.002970306105365e-114,0.0,0.0,8.063390097584588e-114,3.621698943e-314,313.44108765362176,50.0
1,OOOOWOOW,0.005564063009487101,0.00464288291485479,0.004445883000370699,0.0625371511370864,0.3236035751421795,0.00019699991448409067,0.001118180009116402,6,-0.2610664240050931,138414,123919,250396,1.1834832486226291e-28,0.0,0.0,1.2837784391838688e-28,0.0,0.0,1.1834832486226291e-28,27.926837884825936,27.926837884825936
1,OOOOWOWO,0.008702253565956955,0.007050592320792528,0.0060472989608189335,0.22141961725193535,0.5250253770731106,0.001003293359973594,0.0026549546051380215,6,-0.3036057598211752,188271,188181,391622,0.0,0.0,0.0,0.0,0.0,0.0,3.621698943e-314,313.44108765362176,50.0
1,OOOOWOWW,0.0018335035984552456,0.0010030686286727011,0.006586885913896132,-2.7139576896228927,-1.84442583682825,-0.005583817285223431,-0.0047533823154408865,5,-0.8695318527946427,205070,26772,82512,0.0,0.0,0.0,0.0,0.0,0.0,3.621698943e-314,313.44108765362176,50.0
1,OOOOWWOO,0.007278639527530619,0.0063941316363844,0.0064272486047233434,-0.007451668953492634,0.179441288388482,-3.311696833894345e-05,0.0008513909228072755,6,-0.18689295734197464,200100,170660,327556,0.11606448240499334,0.0,0.0,0.11728621379873011,0.0,0.0,0.11606448240499334,0.9353006610146095,0.9353006610146095
1,OOOOWWOW,0.006078413743846268,0.004358545255247845,0.004227658477529667,0.04397760757908595,0.5237321593967292,0.00013088677771817738,0.0018507552663166007,5,-0.47975455181764326,131620,116330,273543,3.202977086472165e-14,0.0,0.0,3.4023325067920095e-14,0.0,0.0,3.202977086472165e-14,13.49444616819047,13.49444616819047
1,OOOOWWWO,0.0044424108723528,0.00226466009978682,0.004678625845897063,-1.0464617448622318,-0.07472563506868016,-0.002413965746110243,-0.00023621497354426278,5,-0.9717361097935516,145660,60444,199919,0.0,3.364342249288215e-51,0.0,0.0,3.908948332002041e-51,0.0,3.621698943e-314,313.44108765362176,50.0
1,OOOOWWWW,0.0023889855035621904,0.002820971283057859,0.0034987230460674407,-0.31053745066441574,-0.5502388899446349,-0.0006777517630095816,-0.0011097375425052503,4,0.23970143928021914,108926,75292,107510,0.0,0.0,7.909351454335208e-266,0.0,0.0,1.0090335410181793e-265,3.621698943e-314,313.44108765362176,50.0
1,OOOWOOOO,0.0011154746841532733,5.7961570616938164e-05,0.00034246539042259017,-2.5423178714602925,1.700713901594122,-0.000284503819805652,0.0007730092937306831,7,-4.2430317730544145,10662,1547,50199,0.0,0.0,0.0,0.0,0.0,0.0,3.621698943e-314,313.44108765362176,50.0
1,OOOWOOOW,0.002594885788893855,0.0024181627208712383,0.0025056312301712075,-0.05124195278939726,0.05047714472221878,-8.746850929996922e-05,8.925455872264756e-05,6,-0.10171909751161604,78008,64541,116776,2.281569815476867e-11,3.2829695505548916e-14,2.765068171011074e-47,2.3970528293929328e-11,3.51158860003643e-14,3.038014814501438e-47,2.281569815476867e-11,10.641766237383344,10.641766237383344
1,OOOWOOWO,0.004909275214552053,0.0014159558350066756,0.005294980036182101,-1.9021028920472667,-0.10909379575670977,-0.0038790242011754253,-0.00038570482163004845,6,-1.793009096290557,164849,37792,220929,0.0,1.34338204812645e-119,0.0,0.0,1.7339788453127958e-119,0.0,3.621698943e-314,313.44108765362176,50.0
1,OOOWOOWW,0.0022410599478258544,0.0012862448088425903,0.005003521496255766,-1.958945681305537,-1.1584072802017618,-0.0037172766874131757,-0.0027624615484299116,5,-0.8005384011037753,155775,34330,100853,0.0,0.0,0.0,0.0,0.0,0.0,3.621698943e-314,313.44108765362176,50.0
1,OOOWOWOO,0.0047115300559975,0.005779933816653652,0.005832286456271117,-0.013006366908134637,-0.30780710282138257,-5.2352639617465196e-05,-0.0011207564002736169,6,0.29480073591324796,181577,154267,212030,0.009039940381953559,0.0,0.0,0.009195594984556733,0.0,0.0,0.009039940381953559,2.0438344336699874,2.0438344336699874
1,OOOWOWOW,0.00933879787564947,0.009142004649064983,0.009116478800534724,0.0040334133734620465,0.034756388544380054,2.552584853025841e-05,0.00022231907511474636,5,-0.03072297517091801,283824,244001,420268,0.30935939299326476,2.053498362143319e-23,3.975956268469838e-17,0.31057256708343445,2.2659292271926278e-23,4.2059702674722254e-17,0.30935939299326476,0.509536693081145,0.509536693081145
1,OOOWOWWO,0.003682050850393066,0.0004613321389827793,0.005571759652508443,-3.59139037277245,-0.5974906166968238,-0.005110427513525664,-0.001889708802115377,5,-2.993899756075626,173466,12313,165701,0.0,0.0,0.0,0.0,0.0,0.0,3.621698943e-314,313.44108765362176,50.0
1,OOOWOWWW,0.0007229619882652392,0.00034188709235912136,0.002256474971166515,-2.7189044909019344,-1.640724137015455,-0.0019145878788073935,-0.0015335129829012757,4,-1.0781803538864794,70251,9125,32535,0.0,0.0,0.0,0.0,0.0,0.0,3.621698943e-314,313.44108765362176,50.0
1,OOOWWOOO,0.002538022111992956,0.0038773930316778906,0.0036409190959080717,0.09076013817838567,-0.5204259143802824,0.0002364739357698189,-0.0011028969839151155,6,0.6111860525586681,113353,103488,114217,1.2431322414615096e-48,0.0,0.0,1.3836602339745498e-48,0.0,0.0,1.2431322414615096e-48,47.90548266968323,47.90548266968323
1,OOOWWOOW,0.0018652797055159279,0.0061100187792491436,0.0042402495892390705,0.5269235292418711,-1.1843241613380466,0.001869769190010073,-0.0023749698837231426,5,1.7112476905799179,132012,163077,83942,0.0,0.0,0.0,0.0,0.0,0.0,3.621698943e-314,313.44108765362176,50.0
1,OOOWWOWO,0.0031439458094269976,0.0022638358240572964,0.0036378997987124495,-0.6840958510845281,-0.2104671672256278,-0.001374063974655153,-0.0004939539892854518,5,-0.4736286838589003,113259,60422,141485,0.0,1.994228267090127e-292,0.0,0.0,3.1192816886460647e-292,0.0,3.621698943e-314,313.44108765362176,50.0
1,OOOWWOWW,0.00318138828522927,0.0009154331317929218,0.00455836788099909,-2.3147322979773097,-0.5187239498544789,-0.0036429347492061685,-0.0013769795957698202,4,-1.7960083481228308,141916,24433,143170,0.0,0.0,0.0,0.0,0.0,0.0,3.621698943e-314,313.44108765362176,50.0
1,OOOWWWOO,0.004896631434889446,0.004235390967841332,0.005985724570138001,-0.49893115918477915,-0.289682688247133,-0.0017503336022966689,-0.0010890931352485547,5,-0.20924847093764615,186354,113043,220360,0.0,0.0,0.0,0.0,0.0,0.0,3.621698943e-314,313.44108765362176,50.0
1,OOOWWWOW,0.002667704182486761,0.0026481731164868707,0.004811731883967895,-0.8613139302690056,-0.8507166572701234,-0.0021635587674810244,-0.002144027701481134,4,-0.010597272998882246,149804,70680,120053,0.0,0.0,0.12091697102752172,0.0,0.0,0.12155004417426267,3.621698943e-314,313.44108765362176,50.0
1,OOOWWWWO,0.0017547744045279753,0.0018561190745721504,0.0030344900421490676,-0.7088631196575326,-0.78982195230404,-0.0011783709675769172,-0.0012797156376210923,4,0.08095883264650738,94473,49540,78969,0.0,0.0,1.3485497359696058e-22,0.0,0.0,1.4424598847140072e-22,3.621698943e-314,313.44108765362176,50.0
1,OOOWWWWW,0.0019358759937199747,0.0007495663747656528,0.0029649498461009616,-1.9824426378627897,-0.6147626121871944,-0.002215383471335309,-0.001029073852380987,3,-1.3676800256755954,92308,20006,87119,0.0,0.0,0.0,0.0,0.0,0.0,3.621698943e-314,313.44108765362176,50.0
1,OOWOOOOO,0.013982064854101226,0.0306874482064472,0.005252613514894595,2.5463137194658465,1.4122986332165937,0.025434834691552603,0.00872945133920663,7,1.1340150862492528,163530,819051,629226,0.0,0.0,0.0,0.0,0.0,0.0,3.621698943e-314,313.44108765362176,50.0
1,OOWOOOOW,0.0012427346597732216,0.002381707253379137,0.0017158922924184195,0.472802172442081,-0.4651208045359486,0.0006658149609607175,-0.0004731576326451978,6,0.9379229769780296,53421,63568,55926,0.0,0.0,0.0,0.0,0.0,0.0,3.621698943e-314,313.44108765362176,50.0
1,OOWOOOWO,0.00510064293064058,0.00747981517340251,0.005716814398630036,0.38773169646414934,-0.16450186383757315,0.0017630007747724743,-0.0006161714679894558,6,0.5522335603017225,177982,199637,229541,0.0,1.5970781860961193e-285,0.0,0.0,2.4728952558907653e-285,0.0,3.621698943e-314,313.44108765362176,50.0
1,OOWOOOWW,0.0033133591242735993,0.0012539481870767204,0.005591160242999462,-2.1557779006448463,-0.754675768744425,-0.004337212055922742,-0.0022778011187258628,5,-1.4011021319004213,174070,33468,149109,0.0,0.0,0.0,0.0,0.0,0.0,3.621698943e-314,313.44108765362176,50.0
1,OOWOOWOO,0.0006000573392074541,0.00048220130177116624,0.0003184394935893415,0.5970816514024828,0.9119599366511885,0.00016376180818182475,0.0002816178456181126,6,-0.31487828524870565,9914,12870,27004,5.414462112197279e-214,0.0,7.00964737047732e-95,6.66395336885819e-214,0.0,7.940131534699973e-95,5.414462112197279e-214,213.2664446809237,50.0
1,OOWOOWOW,0.006748667392287774,0.006852428941999389,0.0043838910473116485,0.6442849890918927,0.6222754152574924,0.0024685378946877404,0.0023647763449761256,5,0.022009573834400276,136484,182892,303706,0.0,0.0,2.358040302251562e-07,0.0,0.0,2.4243305918730917e-07,3.621698943e-314,313.44108765362176,50.0
1,OOWOOWWO,0.004568782005817206,0.001656382078477194,0.004000247582370041,-1.2715436727750906,0.19167544538503037,-0.0023438655038928473,0.0005685344234471644,5,-1.463219118160121,124540,44209,205606,0.0,3.670822606454403e-304,0.0,0.0,5.82477636726649e-304,0.0,3.621698943e-314,313.44108765362176,50.0
1,OOWOOWWW,0.0011487618228783792,0.0005054308905122791,0.0020717517991237166,-2.0331100599082563,-0.8502123389468883,-0.0015663209086114373,-0.0009229899762453373,4,-1.182897720961368,64500,13490,51697,0.0,0.0,0.0,0.0,0.0,0.0,3.621698943e-314,313.44108765362176,50.0
1,OOWOWOOO,0.0006693203641781857,0.0006051682537846059,0.0013128803571687254,-1.1160437064018596,-0.9709112404921513,-0.0007077121033841195,-0.0006435599929905397,6,-0.1451324659097083,40874,16152,30121,0.0,0.0,3.0065162423659795e-25,0.0,0.0,3.24298381199027e-25,3.621698943e-314,313.44108765362176,50.0
1,OOWOWOOW,0.00417880251007247,0.010596776377516486,0.005009078287903029,1.0808565382869686,-0.2613983687128205,0.005587698089613457,-0.0008302757778305588,5,1.342254906999789,155948,282829,188056,0.0,0.0,0.0,0.0,0.0,0.0,3.621698943e-314,313.44108765362176,50.0
1,OOWOWOWO,0.004454343578290973,0.005769517968798766,0.005527401679879143,0.061838380608222096,-0.31132575124525524,0.00024211628891962315,-0.0010730581015881702,5,0.37316413185347735,172085,153989,200456,1.697131746283599e-34,0.0,0.0,1.8487903278663886e-34,0.0,0.0,1.697131746283599e-34,33.77028444261863,33.77028444261863
1,OOWOWOWW,0.004874432602054745,0.001006178396197721,0.005352089721435465,-2.4100525904660826,-0.134841597079861,-0.004345911325237744,-0.00047765711938072,4,-2.2752109933862217,166627,26855,219361,0.0,4.495092003894858e-182,0.0,0.0,6.20904794782599e-182,0.0,3.621698943e-314,313.44108765362176,50.0
1,OOWOWWOO,0.011774714245024362,0.011415544446483485,0.0066438992386007,0.7808068144619833,0.8254953396667936,0.004771645207882785,0.005130815006423662,5,-0.04468852520481026,206845,304682,529890,0.0,0.0,7.369459898703906e-43,0.0,0.0,8.03941079858608e-43,3.621698943e-314,313.44108765362176,50.0
1,OOWOWWOW,0.004885787560591814,0.007195852184581713,0.0047756287983521575,0.5913732609229141,0.03289362245330637,0.0024202233862295553,0.00011015876223965677,4,0.5584796384696077,148680,192058,219872,0.0,9.666817703132855e-12,0.0,0.0,1.0254303861886786e-11,0.0,3.621698943e-314,313.44108765362176,50.0
1,OOWOWWWO,0.00254315517544122,0.001245555561467028,0.004421664382439857,-1.8269685782216036,-0.7977290987964907,-0.003176108820972829,-0.001878509206998637,4,-1.029239479425113,137660,33244,114448,0.0,0.0,0.0,0.0,0.0,0.0,3.621698943e-314,313.44108765362176,50.0
1,OOWOWWWW,0.0027844091575096297,0.0036591847658258877,0.00493950597167199,-0.43274232252205663,-0.8267695348538111,-0.001280321205846102,-0.00215509681416236,3,0.3940272123317545,153782,97664,125305,0.0,0.0,0.0,0.0,0.0,0.0,3.621698943e-314,313.44108765362176,50.0
1,OOWWOOOO,0.006695759062979045,0.013460872268059863,0.002598330078113394,2.3726673205524893,1.365323216196384,0.01086254218994647,0.004097428984865651,6,1.0073441043561053,80894,359272,301325,0.0,0.0,0.0,0.0,0.0,0.0,3.621698943e-314,313.44108765362176,50.0
1,OOWWOOOW,0.005781984884972492,0.002197631496145125,0.0018947374709846342,0.2138466319822177,1.6090551432330018,0.0003028940251604906,0.0038872474139878582,5,-1.3952085112507842,58989,58655,260203,8.518346631414777e-143,0.0,0.0,1.0127074633013234e-142,0.0,0.0,8.518346631414777e-143,142.06964469144614,50.0
1,OOWWOOWO,0.009297644483847805,0.009861110288916886,0.00662957363701296,0.5727626977636286,0.48788673274712435,0.003231536651903926,0.0026680708468348443,5,0.0848759650165043,206399,263194,418416,0.0,0.0,2.934377754205035e-124,0.0,0.0,3.409382927729904e-124,3.621698943e-314,313.44108765362176,50.0
1,OOWWOOWW,0.0025833086198179004,0.0020636117559403493,0.0055694791195202605,-1.43193090711244,-1.1080230518776775,-0.003505867363579911,-0.00298617049970236,4,-0.3239078552347625,173395,55078,116255,0.0,0.0,0.0,0.0,0.0,0.0,3.621698943e-314,313.44108765362176,50.0
1,OOWWOWOO,0.01063999612820357,0.0119799485187353,0.00468829402095964,1.3532994845832536,1.182190566502097,0.00729165449777566,0.00595170210724393,5,0.17110891808115647,145961,319746,478825,0.0,0.0,0.0,0.0,0.0,0.0,3.621698943e-314,313.44108765362176,50.0
1,OOWWOWOW,0.0051127311839559725,0.008012072492202914,0.004230035371066647,0.9213447819010983,0.27336557716433857,0.003782037121136267,0.0008826958128893255,4,0.6479792047367596,131694,213843,230085,0.0,0.0,0.0,0.0,0.0,0.0,3.621698943e-314,313.44108765362176,50.0
1,OOWWOWWO,0.004148915192592318,0.0022267059491501307,0.004895340720140283,-1.1361451402926748,-0.23862209996017927,-0.0026686347709901524,-0.0007464255275479647,4,-0.8975230403324955,152407,59431,186711,0.0,0.0,0.0,0.0,0.0,0.0,3.621698943e-314,313.44108765362176,50.0
1,OOWWOWWW,0.004615423997929353,0.004869633674630944,0.006427923128564919,-0.4004676196738561,-0.4778013651884903,-0.0015582894539339746,-0.0018124991306355653,3,0.07733374551463423,200121,129971,207705,0.0,0.0,6.273124266452935e-52,0.0,0.0,6.9121369248721e-52,3.621698943e-314,313.44108765362176,50.0
1,OOWWWOOO,0.007637931747855212,0.012099880637380949,0.004400722023168095,1.4589720985736894,0.7953028621085808,0.0076991586142128535,0.003237209724687117,5,0.6636692364651086,137008,322947,343725,0.0,0.0,0.0,0.0,0.0,0.0,3.621698943e-314,313.44108765362176,50.0
1,OOWWWOOW,0.00545984626674962,0.007519867480441623,0.0040964154100689,0.8761849108518779,0.41441037714439455,0.003423452070372723,0.00136343085668072,4,0.46177453370748334,127534,200706,245706,0.0,0.0,0.0,0.0,0.0,0.0,3.621698943e-314,313.44108765362176,50.0
1,OOWWWOWO,0.005718099355042799,0.0025031755222479886,0.004755521563836631,-0.9255712317281701,0.26588105029577325,-0.002252346041588643,0.0009625777912061675,4,-1.1914522820239433,148054,66810,257328,0.0,0.0,0.0,0.0,0.0,0.0,3.621698943e-314,313.44108765362176,50.0
1,OOWWWOWW,0.003963769371592596,0.0024818192874376107,0.005110449585236896,-1.0417532328796921,-0.3664955437216841,-0.002628630297799285,-0.0011466802136443,3,-0.675257689158008,159104,66240,178379,0.0,0.0,0.0,0.0,0.0,0.0,3.621698943e-314,313.44108765362176,50.0
1,OOWWWWOO,0.007579445934020447,0.014743445303198212,0.005678848342404234,1.3762472342139405,0.41643031129509045,0.009064596960793979,0.001900597591616213,4,0.95981692291885,176800,393504,341093,0.0,0.0,0.0,0.0,0.0,0.0,3.621698943e-314,313.44108765362176,50.0
1,OOWWWWOW,0.007104759780852411,0.014130371495825906,0.005712799375763517,1.3063792047030507,0.3145385364490809,0.008417572120062389,0.001391960405088894,3,0.9918406682539698,177857,377141,319731,0.0,0.0,0.0,0.0,0.0,0.0,3.621698943e-314,313.44108765362176,50.0
1,OOWWWWWO,0.005236191359360973,0.0025092826560621844,0.002991095675007732,-0.25330648769258884,0.8076370122681361,-0.0004818130189455476,0.0022450956843532406,3,-1.060943499960725,93122,66973,235641,3.242775669177772e-266,0.0,0.0,4.082707727751686e-266,0.0,0.0,3.242775669177772e-266,265.4890830941911,50.0
1,OOWWWWWW,0.005083621603361921,0.009264671864449505,0.005683345168014734,0.7049014301277333,-0.1608537484143914,0.003581326696434771,-0.0005997235646528131,2,0.8657551785421247,176940,247275,228775,0.0,7.786186700347626e-272,0.0,0.0,1.1888253252220632e-271,0.0,3.621698943e-314,313.44108765362176,50.0
1,OWOOOOOO,0.002653816023806393,0.0024463754310681063,0.0022241941873197032,0.13730418789768725,0.25468064503363746,0.0002221812437484031,0.00042962183648668963,7,-0.11737645713595021,69246,65294,119428,2.8492176440866856e-68,2.7909830103174998e-304,2.167864561823698e-63,3.2321996316965653e-68,4.437836339386832e-304,2.4164295841518143e-63,2.8492176440866856e-68,67.54527437490385,50.0
1,OWOOOOOW,0.0011740493822035936,0.001099171685319402,0.0009823957949798275,0.161884587214476,0.2568772969569243,0.00011677589033957459,0.0001916535872237661,6,-0.0949927097424483,30585,29337,52835,5.801013167738999e-43,6.342913567844411e-138,1.0800517334632302e-19,6.4103282198900014e-43,8.341365787850185e-138,1.1456902366018795e-19,5.801013167738999e-43,42.236496148724804,42.236496148724804
1,OWOOOOWO,0.007209643155206551,0.0017628635159001665,0.006300791444519466,-1.8370230772166565,0.19436593708637567,-0.0045379279286193,0.0009088517106870843,6,-2.031389014303032,196163,47051,324451,0.0,0.0,0.0,0.0,0.0,0.0,3.621698943e-314,313.44108765362176,50.0
1,OWOOOOWW,0.0033745336856288847,0.0001205690589820989,0.0038771309211911077,-4.995513513332897,-0.20024589181322505,-0.003756561862209009,-0.000502597235562223,5,-4.795267621519672,120707,3218,151862,0.0,3.6432568781113716e-283,0.0,0.0,5.629821493741516e-283,0.0,3.621698943e-314,313.44108765362176,50.0
1,OWOOOWOO,0.001158183549727141,0.000431695679798553,0.001687658651621059,-1.9644531072233762,-0.5427687022458594,-0.001255962971822506,-0.000529475101893918,6,-1.4216844049775168,52542,11522,52121,0.0,0.0,0.0,0.0,0.0,0.0,3.621698943e-314,313.44108765362176,50.0
1,OWOOOWOW,0.0017013994330875848,0.003918681752311288,0.0031570606602181546,0.3116976406359439,-0.891469307313965,0.0007616210920931336,-0.0014556612271305698,5,1.203166947949909,98289,104590,76567,0.0,0.0,0.0,0.0,0.0,0.0,3.621698943e-314,313.44108765362176,50.0
1,OWOOOWWO,0.0011561169917155023,0.000855073668144643,0.0046764737936406085,-2.4499227144847753,-2.015194833289101,-0.0038214001254959656,-0.0035203568019251063,5,-0.4347278811956743,145593,22822,52028,0.0,0.0,0.0,0.0,0.0,0.0,3.621698943e-314,313.44108765362176,50.0
1,OWOOOWWW,0.0010436784590392425,0.0003961019551145897,0.0025820451453667935,-2.7014914894477107,-1.3060138941068455,-0.002185943190252204,-0.001538366686327551,4,-1.3954775953408651,80387,10572,46968,0.0,0.0,0.0,0.0,0.0,0.0,3.621698943e-314,313.44108765362176,50.0
1,OWOOWOOO,0.001965318890122355,0.0031202957741106835,0.0018683346806144063,0.7396201851559638,0.07297242303204049,0.0012519610934962771,9.698420950794858e-05,6,0.6666477621239233,58167,83281,88444,0.0,2.0480149442564844e-21,0.0,0.0,2.23737621221761e-21,0.0,3.621698943e-314,313.44108765362176,50.0
1,OWOOWOOW,0.0019546305632019436,0.0024281289637827484,0.0019792456722791227,0.2947596611329359,-0.018045566820260244,0.00044888329150362567,-2.4615109077179113e-05,5,0.31280522795319615,61620,64807,87963,1.461383817901059e-289,0.017213239942276796,0.0,1.855112020079361e-289,0.017579479089984813,0.0,1.461383817901059e-289,288.8352357059652,50.0
1,OWOOWOWO,0.004370014678783778,0.0008175691224513301,0.003190883212845709,-1.9632317135689543,0.453560356948502,-0.002373314090394379,0.0011791314659380684,5,-2.4167920705174564,99342,21821,196661,0.0,0.0,0.0,0.0,0.0,0.0,3.621698943e-314,313.44108765362176,50.0
1,OWOOWOWW,0.0021014006241360733,0.0015349887437655719,0.006569541015112771,-2.0968445226874017,-1.643974557174597,-0.005034552271347199,-0.004468140390976698,4,-0.4528699655128048,204530,40969,94568,0.0,0.0,0.0,0.0,0.0,0.0,3.621698943e-314,313.44108765362176,50.0
1,OWOOWWOO,0.0038380426486909597,0.005414030326902509,0.004558110919535633,0.2482169084261527,-0.24800592178933356,0.0008559194073668756,-0.0007200682708446734,5,0.4962228302154863,141908,144501,172721,0.0,0.0,0.0,0.0,0.0,0.0,3.621698943e-314,313.44108765362176,50.0
1,OWOOWWOW,0.0020403816101580083,0.002130265688795897,0.0013541226720536067,0.6532869972203418,0.5911224439444842,0.0007761430167422905,0.0006862589381044016,4,0.06216455327585757,42158,56857,91822,0.0,0.0,6.914997106285496e-16,0.0,0.0,7.265003799763696e-16,3.621698943e-314,313.44108765362176,50.0
1,OWOOWWWO,0.00474932806866199,0.004482149147597735,0.004802288550185842,-0.09950998239747932,-0.01599532612221236,-0.0003201394025881075,-5.2960481523852375e-05,4,-0.08351465627526697,149510,119629,213731,3.0506264860555915e-71,0.0009841174661794497,2.013079000010502e-58,3.4812498384705707e-71,0.001017230436104734,2.2309446926523313e-58,3.0506264860555915e-71,70.51561096344092,50.0
1,OWOOWWWW,0.0018072827548667107,0.001408087748497589,0.0023628248968548655,-0.7463617143412236,-0.3865028855363679,-0.0009547371483572765,-0.0005555421419881548,3,-0.35985882880485565,73562,37582,81332,0.0,0.0,0.0,0.0,0.0,0.0,3.621698943e-314,313.44108765362176,50.0
1,OWOWOOOO,0.001549074108681308,0.0031239675478149237,0.0028950242078576694,0.10976754578781864,-0.9017364698934973,0.0002289433399572543,-0.0013459500991763614,6,1.011504015681316,90131,83379,69712,1.3556664006448547e-56,0.0,0.0,1.5177139878939483e-56,0.0,0.0,1.3556664006448547e-56,55.86784716753648,50.0
1,OWOWOOOW,0.0022135947252195586,0.0028089068837439265,0.0029233542092038265,-0.05759574432413792,-0.4010753595602546,-0.00011444732545990008,-0.0007097594839842679,5,0.34347961523611664,91013,74970,99617,5.009811292636091e-16,0.0,0.0,5.351230977391541e-16,0.0,0.0,5.009811292636091e-16,15.300178632637811,15.300178632637811
1,OWOWOOWO,0.004139560128905222,0.001157395525486643,0.005939086064520518,-2.358355899176593,-0.5206578874520214,-0.004781690539033875,-0.001799525935615296,5,-1.8376980117245718,184902,30891,186290,0.0,0.0,0.0,0.0,0.0,0.0,3.621698943e-314,313.44108765362176,50.0
1,OWOWOOWW,0.0029779545368792387,0.000789393879333077,0.004373323507126971,-2.4684162400635254,-0.5542538140141469,-0.0035839296277938937,-0.0013953689702477321,4,-1.9141624260493786,136155,21069,134015,0.0,0.0,0.0,0.0,0.0,0.0,3.621698943e-314,313.44108765362176,50.0
1,OWOWOWOO,0.005536864439527468,0.0020025778848770056,0.0026429771323890835,-0.40013110651585154,1.066620039531991,-0.0006403992475120779,0.0028938873071383845,5,-1.4667511460478424,82284,53449,249172,0.0,0.0,0.0,0.0,0.0,0.0,3.621698943e-314,313.44108765362176,50.0
1,OWOWOWOW,0.003030796203026303,0.0030878492840303545,0.003248667421940648,-0.07322259868740648,-0.1001192981531205,-0.0001608181379102935,-0.0002178712189143451,4,0.02689669946571402,101141,82415,136393,2.1627934248793224e-27,8.813737046069421e-63,2.339084979443033e-05,2.3361819272958084e-27,1.0445910573119313e-62,2.3888527449630978e-05,2.1627934248793224e-27,26.664984959395547,26.664984959395547
1,OWOWOWWO,0.0005641258950696058,0.00018651111734396778,0.0023676750444776204,-3.659032251469333,-2.0674360879936384,-0.0021811639271336527,-0.0018035491494080146,4,-1.5915961634756948,73713,4978,25387,0.0,0.0,0.0,0.0,0.0,0.0,3.621698943e-314,313.44108765362176,50.0
1,OWOWOWWW,0.0028990920166286367,0.00039861224938177447,0.002648437563487549,-2.729013417207496,0.13041254673985744,-0.002249825314105775,0.0002506544531410875,3,-2.8594259639473534,82454,10639,130466,0.0,1.1263615952510218e-92,0.0,0.0,1.4042949758973777e-92,0.0,3.621698943e-314,313.44108765362176,50.0
1,OWOWWOOO,0.004275197441841169,0.00615689009459613,0.005745658322903107,0.0997128446383117,-0.42639480676362185,0.00041123177169302347,-0.0014704608810619376,5,0.5261076514019336,178880,164328,192394,2.022982999600349e-91,0.0,0.0,2.3328092247643665e-91,0.0,0.0,2.022982999600349e-91,90.69400776686379,50.0
1,OWOWWOOW,0.001232290764445585,0.0008493412051165942,0.0016506562008832214,-0.9577996614211244,-0.4214004409384444,-0.0008013149957666273,-0.00041836543643763643,4,-0.53639922048268,51390,22669,55456,0.0,0.0,0.0,0.0,0.0,0.0,3.621698943e-314,313.44108765362176,50.0
1,OWOWWOWO,0.0025025573099867683,0.00039692623084411306,0.0025038003797440748,-2.6541227242176797,-0.0007161511706114147,-0.0021068741488999617,-1.2430697573064323e-06,4,-2.6534065730470684,77951,10594,112621,0.0,0.9164015318767569,0.0,0.0,0.9187942251714742,0.0,3.621698943e-314,313.44108765362176,50.0
1,OWOWWOWW,0.0025379332277774016,0.0002517787682907721,0.002004042453502743,-2.9876855866401963,0.3405896698655108,-0.0017522636852119707,0.0005338907742746587,3,-3.328275256505707,62392,6720,114213,0.0,0.0,0.0,0.0,0.0,0.0,3.621698943e-314,313.44108765362176,50.0
1,OWOWWWOO,0.004065564019456221,0.0010935516235271972,0.004776431802925462,-2.1258952795919814,-0.23242495284886908,-0.0036828801793982644,-0.0007108677834692404,4,-1.8934703267431123,148705,29187,182960,0.0,0.0,0.0,0.0,0.0,0.0,3.621698943e-314,313.44108765362176,50.0
1,OWOWWWOW,0.003357690126781334,0.0014225500408428624,0.00488917364501731,-1.7803924868961678,-0.5419869962316864,-0.0034666236041744473,-0.0015314835182359756,3,-1.2384054906644812,152215,37968,151104,0.0,0.0,0.0,0.0,0.0,0.0,3.621698943e-314,313.44108765362176,50.0
1,OWOWWWWO,0.0035905667715337456,0.0004290729842955241,0.0041165547647673585,-3.2591344242698734,-0.19717450117287263,-0.0036874817804718346,-0.0005259879932336129,3,-3.061959923097001,128161,11452,161584,0.0,8.51054044782262e-292,0.0,0.0,1.3284746064893845e-291,0.0,3.621698943e-314,313.44108765362176,50.0
1,OWOWWWWW,0.002672503930126696,0.0024975179933771695,0.0036638850267045595,-0.5526953315691693,-0.4550361418810847,-0.00116636703332739,-0.0009913810965778637,2,-0.09765918968808457,114068,66659,120269,0.0,0.0,4.7683622322432467e-45,0.0,0.0,5.2092492096199336e-45,3.621698943e-314,313.44108765362176,50.0
1,OWWOOOOO,0.009532009939210752,0.017381352440144656,0.004631794619181987,1.9076687110378703,1.0410490742695222,0.01274955782096267,0.004900215320028765,6,0.8666196367683481,144202,463910,428963,0.0,0.0,0.0,0.0,0.0,0.0,3.621698943e-314,313.44108765362176,50.0
1,OWWOOOOW,0.0010005918355492688,0.0008667259295938142,0.0008206064335505846,0.07879196210969826,0.28577532356992513,4.611949604322956e-05,0.00017998540199868414,5,-0.2069833614602269,25548,23133,45029,1.728367148797756e-09,7.219345230117079e-144,1.3890795626967648e-71,1.8084277524205404e-09,9.5924863957265e-144,1.561951836238822e-71,1.728367148797756e-09,8.762363996949702,8.762363996949702
1,OWWOOOWO,0.005101087351718352,0.0016194770060417162,0.004103032167752923,-1.340623489453802,0.31404556026152913,-0.002483555161711207,0.0009980551839654291,5,-1.6546690497153311,127740,43224,229561,0.0,0.0,0.0,0.0,0.0,0.0,3.621698943e-314,313.44108765362176,50.0
1,OWWOOOWW,0.0020909345077545476,9.94376266434091e-05,0.002650750216658664,-4.722573138118677,-0.3421072004475992,-0.002551312590015255,-0.0005598157089041164,4,-4.380465937671078,82526,2654,94097,0.0,0.0,0.0,0.0,0.0,0.0,3.621698943e-314,313.44108765362176,50.0
1,OWWOOWOO,0.0004975516176193936,0.00024473495751120886,0.00026939197425194746,-0.13794922459409326,0.8826905516893718,-2.46570167407386e-05,0.00022815964336744615,5,-1.0206397762834651,8387,6532,22391,5.758136163889589e-09,0.0,0.0,6.016664726349938e-09,0.0,0.0,5.758136163889589e-09,8.23971806948109,8.23971806948109
1,OWWOOWOW,0.0017549077308513068,0.003254427915551303,0.0021517310546247713,0.5966791017563532,-0.29395105536720184,0.0011026968609265317,-0.00039682332377346456,4,0.8906301571235551,66990,86861,78975,0.0,0.0,0.0,0.0,0.0,0.0,3.621698943e-314,313.44108765362176,50.0
1,OWWOOWWO,0.002793364242226731,5.972252331182898e-05,0.0029108594580432197,-5.583565171898889,-0.059420638339767885,-0.0028511369347313906,-0.00011749521581648882,4,-5.524144533559121,90624,1594,125708,0.0,3.14944811615921e-21,0.0,0.0,3.435761581264593e-21,0.0,3.621698943e-314,313.44108765362176,50.0
1,OWWOOWWW,0.0013938600472695147,6.78154122926038e-05,0.003153591680461482,-5.518577754230138,-1.1773329027089585,-0.0030857762681688783,-0.0017597316331919674,3,-4.34124485152118,98181,1810,62727,0.0,0.0,0.0,0.0,0.0,0.0,3.621698943e-314,313.44108765362176,50.0
1,OWWOWOOO,0.0023071009199827405,0.002266008914616949,0.0014200654076133121,0.6738171049633953,0.6997333468488913,0.0008459435070036368,0.0008870355123694283,5,-0.025916241885496016,44211,60480,103825,0.0,0.0,0.000435287222946829,0.0,0.0,0.00044161240055900217,3.621698943e-314,313.44108765362176,50.0
1,OWWOWOOW,0.003913883105612714,0.0035038087908107344,0.0031579279051573224,0.14990072690927184,0.3095342193109931,0.00034588088565341195,0.0007559552004553914,4,-0.15963349240172128,98316,93517,176134,8.086717438649246e-115,0.0,4.005105218924546e-167,9.42427768267469e-115,0.0,4.806126262709455e-167,8.086717438649246e-115,114.09222773148804,50.0
1,OWWOWOWO,0.0031927432437663388,0.0038413871691291655,0.002979789370615615,0.3663084613048711,0.09955389928659772,0.0008615977985135504,0.0002129538731507237,4,0.2667545620182734,92770,102527,143681,0.0,8.155537008590232e-61,0.0,0.0,9.636080650149689e-61,0.0,3.621698943e-314,313.44108765362176,50.0
1,OWWOWOWW,0.0018005275544845797,0.0007019082507677566,0.0037582220039762857,-2.419025822898483,-1.0612133993994217,-0.003056313753208529,-0.0019576944494917063,3,-1.3578124234990614,117005,18734,81028,0.0,0.0,0.0,0.0,0.0,0.0,3.621698943e-314,313.44108765362176,50.0
1,OWWOWWOO,0.007320726203595606,0.011916779024190919,0.006650676597199383,0.841325470820386,0.13846579811133844,0.005266102426991536,0.000670049606396223,4,0.7028596727090476,207056,318060,329450,0.0,2.5363046848074158e-260,0.0,0.0,3.8119021485950984e-260,0.0,3.621698943e-314,313.44108765362176,50.0
1,OWWOWWOW,0.0025108235420333233,0.0034881100848711756,0.0024462088917467286,0.5117218627640188,0.03759786316501596,0.001041901193124447,6.46146502865947e-05,3,0.4741239995990028,76158,93098,112993,0.0,2.545687005279054e-08,0.0,0.0,2.6708847268501552e-08,0.0,3.621698943e-314,313.44108765362176,50.0
1,OWWOWWWO,0.0025332223643530207,0.0013906655569417541,0.004369372724626316,-1.6509437779075529,-0.7862132056108243,-0.002978707167684562,-0.0018361503602732955,3,-0.8647305722967286,136032,37117,114001,0.0,0.0,0.0,0.0,0.0,0.0,3.621698943e-314,313.44108765362176,50.0
1,OWWOWWWW,0.00578816233795352,0.005684804904050933,0.0067418657965437594,-0.24599728700746895,-0.22000727119436117,-0.0010570608924928265,-0.0009537034585902398,2,-0.02599001581310778,209895,151728,260481,0.0,0.0,2.1656159147375944e-08,0.0,0.0,2.238483206619748e-08,3.621698943e-314,313.44108765362176,50.0
1,OWWWOOOO,0.0001460812082635833,0.0017525226022025097,0.0006080671830885438,1.5255827481313524,-2.0499884398680916,0.001144455419113966,-0.0004619859748249605,5,3.575571187999444,18931,46775,6574,0.0,0.0,0.0,0.0,0.0,0.0,3.621698943e-314,313.44108765362176,50.0
1,OWWWOOOW,0.0037699573395763237,0.0072451963271172705,0.003009564780193719,1.267189733314522,0.3248966684006781,0.004235631546923552,0.0007603925593826048,4,0.9422930649138438,93697,193375,169657,0.0,0.0,0.0,0.0,0.0,0.0,3.621698943e-314,313.44108765362176,50.0
1,OWWWOOWO,0.006213584414650554,0.006353404921930223,0.005180246742748459,0.2944577362373182,0.2623586281093886,0.0011731581791817637,0.0010333376719020943,4,0.0320991081279296,161277,169573,279626,0.0,0.0,4.3201446723772784e-13,0.0,0.0,4.501860391296811e-13,3.621698943e-314,313.44108765362176,50.0
1,OWWWOOWW,0.0017105545072896833,0.0016862058730544938,0.0025448499735313632,-0.5935113818108795,-0.5728401658981831,-0.0008586441004768694,-0.0008342954662416799,3,-0.020671215912696383,79229,45005,76979,0.0,0.0,0.015581487814765822,0.0,0.0,0.015745503475973883,3.621698943e-314,313.44108765362176,50.0
1,OWWWOWOO,0.007050829283064806,0.006716086242920502,0.0053050336534398645,0.34020172640795754,0.4103637231726972,0.0014110525894806374,0.0017457956296249412,4,-0.07016199676473966,165162,179253,317304,0.0,0.0,1.4788443240611848e-61,0.0,0.0,1.6436359491736467e-61,3.621698943e-314,313.44108765362176,50.0
1,OWWWOWOW,0.006441172448577482,0.004664538886294085,0.004056682743781829,0.2013876569421715,0.6668912101525757,0.0006078561425122558,0.0023844897047956524,3,-0.46550355321040415,126297,124497,289868,1.2778543697069702e-268,0.0,0.0,1.6114813726353908e-268,0.0,0.0,1.2778543697069702e-268,267.89351863759896,50.0
1,OWWWOWWO,0.002094534318484499,0.0009155455330287659,0.00315564737216914,-1.78411464751169,-0.5910749581359931,-0.002240101839140374,-0.0010611130536846407,3,-1.193039689375697,98245,24436,94259,0.0,0.0,0.0,0.0,0.0,0.0,3.621698943e-314,313.44108765362176,50.0
1,OWWWOWWW,0.0013025759578951916,0.000534130672731138,0.0014407829256045492,-1.42989084008936,-0.14537931967613296,-0.0009066522528734112,-0.00013820696770935762,2,-1.284511520413227,44856,14256,58619,0.0,6.0143185223281435e-58,0.0,0.0,7.073501723044433e-58,0.0,3.621698943e-314,313.44108765362176,50.0
1,OWWWWOOO,0.0017417528669492622,0.0044079268648620175,0.0024572582346753884,0.842791070128678,-0.49626847468616014,0.001950668630186629,-0.0007155053677261262,4,1.3390595448148381,76502,117648,78383,0.0,0.0,0.0,0.0,0.0,0.0,3.621698943e-314,313.44108765362176,50.0
1,OWWWWOOW,0.006444016743475221,0.008378687856447737,0.00511587789615243,0.7116326977182551,0.332920299775614,0.003262809960295307,0.0013281388473227913,3,0.3787123979426411,159273,223628,289996,0.0,0.0,0.0,0.0,0.0,0.0,3.621698943e-314,313.44108765362176,50.0
1,OWWWWOWO,0.003946370286397831,0.0034836515025160266,0.004803380636405535,-0.4633360754764815,-0.28345859709018967,-0.0013197291338895088,-0.0008570103500077043,3,-0.1798774783862918,149544,92979,177596,0.0,0.0,8.98792639983792e-212,0.0,0.0,1.1169461933779164e-211,3.621698943e-314,313.44108765362176,50.0
1,OWWWWOWW,0.0026051963578981605,0.005821747076387655,0.004772513140607739,0.28664852275449404,-0.8731056462438943,0.0010492339357799163,-0.0021673167827095784,2,1.1597541689983883,148583,155383,117240,0.0,0.0,0.0,0.0,0.0,0.0,3.621698943e-314,313.44108765362176,50.0
1,OWWWWWOO,0.005514154522453331,0.0033567879743266584,0.003805117471057226,-0.1808089543110516,0.5350812182349579,-0.0004483294967305676,0.0017090370513961049,3,-0.7158901725460095,118465,89593,248150,7.179815103660891e-178,0.0,0.0,8.738665609527042e-178,0.0,0.0,7.179815103660891e-178,177.14388673967048,50.0
1,OWWWWWOW,0.007396233344709032,0.009459313337852862,0.005115267612676718,0.8867962401541578,0.5318940579865824,0.004344045725176144,0.0022809657320323135,2,0.3549021821675754,159254,252470,332848,0.0,0.0,0.0,0.0,0.0,0.0,3.621698943e-314,313.44108765362176,50.0
1,OWWWWWWO,0.007107848507342925,0.003650117732801131,0.006283285944821445,-0.7834106367861216,0.1778670637448121,-0.0026331682120203136,0.0008245625625214808,2,-0.9612777005309336,195618,97422,319870,0.0,0.0,0.0,0.0,0.0,0.0,3.621698943e-314,313.44108765362176,50.0
1,OWWWWWWW,0.001805216196855072,0.0020757510894115114,0.0014927212614058369,0.47541735473769414,0.2740596314908667,0.0005830298280056745,0.0003124949354492352,1,0.20135772324682744,46473,55402,81239,0.0,2.4459392938944773e-238,1.1997578939273976e-140,0.0,3.598623328948197e-238,1.4088900038780449e-140,3.621698943e-314,313.44108765362176,50.0
1,WOOOOOOO,0.008265854288638958,0.010829896540657137,0.0030950365869761715,1.8066582431877694,1.4169159376826488,0.007734859953680966,0.005170817701662786,7,0.38974230550512057,96358,289051,371983,0.0,0.0,0.0,0.0,0.0,0.0,3.621698943e-314,313.44108765362176,50.0
1,WOOOOOOW,0.0008232456044644409,0.002161475765281941,0.002009567124967073,0.1050814617721417,-1.2864563094559764,0.00015190864031486805,-0.001186321520502632,6,1.391537771228118,62564,57690,37048,1.4868556399962504e-36,0.0,0.0,1.6266454864916244e-36,0.0,0.0,1.4868556399962504e-36,35.82773119542995,35.82773119542995
1,WOOOOOWO,0.006789331920903892,0.0039106263304091275,0.004266909341072755,-0.12576097156827146,0.6699525663805384,-0.00035628301066362774,0.002522422579831137,6,-0.7957135379488098,132842,104375,305536,2.4159818414375944e-99,0.0,0.0,2.7943886358796273e-99,0.0,0.0,2.4159818414375944e-99,98.61690633420368,50.0
1,WOOOOOWW,0.0025570211130676998,0.00011667248280617028,0.004708080053645845,-5.322596351419337,-0.8804170766419169,-0.004591407570839675,-0.002151058940578145,5,-4.44217927477742,146577,3114,115072,0.0,0.0,0.0,0.0,0.0,0.0,3.621698943e-314,313.44108765362176,50.0
1,WOOOOWOO,0.0023539429015798858,0.0008977486706867843,0.002119193309314503,-1.2382061721573412,0.15149627141254904,-0.0012214446386277188,0.0002347495922653828,6,-1.3897024435698901,65977,23961,105933,0.0,1.4691922859081516e-100,0.0,0.0,1.8650242571528273e-100,0.0,3.621698943e-314,313.44108765362176,50.0
1,WOOOOWOW,0.0027324341124642204,0.0063089314996145765,0.003788800418127693,0.7355024695529776,-0.4714072731032686,0.0025201310814868833,-0.0010563663056634728,5,1.2069097426562463,117957,168386,122966,0.0,0.0,0.0,0.0,0.0,0.0,3.621698943e-314,313.44108765362176,50.0
1,WOOOOWWO,0.0019580970476085636,2.8474979747170656e-05,0.003741969191412618,-6.98854854125675,-0.9339943073577284,-0.0037134942116654472,-0.0017838721438040543,5,-6.054554233899022,116499,760,88119,0.0,0.0,0.0,0.0,0.0,0.0,3.621698943e-314,313.44108765362176,50.0
1,WOOOOWWW,0.0027047466793190386,0.0001228170836989808,0.006885571494982201,-5.79750362093894,-1.3477591347144713,-0.00676275441128322,-0.0041808248156631625,4,-4.449744486224469,214369,3278,121720,0.0,0.0,0.0,0.0,0.0,0.0,3.621698943e-314,313.44108765362176,50.0
1,WOOOWOOO,0.0006442327943379688,0.0068882849362336546,0.0010756406860318608,2.6778173975197617,-0.738645179353934,0.005812644250201794,-0.000431407891693892,6,3.4164625768736956,33488,183849,28992,0.0,0.0,0.0,0.0,0.0,0.0,3.621698943e-314,313.44108765362176,50.0
1,WOOOWOOW,0.004113805927448348,0.006043926852572816,0.004633143666865137,0.3834221109992248,-0.1714783827252272,0.001410783185707679,-0.000519337739416789,5,0.5549004937244519,144244,161313,185131,0.0,6.593526391408666e-251,0.0,0.0,9.794638817411713e-251,0.0,3.621698943e-314,313.44108765362176,50.0
1,WOOOWOWO,0.008166792830403629,0.00340320968473027,0.004123171522451382,-0.27678443140239056,0.9858419388665879,-0.000719961837721112,0.004043621307952247,5,-1.2626263702689784,128367,90832,367525,0.0,0.0,0.0,0.0,0.0,0.0,3.621698943e-314,313.44108765362176,50.0
1,WOOOWOWW,0.0025449773018600846,0.0004777427194160171,0.006020318007155927,-3.6527568610561985,-1.2418597560307494,-0.00554257528773991,-0.0034753407052958425,4,-2.410897105025449,187431,12751,114530,0.0,0.0,0.0,0.0,0.0,0.0,3.621698943e-314,313.44108765362176,50.0
1,WOOOWWOO,0.010727147101554617,0.011042934349660312,0.006787315855392753,0.7021286179018099,0.660275325244237,0.004255618494267559,0.003939831246161864,5,0.04185329265757287,211310,294737,482747,0.0,0.0,1.1668244255157838e-35,0.0,0.0,1.2639226499240084e-35,3.621698943e-314,313.44108765362176,50.0
1,WOOOWWOW,0.004676487454015195,0.0038107390988223423,0.005260193878066582,-0.46494084037586025,-0.1696564313409952,-0.0014494547792442396,-0.0005837064240513867,4,-0.2952844090348651,163766,101709,210453,0.0,6.564970535675555e-279,0.0,0.0,1.012429191043941e-278,0.0,3.621698943e-314,313.44108765362176,50.0
1,WOOOWWWO,0.004648422262953908,0.0009755303258908978,0.005706728661189341,-2.5471799999591447,-0.2958652942693694,-0.0047311983352984425,-0.0010583063982354327,4,-2.2513147056897753,177668,26037,209190,0.0,0.0,0.0,0.0,0.0,0.0,3.621698943e-314,313.44108765362176,50.0
1,WOOOWWWW,0.0031549896732096265,0.0018815592209515304,0.0034616884751466712,-0.8791973501575602,-0.13380011493047578,-0.0015801292541951408,-0.00030669880193704476,3,-0.7453972352270843,107773,50219,141982,0.0,1.5411952015083017e-116,0.0,0.0,1.982643073297112e-116,0.0,3.621698943e-314,313.44108765362176,50.0
1,WOOWOOOO,0.002423983663436718,0.006226878597448387,0.0025297534875532526,1.2991738355824958,-0.06159195784751755,0.003697125109895134,-0.00010576982411653448,6,1.3607657934300132,78759,166196,109085,0.0,6.684447050515561e-20,0.0,0.0,7.261181520220581e-20,0.0,3.621698943e-314,313.44108765362176,50.0
1,WOOWOOOW,0.002414517494480179,0.0028301507173184603,0.0028894995363933397,-0.02993028728800841,-0.25898653937799343,-5.93488190748794e-05,-0.00047498204191316054,5,0.22905625208998504,89959,75537,108659,2.5303527937661793e-05,0.0,1.6164873415660107e-244,2.6154925243774237e-05,0.0,2.0385259085758558e-244,2.5303527937661793e-05,4.596818923209823,4.596818923209823
1,WOOWOOWO,0.006008528529366656,0.004233292811438909,0.00715319685917288,-0.7566687783461711,-0.25153800654185743,-0.0029199040477339714,-0.0011446683298062237,5,-0.5051307718043136,222701,112987,270398,0.0,0.0,0.0,0.0,0.0,0.0,3.621698943e-314,313.44108765362176,50.0
1,WOOWOOWW,0.0024258502319633593,0.00020584412990915207,0.002963375957137286,-3.8411125085254256,-0.288643350822844,-0.0027575318272281338,-0.0005375257251739266,4,-3.5524691577025815,92259,5494,109169,0.0,0.0,0.0,0.0,0.0,0.0,3.621698943e-314,313.44108765362176,50.0
1,WOOWOWOO,0.00579698409634729,0.0034421379794109413,0.0035135946907650264,-0.029634328513331927,0.7221930513830179,-7.145671135408514e-05,0.0022833894055822638,5,-0.7518273798963498,109389,91871,260878,4.222818681190922e-06,0.0,0.0,4.376686568359822e-06,0.0,0.0,4.222818681190922e-06,5.374397565851628,5.374397565851628
1,WOOWOWOW,0.005364095745543689,0.01140081988458791,0.006184933944683199,0.8822007833228139,-0.20538751040602474,0.0052158859399047105,-0.0008208381991395095,4,1.0875882937288386,192556,304289,241397,0.0,0.0,0.0,0.0,0.0,0.0,3.621698943e-314,313.44108765362176,50.0
1,WOOWOWWO,0.0034889498921012287,0.00021700931933633214,0.0037788110412357947,-4.115852400703455,-0.11510779093026,-0.0035618017218994624,-0.000289861149134566,4,-4.000744609773195,117646,5792,157011,0.0,4.107340814358399e-95,0.0,0.0,5.1543100415477945e-95,0.0,3.621698943e-314,313.44108765362176,50.0
1,WOOWOWWW,0.001734086603357699,0.002790697883537183,0.004488795564768052,-0.6855069336913486,-1.3716420819665638,-0.001698097681230869,-0.002754708961410353,3,0.6861351482752152,139750,74484,78038,0.0,0.0,0.0,0.0,0.0,0.0,3.621698943e-314,313.44108765362176,50.0
1,WOOWWOOO,0.0059155556398968,0.009731923801853407,0.006124515880587824,0.6680419098130121,-0.05007380433792129,0.003607407921265583,-0.00020896024069102376,5,0.7181157141509334,190675,259746,266214,0.0,4.44547427042421e-31,0.0,0.0,4.955187575741355e-31,0.0,3.621698943e-314,313.44108765362176,50.0
1,WOOWWOOW,0.0038753962402776777,0.0028934326130986856,0.0038310384586834716,-0.4048314713950245,0.0166040085726773,-0.000937605845584786,4.43577815942061e-05,4,-0.4214354799677018,119272,77226,174402,0.0,0.0021498500976195726,0.0,0.0,0.002213250502643206,0.0,3.621698943e-314,313.44108765362176,50.0
1,WOOWWOWO,0.0035844337606604952,0.0011189917699065772,0.0032119540528491998,-1.5204122186698117,0.15824731511199,-0.0020929622829426228,0.00037247970781129546,4,-1.6786595337818018,99998,29866,161308,0.0,1.678286601843117e-165,0.0,0.0,2.2853264365523295e-165,0.0,3.621698943e-314,313.44108765362176,50.0
1,WOOWWOWW,0.0021731524071423266,0.0018251712676364096,0.0030472096345901993,-0.7391400497905964,-0.48750904853414534,-0.0012220383669537898,-0.0008740572274478727,3,-0.2516310012564511,94869,48714,97797,0.0,0.0,9.272711594016112e-222,0.0,0.0,1.1579581307649388e-221,3.621698943e-314,313.44108765362176,50.0
1,WOOWWWOO,0.003449729731987869,0.0028732003906467483,0.006555665096086082,-1.1898015554996075,-0.9260607227454496,-0.003682464705439334,-0.003105935364098213,4,-0.26374083275415794,204098,76686,155246,0.0,0.0,0.0,0.0,0.0,0.0,3.621698943e-314,313.44108765362176,50.0
1,WOOWWWOW,0.002045559115714049,0.0010685236150125789,0.0030147682498287273,-1.495557229842195,-0.5593252270793294,-0.0019462446348161484,-0.0009692091341146781,3,-0.9362320027628657,93859,28519,92055,0.0,0.0,0.0,0.0,0.0,0.0,3.621698943e-314,313.44108765362176,50.0
1,WOOWWWWO,0.0030587725098720365,0.0008055796572946267,0.003484879247223684,-2.1116336694031848,-0.1880982001835272,-0.0026792995899290574,-0.0004261067373516475,3,-1.9235354692196576,108495,21501,137652,0.0,7.722769762232942e-226,0.0,0.0,1.1127743297176173e-225,0.0,3.621698943e-314,313.44108765362176,50.0
1,WOOWWWWW,0.0036400752795975218,0.0032700891544122468,0.0033547282659826096,-0.036854815593941784,0.11773867236503278,-8.463911157036283e-05,0.0002853470136149122,2,-0.15459348795897457,104443,87279,163812,2.3726849668933258e-08,2.8037665833116438e-95,2.79815969682175e-146,2.4758451828452096e-08,3.5242106971904135e-95,3.3010547575408668e-146,2.3726849668933258e-08,7.624759921379116,7.624759921379116
1,WOWOOOOO,0.017416573164175414,0.013237043940415655,0.003017530585560892,2.132771640008578,2.5286252988944695,0.010219513354854763,0.014399042578614522,6,-0.3958536588858914,93945,353298,783787,0.0,0.0,0.0,0.0,0.0,0.0,3.621698943e-314,313.44108765362176,50.0
1,WOWOOOOW,0.000731517094012346,0.0009336421319996651,0.0006716009049283378,0.4746633528953901,0.1231117067547927,0.0002620412270713273,5.9916189084008135e-05,5,0.35155164614059736,20909,24919,32920,7.612867723084132e-272,3.249369036840007e-22,3.104010068156321e-183,9.616253966001009e-272,3.565022028990179e-22,3.777939353952543e-183,7.612867723084132e-272,271.11845171619825,50.0
1,WOWOOOWO,0.004801369776869065,0.0009358526896379324,0.003996939203528029,-2.0933624112459857,0.26448996042574935,-0.003061086513890097,0.0008044305733410362,5,-2.357852371671735,124437,24978,216073,0.0,0.0,0.0,0.0,0.0,0.0,3.621698943e-314,313.44108765362176,50.0
1,WOWOOOWW,0.003022263318333085,0.00025575027862393014,0.004592061952894916,-4.16101849602568,-0.6033496038817058,-0.004336311674270986,-0.0015697986345618313,4,-3.5576688921439747,142965,6826,136009,0.0,0.0,0.0,0.0,0.0,0.0,3.621698943e-314,313.44108765362176,50.0
1,WOWOOWOO,0.0002403651399128659,5.983492454767308e-05,6.587849519384097e-05,-0.13664259211775498,1.8516030329726172,-6.043570646167888e-06,0.00017448664471902495,5,-1.9882456250903722,2051,1597,10817,0.004061390897779916,0.0,0.0,0.004147803470073106,0.0,0.0,0.004061390897779916,2.3913252088407075,2.3913252088407075
1,WOWOOWOW,0.0017230205185211817,0.004599645906133428,0.00155953124190471,1.5597991817088956,0.14373970447537043,0.003040114664228718,0.00016348927661647165,4,1.4160594772335253,48553,122765,77540,0.0,4.513694572861929e-67,0.0,0.0,5.424909909167389e-67,0.0,3.621698943e-314,313.44108765362176,50.0
1,WOWOOWWO,0.00039173495900193334,2.7163631995656218e-05,0.002408756758447841,-6.41891032089399,-2.6172595985167195,-0.002381593126452185,-0.002017021799445908,4,-3.8016507223772704,74992,725,17629,0.0,0.0,0.0,0.0,0.0,0.0,3.621698943e-314,313.44108765362176,50.0
1,WOWOOWWW,0.002398896093596501,0.00010756798270279862,0.004896240085262384,-5.4952983130864475,-1.0289969813758617,-0.004788672102559585,-0.0024973439916658826,3,-4.466301331710586,152435,2871,107956,0.0,0.0,0.0,0.0,0.0,0.0,3.621698943e-314,313.44108765362176,50.0
1,WOWOWOOO,0.0015829167737536288,0.0028239311822684204,0.001280374732041389,1.1405232758801833,0.30580408480497073,0.0015435564502270314,0.00030254204171223983,5,0.8347191910752125,39862,75371,71235,0.0,5.193524899870717e-257,0.0,0.0,7.759974947666751e-257,0.0,3.621698943e-314,313.44108765362176,50.0
1,WOWOWOOW,0.008678321490918944,0.009782242088432947,0.004588336011674787,1.0920272034332177,0.9192968252583513,0.00519390607675816,0.0040899854792441565,4,0.17273037817486636,142849,261089,390545,0.0,0.0,0.0,0.0,0.0,0.0,3.621698943e-314,313.44108765362176,50.0
1,WOWOWOWO,0.007115514770934488,0.0025981545665362486,0.0040577748300015225,-0.64300187482714,0.8101265659031852,-0.001459620263465274,0.0030577399409329655,4,-1.453128440730325,126331,69345,320215,0.0,0.0,0.0,0.0,0.0,0.0,3.621698943e-314,313.44108765362176,50.0
1,WOWOWOWW,0.002802052674297169,0.001221201960367474,0.003774057254161836,-1.627015824974926,-0.42949966973854503,-0.002552855293794362,-0.000972004579864667,3,-1.1975161552363809,117498,32594,126099,0.0,0.0,0.0,0.0,0.0,0.0,3.621698943e-314,313.44108765362176,50.0
1,WOWOWWOO,0.006413662783863409,0.004545056372591813,0.004395936115911205,0.048117002701758615,0.5448748539769939,0.00014912025668060817,0.002017726667952204,4,-0.49675785127523525,136859,121308,288630,2.3405309159032913e-17,0.0,0.0,2.5035205340024062e-17,0.0,0.0,2.3405309159032913e-17,16.630685617934304,16.630685617934304
1,WOWOWWOW,0.0058528256047693135,0.006349171142046762,0.0032725969582251004,0.955918764494257,0.8385030564278463,0.0030765741838216618,0.002580228646544213,3,0.11741570806641066,101886,169460,263391,0.0,0.0,1.327855665764213e-150,0.0,0.0,1.5737548631279562e-150,3.621698943e-314,313.44108765362176,50.0
1,WOWOWWWO,0.006684915188681413,0.00023031013224455,0.005095224618527057,-4.4615284985843,0.39169618791370003,-0.004864914486282507,0.0015896905701543564,3,-4.853224686498,158630,6147,300837,0.0,0.0,0.0,0.0,0.0,0.0,3.621698943e-314,313.44108765362176,50.0
1,WOWOWWWW,0.003832909585242696,0.0034180091807830756,0.0047799329028650655,-0.4837138618596364,-0.31847584413084107,-0.0013619237220819898,-0.0009470233176223693,2,-0.16523801772879532,148814,91227,172490,0.0,0.0,6.88389532616263e-175,0.0,0.0,8.352024661126224e-175,3.621698943e-314,313.44108765362176,50.0
1,WOWWOOOO,0.0034806836600546737,0.014110439010002886,0.0022941840659288595,2.6201833512459047,0.6011752705915497,0.011816254944074027,0.0011864995941258142,5,2.019008080654355,71425,376609,156639,0.0,0.0,0.0,0.0,0.0,0.0,3.621698943e-314,313.44108765362176,50.0
1,WOWWOOOW,0.007484673139185615,0.012329179158502903,0.0050888648223064905,1.2764945158429268,0.5565047131334337,0.007240314336196412,0.0023958083168791246,4,0.7199898027094931,158432,329067,336828,0.0,0.0,0.0,0.0,0.0,0.0,3.621698943e-314,313.44108765362176,50.0
1,WOWWOOWO,0.005623304339154079,0.005052960090292662,0.003544140984733502,0.5115712694293391,0.6658316604756286,0.0015088191055591597,0.002079163354420577,4,-0.15426039104628952,110340,134864,253062,0.0,0.0,2.709525713360277e-224,0.0,0.0,3.389113595864321e-224,3.621698943e-314,313.44108765362176,50.0
1,WOWWOOWW,0.0016937331694960216,0.0008829117075553638,0.0025828802701230295,-1.5475650475160212,-0.6084810777134226,-0.0016999685625676657,-0.0008891471006270079,3,-0.9390839698025986,80413,23565,76222,0.0,0.0,0.0,0.0,0.0,0.0,3.621698943e-314,313.44108765362176,50.0
1,WOWWOWOO,0.007787368335255973,0.014601819746034653,0.005057226442118323,1.529543445812323,0.6226894913224019,0.00954459330391633,0.002730141893137651,4,0.906853954489921,157447,389724,350450,0.0,0.0,0.0,0.0,0.0,0.0,3.621698943e-314,313.44108765362176,50.0
1,WOWWOWOW,0.00428021940001999,0.008783444706722321,0.003587053549130855,1.2917496700686057,0.2548203497379533,0.005196391157591466,0.0006931658508891351,3,1.0369293203306524,111676,234431,192620,0.0,0.0,0.0,0.0,0.0,0.0,3.621698943e-314,313.44108765362176,50.0
1,WOWWOWWO,0.003992256762677767,0.0006016838154734389,0.003394717893733137,-2.4942433808435553,0.23384922989265958,-0.0027930340782596984,0.0005975388689446297,3,-2.728092610736215,105688,16059,179661,0.0,0.0,0.0,0.0,0.0,0.0,3.621698943e-314,313.44108765362176,50.0
1,WOWWOWWW,0.004398035427737288,0.0021240836208244723,0.0038050211105084292,-0.8407639521068587,0.20890365637545358,-0.001680937489683957,0.0005930143172288588,2,-1.0496676084823122,118462,56692,197922,0.0,0.0,0.0,0.0,0.0,0.0,3.621698943e-314,313.44108765362176,50.0
1,WOWWWOOO,0.004516518087071244,0.010334619228449441,0.0040318217221923455,1.357763290758877,0.16374074696792362,0.006302797506257096,0.00048469636487889853,4,1.1940225437909535,125523,275832,203254,0.0,2.98456065114722e-222,0.0,0.0,4.284378654357131e-222,0.0,3.621698943e-314,313.44108765362176,50.0
1,WOWWWOOW,0.002497602014969613,0.004145994518266662,0.0021086900094956897,0.9750351102896792,0.24409009289206665,0.0020373045087709726,0.00038891200547392334,3,0.7309450173976125,65650,110657,112398,0.0,2.3987376165364624e-264,0.0,0.0,3.6479811673267387e-264,0.0,3.621698943e-314,313.44108765362176,50.0
1,WOWWWOWO,0.003463351238021574,0.004474880534346483,0.003834635919171872,0.2227057444895824,-0.14688057828537174,0.0006402446151746112,-0.000371284681150298,3,0.3695863227749542,119384,119435,155859,0.0,2.7951340898199022e-154,0.0,0.0,3.75290730940854e-154,0.0,3.621698943e-314,313.44108765362176,50.0
1,WOWWWOWW,0.0037259818739308064,0.0028592251703234662,0.0050762415904141555,-0.8279161822806891,-0.44603710688881126,-0.0022170164200906893,-0.0013502597164833491,2,-0.3818790753918778,158039,76313,167678,0.0,0.0,0.0,0.0,0.0,0.0,3.621698943e-314,313.44108765362176,50.0
1,WOWWWWOO,0.008281920110600407,0.00816164107003279,0.00688929743620233,0.2444697584453112,0.26557321214712054,0.001272343633830459,0.001392622674398077,3,-0.021103453701809327,214485,217835,372706,0.0,0.0,5.0556541288150315e-08,0.0,0.0,5.211734726080462e-08,3.621698943e-314,313.44108765362176,50.0
1,WOWWWWOW,0.0092962889995606,0.016805108771050598,0.006321958645071754,1.4103140377672678,0.5562103177997566,0.010483150125978844,0.002974330354488847,2,0.8541037199675112,196822,448530,418355,0.0,0.0,0.0,0.0,0.0,0.0,3.621698943e-314,313.44108765362176,50.0
1,WOWWWWWO,0.0020230714091787976,0.0017004058958494644,0.0020951995326641865,-0.3010486918441216,-0.05051586123984488,-0.0003947936368147221,-7.212812348538888e-05,2,-0.2505328306042767,65230,45384,91043,7.207859231266616e-259,8.649042731045788e-12,7.181504061324538e-205,9.030401124980033e-259,9.187364892729136e-12,8.867194725236729e-205,7.207859231266616e-259,258.14219370367175,50.0
1,WOWWWWWW,0.0032234749612942573,0.00760956366664521,0.0031932279861997563,1.2525360210859742,0.013596978808186264,0.004416335680445454,3.024697509450107e-05,1,1.238939042277788,99415,203100,145064,0.0,0.02184885223787734,0.0,0.0,0.022284088338233463,0.0,3.621698943e-314,313.44108765362176,50.0
1,WWOOOOOO,0.005678701426498331,0.004625310854984497,0.0023153191462982146,0.9980281640735184,1.2939810474386235,0.0023099917086862824,0.0033633822802001164,6,-0.29595288336510517,72083,123450,255555,0.0,0.0,0.0,0.0,0.0,0.0,3.621698943e-314,313.44108765362176,50.0
1,WWOOOOOW,0.0005161284186702539,0.0009310943706538657,0.00041887930561817653,1.1505013445745151,0.3005479054309603,0.0005122150650356892,9.724911305207735e-05,5,0.8499534391435548,13041,24851,23227,0.0,1.3657902763639902e-82,0.0,0.0,1.678283091596071e-82,0.0,3.621698943e-314,313.44108765362176,50.0
1,WWOOOOWO,0.007271617674501825,0.0028786705841244943,0.004846935604461532,-0.7514667494663082,0.5851041995260529,-0.001968265020337038,0.002424682070040293,5,-1.3365709489923612,150900,76832,327240,0.0,0.0,0.0,0.0,0.0,0.0,3.621698943e-314,313.44108765362176,50.0
1,WWOOOOWW,0.001935209362103317,0.0011306440313557484,0.004686623771447168,-2.050436566704612,-1.2756218242412158,-0.00355597974009142,-0.002751414409343851,4,-0.7748147424633962,145909,30177,87089,0.0,0.0,0.0,0.0,0.0,0.0,3.621698943e-314,313.44108765362176,50.0
1,WWOOOWOO,0.0006240782984610187,0.0013675109023578707,0.0011099129212204654,0.3008611924240877,-0.8296369148272282,0.0002575979811374053,-0.00048583462275944664,5,1.130498107251316,34555,36499,28085,2.3588735013146317e-170,0.0,0.0,2.861950788324861e-170,0.0,0.0,2.3588735013146317e-170,169.62729534828526,50.0
1,WWOOOWOW,0.002332855121439615,0.002332175775450506,0.0037982437519097456,-0.7034172750686417,-0.7029972696655874,-0.0014660679764592396,-0.0014653886304701307,4,-0.0004200054030543132,118251,62246,104984,0.0,0.0,0.9555738708973861,0.0,0.0,0.9555738708973861,3.621698943e-314,313.44108765362176,50.0
1,WWOOOWWO,0.004406834965077169,3.0048597048987982e-05,0.0027332348464284267,-6.460465271892625,0.6889330456665081,-0.0027031862493794388,0.0016736001186487427,4,-7.149398317559133,85094,802,198318,0.0,0.0,0.0,0.0,0.0,0.0,3.621698943e-314,313.44108765362176,50.0
1,WWOOOWWW,0.001248401028514812,8.47879989050621e-05,0.0023246339993485384,-4.760704418166378,-0.8963874454090227,-0.002239846000443476,-0.0010762329708337264,3,-3.8643169727573548,72373,2263,56181,0.0,0.0,0.0,0.0,0.0,0.0,3.621698943e-314,313.44108765362176,50.0
1,WWOOWOOO,0.00017879059958758614,0.0004765437729003468,0.000762693743723917,-0.6773612246491912,-2.0866766140013695,-0.0002861499708235702,-0.0005839031441363309,5,1.4093153893521784,23745,12719,8046,0.0,0.0,0.0,0.0,0.0,0.0,3.621698943e-314,313.44108765362176,50.0
1,WWOOWOOW,0.0023484098591616273,0.0019107086081137656,0.00253733385072524,-0.40901919254803987,-0.11158341377029961,-0.0006266252426114743,-0.0001889239915636126,4,-0.29743577877774025,78995,50997,105684,0.0,1.0082452371008195e-60,0.0,0.0,1.1894506022940544e-60,0.0,3.621698943e-314,313.44108765362176,50.0
1,WWOOWOWO,0.001604915617103332,0.0010752676891632245,0.003499590291006609,-1.7015612692048558,-1.1242021302767367,-0.0024243226018433846,-0.001894674673903277,4,-0.5773591389281192,108953,28699,72225,0.0,0.0,0.0,0.0,0.0,0.0,3.621698943e-314,313.44108765362176,50.0
1,WWOOWOWW,0.0007766480544600699,0.0003856111731024742,0.0036664546413391315,-3.245823885622597,-2.23758984532947,-0.003280843468236657,-0.002889806586879062,3,-1.0082340402931274,114148,10292,34951,0.0,0.0,0.0,0.0,0.0,0.0,3.621698943e-314,313.44108765362176,50.0
1,WWOOWWOO,0.002604351957850394,0.004032244467592438,0.003706508509455523,0.12149085071338382,-0.5089717241350341,0.0003257359581369146,-0.0011021565516051292,4,0.630462574848418,115395,107621,117202,3.9743645027039676e-88,0.0,0.0,4.5693292486177356e-88,0.0,0.0,3.9743645027039676e-88,87.40073230475173,50.0
1,WWOOWWOW,0.0034542628269811416,0.0037728598823428823,0.005103511625723551,-0.4357320789538781,-0.5629774834280695,-0.0013306517433806686,-0.0016492487987424093,3,0.12724540447419141,158888,100698,155450,0.0,0.0,3.870140187020565e-105,0.0,0.0,4.429609036709082e-105,3.621698943e-314,313.44108765362176,50.0
1,WWOOWWWO,0.0025315335642574883,0.00035889714605019435,0.004954955779662354,-3.7835067478625826,-0.9685819253234065,-0.00459605863361216,-0.002423422215404866,3,-2.814924822539176,154263,9579,113925,0.0,0.0,0.0,0.0,0.0,0.0,3.621698943e-314,313.44108765362176,50.0
1,WWOOWWWW,0.0010130356257268785,0.0020280929654136154,0.002907711680115869,-0.5195453339617657,-1.5202719605489403,-0.0008796187147022535,-0.0018946760543889904,2,1.0007266265871746,90526,54130,45589,0.0,0.0,0.0,0.0,0.0,0.0,3.621698943e-314,313.44108765362176,50.0
1,WWOWOOOO,0.0009328176211890726,0.0012781144527832008,0.0005905295632075895,1.1126231817996972,0.6586905398174779,0.0006875848895756113,0.00034228805798148306,5,0.4539326419822193,18385,34113,41979,0.0,0.0,0.0,0.0,0.0,0.0,3.621698943e-314,313.44108765362176,50.0
1,WWOWOOOW,0.002646349749699827,0.005605824302331149,0.0030662890232518968,0.8702197469622865,-0.21241530828355518,0.0025395352790792526,-0.0004199392735520697,4,1.0826350552458417,95463,149620,119092,0.0,4.30648869417397e-251,0.0,0.0,6.4096575913286995e-251,0.0,3.621698943e-314,313.44108765362176,50.0
1,WWOWOOWO,0.0015281640969721458,0.001007901881813997,0.0031193515654558096,-1.6289227089591753,-1.0289653517396191,-0.0021114496836418125,-0.0015911874684836637,4,-0.5999573572195562,97115,26901,68771,0.0,0.0,0.0,0.0,0.0,0.0,3.621698943e-314,313.44108765362176,50.0
1,WWOWOOWW,0.0012103363632036592,0.0007619305107085032,0.0044931639096468245,-2.558429178466456,-1.8914532155550883,-0.003731233398938321,-0.0032828275464431653,3,-0.6669759629113678,139886,20336,54468,0.0,0.0,0.0,0.0,0.0,0.0,3.621698943e-314,313.44108765362176,50.0
1,WWOWOWOO,0.0032154087187326996,0.0018237849857276657,0.0024249132104627127,-0.41080145612147867,0.406922808280649,-0.000601128224735047,0.0007904955082699869,4,-0.8177242644021276,75495,48677,144701,0.0,0.0,0.0,0.0,0.0,0.0,3.621698943e-314,313.44108765362176,50.0
1,WWOWOWOW,0.00321414211866105,0.003992529364260858,0.0044888598051339166,-0.1690060760385851,-0.4817878875481904,-0.0004963304408730582,-0.0012747176864728667,3,0.31278181150960527,139752,106561,144644,3.727354885654786e-184,0.0,0.0,4.543823098702977e-184,0.0,0.0,3.727354885654786e-184,183.42859925561103,50.0
1,WWOWOWWO,0.0008174014672917419,0.00013244612290295825,0.00196546611380123,-3.8812760302903233,-1.2647246891635056,-0.0018330199908982718,-0.0011480646465094882,3,-2.6165513411268178,61191,3535,36785,0.0,0.0,0.0,0.0,0.0,0.0,3.621698943e-314,313.44108765362176,50.0
1,WWOWOWWW,0.0008912642504174114,0.0009872200544186836,0.00204014553911848,-1.0464748155502572,-1.1938361110820785,-0.0010529254846997965,-0.0011488812887010687,2,0.1473612955318213,63516,26349,40109,0.0,0.0,8.426371615603084e-38,0.0,0.0,9.153399435336873e-38,3.621698943e-314,313.44108765362176,50.0
1,WWOWWOOO,0.003103481270295877,0.00600241332946773,0.0077954077967183006,-0.377026554164813,-1.3284573259989887,-0.0017929944672505707,-0.004691926526422424,4,0.9514307718341757,242695,160205,139664,0.0,0.0,0.0,0.0,0.0,0.0,3.621698943e-314,313.44108765362176,50.0
1,WWOWWOOW,0.00326500611101203,0.0009877071264406748,0.0034231763758110225,-1.7921418792925965,-0.06822952507044061,-0.0024354692493703477,-0.00015817026479899264,3,-1.723912354222156,106574,26362,146933,0.0,6.134434950357989e-32,0.0,0.0,6.857708940138188e-32,0.0,3.621698943e-314,313.44108765362176,50.0
1,WWOWWOWO,0.0019276986458889739,0.0011735813034481927,0.0047595365867031504,-2.0189776180817804,-1.3034964532504285,-0.0035859552832549577,-0.002831837940814177,3,-0.7154811648313519,148179,31323,86751,0.0,0.0,0.0,0.0,0.0,0.0,3.621698943e-314,313.44108765362176,50.0
1,WWOWWOWW,0.0016326474923562908,0.000474408149419309,0.0022818177954999816,-2.2635771753689125,-0.48271900152313696,-0.0018074096460806727,-0.0006491703031436908,2,-1.7808581738457754,71040,12662,73473,0.0,0.0,0.0,0.0,0.0,0.0,3.621698943e-314,313.44108765362176,50.0
1,WWOWWWOO,0.002568931597951983,0.001960689690985773,0.003934112125712743,-1.0043078964383463,-0.6146747832291465,-0.00197342243472697,-0.0013651805277607601,3,-0.3896331132091998,122481,52331,115608,0.0,0.0,0.0,0.0,0.0,0.0,3.621698943e-314,313.44108765362176,50.0
1,WWOWWWOW,0.006101879176752618,0.0041571971747724566,0.005118832952982187,-0.3001385695441186,0.2533932890308687,-0.0009616357782097308,0.0009830462237704306,2,-0.5535318585749873,159365,110956,274599,0.0,0.0,0.0,0.0,0.0,0.0,3.621698943e-314,313.44108765362176,50.0
1,WWOWWWWO,0.002038715031116364,0.0017098850667389832,0.005449831438097999,-1.6717334607774108,-1.4181086998367538,-0.003739946371359016,-0.0034111164069816355,2,-0.253624760940657,169670,45637,91747,0.0,0.0,2.861550740815922e-211,0.0,0.0,3.5503569772966528e-211,3.621698943e-314,313.44108765362176,50.0
1,WWOWWWWW,0.0037554692124409637,0.0020562307414532534,0.0029934725685447114,-0.5415982989505791,0.3270753618778919,-0.0009372418270914579,0.0007619966438962523,1,-0.868673660828471,93196,54881,169005,0.0,0.0,0.0,0.0,0.0,0.0,3.621698943e-314,313.44108765362176,50.0
1,WWWOOOOO,0.020179716773113664,0.018667035242808026,0.007915665761616272,1.2376052482463273,1.3500125688070843,0.010751369481191753,0.012264051011497391,5,-0.11240732056075697,246439,498225,908135,0.0,0.0,0.0,0.0,0.0,0.0,3.621698943e-314,313.44108765362176,50.0
1,WWWOOOOW,0.0006805864384997003,0.001217380318348775,0.0011536606103740546,0.07749567960093502,-0.760500326593963,6.371970797472036e-05,-0.00047307417187435435,4,0.8379960061948981,35917,32492,30628,2.187150117414574e-12,0.0,0.0,2.3041581483873705e-12,0.0,0.0,2.187150117414574e-12,11.660121407667729,11.660121407667729
1,WWWOOOWO,0.001996495028728045,0.0002703999063622771,0.002128797244011216,-2.9722239647861,-0.0925241802545667,-0.001858397337648939,-0.000132302215283171,4,-2.879699784531533,66276,7217,89847,0.0,5.580505124685075e-36,0.0,0.0,6.293433092155855e-36,0.0,3.621698943e-314,313.44108765362176,50.0
1,WWWOOOWW,0.0014980767900069965,0.00020490745294378463,0.003496860075457376,-4.086404623189766,-1.2223982913920117,-0.0032919526225135914,-0.0019987832854503795,3,-2.8640063317977544,108868,5469,67417,0.0,0.0,0.0,0.0,0.0,0.0,3.621698943e-314,313.44108765362176,50.0
1,WWWOOWOO,0.0005057067443965058,0.00022611381943970382,0.000602767352904739,-1.4105772551695739,-0.2528417174789356,-0.0003766535334650352,-9.706060850823322e-05,4,-1.1577355376906384,18766,6035,22758,0.0,1.7595602487482694e-70,0.0,0.0,2.124751998488476e-70,0.0,3.621698943e-314,313.44108765362176,50.0
1,WWWOOWOW,0.003496260618830574,0.006567941414077985,0.004292155804857426,0.6136223675166678,-0.2958132203324606,0.002275785609220559,-0.0007958951860268519,3,0.9094355878491284,133628,175299,157340,0.0,0.0,0.0,0.0,0.0,0.0,3.621698943e-314,313.44108765362176,50.0
1,WWWOOWWO,0.0015507629087768407,3.2933562102319746e-05,0.0014437701026172392,-5.411983251781501,0.10306820363618109,-0.0014108365405149194,0.00010699280615960151,3,-5.515051455417682,44949,879,69788,0.0,1.9603113055481886e-32,0.0,0.0,2.1946342312842697e-32,0.0,3.621698943e-314,313.44108765362176,50.0
1,WWWOOWWW,0.00425597623022754,0.0001627195224236344,0.005284669457460881,-5.012787939379112,-0.3122571734587876,-0.005121949935037247,-0.0010286932272333413,2,-4.700530765920324,164528,4343,191529,0.0,0.0,0.0,0.0,0.0,0.0,3.621698943e-314,313.44108765362176,50.0
1,WWWOWOOO,0.0008644434383738846,0.004542358742931555,0.0011404270950060085,1.9929205098906682,-0.3993272754871048,0.003401931647925546,-0.00027598365663212394,4,2.392247785377773,35505,121236,38902,0.0,4.00892415317296e-310,0.0,0.0,6.42766962345893e-310,0.0,3.621698943e-314,313.44108765362176,50.0
1,WWWOWOOW,0.005205348536563611,0.009337807601905395,0.005586470696291368,0.7410429953889914,-0.10192346452667018,0.0037513369056140274,-0.0003811221597277573,3,0.8429664599156617,173924,249227,234253,0.0,1.3976176347064354e-110,0.0,0.0,1.7859739491756112e-110,0.0,3.621698943e-314,313.44108765362176,50.0
1,WWWOWOWO,0.0024347608745726836,0.0014252476705031206,0.003954219360228269,-1.471533180000904,-0.6993852033495567,-0.0025289716897251486,-0.0015194584856555856,3,-0.7721479766513473,123107,38040,109570,0.0,0.0,0.0,0.0,0.0,0.0,3.621698943e-314,313.44108765362176,50.0
1,WWWOWOWW,0.004038876533736026,0.0008498657442171999,0.00588653744524352,-2.7906609143493957,-0.5433531282558437,-0.00503667170102632,-0.0018476609115074937,2,-2.247307786093552,183266,22683,181759,0.0,0.0,0.0,0.0,0.0,0.0,3.621698943e-314,313.44108765362176,50.0
1,WWWOWWOO,0.005168550471324107,0.012991522174253537,0.004967643251920554,1.386757655884019,0.05718687329107012,0.008023878922332982,0.00020090721940355365,3,1.3295707825929488,154658,346745,232597,0.0,7.478618648100179e-34,0.0,0.0,8.421670266482312e-34,0.0,3.621698943e-314,313.44108765362176,50.0
1,WWWOWWOW,0.006070369722338599,0.004150228298150123,0.0033185288198180757,0.32255979835732224,0.871043553021518,0.0008316994783320476,0.002751840902520523,2,-0.5484837546641959,103316,110770,273181,0.0,0.0,0.0,0.0,0.0,0.0,3.621698943e-314,313.44108765362176,50.0
1,WWWOWWWO,0.0023112118149521293,0.0017883411293581613,0.005665325745389798,-1.6629850851203116,-1.2931399767052256,-0.003876984616031637,-0.003354113930437669,2,-0.369845108415086,176379,47731,104010,0.0,0.0,0.0,0.0,0.0,0.0,3.621698943e-314,313.44108765362176,50.0
1,WWWOWWWW,0.006069925301260827,0.0038797159905520017,0.003790856109835351,0.03341863453207823,0.6790122027876103,8.885988071665081e-05,0.0022790691914254765,1,-0.645593568255532,118021,103550,273161,5.029361354782683e-08,0.0,0.0,5.240908440262009e-08,0.0,0.0,5.029361354782683e-08,7.298487159616655,7.298487159616655
1,WWWWOOOO,0.0011905151831350378,0.0002678896120950923,0.00036803305603658204,-0.4567360298669991,1.6909753792868583,-0.00010014344394148971,0.0008224821270984557,4,-2.1477114091538576,11458,7150,53576,1.460986294013195e-100,0.0,0.0,1.6923642138795383e-100,0.0,0.0,1.460986294013195e-100,99.83535385830415,50.0
1,WWWWOOOW,0.0035604128014069306,0.003797363351756895,0.0028272185016878994,0.4254843366476851,0.33255608361519795,0.0009701448500689957,0.0007331942997190312,3,0.09292825303248714,88020,101352,160227,0.0,0.0,6.363773677451006e-58,0.0,0.0,7.042331677640306e-58,3.621698943e-314,313.44108765362176,50.0
1,WWWWOOWO,0.0029796433369747716,0.0027047484051950653,0.00369645489219776,-0.4505048508682189,-0.3109087938655235,-0.0009917064870026949,-0.0007168115552229886,3,-0.1395960570026954,115082,72190,134091,0.0,0.0,8.876949379138107e-99,0.0,0.0,1.0085054915943885e-98,3.621698943e-314,313.44108765362176,50.0
1,WWWWOOWW,0.004273686410176745,0.002852181359543903,0.006190298015232868,-1.1176704511397502,-0.5344233162354927,-0.0033381166556889653,-0.0019166116050561236,2,-0.5832471349042575,192723,76125,192326,0.0,0.0,0.0,0.0,0.0,0.0,3.621698943e-314,313.44108765362176,50.0
1,WWWWOWOO,0.006177786296836038,0.004526023096655546,0.00346406536868365,0.38568009801066344,0.8344409072432389,0.001061957727971896,0.0027137209281523876,3,-0.4487608092325755,107847,120800,278015,0.0,0.0,0.0,0.0,0.0,0.0,3.621698943e-314,313.44108765362176,50.0
1,WWWWOWOW,0.004174002762432535,0.008014058247369492,0.004938702967098686,0.6982887121674878,-0.24264714050402986,0.003075355280270806,-0.0007647002046661513,2,0.9409358526715177,153757,213896,187840,0.0,0.0,0.0,0.0,0.0,0.0,3.621698943e-314,313.44108765362176,50.0
1,WWWWOWWO,0.0028465836662899015,6.98011674591828e-05,0.0019876290400244138,-4.811857220418184,0.5179640509776344,-0.001917827872565231,0.0008589546262654877,2,-5.329821271395819,61881,1863,128103,0.0,0.0,0.0,0.0,0.0,0.0,3.621698943e-314,313.44108765362176,50.0
1,WWWWOWWW,0.0011926484043083424,0.0005606573643903443,0.0034372128957523723,-2.613896683240684,-1.526280934503566,-0.002876555531362028,-0.0022445644914440297,1,-1.087615748737118,107011,14964,53672,0.0,0.0,0.0,0.0,0.0,0.0,3.621698943e-314,313.44108765362176,50.0
1,WWWWWOOO,0.003943014907260654,0.00787224535481286,0.0030304428990996168,1.3769537900043576,0.3796603569198267,0.004841802455713242,0.0009125720081610369,3,0.9972934330845309,94347,210111,177445,0.0,0.0,0.0,0.0,0.0,0.0,3.621698943e-314,313.44108765362176,50.0
1,WWWWWOOW,0.005609393959419822,0.00537847406929716,0.004530712403494509,0.24740882670597933,0.3080457736406157,0.0008477616658026516,0.0010786815559253133,2,-0.060636946934636365,141055,143552,252436,0.0,0.0,2.2409309927805483e-37,0.0,0.0,2.4308403989483914e-37,3.621698943e-314,313.44108765362176,50.0
1,WWWWWOWO,0.004697330802562692,0.003153641474077765,0.0036512296746292923,-0.21130144188553412,0.3633708012642223,-0.0004975882005515274,0.0010461011279333998,2,-0.5746722431497564,113674,84171,211391,6.111549488463361e-230,0.0,0.0,7.570435495386873e-230,0.0,0.0,6.111549488463361e-230,229.21384866717543,50.0
1,WWWWWOWW,0.002753477450496714,0.001350350980352339,0.003647150411396909,-1.4327627842466983,-0.4053865599737741,-0.0022967994310445702,-0.0008936729609001952,1,-1.0273762242729243,113547,36041,123913,0.0,0.0,0.0,0.0,0.0,0.0,3.621698943e-314,313.44108765362176,50.0
1,WWWWWWOO,0.0052465463704730545,0.009779207255065156,0.004642008837354411,1.074805011162589,0.176582983207322,0.005137198417710745,0.0006045375331186435,2,0.8982220279552671,144520,261008,236107,0.0,2.6295651650471583e-298,0.0,0.0,4.163929993311789e-298,0.0,3.621698943e-314,313.44108765362176,50.0
1,WWWWWWOW,0.005400204958112647,0.009036647224000452,0.0039991233759674154,1.1759027460856273,0.43323679711237983,0.0050375238480330365,0.0014010815821452315,1,0.7426659489732474,124505,241189,243022,0.0,0.0,0.0,0.0,0.0,0.0,3.621698943e-314,313.44108765362176,50.0
1,WWWWWWWO,0.003117191660545137,0.0016191772694127988,0.004511986336845065,-1.4779307385784959,-0.533372804343692,-0.002892809067432266,-0.001394794676299928,1,-0.9445579342348038,140472,43216,140281,0.0,0.0,0.0,0.0,0.0,0.0,3.621698943e-314,313.44108765362176,50.0
1,WWWWWWWW,0.03504582403511851,0.04194536865319865,0.035184319903146084,0.2535722902674898,-0.005689917743605748,0.006761048750052567,-0.0001384958680275758,0,0.2592622080110955,1095396,1119526,1577145,0.0,0.001249137218965241,0.0,0.0,0.0012894319679641196,0.0,3.621698943e-314,313.44108765362176,50.0
2,OOOOOOOO,0.0030346797823520774,0.006200317740085667,0.0019314243640678398,1.6821628639390365,0.6516076690419825,0.004268893376017827,0.0011032554182842376,8,1.030555194897054,29726,328671,81466,0.0,0.0,0.0,0.0,0.0,0.0,3.621698943e-314,313.44108765362176,50.0
2,OOOOOOOW,0.0013230765780765116,0.0031455004538402964,0.0015283241570209153,1.0408539168576543,-0.20790767119864073,0.001617176296819381,-0.00020524757894440368,7,1.248761588056295,23522,166739,35518,0.0,2.263839259489392e-65,0.0,0.0,2.7081441608845065e-65,0.0,3.621698943e-314,313.44108765362176,50.0
2,OOOOOOWO,0.002335741614818726,0.002137138341445047,0.0028744605350992814,-0.42743783619743053,-0.29929482032279525,-0.0007373221936542345,-0.0005387189202805554,7,-0.12814301587463528,44240,113287,62703,0.0,2.885528476615382e-242,7.80936795480316e-71,0.0,4.261703596231948e-242,8.768413142235127e-71,3.621698943e-314,313.44108765362176,50.0
2,OOOOOOWW,0.007873121433717637,0.0008298066346989793,0.0062823596098270686,-2.9189515084143633,0.32558281082640095,-0.005452552975128089,0.0015907618238905682,6,-3.2445343192407643,96690,43987,211354,0.0,0.0,0.0,0.0,0.0,0.0,3.621698943e-314,313.44108765362176,50.0
2,OOOOOWOO,0.00015775745560431406,0.0003032330426296723,0.00032344178444222927,-0.0927827822627058,-1.0311352887153415,-2.0208741812556986e-05,-0.0001656843288379152,7,0.9383525064526358,4978,16074,4235,7.693259763365512e-05,6.316871145446558e-258,0.0,7.941429433151495e-05,9.45683633470362e-258,0.0,7.693259763365512e-05,4.11388960333612,4.11388960333612
2,OOOOOWOW,0.001421605142438592,0.0030629857513106095,0.0033010164440714054,-0.10793771670087263,-1.2148120211804843,-0.00023803069276079596,-0.0018794113016328134,6,1.1068743044796117,50805,162365,38163,1.3840348462078037e-48,0.0,0.0,1.5382615946274864e-48,0.0,0.0,1.3840348462078037e-48,47.8588529753957,47.8588529753957
2,OOOOOWWO,0.0029520200907379164,0.0003074964909085267,0.004032691400801808,-3.7087747300159855,-0.4499095423875928,-0.0037251949098932816,-0.0010806713100638917,6,-3.2588651876283925,62066,16300,79247,0.0,0.0,0.0,0.0,0.0,0.0,3.621698943e-314,313.44108765362176,50.0
2,OOOOOWWW,0.006530413644518699,0.0010849532628914838,0.006815798149455574,-2.650132250419457,-0.0616989851383925,-0.00573084488656409,-0.00028538450493687494,5,-2.5884332652810644,104900,57512,175309,0.0,5.1605675301196e-28,0.0,0.0,5.735623535646675e-28,0.0,3.621698943e-314,313.44108765362176,50.0
2,OOOOWOOO,0.00036591534507701934,0.002388361088035774,0.0007533113798359192,1.663392798785461,-1.0397129491313208,0.0016350497081998546,-0.0003873960347588999,7,2.7031057479167817,11594,126604,9823,0.0,0.0,0.0,0.0,0.0,0.0,3.621698943e-314,313.44108765362176,50.0
2,OOOOWOOW,0.006417282737158534,0.009916573183646055,0.007810488844117304,0.3443895908176832,-0.2834102031219822,0.002106084339528751,-0.00139320610695877,6,0.6277997939396653,120209,525665,172272,0.0,0.0,0.0,0.0,0.0,0.0,3.621698943e-314,313.44108765362176,50.0
2,OOOOWOWO,0.004694914030009379,0.005058807760645486,0.005250893493310317,-0.05375508608630473,-0.161431662451664,-0.00019208573266483054,-0.0005559794633009374,6,0.10767657636535927,80815,268161,126035,1.6858366390946854e-20,1.198743588490287e-135,2.442632780156125e-107,1.8108007536010047e-20,1.5737351725821205e-135,2.7999133957610505e-107,1.6858366390946854e-20,19.77318451166683,19.77318451166683
2,OOOOWOWW,0.004679976429136338,0.0013272718166166388,0.005383960744121423,-2.019385418688648,-0.20212632725416488,-0.004056688927504784,-0.0007039843149850844,5,-1.817259091434483,82863,70357,125634,0.0,4.22994848588887e-214,0.0,0.0,6.027088009578204e-214,0.0,3.621698943e-314,313.44108765362176,50.0
2,OOOOWWOO,0.011554066646359972,0.012197933038771817,0.007785603708833781,0.6476888613938778,0.5694594721145609,0.004412329329938036,0.0037684629375261914,6,0.07822938927931689,119826,646597,310169,0.0,0.0,1.5463891274576162e-138,0.0,0.0,1.8131707631869453e-138,3.621698943e-314,313.44108765362176,50.0
2,OOOOWWOW,0.004723187444130672,0.003012371451610758,0.004152049086221731,-0.46279240182998815,0.18589528491942595,-0.0011396776346109727,0.0005711383579089409,5,-0.6486876867494141,63903,159682,126794,0.0,2.758586404563154e-158,0.0,0.0,3.716832208253513e-158,0.0,3.621698943e-314,313.44108765362176,50.0
2,OOOOWWWO,0.009252148826036812,0.004794851263664375,0.004861113006193215,-0.01979650879773308,0.9283609699465128,-6.626174252883938e-05,0.004391035819843597,5,-0.9481574787442459,74816,254169,248374,0.0009526002777024032,0.0,0.0,0.000975462684367261,0.0,0.0,0.0009526002777024032,3.0210892962187135,3.0210892962187135
2,OOOOWWWW,0.003272563870070885,0.003081228027795796,0.0032944540454718347,-0.09650365397604502,-0.009615125060725085,-0.00021322601767603854,-2.189017540094951e-05,4,-0.08688852891531994,50704,163332,87852,3.1094675238757176e-39,0.23147965100658305,7.118566560865559e-47,3.4213052411698444e-39,0.2339162789119155,7.810084455349642e-47,3.1094675238757176e-39,38.507313974716425,38.507313974716425
2,OOOWOOOO,0.0006189232880438437,0.0006784919504304338,0.0006600733403271609,0.0396461252181707,-0.09272063376013077,1.8418610103272887e-05,-4.115005228331721e-05,7,0.13236675897830147,10159,35966,16615,0.01435224723960058,3.3875540004864535e-07,6.834866452500535e-23,0.014580060687848208,3.539648261732784e-07,7.321028501423167e-23,0.01435224723960058,1.8430800928430862,1.8430800928430862
2,OOOWOOOW,0.0031164827038413514,0.0037972420960432278,0.004403304486068678,-0.21358234694729958,-0.498532655426622,-0.00060606239002545,-0.0012868217822273264,6,0.28495030847932246,67770,201287,83662,9.290551204892643e-239,0.0,0.0,1.1564251742880956e-238,0.0,0.0,9.290551204892643e-239,238.03195851871445,50.0
2,OOOWOOWO,0.004311416271934666,0.0016167901384554829,0.004488745616350222,-1.4726092340033372,-0.05813725960753137,-0.0028719554778947392,-0.00017732934441555635,6,-1.4144719743958059,69085,85704,115740,0.0,4.970435303842761e-17,0.0,0.0,5.33887316552621e-17,0.0,3.621698943e-314,313.44108765362176,50.0
2,OOOWOOWW,0.0025232625195441374,0.0010638812640973228,0.003663312826162581,-1.7828500963576381,-0.5376807167956676,-0.002599431562065258,-0.0011400503066184434,5,-1.2451693795619705,56381,56395,67737,0.0,0.0,0.0,0.0,0.0,0.0,3.621698943e-314,313.44108765362176,50.0
2,OOOWOWOO,0.003375823295557345,0.005089312167136228,0.005730663307758172,-0.1711997312250907,-0.76328717746735,-0.0006413511406219439,-0.0023548400122008267,6,0.5920874462422593,88199,269778,90624,1.3602635137607134e-202,0.0,0.0,1.663506972242401e-202,0.0,0.0,1.3602635137607134e-202,201.86637695083095,50.0
2,OOOWOWOW,0.0058117325132379365,0.010670165964156661,0.007953302231462426,0.4239105331365537,-0.45251885874697845,0.002716863732694235,-0.0021415697182244897,5,0.8764293918835322,122407,565612,156016,0.0,0.0,0.0,0.0,0.0,0.0,3.621698943e-314,313.44108765362176,50.0
2,OOOWOWWO,0.004840788456490251,0.00032349385436192734,0.004370232596096582,-3.751777086719939,0.1474999007509232,-0.004046738741734654,0.0004705558603936696,5,-3.899276987470862,67261,17148,129951,0.0,2.5062735096297797e-104,0.0,0.0,3.1867848599266074e-104,0.0,3.621698943e-314,313.44108765362176,50.0
2,OOOWOWWW,0.0020750599916029076,0.0013581157897844573,0.002848470837675237,-1.0680256561338266,-0.4568458941421925,-0.0014903550478907797,-0.0007734108460723294,4,-0.6111797619916342,43840,71992,55705,0.0,0.0,0.0,0.0,0.0,0.0,3.621698943e-314,313.44108765362176,50.0
2,OOOWWOOO,0.002831513510128718,0.0031071105545152134,0.0036883279099332233,-0.24732020156480905,-0.38127518520389947,-0.0005812173554180099,-0.0008568143998045055,6,0.13395498363909042,56766,164704,76012,3.3660350579800074e-265,0.0,5.940478259439807e-101,4.230957323287473e-265,0.0,6.779030168276034e-101,3.3660350579800074e-265,264.4728813650661,50.0
2,OOOWWOOW,0.0026920462341470056,0.003241446904929914,0.004415584618101538,-0.44584820206062614,-0.7136921543960677,-0.0011741377131716242,-0.0017235383839545324,5,0.26784395233544156,67959,171825,72268,0.0,0.0,0.0,0.0,0.0,0.0,3.621698943e-314,313.44108765362176,50.0
2,OOOWWOWO,0.003194150778206167,0.0024809496019854087,0.004162250042460668,-0.746236387870478,-0.381826195409982,-0.0016813004404752593,-0.0009680992642545011,5,-0.36441019246049594,64060,131512,85747,0.0,0.0,0.0,0.0,0.0,0.0,3.621698943e-314,313.44108765362176,50.0
2,OOOWWOWW,0.0077927712963531725,0.001470361441373766,0.005409950441545467,-1.878730338280787,0.5264395692339434,-0.0039395890001717015,0.0023828208548077054,4,-2.4051699075147304,83263,77942,209197,0.0,0.0,0.0,0.0,0.0,0.0,3.621698943e-314,313.44108765362176,50.0
2,OOOWWWOO,0.0025141360551703337,0.00296690724651324,0.004363020455061409,-0.5562118585464156,-0.7950214197951257,-0.0013961132085481692,-0.0018488843998910754,5,0.2388095612487101,67150,157272,67492,0.0,0.0,2.373590819132214e-290,0.0,0.0,3.063727309400908e-290,3.621698943e-314,313.44108765362176,50.0
2,OOOWWWOW,0.004946953450226331,0.0035876539970252073,0.005463814089456799,-0.6067295856376482,-0.14334048921870324,-0.0018761600924315914,-0.0005168606392304681,4,-0.463389096418945,84092,190177,132801,0.0,2.634434812987643e-112,0.0,0.0,3.3777060707420866e-112,0.0,3.621698943e-314,313.44108765362176,50.0
2,OOOWWWWO,0.0037560429766324887,0.0010171153867376762,0.0024477097033964767,-1.266120674742268,0.6175758676691859,-0.0014305943166588004,0.001308333273236012,4,-1.883696542411454,37672,53916,100831,0.0,0.0,0.0,0.0,0.0,0.0,3.621698943e-314,313.44108765362176,50.0
2,OOOWWWWW,0.001998658446987926,0.002574273843735377,0.003080948681133312,-0.25911698856509424,-0.6240892385692627,-0.0005066748373979352,-0.0010822902341453863,3,0.36497225000416844,47418,136459,53654,1.9000563599042374e-242,0.0,0.0,2.3727533079779745e-242,0.0,0.0,1.9000563599042374e-242,241.72123351671434,50.0
2,OOWOOOOO,0.005276660944808098,0.019343472354131825,0.0033368822265165865,2.5349164211054367,0.660965618222909,0.01600659012761524,0.0019397787182915114,7,1.8739508028825278,51357,1025373,141652,0.0,0.0,0.0,0.0,0.0,0.0,3.621698943e-314,313.44108765362176,50.0
2,OOWOOOOW,0.0017243430035238955,0.0022204642310366396,0.0014538636739010288,0.6106269383299331,0.2459992290253854,0.0007666005571356107,0.00027047932962286666,6,0.3646277093045477,22376,117704,46290,0.0,1.9881028591807235e-99,0.0,0.0,2.5195759007438873e-99,0.0,3.621698943e-314,313.44108765362176,50.0
2,OOWOOOWO,0.004633338333642454,0.004983537147226773,0.005780043732863856,-0.21387044073593947,-0.3189666130279584,-0.0007965065856370829,-0.001146705399221402,6,0.10509617229201895,88959,264171,124382,3.621698943e-314,0.0,5.986888638386815e-101,4.6127110916e-314,0.0,6.821855303087647e-101,3.621698943e-314,313.44108765362176,50.0
2,OOWOOOWW,0.0037358530023851363,0.0015062234554361655,0.005829099286751739,-1.9516271312893916,-0.6416966396283073,-0.004322875831315573,-0.0020932462843666023,5,-1.3099304916610843,89714,79843,100289,0.0,0.0,0.0,0.0,0.0,0.0,3.621698943e-314,313.44108765362176,50.0
2,OOWOOWOO,0.00037168923070126226,0.0010526378341229987,0.0005577389067199872,0.915132867836869,-0.5842011518327991,0.0004948989274030115,-0.00018604967601872492,6,1.499334019669668,8584,55799,9978,0.0,1.3620425572253422e-164,0.0,0.0,1.848142551146754e-164,0.0,3.621698943e-314,313.44108765362176,50.0
2,OOWOOWOW,0.0035091069262898683,0.009850980220524032,0.005060453985435634,0.9608618491881592,-0.5280369030470752,0.004790526235088398,-0.0015513470591457653,5,1.4888987522352344,77884,522188,94202,0.0,0.0,0.0,0.0,0.0,0.0,3.621698943e-314,313.44108765362176,50.0
2,OOWOOWWO,0.002239969615206284,0.0005164431862031795,0.004765340971185613,-3.203409789145132,-1.0887590739251118,-0.004248897784982433,-0.0025253713559793287,5,-2.1146507152200202,73342,27376,60132,0.0,0.0,0.0,0.0,0.0,0.0,3.621698943e-314,313.44108765362176,50.0
2,OOWOOWWW,0.0029924372901076165,0.0004710167107364475,0.0035902168021574566,-2.9275629101727043,-0.26266970393327915,-0.003119200091421009,-0.0005977795120498401,4,-2.6648932062394253,55256,24968,80332,0.0,6.0884588754243195e-236,0.0,0.0,8.906545554906433e-236,0.0,3.621698943e-314,313.44108765362176,50.0
2,OOWOWOOO,0.0006247716754180768,0.0017112085394982543,0.0009896876779076007,0.7893562131464689,-0.6627939494076011,0.0007215208615906537,-0.00036491600248952385,6,1.4521501625540698,15232,90709,16772,0.0,0.0,0.0,0.0,0.0,0.0,3.621698943e-314,313.44108765362176,50.0
2,OOWOWOOW,0.002816985668880623,0.007958763777328397,0.0037139277618959067,1.0993914590917997,-0.3986698826026697,0.0042448360154324905,-0.0008969420930152838,5,1.4980613416944695,57160,421884,75622,0.0,0.0,0.0,0.0,0.0,0.0,3.621698943e-314,313.44108765362176,50.0
2,OOWOWOWO,0.002899645360494784,0.003921938525792023,0.00472291279014086,-0.2680476029538934,-0.7036084117292948,-0.0008009742643488374,-0.001823267429646076,5,0.4355608087754014,72689,207897,77841,0.0,0.0,0.0,0.0,0.0,0.0,3.621698943e-314,313.44108765362176,50.0
2,OOWOWOWW,0.0058671990661056635,0.0024967394524694846,0.005684661543317614,-1.1867052281988713,0.045589591522573095,-0.003187922090848129,0.0001825375227880498,4,-1.2322948197214443,87491,132349,157505,0.0,5.153531366563635e-14,0.0,0.0,5.497100124334544e-14,0.0,3.621698943e-314,313.44108765362176,50.0
2,OOWOWWOO,0.008239893548919543,0.018667885585271937,0.006083538424533131,1.6174160815472487,0.43765295167857016,0.012584347160738807,0.002156355124386412,5,1.1797631298686786,93630,989561,221200,0.0,0.0,0.0,0.0,0.0,0.0,3.621698943e-314,313.44108765362176,50.0
2,OOWOWWOW,0.005044401739213553,0.007386707115346178,0.004094611854914594,0.8510476757875252,0.3008901520246875,0.0032920952604315844,0.0009497898842989591,4,0.5501575237628377,63019,391560,135417,0.0,0.0,0.0,0.0,0.0,0.0,3.621698943e-314,313.44108765362176,50.0
2,OOWOWWWO,0.004068391563466532,0.0028934665201876633,0.004156207437809578,-0.5223172686167092,-0.030801632315607796,-0.0012627409176219147,-8.781587434304565e-05,4,-0.49151563630110146,63967,153379,109216,0.0,1.763651365353429e-05,0.0,0.0,1.8328609588517368e-05,0.0,3.621698943e-314,313.44108765362176,50.0
2,OOWOWWWW,0.004937454477102576,0.005030416213478778,0.005029591219744581,0.00023657592774728133,-0.0266683513637553,8.24993734197324e-07,-9.213674264200479e-05,3,0.02690492729150258,77409,266656,132546,0.9689845694128979,4.244057156559249e-05,2.5636314326318066e-08,0.9689845694128979,4.392770749646231e-05,2.64632922078122e-08,0.9689845694128979,0.013683138813206841,0.013683138813206841
2,OOWWOOOO,0.002751237874514244,0.006762696751771194,0.0019667053783209796,1.781297754210572,0.4840909426183138,0.004795991373450215,0.0007845324961932645,6,1.2972068115922581,30269,358482,73857,0.0,0.0,0.0,0.0,0.0,0.0,3.621698943e-314,313.44108765362176,50.0
2,OOWWOOOW,0.004053528464343481,0.009605115081504963,0.0030896552297703665,1.6360403652280742,0.39162141392697236,0.006515459851734597,0.0009638732345731145,5,1.244418951301102,47552,509155,108817,0.0,0.0,0.0,0.0,0.0,0.0,3.621698943e-314,313.44108765362176,50.0
2,OOWWOOWO,0.0055333567243994386,0.009514846939848687,0.007023780703091487,0.43787887800424286,-0.3440375507439234,0.0024910662367572,-0.0014904239786920487,5,0.7819164287481662,108101,504370,148543,0.0,0.0,0.0,0.0,0.0,0.0,3.621698943e-314,313.44108765362176,50.0
2,OOWWOOWW,0.004348480892554805,0.0048768377513630536,0.005485515486805875,-0.16964840587496394,-0.33504695068334156,-0.0006086777354428214,-0.0011370345942510697,4,0.16539854480837762,84426,258515,116735,1.3149424027355543e-190,0.0,2.7976975472761977e-236,1.605525858983952e-190,0.0,3.516582187083666e-236,1.3149424027355543e-190,189.88109326977647,50.0
2,OOWWOWOO,0.004568000298901021,0.013619943958292911,0.004034445705377931,1.755026758776683,0.1791505123882152,0.00958549825291498,0.0005335545935230904,5,1.575876246388468,62093,721976,122628,0.0,1.0244066119238666e-142,0.0,0.0,1.356455651650913e-142,0.0,3.621698943e-314,313.44108765362176,50.0
2,OOWWOWOW,0.00236453654118995,0.007491218192624291,0.003154564499086917,1.2474948030943538,-0.41573066529342656,0.004336653693537374,-0.000790027957896967,4,1.6632254683877803,48551,397100,63476,0.0,0.0,0.0,0.0,0.0,0.0,3.621698943e-314,313.44108765362176,50.0
2,OOWWOWWO,0.005410764094790513,0.0017592006298584565,0.004928166425547249,-1.4856038137480332,0.134755259739636,-0.0031689657956887923,0.0004825976692432645,4,-1.6203590734876692,75848,93253,145252,0.0,5.667958929322985e-98,0.0,0.0,7.171322006128587e-98,0.0,3.621698943e-314,313.44108765362176,50.0
2,OOWWOWWW,0.005425180183413624,0.004145656371539521,0.004604204847156538,-0.15131683343183505,0.2366716237776129,-0.0004585484756170176,0.0008209753362570854,3,-0.38798845720944797,70862,219756,145639,1.6552032262346923e-128,1.5778090704213233e-287,0.0,1.9496872358101896e-128,2.4479946789567198e-287,0.0,1.6552032262346923e-128,127.78114867583763,50.0
2,OOWWWOOO,0.004833971546366145,0.008578982313009355,0.004415974463562899,0.957916182161126,0.1304489079595778,0.004163007849446457,0.0004179970828032467,5,0.8274672742015481,67965,454761,129768,0.0,2.0716594188667017e-82,0.0,0.0,2.5415885522198514e-82,0.0,3.621698943e-314,313.44108765362176,50.0
2,OOWWWOOW,0.001762860408268845,0.005647578649066045,0.0039458208371619405,0.517196857366882,-1.161954640030882,0.0017017578119041046,-0.002182960428893096,4,1.679151497397764,60729,299371,47324,0.0,0.0,0.0,0.0,0.0,0.0,3.621698943e-314,313.44108765362176,50.0
2,OOWWWOWO,0.0017242685017739053,0.0032317692546332223,0.003017923664880005,0.09873625790962588,-0.8072133734683444,0.00021384558975321745,-0.0012936551631060995,4,0.9059496313779704,46448,171312,46288,1.0011899641374155e-39,0.0,0.0,1.1031763162948854e-39,0.0,0.0,1.0011899641374155e-39,38.99948351238142,38.99948351238142
2,OOWWWOWW,0.003675357581393069,0.004883987516397062,0.005938385964419844,-0.28195891222635006,-0.6920366902419856,-0.0010543984480227827,-0.0022630283830267755,3,0.4100777780156355,91396,258894,98665,0.0,0.0,0.0,0.0,0.0,0.0,3.621698943e-314,313.44108765362176,50.0
2,OOWWWWOO,0.009859114583207224,0.011128335735610367,0.005076632572082101,1.1321395792016116,0.9574484096991613,0.006051703163528267,0.004782482011125124,4,0.17469116950245023,78133,589899,264668,0.0,0.0,0.0,0.0,0.0,0.0,3.621698943e-314,313.44108765362176,50.0
2,OOWWWWOW,0.005525757545900435,0.014071982664743838,0.0059702233437642985,1.2368296930759797,-0.11159320720261688,0.00810175932097954,-0.0004444657978638633,3,1.3484229002785966,91886,745938,148339,0.0,8.72894906492581e-76,0.0,0.0,1.0657921910752024e-75,0.0,3.621698943e-314,313.44108765362176,50.0
2,OOWWWWWO,0.0015102249740519718,0.0021173491500976207,0.002791683348803701,-0.3987116049631116,-0.8859335528873737,-0.0006743341987060802,-0.001281458374751729,3,0.48722194792426216,42966,112238,40542,0.0,0.0,0.0,0.0,0.0,0.0,3.621698943e-314,313.44108765362176,50.0
2,OOWWWWWW,0.0025227037564192105,0.0075382481773994415,0.004199935103725532,0.8437101642736959,-0.7351679288715557,0.0033383130736739097,-0.0016772313473063212,2,1.5788780931452515,64640,399593,67722,0.0,0.0,0.0,0.0,0.0,0.0,3.621698943e-314,313.44108765362176,50.0
2,OWOOOOOO,0.0011378652276007974,0.004729390354250106,0.0019661206101289387,1.2658738240798713,-0.7884883865644793,0.002763269744121167,-0.0008282553825281413,7,2.0543622106443507,30260,250699,30546,0.0,0.0,0.0,0.0,0.0,0.0,3.621698943e-314,313.44108765362176,50.0
2,OWOOOOOW,0.0005141738275575789,0.0006157098448019935,0.0005605977734366319,0.13505466104600944,-0.12447791391736528,5.51120713653616e-05,-4.6423945879053006e-05,6,0.25953257496337473,8628,32638,13803,5.569284128185337e-15,3.5288803438268353e-10,4.162252447557922e-72,5.940569736731026e-15,3.7278956039326127e-10,4.687111260593085e-72,5.569284128185337e-15,14.254200625142138,14.254200625142138
2,OWOOOOWO,0.0058460778199834335,0.0016229212034582603,0.005070979812892371,-1.64306737217725,0.20516678919136075,-0.003448058609434111,0.0007750980070910622,6,-1.8482341613686106,78046,86029,156938,0.0,4.217643969365994e-236,0.0,0.0,6.181585054337946e-236,0.0,3.621698943e-314,313.44108765362176,50.0
2,OWOOOOWW,0.001397727331566723,0.00034243412901666115,0.0035659814093095357,-3.3765983762191656,-1.3505889462698137,-0.0032235472802928746,-0.0021682540777428127,5,-2.026009429949352,54883,18152,37522,0.0,0.0,0.0,0.0,0.0,0.0,3.621698943e-314,313.44108765362176,50.0
2,OWOOOWOO,0.0009713910672476264,0.0010214542942781034,0.0014165684580975256,-0.47138205507896563,-0.5438098629784786,-0.00039511416381942223,-0.00044517739084989926,6,0.07242780789951292,21802,54146,26077,0.0,0.0,2.3053333046454236e-11,0.0,0.0,2.392562132388764e-11,3.621698943e-314,313.44108765362176,50.0
2,OWOOOWOW,0.0010669023107351024,0.001599132671247484,0.002061632748162301,-0.3662954444364619,-0.9497072935704773,-0.000462500076914817,-0.0009947304374271987,5,0.5834118491340154,31730,84768,28641,0.0,0.0,0.0,0.0,0.0,0.0,3.621698943e-314,313.44108765362176,50.0
2,OWOOOWWO,0.004159209196704624,9.028700647166924e-05,0.004585297342280546,-5.650776555830811,-0.14067381552792352,-0.004495010335808877,-0.00042608814557592266,5,-5.510102740302887,70571,4786,111654,0.0,3.870586250630436e-91,0.0,0.0,4.8100489328222894e-91,0.0,3.621698943e-314,313.44108765362176,50.0
2,OWOOOWWW,0.0014833298423054984,0.0005264226735461618,0.003063860455077003,-2.5387898905082404,-1.046009670688801,-0.002537437781530841,-0.0015805306127715045,4,-1.4927802198194395,47155,27905,39820,0.0,0.0,0.0,0.0,0.0,0.0,3.621698943e-314,313.44108765362176,50.0
2,OWOOWOOO,0.00085323129176312,0.0018017219237546416,0.001213718869702861,0.5695544129538335,-0.507923808029306,0.0005880030540517805,-0.00036048757793974103,6,1.0774782209831395,18680,95507,22905,0.0,1.783757087271541e-275,0.0,0.0,2.734382121805476e-275,0.0,3.621698943e-314,313.44108765362176,50.0
2,OWOOWOOW,0.0023022903290731123,0.002307336705922147,0.0023268576103746713,-0.012149136363597095,-0.015306540769996806,-1.952090445252446e-05,-2.4567281301558948e-05,5,0.0031574044063997116,35812,122309,61805,0.16097989717074163,0.11004831869069745,0.6584538078769018,0.16203481130685396,0.11164743560694272,0.6601730084196613,0.16097989717074163,0.7932283543589642,0.7932283543589642
2,OWOOWOWO,0.003976307400478607,0.0029084640484252264,0.0038793521859999476,-0.4154341801532001,0.03560447101357267,-0.0009708881375747212,9.695521447865936e-05,5,-0.4510386511667728,59706,154174,106744,0.0,1.2795680445501548e-06,0.0,0.0,1.3352014377914659e-06,0.0,3.621698943e-314,313.44108765362176,50.0
2,OWOOWOWW,0.007037621558452192,0.0018733516278024744,0.006229015755864218,-1.7328441843218683,0.1760571076927983,-0.004355664128061743,0.000808605802587974,4,-1.9089012920146666,95869,99304,188925,0.0,4.494125291864381e-212,0.0,0.0,6.344647470867361e-212,0.0,3.621698943e-314,313.44108765362176,50.0
2,OWOOWWOO,0.005574854199143997,0.006668070837759097,0.004735192922173721,0.49375792491161913,0.23546498890248785,0.0019328779155853761,0.0008396612769702759,5,0.2582929360091313,72878,353466,149657,0.0,1.3327188658858449e-292,0.0,0.0,2.0888328346945486e-292,0.0,3.621698943e-314,313.44108765362176,50.0
2,OWOOWWOW,0.0032487978118240016,0.003485670805009778,0.002210163868940713,0.6570442111166408,0.55554401579526,0.0012755069360690652,0.0010386339428832886,4,0.10150019532138077,34016,184771,87214,0.0,0.0,1.6109071247886513e-66,0.0,0.0,1.8008394058772697e-66,3.621698943e-314,313.44108765362176,50.0
2,OWOOWWWO,0.007122032041191124,0.0031684966638045597,0.0062937301024500875,-0.9898907717785198,0.1783469587074953,-0.0031252334386455277,0.0008283019387410363,4,-1.1682377304860152,96865,167958,191191,0.0,5.731330599540192e-220,0.0,0.0,8.196763315543515e-220,0.0,3.621698943e-314,313.44108765362176,50.0
2,OWOOWWWW,0.00276286014751272,0.004088194143851952,0.0031739268236678298,0.365093218988109,-0.2000387241550474,0.0009142673201841221,-0.00041106667615510963,3,0.5651319431431564,48849,216710,74169,0.0,2.3916775611438117e-124,0.0,0.0,3.102716836078458e-124,0.0,3.621698943e-314,313.44108765362176,50.0
2,OWOWOOOO,0.001788712515515455,0.0012343248711745337,0.0012120295393702983,0.026275814993372937,0.5611131805978363,2.229533180423543e-05,0.0005766829761451567,6,-0.5348373656044634,18654,65430,48018,0.027943890783272737,0.0,0.0,0.02831254369598082,0.0,0.0,0.027943890783272737,1.5537131247764602,1.5537131247764602
2,OWOWOOOW,0.0029630463497364707,0.0025949685462216747,0.0028045482490286025,-0.11200982090324564,0.0792852836174996,-0.00020957970280692777,0.00015849810070786823,5,-0.19129510452074525,43164,137556,79543,1.5275050755429856e-44,2.6581260540742947e-20,5.453585431971508e-193,1.690380256508664e-44,2.895660722736253e-20,6.669352884958787e-193,1.5275050755429856e-44,43.81601733802377,43.81601733802377
2,OWOWOOWO,0.004524901036531672,0.0016228080145659013,0.005148234188485343,-1.6649768153162516,-0.18615284682335836,-0.0035254261739194413,-0.0006233331519536704,5,-1.4788239684928932,79235,86023,121471,0.0,7.167700282579802e-175,0.0,0.0,9.812466697007644e-175,0.0,3.621698943e-314,313.44108765362176,50.0
2,OWOWOOWW,0.007691709672491424,0.002236952079690262,0.005426453899409735,-1.2780964218609916,0.503216294495319,-0.0031895018197194733,0.002265255773081689,4,-1.7813127163563105,83517,118578,206484,0.0,0.0,0.0,0.0,0.0,0.0,3.621698943e-314,313.44108765362176,50.0
2,OWOWOWOO,0.0026483137069027397,0.0032490305607179647,0.00401040523526069,-0.3036544315152622,-0.5984890314339206,-0.0007613746745427255,-0.0013620915283579504,5,0.2948345999186584,61723,172227,71094,0.0,0.0,0.0,0.0,0.0,0.0,3.621698943e-314,313.44108765362176,50.0
2,OWOWOWOW,0.0030879485335950927,0.0034558643966885834,0.002698900128999863,0.35655796967159387,0.19420979168609848,0.0007569642676887203,0.0003890484045952296,4,0.1623481779854954,41538,183191,82896,0.0,5.084106085740223e-113,5.714798242306975e-162,0.0,6.529420524830253e-113,6.847059360517561e-162,3.621698943e-314,313.44108765362176,50.0
2,OWOWOWWO,0.003134251371214021,0.00033747268256825974,0.0028855061565045003,-3.092212995739281,0.11925681444900967,-0.0025480334739362404,0.00024874521470952086,4,-3.211469810188291,44410,17889,84139,0.0,1.2918916134981525e-45,0.0,0.0,1.483068399352139e-45,0.0,3.621698943e-314,313.44108765362176,50.0
2,OWOWOWWW,0.004527769353906296,0.003065268393973182,0.004519413459310595,-0.5599707514118436,0.002664331436427443,-0.0014541450653374126,8.355894595701158e-06,3,-0.562635082848271,69557,162486,121548,0.0,0.6978225605169195,0.0,0.0,0.7014760817761704,0.0,3.621698943e-314,313.44108765362176,50.0
2,OWOWWOOO,0.006545798255891682,0.0036999751078760886,0.004557683288767499,-0.30071175013581186,0.5221723394805257,-0.0008577081808914108,0.001988114967124183,5,-0.8228840896163375,70146,196131,175722,0.0,0.0,0.0,0.0,0.0,0.0,3.621698943e-314,313.44108765362176,50.0
2,OWOWWOOW,0.002691561972772069,0.002036588875399498,0.002256555478842632,-0.14789845391891351,0.25421810863128147,-0.00021996660344313426,0.0004350064939294368,4,-0.402116562550195,34730,107957,72255,3.85643597229667e-61,4.91148108622377e-164,0.0,4.361918743334083e-61,6.652588137953889e-164,0.0,3.85643597229667e-61,60.4138138747537,50.0
2,OWOWWOWO,0.004184241784701341,0.000666456198209597,0.002751789163257793,-2.0441490496204366,0.6044168529810172,-0.002085332965048196,0.0014324526214435484,4,-2.6485659026014536,42352,35328,112326,0.0,0.0,0.0,0.0,0.0,0.0,3.621698943e-314,313.44108765362176,50.0
2,OWOWWOWW,0.0024133724383085466,0.0008293727439449367,0.0026913631167468904,-1.69704200339896,-0.15722475640276995,-0.0018619903728019538,-0.0002779906784383438,3,-1.53981724699619,41422,43964,64787,0.0,6.775401325814008e-67,0.0,0.0,8.130481590976809e-67,0.0,3.621698943e-314,313.44108765362176,50.0
2,OWOWWWOO,0.00519344249006901,0.003873248437262274,0.004991711235749037,-0.3659069975637892,0.057145447947307734,-0.001118462798486763,0.0002017312543199732,4,-0.42305244551109694,76826,205316,139418,0.0,8.394450881389543e-19,0.0,0.0,9.06742373685959e-19,0.0,3.621698943e-314,313.44108765362176,50.0
2,OWOWWWOW,0.0022153467868345125,0.002108463822047442,0.0034438948056600884,-0.7075835839278714,-0.636276294712346,-0.0013354309836126465,-0.001228548018825576,3,-0.07130728921552532,53004,111767,59471,0.0,0.0,2.294287598568134e-22,0.0,0.0,2.447240105139343e-22,3.621698943e-314,313.44108765362176,50.0
2,OWOWWWWO,0.003298676733442461,0.0014624193540932451,0.004054262849663765,-1.4704521844250003,-0.2974707367550483,-0.00259184349557052,-0.0007555861162213042,3,-1.1729814476699518,62398,77521,88553,0.0,0.0,0.0,0.0,0.0,0.0,3.621698943e-314,313.44108765362176,50.0
2,OWOWWWWW,0.004631140532017742,0.003329243755769686,0.0035459693422930216,-0.09095908199614859,0.38509216253429235,-0.00021672558652333562,0.0010851711897247205,2,-0.47605124453044095,54575,176479,124323,1.1715394724694296e-37,0.0,0.0,1.2835125746883338e-37,0.0,0.0,1.1715394724694296e-37,36.93124307421438,36.93124307421438
2,OWWOOOOO,0.004139093724207261,0.009788084926003233,0.0034539658134119054,1.502502569082078,0.2609919927499584,0.006334119112591328,0.0006851279107953556,6,1.2415105763321195,53159,518854,111114,0.0,3.2456334852033575e-264,0.0,0.0,4.9261788866327645e-264,0.0,3.621698943e-314,313.44108765362176,50.0
2,OWWOOOOW,0.0011177870059784303,0.0017069639560347931,0.0009053511097665774,0.9141355826431646,0.3037934562445382,0.0008016128462682157,0.00021243589621185285,5,0.6103421263986264,13934,90484,30007,0.0,2.845608241332283e-96,0.0,0.0,3.582667425152776e-96,0.0,3.621698943e-314,313.44108765362176,50.0
2,OWWOOOWO,0.0033807031601817052,0.0018333204895381865,0.004743704548080096,-1.3710725273534288,-0.4885682255453054,-0.0029103840585419094,-0.0013630013878983905,5,-0.8825043018081233,73009,97182,90755,0.0,0.0,0.0,0.0,0.0,0.0,3.621698943e-314,313.44108765362176,50.0
2,OWWOOOWW,0.006306573136673051,0.0005092934211691714,0.004574511617849568,-3.164534122206631,0.4631519598553279,-0.004065218196680397,0.0017320615188234825,4,-3.627686082061959,70405,26997,169300,0.0,0.0,0.0,0.0,0.0,0.0,3.621698943e-314,313.44108765362176,50.0
2,OWWOOWOO,0.00022231322197084917,0.00037484388186211196,0.0003829581915432903,-0.030815708000067887,-0.7818805542104957,-8.114309681178363e-06,-0.00016064496957244115,5,0.7510648462104279,5894,19870,5968,0.14987355442561906,2.9075062780095176e-190,5.396576880224386e-299,0.15125215479484289,4.023360038759116e-190,6.977392329987085e-299,0.14987355442561906,0.8242749927705227,0.8242749927705227
2,OWWOOWOW,0.0030814668813459426,0.0028731868436400153,0.001999127525857475,0.5230618632824998,0.6239934065726428,0.0008740593177825402,0.0010823393554884675,4,-0.10093154329014298,30768,152304,82722,0.0,0.0,8.147804919590195e-59,0.0,0.0,9.04265054659721e-59,3.621698943e-314,313.44108765362176,50.0
2,OWWOOWWO,0.003997354144850847,0.00019200609107159413,0.003586773167248771,-4.216370397158125,0.15631758063685802,-0.003394767076177177,0.00041058097760207635,4,-4.372687977794983,55203,10178,107309,0.0,1.6760234993865802e-96,0.0,0.0,2.1136059893742096e-96,0.0,3.621698943e-314,313.44108765362176,50.0
2,OWWOOWWW,0.003910596856987223,0.0013190656219206137,0.005339128516064946,-2.016264813042323,-0.4491167736770942,-0.004020062894144333,-0.0014285316590777232,3,-1.5671480393652286,82173,69922,104980,0.0,0.0,0.0,0.0,0.0,0.0,3.621698943e-314,313.44108765362176,50.0
2,OWWOWOOO,0.0006702922446621079,0.0021574934772542677,0.0013498399099612923,0.6761680242618597,-1.0088438284830656,0.0008076535672929754,-0.0006795476652991844,5,1.6850118527449254,20775,114366,17994,0.0,0.0,0.0,0.0,0.0,0.0,3.621698943e-314,313.44108765362176,50.0
2,OWWOWOOW,0.0029681124687358064,0.0048707444159910625,0.0033349979734533432,0.5463200354293788,-0.1680866693337216,0.0015357464425377193,-0.0003668855047175368,4,0.7144067047631004,51328,258192,79679,0.0,1.1103444141550247e-93,0.0,0.0,1.3865764391399332e-93,0.0,3.621698943e-314,313.44108765362176,50.0
2,OWWOWOWO,0.0034542736382970583,0.0012618109072023696,0.003418879721889446,-1.437306959299613,0.01485438247337885,-0.0021570688146870763,3.539391640761244e-05,4,-1.452161341772992,52619,66887,92730,0.0,0.05888842046676055,0.0,0.0,0.059902393269499477,0.0,3.621698943e-314,313.44108765362176,50.0
2,OWWOWOWW,0.003290593293568521,0.0010094562716880529,0.0038097647711470696,-1.9150736677149205,-0.21129446837434057,-0.0028003084994590167,-0.0005191714775785485,3,-1.70377919934058,58635,53510,88336,0.0,2.458777971405392e-165,0.0,0.0,3.3421973133439666e-165,0.0,3.621698943e-314,313.44108765362176,50.0
2,OWWOWWOO,0.007101246052943849,0.013682499686136634,0.006420234954661623,1.091514567127603,0.14542455425131973,0.007262264731475012,0.0006810110982822266,4,0.9460900128762832,98812,725292,190633,0.0,2.4710853587194916e-148,0.0,0.0,3.294780478292656e-148,0.0,3.621698943e-314,313.44108765362176,50.0
2,OWWOWWOW,0.0019700497749916774,0.006600082043082145,0.0024347148546844544,1.438357279967403,-0.3053810398134368,0.00416536718839769,-0.0004646650796927771,3,1.7437383197808396,37472,349862,52886,0.0,2.0328821373499676e-213,0.0,0.0,2.885865954685351e-213,0.0,3.621698943e-314,313.44108765362176,50.0
2,OWWOWWWO,0.006370756394289635,0.002206938158399743,0.004913482246502664,-1.1543396683045242,0.37465167774410146,-0.002706544088102921,0.0014572741477869708,3,-1.5289913460486257,75622,116987,171023,0.0,0.0,0.0,0.0,0.0,0.0,3.621698943e-314,313.44108765362176,50.0
2,OWWOWWWW,0.0051161096735791506,0.005400807998908104,0.005311449488308339,0.024065143003631394,-0.05404806424983813,8.935851059976505e-05,-0.00019533981472918873,2,0.07811320725346953,81747,286290,137342,2.408573081823761e-05,2.0640102321046067e-17,7.84343216399973e-62,2.4929705213485825e-05,2.220111846297392e-17,8.730081017321439e-62,2.408573081823761e-05,4.618240171624298,4.618240171624298
2,OWWWOOOO,4.622833586893831e-05,0.0005959206534545675,0.00013612104025843114,2.122089212397922,-1.5377253526064305,0.00045979961319613633,-8.989270438949283e-05,5,3.6598145650043525,2095,31589,1241,0.0,7.871187284721706e-209,0.0,0.0,1.107156013675141e-208,0.0,3.621698943e-314,313.44108765362176,50.0
2,OWWWOOOW,0.004758352270126061,0.010560617981168575,0.004341384031955892,1.2822716386508648,0.1322779208204062,0.006219233949212683,0.0004169682381701687,4,1.1499937178304587,66817,559805,127738,0.0,2.427808037267739e-83,0.0,0.0,2.992867692811595e-83,0.0,3.621698943e-314,313.44108765362176,50.0
2,OWWWOOWO,0.005112161080829668,0.00498680076028979,0.0052408224855585,-0.07166466030805653,-0.035853021371024196,-0.0002540217252687098,-0.00012866140472883158,4,-0.035811638937032333,80660,264344,137236,6.413644589038245e-35,2.0240287649161283e-08,7.93348680453043e-14,6.996703188041722e-35,2.12647618530176e-08,8.28968417126445e-14,6.413644589038245e-35,34.19289511009142,34.19289511009142
2,OWWWOOWW,0.003163158050210231,0.001364643015910491,0.002989659868931357,-1.1308834333383992,0.08135782398532491,-0.001625016853020866,0.00017349818127887408,3,-1.2122412573237242,46013,72338,84915,0.0,1.321282225010239e-22,0.0,0.0,1.4537890384066816e-22,0.0,3.621698943e-314,313.44108765362176,50.0
2,OWWWOWOO,0.005766919710618813,0.01047602814894564,0.005561470377527644,0.9134318955218951,0.05232533438417578,0.004914557771417996,0.00020544933309116827,4,0.8611065611377193,85595,555321,154813,0.0,1.1967185859199813e-17,0.0,0.0,1.2890320813275535e-17,0.0,3.621698943e-314,313.44108765362176,50.0
2,OWWWOWOW,0.0019436016537451451,0.006159154712897789,0.0031294844410727145,0.97658065395552,-0.6869112774495867,0.003029670271825075,-0.0011858827873275693,3,1.6634919314051066,48165,326489,52176,0.0,0.0,0.0,0.0,0.0,0.0,3.621698943e-314,313.44108765362176,50.0
2,OWWWOWWO,0.003568261315782112,0.0004147241016032546,0.0028501601680078,-2.7778507912742962,0.324076442051227,-0.0024354360664045455,0.000718101147774312,3,-3.1019272333255232,43866,21984,95790,0.0,0.0,0.0,0.0,0.0,0.0,3.621698943e-314,313.44108765362176,50.0
2,OWWWOWWW,0.0014457437094354268,0.0017341481550163383,0.0020036107486631227,-0.20826327214259185,-0.47051275305406004,-0.00026946259364678433,-0.0005578670392276958,2,0.26224948091146816,30837,91925,38811,2.001531080934314e-104,0.0,2.465673662109019e-203,2.3220179307515908e-104,0.0,3.0395463443013266e-203,2.001531080934314e-104,103.69863766153017,50.0
2,OWWWWOOO,0.003995305346726116,0.004398426032992487,0.0023026222175267503,0.9334111747282556,0.794762678273487,0.0020958038154657364,0.0016926831291993656,4,0.13864849645476862,35439,233155,107254,0.0,0.0,5.78124095636885e-152,0.0,0.0,6.873054263918385e-152,3.621698943e-314,313.44108765362176,50.0
2,OWWWWOOW,0.002573588451662538,0.006621984093753605,0.003912618998702724,0.7589780807801142,-0.6041614768582448,0.0027093650950508804,-0.0013390305470401863,3,1.363139557638359,60218,351023,69088,0.0,0.0,0.0,0.0,0.0,0.0,3.621698943e-314,313.44108765362176,50.0
2,OWWWWOWO,0.010880421822948304,0.0031009040302508633,0.00507033007045677,-0.7092101245529138,1.1014309976974181,-0.001969426040205907,0.005810091752491534,3,-1.810641122250332,78036,164375,292085,0.0,0.0,0.0,0.0,0.0,0.0,3.621698943e-314,313.44108765362176,50.0
2,OWWWWOWW,0.004275320174064398,0.0012706585056217622,0.0036784518249120867,-1.5327795478515314,0.21687902817079407,-0.0024077933192903243,0.0005968683491523116,2,-1.7496585760223256,56614,67356,114771,0.0,3.2876181418059588e-192,0.0,0.0,4.557564499832087e-192,0.0,3.621698943e-314,313.44108765362176,50.0
2,OWWWWWOO,0.003767143737381033,0.005193030922167828,0.003577936670124596,0.5373235877360809,0.07432298293841737,0.0016150942520432318,0.00018920706725643723,3,0.46300060479766353,55067,275276,101129,0.0,1.49467512469486e-22,0.0,0.0,1.6422181627548678e-22,0.0,3.621698943e-314,313.44108765362176,50.0
2,OWWWWWOW,0.004473792836038374,0.009771370699564892,0.005236794082457773,0.8997492480262542,-0.22713844974094152,0.004534576617107119,-0.0007630012464193989,2,1.1268876977671958,80598,517968,120099,0.0,2.1825323316012363e-260,0.0,0.0,3.286636922881862e-260,0.0,3.621698943e-314,313.44108765362176,50.0
2,OWWWWWWO,0.0052255527443147995,0.0038984895602583234,0.005393641906411879,-0.46824190870167126,-0.045667489763854555,-0.0014951523461535555,-0.00016808916209707942,2,-0.4225744189378167,83012,206654,140280,0.0,4.5001636406908625e-13,0.0,0.0,4.786877667660087e-13,0.0,3.621698943e-314,313.44108765362176,50.0
2,OWWWWWWW,0.0021297815269707325,0.004303705794903425,0.002528602636628814,0.7670038634614427,-0.24752809807132176,0.001775103158274611,-0.0003988211096580814,1,1.0145319615327644,38917,228134,57174,0.0,5.9028874569184854e-149,0.0,0.0,7.897940012044246e-149,0.0,3.621698943e-314,313.44108765362176,50.0
2,WOOOOOOO,0.009338608106900475,0.012235323102881062,0.0034021813412944977,1.846214173554612,1.4564779867019326,0.008833141761586564,0.005936426765605977,7,0.3897361868526794,52362,648579,250695,0.0,0.0,0.0,0.0,0.0,0.0,3.621698943e-314,313.44108765362176,50.0
2,WOOOOOOW,0.0021496734942181243,0.0011638081912348974,0.0010603146806574405,0.1342399261703963,1.0189360378528316,0.00010349351057745691,0.0010893588135606838,6,-0.8846961116824353,16319,61692,57708,1.293599227776865e-26,0.0,0.0,1.395342987264933e-26,0.0,0.0,1.293599227776865e-26,25.888200252356715,25.888200252356715
2,WOOOOOWO,0.006184241263189091,0.0012699605074522151,0.0053447812752546765,-2.0724816081675197,0.21042906009809928,-0.004074820767802461,0.0008394599879344147,6,-2.282910668265619,82260,67319,166016,0.0,4.637219333278084e-262,0.0,0.0,7.024426919048458e-262,0.0,3.621698943e-314,313.44108765362176,50.0
2,WOOOOOWW,0.010573623616488533,0.00019509992079607257,0.005617153304258659,-4.840435134315586,0.9124384169145401,-0.005422053383462586,0.004956470312229874,5,-5.752873551230126,86452,10342,283849,0.0,0.0,0.0,0.0,0.0,0.0,3.621698943e-314,313.44108765362176,50.0
2,WOOOOWOO,0.006599998279009575,0.004247054754277762,0.0027862904865882114,0.6079389960756512,1.2438208564797621,0.0014607642676895505,0.0038137077924213637,6,-0.635881860404111,42883,225131,177177,0.0,0.0,0.0,0.0,0.0,0.0,3.621698943e-314,313.44108765362176,50.0
2,WOOOOWOW,0.006212067666810443,0.004882157629303925,0.004373611256761707,0.15865952949146742,0.506150947104539,0.0005085463725422179,0.0018384564100487359,5,-0.34749141761307156,67313,258797,166763,2.9236753780425267e-146,0.0,0.0,3.4866190843736965e-146,0.0,0.0,2.9236753780425267e-146,145.53407084968657,50.0
2,WOOOOWWO,0.003469658249670041,0.00011607520911412053,0.0036106187146353313,-4.947138072810769,-0.057436280616048996,-0.003494543505521211,-0.0001409604649652901,5,-4.88970179219472,55570,6153,93143,0.0,1.0845163384636951e-13,0.0,0.0,1.1552129652428818e-13,0.0,3.621698943e-314,313.44108765362176,50.0
2,WOOOOWWW,0.006368782097914893,0.0010080980049797454,0.005511245287255679,-2.44957378962886,0.20860393318140988,-0.004503147282275933,0.0008575368106592141,4,-2.65817772281027,84822,53438,170970,0.0,2.0315413378370746e-265,0.0,0.0,3.0956820386088753e-265,0.0,3.621698943e-314,313.44108765362176,50.0
2,WOOOWOOO,0.0001860308697256067,0.0005105573638005133,0.0002168190507600882,1.2317658868325334,-0.2198537309608514,0.00029373831304042506,-3.0788181034481504e-05,6,1.4516196177933849,3337,27064,4994,0.0,9.720020831652023e-12,0.0,0.0,1.0296518618908626e-11,0.0,3.621698943e-314,313.44108765362176,50.0
2,WOOOWOOW,0.00835119916340495,0.006341369964780333,0.005191312111965695,0.288644928638351,0.6857790073604729,0.0011500578528146378,0.003159887051439254,5,-0.3971340787221219,79898,336148,224188,0.0,0.0,0.0,0.0,0.0,0.0,3.621698943e-314,313.44108765362176,50.0
2,WOOOWOWO,0.0034694347444200703,0.0014975456403553112,0.003923014877672342,-1.3887674875953089,-0.17721410965704892,-0.0024254692373170306,-0.0004535801332522715,5,-1.21155337793826,60378,79383,93137,0.0,1.3050887183457232e-121,0.0,0.0,1.687387433820733e-121,0.0,3.621698943e-314,313.44108765362176,50.0
2,WOOOWOWW,0.008252856853417844,0.0010144177181364543,0.006183793682346381,-2.6066521301998002,0.4163429485663411,-0.005169375964209927,0.0020690631710714637,4,-3.0229950787661415,95173,53773,221548,0.0,0.0,0.0,0.0,0.0,0.0,3.621698943e-314,313.44108765362176,50.0
2,WOOOWWOO,0.006075319704703374,0.00831815737538351,0.00669533590189513,0.3130655109101108,-0.14017411920241593,0.0016228214734883804,-0.0006200161971917561,5,0.45323963011252677,103046,440935,163092,0.0,1.5721992169660014e-131,0.0,0.0,2.0569829618907822e-131,0.0,3.621698943e-314,313.44108765362176,50.0
2,WOOOWWOW,0.002872861981373296,0.00603270385531743,0.005049993132222456,0.2564768080851937,-0.8135763028302512,0.000982710723094974,-0.00217713115084916,4,1.070053110915445,77723,319786,77122,0.0,0.0,0.0,0.0,0.0,0.0,3.621698943e-314,313.44108765362176,50.0
2,WOOOWWWO,0.006563157163639406,0.0009905159970333192,0.006553302205472729,-2.7247342400611236,0.0021675871456777666,-0.00556278620843941,9.85495816667719e-06,4,-2.7269018272068015,100860,52506,176188,0.0,0.7037779669223259,0.0,0.0,0.7065378805180997,0.0,3.621698943e-314,313.44108765362176,50.0
2,WOOOWWWW,0.003167367399084679,0.0018057967238795643,0.004198375721880089,-1.216740670189348,-0.4064352353063367,-0.0023925789980005253,-0.0010310083227954106,3,-0.8103054348830112,64616,95723,85028,0.0,0.0,0.0,0.0,0.0,0.0,3.621698943e-314,313.44108765362176,50.0
2,WOOWOOOO,0.0017589118155193627,0.002659410755604713,0.0016796491702724123,0.662630410250307,0.06648454269820897,0.0009797615853323006,7.926264524695035e-05,6,0.5961458675520981,25851,140972,47218,0.0,2.310698375617752e-09,0.0,0.0,2.4376598248275188e-09,0.0,3.621698943e-314,313.44108765362176,50.0
2,WOOWOOOW,0.00476446141362526,0.003869173637137351,0.0037373184895775464,0.05000880891771714,0.35022642309987223,0.00013185514755980482,0.0010271429240477138,5,-0.3002176141821551,57520,205100,127902,1.5418040468848706e-13,0.0,0.0,1.6309993223244913e-13,0.0,0.0,1.5418040468848706e-13,12.811970818739209,12.811970818739209
2,WOOWOOWO,0.004274016393439569,0.0017795746304830704,0.0056506800139356755,-1.6663368800036822,-0.40274983334557174,-0.0038711053834526053,-0.001376663620496106,5,-1.2635870466581105,86968,94333,114736,0.0,0.0,0.0,0.0,0.0,0.0,3.621698943e-314,313.44108765362176,50.0
2,WOOWOOWW,0.004163306792954086,0.0006398002140590602,0.00445203516873876,-2.7968424710083224,-0.09671264696773813,-0.0038122349546796997,-0.0002887283757846736,4,-2.700129824040584,68520,33915,111764,0.0,2.1730277282874525e-43,0.0,0.0,2.4834602608999456e-43,0.0,3.621698943e-314,313.44108765362176,50.0
2,WOOWOWOO,0.0031471029230873363,0.004465679099869106,0.004255293159238747,0.06960508839043657,-0.43511481363643495,0.00021038594063035963,-0.0011081902361514103,5,0.5047199020268716,65492,236720,84484,3.735149611969799e-28,0.0,0.0,4.040274509849023e-28,0.0,0.0,3.735149611969799e-28,27.427691997770513,27.427691997770513
2,WOOWOWOW,0.007044848228201245,0.007569526041321303,0.006066385224233262,0.31931863759085827,0.21569848625008387,0.0015031408170880414,0.0009784630039679828,4,0.1036201513407744,93366,401251,189119,0.0,3.77395465015e-313,1.4953495375194648e-148,0.0,6.0635924086e-313,1.7695353541062388e-148,3.621698943e-314,313.44108765362176,50.0
2,WOOWOWWO,0.0037350334831352436,0.000449303308218919,0.005742293697355431,-3.6729093575452905,-0.6203709544974972,-0.005292990389136512,-0.0020072602142201875,4,-3.052538403047793,88378,23817,100267,0.0,0.0,0.0,0.0,0.0,0.0,3.621698943e-314,313.44108765362176,50.0
2,WOOWOWWW,0.005117152698079014,0.0018340373525231265,0.005148364136972463,-1.488584864144464,-0.008771103574643477,-0.0033143267844493365,-3.12114388934491e-05,3,-1.4798137605698205,79237,97220,137370,0.0,0.17218749833837935,0.0,0.0,0.1744591012188329,0.0,3.621698943e-314,313.44108765362176,50.0
2,WOOWWOOO,0.006102810850449769,0.0067679977648966725,0.006250782127456855,0.11467473873098327,-0.03455724623788381,0.0005172156374398176,-0.00014797127700708589,5,0.14923198496886708,96204,358763,163830,1.4878264666184085e-108,3.4126405962308664e-09,9.25338110929202e-269,1.7286697826973338e-108,3.595209846234987e-09,1.1844327819893785e-268,1.4878264666184085e-108,107.82744771998972,50.0
2,WOOWWOOW,0.002715998546768865,0.004277162999645247,0.004727396012946508,-0.1443594184868388,-0.7993370753583204,-0.00045023301330126067,-0.0020113974661776428,4,0.6549776568714816,72758,226727,72911,1.8517079135198187e-120,0.0,0.0,2.1645535427446283e-120,0.0,0.0,1.8517079135198187e-120,119.73242751741152,50.0
2,WOOWWOWO,0.0010729742033593062,0.0003682223316591124,0.002197623839933612,-2.5740390770421726,-1.0336414557425917,-0.0018294015082744996,-0.0011246496365743058,4,-1.540397621299581,33823,19519,28804,0.0,0.0,0.0,0.0,0.0,0.0,3.621698943e-314,313.44108765362176,50.0
2,WOOWWOWW,0.0014601225471835414,0.0005112742267854534,0.0022202348766925304,-2.1163737389016997,-0.6042847688300002,-0.001708960649907077,-0.000760112329508989,3,-1.5120889700716995,34171,27102,39197,0.0,0.0,0.0,0.0,0.0,0.0,3.621698943e-314,313.44108765362176,50.0
2,WOOWWWOO,0.004737640783628777,0.004007584787676975,0.005891799431787245,-0.5558601734829478,-0.31447986274905904,-0.0018842146441102707,-0.0011541586481584685,4,-0.24138031073388877,90679,212437,127182,0.0,0.0,0.0,0.0,0.0,0.0,3.621698943e-314,313.44108765362176,50.0
2,WOOWWWOW,0.0026563226450266896,0.0038166162614520042,0.004255942901674348,-0.15714564595994693,-0.6798443327508515,-0.0004393266402223433,-0.001599620256647658,3,0.5226986867909046,65502,202314,71309,7.051121148966924e-128,0.0,0.0,8.292895930178558e-128,0.0,0.0,7.051121148966924e-128,127.15174182342028,50.0
2,WOOWWWWO,0.0032032772425799705,0.0009399205621488609,0.003103819614866471,-1.7223646198602283,0.04548952638584269,-0.00216389905271761,9.945762771349951e-05,3,-1.7678541462460708,47770,49824,85992,0.0,2.9813524737523544e-08,0.0,0.0,3.123709003876955e-08,0.0,3.621698943e-314,313.44108765362176,50.0
2,WOOWWWWW,0.0037958641620022674,0.0033296587817083353,0.0034588388816789136,-0.05489729496548007,0.1341035297193071,-0.00012918009997057826,0.00033702528032335385,2,-0.18900082468478718,53234,176501,101900,1.533349745759513e-14,1.4398245483299474e-68,4.059121022066973e-241,1.6333045835552092e-14,1.733205725889341e-68,5.110499909749894e-241,1.533349745759513e-14,13.814358774480711,13.814358774480711
2,WOWOOOOO,0.00475943254550092,0.013827588981325436,0.002407490646632768,2.5214527303234635,0.982963345345668,0.011420098334692668,0.0023519418988681515,6,1.5384893849777956,37053,732983,127767,0.0,0.0,0.0,0.0,0.0,0.0,3.621698943e-314,313.44108765362176,50.0
2,WOWOOOOW,0.00026820629996483146,0.0007211264332189779,0.0004089478889673345,0.8168109214922139,-0.6067283591348654,0.00031217854425164346,-0.00014074158900250302,5,1.4235392806270792,6294,38226,7200,0.0,7.519907614661337e-130,0.0,0.0,9.821920149761746e-130,0.0,3.621698943e-314,313.44108765362176,50.0
2,WOWOOOWO,0.007001748965831896,0.0019619785305195455,0.005336334623591862,-1.4430750699121861,0.39180190698600303,-0.0033743560930723166,0.0016654143422400337,5,-1.8348769768981892,82130,104002,187962,0.0,0.0,0.0,0.0,0.0,0.0,3.621698943e-314,313.44108765362176,50.0
2,WOWOOOWW,0.006207709314436014,0.00042157202959097214,0.004246326713627451,-3.3292859058904196,0.5477382995374944,-0.003824754684036479,0.001961382600808563,4,-3.8770242054279143,65354,22347,166646,0.0,0.0,0.0,0.0,0.0,0.0,3.621698943e-314,313.44108765362176,50.0
2,WOWOOWOO,3.326503137063812e-05,0.000933959280484622,0.00018881515178568065,2.300308375353444,-2.4697862455582085,0.0007451441286989414,-0.00015555012041504253,5,4.770094620911653,2906,49508,893,0.0,0.0,0.0,0.0,0.0,0.0,3.621698943e-314,313.44108765362176,50.0
2,WOWOOWOW,0.004197652099699583,0.003370689755188461,0.0022226389237042544,0.6005492522392416,0.9170037103323092,0.0011480508314842064,0.001975013175995329,4,-0.3164544580930676,34208,178676,112686,0.0,0.0,0.0,0.0,0.0,0.0,3.621698943e-314,313.44108765362176,50.0
2,WOWOOWWO,0.0021313460637205272,3.280591396870723e-05,0.0025918225756128015,-6.261104025051912,-0.28208189166918995,-0.0025590166616440944,-0.00046047651189227426,4,-5.979022133382722,39890,1739,57216,0.0,1.726192739911671e-195,0.0,0.0,2.3973164995518322e-195,0.0,3.621698943e-314,313.44108765362176,50.0
2,WOWOOWWW,0.0008214935462672817,0.0006175020022643438,0.0036477839819517143,-2.560565571205744,-2.1493394781026107,-0.0030302819796873704,-0.0028262904356844325,3,-0.4112260931031333,56142,32733,22053,0.0,0.0,1.3595744637033825e-230,0.0,0.0,1.7033494096642703e-230,3.621698943e-314,313.44108765362176,50.0
2,WOWOWOOO,0.0009088468481308274,0.001982050694097869,0.000691975693915175,1.5168449027380129,0.3928189702949539,0.001290075000182694,0.0002168711542156524,5,1.124025932443059,10650,105066,24398,0.0,5.777106626676091e-126,0.0,0.0,7.520030320825827e-126,0.0,3.621698943e-314,313.44108765362176,50.0
2,WOWOWOOW,0.0019442349186200622,0.006902730276434629,0.002968283342800081,1.2172613320531005,-0.6101703740274804,0.003934446933634548,-0.0010240484241800186,4,1.827431706080581,45684,365905,52193,0.0,0.0,0.0,0.0,0.0,0.0,3.621698943e-314,313.44108765362176,50.0
2,WOWOWOWO,0.006665373564626003,0.002347141466401717,0.006399962990670868,-1.4467696393609626,0.058613197043631306,-0.0040528215242691505,0.00026541057395513493,4,-1.5053828364045938,98500,124419,178932,0.0,7.576432743902272e-25,0.0,0.0,8.384294448583495e-25,0.0,3.621698943e-314,313.44108765362176,50.0
2,WOWOWOWW,0.002877443838997695,0.0010125878310433176,0.004643644212997526,-2.1960969791933636,-0.6902790238823554,-0.003631056381954208,-0.0017662003739998306,3,-1.505817955311008,71469,53676,77245,0.0,0.0,0.0,0.0,0.0,0.0,3.621698943e-314,313.44108765362176,50.0
2,WOWOWWOO,0.0032806473099448253,0.009498340226379671,0.00469308961234677,1.0169819311619832,-0.5164251881141465,0.004805250614032901,-0.0014124423024019445,4,1.5334071192761298,72230,503495,88069,0.0,0.0,0.0,0.0,0.0,0.0,3.621698943e-314,313.44108765362176,50.0
2,WOWOWWOW,0.003414228947677309,0.005862731868625048,0.0026036478879407415,1.170730781297243,0.39089394267461464,0.0032590839806843066,0.0008105810597365676,3,0.7798368386226283,40072,310776,91655,0.0,0.0,0.0,0.0,0.0,0.0,3.621698943e-314,313.44108765362176,50.0
2,WOWOWWWO,0.004330116211182213,0.0014819821676559533,0.006090035848889142,-2.0381863454599043,-0.4919487125755596,-0.004608053681233189,-0.0017599196377069285,3,-1.5462376328843446,93730,78558,116242,0.0,0.0,0.0,0.0,0.0,0.0,3.621698943e-314,313.44108765362176,50.0
2,WOWOWWWW,0.004981596763971788,0.003161026196908868,0.005245955450799748,-0.7306312205950599,-0.07458271781452927,-0.0020849292538908802,-0.0002643586868279601,2,-0.6560485027805306,80739,167562,133731,0.0,3.840291755645746e-31,0.0,0.0,4.286837308627809e-31,0.0,3.621698943e-314,313.44108765362176,50.0
2,WOWWOOOO,0.0004704413003133134,0.003755513124393555,0.000833294673658415,2.170765202689809,-0.823478884416684,0.00292221845073514,-0.00036285337334510164,5,2.9942440871064933,12825,199075,12629,0.0,0.0,0.0,0.0,0.0,0.0,3.621698943e-314,313.44108765362176,50.0
2,WOWWOOOW,0.0017702360815178779,0.011194796480240474,0.004167188084971236,1.425464882371569,-1.2346638627344282,0.007027608395269238,-0.002396952003453358,4,2.660128745105997,64136,593422,47522,0.0,0.0,0.0,0.0,0.0,0.0,3.621698943e-314,313.44108765362176,50.0
2,WOWWOOWO,0.0039828263036027515,0.004771270244422924,0.0048637769501791795,-0.02769791664222009,-0.28821891231041014,-9.250670575625553e-05,-0.000880950646576428,4,0.26052099566819004,74857,252919,106919,3.867147610230481e-06,0.0,0.0,4.013472114401365e-06,0.0,0.0,3.867147610230481e-06,5.4126092504547145,5.4126092504547145
2,WOWWOOWW,0.0037965719286271746,0.0018338109747384086,0.0024063860844922465,-0.3918360906596638,0.6576097580694625,-0.0005725751097538378,0.0013901858441349281,3,-1.0494458487291263,37036,97208,101919,0.0,0.0,0.0,0.0,0.0,0.0,3.621698943e-314,313.44108765362176,50.0
2,WOWWOWOO,0.0025098522045458958,0.008200761629191868,0.0026788880619833494,1.6137610736406625,-0.09399563082568965,0.005521873567208518,-0.0001690358574374536,4,1.7077567044663522,41230,434712,67377,0.0,2.27502360241764e-25,0.0,0.0,2.5212382780039647e-25,0.0,3.621698943e-314,313.44108765362176,50.0
2,WOWWOWOW,0.0027429681802653284,0.008223248489140517,0.0033908758229150384,1.277800501490833,-0.30581960182639095,0.004832372666225479,-0.00064790764264971,3,1.583620103317224,52188,435904,73635,0.0,2.0742799392389857e-297,0.0,0.0,3.2778744718838296e-297,0.0,3.621698943e-314,313.44108765362176,50.0
2,WOWWOWWO,0.009356414025148141,0.0010611270010499213,0.004652740607095941,-2.1314345162765607,1.007719088660875,-0.00359161360604602,0.0047036734180522,3,-3.1391536049374356,71609,56249,251173,0.0,0.0,0.0,0.0,0.0,0.0,3.621698943e-314,313.44108765362176,50.0
2,WOWWOWWW,0.003187147613707085,0.0020957489364724514,0.004096626056464957,-0.9666342077648554,-0.36206990328144295,-0.0020008771199925054,-0.0009094784427578716,2,-0.6045643044834125,63050,111093,85559,0.0,0.0,0.0,0.0,0.0,0.0,3.621698943e-314,313.44108765362176,50.0
2,WOWWWOOO,0.0022788222778261894,0.00498197136754914,0.002728138538601913,0.86856065258186,-0.25952426730204725,0.0022538328289472276,-0.00044931626077572345,4,1.1280849198839071,41988,264088,61175,0.0,1.1883159931109306e-175,0.0,0.0,1.6296905048378477e-175,0.0,3.621698943e-314,313.44108765362176,50.0
2,WOWWWOOW,0.0038140798398748786,0.005351495371470381,0.001933243642887523,1.468442110777596,0.9799437170231877,0.003418251728582858,0.0018808361969873556,3,0.4884983937544083,29754,283676,102389,0.0,0.0,0.0,0.0,0.0,0.0,3.621698943e-314,313.44108765362176,50.0
2,WOWWWOWO,0.0021548886167174403,0.002815007752967506,0.0028522393438017235,-0.018949466402638032,-0.40431812873114764,-3.723159083421747e-05,-0.0006973507270842832,3,0.38536866232850964,43898,149220,57848,0.015512973352913479,0.0,0.0,0.01573839304496374,0.0,0.0,0.015512973352913479,1.809304953507918,1.809304953507918
2,WOWWWOWW,0.004309777233434881,0.002833702785022129,0.00366857573989095,-0.37241579633460875,0.23233473608969574,-0.0008348729548688211,0.0006412014935439306,2,-0.6047505324243045,56462,150211,115696,0.0,9.443925160178477e-221,0.0,0.0,1.3531594259360206e-220,0.0,3.621698943e-314,313.44108765362176,50.0
2,WOWWWWOO,0.00555630326339643,0.01414395193546875,0.006499243634830717,1.1217215767241446,-0.2261088219721946,0.007644708300638033,-0.0009429403714342867,3,1.3478303986963391,100028,749753,149159,0.0,4.01596e-319,0.0,0.0,6.4795e-319,0.0,3.621698943e-314,313.44108765362176,50.0
2,WOWWWWOW,0.004149374965705914,0.00979940381523913,0.004499401392294081,1.1227875135402363,-0.11681199897164214,0.005300002422945049,-0.0003500264265881674,2,1.2395995125118784,69249,519454,111390,0.0,9.92838360465843e-63,0.0,0.0,1.174884223170674e-62,0.0,3.621698943e-314,313.44108765362176,50.0
2,WOWWWWWO,0.00390154489436341,0.002512850004815244,0.0033062793577997747,-0.39574634130072645,0.2387703172746108,-0.0007934293529845305,0.0005952655365636353,2,-0.6345166585753372,50886,133203,104737,0.0,1.3183749662391825e-210,0.0,0.0,1.857820135911362e-210,0.0,3.621698943e-314,313.44108765362176,50.0
2,WOWWWWWW,0.005312459035678404,0.004840372063208073,0.0031041444860842714,0.6407555703629121,0.7749909539035296,0.0017362275771238018,0.0022083145495941326,1,-0.13423538354061748,47775,256582,142613,0.0,0.0,5.870121902722417e-174,0.0,0.0,7.110810128218953e-174,3.621698943e-314,313.44108765362176,50.0
2,WWOOOOOO,0.0012056618200919076,0.0051070450936057995,0.0016819882430405763,1.60174616277224,-0.4800036963820111,0.0034250568505652234,-0.0004763264229486687,6,2.081749859154251,25887,270718,32366,0.0,0.0,0.0,0.0,0.0,0.0,3.621698943e-314,313.44108765362176,50.0
2,WWOOOOOW,0.0003033711259602205,0.0007976609892690327,0.000499976804195049,0.6728394402028098,-0.7189123018493416,0.0002976841850739837,-0.00019660567823482858,5,1.3917517420521515,7695,42283,8144,0.0,1.1521370736587016e-213,0.0,0.0,1.638594949203487e-213,0.0,3.621698943e-314,313.44108765362176,50.0
2,WWOOOOWO,0.0039029976784882192,0.0005231024660369654,0.004721613305269658,-3.171664607913643,-0.2746332152668728,-0.004198510839232693,-0.0008186156267814388,5,-2.89703139264677,72669,27729,104776,0.0,0.0,0.0,0.0,0.0,0.0,3.621698943e-314,313.44108765362176,50.0
2,WWOOOOWW,0.004802718062245244,0.0002554296004234019,0.005504942785630349,-4.424354907196211,-0.1968381389208416,-0.005249513185206947,-0.0007022247233851048,4,-4.227516768275369,84725,13540,128929,0.0,4.932437093995268e-208,0.0,0.0,6.92524988699884e-208,0.0,3.621698943e-314,313.44108765362176,50.0
2,WWOOOWOO,0.000822275814642179,0.0005748863842911928,0.000601271649905261,-0.0646301373346439,0.4509614946202786,-2.6385265614068255e-05,0.00022100416473691802,5,-0.5155916319549225,9254,30474,22074,0.00016474239217191295,1.3116265741009447e-146,0.0,0.00016937370440164544,1.7458045215069765e-146,0.0,0.00016474239217191295,3.7831946320544185,3.7831946320544185
2,WWOOOWOW,0.0049301160547285386,0.004918717641535872,0.004205457914428142,0.2259696068169799,0.2293082971315605,0.0007132597271077299,0.0007246581403003967,4,-0.003338690314580617,64725,260735,132349,9.44416378856111e-289,3.4731931221499053e-246,0.4920250922378214,1.1968841236988337e-288,5.139522770348993e-246,0.49395460240345995,9.44416378856111e-289,288.02483648963107,50.0
2,WWOOOWWO,0.0025208784635444496,0.0004354188040895524,0.002993623297788524,-2.77858936381421,-0.2478757839136711,-0.0025582044936989716,-0.0004727448342440742,4,-2.530713579900539,46074,23081,67673,0.0,1.69682819869276e-176,0.0,0.0,2.3312416039285147e-176,0.0,3.621698943e-314,313.44108765362176,50.0
2,WWOOOWWW,0.0018268946623854485,0.00020473984146197793,0.0030773101234939457,-3.903245479381664,-0.7519556494993556,-0.0028725702820319677,-0.0012504154611084973,3,-3.151289829882309,47362,10853,49043,0.0,0.0,0.0,0.0,0.0,0.0,3.621698943e-314,313.44108765362176,50.0
2,WWOOWOOO,0.00011927730173435976,0.0008585377485427637,0.0001848517229285139,2.209408937618519,-0.6277876542983086,0.0006736860256142498,-6.557442119415415e-05,5,2.8371965919168276,2845,45510,3202,0.0,8.21301650569378e-64,0.0,0.0,9.794404776976434e-64,0.0,3.621698943e-314,313.44108765362176,50.0
2,WWOOWOOW,0.0016495804974086987,0.0022366879722747583,0.0026132640759876377,-0.22439600215080568,-0.6634313808949405,-0.0003765761037128794,-0.000963683578578939,4,0.4390353787441348,40220,118564,44283,1.878228556107163e-156,0.0,0.0,2.2574014571053226e-156,0.0,0.0,1.878228556107163e-156,155.7262515608364,50.0
2,WWOOWOWO,0.006624397602131376,0.0016269960035831831,0.004766965327274615,-1.5502765864653307,0.47463329137302385,-0.003139969323691432,0.0018574322748567606,4,-2.0249098778383545,73367,86245,177832,0.0,0.0,0.0,0.0,0.0,0.0,3.621698943e-314,313.44108765362176,50.0
2,WWOOWOWW,0.005019667158216796,0.0003577334943005148,0.005082740150976752,-3.8249059321382313,-0.01801120500406379,-0.004725006656676237,-6.30729927599558e-05,3,-3.8068947271341673,78227,18963,134753,0.0,0.00538927918933282,0.0,0.0,0.005518621889876807,0.0,3.621698943e-314,313.44108765362176,50.0
2,WWOOWWOO,0.0012289808678388498,0.0028667350767755543,0.0025021581194998492,0.1961623270234298,-1.0251135512274896,0.000364576957275705,-0.0012731772516609995,4,1.2212758782509194,38510,151962,32992,2.6617144550822314e-129,0.0,0.0,3.1400870990831856e-129,0.0,0.0,2.6617144550822314e-129,128.57483853685298,50.0
2,WWOOWWOW,0.004253006899942325,0.005691665722639863,0.003973110019457187,0.5184725733615192,0.09819056055166506,0.0017185557031826762,0.0002798968804851379,3,0.4202820128098541,61149,301708,114172,0.0,1.8416933130545648e-42,0.0,0.0,2.0985466831244892e-42,0.0,3.621698943e-314,313.44108765362176,50.0
2,WWOOWWWO,0.006986252601833927,0.0009506169124767833,0.0048394765830876985,-2.346696281998953,0.5295761980551117,-0.003888859670610915,0.002146776018746229,3,-2.876272480054065,74483,50391,187546,0.0,0.0,0.0,0.0,0.0,0.0,3.621698943e-314,313.44108765362176,50.0
2,WWOOWWWW,0.0008540508110130126,0.0020989370902738955,0.0027912935033423403,-0.41110448555859186,-1.7073685348015681,-0.0006923564130684448,-0.0019372426923293276,2,1.2962640492429762,42960,111262,22927,0.0,0.0,0.0,0.0,0.0,0.0,3.621698943e-314,313.44108765362176,50.0
2,WWOWOOOO,0.0007111192036567545,0.0014187095768272908,0.0009204901085160831,0.6235552498774489,-0.3718499214949881,0.0004982194683112077,-0.0002093709048593286,5,0.995405171372437,14167,75204,19090,0.0,4.327315412942926e-118,0.0,0.0,5.576137981778804e-118,0.0,3.621698943e-314,313.44108765362176,50.0
2,WWOWOOOW,0.0029552236659874964,0.0043253437381593806,0.002711115286789164,0.6737297893983053,0.12433692103452247,0.0016142284513702165,0.00024410837919833228,4,0.5493928683637829,41726,229281,79333,0.0,1.2752125097423357e-46,0.0,0.0,1.468310655895223e-46,0.0,3.621698943e-314,313.44108765362176,50.0
2,WWOWOOWO,0.006933244606715878,0.001818624798346914,0.004507718095469774,-1.309076307949005,0.6210214194936167,-0.00268909329712286,0.0024255265112461035,4,-1.9300977274426216,69377,96403,186123,0.0,0.0,0.0,0.0,0.0,0.0,3.621698943e-314,313.44108765362176,50.0
2,WWOWOOWW,0.0031333573502141383,0.0004210626795753568,0.0038976099484403386,-3.2074306505942856,-0.3147901501014639,-0.003476547268864982,-0.0007642525982262003,3,-2.8926405004928215,59987,22320,84115,0.0,0.0,0.0,0.0,0.0,0.0,3.621698943e-314,313.44108765362176,50.0
2,WWOWOWOO,0.0018259633905105706,0.0023082422170610183,0.0029899847401491575,-0.37320104418533956,-0.7111728250174442,-0.0006817425230881391,-0.0011640213496385869,4,0.3379717808321046,46018,122357,49018,0.0,0.0,0.0,0.0,0.0,0.0,3.621698943e-314,313.44108765362176,50.0
2,WWOWOWOW,0.0041176372202100745,0.005319576103825153,0.004555928984191377,0.22352057941377027,-0.1458948319361411,0.0007636471196337761,-0.0004382917639813022,3,0.3694154113499114,70119,281984,110538,7.821910765364664e-306,3.9936255221742955e-97,0.0,9.945740840728578e-306,5.044579606957005e-97,0.0,7.821910765364664e-306,305.10668714291353,50.0
2,WWOWOWWO,0.00472579500538033,0.00010420924023182216,0.0026755094013182234,-4.669019397013351,0.820509578176358,-0.002571300161086401,0.002050285604062107,3,-5.4895289751897085,41178,5524,126864,0.0,0.0,0.0,0.0,0.0,0.0,3.621698943e-314,313.44108765362176,50.0
2,WWOWOWWW,0.00493872100685241,0.0008880800494484541,0.0038685014873254095,-2.1217624892590967,0.35228184721502176,-0.0029804214378769556,0.0010702195195270007,2,-2.4740443364741185,59539,47076,132580,0.0,0.0,0.0,0.0,0.0,0.0,3.621698943e-314,313.44108765362176,50.0
2,WWOWWOOO,0.0024243241955571107,0.0027191367611394614,0.005344391429793316,-0.9746164086891025,-1.140117990097133,-0.0026252546686538545,-0.0029200672342362052,4,0.1655015814080305,82254,144138,65081,0.0,0.0,1.4151641234113035e-132,0.0,0.0,1.6542557789648112e-132,3.621698943e-314,313.44108765362176,50.0
2,WWOWWOOW,0.002860047680374976,0.001898837993398635,0.003434798411561673,-0.8547689922174944,-0.2641018508950584,-0.001535960418163038,-0.0005747507311866969,3,-0.590667141322436,52864,100655,76778,0.0,3.766784551797181e-228,0.0,0.0,5.437764165000441e-228,0.0,3.621698943e-314,313.44108765362176,50.0
2,WWOWWOWO,0.003901209636488454,0.001405032585667249,0.004165758651612914,-1.5672955080561781,-0.09463425297141072,-0.0027607260659456654,-0.00026454901512446005,3,-1.4726612550847673,64114,74479,104728,0.0,4.640535818683776e-39,0.0,0.0,5.264300603765348e-39,0.0,3.621698943e-314,313.44108765362176,50.0
2,WWOWWOWW,0.0036426513131473572,0.0009613698572508852,0.003973174993700747,-2.0459920386216757,-0.12527049574214874,-0.003011805136449862,-0.0003305236805533898,2,-1.920721542879527,61150,50961,97787,0.0,1.7540533404797408e-63,0.0,0.0,2.0885472333154122e-63,0.0,3.621698943e-314,313.44108765362176,50.0
2,WWOWWWOO,0.003062543436848424,0.0030065988181004507,0.003386652497083631,-0.1716737520810894,-0.14508458475823482,-0.00038005367898318043,-0.0003241090602352074,3,-0.026589167322854573,52123,159376,82214,5.581273901996875e-121,7.634343727207119e-72,1.7386398096451934e-05,6.5341743242890245e-121,9.247911644313986e-72,1.7779965030725812e-05,5.581273901996875e-121,120.25326666388239,50.0
2,WWOWWWOW,0.008059934571818141,0.003935125031751843,0.005236599159727092,-0.41212960370187207,0.622041459611774,-0.0013014741279752497,0.0028233354120910485,2,-1.034171063313646,80595,208596,216369,0.0,0.0,0.0,0.0,0.0,0.0,3.621698943e-314,313.44108765362176,50.0
2,WWOWWWWO,0.004742073637753195,0.0012015944164673993,0.005295270901661872,-2.13882675181199,-0.15915465027826148,-0.004093676485194473,-0.0005531972639086771,2,-1.9796721015337284,81498,63695,127301,0.0,4.129768395895908e-133,0.0,0.0,5.41239270997962e-133,0.0,3.621698943e-314,313.44108765362176,50.0
2,WWOWWWWW,0.003199663907705444,0.0035075162612350588,0.002494556133003316,0.49149969400571797,0.35900983666834785,0.0010129601282317427,0.0007051077747021279,1,0.13248985733737012,38393,185929,85895,0.0,0.0,2.2105612398745645e-111,0.0,0.0,2.5376846520533116e-111,3.621698943e-314,313.44108765362176,50.0
2,WWWOOOOO,0.007713501434363567,0.023338379985864594,0.006306205157213629,1.8876934698879448,0.29057206150977677,0.017032174828650964,0.0014072962771499381,5,1.5971214083781682,97057,1237138,207069,0.0,0.0,0.0,0.0,0.0,0.0,3.621698943e-314,313.44108765362176,50.0
2,WWWOOOOW,0.001047122096112696,0.0013005781028353157,0.0012858402800545836,0.01642888471934792,-0.29602621363627457,1.4737822780732128e-05,-0.0002387181839418875,4,0.31245509835562246,19790,68942,28110,0.15801343176087096,3.135202775912475e-107,3.0042248918053067e-212,0.15925763201095655,3.9930940827541976e-107,3.739456591420544e-212,0.15801343176087096,0.8013059947437222,0.8013059947437222
2,WWWOOOWO,0.001895510774126451,0.0008131112730760317,0.0029458672287718426,-1.855884159985045,-0.6358344935967915,-0.0021327559556958108,-0.0010503564546453915,4,-1.2200496663882536,45339,43102,50885,0.0,0.0,0.0,0.0,0.0,0.0,3.621698943e-314,313.44108765362176,50.0
2,WWWOOOWW,0.004299309737561253,0.0003685807631515825,0.004844804471059627,-3.712774622119903,-0.17229561673314192,-0.004476223707908045,-0.0005454947334983746,3,-3.540479005386761,74565,19538,115415,0.0,5.909621184396686e-142,0.0,0.0,7.798263006214185e-142,0.0,3.621698943e-314,313.44108765362176,50.0
2,WWWOOWOO,0.0004097596249462703,0.0007876060426644778,0.0006341486171466769,0.31221056039100675,-0.628799823798649,0.00015345742551780086,-0.00022438899220040664,4,0.9410103841896558,9760,41750,11000,1.8903995600467313e-86,4.223896075335428e-213,0.0,2.1701447864213598e-86,5.974129255723036e-213,0.0,1.8903995600467313e-86,85.72344639244916,50.0
2,WWWOOWOW,0.0015816721522926033,0.005200331605724981,0.003149691430819909,0.7232125503647728,-0.9933060333641887,0.0020506401749050725,-0.0015680192785273055,3,1.7165185837289614,48476,275663,42460,0.0,0.0,0.0,0.0,0.0,0.0,3.621698943e-314,313.44108765362176,50.0
2,WWWOOWWO,0.00346127680279614,5.3613805347363975e-05,0.0023535620244778768,-5.430049233218094,0.556262343204734,-0.002299948219130513,0.0011077147783182632,3,-5.986311576422828,36223,2842,92918,0.0,0.0,0.0,0.0,0.0,0.0,3.621698943e-314,313.44108765362176,50.0
2,WWWOOWWW,0.003799253991626823,0.00047844944800135296,0.0053494594207910045,-3.4802121607374397,-0.49356692988243056,-0.004871009972789652,-0.0015502054291641814,2,-2.986645230855009,82332,25362,101991,0.0,0.0,0.0,0.0,0.0,0.0,3.621698943e-314,313.44108765362176,50.0
2,WWWOWOOO,0.00037463204982587635,0.0015939637118297578,0.00081854552037027,0.9606276116720089,-1.1255039213445486,0.0007754181914594877,-0.0004439134705443937,4,2.0861315330165575,12598,84494,10057,0.0,0.0,0.0,0.0,0.0,0.0,3.621698943e-314,313.44108765362176,50.0
2,WWWOWOOW,0.005124900880077997,0.006586612564891427,0.004447357023202432,0.5664831260208875,0.20453299861357827,0.0021392555416889954,0.0006775438568755654,3,0.3619501274073092,68448,349148,137578,0.0,6.932540578191424e-206,0.0,0.0,9.697980262388003e-206,0.0,3.621698943e-314,313.44108765362176,50.0
2,WWWOWOWO,0.004562934179901685,0.0008774968880128907,0.00412768374488669,-2.2325728322737417,0.14459607250573595,-0.003250186856873799,0.00043525043501499525,3,-2.3771689047794777,63528,46515,122492,0.0,9.273621167351376e-95,0.0,0.0,1.1618500907872522e-94,0.0,3.621698943e-314,313.44108765362176,50.0
2,WWWOWOWW,0.0038936849597394404,0.001133907458836737,0.004818749799392023,-2.0863835919557143,-0.3074516221824528,-0.003684842340555286,-0.0009250648396525825,2,-1.7789319697732615,74164,60107,104526,0.0,0.0,0.0,0.0,0.0,0.0,3.621698943e-314,313.44108765362176,50.0
2,WWWOWWOO,0.004044811759594624,0.007750364161680146,0.0036742284990806794,1.0766162834017476,0.13859524779426832,0.0040761356625994664,0.00037058326051394447,3,0.9380210356074793,56549,410837,108583,0.0,1.1514016669095742e-77,0.0,0.0,1.4080835671760396e-77,0.0,3.621698943e-314,313.44108765362176,50.0
2,WWWOWWOW,0.003429986067800243,0.008010226993720941,0.002841843464832106,1.494688559435206,0.27128860530926113,0.005168383528888835,0.0005881426029681371,2,1.2233999541259448,43738,424612,92078,0.0,9.474143923080515e-236,0.0,0.0,1.3832970594916037e-235,0.0,3.621698943e-314,313.44108765362176,50.0
2,WWWOWWWO,0.00646269155377758,0.000573754495367603,0.006004399795876916,-3.3852425433276867,0.10609806129935344,-0.005430645300509313,0.00045829175790066366,2,-3.49134060462704,92412,30414,173491,0.0,7.14152877467484e-74,0.0,0.0,8.678313447706136e-74,0.0,3.621698943e-314,313.44108765362176,50.0
2,WWWOWWWW,0.003960885538230629,0.0029268572434335586,0.004497517139230837,-0.6196043072068214,-0.18326231925294903,-0.0015706598957972787,-0.000536631601000208,1,-0.43634198795387236,69220,155149,106330,0.0,2.0660231475609106e-148,0.0,0.0,2.759488308394399e-148,0.0,3.621698943e-314,313.44108765362176,50.0
2,WWWWOOOO,0.00046794549168864064,0.0018243031077802554,0.000632979080762595,1.5256289141595674,-0.435014997431032,0.0011913240270176604,-0.0001650335890739543,4,1.9606439115905994,9742,96704,12562,0.0,3.542477842204044e-109,0.0,0.0,4.519307280419777e-109,0.0,3.621698943e-314,313.44108765362176,50.0
2,WWWWOOOW,0.003575450734656169,0.005360776860643817,0.0032832135013359355,0.707163262986817,0.12298065124119052,0.0020775633593078813,0.00029223723332023367,3,0.5841826117456265,50531,284168,95983,0.0,6.589144594144973e-55,0.0,0.0,7.679003108199301e-55,0.0,3.621698943e-314,313.44108765362176,50.0
2,WWWWOOWO,0.0015710184020440003,0.002100333086612989,0.0032649557388955445,-0.6362003745592008,-1.0548871333631964,-0.0011646226522825554,-0.0016939373368515442,3,0.41868675880399564,50250,111336,42174,0.0,0.0,0.0,0.0,0.0,0.0,3.621698943e-314,313.44108765362176,50.0
2,WWWWOOWW,0.006343898513418157,0.0007588183343745139,0.004852406457556161,-2.6752712566553227,0.38659940201693854,-0.004093588123181647,0.001491492055861996,2,-3.0618706586722615,74682,40224,170302,0.0,0.0,0.0,0.0,0.0,0.0,3.621698943e-314,313.44108765362176,50.0
2,WWWWOWOO,0.006034828003583684,0.0130040077357062,0.0052306215293195625,1.3137371764539791,0.20629351967525866,0.007773386206386638,0.000804206474264121,3,1.1074436567787205,80503,689326,162005,0.0,2.901578605643143e-246,0.0,0.0,4.30195438056744e-246,0.0,3.621698943e-314,313.44108765362176,50.0
2,WWWWOWOW,0.0019797722533654023,0.005130418599877925,0.0032151854683285,0.674007114354094,-0.6992875945113219,0.0019152331315494256,-0.0012354132149630975,2,1.373294708865416,49484,271957,53147,0.0,0.0,0.0,0.0,0.0,0.0,3.621698943e-314,313.44108765362176,50.0
2,WWWWOWWO,0.004542595202154352,9.636147702826713e-05,0.0018739221585171422,-4.267335835283867,1.277003607804604,-0.0017775606814888752,0.00266867304363721,2,-5.544339443088472,28841,5108,121946,0.0,0.0,0.0,0.0,0.0,0.0,3.621698943e-314,313.44108765362176,50.0
2,WWWWOWWW,0.002033339011608378,0.0024286940633463524,0.003917946886674653,-0.6896913529901364,-0.945905903720279,-0.0014892528233283009,-0.001884607875066275,1,0.25621455073014265,60300,128742,54585,0.0,0.0,8.044786979194257e-272,0.0,0.0,1.0314518197030367e-271,3.621698943e-314,313.44108765362176,50.0
2,WWWWWOOO,0.005087612754207887,0.004598581724313927,0.002705202630625194,0.7652328045464428,0.9110025386060224,0.0018933790936887327,0.0023824101235826933,3,-0.1457697340595796,41635,243765,136577,0.0,0.0,1.878475194188776e-195,0.0,0.0,2.3009074148915152e-195,3.621698943e-314,313.44108765362176,50.0
2,WWWWWOOW,0.00512732218695268,0.009357212542423433,0.004855980040951966,0.9461734375298333,0.07842734432130041,0.004501232501471467,0.00027134214600071406,2,0.8677460932085329,74737,496014,137643,0.0,2.573576817458475e-33,0.0,0.0,2.8896301108305683e-33,0.0,3.621698943e-314,313.44108765362176,50.0
2,WWWWWOWO,0.002580330860036654,0.0010641076418820407,0.0032207732532746696,-1.5968557220614896,-0.3197398919141512,-0.0021566656113926287,-0.0006404423932380157,2,-1.2771158301473384,49570,56407,69269,0.0,1.399200286510604e-307,0.0,0.0,2.234066153929613e-307,0.0,3.621698943e-314,313.44108765362176,50.0
2,WWWWWOWW,0.004588711785398305,0.0022117864159557853,0.004656574087465988,-1.073714513037028,-0.021175156823419555,-0.0024447876715102024,-6.786230206768263e-05,1,-1.0525393562136085,71668,117244,123184,0.0,0.0017451563852194237,0.0,0.0,0.0017990336964409629,0.0,3.621698943e-314,313.44108765362176,50.0
2,WWWWWWOO,0.005931307821972257,0.008540950845176743,0.004567559373788637,0.9028262910866948,0.37685415494723595,0.003973391471388106,0.0013637484481836201,2,0.5259721361394588,70298,452745,159226,0.0,0.0,0.0,0.0,0.0,0.0,3.621698943e-314,313.44108765362176,50.0
2,WWWWWWOW,0.00472922208587988,0.008796078608553854,0.0043882304615627315,1.00305648113259,0.10793989774404857,0.004407848146991122,0.0003409916243171489,1,0.8951165833885414,67538,466269,126956,0.0,2.8534202928311776e-56,0.0,0.0,3.3456897479302964e-56,0.0,3.621698943e-314,313.44108765362176,50.0
2,WWWWWWWO,0.004288469732937675,0.0035509242014547227,0.0059270154717968255,-0.7389484182957371,-0.4667499011637589,-0.0023760912703421028,-0.0016385457388591509,1,-0.2721985171319782,91221,188230,115124,0.0,0.0,0.0,0.0,0.0,0.0,3.621698943e-314,313.44108765362176,50.0
2,WWWWWWWW,0.031013551235058348,0.05100789520821427,0.03587721791204748,0.50764062132486,-0.21016298270600509,0.015130677296166788,-0.004863666676989134,0,0.7178036040308651,552176,2703864,832559,0.0,0.0,0.0,0.0,0.0,0.0,3.621698943e-314,313.44108765362176,50.0
3,OOOOOOOO,0.0024748109337681384,0.005846826648809126,0.0021406159796974267,1.4492007362915265,0.20920133798934923,0.003706210669111699,0.00033419495407071165,8,1.2399993983021773,62105,90384,9078,0.0,6.391006820330116e-37,0.0,0.0,7.228708745233474e-37,0.0,3.621698943e-314,313.44108765362176,50.0
3,OOOOOOOW,0.003850705490138241,0.0014090500316910114,0.0016088829031529906,-0.19120940238702108,1.2585416398395397,-0.00019983287146197923,0.0022418225869852504,7,-1.4497510422265607,46678,21782,14125,1.0167593142566255e-59,0.0,0.0,1.1432959785491777e-59,0.0,0.0,1.0167593142566255e-59,58.99278184045106,50.0
3,OOOOOOWO,0.0008380225611812356,0.003475531679949636,0.0028914601710142086,0.26535164251718624,-1.7855155835178789,0.0005840715089354275,-0.002053437609832973,7,2.050867226035065,83889,53727,3074,2.568736068261228e-240,0.0,0.0,3.2025800331568556e-240,0.0,0.0,2.568736068261228e-240,239.5902805162032,50.0
3,OOOOOOWW,0.005434061064419508,0.003239159041266367,0.006283563560853071,-0.9557479297456521,-0.20951631399291487,-0.003044404519586704,-0.0008495024964335629,6,-0.7462316157527373,182303,50073,19933,0.0,3.412290172052412e-88,0.0,0.0,4.220030357707331e-88,0.0,3.621698943e-314,313.44108765362176,50.0
3,OOOOOWOO,0.0003361359199533063,0.0006835011768821608,0.0003237894938133424,1.0755480565113884,0.053825381187095137,0.00035971168306881844,1.2346426139963913e-05,7,1.0217226753242932,9394,10566,1233,0.0,0.21888733572204905,1.445266818024904e-147,0.0,0.22148283772665833,1.707638332681733e-147,3.621698943e-314,313.44108765362176,50.0
3,OOOOOWOW,0.0019691076640898065,0.002356351871011697,0.0033091051887421488,-0.48970994474151114,-0.7486025903795082,-0.000952753317730452,-0.0013399975246523423,6,0.258892645637997,96006,36426,7223,0.0,0.0,6.5021539571732046e-46,0.0,0.0,7.113467577078378e-46,3.621698943e-314,313.44108765362176,50.0
3,OOOOOWWO,0.0063154296201446015,0.0028199760367049057,0.004106928843553457,-0.5422167811546995,0.6206981094136033,-0.0012869528068485516,0.002208500776591144,6,-1.1629148905683029,119153,43593,23166,0.0,0.0,0.0,0.0,0.0,0.0,3.621698943e-314,313.44108765362176,50.0
3,OOOOOWWW,0.0074203435565361265,0.0035145389873185496,0.00651990852136809,-0.891327086960194,0.18660741430615896,-0.00300536953404954,0.0009004350351680367,5,-1.077934501266353,189160,54330,27219,0.0,1.9395217568765415e-86,0.0,0.0,2.394779275371678e-86,0.0,3.621698943e-314,313.44108765362176,50.0
3,OOOOWOOO,0.0006488268365684258,0.0016237519440582167,0.0008023733900873746,1.0160768929040807,-0.3060153508281877,0.0008213785539708421,-0.00015354655351894884,7,1.3220922437322684,23279,25101,2380,0.0,3.432648621799067e-24,0.0,0.0,3.793200203657098e-24,0.0,3.621698943e-314,313.44108765362176,50.0
3,OOOOWOOW,0.004577227977304146,0.005536967606857058,0.00765834190343759,-0.46786382500770035,-0.7424311349231494,-0.0021213742965805324,-0.003081113926133444,6,0.27456730991544903,222189,85594,16790,0.0,0.0,6.046972216886218e-118,0.0,0.0,6.983570921155814e-118,3.621698943e-314,313.44108765362176,50.0
3,OOOOWOWO,0.008415938349455409,0.008793657295382092,0.0051569181292715595,0.7698384871048852,0.7065066765749928,0.0036367391661105324,0.003259020220183849,6,0.06333181052989245,149616,135938,30871,0.0,0.0,2.2009265432497947e-12,0.0,0.0,2.2903951019184855e-12,3.621698943e-314,313.44108765362176,50.0
3,OOOOWOWW,0.0032722136635843758,0.001845375551099508,0.005421905741410901,-1.5543700685898663,-0.7283583148870763,-0.003576530190311393,-0.002149692077826525,5,-0.82601175370279,157304,28527,12003,0.0,0.0,0.0,0.0,0.0,0.0,3.621698943e-314,313.44108765362176,50.0
3,OOOOWWOO,0.009629080964047633,0.0072547122832652446,0.007700875034730508,-0.08609246653206229,0.3223382122916138,-0.0004461627514652632,0.0019282059293171255,6,-0.4084306788236761,223423,112148,35321,1.352167234091138e-60,2.923016e-318,0.0,1.527153582032344e-60,4.706237e-318,0.0,1.352167234091138e-60,59.86896959215809,50.0
3,OOOOWWOW,0.0020154524381304083,0.006039857834860268,0.004318284727741601,0.4839610123852545,-1.09897304486519,0.001721573107118667,-0.0023028322896111925,5,1.5829340572504444,125285,93368,7393,0.0,0.0,0.0,0.0,0.0,0.0,3.621698943e-314,313.44108765362176,50.0
3,OOOOWWWO,0.0035731820785304016,0.004412095189215198,0.005009051732799424,-0.18303463430638697,-0.48721236942961965,-0.0005969565435842263,-0.0014358696542690224,5,0.30417773512323265,145326,68205,13107,9.217904865816559e-168,0.0,6.875802722406816e-114,1.1131054932306788e-167,0.0,7.928853589802454e-114,9.217904865816559e-168,167.0353677783621,50.0
3,OOOOWWWW,0.0032343199953982367,0.002391736609205388,0.0034476997762047257,-0.5273909468622755,-0.09214412986804461,-0.0010559631669993376,-0.000213379780806489,4,-0.4352468169942309,100027,36973,11864,0.0,3.1109123483674025e-11,4.050852513668016e-171,0.0,3.2908824842233677e-11,4.876261333067456e-171,3.621698943e-314,313.44108765362176,50.0
3,OOOWOOOO,0.0013284593170579575,0.0011165922595270659,0.0007486382590617198,0.576127443371019,0.8265731394088366,0.00036795400046534606,0.0005798210579962377,7,-0.25044569603781763,21720,17261,4873,0.0,1.0846956962089292e-253,5.306884975460453e-26,0.0,1.617565620754287e-253,5.732331450286396e-26,3.621698943e-314,313.44108765362176,50.0
3,OOOWOOOW,0.003189883535582836,0.002585673437550336,0.004502652409496718,-0.7999975568579011,-0.49713953246713094,-0.001916978971946382,-0.001312768873913882,6,-0.30285802439077014,130634,39971,11701,0.0,5.472554101696106e-309,1.0375392756324372e-85,0.0,8.75608656271377e-309,1.1718090642436938e-85,3.621698943e-314,313.44108765362176,50.0
3,OOOWOOWO,0.0026490127608972238,0.004916343880659116,0.004325936555251347,0.18453328246809178,-0.7073466601913274,0.0005904073254077687,-0.0016769237943541236,6,0.8918799426594192,125507,76000,9717,2.022258316938488e-169,0.0,0.0,2.4496756899191778e-169,0.0,0.0,2.022258316938488e-169,168.6941633697858,50.0
3,OOOWOOWW,0.002006456099640174,0.0021891961790692868,0.0037547035042647045,-0.7780230733503846,-0.9037147349745595,-0.0015655073251954177,-0.0017482474046245306,5,0.1256916616241749,108934,33842,7360,0.0,0.0,7.888754694188982e-12,0.0,0.0,8.198326935232933e-12,3.621698943e-314,313.44108765362176,50.0
3,OOOWOWOO,0.0017717334499404197,0.004621363247819569,0.005682515956731604,-0.29815305274172343,-1.6808080636008909,-0.0010611527089120342,-0.0039107825067911835,6,1.3826550108591675,164865,71440,6499,0.0,0.0,0.0,0.0,0.0,0.0,3.621698943e-314,313.44108765362176,50.0
3,OOOWOWOW,0.005939764334097841,0.009189552355245694,0.008178493835642951,0.1681400016580248,-0.46136300992804485,0.0010110585196027432,-0.00223872950154511,5,0.6295030115860697,237280,142058,21788,4.199660256501747e-264,0.0,0.0,5.270161890511996e-264,0.0,0.0,4.199660256501747e-264,263.37678584167224,50.0
3,OOOWOWWO,0.002432010171860053,0.0037369388591831027,0.004400076559636327,-0.23561349722098118,-0.8551141167172186,-0.0006631377004532243,-0.001968066387776274,5,0.6195006194962374,127658,57768,8921,2.690297234930398e-238,0.0,0.0,3.3432820006902035e-238,0.0,0.0,2.690297234930398e-238,237.5701997347341,50.0
3,OOOWOWWW,0.00040374476678900777,0.0007215381532219971,0.0029847297441735554,-2.0469379091932494,-2.8829992524241272,-0.0022631915909515584,-0.0025809849773845476,4,0.8360613432308779,86595,11154,1481,0.0,0.0,5.794199169068482e-113,0.0,0.0,6.661594254258375e-113,3.621698943e-314,313.44108765362176,50.0
3,OOOWWOOO,0.002208192174875735,0.002499702108374073,0.0036732218815933465,-0.5551055422903887,-0.7339198292046476,-0.0011735197732192734,-0.0014650297067176116,6,0.17881428691425894,106570,38642,8100,0.0,0.0,7.876744441181111e-25,0.0,0.0,8.46061500814978e-25,3.621698943e-314,313.44108765362176,50.0
3,OOOWWOOW,0.003483491309945943,0.0018569548347131656,0.004444884558567277,-1.2587550564944252,-0.351522431061884,-0.0025879297238541113,-0.0009613932486213341,5,-0.9072326254325411,128958,28706,12778,0.0,3.7447754299133105e-163,0.0,0.0,5.06335832777011e-163,0.0,3.621698943e-314,313.44108765362176,50.0
3,OOOWWOWO,0.0021555772255237573,0.0031409615411237286,0.004144567562655456,-0.39990411061414444,-0.9428262532863559,-0.0010036060215317276,-0.001988990337131699,5,0.5429221426722115,120245,48555,7907,0.0,0.0,1.147361837241197e-231,0.0,0.0,1.4398266192830708e-231,3.621698943e-314,313.44108765362176,50.0
3,OOOWWOWW,0.0014576794517358709,0.0031731118425538285,0.005553848064416806,-0.807394488054396,-1.92908456928718,-0.0023807362218629777,-0.004096168612680935,4,1.1216900812327841,161132,49052,5347,0.0,0.0,0.0,0.0,0.0,0.0,3.621698943e-314,313.44108765362176,50.0
3,OOOWWWOO,0.005912230085991365,0.00492462403877391,0.00463786916319373,0.08653335821595275,0.3501732576726684,0.0002867548755801797,0.0012743609227976347,5,-0.2636398994567156,134557,76128,21687,6.566202032004539e-40,7.08404958110191e-229,4.287234309895126e-121,7.245464311177422e-40,1.024585702125474e-228,4.958728840360627e-121,6.566202032004539e-40,39.18268575882342,39.18268575882342
3,OOOWWWOW,0.0034515952007532933,0.0026446048753829736,0.0056529771451286626,-1.095668442149351,-0.7115848559834996,-0.003008372269745689,-0.0022013819443753692,4,-0.38408358616585137,164008,40882,12661,0.0,0.0,1.5473820967048167e-144,0.0,0.0,1.822683205934508e-144,3.621698943e-314,313.44108765362176,50.0
3,OOOWWWWO,0.0030102293820960324,0.0017462724086630638,0.0025014582418575165,-0.5182414459371947,0.26700661512875223,-0.0007551858331944527,0.000508771140238516,4,-0.7852480610659469,72574,26995,11042,0.0,1.9398663524779742e-70,0.0,0.0,2.3388027609153598e-70,0.0,3.621698943e-314,313.44108765362176,50.0
3,OOOWWWWW,0.0023518609744016005,0.001899196578845671,0.0033234092807085673,-0.8069493329893278,-0.4986819314628822,-0.0014242127018628964,-0.0009715483063069668,3,-0.3082674015264456,96421,29359,8627,0.0,1.837907304519173e-229,8.731686476739993e-66,0.0,2.6632317167372168e-229,9.746998857756272e-66,3.621698943e-314,313.44108765362176,50.0
3,OOWOOOOO,0.012341885943330156,0.013974319348361906,0.003357704633736487,2.056904415400429,1.8777029217732653,0.01061661471462542,0.00898418130959367,7,0.17920149362716375,97416,216024,45272,0.0,0.0,9.598059736375272e-133,0.0,0.0,1.123675286209788e-132,3.621698943e-314,313.44108765362176,50.0
3,OOWOOOOW,0.000704440565417148,0.0012479103921288817,0.0014685649311161463,-0.23471913533264538,-1.0587926607841656,-0.00022065453898726457,-0.0007641243656989984,6,0.8240735254515201,42607,19291,2584,4.036879658469274e-80,0.0,3.2104401154730344e-189,4.6204524257889756e-80,0.0,3.919901444647521e-189,4.036879658469274e-80,79.39395419694632,50.0
3,OOWOOOWO,0.0062797168825015496,0.005110345397739336,0.005706264196165008,-0.159096264312057,0.1381298894073028,-0.0005959187984256719,0.0005734526863365418,6,-0.2972261537193598,165554,78999,23035,4.446346456397311e-146,1.6399495730171882e-41,2.1591849120837127e-161,5.294254385291681e-146,1.865898180855112e-41,2.582950175202946e-161,4.446346456397311e-146,145.3519967003776,50.0
3,OOWOOOWW,0.0017998129306826666,0.003345442633317985,0.005796672950931071,-0.7928456696948768,-1.6868256315157486,-0.002451230317613086,-0.003996860020248404,5,0.8939799618208718,168177,51716,6602,0.0,0.0,0.0,0.0,0.0,0.0,3.621698943e-314,313.44108765362176,50.0
3,OOWOOWOO,0.002059343665310037,0.0006133785878474965,0.000571750066358923,0.10122221584609432,1.846907373210212,4.1628521488573504e-05,0.0014875935989511141,6,-1.7456851573641177,16588,9482,7554,5.374083392528493e-08,0.0,0.0,5.592542067021521e-08,0.0,0.0,5.374083392528493e-08,7.269695598670629,7.269695598670629
3,OOWOOWOW,0.004402753533857174,0.006643468423681718,0.005013394661926578,0.40607823532019205,-0.18734182167037897,0.00163007376175514,-0.0006106411280694035,5,0.593420056990571,145452,102699,16150,0.0,2.1966587840811318e-57,0.0,0.0,2.579562608829219e-57,0.0,3.621698943e-314,313.44108765362176,50.0
3,OOWOOWWO,0.006073346329861928,0.004577116152893637,0.004855980714913001,-0.0853056915708803,0.3226694083268921,-0.0002788645620193644,0.0012173656149489266,5,-0.4079750998977724,140885,70756,22278,4.163390844126363e-38,2.4477695930332707e-201,1.3103452323837179e-283,4.5678345261272096e-38,3.411773225861256e-201,1.6828514021249084e-283,4.163390844126363e-38,37.3805528171988,37.3805528171988
3,OOWOOWWW,0.006176940530658567,0.0011242902190244136,0.0035767812808173475,-1.6687680652993928,0.7880607891944369,-0.002452491061792934,0.0026001592498412197,4,-2.4568288544938297,103772,17380,22658,0.0,0.0,0.0,0.0,0.0,0.0,3.621698943e-314,313.44108765362176,50.0
3,OOWOWOOO,0.0011872440643930647,0.0006657117746824075,0.0010244487263274603,-0.6211202454874076,0.21257583786859913,-0.0003587369516450528,0.00016279533806560446,6,-0.8336960833560068,29722,10291,4355,0.0,4.186505402833738e-19,2.0712685043076727e-206,0.0,4.528501618839874e-19,2.561568778274223e-206,3.621698943e-314,313.44108765362176,50.0
3,OOWOWOOW,0.0019595660929638,0.004171776537680348,0.003857279354125095,0.11305005905979529,-0.9766873261838207,0.00031449718355525255,-0.001897713261161295,5,1.089737385243616,111910,64490,7188,2.0040090106099918e-56,0.0,0.0,2.240289548978855e-56,0.0,0.0,2.0040090106099918e-56,55.69810033008553,50.0
3,OOWOWOWO,0.005269128192098543,0.004402133123983336,0.004922434424096749,-0.16113457954686455,0.09817301200383814,-0.0005203013001134132,0.00034669376800179445,5,-0.2593075915507027,142813,68051,19328,2.6606574856400122e-129,1.0827164413270111e-18,8.9011520538112e-105,3.1400870990831856e-129,1.1678739142403716e-18,1.0172745204355657e-104,2.6606574856400122e-129,128.57501102987203,50.0
3,OOWOWOWW,0.0044845384292229425,0.004868538905293233,0.005794846163282347,-0.25123413199877825,-0.36973813066427413,-0.0009263072579891139,-0.0013103077340594045,4,0.11850399866549588,168124,75261,16450,0.0,7.138748357605452e-233,4.979055341749722e-22,0.0,1.038363397469884e-232,5.303626217009412e-22,3.621698943e-314,313.44108765362176,50.0
3,OOWOWWOO,0.015439079930831788,0.011671594438890558,0.006265881635121089,0.8973056111809619,1.3008605714387393,0.005405712803769469,0.0091731982957107,5,-0.4035549602577775,181790,180427,56633,0.0,0.0,0.0,0.0,0.0,0.0,3.621698943e-314,313.44108765362176,50.0
3,OOWOWWOW,0.002518156928311995,0.004914791351012592,0.0041589061223133595,0.24087271128204238,-0.7236099749704884,0.0007558852286992327,-0.0016407491940013644,4,0.9644826862525308,120661,75976,9237,4.183527329922811e-282,0.0,0.0,5.2931614322581864e-282,0.0,0.0,4.183527329922811e-282,281.3784573895333,50.0
3,OOWOWWWO,0.004435194875685596,0.0025108285708408283,0.004326005490634318,-0.7846309459723118,0.03595379098894159,-0.0018151769197934896,0.00010918938505127818,4,-0.8205847369612533,125509,38814,16269,0.0,0.002798262554695662,0.0,0.0,0.002873082409099289,0.0,3.621698943e-314,313.44108765362176,50.0
3,OOWOWWWW,0.0029464371637107334,0.0027658315652823837,0.005312195079413044,-0.9413448632582785,-0.8501186270354287,-0.0025463635141306606,-0.002365757915702311,3,-0.09122623622284975,154121,42756,10808,0.0,0.0,4.998932637407043e-09,0.0,0.0,5.174097392895699e-09,3.621698943e-314,313.44108765362176,50.0
3,OOWWOOOO,0.0036347933663726135,0.0066988419810744045,0.0021037700174995917,1.6704644667936503,0.7886076064066457,0.004595071963574813,0.001531023348873022,6,0.8818568603870046,61036,103555,13333,0.0,0.0,0.0,0.0,0.0,0.0,3.621698943e-314,313.44108765362176,50.0
3,OOWWOOOW,0.0036266148768360367,0.005715573204942582,0.003025367152434779,0.9175635608948862,0.26143427842858225,0.002690206052507803,0.0006012477244012578,5,0.656129282466304,87774,88355,13303,0.0,3.4956972721860333e-81,0.0,0.0,4.28181101282117e-81,0.0,3.621698943e-314,313.44108765362176,50.0
3,OOWWOOWO,0.00937363947418855,0.00925158885237138,0.007045885493434474,0.3928713131979391,0.41177743746647766,0.002205703358936906,0.002327753980754077,5,-0.01890612426853855,204420,143017,34384,0.0,0.0,0.028508545516623324,0.0,0.0,0.02877077918103379,3.621698943e-314,313.44108765362176,50.0
3,OOWWOOWW,0.002322963644705696,0.0026012634227508473,0.00548798030598831,-1.0767711520089072,-1.2399506631601234,-0.002886716883237463,-0.0031650166612826143,4,0.1631795111512162,159221,40212,8521,0.0,0.0,7.2350330913508955e-22,0.0,0.0,7.69599087833447e-22,3.621698943e-314,313.44108765362176,50.0
3,OOWWOWOO,0.00201599767076618,0.01051715926922947,0.0041796901402790234,1.3310692234344734,-1.0515317013611487,0.006337469128950447,-0.0021636924695128436,5,2.3826009247956224,121264,162581,7395,0.0,0.0,0.0,0.0,0.0,0.0,3.621698943e-314,313.44108765362176,50.0
3,OOWWOWOW,0.0026631888094272903,0.005038217457911245,0.0032063225327328463,0.6518302739727349,-0.26767311151255624,0.0018318949251783984,-0.000543133723305556,4,0.9195033854852911,93024,77884,9769,0.0,8.715078185233347e-72,0.0,0.0,1.054044101773104e-71,0.0,3.621698943e-314,313.44108765362176,50.0
3,OOWWOWWO,0.007386811749436162,0.004220745910281123,0.004888552683366654,-0.2118627361164147,0.5954446176715531,-0.0006678067730855313,0.0024982590660695076,4,-0.8073073537879678,141830,65247,27096,2.617473183357725e-216,0.0,0.0,3.2266764122291057e-216,0.0,0.0,2.617473183357725e-216,215.58211775907773,50.0
3,OOWWOWWW,0.0043853060895124776,0.004558421108400078,0.004981684385760059,-0.12807253066879062,-0.1839167023391702,-0.00042326327735998145,-0.0005963782962475819,3,0.05584417167037958,144532,70467,16086,2.0801326921250027e-84,4.254854410059501e-55,8.499778581942768e-06,2.3843909067940327e-84,4.966152259765496e-55,8.703773267909393e-06,2.0801326921250027e-84,83.68190896041243,50.0
3,OOWWWOOO,0.005116735670400329,0.007555644279749799,0.004478525025456976,0.7543999431448128,0.1921598664568946,0.0030771192542928235,0.0006382106449433532,5,0.5622400766879183,129934,116800,18769,0.0,1.770146496929754e-63,0.0,0.0,2.10444660935302e-63,0.0,3.621698943e-314,313.44108765362176,50.0
3,OOWWWOOW,0.0007995836603593247,0.005408366401136659,0.003999113904587295,0.43541853932630464,-2.320917005588245,0.0014092524965493639,-0.0031995302442279702,4,2.75633554491455,116025,83606,2933,0.0,0.0,0.0,0.0,0.0,0.0,3.621698943e-314,313.44108765362176,50.0
3,OOWWWOWO,0.0035306539329402024,0.005713115033002252,0.0030823767141515412,0.8900189173066488,0.19583281740913447,0.002630738318850711,0.0004482772187886612,4,0.6941860998975143,89428,88317,12951,0.0,6.436627334608128e-46,0.0,0.0,7.40019430086683e-46,0.0,3.621698943e-314,313.44108765362176,50.0
3,OOWWWOWW,0.0059092313064946205,0.003947565381228183,0.005910243994375286,-0.5821331919262598,-0.00024717723461651,-0.0019626786131471032,-1.012687880665511e-06,3,-0.5818860146916432,171472,61024,21676,0.0,0.985579690798847,0.0,0.0,0.985579690798847,0.0,3.621698943e-314,313.44108765362176,50.0
3,OOWWWWOO,0.007289760340268783,0.007550081048516422,0.0053177788454336706,0.5055881512619664,0.4549742274513244,0.0022323022030827514,0.0019719814948351124,4,0.05061392381064206,154283,116714,26740,0.0,0.0,1.8855499631215009e-07,0.0,0.0,1.941155994205513e-07,3.621698943e-314,313.44108765362176,50.0
3,OOWWWWOW,0.006722991015384011,0.007073389758298304,0.006283563560853071,0.17079314703445062,0.09750523842638874,0.0007898261974452325,0.00043942745453093984,3,0.07328790860806188,182303,109345,24661,1.3210513303985145e-209,3.7681171131658166e-23,3.6962663487872107e-13,1.6233078747936946e-209,4.151956876486868e-23,3.8569735813431764e-13,1.3210513303985145e-209,208.87908030723352,50.0
3,OOWWWWWO,0.004325603115895467,0.0052904388367361116,0.0029933811347363777,0.8214022061549464,0.5309769227311881,0.002297057701999734,0.001332221981159089,3,0.2904252834237583,86846,81783,15867,0.0,0.0,4.1342265058699785e-125,0.0,0.0,4.810736297739611e-125,3.621698943e-314,313.44108765362176,50.0
3,OOWWWWWW,0.0019426638812548747,0.004957550605027272,0.0046042631639955185,0.10663487907901022,-1.2445048457455365,0.0003532874410317535,-0.002661599282740644,2,1.3511397248245467,133582,76637,7126,1.0360099270248393e-59,0.0,0.0,1.1632392163085915e-59,0.0,0.0,1.0360099270248393e-59,58.984636083170464,50.0
3,OWOOOOOO,0.00542533734224716,0.00263140837338752,0.001980651423513935,0.4096801041624402,1.4532755273924123,0.0006507569498735853,0.003444685918733225,7,-1.043595423229972,57464,40678,19901,0.0,0.0,0.0,0.0,0.0,0.0,3.621698943e-314,313.44108765362176,50.0
3,OWOOOOOW,6.897192842513097e-05,0.0011775290481531302,0.0005658905588064142,1.055845170968703,-3.0182220842462866,0.000611638489346716,-0.0004969186303812833,6,4.07406725521499,16418,18203,253,0.0,0.0,0.0,0.0,0.0,0.0,3.621698943e-314,313.44108765362176,50.0
3,OWOOOOWO,0.0066202146635410295,0.007313708409833154,0.004934842793031474,0.5675039093071883,0.423799458817508,0.00237886561680168,0.0016853718705095557,6,0.14370445048968028,143173,113060,24284,0.0,0.0,2.824790621913947e-46,0.0,0.0,3.094777742696022e-46,3.621698943e-314,313.44108765362176,50.0
3,OWOOOOWW,0.006893103597744809,0.0033372271639384625,0.0035573759705110975,-0.0921368183855077,0.9541440274787542,-0.00022014880657263494,0.0033357276272337113,5,-1.0462808458642618,103209,51589,25285,1.0784692176891657e-32,0.0,0.0,1.1731789790159762e-32,0.0,0.0,1.0784692176891657e-32,31.967192246276337,31.967192246276337
3,OWOOOWOO,0.0012027831945125606,0.0011697017111852387,0.0014324772581309887,-0.2921454853166048,-0.25194343549057485,-0.00026277554694575,-0.00022969406361842814,6,-0.04020204982602993,41560,18082,4412,1.5530168610065407e-117,1.2942380353749232e-29,0.09678271275894333,1.8126397405061143e-117,1.440543204591219e-29,0.0974169376131959,1.5530168610065407e-117,116.80882382913792,50.0
3,OWOOOWOW,0.00246472413000636,0.0017202028483485159,0.002024425391700325,-0.23480781022281885,0.2837864541718885,-0.0003042225433518089,0.0004402987383060352,5,-0.5185942643947073,58734,26592,9041,7.573161687614128e-110,5.509522260737148e-65,8.787656291004209e-181,8.81240632740553e-110,6.580580242995536e-65,1.067867093590385e-180,7.573161687614128e-110,109.12072277085412,50.0
3,OWOOOWWO,0.005533838636765745,0.0011438909058117783,0.004611811588430809,-2.0104362327590364,0.26289489081795064,-0.0034679206826190305,0.0009220270483349365,5,-2.273331123576987,133801,17683,20299,0.0,2.2589565595416133e-124,0.0,0.0,2.9354968489474772e-124,0.0,3.621698943e-314,313.44108765362176,50.0
3,OWOOOWWW,0.0035159326517743643,0.001007074230711857,0.0032071152896370092,-1.6701241114080385,0.13259171936685468,-0.0022000410589251523,0.0003088173621373551,4,-1.8027158307748932,93047,15568,12897,0.0,3.4342859156607644e-22,0.0,0.0,3.762527222863719e-22,0.0,3.621698943e-314,313.44108765362176,50.0
3,OWOOWOOO,0.0006131140989253738,0.0019721654722322955,0.0012554511946622506,0.651157314873582,-1.0327760023619998,0.0007167142775700449,-0.0006423370957368769,6,1.683933317235582,36424,30487,2249,0.0,7.947850557798874e-296,0.0,0.0,1.2533776649670503e-295,0.0,3.621698943e-314,313.44108765362176,50.0
3,OWOOWOOW,0.002250175087830162,0.0019773405710540423,0.0022481896448231925,-0.18511450267031182,0.0012729585871899813,-0.00027084907376915017,1.9854430069695707e-06,5,-0.1863874612575018,65226,30567,8254,7.573037299948972e-78,0.9393799708658626,6.967597139804757e-25,8.654899771370253e-78,0.94060471659059,7.494558268025285e-25,7.573037299948972e-78,77.12072990411265,50.0
3,OWOOWOWO,0.002494984541291694,0.0043948879856328905,0.004054469017112761,0.11628585201485168,-0.700259773531843,0.00034041896852012987,-0.0015594844758210664,5,0.8165456255466946,117631,67939,9152,1.233209519735153e-62,0.0,0.0,1.3969098984610581e-62,0.0,0.0,1.233209519735153e-62,61.9089631314054,50.0
3,OWOOWOWW,0.007861981991511273,0.002137962700733997,0.0064790298392664696,-1.5990891314699391,0.27907609375206865,-0.0043410671385324725,0.0013829521522448034,4,-1.8781652252220078,187974,33050,28839,0.0,1.737144591892306e-197,0.0,0.0,2.4168968235023385e-197,0.0,3.621698943e-314,313.44108765362176,50.0
3,OWOOWWOO,0.0014797613734846282,0.0037688950944073873,0.004638524049331952,-0.2994524345877361,-1.647637645210253,-0.0008696289549245651,-0.003158762675847324,5,1.348185210622517,134576,58262,5428,0.0,0.0,0.0,0.0,0.0,0.0,3.621698943e-314,313.44108765362176,50.0
3,OWOOWWOW,0.002970427399684692,0.0020204232687450812,0.002208930944221383,-0.12862984772721042,0.42715484320804775,-0.0001885076754763017,0.000761496455463309,4,-0.5557846909352582,64087,31233,10896,1.1689075816440431e-38,4.792447923499984e-168,5.064061470511818e-247,1.2842933085874465e-38,6.537477806834792e-168,6.417820477480324e-247,1.1689075816440431e-38,37.932219824482864,37.932219824482864
3,OWOOWWWO,0.0074320660582052195,0.0048242271216320295,0.006518012798336396,-0.4340566564948401,0.18930392182168793,-0.0016937856767043668,0.0009140532598688232,4,-0.623360578316528,189105,74576,27262,0.0,5.887079538387603e-89,0.0,0.0,7.292382395938192e-89,0.0,3.621698943e-314,313.44108765362176,50.0
3,OWOOWWWW,0.0010986437610801495,0.0017704659956547283,0.003202186409754605,-0.8545639860072447,-1.5424715321905418,-0.0014317204140998766,-0.002103542648674455,3,0.6879075461832971,92904,27369,4030,0.0,0.0,1.258583746564645e-197,0.0,0.0,1.5440771842837816e-197,3.621698943e-314,313.44108765362176,50.0
3,OWOWOOOO,0.0012038736597841041,0.0015443788658796808,0.0012393892504300793,0.3171676450452957,-0.04191105152741268,0.0003049896154496015,-3.5515590645975124e-05,6,0.3590786965727084,35958,23874,4416,9.67620502014873e-151,0.06843475199823693,3.7518665603031306e-55,1.1575273295131192e-150,0.06952101790297084,4.1459475083637475e-55,9.67620502014873e-151,150.01429493834902,50.0
3,OWOWOOOW,0.008383224391309101,0.002230338214702171,0.0027282211841396092,-0.29058011320730903,1.6191880093672892,-0.0004978829694374381,0.005655003207169492,5,-1.9097681225745982,79153,34478,30751,5.887474539460924e-220,0.0,0.0,7.269421939398697e-220,0.0,0.0,5.887474539460924e-220,219.23007095797695,50.0
3,OWOWOOWO,0.010976896039675488,0.004168994922063659,0.005150403735580829,-0.3049199872683781,1.0915640629778094,-0.0009814088135171707,0.005826492304094659,5,-1.3964840502461875,149427,64447,40265,0.0,0.0,0.0,0.0,0.0,0.0,3.621698943e-314,313.44108765362176,50.0
3,OWOWOOWW,0.007680692140117154,0.0029508413481598187,0.0055781133192224905,-0.9184206714101585,0.46138829126419995,-0.0026272719710626717,0.002102578820894664,4,-1.3798089626743584,161836,45616,28174,0.0,0.0,0.0,0.0,0.0,0.0,3.621698943e-314,313.44108765362176,50.0
3,OWOWOWOO,0.0068380351015318586,0.0054866397708155734,0.004069703736749284,0.4309075538610624,0.7485145671906818,0.0014169360340662894,0.0027683313647825745,5,-0.3176070133296194,118073,84816,25083,0.0,0.0,3.8077883560712024e-199,0.0,0.0,4.679010331940293e-199,3.621698943e-314,313.44108765362176,50.0
3,OWOWOWOW,0.0023278707384276416,0.003040435246511304,0.002852373808869826,0.09208352803101043,-0.29303819442827805,0.00018806143764147796,-0.0005245030704421846,4,0.3851217224592885,82755,47001,8539,2.510894817084481e-28,1.421311655653001e-75,2.242867153209797e-121,2.719840930212809e-28,1.7326465897484205e-75,2.5980723584692673e-121,2.510894817084481e-28,27.600171479766797,27.600171479766797
3,OWOWOWWO,0.0023210553304804944,0.000546813879252783,0.0030647637238025295,-2.4844887904954596,-0.4008441643257365,-0.0025179498445497463,-0.0007437083933220351,4,-2.0836446261697232,88917,8453,8514,0.0,2.553737397347557e-143,0.0,0.0,3.387340796481734e-143,0.0,3.621698943e-314,313.44108765362176,50.0
3,OWOWOWWW,0.0016299729646397552,0.002916750384671564,0.004653620898202534,-0.6738072052574704,-1.5129308025267765,-0.0017368705135309697,-0.0030236479335627787,3,0.8391235972693061,135014,45089,5979,0.0,0.0,0.0,0.0,0.0,0.0,3.621698943e-314,313.44108765362176,50.0
3,OWOWWOOO,0.0023415015543219366,0.004309757610015162,0.004464669013479866,-0.05093488206581945,-0.9308263202737415,-0.00015491140346470412,-0.002123167459157929,5,0.879891438207922,129532,66623,8589,1.0503026299825858e-13,0.0,0.0,1.1125964411401737e-13,0.0,0.0,1.0503026299825858e-13,12.978685547030306,12.978685547030306
3,OWOWWOOW,0.0017027615215152888,0.0011957065827645145,0.0024140826439421636,-1.0130030936567378,-0.5033491456759679,-0.001218376061177649,-0.0007113211224268748,4,-0.5096539479807699,70039,18484,6246,0.0,6.620227951405294e-170,1.3939468215174427e-121,0.0,9.046859549251361e-170,1.6171467657483324e-121,3.621698943e-314,313.44108765362176,50.0
3,OWOWWOWO,0.0013273688517864137,0.0025806277161991333,0.002830383421702175,-0.1332261583672427,-1.0918513307122661,-0.0002497557055030418,-0.0015030145699157613,4,0.9586251723450234,82117,39893,4869,2.1272678571144244e-52,0.0,0.0,2.374624584685869e-52,0.0,0.0,2.1272678571144244e-52,51.67217782201895,50.0
3,OWOWWOWW,0.001549005918227645,0.0025194321726319815,0.0027207072273958037,-0.11084075475388308,-0.8122381612434814,-0.00020127505476382227,-0.0011717013091681588,3,0.7013974064895983,78935,38947,5682,9.649302182567202e-36,0.0,6.072866765168151e-290,1.0541485172420499e-35,0.0,7.825439053102584e-290,9.649302182567202e-36,35.01550409279283,35.01550409279283
3,OWOWWWOO,0.007851077338795837,0.003977192821982682,0.005036832692136613,-0.34069000562925494,0.640271172101654,-0.0010596398701539318,0.002814244646659223,4,-0.9809611777309089,146132,61482,28799,0.0,0.0,0.0,0.0,0.0,0.0,3.621698943e-314,313.44108765362176,50.0
3,OWOWWWOW,0.003595536616597045,0.003386584668950869,0.0035253210174297257,-0.05790681039486771,0.028444476474268607,-0.00013873634847885686,7.021559916731927e-05,3,-0.08635128686913632,102279,52352,13189,6.505641539586719e-14,0.03322324282543647,9.501004022508445e-10,6.901012019893093e-14,0.03384012001317667,9.847194452478388e-10,6.505641539586719e-14,13.186709869991807,13.186709869991807
3,OWOWWWWO,0.001786182114788372,0.003644692722685473,0.004055330709399894,-0.15398231000088633,-1.1824886256633447,-0.00041063798671442126,-0.002269148594611522,3,1.0285063156624583,117656,56342,6552,6.145250675899539e-98,0.0,0.0,7.097071457279468e-98,0.0,0.0,6.145250675899539e-98,97.21146039675808,50.0
3,OWOWWWWW,0.005111283344042611,0.0026987493468054956,0.0038576240310399484,-0.5152610111048302,0.40588131840357816,-0.0011588746842344528,0.0012536593130026623,2,-0.9211423295084085,111920,41719,18749,0.0,1.19789644060321e-261,0.0,0.0,1.8109930440615456e-261,0.0,3.621698943e-314,313.44108765362176,50.0
3,OWWOOOOO,0.0028611082562124486,0.009419714875342867,0.003429569770483434,1.4573883324014365,-0.26136996660588285,0.0059901451048594324,-0.0005684615142709853,6,1.7187582990073194,99501,145616,10495,0.0,2.362476942471965e-73,0.0,0.0,2.866322735890157e-73,0.0,3.621698943e-314,313.44108765362176,50.0
3,OWWOOOOW,0.0027370678315743672,0.0009650912415204389,0.0008921617264067014,0.1132380189884247,1.6161648521618355,7.292951511373748e-05,0.0018449061051676657,5,-1.5029268331734107,25884,14919,10040,2.55100796743152e-14,0.0,0.0,2.7135375609243873e-14,0.0,0.0,2.55100796743152e-14,13.593288184978551,13.593288184978551
3,OWWOOOWO,0.0019227628900492044,0.005166430531220013,0.0045860986905827406,0.17186514171927655,-1.2536509538006686,0.0005803318406372724,-0.0026633358005335363,5,1.425516095519945,133055,79866,7053,3.0474365474689243e-155,0.0,0.0,3.656923856962709e-155,0.0,0.0,3.0474365474689243e-155,154.51606532832517,50.0
3,OWWOOOWW,0.00432205910376295,0.0020901577253681146,0.0045227126059411895,-1.1132053958303296,-0.06545471646711774,-0.002432554880573075,-0.00020065350217823939,4,-1.0477506793632119,131216,32311,15854,0.0,5.463107816969596e-08,0.0,0.0,5.7161673071289507e-08,0.0,3.621698943e-314,313.44108765362176,50.0
3,OWWOOWOO,4.770785563003131e-05,0.0005116232072649073,0.00046303896741414107,0.1436528332452343,-3.252019585109651,4.858423985076621e-05,-0.00041533111178410976,5,3.3956724183548856,13434,7909,175,2.378923486415799e-12,0.0,0.0,2.5027578596812788e-12,0.0,0.0,2.378923486415799e-12,11.623619526000475,11.623619526000475
3,OWWOOWOW,0.0016163421487454606,0.0017357281448137554,0.001957661473293209,-0.17349612747973384,-0.2762431566378721,-0.00022193332847945382,-0.00034131932454774857,4,0.10274702915813824,56797,26832,5929,3.179642689829246e-60,4.478636393832465e-47,5.718420464851858e-07,3.5858525488823213e-60,5.164553679374374e-47,5.871319407762335e-07,3.179642689829246e-60,59.49762168081876,50.0
3,OWWOOWWO,0.0013641720547010094,0.002809625839061413,0.00356061593351072,-0.3416405423702835,-1.383449164310834,-0.0007509900944493073,-0.002196443878809711,4,1.0418086219405505,103303,43433,5004,0.0,0.0,0.0,0.0,0.0,0.0,3.621698943e-314,313.44108765362176,50.0
3,OWWOOWWW,0.006544154710850865,0.0013835626699939103,0.005187042891629752,-1.9057600505324048,0.335236887246896,-0.0038034802216358418,0.001357111819221113,3,-2.240996937779301,150490,21388,24005,0.0,3.440065371473646e-233,0.0,0.0,5.013226195999545e-233,0.0,3.621698943e-314,313.44108765362176,50.0
3,OWWOWOOO,0.0016125255202950582,0.002294574128827099,0.0013000179197528033,0.8192141870482912,0.3105755630083458,0.0009945562090742956,0.0003125076005422549,5,0.5086386240399454,37717,35471,5915,0.0,5.871841677696372e-51,2.7290101895287036e-151,0.0,6.812045934245943e-51,3.239381492361738e-151,3.621698943e-314,313.44108765362176,50.0
3,OWWOWOOW,0.002967973852823719,0.0039297759790284294,0.0033470196493760296,0.2315061496694321,-0.173343607179708,0.0005827563296523998,-0.0003790457965523108,4,0.4048497568491401,97106,60749,10887,2.2573444392602102e-209,1.0972012653445763e-33,2.8046864308433747e-171,2.769393816855977e-209,1.2337490070053215e-33,3.381474378159673e-171,2.2573444392602102e-209,208.64640216858862,50.0
3,OWWOWOWO,0.0033482736162745398,0.0031834620401973214,0.0035018140518367196,-0.13746472949739028,-0.06466616348344295,-0.00031835201163939826,-0.00015354043556217983,4,-0.07279856601394732,101597,49212,12282,2.2499967607050797e-68,2.3472735546719275e-06,6.156684909195696e-07,2.556209337605771e-68,2.446005549508874e-06,6.31286249701241e-07,2.2499967607050797e-68,67.64781810713704,50.0
3,OWWOWOWW,0.002546781641690014,0.00180339256190809,0.003868446886166347,-1.1006141125653008,-0.6028857203235869,-0.002065054324258257,-0.001321665244476333,3,-0.49772839224171395,112234,27878,9342,0.0,0.0,4.213497124399918e-173,0.0,0.0,5.0879965275772594e-173,3.621698943e-314,313.44108765362176,50.0
3,OWWOWWOO,0.004503076338839183,0.007243197688386859,0.00644918081844016,0.1674863125347758,-0.518108324666291,0.0007940168699466987,-0.0019461044796009767,4,0.6855946372010668,187108,111970,16518,1.1025055084989451e-206,0.0,0.0,1.3504373692618658e-206,0.0,0.0,1.1025055084989451e-206,205.95761923196923,50.0
3,OWWOWWOW,0.0004667191362206491,0.002516521179544749,0.0026292989095766653,-0.06322284254982675,-2.4915123966412165,-0.0001127777300319161,-0.002162579773356016,3,2.4282895540913896,76283,38902,1712,1.6667465498389734e-12,0.0,0.0,1.7607446358684065e-12,0.0,0.0,1.6667465498389734e-12,11.778130435189917,11.778130435189917
3,OWWOWWWO,0.009907694840927015,0.0025720888031432517,0.005094497139991597,-0.985721660564377,0.9594721310238477,-0.0025224083368483455,0.004813197700935418,3,-1.9451937915882247,147805,39761,36343,0.0,0.0,0.0,0.0,0.0,0.0,3.621698943e-314,313.44108765362176,50.0
3,OWWOWWWW,0.001727842222760791,0.005796822256444001,0.005718810435865674,0.01954377098853101,-1.7261611224036653,7.801182057832687e-05,-0.003990968213104883,2,1.7457048933921964,165918,89611,6338,0.0010581902908540584,0.0,0.0,0.0010821439991689971,0.0,0.0,0.0010581902908540584,2.9754362275401656,2.9754362275401656
3,OWWWOOOO,0.000433732561756456,0.0001341644369537764,0.00016120539307696425,-0.2631061729284819,1.4223063707577404,-2.704095612318785e-05,0.00027252716867949176,5,-1.6854125436862222,4677,2074,1591,2.0223900758936332e-12,2.5784572958829742e-213,7.762545940147137e-246,2.133510409733943e-12,3.6536073860481995e-213,9.821474929214168e-246,2.0223900758936332e-12,11.694135074526669,11.694135074526669
3,OWWWOOOW,0.00322614150586166,0.0037522700894425266,0.004428167728196884,-0.23888751980866313,-0.4567787922205844,-0.0006758976387543575,-0.0012020262223352242,4,0.21789127241192124,128473,58005,11834,3.7182375885496455e-246,4.7086641638847175e-261,1.684153467660333e-52,4.650824866459492e-246,7.104624907393837e-261,1.8583762401769192e-52,3.7182375885496455e-246,245.4296628630581,50.0
3,OWWWOOWO,0.001627792034096668,0.006223315088091179,0.0053077142795199496,0.22955259825401714,-1.7045600854341074,0.0009156008085712299,-0.0036799222454232815,4,1.9341126836881246,153991,96204,5971,0.0,0.0,0.0,0.0,0.0,0.0,3.621698943e-314,313.44108765362176,50.0
3,OWWWOOWW,0.0026277486881021244,0.0017144455509093231,0.003117775033306992,-0.8623961557327686,-0.24660326553169556,-0.0014033294823976687,-0.0004900263452048675,3,-0.6157928902010731,90455,26503,9639,0.0,4.4356065176674576e-60,1.0034844207502184e-263,0.0,5.224763505473324e-60,1.2780697100102284e-263,3.621698943e-314,313.44108765362176,50.0
3,OWWWOWOO,0.00490954726880705,0.0068896090613910325,0.005541060550875743,0.31420903512111764,-0.17453865492550275,0.0013485485105152895,-0.0006315132820686933,4,0.4887476900466204,160761,106504,18009,0.0,1.851397505548569e-55,0.0,0.0,2.164190691417505e-55,0.0,3.621698943e-314,313.44108765362176,50.0
3,OWWWOWOW,0.001742563503926629,0.006443580231691762,0.0031990498498294384,1.0099920122326203,-0.8760554685526265,0.0032445303818623237,-0.0014564863459028093,3,1.8860474807852468,92813,99609,6392,0.0,0.0,0.0,0.0,0.0,0.0,3.621698943e-314,313.44108765362176,50.0
3,OWWWOWWO,0.0004310063985775971,0.002130782251118824,0.0029987236269166063,-0.4927695043371668,-2.795705001387047,-0.0008679413757977823,-0.0025677172283390093,3,2.30293549704988,87001,32939,1581,0.0,0.0,0.0,0.0,0.0,0.0,3.621698943e-314,313.44108765362176,50.0
3,OWWWOWWW,0.004695543459266624,0.001306194942608801,0.0021616068038120026,-0.7262970773405207,1.1188279748555496,-0.0008554118612032016,0.0025339366554546212,2,-1.8451250521960705,62714,20192,17224,0.0,0.0,0.0,0.0,0.0,0.0,3.621698943e-314,313.44108765362176,50.0
3,OWWWWOOO,0.0006676373625025524,0.001709529207028664,0.002333772922781307,-0.44883950384907156,-1.8039863639033547,-0.0006242437157526432,-0.0016661355602787548,4,1.355146860054283,67709,26427,2449,0.0,0.0,0.0,0.0,0.0,0.0,3.621698943e-314,313.44108765362176,50.0
3,OWWWWOOW,0.0037452029751164004,0.006420486353199718,0.003768042500869534,0.7687092069137174,-0.008768994197349689,0.0026524438523301843,-2.2839525753133496e-05,3,0.777478201111067,109321,99252,13738,0.0,0.5031599420708553,0.0,0.0,0.506457189397663,0.0,3.621698943e-314,313.44108765362176,50.0
3,OWWWWOWO,0.0034665890982370174,0.003936309541290884,0.005008362378969717,-0.34741684243740134,-0.5306940279536339,-0.001072052837678833,-0.0015417732807326999,3,0.1832771855162325,145306,60850,12716,0.0,0.0,5.633538931654187e-40,0.0,0.0,6.136961559589242e-40,3.621698943e-314,313.44108765362176,50.0
3,OWWWWOWW,0.0023445003338186813,0.0026164005868044553,0.0038284298963518603,-0.5489948856825069,-0.7072339217770627,-0.001212029309547405,-0.001483929562533179,2,0.1582390360945558,111073,40446,8600,0.0,0.0,8.316422508128126e-21,0.0,0.0,8.834042166310375e-21,3.621698943e-314,313.44108765362176,50.0
3,OWWWWWOO,0.003355906873175345,0.0054718907391735966,0.0038282230902029484,0.5152513409359797,-0.1899191993701397,0.0016436676489706482,-0.0004723162170276033,3,0.7051705403061194,111067,84588,12310,0.0,2.5811354900420635e-45,0.0,0.0,2.954265359690469e-45,0.0,3.621698943e-314,313.44108765362176,50.0
3,OWWWWWOW,0.0054902200259040026,0.007328974951357306,0.005534442754110557,0.4051095522280161,-0.011571996716294245,0.001794532197246749,-4.4222728206554096e-05,2,0.4166815489443103,160569,113296,20139,0.0,0.2835554338166185,0.0,0.0,0.28616369667695535,0.0,3.621698943e-314,313.44108765362176,50.0
3,OWWWWWWO,0.0034739497388199367,0.007109227317638897,0.00550590350556069,0.3686543551283576,-0.6642492181084365,0.001603323812078207,-0.0020319537667407533,2,1.0329035732367942,159741,109899,12743,0.0,0.0,0.0,0.0,0.0,0.0,3.621698943e-314,313.44108765362176,50.0
3,OWWWWWWW,0.001844522006815953,0.001752611904719703,0.0027209140335447157,-0.6342920053472137,-0.5605925617782687,-0.0009683021288250126,-0.0008763920267287626,1,-0.07369944356894509,78941,27093,6766,0.0,4.7829052329689343e-231,0.00018089313548612615,0.0,6.943801926125031e-231,0.0001840078517262846,3.621698943e-314,313.44108765362176,50.0
3,WOOOOOOO,0.006157312155770783,0.008366905708793825,0.0032919402783824466,1.3454902480254758,0.9031586502427251,0.005074965430411378,0.0028653718773883367,7,0.44233159778275066,95508,129341,22586,0.0,0.0,0.0,0.0,0.0,0.0,3.621698943e-314,313.44108765362176,50.0
3,WOOOOOOW,0.0018333447377826316,0.0008522740872063666,0.0010924534816280484,-0.35781070459652053,0.7463729517971872,-0.00024017939442168182,0.0007408912561545833,6,-1.1041836563937077,31695,13175,6725,6.027384753763167e-131,9.881436578207232e-291,0.0,7.132560078413116e-131,1.539339410154798e-290,0.0,6.027384753763167e-131,130.21987108477185,50.0
3,WOOOOOWO,0.011162275135837896,0.006841480642348791,0.00509373885077892,0.42551125040716237,1.1316802512823536,0.001747741791569871,0.006068536285058976,6,-0.7061690008751913,147783,105760,40945,0.0,0.0,0.0,0.0,0.0,0.0,3.621698943e-314,313.44108765362176,50.0
3,WOOOOOWW,0.003927855908099949,0.002589101940519743,0.005591383380444349,-1.1104543864456513,-0.5093540091507314,-0.0030022814399246057,-0.0016635274723444003,5,-0.6011003772949199,162221,40024,14408,0.0,0.0,0.0,0.0,0.0,0.0,3.621698943e-314,313.44108765362176,50.0
3,WOOOOWOO,0.0027288893420377904,0.0023553815399826195,0.0026097557285044743,-0.14789432433064859,0.06437499134499315,-0.00025437418852185473,0.00011913361353331616,6,-0.21226931567564172,75716,36411,10010,5.863373019928413e-59,2.8889305705527323e-05,6.078812720677258e-38,6.573825517233608e-59,2.998241457006079e-05,6.612646132408121e-38,5.863373019928413e-59,58.231852475703775,50.0
3,WOOOOWOW,0.00452652134217737,0.002747071832053553,0.004310012481785117,-0.6496070242328238,0.07069470228356918,-0.0015629406497315642,0.0002165088603922529,5,-0.720301726516393,125045,42466,16604,0.0,3.4348140662336037e-09,0.0,0.0,3.6136126066676815e-09,0.0,3.621698943e-314,313.44108765362176,50.0
3,WOOOOWWO,0.005171804166613279,0.0019843916431986717,0.003529836285014306,-0.8305863039370659,0.5509366457240555,-0.0015454446418156345,0.001641967881598973,5,-1.3815229496611214,102410,30676,18971,0.0,0.0,0.0,0.0,0.0,0.0,3.621698943e-314,313.44108765362176,50.0
3,WOOOOWWW,0.006337511541893359,0.002731093714441411,0.005233850016666852,-0.9381412323584336,0.275995892183372,-0.002502756302225441,0.001103661525226507,4,-1.2141371245418056,151848,42219,23247,0.0,4.733909064463041e-156,0.0,0.0,6.3671491444967e-156,0.0,3.621698943e-314,313.44108765362176,50.0
3,WOOOWOOO,5.4795879895064524e-05,0.000620494348727398,0.00025940384611871563,1.2549905158432424,-2.222520258059525,0.0003610905026086823,-0.0002046079662236511,6,3.4775107739027673,7526,9592,201,0.0,2.4568621237054427e-177,0.0,0.0,3.3814876541322222e-177,0.0,3.621698943e-314,313.44108765362176,50.0
3,WOOOWOOW,0.005135000963698684,0.004084640811269192,0.005108146345819795,-0.322519885479605,0.0075632124359773225,-0.0010235055345506026,2.6854617878889313e-05,5,-0.33008309791558227,148201,63143,18836,0.0,0.4965229969874424,3.8015478449051404e-161,0.0,0.5004326268849814,4.540573475718736e-161,3.621698943e-314,313.44108765362176,50.0
3,WOOOWOWO,0.008602680527207245,0.008139589493048613,0.0038260516256393715,1.088899907055482,1.1687205928391777,0.004313537867409242,0.004776628901567873,5,-0.07982068578369583,111004,125827,31556,0.0,0.0,1.691179823991062e-18,0.0,0.0,1.7914842825174286e-18,3.621698943e-314,313.44108765362176,50.0
3,WOOOWOWW,0.0056407042333770155,0.0025350868465677644,0.006212525648701773,-1.2928079573952376,-0.139281073280918,-0.0036774388021340084,-0.0005718214153247574,4,-1.1535268841143196,180242,39189,20691,0.0,1.0180321816158608e-40,0.0,0.0,1.156580940060623e-40,0.0,3.621698943e-314,313.44108765362176,50.0
3,WOOOWWOO,0.013425808423244466,0.010621566887958204,0.006442597489366458,0.7211941465195704,1.0591781327919803,0.004178969398591746,0.006983210933878008,5,-0.3379839862724099,186917,164195,49248,0.0,0.0,0.0,0.0,0.0,0.0,3.621698943e-314,313.44108765362176,50.0
3,WOOOWWOW,0.00723550969300949,0.004646850609516671,0.0049787890996752905,-0.0995209450291085,0.5392093820199739,-0.0003319384901586198,0.0022567205933341997,4,-0.6387303270490824,144448,71834,26541,3.2541533002586505e-52,0.0,0.0,3.627271022639541e-52,0.0,0.0,3.2541533002586505e-52,51.48756199169167,50.0
3,WOOOWWWO,0.006734168284417333,0.00461185400373461,0.006550033283726283,-0.5060628465140012,0.039991514691227616,-0.001938179279991673,0.00018413500069104985,4,-0.5460543612052289,190034,71293,24702,0.0,4.1628443125676196e-05,0.0,0.0,4.3145268988555084e-05,0.0,3.621698943e-314,313.44108765362176,50.0
3,WOOOWWWW,0.005113464274585698,0.0031443253553578637,0.004171280023556599,-0.4076267293944538,0.2937471418063071,-0.0010269546681987351,0.000942184251029099,3,-0.7013738712007609,121020,48607,18757,0.0,5.2326933297929366e-142,0.0,0.0,6.91688206072457e-142,0.0,3.621698943e-314,313.44108765362176,50.0
3,WOOWOOOO,0.0021852924041733195,0.0024154126863148782,0.0016977750794936986,0.5083720158824406,0.36399151610765756,0.0007176376068211796,0.0004875173246796209,6,0.14438049977478307,49257,37339,8016,0.0,4.7630126623896815e-92,1.9893027254694216e-16,0.0,5.928677025470463e-92,2.0986050730226867e-16,3.621698943e-314,313.44108765362176,50.0
3,WOOWOOOW,0.0016607786085608611,0.0024737619255300694,0.00372733615722534,-0.5912422000588088,-1.1658037522710483,-0.0012535742316952705,-0.0020665575486644785,5,0.5745615522122395,108140,38241,6092,0.0,0.0,7.09091165206396e-202,0.0,0.0,8.727275879463337e-202,3.621698943e-314,313.44108765362176,50.0
3,WOOWOOWO,0.004643201126232533,0.006121818462449677,0.0055348563664083805,0.14538939753812838,-0.2533760589334722,0.0005869620960412963,-0.0008916552401758478,5,0.39876545647160055,160581,94635,17032,3.887463309304379e-133,7.043308355321998e-111,6.999759329585903e-259,4.614485041029e-133,9.015434694812157e-111,8.900356233645651e-259,3.887463309304379e-133,132.41033369690834,50.0
3,WOOWOOWW,0.0031170949787073026,0.0024002755222612697,0.00441227812242214,-0.8780497202077269,-0.5011857941413068,-0.00201200260016087,-0.001295183143714837,4,-0.37686392606642005,128012,37105,11434,0.0,7.213656250338368e-307,4.099485132833039e-126,0.0,1.149395850676321e-306,4.777548682876744e-126,3.621698943e-314,313.44108765362176,50.0
3,WOOWOWOO,0.0019541137666060824,0.005786860191212139,0.004220947966986983,0.4551212748067522,-1.1106562391117296,0.0015659122242251558,-0.0022668342003809004,5,1.5657775139184817,122461,89457,7168,0.0,0.0,0.0,0.0,0.0,0.0,3.621698943e-314,313.44108765362176,50.0
3,WOOWOWOW,0.0054272456564723615,0.005420851327044122,0.006071621725909677,-0.163533950543632,-0.16183349230110275,-0.0006507703988655553,-0.0006443760694373156,4,-0.0017004582425292625,176154,83799,19908,9.72435387943577e-164,1.2099940592476389e-52,0.8805542774139896,1.1724181757310315e-163,1.4079930871245253e-52,0.8817023273193534,9.72435387943577e-164,163.01213924510947,50.0
3,WOOWOWWO,0.009036685705281588,0.0034801892688892076,0.00571350241137693,-0.7150476275345619,0.6613255050322047,-0.002233313142487723,0.003323183293904657,4,-1.3763731325667665,165764,53799,33148,0.0,0.0,0.0,0.0,0.0,0.0,3.621698943e-314,313.44108765362176,50.0
3,WOOWOWWW,0.0015661807462544561,0.0017619917713341184,0.005256185080749357,-1.5762647853326668,-1.746118947845502,-0.0034941933094152387,-0.0036900043344949007,3,0.16985416251283514,152496,27238,5745,0.0,0.0,2.0580847016478413e-16,0.0,0.0,2.1681879984438164e-16,3.621698943e-314,313.44108765362176,50.0
3,WOOWWOOO,0.0056156235321315135,0.005950975512596773,0.006353774248408721,-0.0944722838254874,-0.1781377687905371,-0.00040279873581194805,-0.0007381507162772076,5,0.0836654849650497,184340,91994,20599,5.982613621494065e-60,7.97860637599169e-66,3.231290438251647e-14,6.737019444732319e-60,9.55939110259223e-66,3.380968741930879e-14,5.982613621494065e-60,59.22310904453746,50.0
3,WOOWWOOW,0.006625394373580861,0.0038205167051543077,0.004620014899004321,-0.2740644041464824,0.5200143277524844,-0.0007994981938500133,0.0020053794745765402,4,-0.7940787318989668,134039,59060,24303,0.0,0.0,0.0,0.0,0.0,0.0,3.621698943e-314,313.44108765362176,50.0
3,WOOWWOWO,9.078123385600243e-05,0.0036102783155208588,0.0022306800575486365,0.6943793992584807,-4.603787199645084,0.0013795982579722223,-0.002139898823692634,4,5.298166598903565,64718,55810,333,0.0,0.0,0.0,0.0,0.0,0.0,3.621698943e-314,313.44108765362176,50.0
3,WOOWWOWW,0.001962019639824773,0.002166425744253603,0.0021898703108299863,-0.015521518391893502,-0.1584294792234104,-2.3444566576383535e-05,-0.00022785067100521313,3,0.1429079608315169,63534,33490,7197,0.11121609539733288,3.158798999992803e-19,1.2611240171726733e-14,0.11253486332694553,3.421660976014771e-19,1.3231465098205097e-14,0.11121609539733288,0.9538323563114416,0.9538323563114416
3,WOOWWWOO,0.014580338529491225,0.0034061853557382335,0.006005788435172666,-0.818013417426482,1.279457404675402,-0.0025996030794344324,0.00857455009431856,4,-2.097470822101884,174244,52655,53483,0.0,0.0,0.0,0.0,0.0,0.0,3.621698943e-314,313.44108765362176,50.0
3,WOOWWWOW,0.007935043164704692,0.0019673785058221802,0.004416000633102557,-1.1660593713494283,0.845352833503247,-0.002448622127280377,0.0035190425316021347,3,-2.0114122048526752,128120,30413,29107,0.0,0.0,0.0,0.0,0.0,0.0,3.621698943e-314,313.44108765362176,50.0
3,WOOWWWWO,0.004617847808669144,0.003089469307847352,0.0032465463286962455,-0.07152416956917106,0.508182903124026,-0.00015707702084889362,0.0013713014799728988,3,-0.5797070726931971,94191,47759,16939,7.816007837658827e-19,0.0,0.0,8.383650864974832e-19,0.0,0.0,7.816007837658827e-19,18.10701501379155,18.10701501379155
3,WOOWWWWW,0.0013535400183034595,0.0036268386317504474,0.003602528646356901,0.009699971289747988,-1.4116072972279219,2.430998539354641e-05,-0.0022489886280534412,2,1.42130726851767,104519,56066,4965,0.1983826644391518,0.0,0.0,0.1994213171325505,0.0,0.0,0.1983826644391518,0.7024962811100399,0.7024962811100399
3,WOWOOOOO,0.00531847174563589,0.017520943948375285,0.0024041904164858693,2.8649398213361312,1.1451318696435318,0.015116753531889416,0.0029142813291500205,6,1.7198079516925995,69752,270850,19509,0.0,0.0,0.0,0.0,0.0,0.0,3.621698943e-314,313.44108765362176,50.0
3,WOWOOOOW,0.00014666757902261052,0.0006990264733474001,0.00046028155209531336,0.601761886151175,-1.6432944845582296,0.0002387449212520867,-0.00031361397307270284,5,2.2450563707094044,13354,10806,538,5.085041853648951e-224,6.636381585272764e-215,0.0,6.288747413208364e-224,9.473496389385656e-215,0.0,5.085041853648951e-224,223.29370546816227,50.0
3,WOWOOOWO,0.0035025744521979553,0.004824356499102573,0.005055203971698303,-0.06741913111555145,-0.5292271099331196,-0.00023084747259573008,-0.0015526295195003475,5,0.4618079788175682,146665,74578,12848,1.5947661827026072e-25,0.0,3.11916579170225e-266,1.7177846119433412e-25,0.0,3.985889064937318e-266,1.5947661827026072e-25,24.797302982202876,24.797302982202876
3,WOWOOOWW,0.0027932267930588614,0.003048844782096642,0.004250038698600615,-0.4790795719165983,-0.6053662707059448,-0.0012011939165039731,-0.0014568119055417537,4,0.12628669878934656,123305,47131,10246,0.0,0.0,4.873857544483016e-16,0.0,0.0,5.127565197483502e-16,3.621698943e-314,313.44108765362176,50.0
3,WOWOOWOO,4.661739035848773e-05,0.00023249131456695872,0.0002198004686020528,0.08062565148720204,-2.2131827720513795,1.2690845964905917e-05,-0.00017318307824356507,5,2.2938084235385814,6377,3594,171,0.007324823447609369,4.4086836067847547e-150,1.1319033297154142e-154,0.007460828127007951,5.909020959879043e-150,1.349847449101612e-154,0.007324823447609369,2.135202838776321,2.135202838776321
3,WOWOOWOW,0.002041623604647454,0.0017649674531566228,0.002151576705589767,-0.28560589367306294,-0.07564126561402416,-0.00038660925243314405,-0.00010995310094231298,4,-0.20996462805903876,62423,27284,7489,2.432755172619789e-168,1.5744676981640797e-05,3.053409880587319e-28,2.9422928701921228e-168,1.638470450121969e-05,3.302843363790227e-28,2.432755172619789e-168,167.6139015953562,50.0
3,WOWOOWWO,0.0011417171393061207,0.0003782350351343928,0.002606274491664454,-2.7813783195825783,-1.1900741440980334,-0.0022280394565300614,-0.0014645573523583333,4,-1.591304175484545,75615,5847,4188,0.0,0.0,0.0,0.0,0.0,0.0,3.621698943e-314,313.44108765362176,50.0
3,WOWOOWWW,0.001041121718006226,0.0023824214313262447,0.00371341120986526,-0.6400994717469809,-1.8336097482568192,-0.0013309897785390152,-0.002672289491859034,3,1.1935102765098384,107736,36829,3819,0.0,0.0,0.0,0.0,0.0,0.0,3.621698943e-314,313.44108765362176,50.0
3,WOWOWOOO,0.0022959746292349923,0.0015975530062731255,0.000731335477936076,1.12618998920818,1.649158327913383,0.0008662175283370495,0.0015646391512989164,5,-0.5229683387052031,21218,24696,8422,0.0,0.0,4.23393209902321e-171,0.0,0.0,5.088669565023201e-171,3.621698943e-314,313.44108765362176,50.0
3,WOWOWOOW,0.003331916637201386,0.008619709286236139,0.00305187280718701,1.4976390915074231,0.1266177499262903,0.005567836479049128,0.000280043830014376,4,1.3710213415811328,88543,133249,12222,0.0,2.0249973665931269e-19,0.0,0.0,2.1966073129145785e-19,0.0,3.621698943e-314,313.44108765362176,50.0
3,WOWOWOWO,0.010367598569200517,0.007006630983497774,0.006019816785607202,0.21896758906415495,0.7841897893658597,0.0009868141978905728,0.0043477817835933154,4,-0.5652222003017048,174651,108313,38030,0.0,0.0,0.0,0.0,0.0,0.0,3.621698943e-314,313.44108765362176,50.0
3,WOWOWOWW,0.0027419749252963134,0.0028221107649688765,0.004480662022329066,-0.6667481201663022,-0.7082924203599303,-0.0016585512573601899,-0.001738687097032753,3,0.04154430019362809,129996,43626,10058,0.0,0.0,0.009125859813599483,0.0,0.0,0.009234071590045327,3.621698943e-314,313.44108765362176,50.0
3,WOWOWWOO,0.0036944963399896244,0.006372163867951661,0.004904373353758428,0.3776468102183721,-0.40859480091976547,0.0014677905141932332,-0.0012098770137688036,4,0.7862416111381376,142289,98505,13552,0.0,1.7065652225356362e-236,0.0,0.0,2.5060078220026165e-236,0.0,3.621698943e-314,313.44108765362176,50.0
3,WOWOWWOW,0.0008453832017641548,0.005778321278156257,0.002557502708212689,1.1756003125169932,-1.5959168608990688,0.003220818569943568,-0.0017121195064485344,3,2.771517173416062,74200,89325,3101,0.0,0.0,0.0,0.0,0.0,0.0,3.621698943e-314,313.44108765362176,50.0
3,WOWOWWWO,0.007981933171381066,0.006736167381326251,0.006068623036750452,0.15053522428378976,0.3953120152271529,0.0006675443445757993,0.0019133101346306136,3,-0.24477679094336316,176067,104132,29279,1.5518735149916388e-156,0.0,1.3041238774681169e-141,1.8680859866983993e-156,0.0,1.5337934730406032e-141,1.5518735149916388e-156,155.8091436786833,50.0
3,WOWOWWWW,0.0018235305503387395,0.0037946412110455756,0.005191971771512156,-0.45221675731099276,-1.5090350751714878,-0.0013973305604665807,-0.003368441221173417,2,1.056818317860495,150633,58660,6689,0.0,0.0,0.0,0.0,0.0,0.0,3.621698943e-314,313.44108765362176,50.0
3,WOWWOOOO,0.0001120453066511021,0.003491186353885419,0.0009491023527404935,1.877975701946407,-3.071181844276291,0.0025420840011449257,-0.0008370570460893914,5,4.949157546222698,27536,53969,411,0.0,0.0,0.0,0.0,0.0,0.0,3.621698943e-314,313.44108765362176,50.0
3,WOWWOOOW,0.0045603257655952205,0.007520388919026652,0.004051470327953536,0.8921974758629899,0.1706515873791519,0.0034689185910731163,0.0005088554376416849,4,0.721545888483838,117544,116255,16728,0.0,2.2306173555445395e-45,0.0,0.0,2.5568867597883675e-45,0.0,3.621698943e-314,313.44108765362176,50.0
3,WOWWOOWO,0.007447877804642601,0.005678441870896551,0.0047640898494130685,0.25324574291488267,0.6445196781825246,0.0009143520214834827,0.0026837879552295326,4,-0.391273935267642,138219,87781,27320,0.0,0.0,0.0,0.0,0.0,0.0,3.621698943e-314,313.44108765362176,50.0
3,WOWWOOWW,0.0034096122877988657,0.0017410326211060455,0.0022825194655425973,-0.3904874478869001,0.5787716735033693,-0.0005414868444365518,0.0011270928222562684,3,-0.9692591213902695,66222,26914,12507,0.0,0.0,0.0,0.0,0.0,0.0,3.621698943e-314,313.44108765362176,50.0
3,WOWWOWOO,0.004049170169559171,0.0077835426941124585,0.002663180650306761,1.5469203794690003,0.6042906140319841,0.005120362043805698,0.00138598951925241,4,0.9426297654370162,77266,120323,14853,0.0,0.0,0.0,0.0,0.0,0.0,3.621698943e-314,313.44108765362176,50.0
3,WOWWOWOW,0.0007952217992731504,0.004324636019127683,0.0034706207910424813,0.31730290553396534,-2.1243670934682184,0.0008540152280852014,-0.002675398991769331,3,2.4416699990021837,100692,66853,2917,0.0,0.0,0.0,0.0,0.0,0.0,3.621698943e-314,313.44108765362176,50.0
3,WOWWOWWO,0.004213285192926479,0.004070991488126835,0.00456707252488283,-0.1658510101080797,-0.11629760696729077,-0.0004960810367559947,-0.0003537873319563508,3,-0.04955340314078893,132503,62932,15455,7.476362861569218e-127,7.610060960382357e-22,0.00013196858395754074,8.779582075971191e-127,8.325536777170442e-22,0.00013441892901776032,7.476362861569218e-127,126.12630962851406,50.0
3,WOWWOWWW,0.009144914383482286,0.004440364166528987,0.004082594653364803,0.12116320069672679,1.1632877456626123,0.00035776951316418386,0.005062319730117483,2,-1.0421245449658856,118447,68642,33545,2.0211629169046847e-68,0.0,0.0,2.2996342521226635e-68,0.0,0.0,2.0211629169046847e-68,67.69439867853761,50.0
3,WOWWWOOO,0.00041683035004753065,0.004474131686340883,0.0026847574251765874,0.7366011281750221,-2.6843398132065777,0.0017893742611642953,-0.002267927075129057,4,3.4209409413815997,77892,69164,1529,0.0,0.0,0.0,0.0,0.0,0.0,3.621698943e-314,313.44108765362176,50.0
3,WOWWWOOW,0.0017196637332242142,0.0025025484127260337,0.00208171069494897,0.2655119025127778,-0.2754972703403697,0.0004208377177770638,-0.0003620469617247558,3,0.5410091728531474,60396,38686,6308,1.071469768225896e-173,1.052857309533424e-49,9.522966285848027e-184,1.3020392120213421e-173,1.2177626712675746e-49,1.1608949377033786e-183,1.071469768225896e-173,172.97002007817127,50.0
3,WOWWWOWO,0.001582265109009724,0.003491768552502865,0.002821490757298956,0.30740218937968794,-0.8340660096390985,0.0006702777952039092,-0.001239225648289232,3,1.1414681990187865,81859,53978,5804,0.0,0.0,0.0,0.0,0.0,0.0,3.621698943e-314,313.44108765362176,50.0
3,WOWWWOWW,0.0023027900371821396,0.0037643021942030874,0.0037534281996797468,0.004172455151100896,-0.7045839632371836,1.0873994523340636e-05,-0.0014506381624976071,2,0.7087564183882845,108897,58191,8447,0.5730369298765976,0.0,0.0,0.573784044517897,0.0,0.0,0.5730369298765976,0.2418173886350415,0.2418173886350415
3,WOWWWWOO,0.010849856835540662,0.008196515580087825,0.006340848864101717,0.37028324235207377,0.7748335679184993,0.0018556667159861078,0.0045090079714389456,3,-0.40455032556642556,183965,126707,39799,0.0,0.0,0.0,0.0,0.0,0.0,3.621698943e-314,313.44108765362176,50.0
3,WOWWWWOW,0.009001518200274306,0.009191687083509663,0.004537774987120285,1.018183665052568,0.9880256436428317,0.004653912096389378,0.0044637432131540205,2,0.030158021409736224,131653,142091,33019,0.0,0.0,0.0005769180890011362,0.0,0.0,0.0005845291455842647,3.621698943e-314,313.44108765362176,50.0
3,WOWWWWWO,0.005137454510559657,0.0020110434021306657,0.0034373250010676366,-0.7730444931401103,0.5796285870228948,-0.001426281598936971,0.00170012950949202,2,-1.352673080163005,99726,31088,18845,0.0,0.0,0.0,0.0,0.0,0.0,3.621698943e-314,313.44108765362176,50.0
3,WOWWWWWW,0.002054981804223863,0.0032295204197108646,0.0030749316927907067,0.0707431284335245,-0.5811959692288341,0.00015458872692015796,-0.0010199498885668438,1,0.6519390976623586,89212,49924,7538,1.814825449593101e-18,6.871104760852983e-278,0.0,1.9439134522838234e-18,1.0554016912670183e-277,0.0,1.814825449593101e-18,17.741165139181007,17.741165139181007
3,WWOOOOOO,0.0028611082562124486,0.005663951594195661,0.0016278056657784458,1.7982491436465977,0.8132637565778879,0.004036145928417215,0.0012333025904340028,6,0.9849853870687099,47227,87557,10495,0.0,0.0,0.0,0.0,0.0,0.0,3.621698943e-314,313.44108765362176,50.0
3,WWOOOOOW,5.779465939180935e-05,0.0005321295363460775,0.0005608238081580683,-0.07563164997547797,-3.2563607431700006,-2.8694271811990782e-05,-0.0005030291487662589,5,3.1807290931945227,16271,8226,212,9.94137037779734e-05,0.0,0.0,0.00010248285167984371,0.0,0.0,9.94137037779734e-05,4.002553745734047,4.002553745734047
3,WWOOOOWO,0.0039134072432519965,0.007493931226300473,0.0043384483272605285,0.788403595076065,-0.1487177874865084,0.0031554828990399443,-0.00042504108400853204,5,0.9371213825625734,125870,115846,14355,0.0,1.4330096936772184e-32,0.0,0.0,1.6066444448819032e-32,0.0,3.621698943e-314,313.44108765362176,50.0
3,WWOOOOWW,0.0056033557978266485,0.0019072179820193778,0.005267283677407638,-1.465107046868729,0.08921551810708829,-0.00336006569538826,0.00033607212041901046,4,-1.5543225649758174,152818,29483,20554,0.0,1.1801868436413853e-16,0.0,0.0,1.2658987373136646e-16,0.0,3.621698943e-314,313.44108765362176,50.0
3,WWOOOWOO,0.004558962684005792,0.0006222409445797374,0.0006006684595151285,0.05082128591661482,2.921981382956453,2.1572485064608898e-05,0.003958294224490663,5,-2.871160097039838,17427,9619,16723,0.005576047095049018,0.0,0.0,0.00568712373040856,0.0,0.0,0.005576047095049018,2.253673566862425,2.253673566862425
3,WWOOOWOW,0.003651422961763653,0.002328147582433179,0.004159836749983464,-0.8370716291598829,-0.18801984199641023,-0.0018316891675502853,-0.0005084137882198111,4,-0.6490517871634727,120688,35990,13394,0.0,3.258658587718777e-48,0.0,0.0,3.763383150929355e-48,0.0,3.621698943e-314,313.44108765362176,50.0
3,WWOOOWWO,0.002443732673529146,0.004488816029247588,0.002813252979033958,0.6739043103229928,-0.20307530317385333,0.0016755630502136303,-0.0003695203055048119,4,0.8769796134968462,81620,69391,8964,0.0,4.200522288845757e-38,0.0,0.0,4.758113743117318e-38,0.0,3.621698943e-314,313.44108765362176,50.0
3,WWOOOWWW,0.0034488690375744347,0.0012792197400004477,0.002983006359599288,-1.2208591511772278,0.20929098566046567,-0.0017037866195988404,0.00046586267797514656,3,-1.4301501368376934,86545,19775,12651,0.0,7.31281710790875e-51,0.0,0.0,8.470955563912398e-51,0.0,3.621698943e-314,313.44108765362176,50.0
3,WWOOWOOO,4.743523931214541e-05,0.00018235754473129012,0.0001984649675726235,-0.12147575453288549,-2.0420064103385553,-1.6107422841333386e-05,-0.00015102972826047808,5,1.9205306558056698,5758,2819,174,0.00022832814134629624,9.363075617681566e-124,5.274469837891197e-99,0.00023443317186357687,1.2126209231668539e-123,6.001174571111762e-99,0.00022832814134629624,3.6414405586007703,3.6414405586007703
3,WWOOWOOW,0.003748201754613145,0.0023545405864240855,0.0025748399570298184,-0.1289847680777171,0.5415405047939305,-0.00022029937060573292,0.0011733617975833266,4,-0.6705252728716475,74703,36398,13749,5.167369291362819e-45,0.0,0.0,5.726608392159661e-45,0.0,0.0,5.167369291362819e-45,44.28673050004326,44.28673050004326
3,WWOOWOWO,0.0077117704003561455,0.0016524090537836376,0.004474147628638336,-1.4364915837047905,0.7853138887017099,-0.0028217385748546984,0.0032376227717178093,4,-2.2218054724065004,129807,25544,28288,0.0,0.0,0.0,0.0,0.0,0.0,3.621698943e-314,313.44108765362176,50.0
3,WWOOWOWW,0.005022683040729696,0.0008097735881327739,0.004926570547074991,-2.6035055289434323,0.027868916929656116,-0.004116796958942217,9.611249365470455e-05,3,-2.6313744458730883,142933,12518,18424,0.0,0.013487545970265316,0.0,0.0,0.013792856598087566,0.0,3.621698943e-314,313.44108765362176,50.0
3,WWOOWWOO,0.0007605995269016419,0.0026282386253592004,0.00247743426089223,0.0852160918974625,-1.702324505051629,0.00015080436446697053,-0.001716834733990588,4,1.7875405969490914,71877,40629,2790,2.0256924293626372e-21,0.0,0.0,2.178896058474097e-21,0.0,0.0,2.0256924293626372e-21,20.69342649499294,20.69342649499294
3,WWOOWWOW,0.007110924035735638,0.003472879441803491,0.00398270728344027,-0.197563956988619,0.8361282701255808,-0.000509827841636779,0.003128216752295368,3,-1.0336922271141997,115549,53686,26084,1.4937109063438905e-154,0.0,0.0,1.789656748942446e-154,0.0,0.0,1.4937109063438905e-154,153.82573344798814,50.0
3,WWOOWWWO,0.005291482730165186,0.002590331026489908,0.004802728131568142,-0.8904611809493423,0.13979015300406558,-0.002212397105078234,0.0004887545985970444,3,-1.0302513339534078,139340,40043,19410,0.0,5.2827314218643586e-36,0.0,0.0,5.96637901763504e-36,0.0,3.621698943e-314,313.44108765362176,50.0
3,WWOOWWWW,0.0034922150321182914,0.0009851447494547063,0.0027644811955821933,-1.4876592015927879,0.3370249213541811,-0.001779336446127487,0.0007277338365360981,2,-1.824684122946969,80205,15229,12810,0.0,2.2515824729209776e-126,0.0,0.0,2.9358494723315972e-126,0.0,3.621698943e-314,313.44108765362176,50.0
3,WWOWOOOO,0.0012055093576914197,0.0009316471653849025,0.0008699645330901385,0.09871741936996513,0.4701532285989028,6.168263229476393e-05,0.00033554482460128115,5,-0.37143580922893765,25240,14402,4422,6.04949069177956e-11,9.48908631292178e-83,1.3089157747047682e-48,6.34700662744085e-11,1.1678875462057574e-82,1.4401823996751604e-48,6.04949069177956e-11,10.218281187175709,10.218281187175709
3,WWOWOOOW,0.0011556205715183012,0.0026405294850608482,0.0025785280000187503,0.03426640690433514,-1.1571914395388743,6.200148504209796e-05,-0.001422907428500449,4,1.1914578464432095,74810,40819,4239,0.00011264066795865179,0.0,0.0,0.00011596251071346459,0.0,0.0,0.00011264066795865179,3.9483047828300126,3.9483047828300126
3,WWOWOOWO,0.0031784336502316286,0.0015471604814963694,0.00422363644692284,-1.448272166697402,-0.4100573925615042,-0.0026764759654264707,-0.0010452027966912115,4,-1.038214774135898,122539,23917,11659,0.0,3.629648798947097e-205,0.0,0.0,5.068309595620673e-205,0.0,3.621698943e-314,313.44108765362176,50.0
3,WWOWOOWW,0.0038599744449463614,0.001247392882246707,0.003960234348591824,-1.665878017502872,-0.03698504893461684,-0.0027128414663451167,-0.00010025990364546239,3,-1.6288929685682552,114897,19283,14159,0.0,0.0038606199745242617,0.0,0.0,0.003958552924478816,0.0,3.621698943e-314,313.44108765362176,50.0
3,WWOWOWOO,0.0012074176719166208,0.003251773344644374,0.002995345793151042,0.11846617039485371,-1.310084940235776,0.00025642755149333195,-0.0017879281212344214,4,1.4285511106306297,86903,50268,4429,1.9638178569437993e-48,0.0,0.0,2.1794972747584362e-48,0.0,0.0,1.9638178569437993e-48,47.70689879526217,47.70689879526217
3,WWOWOWOW,0.007347282383342707,0.003202674594573055,0.004536982230216122,-0.502323342769979,0.6953561083650176,-0.0013343076356430675,0.0028103001531265843,3,-1.1976794511349966,131630,49509,26951,0.0,0.0,0.0,0.0,0.0,0.0,3.621698943e-314,313.44108765362176,50.0
3,WWOWOWWO,0.002340411089050393,0.0008027872047234162,0.0025947967503998338,-1.6912919086418454,-0.14879917017026267,-0.0017920095456764175,-0.0002543856613494407,3,-1.5424927384715827,75282,12410,8585,0.0,4.086006891376336e-20,0.0,0.0,4.4448346920354475e-20,0.0,3.621698943e-314,313.44108765362176,50.0
3,WWOWOWWW,0.0012548529112287661,0.0009009200161307831,0.003785414217378148,-2.069760840780683,-1.5921647423727845,-0.0028844942012473647,-0.0025305613061493816,2,-0.4775960984078984,109825,13927,4603,0.0,0.0,4.8750965914834535e-80,0.0,0.0,5.4979062881927934e-80,3.621698943e-314,313.44108765362176,50.0
3,WWOWWOOO,0.00342460618528259,0.0031032480084602515,0.005137237077433427,-0.7270296337676309,-0.5849141517199248,-0.0020339890689731756,-0.0017126308921508373,4,-0.14211548204770608,149045,47972,12562,0.0,0.0,1.8009771159783936e-22,0.0,0.0,1.923714082157728e-22,3.621698943e-314,313.44108765362176,50.0
3,WWOWWOOW,0.0005501397294937324,0.0032911687844249192,0.0033521553354073463,-0.026481015327637258,-2.605029283498342,-6.098655098242707e-05,-0.002802015605913614,3,2.578548268170705,97255,50877,2018,0.0007763929073496852,0.0,0.0,0.0007960877875094236,0.0,0.0,0.0007763929073496852,3.1099184407140763,3.1099184407140763
3,WWOWWOWO,0.002480535876443742,0.0019194441529857538,0.004034339885285319,-1.071250182217913,-0.7014568804114109,-0.002114895732299565,-0.0015538040088415766,3,-0.36979330180650216,117047,29672,9099,0.0,0.0,3.0288015003333e-97,0.0,0.0,3.4359225291816467e-97,3.621698943e-314,313.44108765362176,50.0
3,WWOWWOWW,0.0043708574246645255,0.0016096497997689578,0.0038879555995470533,-1.271739917561777,0.16886358897505413,-0.0022783057997780957,0.00048290182511747217,2,-1.440603506536831,112800,24883,16033,0.0,1.0524781882606156e-42,0.0,0.0,1.2010449458902716e-42,0.0,3.621698943e-314,313.44108765362176,50.0
3,WWOWWWOO,0.002316966085712206,0.0026138777261288542,0.003429845512015317,-0.3918206776354419,-0.5657047057079931,-0.0008159677858864626,-0.0011128794263031106,3,0.1738840280725512,99509,40407,8499,0.0,1.48979737703126e-295,1.2656562288887584e-24,0.0,2.3445991507377205e-295,1.3575753963499532e-24,3.621698943e-314,313.44108765362176,50.0
3,WWOWWWOW,0.0053855353598358194,0.006168264974374851,0.005083708752556684,0.2789334721869036,0.08319248410259386,0.0010845562218181675,0.00030182660727913566,2,0.19574098808430976,147492,95353,19755,0.0,3.552522903407553e-14,8.028469688281999e-70,0.0,3.7946280804130746e-14,9.001262365840256e-70,3.621698943e-314,313.44108765362176,50.0
3,WWOWWWWO,0.0025560505964981346,0.002078578441754457,0.005212617918711879,-1.3259937539757625,-1.0278041509353124,-0.0031340394769574223,-0.0026565673222137447,2,-0.29818960304045006,151232,32132,9376,0.0,0.0,4.676130067568319e-67,0.0,0.0,5.235084390513803e-67,3.621698943e-314,313.44108765362176,50.0
3,WWOWWWWW,0.005167442305527105,0.0037901129995765474,0.0025897644674429733,0.5492435961068808,0.9963516757871477,0.0012003485321335741,0.0025776778380841316,1,-0.4471080796802669,75136,58590,18955,0.0,0.0,1.8282132959902147e-286,0.0,0.0,2.3518723807713315e-286,3.621698943e-314,313.44108765362176,50.0
3,WWWOOOOO,0.010552705049045038,0.020068256965909425,0.005949295888828183,1.7539538882316539,0.8267162534710253,0.014118961077081242,0.004603409160216855,5,0.9272376347606286,172605,310228,38709,0.0,0.0,0.0,0.0,0.0,0.0,3.621698943e-314,313.44108765362176,50.0
3,WWWOOOOW,0.0007355188256561398,0.000679619852765851,0.0012935724614450434,-0.9275545813436553,-0.8136814132567289,-0.0006139526086791924,-0.0005580536357889036,4,-0.11387316808692638,37530,10506,2698,0.0,5.54635256495179e-208,0.0002749721505146101,0.0,7.77299045599083e-208,0.00027933678782436584,3.621698943e-314,313.44108765362176,50.0
3,WWWOOOWO,0.0013003798363157104,0.001970030743968325,0.0026783119668688277,-0.4429122922026705,-1.0418204660092913,-0.0007082812229005026,-0.0013779321305531173,4,0.5989081738066209,77705,30454,4770,0.0,0.0,3.624852889276906e-173,0.0,0.0,4.3840740456136435e-173,3.621698943e-314,313.44108765362176,50.0
3,WWWOOOWW,0.01032888705206072,0.0014967679567196134,0.004649519242915778,-1.634577675917182,1.15136076864064,-0.0031527512861961645,0.005679367809144942,3,-2.785938444557822,134895,23138,37888,0.0,0.0,0.0,0.0,0.0,0.0,3.621698943e-314,313.44108765362176,50.0
3,WWWOOWOO,0.0009707867079916656,0.0005065774859137045,0.0005947744842711343,-0.23113825893556014,0.705873362130107,-8.819699835742984e-05,0.00037601222372053125,4,-0.9370116210656672,17256,7831,3561,1.2597148995896022e-32,2.837396160949696e-140,2.3016566291908536e-207,1.3684031723971918e-32,3.7377705859508854e-140,2.851084340675122e-207,1.2597148995896022e-32,31.8997277338866,31.8997277338866
3,WWWOOWOW,0.0024360994166283414,0.0035099460871142497,0.003041704838198833,0.2065054528502158,-0.32018928586825135,0.0004682412489154168,-0.0006056054215704916,3,0.5266947387184672,88248,54259,8936,1.756838696333751e-150,1.2272342625101362e-94,3.2911398540171486e-245,2.0983703247034538e-150,1.5350422045729391e-94,4.157229289284819e-245,1.756838696333751e-150,149.75526811130382,50.0
3,WWWOOWWO,0.0038793302035162597,0.001568766519077161,0.002263700105991598,-0.5287700254359657,0.7768594066052787,-0.000694933586914437,0.0016156300975246618,3,-1.3056294320412445,65676,24251,14230,0.0,0.0,0.0,0.0,0.0,0.0,3.621698943e-314,313.44108765362176,50.0
3,WWWOOWWW,0.003996555220207194,0.004386931271194455,0.005396089440488376,-0.2986406670542013,-0.43306363332675396,-0.0010091581692939213,-0.0013995342202811822,2,0.13442296627255268,156555,67816,14660,0.0,6.585626083830723e-289,4.19489793373421e-25,0.0,1.0238382251785415e-288,4.518487535915671e-25,3.621698943e-314,313.44108765362176,50.0
3,WWWOWOOO,0.0004754428583929977,0.00084709898838462,0.0009052594491711331,-0.09569146940423504,-0.9276209358457391,-5.816046078651303e-05,-0.00042981659077813536,4,0.8319294664415041,26264,13095,1744,4.751811820313711e-10,1.1238352002876513e-180,4.047579460143717e-131,4.97870597271614e-10,1.5495609224792032e-180,4.724226482356192e-131,4.751811820313711e-10,9.32314076647332,9.32314076647332
3,WWWOWOOW,0.004212739960290707,0.0052794417517399005,0.004322868930709152,0.2883358363928017,-0.037221506539587994,0.0009565728210307487,-0.00011012897041844452,3,0.3255573429323897,125418,81613,15453,0.0,0.0023917824773082973,3.94710390108642e-154,0.0,0.0024590213421322254,4.699807435712202e-154,3.621698943e-314,313.44108765362176,50.0
3,WWWOWOWO,0.0026678232868313505,0.002426862592457992,0.0037675944208802243,-0.6343397663738094,-0.49782275717908986,-0.0013407318284222322,-0.0010997711340488738,3,-0.13651700919471954,109308,37516,9786,0.0,3.82089074880623e-259,1.2926582719240907e-16,0.0,5.731336123209345e-259,1.365559219859287e-16,3.621698943e-314,313.44108765362176,50.0
3,WWWOWOWW,0.0015866269700958982,0.00417397595467959,0.004684676288230831,-0.16648939993032721,-1.5613853127981088,-0.0005107003335512415,-0.0030980493181349327,2,1.3948959128677816,135915,64524,5820,4.82586295064677e-131,0.0,0.0,5.719541274840617e-131,0.0,0.0,4.82586295064677e-131,130.31642501575152,50.0
3,WWWOWWOO,0.00108201416568911,0.00521934591667237,0.003689214890442547,0.5004405770379181,-1.7686527171329989,0.0015301310262298231,-0.002607200724753437,3,2.2690932941709168,107034,80684,3969,0.0,0.0,0.0,0.0,0.0,0.0,3.621698943e-314,313.44108765362176,50.0
3,WWWOWWOW,0.0038935062520463262,0.0060721375137609114,0.0028570614149118333,1.0874051185861442,0.4464035162489897,0.003215076098849078,0.0010364448371344929,2,0.6410016023371545,82891,93867,14282,0.0,1.240520358595508e-238,0.0,0.0,1.828636536278983e-238,0.0,3.621698943e-314,313.44108765362176,50.0
3,WWWOWWWO,0.005224419115965257,0.0023128810409090267,0.005877430752081237,-1.345116382950766,-0.16988432252345845,-0.0035645497111722103,-0.0006530116361159804,2,-1.1752320604273074,170520,35754,19164,0.0,7.748045031582767e-56,0.0,0.0,9.07088198819446e-56,0.0,3.621698943e-314,313.44108765362176,50.0
3,WWWOWWWW,0.0015667259788902281,0.006192070428954885,0.004451330016875037,0.47609432029665755,-1.5058871180966837,0.0017407404120798478,-0.0028846040379848087,1,1.9819814383933414,129145,95721,5747,0.0,0.0,0.0,0.0,0.0,0.0,3.621698943e-314,313.44108765362176,50.0
3,WWWWOOOO,0.0004907093721946077,0.0011728714592135583,0.0005987038011004638,0.9689524175276089,-0.2864442632456251,0.0005741676581130945,-0.00010799442890585607,4,1.255396680773234,17370,18131,1800,0.0,1.6647415725899063e-16,0.0,0.0,1.7831541530670125e-16,0.0,3.621698943e-314,313.44108765362176,50.0
3,WWWWOOOW,0.005225236964918914,0.003545460202778485,0.0032210747046885744,0.13838981451588173,0.6977825962451745,0.0003243854980899104,0.0020041622602303398,3,-0.5593927817292927,93452,54808,19167,8.849942093915108e-71,0.0,0.0,1.0084207015024931e-70,0.0,0.0,8.849942093915108e-71,70.05305957092652,50.0
3,WWWWOOWO,0.0036579657533929145,0.0029976759924966244,0.0030784818650136975,-0.038361985042267614,0.24874828043186747,-8.080587251707311e-05,0.000579483888379217,3,-0.2871102654741351,89315,46340,13418,3.2135957790957834e-06,1.459088961730651e-74,1.1057246009257402e-88,3.339704409127959e-06,1.7758800675263707e-74,1.2506575751266104e-88,3.2135957790957834e-06,5.493008751701022,5.493008751701022
3,WWWWOOWW,0.001416241771417215,0.004377033894697865,0.00480503746689766,-0.13456477157710928,-1.7617620026550453,-0.0004280035721997951,-0.003388795695480445,2,1.6271972310779361,139407,67663,5195,1.5946345271401018e-89,0.0,0.0,1.8361009248029956e-89,0.0,0.0,1.5946345271401018e-89,88.79733883676587,50.0
3,WWWWOWOO,0.004149220358223294,0.006180620522811771,0.005183148042491908,0.2538781752696198,-0.32091897833585176,0.000997472480319863,-0.0010339276842686136,3,0.5747971536054716,150377,95544,15220,0.0,7.732591084161394e-161,0.0,0.0,1.0436959494966523e-160,0.0,3.621698943e-314,313.44108765362176,50.0
3,WWWWOWOW,0.0026165714190688025,0.004143766315307645,0.003119463950189774,0.4095302191510264,-0.2535316438795608,0.0010243023651178708,-0.0005028925311209714,2,0.6630618630305871,90504,64057,9598,0.0,3.13946333864428e-63,0.0,0.0,3.7265963586998565e-63,0.0,3.621698943e-314,313.44108765362176,50.0
3,WWWWOWWO,0.0005880333976798715,0.002963843783949457,0.002002952019904954,0.5651081250557888,-1.7664266258416181,0.0009608917640445028,-0.0014149186222250825,2,2.331534750897407,58111,45817,2157,0.0,0.0,0.0,0.0,0.0,0.0,3.621698943e-314,313.44108765362176,50.0
3,WWWWOWWW,0.00483185161820957,0.001213819428640627,0.0036962462995055573,-1.6057092678970089,0.38642354599264944,-0.0024824268708649303,0.0011356053187040129,1,-1.9921328138896583,107238,18764,17724,0.0,1.4537780644269567e-225,0.0,0.0,2.0908268791758477e-225,0.0,3.621698943e-314,313.44108765362176,50.0
3,WWWWWOOO,0.0076755124300773225,0.003975252159924526,0.002533995742619683,0.6494259261389146,1.598467694633436,0.0014412564173048432,0.00514151668745764,3,-0.9490417684945214,73518,61452,28155,0.0,0.0,0.0,0.0,0.0,0.0,3.621698943e-314,313.44108765362176,50.0
3,WWWWWOOW,0.0033215572171217222,0.00563988738467454,0.004584719982923327,0.2987738725456896,-0.4648542184641595,0.0010551674017512131,-0.0012631627658016048,2,0.7636280910098491,133015,87185,12184,0.0,6.702176990920878e-279,0.0,0.0,1.0315174206467403e-278,0.0,3.621698943e-314,313.44108765362176,50.0
3,WWWWWOWO,0.0035791796375238914,0.0047852198142631155,0.0029485042004224566,0.6984141925869259,0.2795595136131394,0.001836715613840659,0.0006306754371014347,2,0.41885467897378653,85544,73973,13129,0.0,5.373988492189522e-91,1.7026728887690424e-221,0.0,6.667565689824802e-91,2.1228129522315332e-221,3.621698943e-314,313.44108765362176,50.0
3,WWWWWOWW,0.0026929039880768525,0.0028113724349137525,0.00447004597335158,-0.6688247211269845,-0.7309139469803374,-0.0016586735384378271,-0.0017771419852747271,1,0.06208922585335286,129688,43460,9878,0.0,0.0,0.00010581934272696698,0.0,0.0,0.0001079272977613687,3.621698943e-314,313.44108765362176,50.0
3,WWWWWWOO,0.004938989831138727,0.005258159157835469,0.004536844359450181,0.21282502992530325,0.12250094424968187,0.0007213147983852874,0.00040214547168854545,2,0.09032408567562138,131626,81284,18117,4.0152242544156314e-238,2.2233748269715965e-26,1.516439599417733e-14,4.981732192877552e-238,2.4675605016100957e-26,1.5888480386805167e-14,4.0152242544156314e-238,237.39629019391322,50.0
3,WWWWWWOW,0.0031015558485878066,0.00532252444943094,0.004311529060210473,0.3038475225329401,-0.4750769981885461,0.0010109953892204673,-0.001209973211622666,1,0.7789245207214862,125089,82279,11377,0.0,1.0547626827426013e-272,0.0,0.0,1.6136608373432626e-272,0.0,3.621698943e-314,313.44108765362176,50.0
3,WWWWWWWO,0.004315243695815803,0.0031262125094817512,0.005780369732858502,-0.8865340783895432,-0.4216350172921393,-0.0026541572233767506,-0.0014651260370426985,1,-0.4648990610974039,167704,48327,15829,0.0,7.254670954892618e-295,1.7553490767724357e-257,0.0,1.1393839045720923e-294,2.228277836299555e-257,3.621698943e-314,313.44108765362176,50.0
3,WWWWWWWW,0.02888042748419575,0.03498522056465245,0.03493048917891996,0.0022586756687291635,-0.2743860980083972,5.473138573248992e-05,-0.006050061694724208,0,0.27664477367712637,1013427,540824,105938,0.34391229532340395,0.0,0.0,0.3448102386532301,0.0,0.0,0.34391229532340395,0.4635522972932698,0.4635522972932698
