library_id,wo,Neg,Pos,Pre,log2fc_pos_pre,log2fc_neg_pre,delta_pos,delta_neg,mut_count,ddelta,count_pre,count_pos,count_neg
1,OOOOOOOO,0.005949295773646067,0.008597420661400344,0.003256140576932369,1.4004657059229764,0.8693553955619088,0.005341280084467975,0.002693155196713698,8,0.5311103103610676,101082.0,229466.0,267650.0
1,OOOOOOOW,0.0013472104148885278,0.0013620781759587394,0.0017956738125533525,-0.39846020357772904,-0.41428283510535835,-0.0004335956365946131,-0.00044846339766482475,7,0.015822631527629305,55744.0,36354.0,60609.0
1,OOOOOOWO,0.0034858005324825327,0.0013914148985140482,0.0028187865414660072,-1.0179967986318659,0.3063178806095974,-0.001427371642951959,0.0006670139910165255,7,-1.3243146792414633,87505.0,37137.0,156821.0
1,OOOOOOWW,0.0032192658580129266,0.0001692387941025919,0.004766794981236008,-4.8076904584860864,-0.5661424012016911,-0.004597556187133416,-0.0015475291232230812,6,-4.241548057284396,147978.0,4517.0,144830.0
1,OOOOOWOO,0.0006819517815634647,0.0003395266664063954,0.00046467054294779906,-0.4515418449732357,0.5524740994505298,-0.00012514387654140367,0.0002172812386156657,7,-1.0040159444237655,14425.0,9062.0,30680.0
1,OOOOOWOW,0.0023813187178115093,0.0041982610929341664,0.0028728397249021534,0.547155887451318,-0.2706131677586879,0.001325421368032013,-0.000491521007090644,6,0.8177690552100059,89183.0,112052.0,107132.0
1,OOOOOWWO,0.0027879558068572073,0.000588008331779074,0.003474092805257139,-2.5606915598655546,-0.3173264327887559,-0.002886084473478065,-0.0006861369983999317,6,-2.2433651270767987,107848.0,15694.0,125426.0
1,OOOOOWWW,0.003474908864524055,0.0008828367733981344,0.005214875899946849,-2.5610576812704466,-0.5855192879198743,-0.004332039126548714,-0.0017399670354227939,5,-1.9755383933505724,161888.0,23563.0,156331.0
1,OOOOWOOO,0.001658801030076163,0.001440496771499303,0.001081868990287822,0.41270889501878383,0.6161515971275068,0.00035862778121148096,0.0005769320397883411,7,-0.20344270210872295,33585.0,38447.0,74627.0
1,OOOOWOOW,0.005564864350499387,0.00464288291485479,0.004446083721229887,0.0624720330638425,0.32374618292484936,0.00019679919362490268,0.0011187806292695,6,-0.26127414986100683,138022.0,123919.0,250355.0
1,OOOOWOWO,0.008701020113620991,0.007050592320792528,0.006047385120878767,0.22139906572058893,0.524800347795076,0.0010032071999137608,0.0026536349927422246,6,-0.3034012820744871,187732.0,188181.0,391446.0
1,OOOOWOWW,0.0018336234147566274,0.0010030686286727011,0.00658456681753024,-2.713449736403765,-1.843823660441998,-0.005581498188857539,-0.004750943402773612,5,-0.8696260759617669,204408.0,26772.0,82492.0
1,OOOOWWOO,0.007279279570845165,0.0063941316363844,0.006427013706573035,-0.007398949681219506,0.17962084728262476,-3.288207018863499e-05,0.00085226586427213,6,-0.18701979696384427,199517.0,170660.0,327484.0
1,OOOOWWOW,0.006077928595025068,0.004358545255247845,0.0042270684684394474,0.044178915530817084,0.5238183329363335,0.00013147678680839724,0.0018508601265856206,5,-0.4796394174055164,131223.0,116330.0,273437.0
1,OOOOWWWO,0.004441577737679645,0.00226466009978682,0.004677758629020568,-1.0461943633512396,-0.07472878266089143,-0.002413098529233748,-0.00023618089134092284,5,-0.9714655806903482,145214.0,60444.0,199820.0
1,OOOOWWWW,0.0023888095180196866,0.002820971283057859,0.0034975759820896485,-0.3100645175929638,-0.5498721930060743,-0.0006766046990317894,-0.0011087664640699619,4,0.2398076754131105,108577.0,75292.0,107469.0
1,OOOWOOOO,0.0011155513057798437,5.7961570616938164e-05,0.00034239051653325175,-2.5420033362334,1.7011274429599668,-0.0002844289459163136,0.000773160789246592,7,-4.243130779193367,10629.0,1547.0,50187.0
1,OOOWOOOW,0.002595573386080422,0.0024181627208712383,0.0025059352199333193,-0.05141690390540684,0.05068428348830913,-8.777249906208101e-05,8.963816614710254e-05,6,-0.10210118739371597,77793.0,64541.0,116771.0
1,OOOWOOWO,0.004908296823647314,0.0014159558350066756,0.005292218983039928,-1.9013505485019457,-0.10862894329664118,-0.003876263148033252,-0.0003839221593926138,6,-1.7927216052053045,164289.0,37792.0,220817.0
1,OOOWOOWW,0.002240838429040939,0.0012862448088425903,0.005000595937958026,-1.958102059671872,-1.1577062059792382,-0.003714351129115436,-0.0027597575089170876,5,-0.8003958536926337,155236.0,34330.0,100812.0
1,OOOWOWOO,0.004712024521456786,0.005779933816653652,0.005830818045645626,-0.012643152204275454,-0.30729252028854437,-5.088422899197399e-05,-0.0011187935241888398,6,0.2946493680842689,181009.0,154267.0,211987.0
1,OOOWOWOW,0.009339805325438816,0.009142004649064983,0.009116594456166346,0.004015112837583033,0.034893697846234695,2.5410192898636316e-05,0.0002232108692724697,5,-0.030878585008651663,283011.0,244001.0,420184.0
1,OOOWOWWO,0.0036813393141778977,0.0004613321389827793,0.005568863047014673,-3.59064029470051,-0.5970192827916668,-0.0051075309080318935,-0.001887523732836775,5,-2.993621011908843,172877.0,12313.0,165618.0
1,OOOWOWWW,0.0007229844735049952,0.00034188709235912136,0.002256092257638475,-2.7186598876510253,-1.6404347263842343,-0.0019142051652793538,-0.00153310778413348,4,-1.078225161266791,70037.0,9125.0,32526.0
1,OOOWWOOO,0.002538180964307382,0.0038773930316778906,0.003640665517741234,0.0908605931008799,-0.5202352009774214,0.00023672751393665663,-0.001102484553433852,6,0.6110957940783013,113019.0,103488.0,114189.0
1,OOOWWOOW,0.0018656093539244835,0.0061100187792491436,0.0042393737819511335,0.5272214728737151,-1.183771411245082,0.00187064499729801,-0.00237376442802665,5,1.710992884118797,131605.0,163077.0,83931.0
1,OOOWWOWO,0.003143446512285646,0.0022638358240572964,0.0036371543157182663,-0.6838002631706208,-0.21040064230363617,-0.0013733184916609699,-0.0004937078034326203,5,-0.4733996208669846,112910.0,60422.0,141419.0
1,OOOWWOWW,0.0031812783875210114,0.0009154331317929218,0.004557121458598419,-2.314337845653753,-0.5183793191121228,-0.003641688326805497,-0.0013758430710774073,4,-1.79595852654163,141469.0,24433.0,143121.0
1,OOOWWWOO,0.004896293760999195,0.004235390967841332,0.005984344548778327,-0.49859856003905695,-0.28944956111112036,-0.0017489535809369957,-0.001088050787779132,5,-0.2091489989279366,185775.0,113043.0,220277.0
1,OOOWWWOW,0.0026682141429953303,0.0026481731164868707,0.004811087667305555,-0.8611208028694836,-0.8502478727870193,-0.0021629145508186842,-0.0021428735243102246,4,-0.01087293008246426,149353.0,70680.0,120039.0
1,OOOWWWWO,0.0017544698849604249,0.0018561190745721504,0.003033775186431942,-0.7085233260030613,-0.7897323997805404,-0.0011776561118597918,-0.0012793053014715174,4,0.0812090737774791,94179.0,49540.0,78931.0
1,OOOWWWWW,0.001936049549353904,0.0007495663747656528,0.0029642276160871035,-1.98209128851566,-0.614281994556629,-0.002214661241321451,-0.0010281780667331995,3,-1.3678092939590312,92020.0,20006.0,87100.0
1,OOWOOOOO,0.013983190110863398,0.0306874482064472,0.005255592958268236,2.5454957663065283,1.4115967731349421,0.025431855248178963,0.008727597152595162,7,1.1338989931715862,163152.0,819051.0,629083.0
1,OOWOOOOW,0.0012428059977436909,0.002381707253379137,0.0017163335319793193,0.47243144892976296,-0.4654087805072847,0.0006653737213998176,-0.00047352753423562845,6,0.9378402294370476,53281.0,63568.0,55912.0
1,OOWOOOWO,0.005101279397556505,0.00747981517340251,0.005716591234880088,0.3877880053080532,-0.16426557956168314,0.0017632239385224225,-0.0006153118373235823,6,0.5520535848697363,177463.0,199637.0,229499.0
1,OOWOOOWW,0.0033128008350930787,0.0012539481870767204,0.005589092724724983,-2.155244412732502,-0.7543853169202142,-0.004335144537648262,-0.002276291889631904,5,-1.400859095812288,173505.0,33468.0,149038.0
1,OOWOOWOO,0.0006002420439810887,0.00048220130177116624,0.00031819865672362975,0.5981697610562078,0.9134913180336917,0.0001640026450475365,0.00028204338725745895,6,-0.3153215569774839,9878.0,12870.0,27004.0
1,OOWOOWOW,0.006749566633868669,0.006852428941999389,0.004383848470694348,0.6442989975067405,0.6224816175807899,0.0024685804713050407,0.0023657181631743206,5,0.021817379925950564,136090.0,182892.0,303653.0
1,OOWOOWWO,0.004567743262847645,0.001656382078477194,0.003998582634045775,-1.2709432319057168,0.19194791444421777,-0.0023422005555685807,0.0005691606288018699,5,-1.4628911463499346,124130.0,44209.0,205496.0
1,OOWOOWWW,0.0011486264117435475,0.0005054308905122791,0.0020713837035128127,-2.0328538319931586,-0.8501260318568056,-0.0015659528130005334,-0.0009227572917692652,4,-1.182727800136353,64303.0,13490.0,51675.0
1,OOWOWOOO,0.0006693485657829404,0.0006051682537846059,0.0013111923591089922,-1.1141890229804094,-0.9689958615262284,-0.0007060241053243863,-0.0006418437933260518,6,-0.14519316145418104,40704.0,16152.0,30113.0
1,OOWOWOOW,0.0041796664651189445,0.010596776377516486,0.005009647752347512,1.080692565431588,-0.26126417081504477,0.005587128625168973,-0.0008299812872285678,5,1.3419567362466327,155517.0,282829.0,188037.0
1,OOWOWOWO,0.004454603283442233,0.005769517968798766,0.005526954112777232,0.061955182717498114,-0.31112485586514355,0.00024256385602153437,-0.0010723508293349988,5,0.37308003858264166,171576.0,153989.0,200406.0
1,OOWOWOWW,0.004873576853542942,0.001006178396197721,0.005350073284262406,-2.409509044194842,-0.13455129859120346,-0.004343894888064684,-0.00047649643071946343,4,-2.2749577456036385,166085.0,26855.0,219255.0
1,OOWOWWOO,0.011776716005626147,0.011415544446483485,0.00664654436516501,0.780232636960693,0.8251663859031468,0.004769000081318475,0.005130171640461137,5,-0.04493374894245383,206332.0,304682.0,529817.0
1,OOWOWWOW,0.004886646855093115,0.007195852184581713,0.0047754924541369365,0.5914144418349881,0.033188465084547335,0.0024203597304447762,0.00011115440095617844,4,0.5582259767504408,148248.0,192058.0,219843.0
1,OOWOWWWO,0.0025433822914548996,0.001245555561467028,0.004420345644015655,-1.8265383350642044,-0.79717007240855,-0.003174790082548627,-0.0018769633525607555,4,-1.0293682626556544,137223.0,33244.0,114423.0
1,OOWOWWWW,0.0027843104322751865,0.0036591847658258877,0.004938135197384315,-0.43234198221700804,-0.8264203299196461,-0.0012789504315584275,-0.0021538247651091288,3,0.39407834770263805,153297.0,97664.0,125262.0
1,OOWWOOOO,0.006695730675102479,0.013460872268059863,0.0025994169471870118,2.3720642063479676,1.364713986326782,0.010861455320872852,0.0040963137279154665,6,1.0073502200211855,80695.0,359272.0,301231.0
1,OOWWOOOW,0.0057825865701999785,0.002197631496145125,0.0018968222011049012,0.21226098136968272,1.6076195886619804,0.00030080929504022356,0.0038857643690950773,5,-1.3953586072922977,58884.0,58655.0,260150.0
1,OOWWOOWO,0.009298128024577293,0.009861110288916886,0.00663127546829449,0.5723924570190838,0.48759151193438505,0.0032298348206223964,0.0026668525562828027,5,0.08480094508469876,205858.0,263194.0,418309.0
1,OOWWOOWW,0.002583370272388168,0.0020636117559403493,0.005567606745373428,-1.43144590054107,-1.1075036280560806,-0.0035039949894330787,-0.00298423647298526,4,-0.3239422724849894,172838.0,55078.0,116222.0
1,OOWWOWOO,0.010640715037556916,0.0119799485187353,0.004690353858295617,1.3526658999533505,1.181654447552317,0.007289594660439683,0.005950361179261299,5,0.17101145240103355,145605.0,319746.0,478710.0
1,OOWWOWOW,0.005113749245974273,0.008012072492202914,0.004230160903248667,0.9213019786735164,0.2736099628383793,0.003781911588954247,0.000883588342725606,4,0.6476920158351371,131319.0,213843.0,230060.0
1,OOWWOWWO,0.0041486807811717645,0.0022267059491501307,0.004895646431620146,-1.136235214634497,-0.23879366843620253,-0.002668940482470015,-0.0007469656504483814,4,-0.8974415461982944,151978.0,59431.0,186643.0
1,OOWWOWWW,0.004615577690289776,0.004869633674630944,0.006426047320695153,-0.4000466139253976,-0.47733232929475233,-0.0015564136460642095,-0.0018104696304053775,3,0.07728571536935475,199487.0,129971.0,207648.0
1,OOWWWOOO,0.007639527045545266,0.012099880637380949,0.004401758822297743,1.458632320454818,0.79526434179022,0.007698121815083205,0.0032377682232475223,5,0.663367978664598,136646.0,322947.0,343691.0
1,OOWWWOOW,0.005460348793885587,0.007519867480441623,0.00409618760771176,0.8762651220177685,0.41462334429998476,0.003423679872729863,0.0013641611861738272,4,0.46164177771778375,127160.0,200706.0,245653.0
1,OOWWWOWO,0.005717369929811869,0.0025031755222479886,0.0047541675390983616,-0.9251604855889307,0.26610778052404854,-0.002250992016850373,0.0009632023907135074,4,-1.1912682661129792,147586.0,66810.0,257216.0
1,OOWWWOWW,0.003963900300072121,0.0024818192874376107,0.005110119670784544,-1.0416601122692917,-0.36635478181575437,-0.0026283003833469333,-0.001146219370712423,3,-0.6753053304535372,158636.0,66240.0,178330.0
1,OOWWWWOO,0.007580445303843972,0.014743445303198212,0.005681543640375602,1.3755627844790892,0.41593604705463194,0.00906190166282261,0.0018989016634683694,4,0.9596267374244573,176375.0,393504.0,341033.0
1,OOWWWWOW,0.007105724176110891,0.014130371495825906,0.0057120170083914505,1.3065767606086767,0.3149318819525302,0.008418354487434455,0.0013937071677194409,3,0.9916448786561465,177321.0,377141.0,319676.0
1,OOWWWWWO,0.005235335825020953,0.0025092826560621844,0.002991608549293733,-0.25355375845588574,0.8071540472385863,-0.00048232589323154865,0.00224372727572722,3,-1.060707805694472,92870.0,66973.0,235530.0
1,OOWWWWWW,0.005084119463548455,0.009264671864449505,0.005683798540757325,0.7047863680571833,-0.16082755606793792,0.0035808733236921807,-0.00059967907720887,2,0.8656139241251213,176445.0,247275.0,228727.0
1,OWOOOOOO,0.0026540772025431024,0.0024463754310681063,0.002225554463897434,0.13642252790842907,0.2539409092799441,0.00022082096717067215,0.00042852273864566826,7,-0.11751838137151505,69089.0,65294.0,119403.0
1,OWOOOOOW,0.0011738328433045962,0.001099171685319402,0.0009818802647897306,0.16264109631402807,0.25736792073402376,0.00011729142052967147,0.00019195257851486558,6,-0.09472682441999569,30481.0,29337.0,52809.0
1,OWOOOOWO,0.007208261450177132,0.0017628635159001665,0.0062991286420667775,-1.8366423547791373,0.19447018349238654,-0.004536265126166611,0.0009091328081103547,6,-2.0311125382715236,195547.0,47051.0,324289.0
1,OWOOOOWW,0.003373771947766761,0.0001205690589820989,0.0038756261375167103,-4.994953613401673,-0.2000115935659821,-0.0037550570785346116,-0.0005018541897499492,5,-4.794942019835691,120313.0,3218.0,151781.0
1,OWOOOWOO,0.0011584289129061775,0.000431695679798553,0.0016872775299176961,-1.9641274615112911,-0.5421377150861297,-0.001255581850119143,-0.0005288486170115186,6,-1.4219897464251614,52379.0,11522.0,52116.0
1,OWOOOWOW,0.001701322990901812,0.003918681752311288,0.0031560552128464896,0.3121570317155023,-0.8910746984683827,0.0007626265394647985,-0.0014547322219446777,5,1.203231730183885,97975.0,104590.0,76540.0
1,OWOOOWWO,0.0011561616677393106,0.000855073668144643,0.004674472917035773,-2.4493054427545795,-2.014521860506882,-0.0038193992488911297,-0.003518311249296462,5,-0.43478358224769753,145112.0,22822.0,52014.0
1,OWOOOWWW,0.0010436218414663048,0.0003961019551145897,0.002581023402644676,-2.700920707796397,-1.3055213031222395,-0.002184921447530086,-0.001537401561178371,4,-1.3953994046741576,80124.0,10572.0,46951.0
1,OWOOWOOO,0.0019653903691604154,0.0031202957741106835,0.0018694090550356757,0.7387912541907269,0.07219593553360996,0.0012508867190750078,9.598131412473965e-05,6,0.666595318657117,58033.0,83281.0,88420.0
1,OWOOWOOW,0.001954854347502623,0.0024281289637827484,0.0019793837679385378,0.294659055950808,-0.017981092750625136,0.0004487451958442106,-2.4529420435914946e-05,5,0.31264014870143314,61447.0,64807.0,87946.0
1,OWOOWOWO,0.004369425994428178,0.0008175691224513301,0.0031903296986486706,-1.962981509729539,0.45361624682217505,-0.0023727605761973405,0.0011790962957795078,5,-2.416597756551714,99039.0,21821.0,196574.0
1,OWOOWOWW,0.002101736269685523,0.0015349887437655719,0.006568943579171163,-2.0967133375907463,-1.6436130660579749,-0.005033954835405591,-0.00446720730948564,4,-0.45310027153277144,203923.0,40969.0,94554.0
1,OWOOWWOO,0.0038387794859123833,0.005414030326902509,0.004558087844476299,0.2482242103669266,-0.2477217462890687,0.0008559424824262094,-0.0007193083585639161,5,0.4959459566559953,141499.0,144501.0,172701.0
1,OWOOWWOW,0.0020404539664987406,0.002130265688795897,0.001354776362201427,0.6525912313206159,0.5904778131600492,0.0007754893265944701,0.0006856776042973136,4,0.0621134181605667,42057.0,56857.0,91797.0
1,OWOOWWWO,0.0047487450020025105,0.004482149147597735,0.0048003285711984795,-0.09892117141858667,-0.015583605861030664,-0.0003181794236007448,-5.1583569195969015e-05,4,-0.083337565557556,149019.0,119629.0,213639.0
1,OWOOWWWW,0.0018078390579569657,0.001408087748497589,0.002362974535732118,-0.7464530393939406,-0.3861504457631259,-0.0009548867872345289,-0.0005551354777751521,3,-0.3603025936308147,73355.0,37582.0,81332.0
1,OWOWOOOO,0.0015488840952707088,0.0031239675478149237,0.002895034387230821,0.10976247479935236,-0.9019184022378152,0.00022893316058410261,-0.0013461502919601123,6,1.0116808770371675,89872.0,83379.0,69682.0
1,OWOWOOOW,0.002213898221764051,0.0028089068837439265,0.0029225441718878347,-0.05719606678187099,-0.400477983109516,-0.00011363728814390824,-0.0007086459501237838,5,0.343281916327645,90726.0,74970.0,99600.0
1,OWOWOOWO,0.004138567089496036,0.001157395525486643,0.005937539259426289,-2.3579801708426453,-0.5206282052596654,-0.004780143733939646,-0.0017989721699302533,5,-1.83735196558298,184322.0,30891.0,186188.0
1,OWOWOOWW,0.002977759791954027,0.000789393879333077,0.004371607582907855,-2.4678502003022116,-0.5537820914766655,-0.003582213703574778,-0.0013938477909538282,4,-1.9140681088255462,135710.0,21069.0,133965.0
1,OWOWOWOO,0.005536257051188038,0.0020025778848770056,0.0026439995490199234,-0.40068888376096345,1.0659040200234777,-0.0006414216641429178,0.002892257502168115,5,-1.4665929037844412,82079.0,53449.0,249068.0
1,OWOWOWOW,0.0030309289139064327,0.0030878492840303545,0.0032490215342986456,-0.07337979886936773,-0.10021334859627465,-0.00016117225026829112,-0.0002180926203922129,4,0.026833549726906922,100861.0,82415.0,136357.0
1,OWOWOWWO,0.0005642106281429409,0.00018651111734396778,0.0023665179506176816,-3.6583273251251076,-2.066514865029038,-0.002180006833273714,-0.0018023073224747409,4,-1.5918124600960697,73465.0,4978.0,25383.0
1,OWOWOWWW,0.0028984506669012746,0.00039861224938177447,0.0026486059883711567,-2.7291051264912736,0.13000175296083472,-0.0022499937389893823,0.0002498446785301179,3,-2.859106879452108,82222.0,10639.0,130397.0
1,OWOWWOOO,0.004274957445808729,0.00615689009459613,0.005744874128239406,0.09990972966064741,-0.42627889340058694,0.0004120159663567246,-0.001469916682430677,5,0.5261886230612344,178341.0,164328.0,192324.0
1,OWOWWOOW,0.0012325589387052046,0.0008493412051165942,0.0016501360993444682,-0.9573452895752964,-0.42063239479338593,-0.000800794894227874,-0.00041757716063926353,4,-0.5367128947819104,51226.0,22669.0,55451.0
1,OWOWWOWO,0.002502327371619576,0.00039692623084411306,0.002503744745276789,-2.65409067996294,-0.0008166168350671795,-0.002106818514432676,-1.4173736572128948e-06,4,-2.6532740631278724,77725.0,10594.0,112576.0
1,OWOWWOWW,0.0025375141274935975,0.0002517787682907721,0.0020040910335496964,-2.9877205411837573,0.3403165508033853,-0.0017523122652589242,0.0005334230939439012,3,-3.3280370919871425,62214.0,6720.0,114159.0
1,OWOWWWOO,0.004065859648899748,0.0010935516235271972,0.004776974245816354,-2.1260590778995585,-0.23248387450186717,-0.003683422622289157,-0.0007111145969166061,4,-1.8935752033976914,148294.0,29187.0,182917.0
1,OWOWWWOW,0.0033574789016166304,0.0014225500408428624,0.004889010581925363,-1.7803443793536786,-0.5420296214060429,-0.0034664605410825006,-0.0015315316803087326,3,-1.2383147579476357,151772.0,37968.0,151048.0
1,OWOWWWWO,0.003590249405414955,0.0004290729842955241,0.004116030731070917,-3.2589508034145145,-0.19711836862147272,-0.003686957746775393,-0.0005257813256559622,3,-3.061832434793042,127776.0,11452.0,161520.0
1,OWOWWWWW,0.002672748633329064,0.0024975179933771695,0.0036643741846119154,-0.5528878774718059,-0.45509664535909183,-0.0011668561912347459,-0.0009916255512828513,2,-0.09779123211271407,113755.0,66659.0,120243.0
1,OWWOOOOO,0.009532565620410079,0.017381352440144656,0.004634496754554094,1.9068274864249606,1.0402919422099195,0.012746855685590561,0.004898068865855985,6,0.8665355442150411,143871.0,463910.0,428856.0
1,OWWOOOOW,0.0010007886901275565,0.0008667259295938142,0.0008199784173820606,0.07989514512707625,0.2871620284855606,4.674751221175357e-05,0.0001808102727454959,5,-0.20726688335848437,25455.0,23133.0,45024.0
1,OWWOOOWO,0.0051006347886365135,0.0016194770060417162,0.004102662393093562,-1.3404934962958666,0.3140475784500751,-0.002483185387051846,0.0009979723955429514,5,-1.6545410747459417,127361.0,43224.0,229470.0
1,OWWOOOWW,0.0020907779180456667,9.94376266434091e-05,0.002650023354325382,-4.722177631625268,-0.34181968952060043,-0.002550585727681973,-0.0005592454362797154,4,-4.380357942104667,82266.0,2654.0,94061.0
1,OWWOOWOO,0.0004976380862334696,0.00024473495751120886,0.00026933174416544524,-0.13762782701337412,0.8832621480849218,-2.4596786654236373e-05,0.00022830634206802436,5,-1.0208899750982958,8361.0,6532.0,22388.0
1,OWWOOWOW,0.0017552923170307587,0.003254427915551303,0.002151658157102131,0.5967279562915622,-0.2935862503915038,0.001102769758449172,-0.00039636584007137236,4,0.890314206683066,66795.0,86861.0,78968.0
1,OWWOOWWO,0.002793045994535761,5.972252331182898e-05,0.0029103677098265336,-5.583321512259719,-0.0593412953296855,-0.0028506451865147045,-0.00011732171529077245,4,-5.523980216930033,90348.0,1594.0,125655.0
1,OWWOOWWW,0.001394177954472739,6.78154122926038e-05,0.0031522540950601574,-5.517965904187238,-1.1763922806943123,-0.0030844386827675535,-0.0017580761405874184,3,-4.341573623492926,97857.0,1810.0,62722.0
1,OWWOWOOO,0.0023076110219945453,0.002266008914616949,0.0014215214135004108,0.6723396943629528,0.698574743943199,0.0008444875011165381,0.0008860896084941345,5,-0.02623504958024614,44129.0,60480.0,103816.0
1,OWWOWOOW,0.003914376552701736,0.0035038087908107344,0.003158116836052636,0.14981444399201332,0.3096297678272449,0.0003456919547580985,0.0007562597166490999,4,-0.15981532383523156,98039.0,93517.0,176102.0
1,OWWOWOWO,0.003192459018098796,0.0038413871691291655,0.002979883067308776,0.3662631130385951,0.09938015334493377,0.0008615041018203893,0.00021257595079001964,4,0.2668829596936613,92506.0,102527.0,143624.0
1,OWWOWOWW,0.0018008372714122302,0.0007019082507677566,0.0037564707587739786,-2.4183535823548805,-1.0602931533952065,-0.003054562508006222,-0.001955633487361748,3,-1.358060428959674,116614.0,18734.0,81017.0
1,OWWOWWOO,0.007321979354821157,0.011916779024190919,0.006652793660508641,0.8408663699086357,0.13825360077245788,0.0052639853636822775,0.0006691856943125156,4,0.7026127691361779,206526.0,318060.0,329405.0
1,OWWOWWOW,0.002511196301242908,0.0034881100848711756,0.002446276998405463,0.511681712627306,0.03777179572736727,0.0010418330864657124,6.491930283744488e-05,3,0.4739099168999387,75941.0,93098.0,112975.0
1,OWWOWWWO,0.002532846269797107,0.0013906655569417541,0.004368354083785656,-1.650607477213461,-0.7860910258337467,-0.002977688526843902,-0.001835507813988549,3,-0.8645164513797142,135609.0,37117.0,113949.0
1,OWWOWWWW,0.005788276911010939,0.005684804904050933,0.006741540096960716,-0.24592759905338318,-0.2199090312086571,-0.0010567351929097833,-0.0009532631859497775,2,-0.026018567844726087,209281.0,151728.0,260406.0
1,OWWWOOOO,0.0001461261737939445,0.0017525226022025097,0.0006077600785993848,1.5263103687831057,-2.0488198272350058,0.001144762523603125,-0.00046163390480544024,5,3.5751301960181117,18867.0,46775.0,6574.0
1,OWWWOOOW,0.003770828814587758,0.0072451963271172705,0.0030097443909353006,1.2671036644816873,0.3251439704621397,0.00423545193618197,0.0007610844236524573,4,0.9419596940195476,93433.0,193375.0,169644.0
1,OWWWOOWO,0.006212785226666058,0.006353404921930223,0.005179377325366019,0.29469984194213966,0.26241519305917377,0.0011740275965642045,0.001033407901300039,4,0.032284648882965894,160786.0,169573.0,279504.0
1,OWWWOOWW,0.0017107253899761713,0.0016862058730544938,0.002544751719361541,-0.593455701570312,-0.5726404532606317,-0.0008585458463070471,-0.0008340263293853695,3,-0.02081524830968029,78998.0,45005.0,76963.0
1,OWWWOWOO,0.007051688166300566,0.006716086242920502,0.005305136340940938,0.34017380624673815,0.4105115065179486,0.0014109499019795638,0.0017465518253596277,4,-0.07033770027121045,164690.0,179253.0,317245.0
1,OWWWOWOW,0.006442021495351325,0.004664538886294085,0.004056501360993445,0.20145214840557404,0.6671458292271277,0.0006080375253006403,0.00238552013435788,3,-0.4656936808215537,125928.0,124497.0,289817.0
1,OWWWOWWO,0.002094378836840102,0.0009155455330287659,0.0031559585742587013,-1.784256870423762,-0.5913242281707852,-0.0022404130412299354,-0.0010615797374185993,3,-1.192932642252977,97972.0,24436.0,94223.0
1,OWWWOWWW,0.0013023989810022193,0.000534130672731138,0.0014409135567832235,-1.4300215479880165,-0.1457059049362673,-0.0009067828840520855,-0.0001385145757810042,2,-1.2843156430517493,44731.0,14256.0,58593.0
1,OWWWWOOO,0.0017420222644364501,0.0044079268648620175,0.0024569394559247506,0.8429781661538074,-0.4958583818210636,0.0019509874089372668,-0.0007149171914883005,4,1.338836547974871,76272.0,117648.0,78371.0
1,OWWWWOOW,0.0064441553731554345,0.008378687856447737,0.005115917986051831,0.71162139448342,0.3329400279886697,0.003262769870395906,0.0013282373871036039,3,0.3786813664947503,158816.0,223628.0,289913.0
1,OWWWWOWO,0.0039461179850378714,0.0034836515025160266,0.004803324367419911,-0.4633191785093073,-0.2835339148197591,-0.0013196728649038842,-0.0008572063823820393,3,-0.17978526368954822,149112.0,92979.0,177530.0
1,OWWWWOWW,0.002605109152517538,0.005821747076387655,0.004771626910625413,0.2869163921964674,-0.87288605132072,0.0010501201657622423,-0.002166517758107875,2,1.1598024435171874,148128.0,155383.0,117200.0
1,OWWWWWOO,0.005514495943164876,0.0033567879743266584,0.0038060463543092755,-0.181161001186355,0.53481847995829,-0.0004492583799826171,0.001708449588855601,3,-0.715979481144645,118153.0,89593.0,248089.0
1,OWWWWWOW,0.007396820673221554,0.009459313337852862,0.005116723307616732,0.8863858188626937,0.5315981798298453,0.004342590030236131,0.0022800973656048225,2,0.3547876390328485,158841.0,252470.0,332772.0
1,OWWWWWWO,0.00710705784973846,0.003650117732801131,0.006282281314929051,-0.7831799836236095,0.17793724911249897,-0.0026321635821279204,0.0008247765348094087,2,-0.9611172327361085,195024.0,97422.0,319736.0
1,OWWWWWWW,0.0018055051291087207,0.0020757510894115114,0.0014924863497994749,0.4756442594958187,0.2745172992073101,0.0005832647396120366,0.0003130187793092458,1,0.20112696028850857,46332.0,55402.0,81227.0
1,WOOOOOOO,0.008266598157334278,0.010829896540657137,0.0030975244415094947,1.8054994151209696,1.4158869204677103,0.007732372099147643,0.005169073715824783,7,0.3896124946532593,96158.0,289051.0,371902.0
1,WOOOOOOW,0.0008233656418733331,0.002161475765281941,0.00200934173015285,0.10524320429990272,-1.2860844781335152,0.000152134035129091,-0.001185976088279517,6,1.391327682433418,62377.0,57690.0,37042.0
1,WOOOOOWO,0.006787620788041962,0.0039106263304091275,0.004268139868249392,-0.12617687065100597,0.6691730688730669,-0.0003575135378402648,0.0025194809197925695,6,-0.7953499395240728,132498.0,104375.0,305365.0
1,WOOOOOWW,0.0025567412556243797,0.00011667248280617028,0.0047077810169600725,-5.322504734280261,-0.880483304577314,-0.0045911085341539025,-0.002151039761335693,5,-4.4420214297029466,146146.0,3114.0,115024.0
1,WOOOOWOO,0.0023541117758091074,0.0008977486706867843,0.0021187366115289837,-1.2378953766276024,0.1519105196747182,-0.0012209879408421995,0.0002353751642801237,6,-1.3898058963023205,65773.0,23961.0,105908.0
1,WOOOOWOW,0.0027328306302510344,0.0063089314996145765,0.003787620596904344,0.7359516718969584,-0.47074880551511766,0.0025213109027102327,-0.0010547899666533095,5,1.2067004774120762,117581.0,168386.0,122946.0
1,WOOOOWWO,0.0019575216947577603,2.8474979747170656e-05,0.0037410407975904778,-6.9881906555165765,-0.9340601783765299,-0.003712565817843307,-0.0017835191028327175,5,-6.054130477140046,116135.0,760.0,88066.0
1,WOOOOWWW,0.002703823228851415,0.0001228170836989808,0.006881601623528275,-5.79667171709563,-1.347419695600643,-0.006758784539829294,-0.004177778394676861,4,-4.449252021494987,213629.0,3278.0,121641.0
1,WOOOWOOO,0.000644142134221892,0.0068882849362336546,0.0010752331405930388,2.6783636104777875,-0.7383016902666077,0.0058130517956406155,-0.00043109100637114687,6,3.4166653007443952,33379.0,183849.0,28979.0
1,WOOOWOOW,0.004114827698925312,0.006043926852572816,0.004634561180279285,0.38298088021083454,-0.17156141395882565,0.0014093656722935308,-0.0005197334813539728,5,0.5545422941696602,143873.0,161313.0,185120.0
1,WOOOWOWO,0.008165394556895605,0.00340320968473027,0.004124083946719925,-0.27710357534882335,0.9852757936812285,-0.0007208742619896555,0.00404131061017568,5,-1.262379369030052,128026.0,90832.0,367349.0
1,WOOOWOWW,0.002545249434533496,0.0004777427194160171,0.006019971974809541,-3.652673950056546,-1.24162264747506,-0.005542229255393524,-0.0034747225402760452,4,-2.4110513025814857,186881.0,12751.0,114507.0
1,WOOOWWOO,0.010727270455986124,0.011042934349660312,0.006788345386312755,0.7019098321876674,0.6600731278376379,0.004254588963347557,0.00393892506967337,5,0.04183670435002951,210734.0,294737.0,482604.0
1,WOOOWWOW,0.00467648211928208,0.0038107390988223423,0.005260457100520238,-0.4650130179534291,-0.1697302543312935,-0.0014497180016978953,-0.0005839749812381577,4,-0.29528276362213557,163303.0,101709.0,210388.0
1,WOOOWWWO,0.004647741452607974,0.0009755303258908978,0.005706540821750125,-2.547132520567113,-0.2960290827667117,-0.004731010495859227,-0.001058799369142151,4,-2.2511034378004013,177151.0,26037.0,209095.0
1,WOOOWWWW,0.0031547382823323943,0.0018815592209515304,0.0034616264274324737,-0.8791714983570765,-0.13388918581824938,-0.0015800672064809433,-0.0003068881451000795,3,-0.7452823125388272,107461.0,50219.0,141927.0
1,WOOWOOOO,0.002424574199132321,0.006226878597448387,0.002530964614170438,1.2984835793356633,-0.061930929583222924,0.0036959139832779485,-0.0001063904150381172,6,1.3604145089188862,78570.0,166196.0,109078.0
1,WOOWOOOW,0.00241508288848279,0.0028301507173184603,0.002890041393528436,-0.030200711596488756,-0.25891931526243817,-5.9890676209975544e-05,-0.00047495850504564565,5,0.2287186036659494,89717.0,75537.0,108651.0
1,WOOWOOWO,0.00600711052540117,0.004233292811438909,0.007152576223686118,-0.7565436173257485,-0.2517533029588964,-0.0029192834122472094,-0.0011454656982849481,5,-0.5047903143668521,222041.0,112987.0,270251.0
1,WOOWOOWW,0.00242575227750334,0.00020584412990915207,0.0029628424629954742,-3.8408528455709705,-0.2884419202487483,-0.002756998333086322,-0.0005370901854921343,4,-3.552410925322222,91977.0,5494.0,109131.0
1,WOOWOWOO,0.0057972125243156486,0.0034421379794109413,0.0035136179876624736,-0.02964389155259485,0.7222403262722542,-7.148000825153234e-05,0.002283594536653175,5,-0.751884217824849,109075.0,91871.0,260808.0
1,WOOWOWOW,0.0053645910274261535,0.01140081988458791,0.006185223959927199,0.8821331470127048,-0.2053219696453091,0.005215595924660711,-0.0008206329325010451,4,1.087455116658014,192011.0,304289.0,241345.0
1,WOOWOWWO,0.0034881566892245707,0.00021700931933633214,0.0037787298468278385,-4.115821409728884,-0.1154047358736091,-0.003561720527491506,-0.0002905731576032678,4,-4.000416673855275,117305.0,5792.0,156927.0
1,WOOWOWWW,0.0017341091342462092,0.002790697883537183,0.004487219546765024,-0.6850004267736325,-1.3711168411193644,-0.0016965216632278406,-0.0027531104125188147,3,0.6861164143457319,139299.0,74484.0,78015.0
1,WOOWWOOO,0.005915153728780308,0.009731923801853407,0.0061241483724451175,0.6681284687398061,-0.05008525089014279,0.003607775429408289,-0.0002089946436648095,5,0.718213719629949,190115.0,259746.0,266114.0
1,WOOWWOOW,0.003875077636476045,0.0028934326130986856,0.0038314623028975468,-0.4049910324585302,0.01632586649046967,-0.0009380296897988612,4.3615333578498044e-05,4,-0.4213168989489999,118942.0,77226.0,174334.0
1,WOOWWOWO,0.003583981139365382,0.0011189917699065772,0.003212363296664358,-1.5205959674613296,0.15788143055627107,-0.0020933715267577807,0.00037161784270102385,4,-1.6784773980176007,99723.0,29866.0,161238.0
1,WOOWWOWW,0.0021726654787783853,0.0018251712676364096,0.0030467247571955482,-0.7389105426570813,-0.487602687014037,-0.0012215534895591387,-0.000874059278417163,3,-0.25130785564304436,94581.0,48714.0,97745.0
1,WOOWWWOO,0.003450169218732655,0.0028732003906467483,0.006556187285583133,-1.1899164508295643,-0.9259918873796592,-0.003682986894936385,-0.003106018066850478,4,-0.2639245634499051,203527.0,76686.0,155218.0
1,WOOWWWOW,0.002046144307309701,0.0010685236150125789,0.0030154782804773946,-1.4958968571088516,-0.559252390163056,-0.0019469546654648157,-0.0009693339731676937,3,-0.9366444669457956,93611.0,28519.0,92053.0
1,WOOWWWWO,0.0030584692743157267,0.0008055796572946267,0.0034845941984634463,-2.111515691923606,-0.188123206573224,-0.00267901454116882,-0.00042612492414771967,3,-1.9233924853503823,108174.0,21501.0,137596.0
1,WOOWWWWW,0.0036397953806791322,0.0032700891544122468,0.00335548504517854,-0.03718013350236624,0.1173024464769014,-8.539589076629302e-05,0.00028431033550059244,2,-0.15448257997926765,104166.0,87279.0,163749.0
1,WOWOOOOO,0.01741531027983629,0.013237043940415655,0.003020696764217952,2.1312591702285655,2.527008220796697,0.010216347176197703,0.014394613515618337,6,-0.39574905056813137,93773.0,353298.0,783489.0
1,WOWOOOOW,0.0007317422636593631,0.0009336421319996651,0.0006717348237151095,0.4743761324401805,0.12326789058015175,0.0002619073082845557,6.0007439944253604e-05,5,0.35110824186002876,20853.0,24919.0,32920.0
1,WOWOOOWO,0.004801136147672168,0.0009358526896379324,0.003997326332404529,-2.0935021036832206,0.2642800809978482,-0.0030614736427665968,0.0008038098152676389,5,-2.357782184681069,124091.0,24978.0,215996.0
1,WOWOOOWW,0.0030215487427258663,0.00025575027862393014,0.00459187913733954,-4.160961071948478,-0.6036332141202452,-0.00433612885871561,-0.0015703303946136738,4,-3.5573278578282324,142548.0,6826.0,135935.0
1,WOWOOWOO,0.00024043912715684477,5.983492454767308e-05,6.597194259667886e-05,-0.13865702148813588,1.8500307746354823,-6.137018049005784e-06,0.0001744671845601659,5,-1.9886877961236182,2048.0,1597.0,10817.0
1,WOWOOWOW,0.0017228840478808393,0.004599645906133428,0.001559553529724419,1.5597785769965473,0.14360489386644945,0.0030400923764090093,0.00016333051815642027,4,1.416173683130098,48414.0,122765.0,77510.0
1,WOWOOWWO,0.0003917888559921,2.7163631995656218e-05,0.0024079114790535863,-6.4184041725797005,-2.6165554755030764,-0.00238074784705793,-0.0020161226230614865,4,-3.801848697076624,74750.0,725.0,17626.0
1,WOWOOWWW,0.0023983897402443887,0.00010756798270279862,0.0048950021743682254,-5.494933586498413,-1.0289366806953606,-0.004787434191665427,-0.0024966124341238368,3,-4.465996905803053,151958.0,2871.0,107900.0
1,WOWOWOOO,0.0015832261911806031,0.0028239311822684204,0.0012804290753297791,1.1404620922714717,0.3060247034973673,0.0015435021069386413,0.000302797115850824,5,0.8344373887741043,39749.0,75371.0,71227.0
1,WOWOWOOW,0.008676369379404763,0.009782242088432947,0.0045877558909272476,1.0922095806278653,0.9191546818823801,0.005194486197505699,0.004088613488477515,4,0.1730548987454852,142420.0,261089.0,390337.0
1,WOWOWOWO,0.00711457087784043,0.0025981545665362486,0.00405791872694767,-0.6430530222150456,0.8098840551520272,-0.0014597641604114217,0.00305665215089276,4,-1.4529370773670727,125972.0,69345.0,320074.0
1,WOWOWOWW,0.0028013147710266874,0.001221201960367474,0.003773962343163625,-1.6269795528501492,-0.42984323690370324,-0.002552760382796151,-0.0009726475721369377,3,-1.1971363159464459,117157.0,32594.0,126027.0
1,WOWOWWOO,0.0064143255396854814,0.004545056372591813,0.004397506724435067,0.04760175652398917,0.5445086577460462,0.00014754964815674558,0.002016818815250414,4,-0.496906901222057,136514.0,121308.0,288571.0
1,WOWOWWOW,0.005852382156709407,0.006349171142046762,0.003273148968383075,0.955675510608647,0.8381505091342334,0.003076022173663687,0.002579233188326332,3,0.11752500147441358,101610.0,169460.0,263290.0
1,WOWOWWWO,0.006683060775640575,0.00023031013224455,0.005095398392578157,-4.4615776916058625,0.39124679185182215,-0.004865088260333607,0.0015876623830624187,3,-4.852824483457685,158179.0,6147.0,300661.0
1,WOWOWWWW,0.0038332891961455587,0.0034180091807830756,0.004781000853640859,-0.48403609086044036,-0.3186552331289043,-0.0013629916728577834,-0.0009477116574953003,2,-0.16538085773153605,148419.0,91227.0,172454.0
1,WOWWOOOO,0.003480888167954321,0.014110439010002886,0.002295005395654485,2.6196671763658874,0.6007438345610815,0.011815433614348402,0.0011858827722998361,5,2.018923341804806,71245.0,376609.0,156600.0
1,WOWWOOOW,0.007486487996781757,0.012329179158502903,0.005091629487654421,1.2757110989386256,0.556071026796101,0.007237549670848482,0.0023948585091273364,4,0.7196400721425246,158062.0,329067.0,336806.0
1,WOWWOOWO,0.005622923609086211,0.005052960090292662,0.0035443168457164947,0.5114997045814355,0.6656624309318161,0.001508643244576167,0.0020786067633697166,4,-0.15416272635038064,110028.0,134864.0,252967.0
1,WOWWOOWW,0.0016934765443929493,0.0008829117075553638,0.0025823441300111133,-1.5472656656337715,-0.6084001725827064,-0.0016994324224557495,-0.000888867585618164,3,-0.9388654930510651,80165.0,23565.0,76187.0
1,WOWWOWOO,0.007787364767161256,0.014601819746034653,0.005056517467424743,1.5297456720223503,0.6228910565886333,0.00954530227860991,0.002730847299736513,4,0.906854615433717,156972.0,389724.0,350342.0
1,WOWWOWOW,0.004281336851327265,0.008783444706722321,0.003587449868732585,1.2915903255267553,0.2550375173415881,0.0051959948379897355,0.00069388698259468,3,1.0365528081851672,111367.0,234431.0,192611.0
1,WOWWOWWO,0.003991685167313136,0.0006016838154734389,0.003393818351667821,-2.4938611533323853,0.23402493504076033,-0.0027921345361943822,0.0005978668156453146,3,-2.7278860883731455,105356.0,16059.0,179580.0
1,WOWWOWWW,0.004397677647438842,0.0021240836208244723,0.003805079968431395,-0.8407862623816961,0.20876400472833684,-0.0016809963476069226,0.0005925976790074473,2,-1.049550267110033,118123.0,56692.0,197845.0
1,WOWWWOOO,0.004516219005035908,0.010334619228449441,0.004032406139771611,1.357554237317958,0.16343617681966557,0.006302213088677831,0.000483812865264297,4,1.1941180604982926,125180.0,275832.0,203178.0
1,WOWWWOOW,0.002498237439161699,0.004145994518266662,0.00210958815855171,0.9744210487718995,0.24384287922689882,0.0020364063597149524,0.00038864928060998926,3,0.7305781695450007,65489.0,110657.0,112392.0
1,WOWWWOWO,0.0034629947134511077,0.004474880534346483,0.0038338782675922498,0.22299074759461138,-0.14674405397566387,0.0006410022667542336,-0.00037088355414114206,3,0.3697348015702753,119017.0,119435.0,155795.0
1,WOWWWOWW,0.003725884013338692,0.0028592251703234662,0.005075329779180827,-0.8276570684181469,-0.4458158748430564,-0.0022161046088573604,-0.0013494457658421344,2,-0.3818411935750905,157556.0,76313.0,167622.0
1,WOWWWWOO,0.008283469128723022,0.00816164107003279,0.00689187752669641,0.24392963850714758,0.2653028704749195,0.0012697635433363795,0.001391591602026612,3,-0.02137323196777194,213948.0,217835.0,372661.0
1,WOWWWWOW,0.009296816578843518,0.016805108771050598,0.006324931145006201,1.4096359686142301,0.5556141127708172,0.010480177626044397,0.0029718854338373164,2,0.854021855843413,196348.0,448530.0,418250.0
1,WOWWWWWO,0.0020232273488093116,0.0017004058958494644,0.002095704414772819,-0.3013961316743727,-0.05075215644111405,-0.00039529851892335446,-7.247706596350727e-05,2,-0.25064397523325865,65058.0,45384.0,91022.0
1,WOWWWWWW,0.003223622525196318,0.00760956366664521,0.0031942918807479825,1.2520555857997866,0.013182565073138298,0.004415271785897228,2.9330644448335563e-05,1,1.2388730207266483,99162.0,203100.0,145026.0
1,WWOOOOOO,0.005677982102011006,0.004625310854984497,0.002316459162143444,0.9973182918568723,1.2930884487872747,0.002308851692841053,0.0033615229398675623,6,-0.29577015693040243,71911.0,123450.0,255444.0
1,WWOOOOOW,0.0005162428333380531,0.0009310943706538657,0.000418992703786622,1.150111763842155,0.30047748568493204,0.0005121016668672438,9.725012955143106e-05,5,0.8496342781572229,13007.0,24851.0,23225.0
1,WWOOOOWO,0.007269365930213571,0.0028786705841244943,0.004845362153107736,-0.7509984307614567,0.5851257625400128,-0.001966691568983242,0.0024240037771058346,5,-1.3361241933014694,150417.0,76832.0,327038.0
1,WWOOOOWW,0.0019350715220270204,0.0011306440313557484,0.004685650780356597,-2.0501370812524886,-1.2754250488974463,-0.003555006749000848,-0.002750579258329576,4,-0.7747120323550423,145459.0,30177.0,87056.0
1,WWOOOWOO,0.0006239814345518116,0.0013675109023578707,0.0011095398392578157,0.301345779368268,-0.8293759093296676,0.000257971063100055,-0.00048555840470600404,5,1.1307216886979357,34444.0,36499.0,28072.0
1,WWOOOWOW,0.002333150871962486,0.002332175775450506,0.0037974777328587304,-0.703126363670511,-0.702523548813544,-0.0014653019574082243,-0.0014643268608962442,4,-0.0006028148569670044,117887.0,62246.0,104965.0
1,WWOOOWWO,0.004406057563398732,3.0048597048987982e-05,0.002732842624059787,-6.460258304354149,0.688885545315434,-0.002702794027010799,0.0016732149393389449,4,-7.149143849669582,84837.0,802.0,198222.0
1,WWOOOWWW,0.0012483185154043082,8.47879989050621e-05,0.002325317699357353,-4.761128485604374,-0.8969067946529858,-0.002240529700452291,-0.001076999183953045,3,-3.8642216909513882,72186.0,2263.0,56160.0
1,WWOOWOOO,0.00017877894977558496,0.0004765437729003468,0.0007624140319229468,-0.676832723859547,-2.0862415979132916,-0.0002858702590226,-0.0005836350821473618,5,1.4094088740537445,23668.0,12719.0,8043.0
1,WWOOWOOW,0.0023484658907857335,0.0019107086081137656,0.002537471612414837,-0.4090974890704881,-0.11162730353226451,-0.0006267630043010715,-0.0001890057216291036,4,-0.2974701855382236,78772.0,50997.0,105654.0
1,WWOOWOWO,0.0016048983876285944,0.0010752676891632245,0.0034997342438835826,-1.7016205951511754,-1.1242769346273003,-0.0024244665547203583,-0.0018948358562549882,4,-0.5773436605238751,108644.0,28699.0,72202.0
1,WWOOWOWW,0.000776842660164978,0.0003856111731024742,0.0036653083576272004,-3.24537289263568,-2.236777864412217,-0.003279697184524726,-0.0028884656974622223,3,-1.0085950282234633,113784.0,10292.0,34949.0
1,WWOOWWOO,0.002604397859916168,0.004032244467592438,0.003708409167780695,0.12075144102340196,-0.5096857161078057,0.0003238352998117429,-0.001104011307864527,4,0.6304371571312076,115122.0,107621.0,117168.0
1,WWOOWWOW,0.0034547703927477673,0.0037728598823428823,0.005104836761318794,-0.4361065552185514,-0.5631400485088514,-0.001331976878975912,-0.001650066368571027,3,0.12703349329029995,158472.0,100698.0,155425.0
1,WWOOWWWO,0.002530956898824718,0.00035889714605019435,0.00495540129173579,-3.7836364320647973,-0.969040152888382,-0.004596504145685596,-0.002424444392911072,3,-2.814596279176415,153833.0,9579.0,113864.0
1,WWOOWWWW,0.0010131918548639456,0.0020280929654136154,0.002907532977918083,-0.51945669654327,-1.519961068966263,-0.0008794400125044675,-0.0018943411230541373,2,1.0005043724229932,90260.0,54130.0,45582.0
1,WWOWOOOO,0.0009330158419532735,0.0012781144527832008,0.0005905584099731023,1.112552828476018,0.6589263937871475,0.0006875560428100985,0.00034245743198017126,5,0.45362643468887054,18333.0,34113.0,41975.0
1,WWOWOOOW,0.002646675313910096,0.005605824302331149,0.0030652793660508643,0.8706947159713955,-0.21176293128615714,0.002540544936280285,-0.0004186040521407682,4,1.0824576472575527,95157.0,149620.0,119070.0
1,WWOWOOWO,0.001528323293512358,0.001007901881813997,0.003119268123761818,-1.6288841291628966,-1.02877658524647,-0.002111366241947821,-0.0015909448302494603,4,-0.6001075439164265,96833.0,26901.0,68757.0
1,WWOWOOWW,0.001210086538080672,0.0007619305107085032,0.004493372203520866,-2.55849604242192,-1.8918176505639885,-0.0037314416928123624,-0.0032832856654401938,3,-0.6666783918579315,139490.0,20336.0,54440.0
1,WWOWOWOO,0.0032151536976612566,0.0018237849857276657,0.002425725192069193,-0.4112842622779333,0.40632560987691574,-0.0006019402063415274,0.0007894285055920634,4,-0.817609872154849,75303.0,48677.0,144645.0
1,WWOWOWOW,0.003214509088741265,0.003992529364260858,0.0044890556799329975,-0.16906901373589067,-0.4816861682307144,-0.0004965263156721392,-0.0012745465911917324,3,0.31261715449482375,139356.0,106561.0,144616.0
1,WWOWOWWO,0.0008174974779120308,0.00013244612290295825,0.0019649201926329185,-3.880875460404292,-1.2641548796963407,-0.0018324740697299603,-0.0011474227147208877,3,-2.6167205807079514,60998.0,3535.0,36778.0
1,WWOWOWWW,0.0008911384900476162,0.0009872200544186836,0.0020411358255351363,-1.0471745867405293,-1.1947392375553596,-0.0010539157711164527,-0.00114999733548752,2,0.14756465081483028,63364.0,26349.0,40091.0
1,WWOWWOOO,0.003103013973476521,0.00600241332946773,0.007794417510912107,-0.37684329397617045,-1.328491241399184,-0.0017920041814443776,-0.004691403537435586,4,0.9516479474230136,241966.0,160205.0,139600.0
1,WWOWWOOW,0.0032647885845006053,0.0009877071264406748,0.0034231964823554046,-1.7921503506806093,-0.06833408778833751,-0.00243548935591473,-0.00015840789785479936,3,-1.7238162628922717,106268.0,26362.0,146878.0
1,WWOWWOWO,0.0019274918102436716,0.0011735813034481927,0.004759998067228244,-2.019117464375417,-1.3037910239547135,-0.0035864167637800516,-0.0028325062569845728,3,-0.7153264404207034,147767.0,31323.0,86715.0
1,WWOWWOWW,0.0016327499385509875,0.000474408149419309,0.002281926973440495,-2.263646171986706,-0.48269752942984123,-0.001807518824021186,-0.0006491770348895074,2,-1.7809486425568646,70839.0,12662.0,73455.0
1,WWOWWWOO,0.0025685220393345696,0.001960689690985773,0.003935509849082738,-1.0048202402988813,-0.6154170613314305,-0.001974820158096965,-0.0013669878097481688,3,-0.3894031789674508,122172.0,52331.0,115554.0
1,WWOWWWOW,0.0061011345161447635,0.0041571971747724566,0.005118011822120573,-0.2999071681603623,0.25344864502959513,-0.000960814647348116,0.0009831226940241909,2,-0.5533558131899574,158881.0,110956.0,274481.0
1,WWOWWWWO,0.0020386312792077302,0.0017098850667389832,0.005450480776974246,-1.6719053138594444,-1.4183397920488223,-0.0037405957102352627,-0.0034118494977665157,2,-0.2535655218106221,169202.0,45637.0,91715.0
1,WWOWWWWW,0.0037548691868445187,0.0020562307414532534,0.0029938634496754555,-0.541786607727374,0.32665659118412027,-0.0009376327082222021,0.0007610057371690631,1,-0.8684431989114942,92940.0,54881.0,168926.0
1,WWWOOOOO,0.020180393583980695,0.018667035242808026,0.007919210140609145,1.2369594822362893,1.3494151863762467,0.01074782510219888,0.01226118344337155,5,-0.11245570413995742,245840.0,498225.0,907886.0
1,WWWOOOOW,0.0006807737031924456,0.001217380318348775,0.001153607035289191,0.07756262074516057,-0.7600370619296424,6.377328305958406e-05,-0.00047283333209674526,4,0.8375996826748029,35812.0,32492.0,30627.0
1,WWWOOOWO,0.001996242685744838,0.0002703999063622771,0.0021288192375215425,-2.97223886280728,-0.09272134504617348,-0.0018584193311592654,-0.00013257655177670432,4,-2.8795175177611063,66086.0,7217.0,89808.0
1,WWWOOOWW,0.0014980489021665484,0.00020490745294378463,0.0034969639377003237,-4.086447460614655,-1.2224679680179527,-0.003292056484756539,-0.001998915035533775,3,-2.8639794925967017,108558.0,5469.0,67395.0
1,WWWOOWOO,0.0005058624069368099,0.00022611381943970382,0.0006025415948588271,-1.4100377080757214,-0.25185903618665306,-0.00037642777541912326,-9.667918792201715e-05,4,-1.1581786718890683,18705.0,6035.0,22758.0
1,WWWOOWOW,0.0034957364010079193,0.006567941414077985,0.004291172065005557,0.6139529865992563,-0.2956988685580681,0.0022767693490724286,-0.0007954356639976374,3,0.9096518551573245,133213.0,175299.0,157268.0
1,WWWOOWWO,0.0015503066804734488,3.2933562102319746e-05,0.001443232882890138,-5.4114467038796965,0.1031805275258397,-0.0014102993207878182,0.00010707379758331088,3,-5.5146272314055365,44803.0,879.0,69746.0
1,WWWOOWWW,0.004255041252970369,0.0001627195224236344,0.0052841979802535155,-5.01265924647223,-0.3124453804197498,-0.005121478457829881,-0.0010291567272831467,2,-4.700213866052481,164040.0,4343.0,191428.0
1,WWWOWOOO,0.0008646650685403774,0.004542358742931555,0.001140625251662989,1.9926700735592542,-0.3992083014175177,0.0034017334912685654,-0.0002759601831226116,4,2.391878374976772,35409.0,121236.0,38900.0
1,WWWOWOOW,0.005205528219444792,0.009337807601905395,0.005586547908579896,0.7410230591741724,-0.1018936109268755,0.0037512596933254993,-0.0003810196891351038,3,0.842916670101048,173426.0,249227.0,234189.0
1,WWWOWOWO,0.0024345322955515005,0.0014252476705031206,0.003953194710647962,-1.4711593831903735,-0.6991467996714197,-0.002527947040144841,-0.0015186624150964612,3,-0.7720125835189539,122721.0,38040.0,109526.0
1,WWWOWOWW,0.0040380525537649405,0.0008498657442171999,0.005886095317860422,-2.790552570421195,-0.5435390688322662,-0.005036229573643222,-0.0018480427640954816,2,-2.247013501588929,182725.0,22683.0,181666.0
1,WWWOWWOO,0.005168785511005275,0.012991522174253537,0.00496880184257574,1.3864212867670522,0.05691609650673856,0.008022720331677797,0.00019998366842953474,3,1.3295051902603137,154249.0,346745.0,232536.0
1,WWWOWWOW,0.00607034888324172,0.004150228298150123,0.003320276386361074,0.32180049114528125,0.8702792939592859,0.0008299519117890494,0.002750072496880646,2,-0.5484788028140046,103073.0,110770.0,273096.0
1,WWWOWWWO,0.0023110118897448455,0.0017883411293581613,0.005664921803276048,-1.662882234334171,-1.2931618738221693,-0.003876580673917887,-0.0033539099135312025,2,-0.36972036051200163,175859.0,47731.0,103969.0
1,WWWOWWWW,0.006069215260658286,0.0038797159905520017,0.0037906486059883712,0.03349758609400005,0.6789224103914072,8.906738456363047e-05,0.0022785666546699147,1,-0.6454248242974072,117675.0,103550.0,273045.0
1,WWWWOOOO,0.001190726042587133,0.0002678896120950923,0.00036819301947267543,-0.4573612542183017,1.6906054424686623,-0.0001003034073775831,0.0008225330231144577,4,-2.147966696686964,11430.0,7150.0,53569.0
1,WWWWOOOW,0.0035610197250774077,0.003797363351756895,0.002827967207305877,0.42510246695345494,0.33242005208071956,0.000969396144451018,0.0007330525177715306,3,0.09268241487273537,87790.0,101352.0,160205.0
1,WWWWOOWO,0.0029791379213691812,0.0027047484051950653,0.00369674811152093,-0.45061925639932837,-0.311267852088258,-0.000991999706325865,-0.000717610190151749,3,-0.13935140431107035,114760.0,72190.0,134027.0
1,WWWWOOWW,0.004272979163261168,0.002852181359543903,0.006189701547828047,-1.1175314557273743,-0.5345230344823069,-0.0033375201882841444,-0.0019167223845668793,2,-0.5830084212450675,192150.0,76125.0,192235.0
1,WWWWOWOO,0.006179243334932704,0.004526023096655546,0.0034653631194936137,0.38513987497210395,0.8342408503356485,0.0010606599771619324,0.0027138802154390903,3,-0.4491009753635446,107577.0,120800.0,277995.0
1,WWWWOWOW,0.004174687416909354,0.008014058247369492,0.004940261246315654,0.6978336712081803,-0.2428656147606027,0.003073797001053838,-0.0007655738294063,2,0.940699285968783,153363.0,213896.0,187813.0
1,WWWWOWWO,0.002845992837550239,6.98011674591828e-05,0.001987952389389083,-4.8120917823167595,0.5174301215333919,-0.0019181512219299001,0.0008580404481611562,2,-5.329521903850152,61713.0,1863.0,128037.0
1,WWWWOWWW,0.0011927932367098645,0.0005606573643903443,0.0034379499734243884,-2.614205932367531,-1.5264151435506033,-0.002877292609034044,-0.002245156736714524,1,-1.0877907888169276,106726.0,14964.0,53662.0
1,WWWWWOOO,0.003943450637782734,0.00787224535481286,0.003032035691851756,1.3761959625265123,0.3790619080335263,0.004840209662961103,0.0009114149459309778,3,0.9971340544929861,94125.0,210111.0,177410.0
1,WWWWWOOW,0.0056104537606684445,0.00537847406929716,0.004532156490086491,0.24694916719916227,0.30785861293228545,0.0008463175792106691,0.0010782972705819533,2,-0.06090944573312318,140694.0,143552.0,252406.0
1,WWWWWOWO,0.004696576135270782,0.003153641474077765,0.0036522943611384025,-0.21172195051712547,0.36271854177151547,-0.0004986528870606377,0.001044281774132379,2,-0.5744404922886409,113380.0,84171.0,211292.0
1,WWWWWOWW,0.002753413659903178,0.001350350980352339,0.003646947025947461,-1.432682351335295,-0.4053395386405304,-0.002296596045595122,-0.0008935333660442832,1,-1.0273428126947648,113214.0,36041.0,123872.0
1,WWWWWWOO,0.005246738734536666,0.009779207255065156,0.00464248554447791,1.0746568943436146,0.17648775159877678,0.0051367217105872465,0.000604253190058756,2,0.8981691427448377,144119.0,261008.0,236043.0
1,WWWWWWOW,0.005401311507971879,0.009036647224000452,0.004000193277175576,1.1755169242906987,0.43314651131353255,0.005036453946824876,0.0014011182307963029,1,0.7423704129771661,124180.0,241189.0,242997.0
1,WWWWWWWO,0.0031171953697163354,0.0016191772694127988,0.004511765748063202,-1.4778602198364033,-0.5333005694788291,-0.002892588478650403,-0.0013945703783468663,1,-0.9445596503575742,140061.0,43216.0,140238.0
1,WWWWWWWW,0.03504958754142557,0.04194536865319865,0.03519445294506096,0.2531568674515952,-0.005950424942257069,0.0067509157081376905,-0.00014486540363538997,0,0.2591072923938523,1092559.0,1119526.0,1576829.0
2,OOOOOOOO,0.0030346797823520774,0.006200312611450718,0.0019313805904341132,1.6821943513607305,0.6516403496067433,0.004268932021016605,0.0011032991919179642,8,1.0305540017539871,29721.0,328668.0,81466.0
2,OOOOOOOW,0.0013230765780765116,0.003145507698370604,0.0015281567230123012,1.0410151968236192,-0.2077497129025977,0.0016173509753583028,-0.00020508014493578956,7,1.248764909726217,23516.0,166738.0,35518.0
2,OOOOOOWO,0.002335741614818726,0.002137137215977235,0.0028739691797900167,-0.4271920485050787,-0.2990482732281043,-0.0007368319638127816,-0.0005382275649712907,7,-0.1281437752769744,44226.0,113286.0,62703.0
2,OOOOOOWW,0.007873121433717637,0.0008298135225817016,0.006282494287607725,-2.9189704701129284,0.32555188837470955,-0.005452680765026024,0.0015906271461099113,6,-3.244522358487638,96678.0,43987.0,211354.0
2,OOOOOWOO,0.00015775745560431406,0.00030323555964212773,0.0003234888657575793,-0.09298018771835151,-1.0313446299762985,-2.0253306115451588e-05,-0.00016573141015326526,7,0.938364442257947,4978.0,16074.0,4235.0
2,OOOOOWOW,0.001421605142438592,0.0030629545809764303,0.003301042065639517,-0.10796358786540614,-1.214823215542012,-0.00023808748466308668,-0.001879436923200925,6,1.1068596276766058,50798.0,162362.0,38163.0
2,OOOOOWWO,0.0029520200907379164,0.00030749904331010835,0.004032758543829622,-3.7087868079249584,-0.449933556645859,-0.0037252595005195137,-0.0010807384530917056,6,-3.2588532512790995,62058.0,16300.0,79247.0
2,OOOOOWWW,0.006530413644518699,0.0010849622686411626,0.0068157505416066595,-2.6501102106040855,-0.061688909462705534,-0.005730788272965497,-0.0002853368970879601,5,-2.58842130114138,104884.0,57512.0,175309.0
2,OOOOWOOO,0.00036591534507701934,0.002388380912836378,0.0007534210344703445,1.6631950588606845,-1.0399226592112187,0.0016349598783660334,-0.0003875056893933252,7,2.703117718071903,11594.0,126604.0,9823.0
2,OOOOWOOW,0.006417282737158534,0.009916485712283332,0.007810261108411399,0.34441892729193213,-0.2833681422588737,0.002106224603871933,-0.0013929783712528657,6,0.6277870695508059,120188.0,525656.0,172272.0
2,OOOOWOWO,0.004694914030009379,0.005058812021778856,0.005250943010983416,-0.05376747355626612,-0.16144526489137967,-0.00019213098920455984,-0.0005560289809740365,6,0.10767779133511354,80804.0,268159.0,126035.0
2,OOOOWOWW,0.004679976429136338,0.001327263968780735,0.005384094615229555,-2.019429807813662,-0.20216219247070935,-0.00405683064644882,-0.0007041181860932165,5,-1.8172676153429526,82853.0,70356.0,125634.0
2,OOOOWWOO,0.011554066646359972,0.01219790223398055,0.0077849824485520785,0.6478003294374787,0.5695745832616667,0.004412919785428472,0.003769084197807894,6,0.07822574617581202,119799.0,646590.0,310169.0
2,OOOOWWOW,0.004723187444130672,0.003012377591092111,0.004151873668565187,-0.46272852422145944,0.18595622316570867,-0.001139496077473076,0.0005713137755654846,5,-0.6486847473871681,63891.0,159681.0,126794.0
2,OOOOWWWO,0.009252148826036812,0.0047948533338037,0.004861040802356361,-0.019774461442236393,0.928382394559783,-6.618746855266075e-05,0.004391108023680451,5,-0.9481568560020194,74804.0,254167.0,248374.0
2,OOOOWWWW,0.003272563870070885,0.003081253603799179,0.0032947386466000463,-0.09661627096100771,-0.009739713327443852,-0.00021348504280086725,-2.217477652916109e-05,4,-0.08687655763356386,50701.0,163332.0,87852.0
2,OOOWOOOO,0.0006189232880438437,0.0006784975823123532,0.000660039455504165,0.039732033284129144,-0.09264668323750894,1.845812680818814e-05,-4.111616746032133e-05,7,0.13237871652163807,10157.0,35966.0,16615.0
2,OOOWOOOW,0.0031164827038413514,0.0037972170204682116,0.004403425576831075,-0.213631536016118,-0.4985723199506049,-0.0006062085563628633,-0.0012869428729897236,6,0.2849407839344869,67762.0,201284.0,83662.0
2,OOOWOOWO,0.004311416271934666,0.0016168035587637746,0.004488489242013211,-1.472514882830448,-0.05805487619946776,-0.002871685683249436,-0.00017707297007854474,6,-1.4144600066309803,69071.0,85704.0,115740.0
2,OOOWOOWW,0.0025232625195441374,0.0010638900949370284,0.0036634561685583637,-1.7828945673882592,-0.5377371517477642,-0.0025995660736213354,-0.0011401936490142263,5,-1.2451574156404952,56375.0,56395.0,67737.0
2,OOOWOWOO,0.003375823295557345,0.005089241221586169,0.005731042597206195,-0.17131530507287673,-0.763382643804407,-0.0006418013756200255,-0.0023552193016488495,6,0.5920673387315303,88192.0,269772.0,90624.0
2,OOOWOWOW,0.0058117325132379365,0.010670160207944814,0.007953355218977528,0.4239001444531861,-0.45252846921543005,0.0027168049889672863,-0.002141622705739591,5,0.8764286136686161,122390.0,565607.0,156016.0
2,OOOWOWWO,0.004840788456490251,0.0003234965395510269,0.004370218905396337,-3.7517606299290938,0.14750441927878574,-0.004046722365845311,0.0004705695510939141,5,-3.8992650492078793,67251.0,17148.0,129951.0
2,OOOWOWWW,0.0020750599916029076,0.001358108197971657,0.0028482356340206313,-1.067914625647968,-0.4567268049601205,-0.0014901274360489742,-0.0007731756424177237,4,-0.6111878206878474,43830.0,71991.0,55705.0
2,OOOWWOOO,0.002831513510128718,0.0031071363453587784,0.003688214958806182,-0.24726406054571606,-0.3812310154989166,-0.0005810786134474036,-0.0008567014486774642,6,0.13396695495320052,56756.0,164704.0,76012.0
2,OOOWWOOW,0.0026920462341470056,0.0032414360809001684,0.004415512545298514,-0.44582947505320353,-0.7136686113344248,-0.0011740764643983453,-0.001723466311151508,5,0.2678391362812213,67948.0,171823.0,72268.0
2,OOOWWOWO,0.003194150778206167,0.002480932465381126,0.004162271060795242,-0.74625363246835,-0.381833478895289,-0.0016813385954141157,-0.0009681202825890748,5,-0.36442015357306096,64051.0,131510.0,85747.0
2,OOOWWOWW,0.0077927712963531725,0.0014702981863498911,0.005410218063207567,-1.8788637151259597,0.5263682163540366,-0.003939919876857676,0.002382553233145605,4,-2.4052319314799964,83255.0,77938.0,209197.0
2,OOOWWWOO,0.0025141360551703337,0.0029669130086149723,0.004362875747133861,-0.5561612180285332,-0.7949735802231067,-0.001395962738518889,-0.0018487396919635276,5,0.23881236219457347,67138.0,157271.0,67492.0
2,OOOWWWOW,0.004946953450226331,0.003587570586829854,0.005463894600595225,-0.606784372780629,-0.14336174376874478,-0.0018763240137653712,-0.0005169411503688943,4,-0.46342262901188425,84081.0,190171.0,132801.0
2,OOOWWWWO,0.0037560429766324887,0.0010171238293931167,0.002447546130954895,-1.2660123368948504,0.617672242111676,-0.0014304223015617784,0.0013084968456775936,4,-1.8836845790065264,37664.0,53916.0,100831.0
2,OOOWWWWW,0.001998658446987926,0.002574295211721109,0.003080942268869545,-0.259102016391832,-0.6240862369129346,-0.000506647057148436,-0.001082283821881619,3,0.36498422052110263,47411.0,136459.0,53654.0
2,OOWOOOOO,0.005276660944808098,0.019343463131572144,0.0033368480851317683,2.5349304899139162,0.6609803748425649,0.016006615046440374,0.0019398128596763296,7,1.8739501150713513,51349.0,1025364.0,141652.0
2,OOWOOOOW,0.0017243430035238955,0.002220482662194662,0.0014535554337616581,0.6109446024773245,0.24630492339644786,0.000766927228433004,0.00027078756976223737,6,0.3646396790808767,22368.0,117704.0,46290.0
2,OOWOOOWO,0.004633338333642454,0.004983559648541799,0.005780755128806144,-0.21404145041569628,-0.3191441353409592,-0.0007971954802643453,-0.0011474167951636902,6,0.10510268492526292,88957.0,264170.0,124382.0
2,OOWOOOWW,0.0037358530023851363,0.001506235957976011,0.00582845316566152,-1.9514552684459463,-0.641536744006682,-0.004322217207685509,-0.0020926001632763837,5,-1.3099185244392642,89691.0,79843.0,100289.0
2,OOWOOWOO,0.00037168923070126226,0.001052646571635628,0.0005577551094410011,0.9151029959149846,-0.5842429875561573,0.0004948914621946268,-0.00018606587873973887,6,1.4993459834711418,8583.0,55799.0,9978.0
2,OOWOOWOW,0.0035091069262898683,0.009850911069673151,0.005060215847263348,0.9609196023808267,-0.5279690235714142,0.0047906952224098034,-0.0015511089209734796,5,1.488888625952241,77869.0,522180.0,94202.0
2,OOWOOWWO,0.002239969615206284,0.0005164474729851243,0.004765384793839857,-3.2034111014753175,-1.0887723382794035,-0.004248937320854733,-0.002525415178633573,5,-2.114638763195914,73332.0,27376.0,60132.0
2,OOWOOWWW,0.0029924372901076165,0.00047102062045195,0.003590414488142229,-2.927630374333888,-0.2627491178913203,-0.003119393867690279,-0.0005979771980346126,4,-2.664881256442568,55251.0,24968.0,80332.0
2,OOWOWOOO,0.0006247716754180768,0.0017112038785627797,0.0009897667565997772,0.7892371316318885,-0.6629091036449297,0.0007214371219630025,-0.00036499508118170037,6,1.4521462352768182,15231.0,90708.0,16772.0
2,OOWOWOOW,0.002816985668880623,0.007958792109800928,0.003714078471978443,1.0993380671113087,-0.39872840979144264,0.004244713637822485,-0.00089709280309782,5,1.4980664769027512,57154.0,421882.0,75622.0
2,OOWOWOWO,0.002899645360494784,0.003921952215214619,0.004722950436800946,-0.2680540658978882,-0.7036199090697003,-0.0008009982215863272,-0.0018233050763061622,5,0.4355658431718121,72679.0,207896.0,77841.0
2,OOWOWOWW,0.0058671990661056635,0.002496741311902222,0.005684384299573824,-1.1866338039024802,0.045659941810468806,-0.0031876429876716017,0.00018281476653183963,4,-1.232293745712949,87474.0,132348.0,157505.0
2,OOWOWWOO,0.008239893548919543,0.01866787075494505,0.006083384226402176,1.617451497620196,0.43768951381068927,0.012584486528542875,0.002156509322517367,5,1.1797619838095066,93614.0,989552.0,221200.0
2,OOWOWWOW,0.005044401739213553,0.007386730699412233,0.004094623027598448,0.8510483457363917,0.3008862164091616,0.003292107671813785,0.0009497787116151046,4,0.5501621293272301,63010.0,391558.0,135417.0
2,OOWOWWWO,0.004068391563466532,0.0028934905376601905,0.004156097609158647,-0.522267182735734,-0.030763517464358164,-0.0012626070714984567,-8.770604569211492e-05,4,-0.49150366527137584,63956.0,153379.0,109216.0
2,OOWOWWWW,0.004937454477102576,0.005030420238945622,0.0050290236705731834,0.00040050360489756164,-0.026505577937909846,1.3965683724383865e-06,-9.156919347060727e-05,3,0.02690608154280741,77389.0,266654.0,132546.0
2,OOWWOOOO,0.002751237874514244,0.006762715156184518,0.001966796707717737,1.7812347199347534,0.4840239826904913,0.004795918448466781,0.000784441166796507,6,1.297210737244262,30266.0,358480.0,73857.0
2,OOWWOOOW,0.004053528464343481,0.00960511934971687,0.003089845035966529,1.635952408839207,0.39153281651655475,0.006515274313750341,0.0009636834283769519,5,1.2444195923226522,47548.0,509151.0,108817.0
2,OOWWOOWO,0.0055333567243994386,0.009514812728838005,0.007023893337312069,0.437850559514409,-0.34406068250214117,0.002490919391525936,-0.0014905366129126301,5,0.7819112420165502,108087.0,504364.0,148543.0
2,OOWWOOWW,0.004348480892554805,0.004876821637066426,0.005485664140576902,-0.16969226033974072,-0.3350860390908161,-0.0006088425035104764,-0.0011371832480220967,4,0.16539377875107536,84416.0,258512.0,116735.0
2,OOWWOWOO,0.004568000298901021,0.013619943821999934,0.0040341881852612544,1.7551188122008368,0.17924258024816717,0.00958575563673868,0.0005338121136397667,5,1.5758762319526696,62080.0,721970.0,122628.0
2,OOWWOWOW,0.00236453654118995,0.007491261509165688,0.0031544388351957445,1.2475605975841615,-0.4156732117751713,0.004336822673969943,-0.0007899022940057944,4,1.6632338093593328,48542.0,397099.0,63476.0
2,OOWWOWWO,0.005410764094790513,0.0017592152322575174,0.004928493884448841,-1.4856876846401206,0.13465942048384655,-0.0031692786521913237,0.00048227021034167195,4,-1.620347105123967,75842.0,93253.0,145252.0
2,OOWWOWWW,0.005425180183413624,0.004145690782923692,0.004604420165378322,-0.1513723133680919,0.23660417156228242,-0.0004587293824546302,0.0008207600180353018,3,-0.3879764849303743,70855.0,219756.0,145639.0
2,OOWWWOOO,0.004833971546366145,0.008578996928688236,0.004416357333417205,0.9577935902239639,0.13032385844748043,0.0041626395952710305,0.0004176142129489399,5,0.8274697317764835,67961.0,454758.0,129768.0
2,OOWWWOOW,0.001762860408268845,0.005647550067399828,0.003945680383902913,0.5172408986257112,-1.1619032987528808,0.0017018696834969153,-0.0021828199756340682,4,1.679144197378592,60718.0,299367.0,47324.0
2,OOWWWOWO,0.0017242685017739053,0.003231777215245274,0.0030180380458777133,0.09868515070229837,-0.8072680332711357,0.0002137391693675609,-0.001293769544103808,4,0.905953183973434,46443.0,171311.0,46288.0
2,OOWWWOWW,0.003675357581393069,0.004883990326419667,0.005938795490702977,-0.2820575540949984,-0.6921361620010887,-0.0010548051642833099,-0.002263437909309908,3,0.41007860790609035,91389.0,258892.0,98665.0
2,OOWWWWOO,0.009859114583207224,0.01112837151242084,0.005076526756324246,1.1321742824195418,0.9574784751790173,0.006051844756096594,0.004782587826882978,4,0.17469580724052447,78120.0,589896.0,264668.0
2,OOWWWWOW,0.005525757545900435,0.014072042875553723,0.005970247602198893,1.2368300045689529,-0.11159906822140381,0.00810179527335483,-0.0004444900562984577,3,1.3484290727903567,91873.0,745935.0,148339.0
2,OOWWWWWO,0.0015102249740519718,0.0021173667253398735,0.0027913099115610815,-0.39850670556236073,-0.8857406230005513,-0.0006739431862212079,-0.0012810849375091097,3,0.4872339174381906,42954.0,112238.0,40542.0
2,OOWWWWWW,0.0025227037564192105,0.007538103234597529,0.004199766656524877,0.8437402777450499,-0.7351100791768146,0.003338336578072652,-0.0016770629001056662,2,1.5788503569218646,64628.0,399582.0,67722.0
2,OWOOOOOO,0.0011378652276007974,0.0047293730160534305,0.001966016903300483,1.265944597247637,-0.78841232550833,0.0027633561127529474,-0.0008281516756996857,7,2.054356922755967,30254.0,250696.0,30546.0
2,OWOOOOOW,0.0005141738275575789,0.0006157149555555409,0.0005606143923042662,0.1350239250248702,-0.12452060568772567,5.510056325127471e-05,-4.644056474668726e-05,6,0.25954453071259587,8627.0,32638.0,13803.0
2,OWOOOOWO,0.0058460778199834335,0.00162289694471403,0.00507100314170203,-1.6430955595864642,0.20516015346293834,-0.0034481061969879995,0.0007750746782814039,6,-1.8482557130494026,78035.0,86027.0,156938.0
2,OWOOOOWW,0.001397727331566723,0.000342436971421171,0.0035659156327001625,-3.376559831783653,-1.350562342132526,-0.0032234786612789913,-0.0021681883011334395,5,-2.025997489651127,54874.0,18152.0,37522.0
2,OWOOOWOO,0.0009713910672476264,0.0010214627729490263,0.0014163197728377745,-0.47111697618345894,-0.5435567475378129,-0.00039485699988874826,-0.0004449287055901482,6,0.07243977135435398,21795.0,54146.0,26077.0
2,OWOOOWOW,0.0010669023107351024,0.0015991082150444568,0.0020615429444141116,-0.36625468053920107,-0.9496444795563157,-0.0004624347293696548,-0.0009946406336790092,5,0.5833897990171146,31724.0,84766.0,28641.0
2,OWOOOWWO,0.004159209196704624,9.028775590688212e-05,0.004584860071245531,-5.650627154512159,-0.14053625819527485,-0.004494572315338649,-0.0004256508745409072,5,-5.510090896316884,70554.0,4786.0,111654.0
2,OWOOOWWW,0.0014833298423054984,0.0005264270431637162,0.003063591620585641,-2.5386513863796436,-1.0458831190222022,-0.002537164577421925,-0.0015802617782801427,4,-1.4927682673574414,47144.0,27905.0,39820.0
2,OWOOWOOO,0.00085323129176312,0.0018017368791054306,0.001213700591754582,0.5695880899608423,-0.50790209954647,0.0005880362873508485,-0.000360469299991462,6,1.0774901895073123,18677.0,95507.0,22905.0
2,OWOOWOOW,0.0023022903290731123,0.0023073558581727634,0.0023269363810862597,-0.012185983885854762,-0.015355358271456272,-1.9580522913496302e-05,-2.464605201314739e-05,5,0.00316937438560151,35808.0,122309.0,61805.0
2,OWOOWOWO,0.003976307400478607,0.0029084693254140697,0.0038792670410334384,-0.4153999066838494,0.03563612782273977,-0.0009707977156193687,9.704035944516857e-05,5,-0.4510360345065892,59696.0,154173.0,106744.0
2,OWOOWOWW,0.007037621558452192,0.0018733671777219018,0.006228882733921505,-1.732801411103937,0.17608791213269737,-0.004355515556199603,0.0008087388245306866,4,-1.9088893232366342,95853.0,99304.0,188925.0
2,OWOOWWOO,0.005574854199143997,0.006668126186665691,0.0047352323563726985,0.49375788625402633,0.2354529768735442,0.0019328938302929921,0.0008396218427712985,5,0.2583049093804821,72868.0,353466.0,149657.0
2,OWOOWWOW,0.0032487978118240016,0.003485680873153909,0.002210160669602457,0.6570504644910864,0.5555461032356529,0.0012755202035514522,0.0010386371422215447,4,0.1015043612554335,34011.0,184770.0,87214.0
2,OWOOWWWO,0.007122032041191124,0.00316846636927296,0.006293866435359348,-0.9899358072710226,0.1783157127797142,-0.003125400066086388,0.0008281656058317759,4,-1.1682515200507368,96853.0,167955.0,191191.0
2,OWOOWWWW,0.00276286014751272,0.0040882092132938815,0.0031738689619256596,0.36512482834455634,-0.2000124313886948,0.0009143402513682218,-0.00041100881441293946,3,0.5651372597332511,48841.0,216709.0,74169.0
2,OWOWOOOO,0.001788712515515455,0.0012343351167963428,0.001212075999218636,0.026232525332863646,0.5610579254642576,2.2259117577706853e-05,0.000576636516296819,6,-0.5348254001313939,18652.0,65430.0,48018.0
2,OWOWOOOW,0.0029630463497364707,0.002594971221013617,0.0028048265214601527,-0.11215142313780267,0.0791421948830046,-0.00020985530044653582,0.000158219828276318,5,-0.19129361802080727,43162.0,137555.0,79543.0
2,OWOWOOWO,0.004524901036531672,0.001622802619854119,0.005148203779010187,-1.6649730882824938,-0.18614432677417378,-0.0035254011591560677,-0.0006233027424785145,5,-1.47882876150832,79223.0,86022.0,121471.0
2,OWOWOOWW,0.007691709672491424,0.002236951782735136,0.005426723923372779,-1.2781683877473624,0.5031445200409813,-0.003189772140637643,0.0022649857491186453,4,-1.7813129077883438,83509.0,118577.0,206484.0
2,OWOWOWOO,0.0026483137069027397,0.003249038664609001,0.00401053411793788,-0.30369718587646033,-0.5985353831240104,-0.0007614954533288784,-0.0013622204110351399,5,0.2948381972475501,61716.0,172226.0,71094.0
2,OWOWOWOW,0.0030879485335950927,0.003455893082393991,0.0026988381044150316,0.3566030846702818,0.19424293498197148,0.0007570549779789596,0.0003891104291800611,4,0.1623601496883103,41531.0,183191.0,82896.0
2,OWOWOWWO,0.003134251371214021,0.00033747548378984836,0.0028852763438402015,-3.0920861894761646,0.11937168092501928,-0.0025478008600503532,0.0002489750273738196,4,-3.211457870401184,44400.0,17889.0,84139.0
2,OWOWOWWW,0.004527769353906296,0.003065293837502225,0.004519421483897623,-0.5599613412040143,0.0026617703827230615,-0.0014541276463953985,8.347870008672438e-06,3,-0.5626231115867374,69547.0,162486.0,121548.0
2,OWOWWOOO,0.006545798255891682,0.0036999869548718744,0.004557956818850264,-0.3007936939891875,0.5220857774997063,-0.0008579698639783894,0.0019878414370414184,5,-0.8228794714888938,70140.0,196130.0,175722.0
2,OWOWWOOW,0.002691561972772069,0.002036586915312028,0.002256429065026201,-0.14781905449335309,0.25429889587843163,-0.00021984214971417296,0.000435132907745868,4,-0.4021179503717847,34723.0,107956.0,72255.0
2,OWOWWOWO,0.004184241784701341,0.0006664240002437355,0.002751799821086873,-2.0442242322417843,0.6044112673852874,-0.002085375820843138,0.0014324419636144682,4,-2.648635499627072,42346.0,35326.0,112326.0
2,OWOWWOWW,0.0024133724383085466,0.0008293796282261107,0.0026912350113468043,-1.696961396109629,-0.1571561098590341,-0.0018618553831206935,-0.0002778625730382577,3,-1.5398052862505949,41414.0,43964.0,64787.0
2,OWOWWWOO,0.00519344249006901,0.0038732805875005033,0.004991852993350737,-0.36593598721698367,0.0571044862180946,-0.001118572405850234,0.0002015894967182727,4,-0.4230404734350783,76817.0,205316.0,139418.0
2,OWOWWWOW,0.0022153467868345125,0.002108462458564268,0.0034439412251013324,-0.7076039564039672,-0.6362957346808403,-0.0013354787665370645,-0.00122859443826682,3,-0.0713082217231269,52997.0,111766.0,59471.0
2,OWOWWWWO,0.003298676733442461,0.001462393763089343,0.004054528083811299,-1.470571769510703,-0.29756509302500933,-0.002592134320721956,-0.0007558513503688382,3,-1.1730066764856937,62393.0,77519.0,88553.0
2,OWOWWWWW,0.004631140532017742,0.0033292713904493625,0.0035459656363587447,-0.09094560307178753,0.38509366988755084,-0.00021669424590938218,0.0010851748956589974,2,-0.47603927295933834,54567.0,176479.0,124323.0
2,OWWOOOOO,0.004139093724207261,0.009788071848000393,0.003454013698824198,1.5024806462299714,0.2609719973080835,0.006334058149176195,0.0006850800253830631,6,1.2415086489218878,53152.0,518849.0,111114.0
2,OWWOOOOW,0.0011177870059784303,0.0017069592598667812,0.0009052879447305821,0.9142321630381702,0.3038940034373164,0.000801671315136199,0.00021249906124784816,5,0.6103381596008539,13931.0,90483.0,30007.0
2,OWWOOOWO,0.0033807031601817052,0.0018333168422036588,0.00474361525385818,-1.3710482445524996,-0.4885410741089895,-0.0029102984116545208,-0.0013629120936764745,5,-0.8825071704435101,72997.0,97181.0,90755.0
2,OWWOOOWW,0.006306573136673051,0.0005092976486038648,0.004574592646418352,-3.1645477192298603,0.4631264111322491,-0.004065294997814487,0.001731980490254699,4,-3.6276741303621094,70396.0,26997.0,169300.0
2,OWWOOWOO,0.00022231322197084917,0.00037484699328661677,0.00038294895257320514,-0.03076904951775191,-0.7818458390332049,-8.101959286588366e-06,-0.00016063573060235597,5,0.751076789515453,5893.0,19870.0,5968.0
2,OWWOOWOW,0.0030814668813459426,0.0028731352328913804,0.0019990286236309072,0.5231072971802967,0.6240647466636287,0.0008741066092604732,0.0010824382577150353,4,-0.10095744948333196,30762.0,152300.0,82722.0
2,OWWOOWWO,0.003997354144850847,0.00019200768483498669,0.00358677540086171,-4.216359382203951,0.1563166824693437,-0.0033947677160267235,0.0004105787439891372,4,-4.3726760646732945,55195.0,10178.0,107309.0
2,OWWOOWWW,0.003910596856987223,0.0013190765709404537,0.005339190877536005,-2.0162696944927543,-0.4491336212228883,-0.004020114306595552,-0.0014285940205487823,3,-1.567136073269866,82162.0,69922.0,104980.0
2,OWWOWOOO,0.0006702922446621079,0.002157454790802081,0.0013500363973711752,0.6759323337532595,-1.0090536614880525,0.0008074183934309058,-0.0006797441527090673,5,1.684985995241312,20775.0,114363.0,17994.0
2,OWWOWOOW,0.0029681124687358064,0.004870784846032116,0.0033350935251929463,0.5462906861567298,-0.1681279913152655,0.00153569132083917,-0.0003669810564571399,4,0.7144186774719954,51322.0,258192.0,79679.0
2,OWWOWOWO,0.0034542736382970583,0.0012618025160024483,0.0034187925326448873,-1.4372797641055293,0.014891164203868197,-0.0021569900166424393,3.548110565217101e-05,4,-1.4521709283093975,52610.0,66886.0,92730.0
2,OWWOWOWW,0.003290593293568521,0.0010094646507683373,0.003809474545689196,-1.914951825464342,-0.2111845894395348,-0.0028000098949208588,-0.0005188812521206747,3,-1.7037672360248073,58622.0,53510.0,88336.0
2,OWWOWWOO,0.007101246052943849,0.013682481204120977,0.0064199997998502,1.0915654530324157,0.14547738877534205,0.007262481404270777,0.0006812462530936493,4,0.9460880642570737,98794.0,725285.0,190633.0
2,OWWOWWOW,0.0019700497749916774,0.006600117962669805,0.002435004276577392,1.4381937134131408,-0.30555245672763326,0.004165113686092414,-0.00046495450158571443,3,1.7437461701407742,37471.0,349861.0,52886.0
2,OWWOWWWO,0.006370756394289635,0.0022069564772834137,0.00491289779610376,-1.1541561171430228,0.3748232591622973,-0.002705941318820346,0.0014578585981858752,3,-1.52897937630532,75602.0,116987.0,171023.0
2,OWWOWWWW,0.0051161096735791506,0.005400758503928489,0.005311442837022047,0.02405373028804951,-0.054046257967486154,8.931566690644193e-05,-0.00019533316344289616,2,0.07809998825553566,81735.0,286285.0,137342.0
2,OWWWOOOO,4.622833586893831e-05,0.0005959067349742148,0.00013614085451227976,2.121847115343299,-1.5379338097516708,0.0004597658804619351,-8.991251864334145e-05,5,3.65978092509497,2095.0,31588.0,1241.0
2,OWWWOOOW,0.004758352270126061,0.010560592450672108,0.004341366141957935,1.2822740949423657,0.13228386452881857,0.006219226308714173,0.0004169861281681257,4,1.1499902304135472,66807.0,559799.0,127738.0
2,OWWWOOWO,0.005112161080829668,0.004986766693778776,0.0052409355209619875,-0.07170562404522898,-0.03588413151606219,-0.0002541688271832116,-0.00012877444013231938,4,-0.03582149252916679,80650.0,264340.0,137236.0
2,OWWWOOWW,0.003163158050210231,0.0013646354782775036,0.0029897051520508143,-1.1309132407024676,0.08133597956297334,-0.0016250696737733106,0.0001734528981594168,3,-1.212249220265441,46007.0,72337.0,84915.0
2,OWWWOWOO,0.005766919710618813,0.010476039646247819,0.005561435136453426,0.913442618943181,0.05233447461875057,0.004914604509794393,0.0002054845741653868,4,0.8611081443244304,85582.0,555317.0,154813.0
2,OWWWOWOW,0.0019436016537451451,0.006159186972529488,0.003129485093843613,0.976587908240602,-0.6869115782813772,0.003029701878685875,-0.0011858834400984679,3,1.6634994865219792,48158.0,326488.0,52176.0
2,OWWWOWWO,0.003568261315782112,0.00041472754405701975,0.0028502501287652046,-2.7778843645901827,0.3240309223738139,-0.002435522584708185,0.0007180111870169073,3,-3.1019152869639965,43861.0,21984.0,95790.0
2,OWWWOWWW,0.0014457437094354268,0.0017341625494651355,0.002003642466432994,-0.20827413060660863,-0.4705355797835519,-0.0002694799169678586,-0.0005578987569975673,2,0.2622614491769433,30833.0,91925.0,38811.0
2,OWWWWOOO,0.003995305346726116,0.004398368217653483,0.0023028274278528204,0.9332637034925937,0.7946341664316906,0.0020955407898006623,0.0016924779188732956,4,0.13862953706090309,35437.0,233150.0,107254.0
2,OWWWWOOW,0.002573588451662538,0.006621925870281245,0.00391266866357249,0.7589470897448108,-0.6041797849272488,0.0027092572067087557,-0.0013390802119099517,3,1.3631268746720595,60210.0,351017.0,69088.0
2,OWWWWOWO,0.010880421822948304,0.0031009109046046474,0.005070418288389089,-0.7092320233680527,1.1014059016250375,-0.0019695073837844414,0.005810003534559216,3,-1.8106379249930902,78026.0,164374.0,292085.0
2,OWWWWOWW,0.004275320174064398,0.001270631322890125,0.0036782074687847542,-1.5327145729349838,0.2169748421932056,-0.0024075761458946295,0.000597112705279644,2,-1.7496894151281894,56602.0,67354.0,114771.0
2,OWWWWWOO,0.003767143737381033,0.005192998567488352,0.003578067584869039,0.5372618291587409,0.07427021123114247,0.0016149309826193133,0.00018907615251199418,3,0.4629916179275984,55061.0,275272.0,101129.0
2,OWWWWWOW,0.004473792836038374,0.00977135748282415,0.00523664659666709,0.8997879208123128,-0.22709782576618945,0.00453471088615706,-0.0007628537606287162,2,1.1268857465785023,80584.0,517963.0,120099.0
2,OWWWWWWO,0.0052255527443147995,0.003898484190068743,0.005393582235639479,-0.46822793760450415,-0.04565153185505702,-0.0014950980455707362,-0.00016802949132467982,2,-0.4225764057494471,82999.0,206652.0,140280.0
2,OWWWWWWW,0.0021297815269707325,0.0043037037882467264,0.0025287107740507605,0.7669415188108684,-0.24758977020338277,0.001774993014195966,-0.000398929247080028,1,1.014531289014251,38913.0,228132.0,57174.0
2,WOOOOOOO,0.009338608106900475,0.012235349203365246,0.0034023516561811134,1.8461450518665408,1.4564057877006342,0.008832997547184133,0.005936256450719361,7,0.38973926416590654,52357.0,648575.0,250695.0
2,WOOOOOOW,0.0021496734942181243,0.0011638178515268223,0.001060339056361274,0.13421875639462197,1.01890290319085,0.00010347879516554837,0.0010893344378568503,6,-0.8846841467962281,16317.0,61692.0,57708.0
2,WOOOOOWO,0.006184241263189091,0.0012699710488707475,0.005344259606248157,-2.0723288499034496,0.21056985261729927,-0.0040742885573774095,0.000839981656940934,6,-2.282898702520749,82240.0,67319.0,166016.0
2,WOOOOOWW,0.010573623616488533,0.00019510154024006998,0.005617256135988533,-4.840449626306314,0.9124120108232475,-0.005422154595748463,0.0049563674805,5,-5.752861637129562,86441.0,10342.0,283849.0
2,WOOOOWOO,0.006599998279009575,0.004247052277384134,0.0027863711502518055,0.6078964041702763,1.243779105760154,0.0014606811271323287,0.0038136271287577696,6,-0.6358827015898776,42878.0,225129.0,177177.0
2,WOOOOWOW,0.006212067666810443,0.004882198154081356,0.0043735330741696676,0.1586972861304674,0.5061767310288988,0.0005086650799116885,0.0018385345926407752,5,-0.3474794448984314,67302.0,258797.0,166763.0
2,WOOOOWWO,0.003469658249670041,0.00011607617260657034,0.003610624419289398,-4.947128478705365,-0.0574385593919338,-0.003494548246682828,-0.00014096616961935694,5,-4.889689919313431,55562.0,6153.0,93143.0
2,WOOOOWWW,0.006368782097914893,0.0010080686428416534,0.005511527653749163,-2.4496896695414287,0.20853003256828526,-0.00450345901090751,0.0008572544441657302,4,-2.658219702109714,84814.0,53436.0,170970.0
2,WOOOWOOO,0.0001860308697256067,0.0005105616017266731,0.00021685061169808,1.2315688141265118,-0.22006275542470466,0.00029371099002859316,-3.081974197247331e-05,6,1.4516315695512163,3337.0,27064.0,4994.0
2,WOOOWOOW,0.00835119916340495,0.0063413848719337225,0.005191417940466352,0.28861891517957783,0.6857496029845642,0.0011499669314673708,0.0031597812229385977,5,-0.3971306878049864,79888.0,336146.0,224188.0
2,WOOOWOWO,0.0034694347444200703,0.001497558070864192,0.003922741137295355,-1.3886548740987466,-0.1771134633362977,-0.002425183066431163,-0.00045330639287528493,5,-1.211541410762449,60365.0,79383.0,93137.0
2,WOOOWOWW,0.008252856853417844,0.00101442613839966,0.006184108963630832,-2.606713708996772,0.41626940639569027,-0.005169682825231172,0.0020687478897870124,4,-3.0229831153924622,95164.0,53773.0,221548.0
2,WOOOWWOO,0.006075319704703374,0.00831818869103411,0.0066954007265437755,0.3130569755028016,-0.14018808530982527,0.0016227879644903354,-0.0006200810218404016,5,0.45324506081262683,103032.0,440933.0,163092.0
2,WOOOWWOW,0.002872861981373296,0.006032697335388735,0.005050143373540482,0.2564323369392423,-0.8136192150210227,0.0009825539618482527,-0.0021772813921671864,4,1.070051551960265,77714.0,319783.0,77122.0
2,WOOOWWWO,0.006563157163639406,0.0009905242188981932,0.006553281371499214,-2.7247176911108624,0.002172173006551902,-0.005562757152601021,9.87579214019145e-06,4,-2.7268898641174144,100845.0,52506.0,176188.0
2,WOOOWWWW,0.003167367399084679,0.0018057739831096246,0.004198466982496121,-1.216790180637209,-0.4064665875396897,-0.002392692999386496,-0.0010310995834114417,3,-0.8103235930975192,64608.0,95721.0,85028.0
2,WOOWOOOO,0.0017589118155193627,0.002659395100332882,0.001679633731063912,0.6626351739548072,0.06649779601260863,0.00097976136926897,7.927808445545078e-05,6,0.5961373779421986,25847.0,140970.0,47218.0
2,WOOWOOOW,0.00476446141362526,0.0038691868885803627,0.003737537588197504,0.04992919643789298,0.3501418708524353,0.00013164930038285852,0.001026923825427756,5,-0.30021267441454236,57515.0,205099.0,127902.0
2,WOOWOOWO,0.004274016393439569,0.00177958940199831,0.0056506577585275835,-1.6663192304496108,-0.4027441522330484,-0.0038710683565292736,-0.0013766413650880141,5,-1.2635750782165625,86955.0,94333.0,114736.0
2,WOOWOOWW,0.004163306792954086,0.0006398055247768298,0.004451383548492203,-2.796619387050483,-0.09650151948911442,-0.003811578023715373,-0.0002880767555381164,4,-2.7001178675613686,68500.0,33915.0,111764.0
2,WOOWOWOO,0.0031471029230873363,0.004465697302658008,0.004255262737552794,0.06962127934909114,-0.43510450199419937,0.00021043456510521415,-0.0011081598144654578,5,0.5047257813432905,65482.0,236719.0,84484.0
2,WOOWOWOW,0.007044848228201245,0.007569532277919899,0.006066228529222586,0.3193570853012651,0.21573574546894975,0.0015033037486973135,0.0009786196989786588,4,0.10362133983231536,93350.0,401248.0,189119.0
2,WOOWOWWO,0.0037350334831352436,0.0004493070377004203,0.00574202484274919,-3.6728298720658628,-0.6203034175915929,-0.00529271780504877,-0.0020069913596139463,4,-3.05252645447427,88361.0,23817.0,100267.0
2,WOOWOWWW,0.005117152698079014,0.0018340148461670007,0.005148268762711624,-1.4885758373999067,-0.008744382363297382,-0.0033142539165446233,-3.111606463261033e-05,3,-1.4798314550366094,79224.0,97218.0,137370.0
2,WOOWWOOO,0.006102810850449769,0.0067680350782835024,0.006250912208708934,0.114652673472781,-0.03458726417854166,0.0005171228695745687,-0.00014810135825916483,5,0.14923993765132265,96192.0,358762.0,163830.0
2,WOOWWOOW,0.002715998546768865,0.004277179637639732,0.004727434312200157,-0.14436549333545864,-0.799348760910754,-0.0004502546745604255,-0.0020114357654312924,4,0.6549832675752953,72748.0,226726.0,72911.0
2,WOOWWOWO,0.0010729742033593062,0.00036820652314887697,0.0021976837989263914,-2.5741401917647617,-1.0336807991539012,-0.0018294772757775145,-0.0011247095955670852,4,-1.5404593926108605,33819.0,19518.0,28804.0
2,WOOWWOWW,0.0014601225471835414,0.0005112596056900151,0.002220038192221009,-2.1162871637428133,-0.6041570163449699,-0.0017087785865309941,-0.0007599156450374678,3,-1.5121301473978435,34163.0,27101.0,39197.0
2,WOOWWWOO,0.004737640783628777,0.004007618052985858,0.0058916823071605414,-0.5558195261720504,-0.31445118761776447,-0.0018840642541746834,-0.0011540415235317646,4,-0.24136833855428597,90664.0,212437.0,127182.0
2,WOOWWWOW,0.0026563226450266896,0.003816629076637911,0.004255457688657108,-0.15697635303740945,-0.6796798827388785,-0.00043882861201919665,-0.001599135043630418,3,0.522703529701469,65485.0,202313.0,71309.0
2,WOOWWWWO,0.0032032772425799705,0.0009399283640418919,0.0031037515480742276,-1.7223210289483466,0.045521154857775976,-0.002163823184032336,9.95256945057429e-05,3,-1.7678421838061227,47762.0,49824.0,85992.0
2,WOOWWWWW,0.0037958641620022674,0.0033296675548609893,0.003458952460133474,-0.054940854367890896,0.1340561701776486,-0.0001292849052724845,0.0003369117018687936,2,-0.1889970245455395,53228.0,176500.0,101900.0
2,WOWOOOOO,0.00475943254550092,0.013827552838664213,0.002407711121973498,2.5213169001417652,0.9828312858238917,0.011419841716690714,0.0023517214235274217,6,1.5384856143178736,37051.0,732975.0,127767.0
2,WOWOOOOW,0.00026820629996483146,0.0007211324189921596,0.0004088124657454664,0.8172995423378094,-0.6062516968731095,0.00031231995324669325,-0.00014060616578063492,5,1.4235512392109189,6291.0,38226.0,7200.0
2,WOWOOOWO,0.007001748965831896,0.001961994816094349,0.005336591529478491,-1.4431325414850755,0.3917324663466256,-0.0033745967133841422,0.0016651574363534044,5,-1.8348650078317013,82122.0,104002.0,187962.0
2,WOWOOOWW,0.006207709314436014,0.00042157552888656387,0.00424635997045581,-3.329285255408415,0.5477270031911702,-0.0038247844415692464,0.001961349343980204,4,-3.877012258599585,65345.0,22347.0,166646.0
2,WOWOOWOO,3.326503137063812e-05,0.0009339481679235297,0.00018884263637836994,2.3000823456959414,-2.4699951278036365,0.0007451055315451597,-0.00015557760500773182,5,4.770077473499578,2906.0,49507.0,893.0
2,WOWOOWOW,0.004197652099699583,0.0033707177338942896,0.002222572556577085,0.6006042834327453,0.9170467699105087,0.0011481451773172045,0.001975079543122498,4,-0.3164424864777634,34202.0,178676.0,112686.0
2,WOWOOWWO,0.0021313460637205272,3.278732130509008e-05,0.0025916799807440298,-6.261818355821957,-0.2820025470317709,-0.0025588926594389398,-0.00046033391702350254,4,-5.979815808790185,39882.0,1738.0,57216.0
2,WOWOOWWW,0.0008214935462672817,0.0006175071278938513,0.0036479900476161574,-2.5606350895349914,-2.149420952237344,-0.0030304829197223063,-0.0028264965013488756,3,-0.4112141372976472,56137.0,32733.0,22053.0
2,WOWOWOOO,0.0009088468481308274,0.001982067146283426,0.0006920114366115834,1.5167824616358332,0.3927445600645381,0.0012900557096718426,0.000216835411519244,5,1.1240379015712951,10649.0,105066.0,24398.0
2,WOWOWOOW,0.0019442349186200622,0.006902749843208502,0.0029682605305763263,1.217276504869397,-0.6101592901379664,0.003934489312632176,-0.0010240256119562641,4,1.8274357950073634,45677.0,365903.0,52193.0
2,WOWOWOWO,0.006665373564626003,0.0023471609490552377,0.006399854852404468,-1.4467332961082955,0.05863757022915584,-0.00405269390334923,0.00026551871222153453,4,-1.5053708663374514,98484.0,124419.0,178932.0
2,WOWOWOWW,0.002877443838997695,0.0010125773711454028,0.00464360533734534,-2.1960997920135785,-0.6902669484805017,-0.0036310279661999375,-0.0017661614983476453,3,-1.5058328435330768,71458.0,53675.0,77245.0
2,WOWOWWOO,0.0032806473099448253,0.009498362473269514,0.0046929279667366625,1.0170349913474837,-0.516375506630672,0.004805434506532851,-0.0014122806567918372,4,1.5334104979781555,72217.0,503492.0,88069.0
2,WOWOWWOW,0.003414228947677309,0.005862705072856993,0.002603312063301403,1.170910211287383,0.39107996543039997,0.00325939300955559,0.0008109168843759059,3,0.779830245856983,40061.0,310772.0,91655.0
2,WOWOWWWO,0.004330116211182213,0.0014819756040068822,0.006089752629143084,-2.0381256471128797,-0.491881628875341,-0.0046077770251362025,-0.001759636417960871,3,-1.5462440182375388,93712.0,78557.0,116242.0
2,WOWOWWWW,0.004981596763971788,0.0031610524352839496,0.005246004249674139,-0.7306326668185417,-0.07459613541781628,-0.0020849518143901897,-0.0002644074857023511,2,-0.6560365314007254,80728.0,167562.0,133731.0
2,WOWWOOOO,0.0004704413003133134,0.003755544297359498,0.0008332860035374528,2.1707921674597555,-0.8234638916258802,0.0029222582938220453,-0.0003628447032241394,5,2.9942560590856355,12823.0,199075.0,12629.0
2,WOWWOOOW,0.0017702360815178779,0.011194776213798236,0.004167404773208832,1.42538727255098,-1.2347388610103873,0.0070273714405894045,-0.0023971686916909535,4,2.6601261335613673,64130.0,593416.0,47522.0
2,WOWWOOWO,0.0039828263036027515,0.004771234388881967,0.004863640150413875,-0.027668186278054147,-0.28817834249189545,-9.240576153190811e-05,-0.0008808138468111232,4,0.2605101562138413,74844.0,252915.0,106919.0
2,WOWWOOWW,0.0037965719286271746,0.001833769601531232,0.0024061515131389897,-0.39172804195088645,0.6577503385183565,-0.0005723819116077577,0.001390420415488185,3,-1.049478380469243,37027.0,97205.0,101919.0
2,WOWWOWOO,0.0025098522045458958,0.008200810835360768,0.0026787581406707383,1.6138396727445585,-0.09392568709195828,0.005522052694690029,-0.00016890593612484258,4,1.7077653598365168,41222.0,434711.0,67377.0
2,WOWWOWOW,0.0027429681802653284,0.008223203557103657,0.0033911744595338045,1.27766560347514,-0.30594661785701033,0.004832029097569852,-0.0006482062792684761,3,1.5836122213321502,52185.0,435898.0,73635.0
2,WOWWOWWO,0.009356414025148141,0.0010611358090276248,0.004653092957755265,-2.131531779637949,1.0076098614071727,-0.0035919571487276402,0.004703321067392876,3,-3.139141641045122,71604.0,56249.0,251173.0
2,WOWWOWWW,0.003187147613707085,0.0020957097375042906,0.0040963126038358316,-0.9665508145289177,-0.36195953843978673,-0.002000602866331541,-0.0009091649901287464,2,-0.604591276089131,63036.0,111090.0,85559.0
2,WOWWWOOO,0.0022788222778261894,0.004981993855867275,0.0027284706722706877,0.8683915995119316,-0.25969983128874574,0.0022535231835965875,-0.0004496483944444983,4,1.1280914308006773,41987.0,264087.0,61175.0
2,WOWWWOOW,0.0038140798398748786,0.005351502062082925,0.0019333950851786862,1.4683309622459642,0.97983076512568,0.0034181069769042387,0.0018806847546961923,3,0.48850019712028414,29752.0,283674.0,102389.0
2,WOWWWOWO,0.0021548886167174403,0.0028150311191861574,0.0028522646235097774,-0.018950277713396,-0.4043309109563607,-3.723350432361999e-05,-0.0006973760067923371,3,0.3853806332429647,43892.0,149220.0,57848.0
2,WOWWWOWW,0.004309777233434881,0.0028337074414485504,0.00366839492986764,-0.37234233921460863,0.23240582336767052,-0.0008346874884190897,0.0006413823035672406,2,-0.6047481625822791,56451.0,150210.0,115696.0
2,WOWWWWOO,0.00555630326339643,0.014143956148749927,0.006499149948201491,1.1217427998586156,-0.226088028565515,0.007644806200548435,-0.0009428466848050614,3,1.3478308284241305,100012.0,749747.0,149159.0
2,WOWWWWOW,0.004149374965705914,0.00979937196621774,0.004499471487556206,1.1227603548265161,-0.11683446925611558,0.005299900478661535,-0.0003500965218502924,2,1.2395948240826318,69240.0,519448.0,111390.0
2,WOWWWWWO,0.00390154489436341,0.0025128142680310695,0.0033061757780531065,-0.39572166667207426,0.23881550134005475,-0.000793361510022037,0.0005953691163103035,2,-0.634537168012129,50877.0,133200.0,104737.0
2,WOWWWWWW,0.005312459035678404,0.004840393376168767,0.00310427141768573,0.6407029484096409,0.774931980850897,0.001736121958483037,0.002208187617992674,1,-0.13422903244125606,47770.0,256581.0,142613.0
2,WWOOOOOO,0.0012056618200919076,0.0051070497551373795,0.0016819731443156742,1.601760422376899,-0.47999075336037,0.0034250766108217053,-0.00047631132422376664,6,2.081751175737269,25883.0,270716.0,32366.0
2,WWOOOOOW,0.0003033711259602205,0.0007976676103240069,0.0004999845988627593,0.6728289537457741,-0.7189347484793552,0.0002976830114612476,-0.0001966134729025388,5,1.3917637022251292,7694.0,42283.0,8144.0
2,WWOOOOWO,0.0039029976784882192,0.0005230879431228641,0.004721780730175065,-3.171755730799898,-0.2746843604239451,-0.004198692787052201,-0.0008187830516868454,5,-2.897071370375953,72661.0,27728.0,104776.0
2,WWOOOOWW,0.004802718062245244,0.0002554317206391943,0.005504964299903941,-4.424348615996694,-0.19684377618886056,-0.005249532579264747,-0.0007022462376586975,4,-4.227504839807834,84713.0,13540.0,128929.0
2,WWOOOWOO,0.000822275814642179,0.0005748911561860271,0.0006012941894043555,-0.06467217357414531,0.4509075040080423,-2.640303321832841e-05,0.00022098162523782351,5,-0.5155796775821876,9253.0,30474.0,22074.0
2,WWOOOWOW,0.0049301160547285386,0.004918720739838925,0.004205355254848531,0.22600572512265926,0.2293435068678118,0.0007133654849903939,0.0007247607998800074,4,-0.003337781745152535,64714.0,260733.0,132349.0
2,WWOOOWWO,0.0025208784635444496,0.00043542241832150984,0.0029940590600471494,-2.77878733441399,-0.2480857022409133,-0.0025586366417256396,-0.0004731805965026998,4,-2.530701632173077,46074.0,23081.0,67673.0
2,WWOOOWWW,0.0018268946623854485,0.00020474154092298195,0.00307717321418615,-3.9031693964443606,-0.7518914835238765,-0.0028724316732631682,-0.0012502785518007016,3,-3.151277912920484,47353.0,10853.0,49043.0
2,WWOOWOOO,0.00011927730173435976,0.0008585260099386332,0.00018487863059066156,2.2091803761156243,-0.6279965129532051,0.0006736473793479716,-6.560132885630179e-05,5,2.8371768890688296,2845.0,45509.0,3202.0
2,WWOOWOOW,0.0016495804974086987,0.0022366688081554027,0.0026135145044271445,-0.22454655140489785,-0.6635695744950304,-0.00037684569627174187,-0.0009639340070184458,4,0.4390230230901325,40218.0,118562.0,44283.0
2,WWOOWOWO,0.006624397602131376,0.0016269906436341707,0.004767009386375803,-1.5502946677237308,0.4746199599939673,-0.003140018742741632,0.0018573882157555729,4,-2.024914627717698,73357.0,86244.0,177832.0
2,WWOOWOWW,0.005019667158216796,0.0003577175987267653,0.0050828301753637175,-3.824995407192209,-0.018036752451973104,-0.004725112576636952,-6.316301714692166e-05,3,-3.806958654740236,78217.0,18962.0,134753.0
2,WWOOWWOO,0.0012289808678388498,0.0028667400073894094,0.00250161257055118,0.19647926888025438,-1.0247990898529453,0.00036512743683822946,-0.0012726317027123301,4,1.2212783587331997,38496.0,151961.0,32992.0
2,WWOOWWOW,0.004253006899942325,0.00569167523686623,0.003972908554805369,0.5185481227968192,0.09826369879396747,0.001718766682060861,0.0002800983451369558,3,0.4202844240028517,61137.0,301706.0,114172.0
2,WWOOWWWO,0.006986252601833927,0.000950624803155808,0.004839661164583311,-2.346739332538444,0.5295211849326186,-0.0038890363614275027,0.0021465914372506166,3,-2.8762605174710623,74475.0,50391.0,187546.0
2,WWOOWWWW,0.0008540508110130126,0.0020989356477132495,0.002790984993053892,-0.41094606972375686,-1.707209127900946,-0.0006920493453406425,-0.0019369341820408793,2,1.2962630581771892,42949.0,111261.0,22927.0
2,WWOWOOOO,0.0007111192036567545,0.0014187213529505147,0.0009202341960612858,0.6239679316062106,-0.3714492064982909,0.0004984871568892289,-0.00020911499240453132,5,0.9954171381045014,14161.0,75204.0,19090.0
2,WWOWOOOW,0.0029552236659874964,0.004325360776082309,0.0027113799587925353,0.6735946870110661,0.12419613706486558,0.0016139808172897737,0.0002438437071949611,4,0.5493985499462005,41724.0,229280.0,79333.0
2,WWOWOOWO,0.006933244606715878,0.0018186398940014954,0.004507529466534498,-1.3090039808052267,0.6210817780515158,-0.0026888895725330026,0.0024257151401813797,4,-1.9300857588567424,69364.0,96403.0,186123.0
2,WWOWOOWW,0.0031333573502141383,0.0004210473096710619,0.003897657428540348,-3.207500759051712,-0.3148077201812144,-0.003476610118869286,-0.0007643000783262095,3,-2.892693038870498,59979.0,22319.0,84115.0
2,WWOWOWOO,0.0018259633905105706,0.0023082425118559273,0.002989770135752252,-0.373097342330821,-0.7110693073355182,-0.0006815276238963247,-0.0011638067452416814,4,0.33797196500469723,46008.0,122356.0,49018.0
2,WWOWOWOW,0.0041176372202100745,0.005319582529489017,0.004556072291508567,0.2234769522751941,-0.14594020141757863,0.0007635102379804498,-0.0004384350712984923,3,0.3694171536927727,70111.0,281982.0,110538.0
2,WWOWOWWO,0.00472579500538033,0.00010421010522975696,0.0026758338741060357,-4.669182422746662,0.8203346910979961,-0.002571623768876279,0.0020499611312742947,3,-5.4895171138446575,41177.0,5524.0,126864.0
2,WWOWOWWW,0.00493872100685241,0.0008880874210347644,0.003868349779191881,-2.1216939639797965,0.3523384107964618,-0.0029802623581571164,0.0010703712276605294,2,-2.4740323747762583,59528.0,47076.0,132580.0
2,WWOWWOOO,0.0024243241955571107,0.00271915933157254,0.005344844459561097,-0.974726703265318,-1.1402402554379238,-0.0026256851279885573,-0.0029205202640039864,4,0.16551355217260588,82249.0,144138.0,65081.0
2,WWOWWOOW,0.002860047680374976,0.0018988348898978924,0.003434908490601472,-0.8548175705030984,-0.26414807244877087,-0.0015360736007035798,-0.0005748608102264961,3,-0.5906694980543274,52858.0,100654.0,76778.0
2,WWOWWOWO,0.003901209636488454,0.0014050442482634086,0.00416565021327001,-1.5672459953161786,-0.09459670688142621,-0.0027606059650066017,-0.000264440576781556,3,-1.4726492884347524,64103.0,74479.0,104728.0
2,WWOWWOWW,0.0036426513131473572,0.0009613778371856706,0.003973233473312558,-2.0460013048639176,-0.1252917247079988,-0.003011855636126887,-0.0003305821601652008,2,-1.9207095801559189,61142.0,50961.0,97787.0
2,WWOWWWOO,0.003062543436848424,0.0030066237746375355,0.0033866256004331553,-0.17165032640967978,-0.14507313027217542,-0.00038000182579561986,-0.00032408216358473154,3,-0.026577196137504366,52115.0,159376.0,82214.0
2,WWOWWWOW,0.008059934571818141,0.003935138830630187,0.005236581612965652,-0.41211971279495063,0.622046292869789,-0.0013014427823354645,0.002823352958852489,2,-1.0341660056647397,80583.0,208595.0,216369.0
2,WWOWWWWO,0.004742073637753195,0.0012015855254352173,0.005295131927961148,-2.1387995613051705,-0.15911679358567055,-0.004093546402525931,-0.0005530582902079527,2,-1.9796827677195,81484.0,63694.0,127301.0
2,WWOWWWWW,0.003199663907705444,0.0035075453756812968,0.002494594330795893,0.49148958356973405,0.3589877544785504,0.0010129510448854038,0.000705069576909551,1,0.13250182909118363,38388.0,185929.0,85895.0
2,WWWOOOOO,0.007713501434363567,0.023338328463498023,0.006306668224542602,1.8875843680662254,0.2904661444832335,0.017031660238955422,0.001406833209820965,5,1.597118223582992,97050.0,1237125.0,207069.0
2,WWWOOOOW,0.001047122096112696,0.0013005888983978829,0.0012858974840520248,0.016376719891655817,-0.2960903444304776,1.4691414345858024e-05,-0.00023877538793932876,4,0.31246706432213345,19788.0,68942.0,28110.0
2,WWWOOOWO,0.001895510774126451,0.0008130991574054589,0.002946036104684584,-1.85598830450467,-0.6359171676510201,-0.002132936947279125,-0.0010505253305581328,4,-1.2200711368536497,45335.0,43101.0,50885.0
2,WWWOOOWW,0.004299309737561253,0.0003685838225885213,0.004845054811802652,-3.7128372089859414,-0.17237014636425477,-0.0044764709892141305,-0.0005457450742413989,3,-3.5404670626216865,74558.0,19538.0,115415.0
2,WWWOOWOO,0.0004097596249462703,0.0007876125802574861,0.0006340459749290281,0.3124556837316086,-0.6285666604398473,0.00015356660532845799,-0.0002242863499827578,4,0.9410223441714559,9757.0,41750.0,11000.0
2,WWWOOWOW,0.0015816721522926033,0.0052003559065614165,0.00314976000869222,0.7231878893568486,-0.9933374346872809,0.0020505958978691966,-0.0015680878563996165,3,1.7165253240441296,48470.0,275662.0,42460.0
2,WWWOOWWO,0.00346127680279614,5.3614250373455704e-05,0.0023537746497800886,-5.43016775191744,0.556132068607484,-0.0023001603994066326,0.0011075021530160514,3,-5.986299820524924,36221.0,2842.0,92918.0
2,WWWOOWWW,0.003799253991626823,0.00047845341941294285,0.005348938432751682,-3.480059724768791,-0.49342644410394376,-0.004870485013338739,-0.0015496844411248588,2,-2.9866332806648472,82312.0,25362.0,101991.0
2,WWWOWOOO,0.00037463204982587635,0.0015939769426652941,0.0008185347033110626,0.9606586213734418,-1.125484879302005,0.0007754422393542315,-0.00044390265348518624,4,2.0861435006754467,12596.0,84494.0,10057.0
2,WWWOWOOW,0.005124900880077997,0.006586629507702521,0.0044474845264059325,0.566445485154169,0.20449164725571184,0.002139144981296588,0.0006774163536720649,3,0.3619538378984572,68440.0,349146.0,137578.0
2,WWWOWOWO,0.004562934179901685,0.0008775041717527417,0.004127634747928872,-2.232543749521824,0.14461319372205433,-0.0032501305761761306,0.00043529943197281266,3,-2.3771569432438784,63518.0,46515.0,122492.0
2,WWWOWOWW,0.0038936849597394404,0.0011338791409910467,0.00481860644531745,-2.0863766792737435,-0.3074087113889843,-0.003684727304326403,-0.0009249214855780096,2,-1.7789679678847592,74151.0,60105.0,104526.0
2,WWWOWWOO,0.004044811759594624,0.0077503718993414145,0.003674438414101359,1.0765353246659468,0.13851284891454738,0.004075933485240055,0.00037037334549326487,3,0.9380224757513994,56544.0,410834.0,108583.0
2,WWWOWWOW,0.003429986067800243,0.008010293483312376,0.0028419971986825983,1.4946225178843415,0.2712105900862178,0.005168296284629777,0.0005879888691176448,2,1.2234119277981237,43734.0,424612.0,92078.0
2,WWWOWWWO,0.00646269155377758,0.0005737592578670942,0.006004104110648009,-3.3851595539058157,0.10616909638944037,-0.005430344852780915,0.0004585874431295711,2,-3.491328650295256,92394.0,30414.0,173491.0
2,WWWOWWWW,0.003960885538230629,0.0029267872132088006,0.004497781911318822,-0.6197237259764601,-0.1833472303748903,-0.0015709946981100212,-0.0005368963730881925,1,-0.43637649560156977,69214.0,155144.0,106330.0
2,WWWWOOOO,0.00046794549168864064,0.0018243182505681423,0.0006330062357060226,1.5255790897755501,-0.4350767904214016,0.0011913120148621197,-0.00016506074401738196,4,1.9606558801969518,9741.0,96704.0,12562.0
2,WWWWOOOW,0.003575450734656169,0.005360708168410246,0.0032834964662512996,0.7070204838593056,0.12285635527366931,0.0020772117021589467,0.0002919542684048696,3,0.5841641285856363,50528.0,284162.0,95983.0
2,WWWWOOWO,0.0015710184020440003,0.0021003505206119155,0.0032650410950429525,-0.6362261096073595,-1.0549248378795066,-0.001164690574431037,-0.0016940226929989522,3,0.41869872827214716,50244.0,111336.0,42174.0
2,WWWWOOWW,0.006343898513418157,0.0007588246330126257,0.004852722888572318,-2.6753533546043644,0.38650534466142666,-0.004093898255559692,0.001491175624845839,2,-3.061858699265791,74676.0,40224.0,170302.0
2,WWWWOWOO,0.006034828003583684,0.013004002486780606,0.0052307330798362466,1.3137058328357338,0.20626275834043892,0.0077732694069443595,0.000804094923747437,3,1.107443074495295,80493.0,689320.0,162005.0
2,WWWWOWOW,0.0019797722533654023,0.005130442320395326,0.0032154585308458786,0.6738912999823727,-0.699410077875849,0.0019149837895494478,-0.0012356862774804763,2,1.3733013778582217,49481.0,271956.0,53147.0
2,WWWWOWWO,0.004542595202154352,9.636227688515543e-05,0.001873740047258747,-4.267183847285033,1.277143743632935,-0.0017773777703735916,0.0026688551548956054,2,-5.544327590917968,28834.0,5108.0,121946.0
2,WWWWOWWW,0.002033339011608378,0.002428714222934354,0.003918062310791831,-0.6897218735928639,-0.945948394561325,-0.0014893480878574766,-0.0018847232991834524,1,0.2562265209684611,60293.0,128742.0,54585.0
2,WWWWWOOO,0.005087612754207887,0.004598582165300733,0.002705336474558816,0.765161591517902,0.9109311872585026,0.0018932456907419168,0.0023822762796490713,3,-0.14576959574060067,41631.0,243763.0,136577.0
2,WWWWWOOW,0.00512732218695268,0.009357195887926597,0.004856296992151399,0.9460767273549204,0.07833320166462511,0.0045008988957751985,0.00027102519480128127,2,0.8677435256902953,74731.0,496009.0,137643.0
2,WWWWWOWO,0.002580330860036654,0.0010640976096288326,0.0032207871943637817,-1.596875553617136,-0.319746134655347,-0.002156689584734949,-0.0006404563343271278,2,-1.277129418961789,49563.0,56406.0,69269.0
2,WWWWWOWW,0.004588711785398305,0.0022117859101108608,0.004656732045035784,-1.073763769754919,-0.02122408373991524,-0.0024449461349249236,-6.802025963747928e-05,1,-1.0525396860150038,71660.0,117243.0,123184.0
2,WWWWWWOO,0.005931307821972257,0.00854096514517209,0.00456770437406594,0.9027829177028843,0.3768083663639612,0.0039732607711061504,0.0013636034479063168,2,0.5259745513389231,70290.0,452742.0,159226.0
2,WWWWWWOW,0.00472922208587988,0.008796076161287587,0.0043878944721874305,1.0031665202772133,0.10805033823320379,0.004408181689100157,0.00034132761369244993,1,0.8951161820440096,67523.0,466265.0,126956.0
2,WWWWWWWO,0.004288469732937675,0.0035509348112403917,0.0059269034733398515,-0.7389168516886873,-0.46672264395675284,-0.00237596866209946,-0.001638433740402177,1,-0.2721942077319344,91206.0,188229.0,115124.0
2,WWWWWWWW,0.031013551235058348,0.05100786584439285,0.03587769651493709,0.5076205459022918,-0.21018222762535294,0.01513016932945576,-0.0048641452798787385,0,0.7178027735276447,552103.0,2703840.0,832559.0
3,OOOOOOOO,0.0024748109337681384,0.00584990215306003,0.002140650362704173,1.4499361209279178,0.20917817613605352,0.0037092517903558565,0.0003341605710639652,8,1.2407579447918642,62105.0,90346.0,9078.0
3,OOOOOOOW,0.003850705490138241,0.0014084416757063041,0.0016089087453555332,-0.19185513541894308,1.2585184815600456,-0.00020046706964922906,0.0022417967447827076,7,-1.4503736169789887,46678.0,21752.0,14125.0
3,OOOOOOWO,0.0008380225611812356,0.0034762324495974783,0.0028915066142321936,0.2656192547294564,-1.7855387481799276,0.0005847258353652847,-0.002053484053050958,7,2.051158002909384,83889.0,53687.0,3074.0
3,OOOOOOWW,0.005434061064419508,0.003237110754655249,0.006283423211005876,-0.9566280074328288,-0.20948409468483187,-0.003046312456350627,-0.0008493621465863674,6,-0.747143912747997,182296.0,49994.0,19933.0
3,OOOOOWOO,0.0003361359199533063,0.0006838893425344789,0.00032376022634055706,1.076495955625772,0.05395539136665571,0.00036012911619392183,1.237569361274923e-05,7,1.0225405642591163,9393.0,10562.0,1233.0
3,OOOOOWOW,0.0019691076640898065,0.002356316707458078,0.0033091583402588653,-0.4897546306054875,-0.7486257560523696,-0.0009528416328007873,-0.0013400506761690589,6,0.25887112544688207,96006.0,36391.0,7223.0
3,OOOOOWWO,0.0063154296201446015,0.0028191496008908045,0.004106960341629944,-0.5426505583928379,0.6206870474049221,-0.0012878107407391392,0.0022084692785146577,6,-1.16333760579776,119152.0,43539.0,23166.0
3,OOOOOWWW,0.0074203435565361265,0.0035123629412784326,0.006519806435986557,-0.8921977761966685,0.18662999999740737,-0.0030074434947081246,0.0009005371205495693,5,-1.0788277761940759,189154.0,54245.0,27219.0
3,OOOOWOOO,0.0006488268365684258,0.0016242533760156602,0.000802386277971024,1.0164989258253803,-0.30603849465759597,0.0008218670980446362,-0.00015355944140259823,7,1.3225374204829763,23279.0,25085.0,2380.0
3,OOOOWOOW,0.004577227977304146,0.005539037474636622,0.007658361508538595,-0.46732839759781664,-0.7424348276876394,-0.002119324033901973,-0.0030811335312344486,6,0.2751064300898227,222186.0,85545.0,16790.0
3,OOOOWOWO,0.008415938349455409,0.008796155974685086,0.005156932024243171,0.770244431283061,0.7065027900884038,0.003639223950441915,0.0032590063252122374,6,0.0637416411946572,149614.0,135848.0,30871.0
3,OOOOWOWW,0.0032722136635843758,0.0018409715761162947,0.00542199282915735,-1.5578384636289786,-0.7283814832873908,-0.0035810212530410553,-0.0021497791655729743,5,-0.8294569803415878,157304.0,28432.0,12003.0
3,OOOOWWOO,0.009629080964047633,0.007256012829303046,0.007700757450026818,-0.08581186882326874,0.32236023811819337,-0.0004447446207237714,0.0019283235140208155,6,-0.4081721069414621,223416.0,112062.0,35321.0
3,OOOOWWOW,0.0020154524381304083,0.006041044109049594,0.004318319620659039,0.4842326393617969,-1.0989846994883026,0.0017227244883905547,-0.0023028671825286308,5,1.5832173388500994,125284.0,93298.0,7393.0
3,OOOOWWWO,0.0035731820785304016,0.004412517234017907,0.005009063252711074,-0.18289998654294176,-0.48721568670081516,-0.0005965460186931667,-0.001435881174180672,5,0.3043157001578734,145324.0,68147.0,13107.0
3,OOOOWWWW,0.0032343199953982367,0.0023897924497502886,0.0034476517491203963,-0.5285435585122851,-0.09212403855150451,-0.0010578592993701077,-0.00021333175372215954,4,-0.43641951996078054,100024.0,36908.0,11864.0
3,OOOWOOOO,0.0013284593170579575,0.0011175199926910216,0.0007486158155957159,0.5773677469019257,0.8266163329911038,0.00036890417709530574,0.0005798435014622417,7,-0.2492485860891781,21719.0,17259.0,4873.0
3,OOOWOOOW,0.003189883535582836,0.0025864381544726148,0.004502655795520031,-0.7995721902277835,-0.4971406171416931,-0.0019162176410474165,-0.0013127722599371953,6,-0.30243157308609037,130632.0,39945.0,11701.0
3,OOOWOOWO,0.0026490127608972238,0.004915495118207249,0.004325937102828874,0.18428406075794837,-0.7073468427656088,0.0005895580153783752,-0.0016769243419316503,6,0.8916309035235571,125505.0,75915.0,9717.0
3,OOOWOOWW,0.002006456099640174,0.0021863479965933737,0.003754763813071675,-0.7799235752494211,-0.903737901478004,-0.0015684158164783013,-0.001748307713431501,5,0.1238143262285829,108934.0,33766.0,7360.0
3,OOOWOWOO,0.0017717334499404197,0.004620494186131214,0.00568257276220692,-0.2984387421691583,-1.680822482944236,-0.0010620785760757064,-0.0039108393122665,6,1.3823837407750776,164864.0,71359.0,6499.0
3,OOOWOWOW,0.005939764334097841,0.009189835884040288,0.008178349454303914,0.1682099742867548,-0.46133754379475655,0.001011486429736374,-0.002238585120206073,5,0.6295475180815113,237272.0,141928.0,21788.0
3,OOOWOWWO,0.002432010171860053,0.003734779140067103,0.004400147234555822,-0.2364704708138473,-0.855137284125423,-0.0006653680944887189,-0.0019681370626957687,5,0.6186668133115757,127658.0,57680.0,8921.0
3,OOOWOWWW,0.00040374476678900777,0.0007190485844390635,0.002984708749016061,-2.051907280686411,-2.882989107595663,-0.0022656601645769975,-0.002580963982227053,4,0.8310818269092519,86593.0,11105.0,1481.0
3,OOOWWOOO,0.002208192174875735,0.0024988314246440647,0.0036732464133809035,-0.5556175735791198,-0.733929461657788,-0.0011744149887368389,-0.0014650542385051687,6,0.17831188807866827,106569.0,38592.0,8100.0
3,OOOWWOOW,0.003483491309945943,0.0018537273231792838,0.0044449214849568,-1.2612753691246301,-0.35153441367121707,-0.0025911941617775157,-0.0009614301750108566,5,-0.909740955453413,128957.0,28629.0,12778.0
3,OOOWWOWO,0.0021555772255237573,0.0031397267770779096,0.004144565197047547,-0.40047036562371224,-0.9428254300331533,-0.0010048384199696373,-0.0019889879715237896,5,0.542355064409441,120243.0,48490.0,7907.0
3,OOOWWOWW,0.0014576794517358709,0.0031712600198173803,0.005553627057241518,-0.8081790220966726,-1.9290271685635023,-0.002382367037424138,-0.004095947605505647,4,1.1208481464668298,161123.0,48977.0,5347.0
3,OOOWWWOO,0.005912230085991365,0.004924042116239303,0.004637840252850774,0.08637189661438731,0.3501822488592951,0.0002862018633885289,0.0012743898331405911,5,-0.2638103522449078,134554.0,76047.0,21687.0
3,OOOWWWOW,0.0034515952007532933,0.0026421878916362378,0.005653067944390726,-1.097010237058016,-0.7116080245584497,-0.003010880052754488,-0.0022014727436374323,4,-0.3854022124995662,164008.0,40806.0,12661.0
3,OOOWWWWO,0.0030102293820960324,0.0017450120982109643,0.0025014984207856476,-0.5193056031286345,0.26698345171525184,-0.0007564863225746833,0.0005087309613103848,4,-0.7862890548438863,72574.0,26950.0,11042.0
3,OOOWWWWW,0.0023518609744016005,0.0018976278130711961,0.0033233937254902772,-0.8081341356972571,-0.49867518094364865,-0.001425765912419081,-0.0009715327510886767,3,-0.30945895475360846,96419.0,29307.0,8627.0
3,OOWOOOOO,0.012341885943330156,0.013985219779903146,0.003357689629377092,2.058035691110626,1.8777093667470282,0.010627530150526053,0.008984196313953063,7,0.18032632436359775,97414.0,215988.0,45272.0
3,OOWOOOOW,0.000704440565417148,0.0012474084627842013,0.0014685885195030465,-0.2353222189738177,-1.0588158176892921,-0.0002211800567188452,-0.0007641479540858986,6,0.8234935987154745,42607.0,19265.0,2584.0
3,OOWOOOWO,0.0062797168825015496,0.005110198323376836,0.005706252446599123,-0.1591348070757026,0.1381328594919703,-0.0005960541232222869,0.0005734644359024262,6,-0.2972676665676729,165551.0,78922.0,23035.0
3,OOWOOOWW,0.0017998129306826666,0.00334245898039882,0.005796662653528888,-0.7941299727124743,-1.6868230691041772,-0.0024542036731300685,-0.0039968497228462215,5,0.8926930963917029,168174.0,51621.0,6602.0
3,OOWOOWOO,0.002059343665310037,0.0006137651086805837,0.0005717592499241095,0.10210643353491557,1.8468842409951103,4.200585875647415e-05,0.0014875844153859276,6,-1.7447778074601947,16588.0,9479.0,7554.0
3,OOWOOWOW,0.004402753533857174,0.006646326969683215,0.005013440719840346,0.406685518736678,-0.18735507296452406,0.0016328862498428687,-0.000610687185983172,5,0.594040591701202,145451.0,102646.0,16150.0
3,OOWOOWWO,0.006073346329861928,0.004577176446105123,0.004855817434941446,-0.08523819084328761,0.32271790906813214,-0.00027864098883632286,0.0012175288949204822,5,-0.40795609991141973,140878.0,70690.0,22278.0
3,OOWOOWWW,0.006176940530658567,0.001122894241453601,0.003576838731801585,-1.6705820763222976,0.7880376229978223,-0.002453944490347984,0.002600101798856982,4,-2.4586196993201197,103772.0,17342.0,22658.0
3,OOWOWOOO,0.0011872440643930647,0.0006651765968430886,0.001024465181230069,-0.622301929875433,0.21255268779262076,-0.00035928858438698036,0.00016277888316299578,6,-0.8348546176680538,29722.0,10273.0,4355.0
3,OOWOWOOW,0.0019595660929638,0.004170935039642207,0.0038572723740358844,0.11276170034360584,-0.9766847161734318,0.00031366266560632237,-0.0018977062810720843,5,1.0894464165170377,111908.0,64416.0,7188.0
3,OOWOWOWO,0.005269128192098543,0.004401315486597109,0.0049223756162534455,-0.16138527254780058,0.09819024434274823,-0.0005210601296563363,0.0003467525758450978,5,-0.2595755168905488,142809.0,67974.0,19328.0
3,OOWOWOWW,0.0044845384292229425,0.0048679686291502235,0.005794732431802595,-0.2513747870444002,-0.36970982048365636,-0.0009267638026523714,-0.0013101940025796524,4,0.11833503343925617,168118.0,75181.0,16450.0
3,OOWOWWOO,0.015439079930831788,0.01167675331142755,0.006265982278979013,0.897919921357645,1.3008374024629594,0.005410771032448537,0.009173097651852775,5,-0.40291748110531445,181790.0,180336.0,56633.0
3,OOWOWWOW,0.002518156928311995,0.004914847618356336,0.004158972923504521,0.2408660575230038,-0.7236331420734439,0.0007558746948518151,-0.0016408159951925255,4,0.9644991995964477,120661.0,75905.0,9237.0
3,OOWOWWWO,0.004435194875685596,0.002508349672452488,0.004325937102828874,-0.786032628435194,0.035976592792098375,-0.0018175874303763863,0.00010925777285672195,4,-0.8220092212272924,125505.0,38739.0,16269.0
3,OOWOWWWW,0.0029464371637107334,0.002762687613891177,0.005312280404964655,-0.9430082983961452,-0.8501417953475098,-0.002549592791073478,-0.002365843241253921,3,-0.09286650304863542,154121.0,42667.0,10808.0
3,OOWWOOOO,0.0036347933663726135,0.006703436456533756,0.002103734872188817,1.6714775587420867,0.7886316966343065,0.004599701584344939,0.0015310584941837964,6,0.8828458621077802,61034.0,103528.0,13333.0
3,OOWWOOOW,0.0036266148768360367,0.0057199489329817586,0.0030253812782486656,0.9186607097217653,0.26142754454830436,0.002694567654733093,0.0006012335985873711,5,0.6572331651734609,87773.0,88339.0,13303.0
3,OOWWOOWO,0.00937363947418855,0.009253161369459594,0.007045826324646543,0.3931285981240394,0.4117895510271955,0.002207335044813051,0.002327813149542008,5,-0.018660952903156114,204415.0,142906.0,34384.0
3,OOWWOOWW,0.002322963644705696,0.0025978341518486867,0.005488033986792665,-1.078687702971624,-1.2399647722746079,-0.002890199834943978,-0.003165070342086969,4,0.1612770693029839,159220.0,40121.0,8521.0
3,OOWWOWOO,0.00201599767076618,0.010523491326966122,0.004179619402326834,1.3319618926266716,-1.0515072905216005,0.006343871924639288,-0.002163621731560654,5,2.3834691831482724,121260.0,162525.0,7395.0
3,OOWWOWOW,0.0026631888094272903,0.0050390380897614795,0.0032063050968435323,0.6520730392921822,-0.26766526860334944,0.0018327329929179472,-0.000543116287416242,4,0.9197383078955317,93022.0,77823.0,9769.0
3,OOWWOWWO,0.007386811749436162,0.00421982127838615,0.004888631204288429,-0.21220191263546262,0.5954214497373462,-0.0006688099259022787,0.0024981805451477325,4,-0.8076233623728089,141830.0,65171.0,27096.0
3,OOWWOWWW,0.0043853060895124776,0.004556067950965355,0.004981695466091847,-0.12882051872480785,-0.18391991055400167,-0.0004256275151264923,-0.0005963893765793694,3,0.05509939182919382,144530.0,70364.0,16086.0
3,OOWWWOOO,0.005116735670400329,0.007558719009604948,0.004478596960431592,0.7549636757460144,0.19213669895648294,0.0030801220491733557,0.0006381387099687365,5,0.5628269767895315,129934.0,116737.0,18769.0
3,OOWWWOOW,0.0007995836603593247,0.0054097317544092634,0.003999178139163541,0.4357594705118196,-2.3209401724686787,0.0014105536152457226,-0.003199594478804216,4,2.7566996429804984,116025.0,83548.0,2933.0
3,OOWWWOWO,0.0035306539329402024,0.0057137329344129914,0.0030824262239096496,0.8901517509516602,0.19580965225103958,0.002631306710503342,0.00044822770903055285,4,0.6943420987006206,89428.0,88243.0,12951.0
3,OOWWWOWW,0.0059092313064946205,0.0039463173413604325,0.005910304457664395,-0.582604019331285,-0.00026193379707984733,-0.0019639871163039625,-1.0731511697744875e-06,3,-0.5823420855342052,171471.0,60947.0,21676.0
3,OOWWWWOO,0.007289760340268783,0.007551985011155451,0.005317829792427747,0.505938053774623,0.4549604083725811,0.002234155218727704,0.0019719305478410358,4,0.05097764540204186,154282.0,116633.0,26740.0
3,OOWWWWOW,0.006722991015384011,0.007075360370898275,0.0062836644887216625,0.1711717932196064,0.09748206944020558,0.0007916958821766124,0.0004393265266623486,3,0.07368972377940082,182303.0,109272.0,24661.0
3,OOWWWWWO,0.004325603115895467,0.005293181781244895,0.0029932913420490427,0.8221931308709393,0.5310201855628887,0.0022998904391958526,0.001332311773846424,3,0.2911729453080506,86842.0,81748.0,15867.0
3,OOWWWWWW,0.0019426638812548747,0.004956805608695509,0.004604164777375981,0.10644892739513465,-1.2444740237492071,0.0003526408313195275,-0.002661500896121107,2,1.3509229511443417,133577.0,76553.0,7126.0
3,OWOOOOOO,0.00542533734224716,0.002630727144275075,0.001980648768892519,0.409308639926984,1.4532774600288345,0.0006500783753825563,0.003444688573354641,7,-1.0439688201018504,57463.0,40629.0,19901.0
3,OWOOOOOW,6.897192842513097e-05,0.0011781259787364935,0.0005658996482550055,1.0565525860931588,-3.0182452160432023,0.000612226330481488,-0.0004969277198298745,6,4.074797802136361,16418.0,18195.0,253.0
3,OWOOOOWO,0.0066202146635410295,0.007314352565870322,0.004934784184493901,0.5676480827005287,0.4238165895795805,0.0023795683813764203,0.0016854304790471283,6,0.14383149312094817,143169.0,112963.0,24284.0
3,OWOOOOWW,0.006893103597744809,0.0033370847316362405,0.0035573986415582044,-0.09220756687663902,0.9541348358409644,-0.00022031390992196392,0.0033357049561866044,5,-1.0463424027176034,103208.0,51538.0,25285.0
3,OWOOOWOO,0.0012027831945125606,0.0011689962308386178,0.0014325002668703877,-0.29303829100936274,-0.2519665919987367,-0.0002635040360317699,-0.00022971707235782714,6,-0.04107169901062602,41560.0,18054.0,4412.0
3,OWOOOWOW,0.00246472413000636,0.0017183998543384336,0.0020244234401852377,-0.23631846383495475,0.28378784422185355,-0.0003060235858468041,0.00044030068982112234,5,-0.5201063080568082,58733.0,26539.0,9041.0
3,OWOOOWWO,0.005533838636765745,0.0011407652373388042,0.0046118167277909294,-2.01438193048558,0.2628932834413893,-0.0034710514904521253,0.0009220219089748159,5,-2.277275213926969,133799.0,17618.0,20299.0
3,OWOOOWWW,0.0035159326517743643,0.0010050492685874058,0.0032071323347262295,-1.6730326948348981,0.1325840541808677,-0.0022020830661388237,0.00030880031704813484,4,-1.8056167490157657,93046.0,15522.0,12897.0
3,OWOOWOOO,0.0006131140989253738,0.00197260829580694,0.0012554024234829948,0.6515370540159681,-1.032720000740615,0.0007172058723239451,-0.0006422883245576211,6,1.684257054756583,36422.0,30465.0,2249.0
3,OWOOWOOW,0.002250175087830162,0.0019773350447186058,0.002248191287454789,-0.18511958635947307,0.0012719049563418392,-0.00027085624273618346,1.983800375372855e-06,5,-0.1863914913158149,65225.0,30538.0,8254.0
3,OWOOWOWO,0.002494984541291694,0.004395746987879256,0.0040544996725689056,0.11655683674453812,-0.7002706788814378,0.00034124731531035013,-0.0015595151312772114,5,0.8168275156259759,117630.0,67888.0,9152.0
3,OWOOWOWW,0.007861981991511273,0.0021327350089377643,0.0064790649702637275,-1.6026272606031358,0.27906827230997727,-0.004346329961325963,0.0013829170212475454,4,-1.881695532913113,187972.0,32938.0,28839.0
3,OWOOWWOO,0.0014797613734846282,0.0037676073825084,0.004638495149507909,-0.29993632450244107,-1.6476286585637256,-0.0008708877669995089,-0.0031587337760232807,5,1.3476923340612845,134573.0,58187.0,5428.0
3,OWOOWWOW,0.002970427399684692,0.002021624034521066,0.0022089664245169044,-0.1277962746934198,0.4271316810202734,-0.0001873423899958382,0.0007614609751677875,4,-0.5549279557136932,64087.0,31222.0,10896.0
3,OWOOWWWO,0.0074320660582052195,0.004823938639288128,0.006518117491976051,-0.43416608155106456,0.1892807527028981,-0.001694178852687923,0.0009139485662291681,4,-0.6234468342539626,189105.0,74501.0,27262.0
3,OWOOWWWW,0.0010986437610801495,0.0017703940923667603,0.003202134439184935,-0.8545991383584822,-1.542448124782482,-0.0014317403468181748,-0.0021034906781047854,3,0.6878489864239997,92901.0,27342.0,4030.0
3,OWOWOOOO,0.0012038736597841041,0.00154305689471115,0.0012394091577508518,0.3159098310617174,-0.04193420551917734,0.0003036477369602981,-3.553549796674765e-05,6,0.3578440365808947,35958.0,23831.0,4416.0
3,OWOWOOOW,0.008383224391309101,0.0022299894865449206,0.002728230537134864,-0.29081054874604934,1.6191830652840362,-0.0004982410505899432,0.005654993854174237,5,-1.9099936140300855,79152.0,34440.0,30751.0
3,OWOWOOWO,0.010976896039675488,0.004166726290611272,0.005150417525916932,-0.30570894240095436,1.091560200880428,-0.0009836912353056605,0.005826478513758556,5,-1.3972691432813824,149425.0,64351.0,40265.0
3,OWOWOOWW,0.007680692140117154,0.002949426570894532,0.005578133979516418,-0.919117643714312,0.46138294875783753,-0.0026287074086218864,0.002102558160600736,4,-1.3805005924721496,161834.0,45551.0,28174.0
3,OWOWOWOO,0.0068380351015318586,0.005489115236131217,0.004069700168663464,0.4315594690523401,0.7485158317538402,0.001419415067467753,0.0027683349328683944,5,-0.31695636270150007,118071.0,84774.0,25083.0
3,OWOWOWOW,0.0023278707384276416,0.003040659299888196,0.0028523162195394206,0.0922189211658119,-0.29300907637876994,0.00018834308034877548,-0.000524445481111779,4,0.3852279975445818,82752.0,46960.0,8539.0
3,OWOWOWWO,0.0023210553304804944,0.0005451301244837888,0.003064812950657225,-2.4889530358946197,-0.4008673294406555,-0.002519682826173436,-0.0007437576201767306,4,-2.088085706453964,88917.0,8419.0,8514.0
3,OWOWOWWW,0.0016299729646397552,0.0029171810783190566,0.004653523304376905,-0.6735640131022292,-1.5129005531020825,-0.0017363422260578487,-0.00302355033973715,3,0.8393365399998532,135009.0,45053.0,5979.0
3,OWOWWOOO,0.0023415015543219366,0.004308205008035797,0.0044647062576513045,-0.05146662211990742,-0.9308383524591117,-0.0001565012496155078,-0.002123204703329368,5,0.8793717303392043,129531.0,66536.0,8589.0
3,OWOWWOOW,0.0017027615215152888,0.001194831474890053,0.0024140869511806596,-1.014061042852006,-0.503351718683601,-0.0012192554762906066,-0.0007113254296653708,4,-0.5107093241684051,70038.0,18453.0,6246.0
3,OWOWWOWO,0.0013273688517864137,0.00258028690588894,0.0028304288838930615,-0.1334397909858578,-1.0918744952014994,-0.00025014197800412143,-0.0015030600321066477,4,0.9584347042156416,82117.0,39850.0,4869.0
3,OWOWWOWW,0.001549005918227645,0.0025195514198732855,0.002720681991455253,-0.11075912238928658,-0.8122247843693239,-0.0002011305715819674,-0.001171676073227608,3,0.7014656619800373,78933.0,38912.0,5682.0
3,OWOWWWOO,0.007851077338795837,0.003976296584457711,0.0050368791265167625,-0.34102836100651407,0.640257874649092,-0.0010605825420590513,0.002814198212279074,4,-0.981286235655606,146131.0,61410.0,28799.0
3,OWOWWWOW,0.003595536616597045,0.0033850644705889056,0.003525343173603694,-0.05856343805856698,0.028435411927469203,-0.0001402787030147885,7.019344299335085e-05,3,-0.08699884998603619,102278.0,52279.0,13189.0
3,OWOWWWWO,0.001786182114788372,0.0036449061607603567,0.004055326910451603,-0.15389649834480712,-1.1824872745096,-0.00041042074969124603,-0.0022691447956632305,3,1.0285907761647928,117654.0,56292.0,6552.0
3,OWOWWWWW,0.005111283344042611,0.002698131878755135,0.003857685992977233,-0.5156141787715071,0.4058581517355636,-0.001159554114222098,0.0012535973510653777,2,-0.9214723305070707,111920.0,41670.0,18749.0
3,OWWOOOOO,0.0028611082562124486,0.009424036580115577,0.0034295214521912858,1.458070329577933,-0.26134964664271504,0.0059945151279242916,-0.0005684131959788371,6,1.719419976220648,99498.0,145545.0,10495.0
3,OWWOOOOW,0.0027370678315743672,0.0009651632777711553,0.0008921415882436537,0.11337811790742519,1.6161973810472992,7.302168952750155e-05,0.0018449262433307134,5,-1.502819263139874,25883.0,14906.0,10040.0
3,OWWOOOWO,0.0019227628900492044,0.005167696310137924,0.004586172353427321,0.17219532366550647,-1.2536741214223939,0.0005815239567106036,-0.0026634094633781165,5,1.4258694450879004,133055.0,79810.0,7053.0
3,OWWOOOWW,0.00432205910376295,0.0020895467688818565,0.004522750782420547,-1.1136391329805786,-0.06546689159623037,-0.00243320401353869,-0.0002006916786575965,4,-1.0481722413843482,131215.0,32271.0,15854.0
3,OWWOOWOO,4.770785563003131e-05,0.0005119133821319437,0.0004630464048396725,0.14444612965354206,-3.2520427078465293,4.88669772922712e-05,-0.0004153385492096412,5,3.3964888375000712,13434.0,7906.0,175.0
3,OWWOOWOW,0.0016163421487454606,0.0017347168505814452,0.001957692917647676,-0.17435961219616944,-0.27626631748048536,-0.000222976067066231,-0.0003413507689022156,4,0.10190670528431592,56797.0,26791.0,5929.0
3,OWWOOWWO,0.0013641720547010094,0.002809307603156924,0.003560569720108543,-0.34178518252778833,-1.3834304446397805,-0.0007512621169516189,-0.002196397665407534,4,1.041645262111992,103300.0,43387.0,5004.0
3,OWWOOWWW,0.006544154710850865,0.001381958931803956,0.0051870572704713885,-1.9074360904394725,0.3352328887728646,-0.0038050983386674325,0.0013570974403794766,3,-2.242668979212337,150488.0,21343.0,24005.0
3,OWWOWOOO,0.0016125255202950582,0.0022957107214126066,0.001300038800903523,0.8199051675558443,0.3105524081459995,0.0009956719205090835,0.0003124867193915351,5,0.5093527594098448,37717.0,35455.0,5915.0
3,OWWOWOOW,0.002967973852823719,0.003931813344699977,0.0033470044733922553,0.23226026061188249,-0.1733370676822001,0.0005848088713077217,-0.0003790306205685365,4,0.40559732829408257,97104.0,60723.0,10887.0
3,OWWOWOWO,0.0033482736162745398,0.0031831740170741828,0.003501766893946828,-0.13757579903962716,-0.06464674055352093,-0.00031859287687264516,-0.00015349327767228815,4,-0.07292905848610623,101594.0,49161.0,12282.0
3,OWWOWOWW,0.002546781641690014,0.0018003733354640394,0.0038684400854522944,-1.1030276095987015,-0.6028831847247406,-0.002068066749988255,-0.0013216584437622803,3,-0.5001444248739609,112232.0,27805.0,9342.0
3,OWWOWWOO,0.004503076338839183,0.007244228332016427,0.006449249938241522,0.16767609271170147,-0.5181237844282994,0.000794978393774905,-0.0019461735994023384,4,0.6857998771400009,187107.0,111880.0,16518.0
3,OWWOWWOW,0.0004667191362206491,0.0025168319204994503,0.0026293066736623417,-0.06304903831410066,-2.4915166551653445,-0.00011247475316289142,-0.0021625875374416924,3,2.428467616851244,76282.0,38870.0,1712.0
3,OWWOWWWO,0.009907694840927015,0.002570315408184877,0.0050945100323446565,-0.9867199714372766,0.9594684807989956,-0.0025241946241597794,0.004813184808582359,3,-1.9461884522362722,147803.0,39696.0,36343.0
3,OWWOWWWW,0.001727842222760791,0.0057949941657025935,0.005718764419574916,0.019100414842792228,-1.7261495157704965,7.622974612767758e-05,-0.003990922196814125,2,1.7452499306132887,165914.0,89498.0,6338.0
3,OWWWOOOO,0.000433732561756456,0.00013383821918375004,0.0001612079823905872,-0.266615338729917,1.422283340943277,-2.7369763206837154e-05,0.0002725245793658688,5,-1.688898679673194,4677.0,2067.0,1591.0
3,OWWWOOOW,0.00322614150586166,0.003753621385728676,0.004428238854322409,-0.23839136475384565,-0.456801959662182,-0.000674617468593733,-0.001202097348460749,4,0.21841059490833636,128473.0,57971.0,11834.0
3,OWWWOOWO,0.001627792034096668,0.006223574317022014,0.005307696128364708,0.2296176148168466,-1.7045551526716638,0.0009158781886573052,-0.0036799040942680403,4,1.9341727674885103,153988.0,96117.0,5971.0
3,OWWWOOWW,0.0026277486881021244,0.0017139321053671328,0.0031177906433949485,-0.8628352506214939,-0.24661048648860423,-0.0014038585380278157,-0.0004900419552928241,3,-0.6162247641328897,90454.0,26470.0,9639.0
3,OWWWOWOO,0.00490954726880705,0.006891340913268755,0.005540873806549939,0.31462020308049954,-0.1744900413007574,0.0013504671067188162,-0.000631326537742889,4,0.48911024438125694,160753.0,106430.0,18009.0
3,OWWWOWOW,0.001742563503926629,0.006445861015840501,0.003199066765369933,1.010494876146638,-0.8760630946531659,0.0032467942504705682,-0.0014565032614433041,3,1.886557970799804,92812.0,99550.0,6392.0
3,OWWWOWWO,0.0004310063985775971,0.0021285262599068286,0.0029987373247767984,-0.4943036547527491,-2.7957115892572335,-0.0008702110648699697,-0.0025677309261992014,3,2.301407934504484,87000.0,32873.0,1581.0
3,OWWWOWWW,0.004695543459266624,0.0013059424493067511,0.002161572587487386,-0.7265529440866149,1.1188508010633793,-0.0008556301381806349,0.0025339708717792377,2,-1.8454037451499943,62712.0,20169.0,17224.0
3,OWWWWOOO,0.0006676373625025524,0.00170888160653001,0.002333810408313934,-0.4494089694190082,-1.8040095266518024,-0.0006249288017839238,-0.0016661730458113816,4,1.3546005572327942,67709.0,26392.0,2449.0
3,OWWWWOOW,0.0037452029751164004,0.006421968271341806,0.0037681030239301652,0.7690189398421817,-0.008792160722630183,0.0026538652474116407,-2.290004881376484e-05,3,0.777811100564812,109321.0,99181.0,13738.0
3,OWWWWOWO,0.0034665890982370174,0.003935180343924725,0.005008408356053939,-0.34784389961393747,-0.5307072692809693,-0.0010732280121292133,-0.0015418192578169213,3,0.18286336966703187,145305.0,60775.0,12716.0
3,OWWWWOWW,0.0023445003338186813,0.0026136331482109676,0.0038284913893670497,-0.5505442543551632,-0.7072570883992947,-0.0012148582411560822,-0.0014839910555483685,2,0.1567128340441315,111073.0,40365.0,8600.0
3,OWWWWWOO,0.003355906873175345,0.005472733489903114,0.0038282156434061507,0.5154762848974538,-0.1899163937181826,0.0016445178464969635,-0.00047230877023080563,3,0.7053926786156364,111065.0,84521.0,12310.0
3,OWWWWWOW,0.0054902200259040026,0.007331381811949338,0.005534497181204149,0.4055690106576797,-0.01158618190715876,0.001796884630745189,-4.427715530014656e-05,2,0.41715519256483846,160568.0,113226.0,20139.0
3,OWWWWWWO,0.0034739497388199367,0.007108641863235211,0.0055057851330255385,0.36856657056948927,-0.6642182066144583,0.0016028567302096728,-0.002031835394205602,2,1.0327847771839476,159735.0,109786.0,12743.0
3,OWWWWWWW,0.001844522006815953,0.0017532353463175616,0.0027209232691710397,-0.6337840867675182,-0.5605974569254071,-0.0009676879228534782,-0.0008764012623550866,1,-0.0731866298421111,78940.0,27077.0,6766.0
3,WOOOOOOO,0.006157312155770783,0.008372432072247516,0.0032919586859477892,1.3464346589179224,0.9031505855872002,0.005080473386299727,0.002865353469822994,7,0.4432840733307222,95507.0,129304.0,22586.0
3,WOOOOOOW,0.0018333447377826316,0.0008510090540551653,0.0010924710288367887,-0.3599743304008042,0.7463498003158164,-0.00024146197478162336,0.000740873708945843,6,-1.1063241307166205,31695.0,13143.0,6725.0
3,WOOOOOWO,0.011162275135837896,0.006843814424211728,0.005093820667442409,0.4259800619663775,1.1316570831572799,0.0017499937567693191,0.0060684544683954865,6,-0.7056770211909024,147783.0,105696.0,40945.0
3,WOOOOOWW,0.003927855908099949,0.002587020904338437,0.005591404253884684,-1.1116193809615191,-0.5093593939662221,-0.0030043833495462468,-0.001663548345784735,5,-0.602259986995297,162219.0,39954.0,14408.0
3,WOOOOWOO,0.0027288893420377904,0.002355474957651891,0.002609694242193399,-0.1478031529451146,0.06440896887865624,-0.00025421928454150795,0.00011919509984439133,6,-0.21221212182377083,75713.0,36378.0,10010.0
3,WOOOOWOW,0.00452652134217737,0.002746500117618348,0.004310047241832068,-0.6499188291807348,0.07068306976211476,-0.0015635471242137202,0.00021647410034530187,5,-0.7206018989428497,125044.0,42417.0,16604.0
3,WOOOOWWO,0.005171804166613279,0.001983486293302281,0.0035298585137134154,-0.8312534137240443,0.5509275631355594,-0.0015463722204111345,0.0016419456528998636,5,-1.3821809768596036,102409.0,30633.0,18971.0
3,WOOOOWWW,0.006337511541893359,0.0027279168718971404,0.005233899615579109,-0.939833424313945,0.27598222306858694,-0.0025059827436819684,0.0011036119263142501,4,-1.215815647382532,151847.0,42130.0,23247.0
3,WOOOWOOO,5.4795879895064524e-05,0.0006195278573537108,0.0002594080127157492,1.2527221380120936,-2.22254334174618,0.0003601198446379616,-0.0002046121328206847,6,3.475265479758274,7526.0,9568.0,201.0
3,WOOOWOOW,0.005135000963698684,0.004084882309455848,0.005108090520918933,-0.3224188480823458,0.007578976076747015,-0.0010232082114630852,2.6910442779751013e-05,5,-0.3299978241590928,148197.0,63087.0,18836.0
3,WOOOWOWO,0.008602680527207245,0.008142893375098801,0.003825975207473846,1.089514118141638,1.168749400710079,0.004316918167624955,0.004776705319733399,5,-0.07923528256844103,111000.0,125759.0,31556.0
3,WOOOWOWW,0.0056407042333770155,0.0025318539170406354,0.006212556499054829,-1.2946553991711698,-0.1392882362900354,-0.0036807025820141935,-0.0005718522656778134,4,-1.1553671628811344,180240.0,39102.0,20691.0
3,WOOOWWOO,0.013425808423244466,0.010626120053335858,0.006442459693954384,0.7218432505343536,1.0592089849492785,0.004183660359381474,0.006983348729290083,5,-0.3373657344149249,186910.0,164110.0,49248.0
3,WOOOWWOW,0.00723550969300949,0.004646976930033562,0.0049788346017475196,-0.0994949179616088,0.5391961996717402,-0.00033185767171395753,0.0022566750912619707,4,-0.638691117633349,144447.0,71768.0,26541.0
3,WOOOWWWO,0.006734168284417333,0.004610457938442059,0.006549931682214775,-0.5064771643016207,0.04001388996046112,-0.0019394737437727159,0.00018423660220255773,4,-0.5464910542620818,190028.0,71204.0,24702.0
3,WOOOWWWW,0.005113464274585698,0.003144518275974667,0.004171312555254751,-0.40754949224924514,0.29373589300796193,-0.001026794279280084,0.0009421517193309468,3,-0.7012853852572071,121019.0,48564.0,18757.0
3,WOOWOOOO,0.0021852924041733195,0.0024149801939508104,0.001697767881255241,0.5081198906895265,0.3639976292682832,0.0007172123126955694,0.00048752452291807844,6,0.14412226142124324,49256.0,37297.0,8016.0
3,WOOWOOOW,0.0016607786085608611,0.0024735789304584513,0.0037273615582073356,-0.5913587123702081,-1.1658135812522294,-0.0012537826277488843,-0.0020665829496464743,5,0.5744548688820214,108139.0,38202.0,6092.0
3,WOOWOOWO,0.004643201126232533,0.0061208808406671865,0.005534876331900385,0.14516324939688668,-0.25338126211477874,0.0005860045087668015,-0.0008916752056678523,5,0.3985445115116654,160579.0,94531.0,17032.0
3,WOOWOOWW,0.0031170949787073026,0.002399958197409625,0.004412348993325603,-0.8782635501501439,-0.5012089615640677,-0.0020123907959159783,-0.0012952540146183005,4,-0.3770545885860762,128012.0,37065.0,11434.0
3,WOOWOWOO,0.0019541137666060824,0.005787806917357457,0.0042208778917263495,0.45538118443098635,-1.1106322932765835,0.0015669290256311074,-0.002266764125120267,5,1.5660134777075698,122457.0,89387.0,7168.0
3,WOOWOWOW,0.0054272456564723615,0.005419185252232596,0.0060716847812805445,-0.16399232308388093,-0.16184847251931267,-0.0006524995290479486,-0.000644439124808183,4,-0.002143850564568256,176153.0,83694.0,19908.0
3,WOOWOWWO,0.009036685705281588,0.003479599448822227,0.00571345630982761,-0.7152804460251848,0.6613371439711848,-0.002233856861005383,0.0033232293954539773,4,-1.3766175899963695,165760.0,53739.0,33148.0
3,WOOWOWWW,0.0015661807462544561,0.0017581563451845015,0.005256200570166817,-1.579411068796869,-1.74612319849913,-0.003498044224982316,-0.003690019823912361,3,0.1667121297022609,152494.0,27153.0,5745.0
3,WOOWWOOO,0.0056156235321315135,0.00595032937993666,0.00635380736752535,-0.09463642681576939,-0.17814528765099427,-0.0004034779875886898,-0.0007381838353938365,5,0.08350886083522488,184338.0,91897.0,20599.0
3,WOOWWOOW,0.006625394373580861,0.0038203138703727314,0.004619916765392338,-0.2741103422157184,0.520044965692798,-0.0007996028950196066,0.0020054776081885233,4,-0.7941553079085164,134034.0,59001.0,24303.0
3,WOOWWOWO,9.078123385600243e-05,0.0036105239186768677,0.002230681418937702,0.6944766335736876,-4.603788079730313,0.001379842499739166,-0.0021399001850816992,4,5.298264713304,64717.0,55761.0,333.0
3,WOOWWOWW,0.001962019639824773,0.0021654985013939703,0.0021898710167246476,-0.016139312288165085,-0.1584299440572064,-2.4372515330677372e-05,-0.00022785137689987443,3,0.1422906317690413,63533.0,33444.0,7197.0
3,WOOWWWOO,0.014580338529491225,0.0034028707164890175,0.006005815964870792,-0.819424221059686,1.2794507926782626,-0.0026029452483817745,0.008574522564620433,4,-2.0988750137379486,174242.0,52554.0,53483.0
3,WOOWWWOW,0.007935043164704692,0.0019669750471039953,0.004415933690817291,-1.1663332459192304,0.8453746985747859,-0.0024489586437132956,0.003519109473887401,3,-2.0117079444940162,128116.0,30378.0,29107.0
3,WOOWWWWO,0.004617847808669144,0.0030889627887663177,0.003246564007134789,-0.07176849601522542,0.5081750496483196,-0.00015760121836847114,0.0013712838015343554,3,-0.579943545663545,94190.0,47706.0,16939.0
3,WOOWWWWW,0.0013535400183034595,0.003627423664785701,0.0036025865109005307,0.009909438385083206,-1.4116304634708132,2.483715388517044e-05,-0.002249046492597071,2,1.4215399018558965,104519.0,56022.0,4965.0
3,WOWOOOOO,0.00531847174563589,0.017535849962370547,0.0024041256283431826,2.8662054703083064,1.145170731760406,0.015131724334027364,0.002914346117292707,6,1.7210347385479003,69749.0,270824.0,19509.0
3,WOWOOOOW,0.00014666757902261052,0.0006990408390458469,0.00046028894523068235,0.6017683698920574,-1.643317606996601,0.0002387518938151645,-0.0003136213662080718,5,2.2450859768886584,13354.0,10796.0,538.0
3,WOWOOOWO,0.0035025744521979553,0.004824197639228494,0.005055147296426322,-0.0674504568105714,-0.5292109385934064,-0.00023094965719782853,-0.0015525728442283668,5,0.461760481782835,146661.0,74505.0,12848.0
3,WOWOOOWW,0.0027932267930588614,0.0030470695484122365,0.004250106963581645,-0.47994273811778587,-0.6053894379283175,-0.0012030374151694085,-0.0014568801705227836,4,0.12544669981053158,123305.0,47059.0,10246.0
3,WOWOOWOO,4.661739035848773e-05,0.00023271144641818947,0.0002197695308365157,0.08218731976827275,-2.2129806126608123,1.2941915581673774e-05,-0.00017315214047802796,5,2.295167932429085,6376.0,3594.0,171.0
3,WOWOOWOW,0.002041623604647454,0.0017657968434252767,0.0021515767964047964,-0.28492854888764607,-0.07564132647986441,-0.00038577995297951967,-0.00010995319175734252,4,-0.20928722240778166,62422.0,27271.0,7489.0
3,WOWOOWWO,0.0011417171393061207,0.00037613266339545423,0.0026063163541723863,-2.7894216278006567,-1.1900973078837955,-0.002230183690776932,-0.0014645992148662656,4,-1.5993243199168612,75615.0,5809.0,4188.0
3,WOWOOWWW,0.001041121718006226,0.002380274201941865,0.0037133674506917105,-0.6413827881893664,-1.8335927518848558,-0.0013330932487498454,-0.0026722457326854845,3,1.1922099636954893,107733.0,36761.0,3819.0
3,WOWOWOOO,0.0022959746292349923,0.001598223882008951,0.000731347224794415,1.1267721869136589,1.6491351868818949,0.0008668766572145361,0.0015646274044405772,5,-0.522362999968236,21218.0,24683.0,8422.0
3,WOWOWOOW,0.003331916637201386,0.008623985764327277,0.003051852890494971,1.498364004311143,0.1266271619812232,0.0055721328738323065,0.0002800637467064151,4,1.3717368423299199,88541.0,133189.0,12222.0
3,WOWOWOWO,0.010367598569200517,0.007009833385985863,0.006019844540631529,0.21962008204279987,0.7841831387825435,0.000989988845354334,0.004347754028568988,4,-0.5645630567397437,174649.0,108260.0,38030.0
3,WOWOWOWW,0.0027419749252963134,0.0028216101003242745,0.004480699523383447,-0.6670160695828666,-0.7083044923007771,-0.0016590894230591726,-0.0017387245980871337,3,0.041288422717910445,129995.0,43577.0,10058.0
3,WOWOWWOO,0.0036944963399896244,0.006375089282135693,0.004904348724059673,0.37831612891128225,-0.40858755718296985,0.0014707405580760202,-0.0012098523840700483,4,0.7869036860942521,142286.0,98457.0,13552.0
3,WOWOWWOW,0.0008453832017641548,0.005779907419176317,0.0025575093190932604,1.1759924796626449,-1.5959205886544718,0.0032223981000830564,-0.0017121261173291056,3,2.771913068317117,74199.0,89265.0,3101.0
3,WOWOWWWO,0.007981933171381066,0.006737430198706697,0.006068548170975318,0.15082341331956944,0.3953298102612076,0.0006688820277313788,0.0019133850004057476,3,-0.24450639694163817,176062.0,104053.0,29279.0
3,WOWOWWWW,0.0018235305503387395,0.0037940901264107486,0.0051920206977675715,-0.4524398281700517,-1.509048667645441,-0.0013979305713568229,-0.003368490147428832,2,1.0566088394753894,150632.0,58596.0,6689.0
3,WOWWOOOO,0.0001120453066511021,0.0034920314459597596,0.0009490486609241881,1.8784063162044766,-3.0711003129489556,0.0025429827850355713,-0.0008370033542730859,5,4.949506629153432,27534.0,53931.0,411.0
3,WOWWOOOW,0.0045603257655952205,0.007522718017894176,0.004051500935244129,0.8926332602860048,0.1706406911069947,0.003471217082650047,0.0005088248303510914,4,0.7219925691790101,117543.0,116181.0,16728.0
3,WOWWOOWO,0.007447877804642601,0.005680839941986603,0.004764097434697411,0.25385247717776604,0.6445173816374982,0.0009167425072891923,0.00268378036994519,4,-0.3906649044597321,138217.0,87735.0,27320.0
3,WOWWOOWW,0.0034096122877988657,0.0017402853492992983,0.002282521659586717,-0.39110783315316516,0.5787702873382422,-0.0005422363102874186,0.0011270906282121488,3,-0.9698781204914073,66221.0,26877.0,12507.0
3,WOWWOWOO,0.004049170169559171,0.007787545456917659,0.002663154490362696,1.5476761795975815,0.6043047801159772,0.005124390966554963,0.001386015679196475,4,0.9433713994816043,77264.0,120271.0,14853.0
3,WOWWOWOW,0.0007952217992731504,0.004326076003921,0.003470676536855464,0.31775992631012506,-2.124390259466776,0.0008553994670655357,-0.0026754547375823137,3,2.4421501857769012,100692.0,66812.0,2917.0
3,WOWWOWWO,0.004213285192926479,0.004071608562512129,0.004567076945635064,-0.16563379513400575,-0.11629900313475608,-0.0004954683831229351,-0.0003537917527085847,3,-0.04933479199924967,132501.0,62882.0,15455.0
3,WOWWOWWW,0.009144914383482286,0.004440553977562447,0.004082625760580605,0.1212138661436095,1.1632767558218344,0.00035792821698184176,0.0050622886229016815,2,-1.042062889678225,118446.0,68580.0,33545.0
3,WOWWWOOO,0.00041683035004753065,0.004474418219765205,0.0026847660800481564,0.7366888489098524,-2.6843444622936685,0.0017896521397170488,-0.0022679357300006255,4,3.421033311203521,77891.0,69103.0,1529.0
3,WOWWWOOW,0.0017196637332242142,0.0025027164237495436,0.0020817441318071207,0.26558555576497855,-0.27552043188764086,0.00042097229194242285,-0.00036208039858290656,3,0.5411059876526194,60396.0,38652.0,6308.0
3,WOWWWOWO,0.001582265109009724,0.0034924199458703075,0.0028215016084089557,0.3076656771743659,-0.8340715560921566,0.0006709183374613518,-0.0012392364993992317,3,1.1417372332665225,81858.0,53937.0,5804.0
3,WOWWWOWW,0.0023027900371821396,0.0037617798838501817,0.0037534195515122925,0.0032090182203345077,-0.7045806400460064,8.360332337889204e-06,-0.0014506295143301528,2,0.7077896582663409,108895.0,58097.0,8447.0
3,WOWWWWOO,0.010849856835540662,0.00819851361229224,0.006340881775608208,0.37062734971630384,0.7748260809624055,0.0018576318366840322,0.004508975059932454,3,-0.4041987312461016,183963.0,126618.0,39799.0
3,WOWWWWOW,0.009001518200274306,0.009194951132862502,0.004537744469044431,1.0187055326728824,0.9880353441511933,0.004657206663818071,0.004463773731229875,2,0.030670188521689123,131650.0,142007.0,33019.0
3,WOWWWWWO,0.005137454510559657,0.002010746037025725,0.003437380212076908,-0.7732808944679299,0.5796054210889741,-0.0014266341750511832,0.0017000742984827487,2,-1.352886315556904,99726.0,31054.0,18845.0
3,WOWWWWWW,0.002054981804223863,0.0032286932565933775,0.0030749121464751514,0.07038285204433609,-0.5811868014497887,0.00015378111011822614,-0.0010199303422512886,1,0.6515696534941249,89210.0,49864.0,7538.0
3,WWOOOOOO,0.0028611082562124486,0.005667436695072701,0.001627797343677116,1.7991437937249182,0.8132711277979435,0.004039639351395586,0.0012333109125353327,6,0.9858726659269746,47226.0,87528.0,10495.0
3,WWOOOOOW,5.779465939180935e-05,0.000532244877450617,0.0005607983479783737,-0.07525418052296513,-3.2562953630512634,-2.8553470527756687e-05,-0.0005030036885865643,5,3.1810411825282983,16270.0,8220.0,212.0
3,WWOOOOWO,0.0039134072432519965,0.007495782024096189,0.0043384490758046675,0.7887595612477516,-0.14871803634782496,0.0031573329482915214,-0.00042504183255267104,5,0.9374775975955766,125868.0,115765.0,14355.0
3,WWOOOOWW,0.0056033557978266485,0.0019044913114908755,0.00526726487684789,-1.4671648530946861,0.08922066656232948,-0.0033627735653570146,0.00033609092097875836,4,-1.5563855196570155,152815.0,29413.0,20554.0
3,WWOOOWOO,0.004558962684005792,0.0006215351068915416,0.0006006781075733939,0.049163333620573395,2.9219582487967775,2.085699931814774e-05,0.003958284576432398,5,-2.872794915176204,17427.0,9599.0,16723.0
3,WWOOOWOW,0.003651422961763653,0.0023271144641818947,0.004159869097877442,-0.837722909901101,-0.18803105800117614,-0.0018327546336955477,-0.0005084461361137891,4,-0.6496918518999248,120687.0,35940.0,13394.0
3,WWOOOWWO,0.002443732673529146,0.004490799965993308,0.0028132636978270976,0.6745361653033592,-0.2030807980317687,0.0016775362681662105,-0.00036953102429795144,4,0.877616963335128,81619.0,69356.0,8964.0
3,WWOOOWWW,0.0034488690375744347,0.0012773877058814807,0.0029830198050055544,-1.2229316716233083,0.2092844851457532,-0.0017056320991240736,0.00046584923256888034,3,-1.4322161567690614,86544.0,19728.0,12651.0
3,WWOOWOOO,4.743523931214541e-05,0.00018181795813641515,0.00019843368711195433,-0.12550132876838702,-2.041780146524192,-1.6615728975539183e-05,-0.0001509984477998089,5,1.916278817755805,5757.0,2808.0,174.0
3,WWOOWOOW,0.003748201754613145,0.0023543742079053386,0.002574846846384786,-0.1290905319575945,0.5415366461594187,-0.00022047263847944747,0.001173354908228359,4,-0.6706271781170132,74702.0,36361.0,13749.0
3,WWOOWOWO,0.0077117704003561455,0.0016511246198285562,0.00447421949330232,-1.4376359296684784,0.7852907212063582,-0.0028230948734737638,0.0032375509070538258,4,-2.222926650874837,129807.0,25500.0,28288.0
3,WWOOWOWW,0.005022683040729696,0.0008063315643421573,0.004926615210402268,-2.6096563995393365,0.02785584045147314,-0.0041202836460601105,9.60678303274275e-05,3,-2.6375122399908095,142932.0,12453.0,18424.0
3,WWOOWWOO,0.0007605995269016419,0.0026269068951546874,0.0024773706492069838,0.08452219909683736,-1.7022874762540399,0.00014953624594770364,-0.0017167711223053418,4,1.7868096753508773,71874.0,40570.0,2790.0
3,WWOOWWOW,0.007110924035735638,0.0034718942005963604,0.003982771254490049,-0.19799635054130046,0.8361051032690049,-0.0005108770538936888,0.0031281527812455885,3,-1.0341014538103053,115549.0,53620.0,26084.0
3,WWOOWWWO,0.005291482730165186,0.0025871504043086194,0.004802736337468385,-0.8922355094420747,0.1397876885428907,-0.0022155859331597656,0.0004887463926968013,3,-1.0320231979849654,139338.0,39956.0,19410.0
3,WWOOWWWW,0.0034922150321182914,0.0009828400237010845,0.0027644911309930844,-1.4910400634994116,0.3370197382626103,-0.001781651107292,0.000727723901125207,2,-1.828059801762022,80204.0,15179.0,12810.0
3,WWOWOOOO,0.0012055093576914197,0.0009322055353596755,0.0008699785066363953,0.09955774727014932,0.4701300825310591,6.222702872328025e-05,0.0003355308510550244,5,-0.37057233526090977,25240.0,14397.0,4422.0
3,WWOWOOOW,0.0011556205715183012,0.002640374892053681,0.002578569416856923,0.03415880838479092,-1.1572146032290371,6.180547519675809e-05,-0.0014229488453386216,4,1.1913734116138281,74810.0,40778.0,4239.0
3,WWOWOOWO,0.0031784336502316286,0.0015462943939657159,0.004223600883090227,-1.4490673345816965,-0.41004524761564876,-0.002677306489124511,-0.0010451672328585983,4,-1.0390220869660478,122536.0,23881.0,11659.0
3,WWOWOOWW,0.0038599744449463614,0.0012450127133358227,0.003960125617451217,-1.6685916649624402,-0.03694544813939279,-0.002715112904115394,-0.0001001511725048556,3,-1.6316462168230474,114892.0,19228.0,14159.0
3,WWOWOWOO,0.0012074176719166208,0.003252327001151708,0.002995359436755785,0.11870514231546304,-1.310091509409512,0.00025696756439592267,-0.0017879417648391644,4,1.428796651724975,86902.0,50229.0,4429.0
3,WWOWOWOW,0.007347282383342707,0.0032024047626463036,0.004536951699406847,-0.5024351537222462,0.6953658146161821,-0.001334546936760543,0.00281033068393586,3,-1.1978009683384283,131627.0,49458.0,26951.0
3,WWOWOWWO,0.002340411089050393,0.000801345815490126,0.0025948384285499645,-1.6939045038126617,-0.1488223339167263,-0.0017934926130598384,-0.00025442733949957146,3,-1.5450821698959354,75282.0,12376.0,8585.0
3,WWOWOWWW,0.0012548529112287661,0.0008991830429631043,0.003785371614731466,-2.07252571820397,-1.592148509871705,-0.0028861885717683614,-0.0025305187035026995,2,-0.4803772083322648,109822.0,13887.0,4603.0
3,WWOWWOOO,0.00342460618528259,0.003098157286649285,0.005137319592774229,-0.7294206500438175,-0.5849373198835022,-0.0020391623061249437,-0.0017127134074916388,4,-0.14448333016031534,149045.0,47848.0,12562.0
3,WWOWWOOW,0.0005501397294937324,0.003290917992266132,0.003352174710159112,-0.026599257680079987,-2.605037619460963,-6.125671789297986e-05,-0.0028020349806653798,3,2.578438361780883,97254.0,50825.0,2018.0
3,WWOWWOWO,0.002480535876443742,0.0019162758087774951,0.004034335749178165,-1.0736308239016992,-0.7014554016897896,-0.00211805994040067,-0.0015537998727344227,3,-0.3721754222119096,117045.0,29595.0,9099.0
3,WWOWWOWW,0.0043708574246645255,0.0016089076295490183,0.0038879835804310125,-1.2724152293289306,0.16885320887780883,-0.002279075950881994,0.00048287384423351294,2,-1.4412684382067393,112799.0,24848.0,16033.0
3,WWOWWWOO,0.002316966085712206,0.002612726648419689,0.0034298316663972975,-0.3924500743308989,-0.5656988835149824,-0.0008171050179776084,-0.0011128655806850914,3,0.17324880918408353,99507.0,40351.0,8499.0
3,WWOWWWOW,0.0053855353598358194,0.006168860579619851,0.005083721471624483,0.2790691401469319,0.08318887529941929,0.0010851391079953684,0.0003018138882113367,2,0.19588026484751261,147490.0,95272.0,19755.0
3,WWOWWWWO,0.0025560505964981346,0.002076337771923228,0.00521259824009966,-1.3275435978232881,-1.0277987055247968,-0.003136260468176432,-0.002656547643601526,2,-0.29974489229849133,151229.0,32067.0,9376.0
3,WWOWWWWW,0.005167442305527105,0.003790593627215817,0.002589806064763558,0.5494033219834726,0.9963285120580235,0.0012007875624522593,0.002577636240763547,1,-0.4469251900745509,75136.0,58542.0,18955.0
3,WWWOOOOO,0.010552705049045038,0.02008149562623563,0.005949322511131606,1.7548987917013739,0.8267097987030739,0.014132173115104025,0.004603382537913432,5,0.9281889929982999,172603.0,310139.0,38709.0
3,WWWOOOOW,0.0007355188256561398,0.0006795510935333607,0.0012935932390675084,-0.9277234909236295,-0.8137045680303971,-0.0006140421455341477,-0.0005580744134113686,4,-0.11401892289323234,37530.0,10495.0,2698.0
3,WWWOOOWO,0.0013003798363157104,0.0019700830463883785,0.0026783205182121417,-0.44287861450417054,-1.0418250705350267,-0.0007082374718237632,-0.0013779406818964313,4,0.5989464560308562,77704.0,30426.0,4770.0
3,WWWOOOWW,0.01032888705206072,0.0014954009056839415,0.004649490519698757,-1.6358861511829177,1.1513696792522425,-0.0031540896140148157,0.005679396532361963,3,-2.7872558304351602,134892.0,23095.0,37888.0
3,WWWOOWOO,0.0009707867079916656,0.0005064743833842733,0.0005947840376591773,-0.23145447233492594,0.7058502283514466,-8.830965427490407e-05,0.00037600267033248826,4,-0.9373047006863726,17256.0,7822.0,3561.0
3,WWWOOWOW,0.0024360994166283414,0.003509708191889689,0.0030416158216965954,0.20644990287671006,-0.32014707817747473,0.00046809237019309344,-0.0006055164050682541,3,0.5265969810541848,88244.0,54204.0,8936.0
3,WWWOOWWO,0.0038793302035162597,0.001568892138762585,0.002263633061265134,-0.5286118686704431,0.7769021171283612,-0.0006947409225025491,0.0016156971422511255,3,-1.3055139857988043,65673.0,24230.0,14230.0
3,WWWOOWWW,0.003996555220207194,0.0043856459902050105,0.005395900367607281,-0.29901277079534844,-0.43301309140244226,-0.0010102543774022704,-0.0013993451474000867,2,0.13400032060709383,156547.0,67732.0,14660.0
3,WWWOWOOO,0.0004754428583929977,0.0008463470551285906,0.0009052050531412445,-0.09688454810879055,-0.9275343389689586,-5.8857998012653906e-05,-0.0004297621947482468,4,0.8306497908601681,26262.0,13071.0,1744.0
3,WWWOWOOW,0.004212739960290707,0.005278936784524805,0.004322903897258985,0.2881861984247624,-0.037233173374285326,0.0009560328872658197,-0.00011016393696827807,3,0.32541937179904773,125417.0,81528.0,15453.0
3,WWWOWOWO,0.0026678232868313505,0.0024257934414610603,0.0037676204684985917,-0.6349851933706616,-0.49783272870581347,-0.0013418270270375314,-0.0010997971816672412,3,-0.13715246466484815,109307.0,37464.0,9786.0
3,WWWOWOWW,0.0015866269700958982,0.004171323539552755,0.004684648129713382,-0.16739758376081285,-1.5613766429128992,-0.0005133245901606269,-0.0030980211596174836,2,1.3939790591520864,135912.0,64422.0,5820.0
3,WWWOWWOO,0.00108201416568911,0.005219820048136434,0.0036892052108679343,0.5005753863305876,-1.7686489328838366,0.0015306148372684998,-0.0026071910451788242,3,2.269224319214424,107032.0,80615.0,3969.0
3,WWWOWWOW,0.0038935062520463262,0.006075491101118174,0.0028570728373649287,1.0881957892815444,0.4463977504234481,0.0032184182637532456,0.0010364334146813975,2,0.6417980388580963,82890.0,93830.0,14282.0
3,WWWOWWWO,0.005224419115965257,0.002308531218460687,0.0058774562200723,-1.3478372816423432,-0.16989057291006096,-0.0035689250016116133,-0.0006530371041070437,2,-1.1779467087322821,170518.0,35653.0,19164.0
3,WWWOWWWW,0.0015667259788902281,0.006194501573716013,0.004451332578547702,0.4766597218443772,-1.5058879481590044,0.0017431689951683113,-0.0028846065996574735,1,1.9825476700033815,129143.0,95668.0,5747.0
3,WWWWOOOO,0.0004907093721946077,0.0011735934797801012,0.0005987134176019883,0.9698163782991387,-0.28646739727912757,0.0005748800621781129,-0.00010800404540738063,4,1.2562837755782663,17370.0,18125.0,1800.0
3,WWWWOOOW,0.005225236964918914,0.00354668043337683,0.00322105750575163,0.1388938181406286,0.6977902971489511,0.0003256229276252,0.002004179459167284,3,-0.5588964790083225,93450.0,54775.0,19167.0
3,WWWWOOWO,0.0036579657533929145,0.0029970178099366493,0.0030784279074766137,-0.03865339986918291,0.24877355901981474,-8.141009753996446e-05,0.0005795378459163007,3,-0.28742695888899766,89312.0,46286.0,13418.0
3,WWWWOOWW,0.001416241771417215,0.004375544992530765,0.0048050801781360265,-0.13506831464619634,-1.7617748238239193,-0.0004295351856052612,-0.0033888384067188113,2,1.6267065091777229,139406.0,67576.0,5195.0
3,WWWWOWOO,0.004149220358223294,0.006184271076071585,0.005183093422283466,0.25474510703838127,-0.32090377801396097,0.001001177653788119,-0.0010338730640601715,3,0.5756488850523422,150373.0,95510.0,15220.0
3,WWWWOWOW,0.0026165714190688025,0.0041438695458740375,0.0031195140556505674,0.4095429855726745,-0.2535548091269763,0.0010243554902234701,-0.0005029426365817649,2,0.6630977946996508,90504.0,63998.0,9598.0
3,WWWWOWWO,0.0005880333976798715,0.0029641895674953522,0.0020029841917253394,0.5652532126479112,-1.7664497869516143,0.0009612053757700129,-0.0014149507940454677,2,2.3317029995995253,58111.0,45779.0,2157.0
3,WWWWOWWW,0.00483185161820957,0.00121043622129706,0.0036962712011159716,-1.6097424185751708,0.38641382921806544,-0.002485834979818912,0.0011355804170935986,1,-1.9961562477932362,107237.0,18694.0,17724.0
3,WWWWWOOO,0.0076755124300773225,0.0039765555843980765,0.002534001975926619,0.6498952199075901,1.598464147191601,0.0014425536084714573,0.005141510454150703,3,-0.9485689272840109,73517.0,61414.0,28155.0
3,WWWWWOOW,0.0033215572171217222,0.005642119450901996,0.004584724687132601,0.29934314567013226,-0.46485569843588365,0.0010573947637693955,-0.0012631674700108787,2,0.7641988441060159,133013.0,87137.0,12184.0
3,WWWWWOWO,0.0035791796375238914,0.00478567139809916,0.0029484826234029526,0.6985608596834089,0.2795700676489309,0.0018371887746962078,0.0006306970141209387,2,0.418990792034478,85542.0,73910.0,13129.0
3,WWWWWOWW,0.0026929039880768525,0.0028106026028587505,0.0044700488356437225,-0.6692206083814927,-0.7309148705703393,-0.001659446232784972,-0.00177714484756687,1,0.06169426218884666,129686.0,43407.0,9878.0
3,WWWWWWOO,0.004938989831138727,0.00525899378911668,0.004536882762916621,0.21304175883160603,0.12248873487188998,0.0007221110262000587,0.00040210706822210555,2,0.09055302395971605,131625.0,81220.0,18117.0
3,WWWWWWOW,0.0031015558485878066,0.0053251682738800045,0.004311598312862126,0.3045406636933979,-0.47510016548864265,0.0010135699610178787,-0.0012100424642743192,1,0.7796408291820405,125089.0,82242.0,11377.0
3,WWWWWWWO,0.004315243695815803,0.0031234745308199893,0.005780290237100509,-0.8877779215320876,-0.42161517961877887,-0.0026568157062805196,-0.0014650465412847057,1,-0.4661627419133087,167699.0,48239.0,15829.0
3,WWWWWWWW,0.02888042748419575,0.034987783944062746,0.03493022300161818,0.0023753688994408062,-0.27437510465697157,5.7560942444565e-05,-0.0060497955174224315,0,0.27675047355641236,1013403.0,540352.0,105938.0
