library_id,wo,Neg,Pos,Pre,log2fc_pos_pre,log2fc_neg_pre,delta_pos,delta_neg,mut_count,ddelta,count_pre,count_pos,count_neg
1,OOOOOOOO,0.005948576125975243,0.008597420661400344,0.0032541278530391136,1.4013574833130393,0.8700726782791035,0.00534329280836123,0.0026944482729361293,8,0.5312848050339358,101311.0,229466.0,267700.0
1,OOOOOOOW,0.001346929181456815,0.0013620781759587394,0.001795967908468271,-0.3986963377012082,-0.41481994331733474,-0.00043388973250953157,-0.00044903872701145594,7,0.016123605616126524,55914.0,36354.0,60615.0
1,OOOOOOWO,0.0034860389340418234,0.0013914148985140482,0.002819381177052455,-1.0183010015767768,0.30611231507930275,-0.0014279662785384067,0.0006666577569893685,7,-1.3244133166560796,87776.0,37137.0,156880.0
1,OOOOOOWW,0.003220097361103192,0.0001692387941025919,0.004766988469143409,-4.807749005126951,-0.5658284784286554,-0.004597749675040817,-0.0015468911080402169,6,-4.241920526698295,148411.0,4517.0,144912.0
1,OOOOOWOO,0.0006819419227869041,0.0003395266664063954,0.000464393604833034,-0.4506836071009266,0.5533115110930845,-0.0001248669384266386,0.00021754831795387013,7,-1.0039951181940112,14458.0,9062.0,30689.0
1,OOOOOWOW,0.0023812525768089616,0.0041982610929341664,0.0028729897623662143,0.5470805691747836,-0.27072854055030066,0.0013252713305679522,-0.0004917371855572526,6,0.8178091097250844,89445.0,112052.0,107162.0
1,OOOOOWWO,0.002788986694610679,0.000588008331779074,0.0034760461969173427,-2.5615022883433283,-0.31760399331716205,-0.0028880378651382687,-0.0006870595023066636,6,-2.2438982950261663,108220.0,15694.0,125511.0
1,OOOOOWWW,0.0034756172597680754,0.0008828367733981344,0.005217666755864415,-2.5618294168837705,-0.5859970301584725,-0.00433482998246628,-0.0017420494960963392,5,-1.975832386725298,162442.0,23563.0,156411.0
1,OOOOWOOO,0.0016590461043759343,0.001440496771499303,0.00108190412170363,0.412662090559822,0.6163177949323557,0.0003585926497956728,0.0005771419826723042,7,-0.20365570437253372,33683.0,38447.0,74661.0
1,OOOOWOOW,0.005564063009487101,0.00464288291485479,0.004445883000370699,0.0625371511370864,0.3236035751421795,0.00019699991448409067,0.001118180009116402,6,-0.2610664240050931,138414.0,123919.0,250396.0
1,OOOOWOWO,0.008702253565956955,0.007050592320792528,0.0060472989608189335,0.22141961725193535,0.5250253770731106,0.001003293359973594,0.0026549546051380215,6,-0.3036057598211752,188271.0,188181.0,391622.0
1,OOOOWOWW,0.0018335035984552456,0.0010030686286727011,0.006586885913896132,-2.7139576896228927,-1.84442583682825,-0.005583817285223431,-0.0047533823154408865,5,-0.8695318527946427,205070.0,26772.0,82512.0
1,OOOOWWOO,0.007278639527530619,0.0063941316363844,0.0064272486047233434,-0.007451668953492634,0.179441288388482,-3.311696833894345e-05,0.0008513909228072755,6,-0.18689295734197464,200100.0,170660.0,327556.0
1,OOOOWWOW,0.006078413743846268,0.004358545255247845,0.004227658477529667,0.04397760757908595,0.5237321593967292,0.00013088677771817738,0.0018507552663166007,5,-0.47975455181764326,131620.0,116330.0,273543.0
1,OOOOWWWO,0.0044424108723528,0.00226466009978682,0.004678625845897063,-1.0464617448622318,-0.07472563506868016,-0.002413965746110243,-0.00023621497354426278,5,-0.9717361097935516,145660.0,60444.0,199919.0
1,OOOOWWWW,0.0023889855035621904,0.002820971283057859,0.0034987230460674407,-0.31053745066441574,-0.5502388899446349,-0.0006777517630095816,-0.0011097375425052503,4,0.23970143928021914,108926.0,75292.0,107510.0
1,OOOWOOOO,0.0011154746841532733,5.7961570616938164e-05,0.00034246539042259017,-2.5423178714602925,1.700713901594122,-0.000284503819805652,0.0007730092937306831,7,-4.2430317730544145,10662.0,1547.0,50199.0
1,OOOWOOOW,0.002594885788893855,0.0024181627208712383,0.0025056312301712075,-0.05124195278939726,0.05047714472221878,-8.746850929996922e-05,8.925455872264756e-05,6,-0.10171909751161604,78008.0,64541.0,116776.0
1,OOOWOOWO,0.004909275214552053,0.0014159558350066756,0.005294980036182101,-1.9021028920472667,-0.10909379575670977,-0.0038790242011754253,-0.00038570482163004845,6,-1.793009096290557,164849.0,37792.0,220929.0
1,OOOWOOWW,0.0022410599478258544,0.0012862448088425903,0.005003521496255766,-1.958945681305537,-1.1584072802017618,-0.0037172766874131757,-0.0027624615484299116,5,-0.8005384011037753,155775.0,34330.0,100853.0
1,OOOWOWOO,0.0047115300559975,0.005779933816653652,0.005832286456271117,-0.013006366908134637,-0.30780710282138257,-5.2352639617465196e-05,-0.0011207564002736169,6,0.29480073591324796,181577.0,154267.0,212030.0
1,OOOWOWOW,0.00933879787564947,0.009142004649064983,0.009116478800534724,0.0040334133734620465,0.034756388544380054,2.552584853025841e-05,0.00022231907511474636,5,-0.03072297517091801,283824.0,244001.0,420268.0
1,OOOWOWWO,0.003682050850393066,0.0004613321389827793,0.005571759652508443,-3.59139037277245,-0.5974906166968238,-0.005110427513525664,-0.001889708802115377,5,-2.993899756075626,173466.0,12313.0,165701.0
1,OOOWOWWW,0.0007229619882652392,0.00034188709235912136,0.002256474971166515,-2.7189044909019344,-1.640724137015455,-0.0019145878788073935,-0.0015335129829012757,4,-1.0781803538864794,70251.0,9125.0,32535.0
1,OOOWWOOO,0.002538022111992956,0.0038773930316778906,0.0036409190959080717,0.09076013817838567,-0.5204259143802824,0.0002364739357698189,-0.0011028969839151155,6,0.6111860525586681,113353.0,103488.0,114217.0
1,OOOWWOOW,0.0018652797055159279,0.0061100187792491436,0.0042402495892390705,0.5269235292418711,-1.1843241613380466,0.001869769190010073,-0.0023749698837231426,5,1.7112476905799179,132012.0,163077.0,83942.0
1,OOOWWOWO,0.0031439458094269976,0.0022638358240572964,0.0036378997987124495,-0.6840958510845281,-0.2104671672256278,-0.001374063974655153,-0.0004939539892854518,5,-0.4736286838589003,113259.0,60422.0,141485.0
1,OOOWWOWW,0.00318138828522927,0.0009154331317929218,0.00455836788099909,-2.3147322979773097,-0.5187239498544789,-0.0036429347492061685,-0.0013769795957698202,4,-1.7960083481228308,141916.0,24433.0,143170.0
1,OOOWWWOO,0.004896631434889446,0.004235390967841332,0.005985724570138001,-0.49893115918477915,-0.289682688247133,-0.0017503336022966689,-0.0010890931352485547,5,-0.20924847093764615,186354.0,113043.0,220360.0
1,OOOWWWOW,0.002667704182486761,0.0026481731164868707,0.004811731883967895,-0.8613139302690056,-0.8507166572701234,-0.0021635587674810244,-0.002144027701481134,4,-0.010597272998882246,149804.0,70680.0,120053.0
1,OOOWWWWO,0.0017547744045279753,0.0018561190745721504,0.0030344900421490676,-0.7088631196575326,-0.78982195230404,-0.0011783709675769172,-0.0012797156376210923,4,0.08095883264650738,94473.0,49540.0,78969.0
1,OOOWWWWW,0.0019358759937199747,0.0007495663747656528,0.0029649498461009616,-1.9824426378627897,-0.6147626121871944,-0.002215383471335309,-0.001029073852380987,3,-1.3676800256755954,92308.0,20006.0,87119.0
1,OOWOOOOO,0.013982064854101226,0.0306874482064472,0.005252613514894595,2.5463137194658465,1.4122986332165937,0.025434834691552603,0.00872945133920663,7,1.1340150862492528,163530.0,819051.0,629226.0
1,OOWOOOOW,0.0012427346597732216,0.002381707253379137,0.0017158922924184195,0.472802172442081,-0.4651208045359486,0.0006658149609607175,-0.0004731576326451978,6,0.9379229769780296,53421.0,63568.0,55926.0
1,OOWOOOWO,0.00510064293064058,0.00747981517340251,0.005716814398630036,0.38773169646414934,-0.16450186383757315,0.0017630007747724743,-0.0006161714679894558,6,0.5522335603017225,177982.0,199637.0,229541.0
1,OOWOOOWW,0.0033133591242735993,0.0012539481870767204,0.005591160242999462,-2.1557779006448463,-0.754675768744425,-0.004337212055922742,-0.0022778011187258628,5,-1.4011021319004213,174070.0,33468.0,149109.0
1,OOWOOWOO,0.0006000573392074541,0.00048220130177116624,0.0003184394935893415,0.5970816514024828,0.9119599366511885,0.00016376180818182475,0.0002816178456181126,6,-0.31487828524870565,9914.0,12870.0,27004.0
1,OOWOOWOW,0.006748667392287774,0.006852428941999389,0.0043838910473116485,0.6442849890918927,0.6222754152574924,0.0024685378946877404,0.0023647763449761256,5,0.022009573834400276,136484.0,182892.0,303706.0
1,OOWOOWWO,0.004568782005817206,0.001656382078477194,0.004000247582370041,-1.2715436727750906,0.19167544538503037,-0.0023438655038928473,0.0005685344234471644,5,-1.463219118160121,124540.0,44209.0,205606.0
1,OOWOOWWW,0.0011487618228783792,0.0005054308905122791,0.0020717517991237166,-2.0331100599082563,-0.8502123389468883,-0.0015663209086114373,-0.0009229899762453373,4,-1.182897720961368,64500.0,13490.0,51697.0
1,OOWOWOOO,0.0006693203641781857,0.0006051682537846059,0.0013128803571687254,-1.1160437064018596,-0.9709112404921513,-0.0007077121033841195,-0.0006435599929905397,6,-0.1451324659097083,40874.0,16152.0,30121.0
1,OOWOWOOW,0.00417880251007247,0.010596776377516486,0.005009078287903029,1.0808565382869686,-0.2613983687128205,0.005587698089613457,-0.0008302757778305588,5,1.342254906999789,155948.0,282829.0,188056.0
1,OOWOWOWO,0.004454343578290973,0.005769517968798766,0.005527401679879143,0.061838380608222096,-0.31132575124525524,0.00024211628891962315,-0.0010730581015881702,5,0.37316413185347735,172085.0,153989.0,200456.0
1,OOWOWOWW,0.004874432602054745,0.001006178396197721,0.005352089721435465,-2.4100525904660826,-0.134841597079861,-0.004345911325237744,-0.00047765711938072,4,-2.2752109933862217,166627.0,26855.0,219361.0
1,OOWOWWOO,0.011774714245024362,0.011415544446483485,0.0066438992386007,0.7808068144619833,0.8254953396667936,0.004771645207882785,0.005130815006423662,5,-0.04468852520481026,206845.0,304682.0,529890.0
1,OOWOWWOW,0.004885787560591814,0.007195852184581713,0.0047756287983521575,0.5913732609229141,0.03289362245330637,0.0024202233862295553,0.00011015876223965677,4,0.5584796384696077,148680.0,192058.0,219872.0
1,OOWOWWWO,0.00254315517544122,0.001245555561467028,0.004421664382439857,-1.8269685782216036,-0.7977290987964907,-0.003176108820972829,-0.001878509206998637,4,-1.029239479425113,137660.0,33244.0,114448.0
1,OOWOWWWW,0.0027844091575096297,0.0036591847658258877,0.00493950597167199,-0.43274232252205663,-0.8267695348538111,-0.001280321205846102,-0.00215509681416236,3,0.3940272123317545,153782.0,97664.0,125305.0
1,OOWWOOOO,0.006695759062979045,0.013460872268059863,0.002598330078113394,2.3726673205524893,1.365323216196384,0.01086254218994647,0.004097428984865651,6,1.0073441043561053,80894.0,359272.0,301325.0
1,OOWWOOOW,0.005781984884972492,0.002197631496145125,0.0018947374709846342,0.2138466319822177,1.6090551432330018,0.0003028940251604906,0.0038872474139878582,5,-1.3952085112507842,58989.0,58655.0,260203.0
1,OOWWOOWO,0.009297644483847805,0.009861110288916886,0.00662957363701296,0.5727626977636286,0.48788673274712435,0.003231536651903926,0.0026680708468348443,5,0.0848759650165043,206399.0,263194.0,418416.0
1,OOWWOOWW,0.0025833086198179004,0.0020636117559403493,0.0055694791195202605,-1.43193090711244,-1.1080230518776775,-0.003505867363579911,-0.00298617049970236,4,-0.3239078552347625,173395.0,55078.0,116255.0
1,OOWWOWOO,0.01063999612820357,0.0119799485187353,0.00468829402095964,1.3532994845832536,1.182190566502097,0.00729165449777566,0.00595170210724393,5,0.17110891808115647,145961.0,319746.0,478825.0
1,OOWWOWOW,0.0051127311839559725,0.008012072492202914,0.004230035371066647,0.9213447819010983,0.27336557716433857,0.003782037121136267,0.0008826958128893255,4,0.6479792047367596,131694.0,213843.0,230085.0
1,OOWWOWWO,0.004148915192592318,0.0022267059491501307,0.004895340720140283,-1.1361451402926748,-0.23862209996017927,-0.0026686347709901524,-0.0007464255275479647,4,-0.8975230403324955,152407.0,59431.0,186711.0
1,OOWWOWWW,0.004615423997929353,0.004869633674630944,0.006427923128564919,-0.4004676196738561,-0.4778013651884903,-0.0015582894539339746,-0.0018124991306355653,3,0.07733374551463423,200121.0,129971.0,207705.0
1,OOWWWOOO,0.007637931747855212,0.012099880637380949,0.004400722023168095,1.4589720985736894,0.7953028621085808,0.0076991586142128535,0.003237209724687117,5,0.6636692364651086,137008.0,322947.0,343725.0
1,OOWWWOOW,0.00545984626674962,0.007519867480441623,0.0040964154100689,0.8761849108518779,0.41441037714439455,0.003423452070372723,0.00136343085668072,4,0.46177453370748334,127534.0,200706.0,245706.0
1,OOWWWOWO,0.005718099355042799,0.0025031755222479886,0.004755521563836631,-0.9255712317281701,0.26588105029577325,-0.002252346041588643,0.0009625777912061675,4,-1.1914522820239433,148054.0,66810.0,257328.0
1,OOWWWOWW,0.003963769371592596,0.0024818192874376107,0.005110449585236896,-1.0417532328796921,-0.3664955437216841,-0.002628630297799285,-0.0011466802136443,3,-0.675257689158008,159104.0,66240.0,178379.0
1,OOWWWWOO,0.007579445934020447,0.014743445303198212,0.005678848342404234,1.3762472342139405,0.41643031129509045,0.009064596960793979,0.001900597591616213,4,0.95981692291885,176800.0,393504.0,341093.0
1,OOWWWWOW,0.007104759780852411,0.014130371495825906,0.005712799375763517,1.3063792047030507,0.3145385364490809,0.008417572120062389,0.001391960405088894,3,0.9918406682539698,177857.0,377141.0,319731.0
1,OOWWWWWO,0.005236191359360973,0.0025092826560621844,0.002991095675007732,-0.25330648769258884,0.8076370122681361,-0.0004818130189455476,0.0022450956843532406,3,-1.060943499960725,93122.0,66973.0,235641.0
1,OOWWWWWW,0.005083621603361921,0.009264671864449505,0.005683345168014734,0.7049014301277333,-0.1608537484143914,0.003581326696434771,-0.0005997235646528131,2,0.8657551785421247,176940.0,247275.0,228775.0
1,OWOOOOOO,0.002653816023806393,0.0024463754310681063,0.0022241941873197032,0.13730418789768725,0.25468064503363746,0.0002221812437484031,0.00042962183648668963,7,-0.11737645713595021,69246.0,65294.0,119428.0
1,OWOOOOOW,0.0011740493822035936,0.001099171685319402,0.0009823957949798275,0.161884587214476,0.2568772969569243,0.00011677589033957459,0.0001916535872237661,6,-0.0949927097424483,30585.0,29337.0,52835.0
1,OWOOOOWO,0.007209643155206551,0.0017628635159001665,0.006300791444519466,-1.8370230772166565,0.19436593708637567,-0.0045379279286193,0.0009088517106870843,6,-2.031389014303032,196163.0,47051.0,324451.0
1,OWOOOOWW,0.0033745336856288847,0.0001205690589820989,0.0038771309211911077,-4.995513513332897,-0.20024589181322505,-0.003756561862209009,-0.000502597235562223,5,-4.795267621519672,120707.0,3218.0,151862.0
1,OWOOOWOO,0.001158183549727141,0.000431695679798553,0.001687658651621059,-1.9644531072233762,-0.5427687022458594,-0.001255962971822506,-0.000529475101893918,6,-1.4216844049775168,52542.0,11522.0,52121.0
1,OWOOOWOW,0.0017013994330875848,0.003918681752311288,0.0031570606602181546,0.3116976406359439,-0.891469307313965,0.0007616210920931336,-0.0014556612271305698,5,1.203166947949909,98289.0,104590.0,76567.0
1,OWOOOWWO,0.0011561169917155023,0.000855073668144643,0.0046764737936406085,-2.4499227144847753,-2.015194833289101,-0.0038214001254959656,-0.0035203568019251063,5,-0.4347278811956743,145593.0,22822.0,52028.0
1,OWOOOWWW,0.0010436784590392425,0.0003961019551145897,0.0025820451453667935,-2.7014914894477107,-1.3060138941068455,-0.002185943190252204,-0.001538366686327551,4,-1.3954775953408651,80387.0,10572.0,46968.0
1,OWOOWOOO,0.001965318890122355,0.0031202957741106835,0.0018683346806144063,0.7396201851559638,0.07297242303204049,0.0012519610934962771,9.698420950794858e-05,6,0.6666477621239233,58167.0,83281.0,88444.0
1,OWOOWOOW,0.0019546305632019436,0.0024281289637827484,0.0019792456722791227,0.2947596611329359,-0.018045566820260244,0.00044888329150362567,-2.4615109077179113e-05,5,0.31280522795319615,61620.0,64807.0,87963.0
1,OWOOWOWO,0.004370014678783778,0.0008175691224513301,0.003190883212845709,-1.9632317135689543,0.453560356948502,-0.002373314090394379,0.0011791314659380684,5,-2.4167920705174564,99342.0,21821.0,196661.0
1,OWOOWOWW,0.0021014006241360733,0.0015349887437655719,0.006569541015112771,-2.0968445226874017,-1.643974557174597,-0.005034552271347199,-0.004468140390976698,4,-0.4528699655128048,204530.0,40969.0,94568.0
1,OWOOWWOO,0.0038380426486909597,0.005414030326902509,0.004558110919535633,0.2482169084261527,-0.24800592178933356,0.0008559194073668756,-0.0007200682708446734,5,0.4962228302154863,141908.0,144501.0,172721.0
1,OWOOWWOW,0.0020403816101580083,0.002130265688795897,0.0013541226720536067,0.6532869972203418,0.5911224439444842,0.0007761430167422905,0.0006862589381044016,4,0.06216455327585757,42158.0,56857.0,91822.0
1,OWOOWWWO,0.00474932806866199,0.004482149147597735,0.004802288550185842,-0.09950998239747932,-0.01599532612221236,-0.0003201394025881075,-5.2960481523852375e-05,4,-0.08351465627526697,149510.0,119629.0,213731.0
1,OWOOWWWW,0.0018072827548667107,0.001408087748497589,0.0023628248968548655,-0.7463617143412236,-0.3865028855363679,-0.0009547371483572765,-0.0005555421419881548,3,-0.35985882880485565,73562.0,37582.0,81332.0
1,OWOWOOOO,0.001549074108681308,0.0031239675478149237,0.0028950242078576694,0.10976754578781864,-0.9017364698934973,0.0002289433399572543,-0.0013459500991763614,6,1.011504015681316,90131.0,83379.0,69712.0
1,OWOWOOOW,0.0022135947252195586,0.0028089068837439265,0.0029233542092038265,-0.05759574432413792,-0.4010753595602546,-0.00011444732545990008,-0.0007097594839842679,5,0.34347961523611664,91013.0,74970.0,99617.0
1,OWOWOOWO,0.004139560128905222,0.001157395525486643,0.005939086064520518,-2.358355899176593,-0.5206578874520214,-0.004781690539033875,-0.001799525935615296,5,-1.8376980117245718,184902.0,30891.0,186290.0
1,OWOWOOWW,0.0029779545368792387,0.000789393879333077,0.004373323507126971,-2.4684162400635254,-0.5542538140141469,-0.0035839296277938937,-0.0013953689702477321,4,-1.9141624260493786,136155.0,21069.0,134015.0
1,OWOWOWOO,0.005536864439527468,0.0020025778848770056,0.0026429771323890835,-0.40013110651585154,1.066620039531991,-0.0006403992475120779,0.0028938873071383845,5,-1.4667511460478424,82284.0,53449.0,249172.0
1,OWOWOWOW,0.003030796203026303,0.0030878492840303545,0.003248667421940648,-0.07322259868740648,-0.1001192981531205,-0.0001608181379102935,-0.0002178712189143451,4,0.02689669946571402,101141.0,82415.0,136393.0
1,OWOWOWWO,0.0005641258950696058,0.00018651111734396778,0.0023676750444776204,-3.659032251469333,-2.0674360879936384,-0.0021811639271336527,-0.0018035491494080146,4,-1.5915961634756948,73713.0,4978.0,25387.0
1,OWOWOWWW,0.0028990920166286367,0.00039861224938177447,0.002648437563487549,-2.729013417207496,0.13041254673985744,-0.002249825314105775,0.0002506544531410875,3,-2.8594259639473534,82454.0,10639.0,130466.0
1,OWOWWOOO,0.004275197441841169,0.00615689009459613,0.005745658322903107,0.0997128446383117,-0.42639480676362185,0.00041123177169302347,-0.0014704608810619376,5,0.5261076514019336,178880.0,164328.0,192394.0
1,OWOWWOOW,0.001232290764445585,0.0008493412051165942,0.0016506562008832214,-0.9577996614211244,-0.4214004409384444,-0.0008013149957666273,-0.00041836543643763643,4,-0.53639922048268,51390.0,22669.0,55456.0
1,OWOWWOWO,0.0025025573099867683,0.00039692623084411306,0.0025038003797440748,-2.6541227242176797,-0.0007161511706114147,-0.0021068741488999617,-1.2430697573064323e-06,4,-2.6534065730470684,77951.0,10594.0,112621.0
1,OWOWWOWW,0.0025379332277774016,0.0002517787682907721,0.002004042453502743,-2.9876855866401963,0.3405896698655108,-0.0017522636852119707,0.0005338907742746587,3,-3.328275256505707,62392.0,6720.0,114213.0
1,OWOWWWOO,0.004065564019456221,0.0010935516235271972,0.004776431802925462,-2.1258952795919814,-0.23242495284886908,-0.0036828801793982644,-0.0007108677834692404,4,-1.8934703267431123,148705.0,29187.0,182960.0
1,OWOWWWOW,0.003357690126781334,0.0014225500408428624,0.00488917364501731,-1.7803924868961678,-0.5419869962316864,-0.0034666236041744473,-0.0015314835182359756,3,-1.2384054906644812,152215.0,37968.0,151104.0
1,OWOWWWWO,0.0035905667715337456,0.0004290729842955241,0.0041165547647673585,-3.2591344242698734,-0.19717450117287263,-0.0036874817804718346,-0.0005259879932336129,3,-3.061959923097001,128161.0,11452.0,161584.0
1,OWOWWWWW,0.002672503930126696,0.0024975179933771695,0.0036638850267045595,-0.5526953315691693,-0.4550361418810847,-0.00116636703332739,-0.0009913810965778637,2,-0.09765918968808457,114068.0,66659.0,120269.0
1,OWWOOOOO,0.009532009939210752,0.017381352440144656,0.004631794619181987,1.9076687110378703,1.0410490742695222,0.01274955782096267,0.004900215320028765,6,0.8666196367683481,144202.0,463910.0,428963.0
1,OWWOOOOW,0.0010005918355492688,0.0008667259295938142,0.0008206064335505846,0.07879196210969826,0.28577532356992513,4.611949604322956e-05,0.00017998540199868414,5,-0.2069833614602269,25548.0,23133.0,45029.0
1,OWWOOOWO,0.005101087351718352,0.0016194770060417162,0.004103032167752923,-1.340623489453802,0.31404556026152913,-0.002483555161711207,0.0009980551839654291,5,-1.6546690497153311,127740.0,43224.0,229561.0
1,OWWOOOWW,0.0020909345077545476,9.94376266434091e-05,0.002650750216658664,-4.722573138118677,-0.3421072004475992,-0.002551312590015255,-0.0005598157089041164,4,-4.380465937671078,82526.0,2654.0,94097.0
1,OWWOOWOO,0.0004975516176193936,0.00024473495751120886,0.00026939197425194746,-0.13794922459409326,0.8826905516893718,-2.46570167407386e-05,0.00022815964336744615,5,-1.0206397762834651,8387.0,6532.0,22391.0
1,OWWOOWOW,0.0017549077308513068,0.003254427915551303,0.0021517310546247713,0.5966791017563532,-0.29395105536720184,0.0011026968609265317,-0.00039682332377346456,4,0.8906301571235551,66990.0,86861.0,78975.0
1,OWWOOWWO,0.002793364242226731,5.972252331182898e-05,0.0029108594580432197,-5.583565171898889,-0.059420638339767885,-0.0028511369347313906,-0.00011749521581648882,4,-5.524144533559121,90624.0,1594.0,125708.0
1,OWWOOWWW,0.0013938600472695147,6.78154122926038e-05,0.003153591680461482,-5.518577754230138,-1.1773329027089585,-0.0030857762681688783,-0.0017597316331919674,3,-4.34124485152118,98181.0,1810.0,62727.0
1,OWWOWOOO,0.0023071009199827405,0.002266008914616949,0.0014200654076133121,0.6738171049633953,0.6997333468488913,0.0008459435070036368,0.0008870355123694283,5,-0.025916241885496016,44211.0,60480.0,103825.0
1,OWWOWOOW,0.003913883105612714,0.0035038087908107344,0.0031579279051573224,0.14990072690927184,0.3095342193109931,0.00034588088565341195,0.0007559552004553914,4,-0.15963349240172128,98316.0,93517.0,176134.0
1,OWWOWOWO,0.0031927432437663388,0.0038413871691291655,0.002979789370615615,0.3663084613048711,0.09955389928659772,0.0008615977985135504,0.0002129538731507237,4,0.2667545620182734,92770.0,102527.0,143681.0
1,OWWOWOWW,0.0018005275544845797,0.0007019082507677566,0.0037582220039762857,-2.419025822898483,-1.0612133993994217,-0.003056313753208529,-0.0019576944494917063,3,-1.3578124234990614,117005.0,18734.0,81028.0
1,OWWOWWOO,0.007320726203595606,0.011916779024190919,0.006650676597199383,0.841325470820386,0.13846579811133844,0.005266102426991536,0.000670049606396223,4,0.7028596727090476,207056.0,318060.0,329450.0
1,OWWOWWOW,0.0025108235420333233,0.0034881100848711756,0.0024462088917467286,0.5117218627640188,0.03759786316501596,0.001041901193124447,6.46146502865947e-05,3,0.4741239995990028,76158.0,93098.0,112993.0
1,OWWOWWWO,0.0025332223643530207,0.0013906655569417541,0.004369372724626316,-1.6509437779075529,-0.7862132056108243,-0.002978707167684562,-0.0018361503602732955,3,-0.8647305722967286,136032.0,37117.0,114001.0
1,OWWOWWWW,0.00578816233795352,0.005684804904050933,0.0067418657965437594,-0.24599728700746895,-0.22000727119436117,-0.0010570608924928265,-0.0009537034585902398,2,-0.02599001581310778,209895.0,151728.0,260481.0
1,OWWWOOOO,0.0001460812082635833,0.0017525226022025097,0.0006080671830885438,1.5255827481313524,-2.0499884398680916,0.001144455419113966,-0.0004619859748249605,5,3.575571187999444,18931.0,46775.0,6574.0
1,OWWWOOOW,0.0037699573395763237,0.0072451963271172705,0.003009564780193719,1.267189733314522,0.3248966684006781,0.004235631546923552,0.0007603925593826048,4,0.9422930649138438,93697.0,193375.0,169657.0
1,OWWWOOWO,0.006213584414650554,0.006353404921930223,0.005180246742748459,0.2944577362373182,0.2623586281093886,0.0011731581791817637,0.0010333376719020943,4,0.0320991081279296,161277.0,169573.0,279626.0
1,OWWWOOWW,0.0017105545072896833,0.0016862058730544938,0.0025448499735313632,-0.5935113818108795,-0.5728401658981831,-0.0008586441004768694,-0.0008342954662416799,3,-0.020671215912696383,79229.0,45005.0,76979.0
1,OWWWOWOO,0.007050829283064806,0.006716086242920502,0.0053050336534398645,0.34020172640795754,0.4103637231726972,0.0014110525894806374,0.0017457956296249412,4,-0.07016199676473966,165162.0,179253.0,317304.0
1,OWWWOWOW,0.006441172448577482,0.004664538886294085,0.004056682743781829,0.2013876569421715,0.6668912101525757,0.0006078561425122558,0.0023844897047956524,3,-0.46550355321040415,126297.0,124497.0,289868.0
1,OWWWOWWO,0.002094534318484499,0.0009155455330287659,0.00315564737216914,-1.78411464751169,-0.5910749581359931,-0.002240101839140374,-0.0010611130536846407,3,-1.193039689375697,98245.0,24436.0,94259.0
1,OWWWOWWW,0.0013025759578951916,0.000534130672731138,0.0014407829256045492,-1.42989084008936,-0.14537931967613296,-0.0009066522528734112,-0.00013820696770935762,2,-1.284511520413227,44856.0,14256.0,58619.0
1,OWWWWOOO,0.0017417528669492622,0.0044079268648620175,0.0024572582346753884,0.842791070128678,-0.49626847468616014,0.001950668630186629,-0.0007155053677261262,4,1.3390595448148381,76502.0,117648.0,78383.0
1,OWWWWOOW,0.006444016743475221,0.008378687856447737,0.00511587789615243,0.7116326977182551,0.332920299775614,0.003262809960295307,0.0013281388473227913,3,0.3787123979426411,159273.0,223628.0,289996.0
1,OWWWWOWO,0.003946370286397831,0.0034836515025160266,0.004803380636405535,-0.4633360754764815,-0.28345859709018967,-0.0013197291338895088,-0.0008570103500077043,3,-0.1798774783862918,149544.0,92979.0,177596.0
1,OWWWWOWW,0.0026051963578981605,0.005821747076387655,0.004772513140607739,0.28664852275449404,-0.8731056462438943,0.0010492339357799163,-0.0021673167827095784,2,1.1597541689983883,148583.0,155383.0,117240.0
1,OWWWWWOO,0.005514154522453331,0.0033567879743266584,0.003805117471057226,-0.1808089543110516,0.5350812182349579,-0.0004483294967305676,0.0017090370513961049,3,-0.7158901725460095,118465.0,89593.0,248150.0
1,OWWWWWOW,0.007396233344709032,0.009459313337852862,0.005115267612676718,0.8867962401541578,0.5318940579865824,0.004344045725176144,0.0022809657320323135,2,0.3549021821675754,159254.0,252470.0,332848.0
1,OWWWWWWO,0.007107848507342925,0.003650117732801131,0.006283285944821445,-0.7834106367861216,0.1778670637448121,-0.0026331682120203136,0.0008245625625214808,2,-0.9612777005309336,195618.0,97422.0,319870.0
1,OWWWWWWW,0.001805216196855072,0.0020757510894115114,0.0014927212614058369,0.47541735473769414,0.2740596314908667,0.0005830298280056745,0.0003124949354492352,1,0.20135772324682744,46473.0,55402.0,81239.0
1,WOOOOOOO,0.008265854288638958,0.010829896540657137,0.0030950365869761715,1.8066582431877694,1.4169159376826488,0.007734859953680966,0.005170817701662786,7,0.38974230550512057,96358.0,289051.0,371983.0
1,WOOOOOOW,0.0008232456044644409,0.002161475765281941,0.002009567124967073,0.1050814617721417,-1.2864563094559764,0.00015190864031486805,-0.001186321520502632,6,1.391537771228118,62564.0,57690.0,37048.0
1,WOOOOOWO,0.006789331920903892,0.0039106263304091275,0.004266909341072755,-0.12576097156827146,0.6699525663805384,-0.00035628301066362774,0.002522422579831137,6,-0.7957135379488098,132842.0,104375.0,305536.0
1,WOOOOOWW,0.0025570211130676998,0.00011667248280617028,0.004708080053645845,-5.322596351419337,-0.8804170766419169,-0.004591407570839675,-0.002151058940578145,5,-4.44217927477742,146577.0,3114.0,115072.0
1,WOOOOWOO,0.0023539429015798858,0.0008977486706867843,0.002119193309314503,-1.2382061721573412,0.15149627141254904,-0.0012214446386277188,0.0002347495922653828,6,-1.3897024435698901,65977.0,23961.0,105933.0
1,WOOOOWOW,0.0027324341124642204,0.0063089314996145765,0.003788800418127693,0.7355024695529776,-0.4714072731032686,0.0025201310814868833,-0.0010563663056634728,5,1.2069097426562463,117957.0,168386.0,122966.0
1,WOOOOWWO,0.0019580970476085636,2.8474979747170656e-05,0.003741969191412618,-6.98854854125675,-0.9339943073577284,-0.0037134942116654472,-0.0017838721438040543,5,-6.054554233899022,116499.0,760.0,88119.0
1,WOOOOWWW,0.0027047466793190386,0.0001228170836989808,0.006885571494982201,-5.79750362093894,-1.3477591347144713,-0.00676275441128322,-0.0041808248156631625,4,-4.449744486224469,214369.0,3278.0,121720.0
1,WOOOWOOO,0.0006442327943379688,0.0068882849362336546,0.0010756406860318608,2.6778173975197617,-0.738645179353934,0.005812644250201794,-0.000431407891693892,6,3.4164625768736956,33488.0,183849.0,28992.0
1,WOOOWOOW,0.004113805927448348,0.006043926852572816,0.004633143666865137,0.3834221109992248,-0.1714783827252272,0.001410783185707679,-0.000519337739416789,5,0.5549004937244519,144244.0,161313.0,185131.0
1,WOOOWOWO,0.008166792830403629,0.00340320968473027,0.004123171522451382,-0.27678443140239056,0.9858419388665879,-0.000719961837721112,0.004043621307952247,5,-1.2626263702689784,128367.0,90832.0,367525.0
1,WOOOWOWW,0.0025449773018600846,0.0004777427194160171,0.006020318007155927,-3.6527568610561985,-1.2418597560307494,-0.00554257528773991,-0.0034753407052958425,4,-2.410897105025449,187431.0,12751.0,114530.0
1,WOOOWWOO,0.010727147101554617,0.011042934349660312,0.006787315855392753,0.7021286179018099,0.660275325244237,0.004255618494267559,0.003939831246161864,5,0.04185329265757287,211310.0,294737.0,482747.0
1,WOOOWWOW,0.004676487454015195,0.0038107390988223423,0.005260193878066582,-0.46494084037586025,-0.1696564313409952,-0.0014494547792442396,-0.0005837064240513867,4,-0.2952844090348651,163766.0,101709.0,210453.0
1,WOOOWWWO,0.004648422262953908,0.0009755303258908978,0.005706728661189341,-2.5471799999591447,-0.2958652942693694,-0.0047311983352984425,-0.0010583063982354327,4,-2.2513147056897753,177668.0,26037.0,209190.0
1,WOOOWWWW,0.0031549896732096265,0.0018815592209515304,0.0034616884751466712,-0.8791973501575602,-0.13380011493047578,-0.0015801292541951408,-0.00030669880193704476,3,-0.7453972352270843,107773.0,50219.0,141982.0
1,WOOWOOOO,0.002423983663436718,0.006226878597448387,0.0025297534875532526,1.2991738355824958,-0.06159195784751755,0.003697125109895134,-0.00010576982411653448,6,1.3607657934300132,78759.0,166196.0,109085.0
1,WOOWOOOW,0.002414517494480179,0.0028301507173184603,0.0028894995363933397,-0.02993028728800841,-0.25898653937799343,-5.93488190748794e-05,-0.00047498204191316054,5,0.22905625208998504,89959.0,75537.0,108659.0
1,WOOWOOWO,0.006008528529366656,0.004233292811438909,0.00715319685917288,-0.7566687783461711,-0.25153800654185743,-0.0029199040477339714,-0.0011446683298062237,5,-0.5051307718043136,222701.0,112987.0,270398.0
1,WOOWOOWW,0.0024258502319633593,0.00020584412990915207,0.002963375957137286,-3.8411125085254256,-0.288643350822844,-0.0027575318272281338,-0.0005375257251739266,4,-3.5524691577025815,92259.0,5494.0,109169.0
1,WOOWOWOO,0.00579698409634729,0.0034421379794109413,0.0035135946907650264,-0.029634328513331927,0.7221930513830179,-7.145671135408514e-05,0.0022833894055822638,5,-0.7518273798963498,109389.0,91871.0,260878.0
1,WOOWOWOW,0.005364095745543689,0.01140081988458791,0.006184933944683199,0.8822007833228139,-0.20538751040602474,0.0052158859399047105,-0.0008208381991395095,4,1.0875882937288386,192556.0,304289.0,241397.0
1,WOOWOWWO,0.0034889498921012287,0.00021700931933633214,0.0037788110412357947,-4.115852400703455,-0.11510779093026,-0.0035618017218994624,-0.000289861149134566,4,-4.000744609773195,117646.0,5792.0,157011.0
1,WOOWOWWW,0.001734086603357699,0.002790697883537183,0.004488795564768052,-0.6855069336913486,-1.3716420819665638,-0.001698097681230869,-0.002754708961410353,3,0.6861351482752152,139750.0,74484.0,78038.0
1,WOOWWOOO,0.0059155556398968,0.009731923801853407,0.006124515880587824,0.6680419098130121,-0.05007380433792129,0.003607407921265583,-0.00020896024069102376,5,0.7181157141509334,190675.0,259746.0,266214.0
1,WOOWWOOW,0.0038753962402776777,0.0028934326130986856,0.0038310384586834716,-0.4048314713950245,0.0166040085726773,-0.000937605845584786,4.43577815942061e-05,4,-0.4214354799677018,119272.0,77226.0,174402.0
1,WOOWWOWO,0.0035844337606604952,0.0011189917699065772,0.0032119540528491998,-1.5204122186698117,0.15824731511199,-0.0020929622829426228,0.00037247970781129546,4,-1.6786595337818018,99998.0,29866.0,161308.0
1,WOOWWOWW,0.0021731524071423266,0.0018251712676364096,0.0030472096345901993,-0.7391400497905964,-0.48750904853414534,-0.0012220383669537898,-0.0008740572274478727,3,-0.2516310012564511,94869.0,48714.0,97797.0
1,WOOWWWOO,0.003449729731987869,0.0028732003906467483,0.006555665096086082,-1.1898015554996075,-0.9260607227454496,-0.003682464705439334,-0.003105935364098213,4,-0.26374083275415794,204098.0,76686.0,155246.0
1,WOOWWWOW,0.002045559115714049,0.0010685236150125789,0.0030147682498287273,-1.495557229842195,-0.5593252270793294,-0.0019462446348161484,-0.0009692091341146781,3,-0.9362320027628657,93859.0,28519.0,92055.0
1,WOOWWWWO,0.0030587725098720365,0.0008055796572946267,0.003484879247223684,-2.1116336694031848,-0.1880982001835272,-0.0026792995899290574,-0.0004261067373516475,3,-1.9235354692196576,108495.0,21501.0,137652.0
1,WOOWWWWW,0.0036400752795975218,0.0032700891544122468,0.0033547282659826096,-0.036854815593941784,0.11773867236503278,-8.463911157036283e-05,0.0002853470136149122,2,-0.15459348795897457,104443.0,87279.0,163812.0
1,WOWOOOOO,0.017416573164175414,0.013237043940415655,0.003017530585560892,2.132771640008578,2.5286252988944695,0.010219513354854763,0.014399042578614522,6,-0.3958536588858914,93945.0,353298.0,783787.0
1,WOWOOOOW,0.000731517094012346,0.0009336421319996651,0.0006716009049283378,0.4746633528953901,0.1231117067547927,0.0002620412270713273,5.9916189084008135e-05,5,0.35155164614059736,20909.0,24919.0,32920.0
1,WOWOOOWO,0.004801369776869065,0.0009358526896379324,0.003996939203528029,-2.0933624112459857,0.26448996042574935,-0.003061086513890097,0.0008044305733410362,5,-2.357852371671735,124437.0,24978.0,216073.0
1,WOWOOOWW,0.003022263318333085,0.00025575027862393014,0.004592061952894916,-4.16101849602568,-0.6033496038817058,-0.004336311674270986,-0.0015697986345618313,4,-3.5576688921439747,142965.0,6826.0,136009.0
1,WOWOOWOO,0.0002403651399128659,5.983492454767308e-05,6.587849519384097e-05,-0.13664259211775498,1.8516030329726172,-6.043570646167888e-06,0.00017448664471902495,5,-1.9882456250903722,2051.0,1597.0,10817.0
1,WOWOOWOW,0.0017230205185211817,0.004599645906133428,0.00155953124190471,1.5597991817088956,0.14373970447537043,0.003040114664228718,0.00016348927661647165,4,1.4160594772335253,48553.0,122765.0,77540.0
1,WOWOOWWO,0.00039173495900193334,2.7163631995656218e-05,0.002408756758447841,-6.41891032089399,-2.6172595985167195,-0.002381593126452185,-0.002017021799445908,4,-3.8016507223772704,74992.0,725.0,17629.0
1,WOWOOWWW,0.002398896093596501,0.00010756798270279862,0.004896240085262384,-5.4952983130864475,-1.0289969813758617,-0.004788672102559585,-0.0024973439916658826,3,-4.466301331710586,152435.0,2871.0,107956.0
1,WOWOWOOO,0.0015829167737536288,0.0028239311822684204,0.001280374732041389,1.1405232758801833,0.30580408480497073,0.0015435564502270314,0.00030254204171223983,5,0.8347191910752125,39862.0,75371.0,71235.0
1,WOWOWOOW,0.008678321490918944,0.009782242088432947,0.004588336011674787,1.0920272034332177,0.9192968252583513,0.00519390607675816,0.0040899854792441565,4,0.17273037817486636,142849.0,261089.0,390545.0
1,WOWOWOWO,0.007115514770934488,0.0025981545665362486,0.0040577748300015225,-0.64300187482714,0.8101265659031852,-0.001459620263465274,0.0030577399409329655,4,-1.453128440730325,126331.0,69345.0,320215.0
1,WOWOWOWW,0.002802052674297169,0.001221201960367474,0.003774057254161836,-1.627015824974926,-0.42949966973854503,-0.002552855293794362,-0.000972004579864667,3,-1.1975161552363809,117498.0,32594.0,126099.0
1,WOWOWWOO,0.006413662783863409,0.004545056372591813,0.004395936115911205,0.048117002701758615,0.5448748539769939,0.00014912025668060817,0.002017726667952204,4,-0.49675785127523525,136859.0,121308.0,288630.0
1,WOWOWWOW,0.0058528256047693135,0.006349171142046762,0.0032725969582251004,0.955918764494257,0.8385030564278463,0.0030765741838216618,0.002580228646544213,3,0.11741570806641066,101886.0,169460.0,263391.0
1,WOWOWWWO,0.006684915188681413,0.00023031013224455,0.005095224618527057,-4.4615284985843,0.39169618791370003,-0.004864914486282507,0.0015896905701543564,3,-4.853224686498,158630.0,6147.0,300837.0
1,WOWOWWWW,0.003832909585242696,0.0034180091807830756,0.0047799329028650655,-0.4837138618596364,-0.31847584413084107,-0.0013619237220819898,-0.0009470233176223693,2,-0.16523801772879532,148814.0,91227.0,172490.0
1,WOWWOOOO,0.0034806836600546737,0.014110439010002886,0.0022941840659288595,2.6201833512459047,0.6011752705915497,0.011816254944074027,0.0011864995941258142,5,2.019008080654355,71425.0,376609.0,156639.0
1,WOWWOOOW,0.007484673139185615,0.012329179158502903,0.0050888648223064905,1.2764945158429268,0.5565047131334337,0.007240314336196412,0.0023958083168791246,4,0.7199898027094931,158432.0,329067.0,336828.0
1,WOWWOOWO,0.005623304339154079,0.005052960090292662,0.003544140984733502,0.5115712694293391,0.6658316604756286,0.0015088191055591597,0.002079163354420577,4,-0.15426039104628952,110340.0,134864.0,253062.0
1,WOWWOOWW,0.0016937331694960216,0.0008829117075553638,0.0025828802701230295,-1.5475650475160212,-0.6084810777134226,-0.0016999685625676657,-0.0008891471006270079,3,-0.9390839698025986,80413.0,23565.0,76222.0
1,WOWWOWOO,0.007787368335255973,0.014601819746034653,0.005057226442118323,1.529543445812323,0.6226894913224019,0.00954459330391633,0.002730141893137651,4,0.906853954489921,157447.0,389724.0,350450.0
1,WOWWOWOW,0.00428021940001999,0.008783444706722321,0.003587053549130855,1.2917496700686057,0.2548203497379533,0.005196391157591466,0.0006931658508891351,3,1.0369293203306524,111676.0,234431.0,192620.0
1,WOWWOWWO,0.003992256762677767,0.0006016838154734389,0.003394717893733137,-2.4942433808435553,0.23384922989265958,-0.0027930340782596984,0.0005975388689446297,3,-2.728092610736215,105688.0,16059.0,179661.0
1,WOWWOWWW,0.004398035427737288,0.0021240836208244723,0.0038050211105084292,-0.8407639521068587,0.20890365637545358,-0.001680937489683957,0.0005930143172288588,2,-1.0496676084823122,118462.0,56692.0,197922.0
1,WOWWWOOO,0.004516518087071244,0.010334619228449441,0.0040318217221923455,1.357763290758877,0.16374074696792362,0.006302797506257096,0.00048469636487889853,4,1.1940225437909535,125523.0,275832.0,203254.0
1,WOWWWOOW,0.002497602014969613,0.004145994518266662,0.0021086900094956897,0.9750351102896792,0.24409009289206665,0.0020373045087709726,0.00038891200547392334,3,0.7309450173976125,65650.0,110657.0,112398.0
1,WOWWWOWO,0.003463351238021574,0.004474880534346483,0.003834635919171872,0.2227057444895824,-0.14688057828537174,0.0006402446151746112,-0.000371284681150298,3,0.3695863227749542,119384.0,119435.0,155859.0
1,WOWWWOWW,0.0037259818739308064,0.0028592251703234662,0.0050762415904141555,-0.8279161822806891,-0.44603710688881126,-0.0022170164200906893,-0.0013502597164833491,2,-0.3818790753918778,158039.0,76313.0,167678.0
1,WOWWWWOO,0.008281920110600407,0.00816164107003279,0.00688929743620233,0.2444697584453112,0.26557321214712054,0.001272343633830459,0.001392622674398077,3,-0.021103453701809327,214485.0,217835.0,372706.0
1,WOWWWWOW,0.0092962889995606,0.016805108771050598,0.006321958645071754,1.4103140377672678,0.5562103177997566,0.010483150125978844,0.002974330354488847,2,0.8541037199675112,196822.0,448530.0,418355.0
1,WOWWWWWO,0.0020230714091787976,0.0017004058958494644,0.0020951995326641865,-0.3010486918441216,-0.05051586123984488,-0.0003947936368147221,-7.212812348538888e-05,2,-0.2505328306042767,65230.0,45384.0,91043.0
1,WOWWWWWW,0.0032234749612942573,0.00760956366664521,0.0031932279861997563,1.2525360210859742,0.013596978808186264,0.004416335680445454,3.024697509450107e-05,1,1.238939042277788,99415.0,203100.0,145064.0
1,WWOOOOOO,0.005678701426498331,0.004625310854984497,0.0023153191462982146,0.9980281640735184,1.2939810474386235,0.0023099917086862824,0.0033633822802001164,6,-0.29595288336510517,72083.0,123450.0,255555.0
1,WWOOOOOW,0.0005161284186702539,0.0009310943706538657,0.00041887930561817653,1.1505013445745151,0.3005479054309603,0.0005122150650356892,9.724911305207735e-05,5,0.8499534391435548,13041.0,24851.0,23227.0
1,WWOOOOWO,0.007271617674501825,0.0028786705841244943,0.004846935604461532,-0.7514667494663082,0.5851041995260529,-0.001968265020337038,0.002424682070040293,5,-1.3365709489923612,150900.0,76832.0,327240.0
1,WWOOOOWW,0.001935209362103317,0.0011306440313557484,0.004686623771447168,-2.050436566704612,-1.2756218242412158,-0.00355597974009142,-0.002751414409343851,4,-0.7748147424633962,145909.0,30177.0,87089.0
1,WWOOOWOO,0.0006240782984610187,0.0013675109023578707,0.0011099129212204654,0.3008611924240877,-0.8296369148272282,0.0002575979811374053,-0.00048583462275944664,5,1.130498107251316,34555.0,36499.0,28085.0
1,WWOOOWOW,0.002332855121439615,0.002332175775450506,0.0037982437519097456,-0.7034172750686417,-0.7029972696655874,-0.0014660679764592396,-0.0014653886304701307,4,-0.0004200054030543132,118251.0,62246.0,104984.0
1,WWOOOWWO,0.004406834965077169,3.0048597048987982e-05,0.0027332348464284267,-6.460465271892625,0.6889330456665081,-0.0027031862493794388,0.0016736001186487427,4,-7.149398317559133,85094.0,802.0,198318.0
1,WWOOOWWW,0.001248401028514812,8.47879989050621e-05,0.0023246339993485384,-4.760704418166378,-0.8963874454090227,-0.002239846000443476,-0.0010762329708337264,3,-3.8643169727573548,72373.0,2263.0,56181.0
1,WWOOWOOO,0.00017879059958758614,0.0004765437729003468,0.000762693743723917,-0.6773612246491912,-2.0866766140013695,-0.0002861499708235702,-0.0005839031441363309,5,1.4093153893521784,23745.0,12719.0,8046.0
1,WWOOWOOW,0.0023484098591616273,0.0019107086081137656,0.00253733385072524,-0.40901919254803987,-0.11158341377029961,-0.0006266252426114743,-0.0001889239915636126,4,-0.29743577877774025,78995.0,50997.0,105684.0
1,WWOOWOWO,0.001604915617103332,0.0010752676891632245,0.003499590291006609,-1.7015612692048558,-1.1242021302767367,-0.0024243226018433846,-0.001894674673903277,4,-0.5773591389281192,108953.0,28699.0,72225.0
1,WWOOWOWW,0.0007766480544600699,0.0003856111731024742,0.0036664546413391315,-3.245823885622597,-2.23758984532947,-0.003280843468236657,-0.002889806586879062,3,-1.0082340402931274,114148.0,10292.0,34951.0
1,WWOOWWOO,0.002604351957850394,0.004032244467592438,0.003706508509455523,0.12149085071338382,-0.5089717241350341,0.0003257359581369146,-0.0011021565516051292,4,0.630462574848418,115395.0,107621.0,117202.0
1,WWOOWWOW,0.0034542628269811416,0.0037728598823428823,0.005103511625723551,-0.4357320789538781,-0.5629774834280695,-0.0013306517433806686,-0.0016492487987424093,3,0.12724540447419141,158888.0,100698.0,155450.0
1,WWOOWWWO,0.0025315335642574883,0.00035889714605019435,0.004954955779662354,-3.7835067478625826,-0.9685819253234065,-0.00459605863361216,-0.002423422215404866,3,-2.814924822539176,154263.0,9579.0,113925.0
1,WWOOWWWW,0.0010130356257268785,0.0020280929654136154,0.002907711680115869,-0.5195453339617657,-1.5202719605489403,-0.0008796187147022535,-0.0018946760543889904,2,1.0007266265871746,90526.0,54130.0,45589.0
1,WWOWOOOO,0.0009328176211890726,0.0012781144527832008,0.0005905295632075895,1.1126231817996972,0.6586905398174779,0.0006875848895756113,0.00034228805798148306,5,0.4539326419822193,18385.0,34113.0,41979.0
1,WWOWOOOW,0.002646349749699827,0.005605824302331149,0.0030662890232518968,0.8702197469622865,-0.21241530828355518,0.0025395352790792526,-0.0004199392735520697,4,1.0826350552458417,95463.0,149620.0,119092.0
1,WWOWOOWO,0.0015281640969721458,0.001007901881813997,0.0031193515654558096,-1.6289227089591753,-1.0289653517396191,-0.0021114496836418125,-0.0015911874684836637,4,-0.5999573572195562,97115.0,26901.0,68771.0
1,WWOWOOWW,0.0012103363632036592,0.0007619305107085032,0.0044931639096468245,-2.558429178466456,-1.8914532155550883,-0.003731233398938321,-0.0032828275464431653,3,-0.6669759629113678,139886.0,20336.0,54468.0
1,WWOWOWOO,0.0032154087187326996,0.0018237849857276657,0.0024249132104627127,-0.41080145612147867,0.406922808280649,-0.000601128224735047,0.0007904955082699869,4,-0.8177242644021276,75495.0,48677.0,144701.0
1,WWOWOWOW,0.00321414211866105,0.003992529364260858,0.0044888598051339166,-0.1690060760385851,-0.4817878875481904,-0.0004963304408730582,-0.0012747176864728667,3,0.31278181150960527,139752.0,106561.0,144644.0
1,WWOWOWWO,0.0008174014672917419,0.00013244612290295825,0.00196546611380123,-3.8812760302903233,-1.2647246891635056,-0.0018330199908982718,-0.0011480646465094882,3,-2.6165513411268178,61191.0,3535.0,36785.0
1,WWOWOWWW,0.0008912642504174114,0.0009872200544186836,0.00204014553911848,-1.0464748155502572,-1.1938361110820785,-0.0010529254846997965,-0.0011488812887010687,2,0.1473612955318213,63516.0,26349.0,40109.0
1,WWOWWOOO,0.003103481270295877,0.00600241332946773,0.0077954077967183006,-0.377026554164813,-1.3284573259989887,-0.0017929944672505707,-0.004691926526422424,4,0.9514307718341757,242695.0,160205.0,139664.0
1,WWOWWOOW,0.00326500611101203,0.0009877071264406748,0.0034231763758110225,-1.7921418792925965,-0.06822952507044061,-0.0024354692493703477,-0.00015817026479899264,3,-1.723912354222156,106574.0,26362.0,146933.0
1,WWOWWOWO,0.0019276986458889739,0.0011735813034481927,0.0047595365867031504,-2.0189776180817804,-1.3034964532504285,-0.0035859552832549577,-0.002831837940814177,3,-0.7154811648313519,148179.0,31323.0,86751.0
1,WWOWWOWW,0.0016326474923562908,0.000474408149419309,0.0022818177954999816,-2.2635771753689125,-0.48271900152313696,-0.0018074096460806727,-0.0006491703031436908,2,-1.7808581738457754,71040.0,12662.0,73473.0
1,WWOWWWOO,0.002568931597951983,0.001960689690985773,0.003934112125712743,-1.0043078964383463,-0.6146747832291465,-0.00197342243472697,-0.0013651805277607601,3,-0.3896331132091998,122481.0,52331.0,115608.0
1,WWOWWWOW,0.006101879176752618,0.0041571971747724566,0.005118832952982187,-0.3001385695441186,0.2533932890308687,-0.0009616357782097308,0.0009830462237704306,2,-0.5535318585749873,159365.0,110956.0,274599.0
1,WWOWWWWO,0.002038715031116364,0.0017098850667389832,0.005449831438097999,-1.6717334607774108,-1.4181086998367538,-0.003739946371359016,-0.0034111164069816355,2,-0.253624760940657,169670.0,45637.0,91747.0
1,WWOWWWWW,0.0037554692124409637,0.0020562307414532534,0.0029934725685447114,-0.5415982989505791,0.3270753618778919,-0.0009372418270914579,0.0007619966438962523,1,-0.868673660828471,93196.0,54881.0,169005.0
1,WWWOOOOO,0.020179716773113664,0.018667035242808026,0.007915665761616272,1.2376052482463273,1.3500125688070843,0.010751369481191753,0.012264051011497391,5,-0.11240732056075697,246439.0,498225.0,908135.0
1,WWWOOOOW,0.0006805864384997003,0.001217380318348775,0.0011536606103740546,0.07749567960093502,-0.760500326593963,6.371970797472036e-05,-0.00047307417187435435,4,0.8379960061948981,35917.0,32492.0,30628.0
1,WWWOOOWO,0.001996495028728045,0.0002703999063622771,0.002128797244011216,-2.9722239647861,-0.0925241802545667,-0.001858397337648939,-0.000132302215283171,4,-2.879699784531533,66276.0,7217.0,89847.0
1,WWWOOOWW,0.0014980767900069965,0.00020490745294378463,0.003496860075457376,-4.086404623189766,-1.2223982913920117,-0.0032919526225135914,-0.0019987832854503795,3,-2.8640063317977544,108868.0,5469.0,67417.0
1,WWWOOWOO,0.0005057067443965058,0.00022611381943970382,0.000602767352904739,-1.4105772551695739,-0.2528417174789356,-0.0003766535334650352,-9.706060850823322e-05,4,-1.1577355376906384,18766.0,6035.0,22758.0
1,WWWOOWOW,0.003496260618830574,0.006567941414077985,0.004292155804857426,0.6136223675166678,-0.2958132203324606,0.002275785609220559,-0.0007958951860268519,3,0.9094355878491284,133628.0,175299.0,157340.0
1,WWWOOWWO,0.0015507629087768407,3.2933562102319746e-05,0.0014437701026172392,-5.411983251781501,0.10306820363618109,-0.0014108365405149194,0.00010699280615960151,3,-5.515051455417682,44949.0,879.0,69788.0
1,WWWOOWWW,0.00425597623022754,0.0001627195224236344,0.005284669457460881,-5.012787939379112,-0.3122571734587876,-0.005121949935037247,-0.0010286932272333413,2,-4.700530765920324,164528.0,4343.0,191529.0
1,WWWOWOOO,0.0008644434383738846,0.004542358742931555,0.0011404270950060085,1.9929205098906682,-0.3993272754871048,0.003401931647925546,-0.00027598365663212394,4,2.392247785377773,35505.0,121236.0,38902.0
1,WWWOWOOW,0.005205348536563611,0.009337807601905395,0.005586470696291368,0.7410429953889914,-0.10192346452667018,0.0037513369056140274,-0.0003811221597277573,3,0.8429664599156617,173924.0,249227.0,234253.0
1,WWWOWOWO,0.0024347608745726836,0.0014252476705031206,0.003954219360228269,-1.471533180000904,-0.6993852033495567,-0.0025289716897251486,-0.0015194584856555856,3,-0.7721479766513473,123107.0,38040.0,109570.0
1,WWWOWOWW,0.004038876533736026,0.0008498657442171999,0.00588653744524352,-2.7906609143493957,-0.5433531282558437,-0.00503667170102632,-0.0018476609115074937,2,-2.247307786093552,183266.0,22683.0,181759.0
1,WWWOWWOO,0.005168550471324107,0.012991522174253537,0.004967643251920554,1.386757655884019,0.05718687329107012,0.008023878922332982,0.00020090721940355365,3,1.3295707825929488,154658.0,346745.0,232597.0
1,WWWOWWOW,0.006070369722338599,0.004150228298150123,0.0033185288198180757,0.32255979835732224,0.871043553021518,0.0008316994783320476,0.002751840902520523,2,-0.5484837546641959,103316.0,110770.0,273181.0
1,WWWOWWWO,0.0023112118149521293,0.0017883411293581613,0.005665325745389798,-1.6629850851203116,-1.2931399767052256,-0.003876984616031637,-0.003354113930437669,2,-0.369845108415086,176379.0,47731.0,104010.0
1,WWWOWWWW,0.006069925301260827,0.0038797159905520017,0.003790856109835351,0.03341863453207823,0.6790122027876103,8.885988071665081e-05,0.0022790691914254765,1,-0.645593568255532,118021.0,103550.0,273161.0
1,WWWWOOOO,0.0011905151831350378,0.0002678896120950923,0.00036803305603658204,-0.4567360298669991,1.6909753792868583,-0.00010014344394148971,0.0008224821270984557,4,-2.1477114091538576,11458.0,7150.0,53576.0
1,WWWWOOOW,0.0035604128014069306,0.003797363351756895,0.0028272185016878994,0.4254843366476851,0.33255608361519795,0.0009701448500689957,0.0007331942997190312,3,0.09292825303248714,88020.0,101352.0,160227.0
1,WWWWOOWO,0.0029796433369747716,0.0027047484051950653,0.00369645489219776,-0.4505048508682189,-0.3109087938655235,-0.0009917064870026949,-0.0007168115552229886,3,-0.1395960570026954,115082.0,72190.0,134091.0
1,WWWWOOWW,0.004273686410176745,0.002852181359543903,0.006190298015232868,-1.1176704511397502,-0.5344233162354927,-0.0033381166556889653,-0.0019166116050561236,2,-0.5832471349042575,192723.0,76125.0,192326.0
1,WWWWOWOO,0.006177786296836038,0.004526023096655546,0.00346406536868365,0.38568009801066344,0.8344409072432389,0.001061957727971896,0.0027137209281523876,3,-0.4487608092325755,107847.0,120800.0,278015.0
1,WWWWOWOW,0.004174002762432535,0.008014058247369492,0.004938702967098686,0.6982887121674878,-0.24264714050402986,0.003075355280270806,-0.0007647002046661513,2,0.9409358526715177,153757.0,213896.0,187840.0
1,WWWWOWWO,0.0028465836662899015,6.98011674591828e-05,0.0019876290400244138,-4.811857220418184,0.5179640509776344,-0.001917827872565231,0.0008589546262654877,2,-5.329821271395819,61881.0,1863.0,128103.0
1,WWWWOWWW,0.0011926484043083424,0.0005606573643903443,0.0034372128957523723,-2.613896683240684,-1.526280934503566,-0.002876555531362028,-0.0022445644914440297,1,-1.087615748737118,107011.0,14964.0,53672.0
1,WWWWWOOO,0.003943014907260654,0.00787224535481286,0.0030304428990996168,1.3769537900043576,0.3796603569198267,0.004841802455713242,0.0009125720081610369,3,0.9972934330845309,94347.0,210111.0,177445.0
1,WWWWWOOW,0.005609393959419822,0.00537847406929716,0.004530712403494509,0.24740882670597933,0.3080457736406157,0.0008477616658026516,0.0010786815559253133,2,-0.060636946934636365,141055.0,143552.0,252436.0
1,WWWWWOWO,0.004697330802562692,0.003153641474077765,0.0036512296746292923,-0.21130144188553412,0.3633708012642223,-0.0004975882005515274,0.0010461011279333998,2,-0.5746722431497564,113674.0,84171.0,211391.0
1,WWWWWOWW,0.002753477450496714,0.001350350980352339,0.003647150411396909,-1.4327627842466983,-0.4053865599737741,-0.0022967994310445702,-0.0008936729609001952,1,-1.0273762242729243,113547.0,36041.0,123913.0
1,WWWWWWOO,0.0052465463704730545,0.009779207255065156,0.004642008837354411,1.074805011162589,0.176582983207322,0.005137198417710745,0.0006045375331186435,2,0.8982220279552671,144520.0,261008.0,236107.0
1,WWWWWWOW,0.005400204958112647,0.009036647224000452,0.0039991233759674154,1.1759027460856273,0.43323679711237983,0.0050375238480330365,0.0014010815821452315,1,0.7426659489732474,124505.0,241189.0,243022.0
1,WWWWWWWO,0.003117191660545137,0.0016191772694127988,0.004511986336845065,-1.4779307385784959,-0.533372804343692,-0.002892809067432266,-0.001394794676299928,1,-0.9445579342348038,140472.0,43216.0,140281.0
1,WWWWWWWW,0.03504582403511851,0.04194536865319865,0.035184319903146084,0.2535722902674898,-0.005689917743605748,0.006761048750052567,-0.0001384958680275758,0,0.2592622080110955,1095396.0,1119526.0,1577145.0
2,OOOOOOOO,0.0030346797823520774,0.006200312611450718,0.0019313805904341132,1.6821943513607305,0.6516403496067433,0.004268932021016605,0.0011032991919179642,8,1.0305540017539871,29721.0,328668.0,81466.0
2,OOOOOOOW,0.0013230765780765116,0.003145507698370604,0.0015281567230123012,1.0410151968236192,-0.2077497129025977,0.0016173509753583028,-0.00020508014493578956,7,1.248764909726217,23516.0,166738.0,35518.0
2,OOOOOOWO,0.002335741614818726,0.002137137215977235,0.0028739691797900167,-0.4271920485050787,-0.2990482732281043,-0.0007368319638127816,-0.0005382275649712907,7,-0.1281437752769744,44226.0,113286.0,62703.0
2,OOOOOOWW,0.007873121433717637,0.0008298135225817016,0.006282494287607725,-2.9189704701129284,0.32555188837470955,-0.005452680765026024,0.0015906271461099113,6,-3.244522358487638,96678.0,43987.0,211354.0
2,OOOOOWOO,0.00015775745560431406,0.00030323555964212773,0.0003234888657575793,-0.09298018771835151,-1.0313446299762985,-2.0253306115451588e-05,-0.00016573141015326526,7,0.938364442257947,4978.0,16074.0,4235.0
2,OOOOOWOW,0.001421605142438592,0.0030629545809764303,0.003301042065639517,-0.10796358786540614,-1.214823215542012,-0.00023808748466308668,-0.001879436923200925,6,1.1068596276766058,50798.0,162362.0,38163.0
2,OOOOOWWO,0.0029520200907379164,0.00030749904331010835,0.004032758543829622,-3.7087868079249584,-0.449933556645859,-0.0037252595005195137,-0.0010807384530917056,6,-3.2588532512790995,62058.0,16300.0,79247.0
2,OOOOOWWW,0.006530413644518699,0.0010849622686411626,0.0068157505416066595,-2.6501102106040855,-0.061688909462705534,-0.005730788272965497,-0.0002853368970879601,5,-2.58842130114138,104884.0,57512.0,175309.0
2,OOOOWOOO,0.00036591534507701934,0.002388380912836378,0.0007534210344703445,1.6631950588606845,-1.0399226592112187,0.0016349598783660334,-0.0003875056893933252,7,2.703117718071903,11594.0,126604.0,9823.0
2,OOOOWOOW,0.006417282737158534,0.009916485712283332,0.007810261108411399,0.34441892729193213,-0.2833681422588737,0.002106224603871933,-0.0013929783712528657,6,0.6277870695508059,120188.0,525656.0,172272.0
2,OOOOWOWO,0.004694914030009379,0.005058812021778856,0.005250943010983416,-0.05376747355626612,-0.16144526489137967,-0.00019213098920455984,-0.0005560289809740365,6,0.10767779133511354,80804.0,268159.0,126035.0
2,OOOOWOWW,0.004679976429136338,0.001327263968780735,0.005384094615229555,-2.019429807813662,-0.20216219247070935,-0.00405683064644882,-0.0007041181860932165,5,-1.8172676153429526,82853.0,70356.0,125634.0
2,OOOOWWOO,0.011554066646359972,0.01219790223398055,0.0077849824485520785,0.6478003294374787,0.5695745832616667,0.004412919785428472,0.003769084197807894,6,0.07822574617581202,119799.0,646590.0,310169.0
2,OOOOWWOW,0.004723187444130672,0.003012377591092111,0.004151873668565187,-0.46272852422145944,0.18595622316570867,-0.001139496077473076,0.0005713137755654846,5,-0.6486847473871681,63891.0,159681.0,126794.0
2,OOOOWWWO,0.009252148826036812,0.0047948533338037,0.004861040802356361,-0.019774461442236393,0.928382394559783,-6.618746855266075e-05,0.004391108023680451,5,-0.9481568560020194,74804.0,254167.0,248374.0
2,OOOOWWWW,0.003272563870070885,0.003081253603799179,0.0032947386466000463,-0.09661627096100771,-0.009739713327443852,-0.00021348504280086725,-2.217477652916109e-05,4,-0.08687655763356386,50701.0,163332.0,87852.0
2,OOOWOOOO,0.0006189232880438437,0.0006784975823123532,0.000660039455504165,0.039732033284129144,-0.09264668323750894,1.845812680818814e-05,-4.111616746032133e-05,7,0.13237871652163807,10157.0,35966.0,16615.0
2,OOOWOOOW,0.0031164827038413514,0.0037972170204682116,0.004403425576831075,-0.213631536016118,-0.4985723199506049,-0.0006062085563628633,-0.0012869428729897236,6,0.2849407839344869,67762.0,201284.0,83662.0
2,OOOWOOWO,0.004311416271934666,0.0016168035587637746,0.004488489242013211,-1.472514882830448,-0.05805487619946776,-0.002871685683249436,-0.00017707297007854474,6,-1.4144600066309803,69071.0,85704.0,115740.0
2,OOOWOOWW,0.0025232625195441374,0.0010638900949370284,0.0036634561685583637,-1.7828945673882592,-0.5377371517477642,-0.0025995660736213354,-0.0011401936490142263,5,-1.2451574156404952,56375.0,56395.0,67737.0
2,OOOWOWOO,0.003375823295557345,0.005089241221586169,0.005731042597206195,-0.17131530507287673,-0.763382643804407,-0.0006418013756200255,-0.0023552193016488495,6,0.5920673387315303,88192.0,269772.0,90624.0
2,OOOWOWOW,0.0058117325132379365,0.010670160207944814,0.007953355218977528,0.4239001444531861,-0.45252846921543005,0.0027168049889672863,-0.002141622705739591,5,0.8764286136686161,122390.0,565607.0,156016.0
2,OOOWOWWO,0.004840788456490251,0.0003234965395510269,0.004370218905396337,-3.7517606299290938,0.14750441927878574,-0.004046722365845311,0.0004705695510939141,5,-3.8992650492078793,67251.0,17148.0,129951.0
2,OOOWOWWW,0.0020750599916029076,0.001358108197971657,0.0028482356340206313,-1.067914625647968,-0.4567268049601205,-0.0014901274360489742,-0.0007731756424177237,4,-0.6111878206878474,43830.0,71991.0,55705.0
2,OOOWWOOO,0.002831513510128718,0.0031071363453587784,0.003688214958806182,-0.24726406054571606,-0.3812310154989166,-0.0005810786134474036,-0.0008567014486774642,6,0.13396695495320052,56756.0,164704.0,76012.0
2,OOOWWOOW,0.0026920462341470056,0.0032414360809001684,0.004415512545298514,-0.44582947505320353,-0.7136686113344248,-0.0011740764643983453,-0.001723466311151508,5,0.2678391362812213,67948.0,171823.0,72268.0
2,OOOWWOWO,0.003194150778206167,0.002480932465381126,0.004162271060795242,-0.74625363246835,-0.381833478895289,-0.0016813385954141157,-0.0009681202825890748,5,-0.36442015357306096,64051.0,131510.0,85747.0
2,OOOWWOWW,0.0077927712963531725,0.0014702981863498911,0.005410218063207567,-1.8788637151259597,0.5263682163540366,-0.003939919876857676,0.002382553233145605,4,-2.4052319314799964,83255.0,77938.0,209197.0
2,OOOWWWOO,0.0025141360551703337,0.0029669130086149723,0.004362875747133861,-0.5561612180285332,-0.7949735802231067,-0.001395962738518889,-0.0018487396919635276,5,0.23881236219457347,67138.0,157271.0,67492.0
2,OOOWWWOW,0.004946953450226331,0.003587570586829854,0.005463894600595225,-0.606784372780629,-0.14336174376874478,-0.0018763240137653712,-0.0005169411503688943,4,-0.46342262901188425,84081.0,190171.0,132801.0
2,OOOWWWWO,0.0037560429766324887,0.0010171238293931167,0.002447546130954895,-1.2660123368948504,0.617672242111676,-0.0014304223015617784,0.0013084968456775936,4,-1.8836845790065264,37664.0,53916.0,100831.0
2,OOOWWWWW,0.001998658446987926,0.002574295211721109,0.003080942268869545,-0.259102016391832,-0.6240862369129346,-0.000506647057148436,-0.001082283821881619,3,0.36498422052110263,47411.0,136459.0,53654.0
2,OOWOOOOO,0.005276660944808098,0.019343463131572144,0.0033368480851317683,2.5349304899139162,0.6609803748425649,0.016006615046440374,0.0019398128596763296,7,1.8739501150713513,51349.0,1025364.0,141652.0
2,OOWOOOOW,0.0017243430035238955,0.002220482662194662,0.0014535554337616581,0.6109446024773245,0.24630492339644786,0.000766927228433004,0.00027078756976223737,6,0.3646396790808767,22368.0,117704.0,46290.0
2,OOWOOOWO,0.004633338333642454,0.004983559648541799,0.005780755128806144,-0.21404145041569628,-0.3191441353409592,-0.0007971954802643453,-0.0011474167951636902,6,0.10510268492526292,88957.0,264170.0,124382.0
2,OOWOOOWW,0.0037358530023851363,0.001506235957976011,0.00582845316566152,-1.9514552684459463,-0.641536744006682,-0.004322217207685509,-0.0020926001632763837,5,-1.3099185244392642,89691.0,79843.0,100289.0
2,OOWOOWOO,0.00037168923070126226,0.001052646571635628,0.0005577551094410011,0.9151029959149846,-0.5842429875561573,0.0004948914621946268,-0.00018606587873973887,6,1.4993459834711418,8583.0,55799.0,9978.0
2,OOWOOWOW,0.0035091069262898683,0.009850911069673151,0.005060215847263348,0.9609196023808267,-0.5279690235714142,0.0047906952224098034,-0.0015511089209734796,5,1.488888625952241,77869.0,522180.0,94202.0
2,OOWOOWWO,0.002239969615206284,0.0005164474729851243,0.004765384793839857,-3.2034111014753175,-1.0887723382794035,-0.004248937320854733,-0.002525415178633573,5,-2.114638763195914,73332.0,27376.0,60132.0
2,OOWOOWWW,0.0029924372901076165,0.00047102062045195,0.003590414488142229,-2.927630374333888,-0.2627491178913203,-0.003119393867690279,-0.0005979771980346126,4,-2.664881256442568,55251.0,24968.0,80332.0
2,OOWOWOOO,0.0006247716754180768,0.0017112038785627797,0.0009897667565997772,0.7892371316318885,-0.6629091036449297,0.0007214371219630025,-0.00036499508118170037,6,1.4521462352768182,15231.0,90708.0,16772.0
2,OOWOWOOW,0.002816985668880623,0.007958792109800928,0.003714078471978443,1.0993380671113087,-0.39872840979144264,0.004244713637822485,-0.00089709280309782,5,1.4980664769027512,57154.0,421882.0,75622.0
2,OOWOWOWO,0.002899645360494784,0.003921952215214619,0.004722950436800946,-0.2680540658978882,-0.7036199090697003,-0.0008009982215863272,-0.0018233050763061622,5,0.4355658431718121,72679.0,207896.0,77841.0
2,OOWOWOWW,0.0058671990661056635,0.002496741311902222,0.005684384299573824,-1.1866338039024802,0.045659941810468806,-0.0031876429876716017,0.00018281476653183963,4,-1.232293745712949,87474.0,132348.0,157505.0
2,OOWOWWOO,0.008239893548919543,0.01866787075494505,0.006083384226402176,1.617451497620196,0.43768951381068927,0.012584486528542875,0.002156509322517367,5,1.1797619838095066,93614.0,989552.0,221200.0
2,OOWOWWOW,0.005044401739213553,0.007386730699412233,0.004094623027598448,0.8510483457363917,0.3008862164091616,0.003292107671813785,0.0009497787116151046,4,0.5501621293272301,63010.0,391558.0,135417.0
2,OOWOWWWO,0.004068391563466532,0.0028934905376601905,0.004156097609158647,-0.522267182735734,-0.030763517464358164,-0.0012626070714984567,-8.770604569211492e-05,4,-0.49150366527137584,63956.0,153379.0,109216.0
2,OOWOWWWW,0.004937454477102576,0.005030420238945622,0.0050290236705731834,0.00040050360489756164,-0.026505577937909846,1.3965683724383865e-06,-9.156919347060727e-05,3,0.02690608154280741,77389.0,266654.0,132546.0
2,OOWWOOOO,0.002751237874514244,0.006762715156184518,0.001966796707717737,1.7812347199347534,0.4840239826904913,0.004795918448466781,0.000784441166796507,6,1.297210737244262,30266.0,358480.0,73857.0
2,OOWWOOOW,0.004053528464343481,0.00960511934971687,0.003089845035966529,1.635952408839207,0.39153281651655475,0.006515274313750341,0.0009636834283769519,5,1.2444195923226522,47548.0,509151.0,108817.0
2,OOWWOOWO,0.0055333567243994386,0.009514812728838005,0.007023893337312069,0.437850559514409,-0.34406068250214117,0.002490919391525936,-0.0014905366129126301,5,0.7819112420165502,108087.0,504364.0,148543.0
2,OOWWOOWW,0.004348480892554805,0.004876821637066426,0.005485664140576902,-0.16969226033974072,-0.3350860390908161,-0.0006088425035104764,-0.0011371832480220967,4,0.16539377875107536,84416.0,258512.0,116735.0
2,OOWWOWOO,0.004568000298901021,0.013619943821999934,0.0040341881852612544,1.7551188122008368,0.17924258024816717,0.00958575563673868,0.0005338121136397667,5,1.5758762319526696,62080.0,721970.0,122628.0
2,OOWWOWOW,0.00236453654118995,0.007491261509165688,0.0031544388351957445,1.2475605975841615,-0.4156732117751713,0.004336822673969943,-0.0007899022940057944,4,1.6632338093593328,48542.0,397099.0,63476.0
2,OOWWOWWO,0.005410764094790513,0.0017592152322575174,0.004928493884448841,-1.4856876846401206,0.13465942048384655,-0.0031692786521913237,0.00048227021034167195,4,-1.620347105123967,75842.0,93253.0,145252.0
2,OOWWOWWW,0.005425180183413624,0.004145690782923692,0.004604420165378322,-0.1513723133680919,0.23660417156228242,-0.0004587293824546302,0.0008207600180353018,3,-0.3879764849303743,70855.0,219756.0,145639.0
2,OOWWWOOO,0.004833971546366145,0.008578996928688236,0.004416357333417205,0.9577935902239639,0.13032385844748043,0.0041626395952710305,0.0004176142129489399,5,0.8274697317764835,67961.0,454758.0,129768.0
2,OOWWWOOW,0.001762860408268845,0.005647550067399828,0.003945680383902913,0.5172408986257112,-1.1619032987528808,0.0017018696834969153,-0.0021828199756340682,4,1.679144197378592,60718.0,299367.0,47324.0
2,OOWWWOWO,0.0017242685017739053,0.003231777215245274,0.0030180380458777133,0.09868515070229837,-0.8072680332711357,0.0002137391693675609,-0.001293769544103808,4,0.905953183973434,46443.0,171311.0,46288.0
2,OOWWWOWW,0.003675357581393069,0.004883990326419667,0.005938795490702977,-0.2820575540949984,-0.6921361620010887,-0.0010548051642833099,-0.002263437909309908,3,0.41007860790609035,91389.0,258892.0,98665.0
2,OOWWWWOO,0.009859114583207224,0.01112837151242084,0.005076526756324246,1.1321742824195418,0.9574784751790173,0.006051844756096594,0.004782587826882978,4,0.17469580724052447,78120.0,589896.0,264668.0
2,OOWWWWOW,0.005525757545900435,0.014072042875553723,0.005970247602198893,1.2368300045689529,-0.11159906822140381,0.00810179527335483,-0.0004444900562984577,3,1.3484290727903567,91873.0,745935.0,148339.0
2,OOWWWWWO,0.0015102249740519718,0.0021173667253398735,0.0027913099115610815,-0.39850670556236073,-0.8857406230005513,-0.0006739431862212079,-0.0012810849375091097,3,0.4872339174381906,42954.0,112238.0,40542.0
2,OOWWWWWW,0.0025227037564192105,0.007538103234597529,0.004199766656524877,0.8437402777450499,-0.7351100791768146,0.003338336578072652,-0.0016770629001056662,2,1.5788503569218646,64628.0,399582.0,67722.0
2,OWOOOOOO,0.0011378652276007974,0.0047293730160534305,0.001966016903300483,1.265944597247637,-0.78841232550833,0.0027633561127529474,-0.0008281516756996857,7,2.054356922755967,30254.0,250696.0,30546.0
2,OWOOOOOW,0.0005141738275575789,0.0006157149555555409,0.0005606143923042662,0.1350239250248702,-0.12452060568772567,5.510056325127471e-05,-4.644056474668726e-05,6,0.25954453071259587,8627.0,32638.0,13803.0
2,OWOOOOWO,0.0058460778199834335,0.00162289694471403,0.00507100314170203,-1.6430955595864642,0.20516015346293834,-0.0034481061969879995,0.0007750746782814039,6,-1.8482557130494026,78035.0,86027.0,156938.0
2,OWOOOOWW,0.001397727331566723,0.000342436971421171,0.0035659156327001625,-3.376559831783653,-1.350562342132526,-0.0032234786612789913,-0.0021681883011334395,5,-2.025997489651127,54874.0,18152.0,37522.0
2,OWOOOWOO,0.0009713910672476264,0.0010214627729490263,0.0014163197728377745,-0.47111697618345894,-0.5435567475378129,-0.00039485699988874826,-0.0004449287055901482,6,0.07243977135435398,21795.0,54146.0,26077.0
2,OWOOOWOW,0.0010669023107351024,0.0015991082150444568,0.0020615429444141116,-0.36625468053920107,-0.9496444795563157,-0.0004624347293696548,-0.0009946406336790092,5,0.5833897990171146,31724.0,84766.0,28641.0
2,OWOOOWWO,0.004159209196704624,9.028775590688212e-05,0.004584860071245531,-5.650627154512159,-0.14053625819527485,-0.004494572315338649,-0.0004256508745409072,5,-5.510090896316884,70554.0,4786.0,111654.0
2,OWOOOWWW,0.0014833298423054984,0.0005264270431637162,0.003063591620585641,-2.5386513863796436,-1.0458831190222022,-0.002537164577421925,-0.0015802617782801427,4,-1.4927682673574414,47144.0,27905.0,39820.0
2,OWOOWOOO,0.00085323129176312,0.0018017368791054306,0.001213700591754582,0.5695880899608423,-0.50790209954647,0.0005880362873508485,-0.000360469299991462,6,1.0774901895073123,18677.0,95507.0,22905.0
2,OWOOWOOW,0.0023022903290731123,0.0023073558581727634,0.0023269363810862597,-0.012185983885854762,-0.015355358271456272,-1.9580522913496302e-05,-2.464605201314739e-05,5,0.00316937438560151,35808.0,122309.0,61805.0
2,OWOOWOWO,0.003976307400478607,0.0029084693254140697,0.0038792670410334384,-0.4153999066838494,0.03563612782273977,-0.0009707977156193687,9.704035944516857e-05,5,-0.4510360345065892,59696.0,154173.0,106744.0
2,OWOOWOWW,0.007037621558452192,0.0018733671777219018,0.006228882733921505,-1.732801411103937,0.17608791213269737,-0.004355515556199603,0.0008087388245306866,4,-1.9088893232366342,95853.0,99304.0,188925.0
2,OWOOWWOO,0.005574854199143997,0.006668126186665691,0.0047352323563726985,0.49375788625402633,0.2354529768735442,0.0019328938302929921,0.0008396218427712985,5,0.2583049093804821,72868.0,353466.0,149657.0
2,OWOOWWOW,0.0032487978118240016,0.003485680873153909,0.002210160669602457,0.6570504644910864,0.5555461032356529,0.0012755202035514522,0.0010386371422215447,4,0.1015043612554335,34011.0,184770.0,87214.0
2,OWOOWWWO,0.007122032041191124,0.00316846636927296,0.006293866435359348,-0.9899358072710226,0.1783157127797142,-0.003125400066086388,0.0008281656058317759,4,-1.1682515200507368,96853.0,167955.0,191191.0
2,OWOOWWWW,0.00276286014751272,0.0040882092132938815,0.0031738689619256596,0.36512482834455634,-0.2000124313886948,0.0009143402513682218,-0.00041100881441293946,3,0.5651372597332511,48841.0,216709.0,74169.0
2,OWOWOOOO,0.001788712515515455,0.0012343351167963428,0.001212075999218636,0.026232525332863646,0.5610579254642576,2.2259117577706853e-05,0.000576636516296819,6,-0.5348254001313939,18652.0,65430.0,48018.0
2,OWOWOOOW,0.0029630463497364707,0.002594971221013617,0.0028048265214601527,-0.11215142313780267,0.0791421948830046,-0.00020985530044653582,0.000158219828276318,5,-0.19129361802080727,43162.0,137555.0,79543.0
2,OWOWOOWO,0.004524901036531672,0.001622802619854119,0.005148203779010187,-1.6649730882824938,-0.18614432677417378,-0.0035254011591560677,-0.0006233027424785145,5,-1.47882876150832,79223.0,86022.0,121471.0
2,OWOWOOWW,0.007691709672491424,0.002236951782735136,0.005426723923372779,-1.2781683877473624,0.5031445200409813,-0.003189772140637643,0.0022649857491186453,4,-1.7813129077883438,83509.0,118577.0,206484.0
2,OWOWOWOO,0.0026483137069027397,0.003249038664609001,0.00401053411793788,-0.30369718587646033,-0.5985353831240104,-0.0007614954533288784,-0.0013622204110351399,5,0.2948381972475501,61716.0,172226.0,71094.0
2,OWOWOWOW,0.0030879485335950927,0.003455893082393991,0.0026988381044150316,0.3566030846702818,0.19424293498197148,0.0007570549779789596,0.0003891104291800611,4,0.1623601496883103,41531.0,183191.0,82896.0
2,OWOWOWWO,0.003134251371214021,0.00033747548378984836,0.0028852763438402015,-3.0920861894761646,0.11937168092501928,-0.0025478008600503532,0.0002489750273738196,4,-3.211457870401184,44400.0,17889.0,84139.0
2,OWOWOWWW,0.004527769353906296,0.003065293837502225,0.004519421483897623,-0.5599613412040143,0.0026617703827230615,-0.0014541276463953985,8.347870008672438e-06,3,-0.5626231115867374,69547.0,162486.0,121548.0
2,OWOWWOOO,0.006545798255891682,0.0036999869548718744,0.004557956818850264,-0.3007936939891875,0.5220857774997063,-0.0008579698639783894,0.0019878414370414184,5,-0.8228794714888938,70140.0,196130.0,175722.0
2,OWOWWOOW,0.002691561972772069,0.002036586915312028,0.002256429065026201,-0.14781905449335309,0.25429889587843163,-0.00021984214971417296,0.000435132907745868,4,-0.4021179503717847,34723.0,107956.0,72255.0
2,OWOWWOWO,0.004184241784701341,0.0006664240002437355,0.002751799821086873,-2.0442242322417843,0.6044112673852874,-0.002085375820843138,0.0014324419636144682,4,-2.648635499627072,42346.0,35326.0,112326.0
2,OWOWWOWW,0.0024133724383085466,0.0008293796282261107,0.0026912350113468043,-1.696961396109629,-0.1571561098590341,-0.0018618553831206935,-0.0002778625730382577,3,-1.5398052862505949,41414.0,43964.0,64787.0
2,OWOWWWOO,0.00519344249006901,0.0038732805875005033,0.004991852993350737,-0.36593598721698367,0.0571044862180946,-0.001118572405850234,0.0002015894967182727,4,-0.4230404734350783,76817.0,205316.0,139418.0
2,OWOWWWOW,0.0022153467868345125,0.002108462458564268,0.0034439412251013324,-0.7076039564039672,-0.6362957346808403,-0.0013354787665370645,-0.00122859443826682,3,-0.0713082217231269,52997.0,111766.0,59471.0
2,OWOWWWWO,0.003298676733442461,0.001462393763089343,0.004054528083811299,-1.470571769510703,-0.29756509302500933,-0.002592134320721956,-0.0007558513503688382,3,-1.1730066764856937,62393.0,77519.0,88553.0
2,OWOWWWWW,0.004631140532017742,0.0033292713904493625,0.0035459656363587447,-0.09094560307178753,0.38509366988755084,-0.00021669424590938218,0.0010851748956589974,2,-0.47603927295933834,54567.0,176479.0,124323.0
2,OWWOOOOO,0.004139093724207261,0.009788071848000393,0.003454013698824198,1.5024806462299714,0.2609719973080835,0.006334058149176195,0.0006850800253830631,6,1.2415086489218878,53152.0,518849.0,111114.0
2,OWWOOOOW,0.0011177870059784303,0.0017069592598667812,0.0009052879447305821,0.9142321630381702,0.3038940034373164,0.000801671315136199,0.00021249906124784816,5,0.6103381596008539,13931.0,90483.0,30007.0
2,OWWOOOWO,0.0033807031601817052,0.0018333168422036588,0.00474361525385818,-1.3710482445524996,-0.4885410741089895,-0.0029102984116545208,-0.0013629120936764745,5,-0.8825071704435101,72997.0,97181.0,90755.0
2,OWWOOOWW,0.006306573136673051,0.0005092976486038648,0.004574592646418352,-3.1645477192298603,0.4631264111322491,-0.004065294997814487,0.001731980490254699,4,-3.6276741303621094,70396.0,26997.0,169300.0
2,OWWOOWOO,0.00022231322197084917,0.00037484699328661677,0.00038294895257320514,-0.03076904951775191,-0.7818458390332049,-8.101959286588366e-06,-0.00016063573060235597,5,0.751076789515453,5893.0,19870.0,5968.0
2,OWWOOWOW,0.0030814668813459426,0.0028731352328913804,0.0019990286236309072,0.5231072971802967,0.6240647466636287,0.0008741066092604732,0.0010824382577150353,4,-0.10095744948333196,30762.0,152300.0,82722.0
2,OWWOOWWO,0.003997354144850847,0.00019200768483498669,0.00358677540086171,-4.216359382203951,0.1563166824693437,-0.0033947677160267235,0.0004105787439891372,4,-4.3726760646732945,55195.0,10178.0,107309.0
2,OWWOOWWW,0.003910596856987223,0.0013190765709404537,0.005339190877536005,-2.0162696944927543,-0.4491336212228883,-0.004020114306595552,-0.0014285940205487823,3,-1.567136073269866,82162.0,69922.0,104980.0
2,OWWOWOOO,0.0006702922446621079,0.002157454790802081,0.0013500363973711752,0.6759323337532595,-1.0090536614880525,0.0008074183934309058,-0.0006797441527090673,5,1.684985995241312,20775.0,114363.0,17994.0
2,OWWOWOOW,0.0029681124687358064,0.004870784846032116,0.0033350935251929463,0.5462906861567298,-0.1681279913152655,0.00153569132083917,-0.0003669810564571399,4,0.7144186774719954,51322.0,258192.0,79679.0
2,OWWOWOWO,0.0034542736382970583,0.0012618025160024483,0.0034187925326448873,-1.4372797641055293,0.014891164203868197,-0.0021569900166424393,3.548110565217101e-05,4,-1.4521709283093975,52610.0,66886.0,92730.0
2,OWWOWOWW,0.003290593293568521,0.0010094646507683373,0.003809474545689196,-1.914951825464342,-0.2111845894395348,-0.0028000098949208588,-0.0005188812521206747,3,-1.7037672360248073,58622.0,53510.0,88336.0
2,OWWOWWOO,0.007101246052943849,0.013682481204120977,0.0064199997998502,1.0915654530324157,0.14547738877534205,0.007262481404270777,0.0006812462530936493,4,0.9460880642570737,98794.0,725285.0,190633.0
2,OWWOWWOW,0.0019700497749916774,0.006600117962669805,0.002435004276577392,1.4381937134131408,-0.30555245672763326,0.004165113686092414,-0.00046495450158571443,3,1.7437461701407742,37471.0,349861.0,52886.0
2,OWWOWWWO,0.006370756394289635,0.0022069564772834137,0.00491289779610376,-1.1541561171430228,0.3748232591622973,-0.002705941318820346,0.0014578585981858752,3,-1.52897937630532,75602.0,116987.0,171023.0
2,OWWOWWWW,0.0051161096735791506,0.005400758503928489,0.005311442837022047,0.02405373028804951,-0.054046257967486154,8.931566690644193e-05,-0.00019533316344289616,2,0.07809998825553566,81735.0,286285.0,137342.0
2,OWWWOOOO,4.622833586893831e-05,0.0005959067349742148,0.00013614085451227976,2.121847115343299,-1.5379338097516708,0.0004597658804619351,-8.991251864334145e-05,5,3.65978092509497,2095.0,31588.0,1241.0
2,OWWWOOOW,0.004758352270126061,0.010560592450672108,0.004341366141957935,1.2822740949423657,0.13228386452881857,0.006219226308714173,0.0004169861281681257,4,1.1499902304135472,66807.0,559799.0,127738.0
2,OWWWOOWO,0.005112161080829668,0.004986766693778776,0.0052409355209619875,-0.07170562404522898,-0.03588413151606219,-0.0002541688271832116,-0.00012877444013231938,4,-0.03582149252916679,80650.0,264340.0,137236.0
2,OWWWOOWW,0.003163158050210231,0.0013646354782775036,0.0029897051520508143,-1.1309132407024676,0.08133597956297334,-0.0016250696737733106,0.0001734528981594168,3,-1.212249220265441,46007.0,72337.0,84915.0
2,OWWWOWOO,0.005766919710618813,0.010476039646247819,0.005561435136453426,0.913442618943181,0.05233447461875057,0.004914604509794393,0.0002054845741653868,4,0.8611081443244304,85582.0,555317.0,154813.0
2,OWWWOWOW,0.0019436016537451451,0.006159186972529488,0.003129485093843613,0.976587908240602,-0.6869115782813772,0.003029701878685875,-0.0011858834400984679,3,1.6634994865219792,48158.0,326488.0,52176.0
2,OWWWOWWO,0.003568261315782112,0.00041472754405701975,0.0028502501287652046,-2.7778843645901827,0.3240309223738139,-0.002435522584708185,0.0007180111870169073,3,-3.1019152869639965,43861.0,21984.0,95790.0
2,OWWWOWWW,0.0014457437094354268,0.0017341625494651355,0.002003642466432994,-0.20827413060660863,-0.4705355797835519,-0.0002694799169678586,-0.0005578987569975673,2,0.2622614491769433,30833.0,91925.0,38811.0
2,OWWWWOOO,0.003995305346726116,0.004398368217653483,0.0023028274278528204,0.9332637034925937,0.7946341664316906,0.0020955407898006623,0.0016924779188732956,4,0.13862953706090309,35437.0,233150.0,107254.0
2,OWWWWOOW,0.002573588451662538,0.006621925870281245,0.00391266866357249,0.7589470897448108,-0.6041797849272488,0.0027092572067087557,-0.0013390802119099517,3,1.3631268746720595,60210.0,351017.0,69088.0
2,OWWWWOWO,0.010880421822948304,0.0031009109046046474,0.005070418288389089,-0.7092320233680527,1.1014059016250375,-0.0019695073837844414,0.005810003534559216,3,-1.8106379249930902,78026.0,164374.0,292085.0
2,OWWWWOWW,0.004275320174064398,0.001270631322890125,0.0036782074687847542,-1.5327145729349838,0.2169748421932056,-0.0024075761458946295,0.000597112705279644,2,-1.7496894151281894,56602.0,67354.0,114771.0
2,OWWWWWOO,0.003767143737381033,0.005192998567488352,0.003578067584869039,0.5372618291587409,0.07427021123114247,0.0016149309826193133,0.00018907615251199418,3,0.4629916179275984,55061.0,275272.0,101129.0
2,OWWWWWOW,0.004473792836038374,0.00977135748282415,0.00523664659666709,0.8997879208123128,-0.22709782576618945,0.00453471088615706,-0.0007628537606287162,2,1.1268857465785023,80584.0,517963.0,120099.0
2,OWWWWWWO,0.0052255527443147995,0.003898484190068743,0.005393582235639479,-0.46822793760450415,-0.04565153185505702,-0.0014950980455707362,-0.00016802949132467982,2,-0.4225764057494471,82999.0,206652.0,140280.0
2,OWWWWWWW,0.0021297815269707325,0.0043037037882467264,0.0025287107740507605,0.7669415188108684,-0.24758977020338277,0.001774993014195966,-0.000398929247080028,1,1.014531289014251,38913.0,228132.0,57174.0
2,WOOOOOOO,0.009338608106900475,0.012235349203365246,0.0034023516561811134,1.8461450518665408,1.4564057877006342,0.008832997547184133,0.005936256450719361,7,0.38973926416590654,52357.0,648575.0,250695.0
2,WOOOOOOW,0.0021496734942181243,0.0011638178515268223,0.001060339056361274,0.13421875639462197,1.01890290319085,0.00010347879516554837,0.0010893344378568503,6,-0.8846841467962281,16317.0,61692.0,57708.0
2,WOOOOOWO,0.006184241263189091,0.0012699710488707475,0.005344259606248157,-2.0723288499034496,0.21056985261729927,-0.0040742885573774095,0.000839981656940934,6,-2.282898702520749,82240.0,67319.0,166016.0
2,WOOOOOWW,0.010573623616488533,0.00019510154024006998,0.005617256135988533,-4.840449626306314,0.9124120108232475,-0.005422154595748463,0.0049563674805,5,-5.752861637129562,86441.0,10342.0,283849.0
2,WOOOOWOO,0.006599998279009575,0.004247052277384134,0.0027863711502518055,0.6078964041702763,1.243779105760154,0.0014606811271323287,0.0038136271287577696,6,-0.6358827015898776,42878.0,225129.0,177177.0
2,WOOOOWOW,0.006212067666810443,0.004882198154081356,0.0043735330741696676,0.1586972861304674,0.5061767310288988,0.0005086650799116885,0.0018385345926407752,5,-0.3474794448984314,67302.0,258797.0,166763.0
2,WOOOOWWO,0.003469658249670041,0.00011607617260657034,0.003610624419289398,-4.947128478705365,-0.0574385593919338,-0.003494548246682828,-0.00014096616961935694,5,-4.889689919313431,55562.0,6153.0,93143.0
2,WOOOOWWW,0.006368782097914893,0.0010080686428416534,0.005511527653749163,-2.4496896695414287,0.20853003256828526,-0.00450345901090751,0.0008572544441657302,4,-2.658219702109714,84814.0,53436.0,170970.0
2,WOOOWOOO,0.0001860308697256067,0.0005105616017266731,0.00021685061169808,1.2315688141265118,-0.22006275542470466,0.00029371099002859316,-3.081974197247331e-05,6,1.4516315695512163,3337.0,27064.0,4994.0
2,WOOOWOOW,0.00835119916340495,0.0063413848719337225,0.005191417940466352,0.28861891517957783,0.6857496029845642,0.0011499669314673708,0.0031597812229385977,5,-0.3971306878049864,79888.0,336146.0,224188.0
2,WOOOWOWO,0.0034694347444200703,0.001497558070864192,0.003922741137295355,-1.3886548740987466,-0.1771134633362977,-0.002425183066431163,-0.00045330639287528493,5,-1.211541410762449,60365.0,79383.0,93137.0
2,WOOOWOWW,0.008252856853417844,0.00101442613839966,0.006184108963630832,-2.606713708996772,0.41626940639569027,-0.005169682825231172,0.0020687478897870124,4,-3.0229831153924622,95164.0,53773.0,221548.0
2,WOOOWWOO,0.006075319704703374,0.00831818869103411,0.0066954007265437755,0.3130569755028016,-0.14018808530982527,0.0016227879644903354,-0.0006200810218404016,5,0.45324506081262683,103032.0,440933.0,163092.0
2,WOOOWWOW,0.002872861981373296,0.006032697335388735,0.005050143373540482,0.2564323369392423,-0.8136192150210227,0.0009825539618482527,-0.0021772813921671864,4,1.070051551960265,77714.0,319783.0,77122.0
2,WOOOWWWO,0.006563157163639406,0.0009905242188981932,0.006553281371499214,-2.7247176911108624,0.002172173006551902,-0.005562757152601021,9.87579214019145e-06,4,-2.7268898641174144,100845.0,52506.0,176188.0
2,WOOOWWWW,0.003167367399084679,0.0018057739831096246,0.004198466982496121,-1.216790180637209,-0.4064665875396897,-0.002392692999386496,-0.0010310995834114417,3,-0.8103235930975192,64608.0,95721.0,85028.0
2,WOOWOOOO,0.0017589118155193627,0.002659395100332882,0.001679633731063912,0.6626351739548072,0.06649779601260863,0.00097976136926897,7.927808445545078e-05,6,0.5961373779421986,25847.0,140970.0,47218.0
2,WOOWOOOW,0.00476446141362526,0.0038691868885803627,0.003737537588197504,0.04992919643789298,0.3501418708524353,0.00013164930038285852,0.001026923825427756,5,-0.30021267441454236,57515.0,205099.0,127902.0
2,WOOWOOWO,0.004274016393439569,0.00177958940199831,0.0056506577585275835,-1.6663192304496108,-0.4027441522330484,-0.0038710683565292736,-0.0013766413650880141,5,-1.2635750782165625,86955.0,94333.0,114736.0
2,WOOWOOWW,0.004163306792954086,0.0006398055247768298,0.004451383548492203,-2.796619387050483,-0.09650151948911442,-0.003811578023715373,-0.0002880767555381164,4,-2.7001178675613686,68500.0,33915.0,111764.0
2,WOOWOWOO,0.0031471029230873363,0.004465697302658008,0.004255262737552794,0.06962127934909114,-0.43510450199419937,0.00021043456510521415,-0.0011081598144654578,5,0.5047257813432905,65482.0,236719.0,84484.0
2,WOOWOWOW,0.007044848228201245,0.007569532277919899,0.006066228529222586,0.3193570853012651,0.21573574546894975,0.0015033037486973135,0.0009786196989786588,4,0.10362133983231536,93350.0,401248.0,189119.0
2,WOOWOWWO,0.0037350334831352436,0.0004493070377004203,0.00574202484274919,-3.6728298720658628,-0.6203034175915929,-0.00529271780504877,-0.0020069913596139463,4,-3.05252645447427,88361.0,23817.0,100267.0
2,WOOWOWWW,0.005117152698079014,0.0018340148461670007,0.005148268762711624,-1.4885758373999067,-0.008744382363297382,-0.0033142539165446233,-3.111606463261033e-05,3,-1.4798314550366094,79224.0,97218.0,137370.0
2,WOOWWOOO,0.006102810850449769,0.0067680350782835024,0.006250912208708934,0.114652673472781,-0.03458726417854166,0.0005171228695745687,-0.00014810135825916483,5,0.14923993765132265,96192.0,358762.0,163830.0
2,WOOWWOOW,0.002715998546768865,0.004277179637639732,0.004727434312200157,-0.14436549333545864,-0.799348760910754,-0.0004502546745604255,-0.0020114357654312924,4,0.6549832675752953,72748.0,226726.0,72911.0
2,WOOWWOWO,0.0010729742033593062,0.00036820652314887697,0.0021976837989263914,-2.5741401917647617,-1.0336807991539012,-0.0018294772757775145,-0.0011247095955670852,4,-1.5404593926108605,33819.0,19518.0,28804.0
2,WOOWWOWW,0.0014601225471835414,0.0005112596056900151,0.002220038192221009,-2.1162871637428133,-0.6041570163449699,-0.0017087785865309941,-0.0007599156450374678,3,-1.5121301473978435,34163.0,27101.0,39197.0
2,WOOWWWOO,0.004737640783628777,0.004007618052985858,0.0058916823071605414,-0.5558195261720504,-0.31445118761776447,-0.0018840642541746834,-0.0011540415235317646,4,-0.24136833855428597,90664.0,212437.0,127182.0
2,WOOWWWOW,0.0026563226450266896,0.003816629076637911,0.004255457688657108,-0.15697635303740945,-0.6796798827388785,-0.00043882861201919665,-0.001599135043630418,3,0.522703529701469,65485.0,202313.0,71309.0
2,WOOWWWWO,0.0032032772425799705,0.0009399283640418919,0.0031037515480742276,-1.7223210289483466,0.045521154857775976,-0.002163823184032336,9.95256945057429e-05,3,-1.7678421838061227,47762.0,49824.0,85992.0
2,WOOWWWWW,0.0037958641620022674,0.0033296675548609893,0.003458952460133474,-0.054940854367890896,0.1340561701776486,-0.0001292849052724845,0.0003369117018687936,2,-0.1889970245455395,53228.0,176500.0,101900.0
2,WOWOOOOO,0.00475943254550092,0.013827552838664213,0.002407711121973498,2.5213169001417652,0.9828312858238917,0.011419841716690714,0.0023517214235274217,6,1.5384856143178736,37051.0,732975.0,127767.0
2,WOWOOOOW,0.00026820629996483146,0.0007211324189921596,0.0004088124657454664,0.8172995423378094,-0.6062516968731095,0.00031231995324669325,-0.00014060616578063492,5,1.4235512392109189,6291.0,38226.0,7200.0
2,WOWOOOWO,0.007001748965831896,0.001961994816094349,0.005336591529478491,-1.4431325414850755,0.3917324663466256,-0.0033745967133841422,0.0016651574363534044,5,-1.8348650078317013,82122.0,104002.0,187962.0
2,WOWOOOWW,0.006207709314436014,0.00042157552888656387,0.00424635997045581,-3.329285255408415,0.5477270031911702,-0.0038247844415692464,0.001961349343980204,4,-3.877012258599585,65345.0,22347.0,166646.0
2,WOWOOWOO,3.326503137063812e-05,0.0009339481679235297,0.00018884263637836994,2.3000823456959414,-2.4699951278036365,0.0007451055315451597,-0.00015557760500773182,5,4.770077473499578,2906.0,49507.0,893.0
2,WOWOOWOW,0.004197652099699583,0.0033707177338942896,0.002222572556577085,0.6006042834327453,0.9170467699105087,0.0011481451773172045,0.001975079543122498,4,-0.3164424864777634,34202.0,178676.0,112686.0
2,WOWOOWWO,0.0021313460637205272,3.278732130509008e-05,0.0025916799807440298,-6.261818355821957,-0.2820025470317709,-0.0025588926594389398,-0.00046033391702350254,4,-5.979815808790185,39882.0,1738.0,57216.0
2,WOWOOWWW,0.0008214935462672817,0.0006175071278938513,0.0036479900476161574,-2.5606350895349914,-2.149420952237344,-0.0030304829197223063,-0.0028264965013488756,3,-0.4112141372976472,56137.0,32733.0,22053.0
2,WOWOWOOO,0.0009088468481308274,0.001982067146283426,0.0006920114366115834,1.5167824616358332,0.3927445600645381,0.0012900557096718426,0.000216835411519244,5,1.1240379015712951,10649.0,105066.0,24398.0
2,WOWOWOOW,0.0019442349186200622,0.006902749843208502,0.0029682605305763263,1.217276504869397,-0.6101592901379664,0.003934489312632176,-0.0010240256119562641,4,1.8274357950073634,45677.0,365903.0,52193.0
2,WOWOWOWO,0.006665373564626003,0.0023471609490552377,0.006399854852404468,-1.4467332961082955,0.05863757022915584,-0.00405269390334923,0.00026551871222153453,4,-1.5053708663374514,98484.0,124419.0,178932.0
2,WOWOWOWW,0.002877443838997695,0.0010125773711454028,0.00464360533734534,-2.1960997920135785,-0.6902669484805017,-0.0036310279661999375,-0.0017661614983476453,3,-1.5058328435330768,71458.0,53675.0,77245.0
2,WOWOWWOO,0.0032806473099448253,0.009498362473269514,0.0046929279667366625,1.0170349913474837,-0.516375506630672,0.004805434506532851,-0.0014122806567918372,4,1.5334104979781555,72217.0,503492.0,88069.0
2,WOWOWWOW,0.003414228947677309,0.005862705072856993,0.002603312063301403,1.170910211287383,0.39107996543039997,0.00325939300955559,0.0008109168843759059,3,0.779830245856983,40061.0,310772.0,91655.0
2,WOWOWWWO,0.004330116211182213,0.0014819756040068822,0.006089752629143084,-2.0381256471128797,-0.491881628875341,-0.0046077770251362025,-0.001759636417960871,3,-1.5462440182375388,93712.0,78557.0,116242.0
2,WOWOWWWW,0.004981596763971788,0.0031610524352839496,0.005246004249674139,-0.7306326668185417,-0.07459613541781628,-0.0020849518143901897,-0.0002644074857023511,2,-0.6560365314007254,80728.0,167562.0,133731.0
2,WOWWOOOO,0.0004704413003133134,0.003755544297359498,0.0008332860035374528,2.1707921674597555,-0.8234638916258802,0.0029222582938220453,-0.0003628447032241394,5,2.9942560590856355,12823.0,199075.0,12629.0
2,WOWWOOOW,0.0017702360815178779,0.011194776213798236,0.004167404773208832,1.42538727255098,-1.2347388610103873,0.0070273714405894045,-0.0023971686916909535,4,2.6601261335613673,64130.0,593416.0,47522.0
2,WOWWOOWO,0.0039828263036027515,0.004771234388881967,0.004863640150413875,-0.027668186278054147,-0.28817834249189545,-9.240576153190811e-05,-0.0008808138468111232,4,0.2605101562138413,74844.0,252915.0,106919.0
2,WOWWOOWW,0.0037965719286271746,0.001833769601531232,0.0024061515131389897,-0.39172804195088645,0.6577503385183565,-0.0005723819116077577,0.001390420415488185,3,-1.049478380469243,37027.0,97205.0,101919.0
2,WOWWOWOO,0.0025098522045458958,0.008200810835360768,0.0026787581406707383,1.6138396727445585,-0.09392568709195828,0.005522052694690029,-0.00016890593612484258,4,1.7077653598365168,41222.0,434711.0,67377.0
2,WOWWOWOW,0.0027429681802653284,0.008223203557103657,0.0033911744595338045,1.27766560347514,-0.30594661785701033,0.004832029097569852,-0.0006482062792684761,3,1.5836122213321502,52185.0,435898.0,73635.0
2,WOWWOWWO,0.009356414025148141,0.0010611358090276248,0.004653092957755265,-2.131531779637949,1.0076098614071727,-0.0035919571487276402,0.004703321067392876,3,-3.139141641045122,71604.0,56249.0,251173.0
2,WOWWOWWW,0.003187147613707085,0.0020957097375042906,0.0040963126038358316,-0.9665508145289177,-0.36195953843978673,-0.002000602866331541,-0.0009091649901287464,2,-0.604591276089131,63036.0,111090.0,85559.0
2,WOWWWOOO,0.0022788222778261894,0.004981993855867275,0.0027284706722706877,0.8683915995119316,-0.25969983128874574,0.0022535231835965875,-0.0004496483944444983,4,1.1280914308006773,41987.0,264087.0,61175.0
2,WOWWWOOW,0.0038140798398748786,0.005351502062082925,0.0019333950851786862,1.4683309622459642,0.97983076512568,0.0034181069769042387,0.0018806847546961923,3,0.48850019712028414,29752.0,283674.0,102389.0
2,WOWWWOWO,0.0021548886167174403,0.0028150311191861574,0.0028522646235097774,-0.018950277713396,-0.4043309109563607,-3.723350432361999e-05,-0.0006973760067923371,3,0.3853806332429647,43892.0,149220.0,57848.0
2,WOWWWOWW,0.004309777233434881,0.0028337074414485504,0.00366839492986764,-0.37234233921460863,0.23240582336767052,-0.0008346874884190897,0.0006413823035672406,2,-0.6047481625822791,56451.0,150210.0,115696.0
2,WOWWWWOO,0.00555630326339643,0.014143956148749927,0.006499149948201491,1.1217427998586156,-0.226088028565515,0.007644806200548435,-0.0009428466848050614,3,1.3478308284241305,100012.0,749747.0,149159.0
2,WOWWWWOW,0.004149374965705914,0.00979937196621774,0.004499471487556206,1.1227603548265161,-0.11683446925611558,0.005299900478661535,-0.0003500965218502924,2,1.2395948240826318,69240.0,519448.0,111390.0
2,WOWWWWWO,0.00390154489436341,0.0025128142680310695,0.0033061757780531065,-0.39572166667207426,0.23881550134005475,-0.000793361510022037,0.0005953691163103035,2,-0.634537168012129,50877.0,133200.0,104737.0
2,WOWWWWWW,0.005312459035678404,0.004840393376168767,0.00310427141768573,0.6407029484096409,0.774931980850897,0.001736121958483037,0.002208187617992674,1,-0.13422903244125606,47770.0,256581.0,142613.0
2,WWOOOOOO,0.0012056618200919076,0.0051070497551373795,0.0016819731443156742,1.601760422376899,-0.47999075336037,0.0034250766108217053,-0.00047631132422376664,6,2.081751175737269,25883.0,270716.0,32366.0
2,WWOOOOOW,0.0003033711259602205,0.0007976676103240069,0.0004999845988627593,0.6728289537457741,-0.7189347484793552,0.0002976830114612476,-0.0001966134729025388,5,1.3917637022251292,7694.0,42283.0,8144.0
2,WWOOOOWO,0.0039029976784882192,0.0005230879431228641,0.004721780730175065,-3.171755730799898,-0.2746843604239451,-0.004198692787052201,-0.0008187830516868454,5,-2.897071370375953,72661.0,27728.0,104776.0
2,WWOOOOWW,0.004802718062245244,0.0002554317206391943,0.005504964299903941,-4.424348615996694,-0.19684377618886056,-0.005249532579264747,-0.0007022462376586975,4,-4.227504839807834,84713.0,13540.0,128929.0
2,WWOOOWOO,0.000822275814642179,0.0005748911561860271,0.0006012941894043555,-0.06467217357414531,0.4509075040080423,-2.640303321832841e-05,0.00022098162523782351,5,-0.5155796775821876,9253.0,30474.0,22074.0
2,WWOOOWOW,0.0049301160547285386,0.004918720739838925,0.004205355254848531,0.22600572512265926,0.2293435068678118,0.0007133654849903939,0.0007247607998800074,4,-0.003337781745152535,64714.0,260733.0,132349.0
2,WWOOOWWO,0.0025208784635444496,0.00043542241832150984,0.0029940590600471494,-2.77878733441399,-0.2480857022409133,-0.0025586366417256396,-0.0004731805965026998,4,-2.530701632173077,46074.0,23081.0,67673.0
2,WWOOOWWW,0.0018268946623854485,0.00020474154092298195,0.00307717321418615,-3.9031693964443606,-0.7518914835238765,-0.0028724316732631682,-0.0012502785518007016,3,-3.151277912920484,47353.0,10853.0,49043.0
2,WWOOWOOO,0.00011927730173435976,0.0008585260099386332,0.00018487863059066156,2.2091803761156243,-0.6279965129532051,0.0006736473793479716,-6.560132885630179e-05,5,2.8371768890688296,2845.0,45509.0,3202.0
2,WWOOWOOW,0.0016495804974086987,0.0022366688081554027,0.0026135145044271445,-0.22454655140489785,-0.6635695744950304,-0.00037684569627174187,-0.0009639340070184458,4,0.4390230230901325,40218.0,118562.0,44283.0
2,WWOOWOWO,0.006624397602131376,0.0016269906436341707,0.004767009386375803,-1.5502946677237308,0.4746199599939673,-0.003140018742741632,0.0018573882157555729,4,-2.024914627717698,73357.0,86244.0,177832.0
2,WWOOWOWW,0.005019667158216796,0.0003577175987267653,0.0050828301753637175,-3.824995407192209,-0.018036752451973104,-0.004725112576636952,-6.316301714692166e-05,3,-3.806958654740236,78217.0,18962.0,134753.0
2,WWOOWWOO,0.0012289808678388498,0.0028667400073894094,0.00250161257055118,0.19647926888025438,-1.0247990898529453,0.00036512743683822946,-0.0012726317027123301,4,1.2212783587331997,38496.0,151961.0,32992.0
2,WWOOWWOW,0.004253006899942325,0.00569167523686623,0.003972908554805369,0.5185481227968192,0.09826369879396747,0.001718766682060861,0.0002800983451369558,3,0.4202844240028517,61137.0,301706.0,114172.0
2,WWOOWWWO,0.006986252601833927,0.000950624803155808,0.004839661164583311,-2.346739332538444,0.5295211849326186,-0.0038890363614275027,0.0021465914372506166,3,-2.8762605174710623,74475.0,50391.0,187546.0
2,WWOOWWWW,0.0008540508110130126,0.0020989356477132495,0.002790984993053892,-0.41094606972375686,-1.707209127900946,-0.0006920493453406425,-0.0019369341820408793,2,1.2962630581771892,42949.0,111261.0,22927.0
2,WWOWOOOO,0.0007111192036567545,0.0014187213529505147,0.0009202341960612858,0.6239679316062106,-0.3714492064982909,0.0004984871568892289,-0.00020911499240453132,5,0.9954171381045014,14161.0,75204.0,19090.0
2,WWOWOOOW,0.0029552236659874964,0.004325360776082309,0.0027113799587925353,0.6735946870110661,0.12419613706486558,0.0016139808172897737,0.0002438437071949611,4,0.5493985499462005,41724.0,229280.0,79333.0
2,WWOWOOWO,0.006933244606715878,0.0018186398940014954,0.004507529466534498,-1.3090039808052267,0.6210817780515158,-0.0026888895725330026,0.0024257151401813797,4,-1.9300857588567424,69364.0,96403.0,186123.0
2,WWOWOOWW,0.0031333573502141383,0.0004210473096710619,0.003897657428540348,-3.207500759051712,-0.3148077201812144,-0.003476610118869286,-0.0007643000783262095,3,-2.892693038870498,59979.0,22319.0,84115.0
2,WWOWOWOO,0.0018259633905105706,0.0023082425118559273,0.002989770135752252,-0.373097342330821,-0.7110693073355182,-0.0006815276238963247,-0.0011638067452416814,4,0.33797196500469723,46008.0,122356.0,49018.0
2,WWOWOWOW,0.0041176372202100745,0.005319582529489017,0.004556072291508567,0.2234769522751941,-0.14594020141757863,0.0007635102379804498,-0.0004384350712984923,3,0.3694171536927727,70111.0,281982.0,110538.0
2,WWOWOWWO,0.00472579500538033,0.00010421010522975696,0.0026758338741060357,-4.669182422746662,0.8203346910979961,-0.002571623768876279,0.0020499611312742947,3,-5.4895171138446575,41177.0,5524.0,126864.0
2,WWOWOWWW,0.00493872100685241,0.0008880874210347644,0.003868349779191881,-2.1216939639797965,0.3523384107964618,-0.0029802623581571164,0.0010703712276605294,2,-2.4740323747762583,59528.0,47076.0,132580.0
2,WWOWWOOO,0.0024243241955571107,0.00271915933157254,0.005344844459561097,-0.974726703265318,-1.1402402554379238,-0.0026256851279885573,-0.0029205202640039864,4,0.16551355217260588,82249.0,144138.0,65081.0
2,WWOWWOOW,0.002860047680374976,0.0018988348898978924,0.003434908490601472,-0.8548175705030984,-0.26414807244877087,-0.0015360736007035798,-0.0005748608102264961,3,-0.5906694980543274,52858.0,100654.0,76778.0
2,WWOWWOWO,0.003901209636488454,0.0014050442482634086,0.00416565021327001,-1.5672459953161786,-0.09459670688142621,-0.0027606059650066017,-0.000264440576781556,3,-1.4726492884347524,64103.0,74479.0,104728.0
2,WWOWWOWW,0.0036426513131473572,0.0009613778371856706,0.003973233473312558,-2.0460013048639176,-0.1252917247079988,-0.003011855636126887,-0.0003305821601652008,2,-1.9207095801559189,61142.0,50961.0,97787.0
2,WWOWWWOO,0.003062543436848424,0.0030066237746375355,0.0033866256004331553,-0.17165032640967978,-0.14507313027217542,-0.00038000182579561986,-0.00032408216358473154,3,-0.026577196137504366,52115.0,159376.0,82214.0
2,WWOWWWOW,0.008059934571818141,0.003935138830630187,0.005236581612965652,-0.41211971279495063,0.622046292869789,-0.0013014427823354645,0.002823352958852489,2,-1.0341660056647397,80583.0,208595.0,216369.0
2,WWOWWWWO,0.004742073637753195,0.0012015855254352173,0.005295131927961148,-2.1387995613051705,-0.15911679358567055,-0.004093546402525931,-0.0005530582902079527,2,-1.9796827677195,81484.0,63694.0,127301.0
2,WWOWWWWW,0.003199663907705444,0.0035075453756812968,0.002494594330795893,0.49148958356973405,0.3589877544785504,0.0010129510448854038,0.000705069576909551,1,0.13250182909118363,38388.0,185929.0,85895.0
2,WWWOOOOO,0.007713501434363567,0.023338328463498023,0.006306668224542602,1.8875843680662254,0.2904661444832335,0.017031660238955422,0.001406833209820965,5,1.597118223582992,97050.0,1237125.0,207069.0
2,WWWOOOOW,0.001047122096112696,0.0013005888983978829,0.0012858974840520248,0.016376719891655817,-0.2960903444304776,1.4691414345858024e-05,-0.00023877538793932876,4,0.31246706432213345,19788.0,68942.0,28110.0
2,WWWOOOWO,0.001895510774126451,0.0008130991574054589,0.002946036104684584,-1.85598830450467,-0.6359171676510201,-0.002132936947279125,-0.0010505253305581328,4,-1.2200711368536497,45335.0,43101.0,50885.0
2,WWWOOOWW,0.004299309737561253,0.0003685838225885213,0.004845054811802652,-3.7128372089859414,-0.17237014636425477,-0.0044764709892141305,-0.0005457450742413989,3,-3.5404670626216865,74558.0,19538.0,115415.0
2,WWWOOWOO,0.0004097596249462703,0.0007876125802574861,0.0006340459749290281,0.3124556837316086,-0.6285666604398473,0.00015356660532845799,-0.0002242863499827578,4,0.9410223441714559,9757.0,41750.0,11000.0
2,WWWOOWOW,0.0015816721522926033,0.0052003559065614165,0.00314976000869222,0.7231878893568486,-0.9933374346872809,0.0020505958978691966,-0.0015680878563996165,3,1.7165253240441296,48470.0,275662.0,42460.0
2,WWWOOWWO,0.00346127680279614,5.3614250373455704e-05,0.0023537746497800886,-5.43016775191744,0.556132068607484,-0.0023001603994066326,0.0011075021530160514,3,-5.986299820524924,36221.0,2842.0,92918.0
2,WWWOOWWW,0.003799253991626823,0.00047845341941294285,0.005348938432751682,-3.480059724768791,-0.49342644410394376,-0.004870485013338739,-0.0015496844411248588,2,-2.9866332806648472,82312.0,25362.0,101991.0
2,WWWOWOOO,0.00037463204982587635,0.0015939769426652941,0.0008185347033110626,0.9606586213734418,-1.125484879302005,0.0007754422393542315,-0.00044390265348518624,4,2.0861435006754467,12596.0,84494.0,10057.0
2,WWWOWOOW,0.005124900880077997,0.006586629507702521,0.0044474845264059325,0.566445485154169,0.20449164725571184,0.002139144981296588,0.0006774163536720649,3,0.3619538378984572,68440.0,349146.0,137578.0
2,WWWOWOWO,0.004562934179901685,0.0008775041717527417,0.004127634747928872,-2.232543749521824,0.14461319372205433,-0.0032501305761761306,0.00043529943197281266,3,-2.3771569432438784,63518.0,46515.0,122492.0
2,WWWOWOWW,0.0038936849597394404,0.0011338791409910467,0.00481860644531745,-2.0863766792737435,-0.3074087113889843,-0.003684727304326403,-0.0009249214855780096,2,-1.7789679678847592,74151.0,60105.0,104526.0
2,WWWOWWOO,0.004044811759594624,0.0077503718993414145,0.003674438414101359,1.0765353246659468,0.13851284891454738,0.004075933485240055,0.00037037334549326487,3,0.9380224757513994,56544.0,410834.0,108583.0
2,WWWOWWOW,0.003429986067800243,0.008010293483312376,0.0028419971986825983,1.4946225178843415,0.2712105900862178,0.005168296284629777,0.0005879888691176448,2,1.2234119277981237,43734.0,424612.0,92078.0
2,WWWOWWWO,0.00646269155377758,0.0005737592578670942,0.006004104110648009,-3.3851595539058157,0.10616909638944037,-0.005430344852780915,0.0004585874431295711,2,-3.491328650295256,92394.0,30414.0,173491.0
2,WWWOWWWW,0.003960885538230629,0.0029267872132088006,0.004497781911318822,-0.6197237259764601,-0.1833472303748903,-0.0015709946981100212,-0.0005368963730881925,1,-0.43637649560156977,69214.0,155144.0,106330.0
2,WWWWOOOO,0.00046794549168864064,0.0018243182505681423,0.0006330062357060226,1.5255790897755501,-0.4350767904214016,0.0011913120148621197,-0.00016506074401738196,4,1.9606558801969518,9741.0,96704.0,12562.0
2,WWWWOOOW,0.003575450734656169,0.005360708168410246,0.0032834964662512996,0.7070204838593056,0.12285635527366931,0.0020772117021589467,0.0002919542684048696,3,0.5841641285856363,50528.0,284162.0,95983.0
2,WWWWOOWO,0.0015710184020440003,0.0021003505206119155,0.0032650410950429525,-0.6362261096073595,-1.0549248378795066,-0.001164690574431037,-0.0016940226929989522,3,0.41869872827214716,50244.0,111336.0,42174.0
2,WWWWOOWW,0.006343898513418157,0.0007588246330126257,0.004852722888572318,-2.6753533546043644,0.38650534466142666,-0.004093898255559692,0.001491175624845839,2,-3.061858699265791,74676.0,40224.0,170302.0
2,WWWWOWOO,0.006034828003583684,0.013004002486780606,0.0052307330798362466,1.3137058328357338,0.20626275834043892,0.0077732694069443595,0.000804094923747437,3,1.107443074495295,80493.0,689320.0,162005.0
2,WWWWOWOW,0.0019797722533654023,0.005130442320395326,0.0032154585308458786,0.6738912999823727,-0.699410077875849,0.0019149837895494478,-0.0012356862774804763,2,1.3733013778582217,49481.0,271956.0,53147.0
2,WWWWOWWO,0.004542595202154352,9.636227688515543e-05,0.001873740047258747,-4.267183847285033,1.277143743632935,-0.0017773777703735916,0.0026688551548956054,2,-5.544327590917968,28834.0,5108.0,121946.0
2,WWWWOWWW,0.002033339011608378,0.002428714222934354,0.003918062310791831,-0.6897218735928639,-0.945948394561325,-0.0014893480878574766,-0.0018847232991834524,1,0.2562265209684611,60293.0,128742.0,54585.0
2,WWWWWOOO,0.005087612754207887,0.004598582165300733,0.002705336474558816,0.765161591517902,0.9109311872585026,0.0018932456907419168,0.0023822762796490713,3,-0.14576959574060067,41631.0,243763.0,136577.0
2,WWWWWOOW,0.00512732218695268,0.009357195887926597,0.004856296992151399,0.9460767273549204,0.07833320166462511,0.0045008988957751985,0.00027102519480128127,2,0.8677435256902953,74731.0,496009.0,137643.0
2,WWWWWOWO,0.002580330860036654,0.0010640976096288326,0.0032207871943637817,-1.596875553617136,-0.319746134655347,-0.002156689584734949,-0.0006404563343271278,2,-1.277129418961789,49563.0,56406.0,69269.0
2,WWWWWOWW,0.004588711785398305,0.0022117859101108608,0.004656732045035784,-1.073763769754919,-0.02122408373991524,-0.0024449461349249236,-6.802025963747928e-05,1,-1.0525396860150038,71660.0,117243.0,123184.0
2,WWWWWWOO,0.005931307821972257,0.00854096514517209,0.00456770437406594,0.9027829177028843,0.3768083663639612,0.0039732607711061504,0.0013636034479063168,2,0.5259745513389231,70290.0,452742.0,159226.0
2,WWWWWWOW,0.00472922208587988,0.008796076161287587,0.0043878944721874305,1.0031665202772133,0.10805033823320379,0.004408181689100157,0.00034132761369244993,1,0.8951161820440096,67523.0,466265.0,126956.0
2,WWWWWWWO,0.004288469732937675,0.0035509348112403917,0.0059269034733398515,-0.7389168516886873,-0.46672264395675284,-0.00237596866209946,-0.001638433740402177,1,-0.2721942077319344,91206.0,188229.0,115124.0
2,WWWWWWWW,0.031013551235058348,0.05100786584439285,0.03587769651493709,0.5076205459022918,-0.21018222762535294,0.01513016932945576,-0.0048641452798787385,0,0.7178027735276447,552103.0,2703840.0,832559.0
3,OOOOOOOO,0.0024748109337681384,0.005846826648809126,0.002140650362704173,1.4491775744382307,0.20917817613605352,0.0037061762861049525,0.0003341605710639652,8,1.239999398302177,62105.0,90384.0,9078.0
3,OOOOOOOW,0.003850705490138241,0.0014090500316910114,0.0016089087453555332,-0.19123256066651534,1.2585184815600456,-0.00019985871366452182,0.0022417967447827076,7,-1.449751042226561,46678.0,21782.0,14125.0
3,OOOOOOWO,0.0008380225611812356,0.003475531679949636,0.0028915066142321936,0.2653284778551377,-1.7855387481799276,0.0005840250657174425,-0.002053484053050958,7,2.0508672260350655,83889.0,53727.0,3074.0
3,OOOOOOWW,0.005434061064419508,0.003239159041266367,0.006283423211005876,-0.9557157104375691,-0.20948409468483187,-0.0030442641697395086,-0.0008493621465863674,6,-0.7462316157527372,182296.0,50073.0,19933.0
3,OOOOOWOO,0.0003361359199533063,0.0006835011768821608,0.00032376022634055706,1.0756780666909491,0.05395539136665571,0.00035974095054160376,1.237569361274923e-05,7,1.0217226753242934,9393.0,10566.0,1233.0
3,OOOOOWOW,0.0019691076640898065,0.002356351871011697,0.0033091583402588653,-0.4897331104143724,-0.7486257560523696,-0.0009528064692471685,-0.0013400506761690589,6,0.2588926456379972,96006.0,36426.0,7223.0
3,OOOOOWWO,0.0063154296201446015,0.0028199760367049057,0.004106960341629944,-0.5422278431633806,0.6206870474049221,-0.001286984304925038,0.0022084692785146577,6,-1.1629148905683027,119152.0,43593.0,23166.0
3,OOOOOWWW,0.0074203435565361265,0.0035145389873185496,0.006519806435986557,-0.8913045012689458,0.18662999999740737,-0.0030052674486680075,0.0009005371205495693,5,-1.0779345012663533,189154.0,54330.0,27219.0
3,OOOOWOOO,0.0006488268365684258,0.0016237519440582167,0.000802386277971024,1.0160537490746722,-0.30603849465759597,0.0008213656660871927,-0.00015355944140259823,7,1.3220922437322682,23279.0,25101.0,2380.0
3,OOOOWOOW,0.004577227977304146,0.005536967606857058,0.007658361508538595,-0.4678675177721901,-0.7424348276876394,-0.002121393901681537,-0.0030811335312344486,6,0.27456730991544925,222186.0,85594.0,16790.0
3,OOOOWOWO,0.008415938349455409,0.008793657295382092,0.005156932024243171,0.7698346006182963,0.7065027900884038,0.0036367252711389207,0.0032590063252122374,6,0.06333181052989256,149614.0,135938.0,30871.0
3,OOOOWOWW,0.0032722136635843758,0.001845375551099508,0.00542199282915735,-1.554393236990181,-0.7283814832873908,-0.003576617278057842,-0.0021497791655729743,5,-0.8260117537027901,157304.0,28527.0,12003.0
3,OOOOWWOO,0.009629080964047633,0.0072547122832652446,0.007700757450026818,-0.08607044070548292,0.32236023811819337,-0.00044604516676157325,0.0019283235140208155,6,-0.4084306788236763,223416.0,112148.0,35321.0
3,OOOOWWOW,0.0020154524381304083,0.006039857834860268,0.004318319620659039,0.4839493577621417,-1.0989846994883026,0.0017215382142012287,-0.0023028671825286308,5,1.5829340572504442,125284.0,93368.0,7393.0
3,OOOOWWWO,0.0035731820785304016,0.004412095189215198,0.005009063252711074,-0.1830379515775825,-0.48721568670081516,-0.0005969680634958759,-0.001435881174180672,5,0.30417773512323265,145324.0,68205.0,13107.0
3,OOOOWWWW,0.0032343199953982367,0.002391736609205388,0.0034476517491203963,-0.5273708555457354,-0.09212403855150451,-0.0010559151399150081,-0.00021333175372215954,4,-0.43524681699423085,100024.0,36973.0,11864.0
3,OOOWOOOO,0.0013284593170579575,0.0011165922595270659,0.0007486158155957159,0.5761706369532863,0.8266163329911038,0.00036797644393135,0.0005798435014622417,7,-0.2504456960378175,21719.0,17261.0,4873.0
3,OOOWOOOW,0.003189883535582836,0.002585673437550336,0.004502655795520031,-0.7999986415324634,-0.4971406171416931,-0.0019169823579696954,-0.0013127722599371953,6,-0.30285802439077025,130632.0,39971.0,11701.0
3,OOOWOOWO,0.0026490127608972238,0.004916343880659116,0.004325937102828874,0.1845330998938104,-0.7073468427656088,0.000590406777830242,-0.0016769243419316503,6,0.8918799426594192,125505.0,76000.0,9717.0
3,OOOWOOWW,0.002006456099640174,0.0021891961790692868,0.003754763813071675,-0.7780462398538289,-0.903737901478004,-0.0015655676340023883,-0.001748307713431501,5,0.1256916616241751,108934.0,33842.0,7360.0
3,OOOWOWOO,0.0017717334499404197,0.004621363247819569,0.00568257276220692,-0.29816747208506833,-1.680822482944236,-0.0010612095143873509,-0.0039108393122665,6,1.3826550108591675,164864.0,71440.0,6499.0
3,OOOWOWOW,0.005939764334097841,0.009189552355245694,0.008178349454303914,0.16816546779131297,-0.46133754379475655,0.0010112029009417805,-0.002238585120206073,5,0.6295030115860696,237272.0,142058.0,21788.0
3,OOOWOWWO,0.002432010171860053,0.0037369388591831027,0.004400147234555822,-0.23563666462918545,-0.855137284125423,-0.0006632083753727192,-0.0019681370626957687,5,0.6195006194962376,127658.0,57768.0,8921.0
3,OOOWOWWW,0.00040374476678900777,0.0007215381532219971,0.002984708749016061,-2.046927764364785,-2.882989107595663,-0.002263170595794064,-0.002580963982227053,4,0.8360613432308779,86593.0,11154.0,1481.0
3,OOOWWOOO,0.002208192174875735,0.002499702108374073,0.0036732464133809035,-0.5551151747435292,-0.733929461657788,-0.0011735443050068304,-0.0014650542385051687,6,0.17881428691425882,106569.0,38642.0,8100.0
3,OOOWWOOW,0.003483491309945943,0.0018569548347131656,0.0044449214849568,-1.2587670391037582,-0.35153441367121707,-0.002587966650243634,-0.0009614301750108566,5,-0.9072326254325411,128957.0,28706.0,12778.0
3,OOOWWOWO,0.0021555772255237573,0.0031409615411237286,0.004144565197047547,-0.39990328736094183,-0.9428254300331533,-0.0010036036559238183,-0.0019889879715237896,5,0.5429221426722115,120243.0,48555.0,7907.0
3,OOOWWOWW,0.0014576794517358709,0.0031731118425538285,0.005553627057241518,-0.8073370873307182,-1.9290271685635023,-0.0023805152146876896,-0.004095947605505647,4,1.1216900812327841,161123.0,49052.0,5347.0
3,OOOWWWOO,0.005912230085991365,0.00492462403877391,0.004637840252850774,0.08654234940257927,0.3501822488592951,0.0002867837859231361,0.0012743898331405911,5,-0.26363989945671584,134554.0,76128.0,21687.0
3,OOOWWWOW,0.0034515952007532933,0.0026446048753829736,0.005653067944390726,-1.0956916107243009,-0.7116080245584497,-0.003008463069007752,-0.0022014727436374323,4,-0.38408358616585114,164008.0,40882.0,12661.0
3,OOOWWWWO,0.0030102293820960324,0.0017462724086630638,0.0025014984207856476,-0.5182646093506952,0.26698345171525184,-0.0007552260121225839,0.0005087309613103848,4,-0.785248061065947,72574.0,26995.0,11042.0
3,OOOWWWWW,0.0023518609744016005,0.001899196578845671,0.0033233937254902772,-0.8069425824700942,-0.49867518094364865,-0.0014241971466446063,-0.0009715327510886767,3,-0.30826740152644555,96419.0,29359.0,8627.0
3,OOWOOOOO,0.012341885943330156,0.013974319348361906,0.003357689629377092,2.0569108603741917,1.8777093667470282,0.010616629718984813,0.008984196313953063,7,0.17920149362716353,97414.0,216024.0,45272.0
3,OOWOOOOW,0.000704440565417148,0.0012479103921288817,0.0014685885195030465,-0.23474229223777185,-1.0588158176892921,-0.0002206781273741648,-0.0007641479540858986,6,0.8240735254515202,42607.0,19291.0,2584.0
3,OOWOOOWO,0.0062797168825015496,0.005110345397739336,0.005706252446599123,-0.15909329422738938,0.1381328594919703,-0.0005959070488597874,0.0005734644359024262,6,-0.2972261537193597,165551.0,78999.0,23035.0
3,OOWOOOWW,0.0017998129306826666,0.003345442633317985,0.005796662653528888,-0.7928431072833053,-1.6868230691041772,-0.0024512200202109033,-0.0039968497228462215,5,0.8939799618208719,168174.0,51716.0,6602.0
3,OOWOOWOO,0.002059343665310037,0.0006133785878474965,0.0005717592499241095,0.10119908363099278,1.8468842409951103,4.161933792338698e-05,0.0014875844153859276,6,-1.7456851573641174,16588.0,9482.0,7554.0
3,OOWOOWOW,0.004402753533857174,0.006643468423681718,0.005013440719840346,0.406064984026047,-0.18735507296452406,0.0016300277038413715,-0.000610687185983172,5,0.5934200569905711,145451.0,102699.0,16150.0
3,OOWOOWWO,0.006073346329861928,0.004577116152893637,0.004855817434941446,-0.08525719082964035,0.32271790906813214,-0.00027870128204780884,0.0012175288949204822,5,-0.4079750998977725,140878.0,70756.0,22278.0
3,OOWOOWWW,0.006176940530658567,0.0011242902190244136,0.003576838731801585,-1.6687912314960074,0.7880376229978223,-0.0024525485127771716,0.002600101798856982,4,-2.4568288544938297,103772.0,17380.0,22658.0
3,OOWOWOOO,0.0011872440643930647,0.0006657117746824075,0.001024465181230069,-0.6211433955633857,0.21255268779262076,-0.0003587534065476615,0.00016277888316299578,6,-0.8336960833560065,29722.0,10291.0,4355.0
3,OOWOWOOW,0.0019595660929638,0.004171776537680348,0.0038572723740358844,0.11305266907018437,-0.9766847161734318,0.00031450416364446317,-0.0018977062810720843,5,1.089737385243616,111908.0,64490.0,7188.0
3,OOWOWOWO,0.005269128192098543,0.004402133123983336,0.0049223756162534455,-0.16111734720795431,0.09819024434274823,-0.0005202424922701098,0.0003467525758450978,5,-0.25930759155070254,142809.0,68051.0,19328.0
3,OOWOWOWW,0.0044845384292229425,0.004868538905293233,0.005794732431802595,-0.2512058218181604,-0.36970982048365636,-0.0009261935265093618,-0.0013101940025796524,4,0.11850399866549594,168118.0,75261.0,16450.0
3,OOWOWWOO,0.015439079930831788,0.011671594438890558,0.006265982278979013,0.897282442205182,1.3008374024629594,0.005405612159911545,0.009173097651852775,5,-0.4035549602577774,181790.0,180427.0,56633.0
3,OOWOWWOW,0.002518156928311995,0.004914791351012592,0.004158972923504521,0.24084954417908697,-0.7236331420734439,0.0007558184275080716,-0.0016408159951925255,4,0.9644826862525309,120661.0,75976.0,9237.0
3,OOWOWWWO,0.004435194875685596,0.0025108285708408283,0.004325937102828874,-0.7846081441691548,0.035976592792098375,-0.0018151085319880458,0.00010925777285672195,4,-0.8205847369612532,125505.0,38814.0,16269.0
3,OOWOWWWW,0.0029464371637107334,0.0027658315652823837,0.005312280404964655,-0.9413680315703595,-0.8501417953475098,-0.002546448839682271,-0.002365843241253921,3,-0.09122623622284975,154121.0,42756.0,10808.0
3,OOWWOOOO,0.0036347933663726135,0.0066988419810744045,0.002103734872188817,1.670488557021311,0.7886316966343065,0.004595107108885587,0.0015310584941837964,6,0.8818568603870045,61034.0,103555.0,13333.0
3,OOWWOOOW,0.0036266148768360367,0.005715573204942582,0.0030253812782486656,0.9175568270146081,0.26142754454830436,0.0026901919266939162,0.0006012335985873711,5,0.6561292824663036,87773.0,88355.0,13303.0
3,OOWWOOWO,0.00937363947418855,0.00925158885237138,0.007045826324646543,0.3928834267586569,0.4117895510271955,0.002205762527724837,0.002327813149542008,5,-0.018906124268538604,204415.0,143017.0,34384.0
3,OOWWOOWW,0.002322963644705696,0.0026012634227508473,0.005488033986792665,-1.0767852611233917,-1.2399647722746079,-0.0028867705640418175,-0.003165070342086969,4,0.1631795111512162,159220.0,40212.0,8521.0
3,OOWWOWOO,0.00201599767076618,0.01051715926922947,0.004179619402326834,1.3310936342740216,-1.0515072905216005,0.006337539866902636,-0.002163621731560654,5,2.3826009247956224,121260.0,162581.0,7395.0
3,OOWWOWOW,0.0026631888094272903,0.005038217457911245,0.0032063050968435323,0.6518381168819415,-0.26766526860334944,0.0018319123610677124,-0.000543116287416242,4,0.919503385485291,93022.0,77884.0,9769.0
3,OOWWOWWO,0.007386811749436162,0.004220745910281123,0.004888631204288429,-0.21188590405062158,0.5954214497373462,-0.0006678852940073064,0.0024981805451477325,4,-0.8073073537879678,141830.0,65247.0,27096.0
3,OOWWOWWW,0.0043853060895124776,0.004558421108400078,0.004981695466091847,-0.12807573888362214,-0.18391991055400167,-0.00042327435769176896,-0.0005963893765793694,3,0.05584417167037953,144530.0,70467.0,16086.0
3,OOWWWOOO,0.005116735670400329,0.007555644279749799,0.004478596960431592,0.7543767756444011,0.19213669895648294,0.0030770473193182067,0.0006381387099687365,5,0.5622400766879181,129934.0,116800.0,18769.0
3,OOWWWOOW,0.0007995836603593247,0.005408366401136659,0.003999178139163541,0.4353953724458713,-2.3209401724686787,0.0014091882619731181,-0.003199594478804216,4,2.75633554491455,116025.0,83606.0,2933.0
3,OOWWWOWO,0.0035306539329402024,0.005713115033002252,0.0030824262239096496,0.889995752148554,0.19580965225103958,0.0026306888090926028,0.00044822770903055285,4,0.6941860998975145,89428.0,88317.0,12951.0
3,OOWWWOWW,0.0059092313064946205,0.003947565381228183,0.005910304457664395,-0.5821479484887231,-0.00026193379707984733,-0.001962739076436212,-1.0731511697744875e-06,3,-0.5818860146916432,171471.0,61024.0,21676.0
3,OOWWWWOO,0.007289760340268783,0.007550081048516422,0.005317829792427747,0.5055743321832231,0.4549604083725811,0.0022322512560886748,0.0019719305478410358,4,0.050613923810642,154282.0,116714.0,26740.0
3,OOWWWWOW,0.006722991015384011,0.007073389758298304,0.0062836644887216625,0.17076997804826755,0.09748206944020558,0.0007897252695766412,0.0004393265266623486,3,0.07328790860806196,182303.0,109345.0,24661.0
3,OOWWWWWO,0.004325603115895467,0.0052904388367361116,0.0029932913420490427,0.8214454689866467,0.5310201855628887,0.002297147494687069,0.001332311773846424,3,0.29042528342375806,86842.0,81783.0,15867.0
3,OOWWWWWW,0.0019426638812548747,0.004957550605027272,0.004604164777375981,0.10666570107533971,-1.2444740237492071,0.0003533858276512907,-0.002661500896121107,2,1.351139724824547,133577.0,76637.0,7126.0
3,OWOOOOOO,0.00542533734224716,0.00263140837338752,0.001980648768892519,0.40968203679886245,1.4532774600288345,0.0006507596044950013,0.003444688573354641,7,-1.043595423229972,57463.0,40678.0,19901.0
3,OWOOOOOW,6.897192842513097e-05,0.0011775290481531302,0.0005658996482550055,1.0558220391717872,-3.0182452160432023,0.0006116293998981247,-0.0004969277198298745,6,4.07406725521499,16418.0,18203.0,253.0
3,OWOOOOWO,0.0066202146635410295,0.007313708409833154,0.004934784184493901,0.5675210400692609,0.4238165895795805,0.0023789242253392526,0.0016854304790471283,6,0.14370445048968034,143169.0,113060.0,24284.0
3,OWOOOOWW,0.006893103597744809,0.0033372271639384625,0.0035573986415582044,-0.09214601002329748,0.9541348358409644,-0.00022017147761974184,0.0033357049561866044,5,-1.0462808458642618,103208.0,51589.0,25285.0
3,OWOOOWOO,0.0012027831945125606,0.0011697017111852387,0.0014325002668703877,-0.2921686418247667,-0.2519665919987367,-0.000262798555685149,-0.00022971707235782714,6,-0.040202049826029984,41560.0,18082.0,4412.0
3,OWOOOWOW,0.00246472413000636,0.0017202028483485159,0.0020244234401852377,-0.2348064201728539,0.28378784422185355,-0.0003042205918367218,0.00044030068982112234,5,-0.5185942643947075,58733.0,26592.0,9041.0
3,OWOOOWWO,0.005533838636765745,0.0011438909058117783,0.0046118167277909294,-2.010437840135598,0.2628932834413893,-0.003467925821979151,0.0009220219089748159,5,-2.2733311235769875,133799.0,17683.0,20299.0
3,OWOOOWWW,0.0035159326517743643,0.001007074230711857,0.0032071323347262295,-1.6701317765940253,0.1325840541808677,-0.0022000581040143726,0.00030880031704813484,4,-1.802715830774893,93046.0,15568.0,12897.0
3,OWOOWOOO,0.0006131140989253738,0.0019721654722322955,0.0012554024234829948,0.6512133164949668,-1.032720000740615,0.0007167630487493006,-0.0006422883245576211,6,1.683933317235582,36422.0,30487.0,2249.0
3,OWOOWOOW,0.002250175087830162,0.0019773405710540423,0.002248191287454789,-0.18511555630116006,0.0012719049563418392,-0.0002708507164007469,1.983800375372855e-06,5,-0.18638746125750189,65225.0,30567.0,8254.0
3,OWOOWOWO,0.002494984541291694,0.0043948879856328905,0.0040544996725689056,0.11627494666525699,-0.7002706788814378,0.00034038831306398495,-0.0015595151312772114,5,0.8165456255466947,117630.0,67939.0,9152.0
3,OWOOWOWW,0.007861981991511273,0.002137962700733997,0.0064790649702637275,-1.5990969529120305,0.27906827230997727,-0.0043411022695297305,0.0013829170212475454,4,-1.8781652252220078,187972.0,33050.0,28839.0
3,OWOOWWOO,0.0014797613734846282,0.0037688950944073873,0.004638495149507909,-0.29944344794120886,-1.6476286585637256,-0.0008696000551005217,-0.0031587337760232807,5,1.3481852106225167,134573.0,58262.0,5428.0
3,OWOOWWOW,0.002970427399684692,0.0020204232687450812,0.0022089664245169044,-0.128653009914985,0.4271316810202734,-0.00018854315577182318,0.0007614609751677875,4,-0.5557846909352584,64087.0,31233.0,10896.0
3,OWOOWWWO,0.0074320660582052195,0.0048242271216320295,0.006518117491976051,-0.4340798256136298,0.1892807527028981,-0.001693890370344022,0.0009139485662291681,4,-0.6233605783165279,189105.0,74576.0,27262.0
3,OWOOWWWW,0.0010986437610801495,0.0017704659956547283,0.003202134439184935,-0.8545405785991849,-1.542448124782482,-0.0014316684435302068,-0.0021034906781047854,3,0.6879075461832971,92901.0,27369.0,4030.0
3,OWOWOOOO,0.0012038736597841041,0.0015443788658796808,0.0012394091577508518,0.31714449105353093,-0.04193420551917734,0.000304969708128829,-3.553549796674765e-05,6,0.3590786965727083,35958.0,23874.0,4416.0
3,OWOWOOOW,0.008383224391309101,0.002230338214702171,0.002728230537134864,-0.29058505729056205,1.6191830652840362,-0.0004978923224326927,0.005654993854174237,5,-1.9097681225745982,79152.0,34478.0,30751.0
3,OWOWOOWO,0.010976896039675488,0.004168994922063659,0.005150417525916932,-0.3049238493657595,1.091560200880428,-0.0009814226038532738,0.005826478513758556,5,-1.3964840502461875,149425.0,64447.0,40265.0
3,OWOWOOWW,0.007680692140117154,0.0029508413481598187,0.005578133979516418,-0.9184260139165208,0.46138294875783753,-0.0026272926313565996,0.002102558160600736,4,-1.3798089626743584,161834.0,45616.0,28174.0
3,OWOWOWOO,0.0068380351015318586,0.0054866397708155734,0.004069700168663464,0.4309088184242208,0.7485158317538402,0.0014169396021521093,0.0027683349328683944,5,-0.3176070133296194,118071.0,84816.0,25083.0
3,OWOWOWOW,0.0023278707384276416,0.003040435246511304,0.0028523162195394206,0.09211264608051871,-0.29300907637876994,0.00018811902697188354,-0.000524445481111779,4,0.38512172245928866,82752.0,47001.0,8539.0
3,OWOWOWWO,0.0023210553304804944,0.000546813879252783,0.003064812950657225,-2.4845119556103787,-0.4008673294406555,-0.0025179990714044418,-0.0007437576201767306,4,-2.0836446261697232,88917.0,8453.0,8514.0
3,OWOWOWWW,0.0016299729646397552,0.002916750384671564,0.004653523304376905,-0.6737769558327765,-1.5129005531020825,-0.001736772919705341,-0.00302355033973715,3,0.839123597269306,135009.0,45089.0,5979.0
3,OWOWWOOO,0.0023415015543219366,0.004309757610015162,0.0044647062576513045,-0.050946914251189704,-0.9308383524591117,-0.00015494864763614287,-0.002123204703329368,5,0.879891438207922,129531.0,66623.0,8589.0
3,OWOWWOOW,0.0017027615215152888,0.0011957065827645145,0.0024140869511806596,-1.0130056666643705,-0.503351718683601,-0.001218380368416145,-0.0007113254296653708,4,-0.5096539479807696,70038.0,18484.0,6246.0
3,OWOWWOWO,0.0013273688517864137,0.0025806277161991333,0.0028304288838930615,-0.13324932285647595,-1.0918744952014994,-0.0002498011676939282,-0.0015030600321066477,4,0.9586251723450234,82117.0,39893.0,4869.0
3,OWOWWOWW,0.001549005918227645,0.0025194321726319815,0.002720681991455253,-0.1108273778797257,-0.8122247843693239,-0.00020124981882327147,-0.001171676073227608,3,0.7013974064895981,78933.0,38947.0,5682.0
3,OWOWWWOO,0.007851077338795837,0.003977192821982682,0.0050368791265167625,-0.34070330308181696,0.640257874649092,-0.001059686304534081,0.002814198212279074,4,-0.980961177730909,146131.0,61482.0,28799.0
3,OWOWWWOW,0.003595536616597045,0.003386584668950869,0.003525343173603694,-0.05791587494166683,0.028435411927469203,-0.00013875850465282528,7.019344299335085e-05,3,-0.08635128686913603,102278.0,52352.0,13189.0
3,OWOWWWWO,0.001786182114788372,0.003644692722685473,0.004055326910451603,-0.15398095884714186,-1.1824872745096,-0.0004106341877661299,-0.0022691447956632305,3,1.028506315662458,117654.0,56342.0,6552.0
3,OWOWWWWW,0.005111283344042611,0.0026987493468054956,0.003857685992977233,-0.515284177772845,0.4058581517355636,-0.0011589366461717374,0.0012535973510653777,2,-0.9211423295084086,111920.0,41719.0,18749.0
3,OWWOOOOO,0.0028611082562124486,0.009419714875342867,0.0034295214521912858,1.4574086523646042,-0.26134964664271504,0.005990193423151581,-0.0005684131959788371,6,1.7187582990073191,99498.0,145616.0,10495.0
3,OWWOOOOW,0.0027370678315743672,0.0009650912415204389,0.0008921415882436537,0.11327054787388818,1.6161973810472992,7.29496532767852e-05,0.0018449262433307134,5,-1.502926833173411,25883.0,14919.0,10040.0
3,OWWOOOWO,0.0019227628900492044,0.005166430531220013,0.004586172353427321,0.1718419740975513,-1.2536741214223939,0.0005802581777926922,-0.0026634094633781165,5,1.4255160955199453,133055.0,79866.0,7053.0
3,OWWOOOWW,0.00432205910376295,0.0020901577253681146,0.004522750782420547,-1.1132175709594423,-0.06546689159623037,-0.002432593057052432,-0.0002006916786575965,4,-1.0477506793632119,131215.0,32311.0,15854.0
3,OWWOOWOO,4.770785563003131e-05,0.0005116232072649073,0.0004630464048396725,0.1436297105083564,-3.2520427078465293,4.8576802425234755e-05,-0.0004153385492096412,5,3.3956724183548856,13434.0,7909.0,175.0
3,OWWOOWOW,0.0016163421487454606,0.0017357281448137554,0.001957692917647676,-0.17351928832234717,-0.27626631748048536,-0.00022196477283392083,-0.0003413507689022156,4,0.10274702915813819,56797.0,26832.0,5929.0
3,OWWOOWWO,0.0013641720547010094,0.002809625839061413,0.003560569720108543,-0.34162182269923,-1.3834304446397805,-0.0007509438810471302,-0.002196397665407534,4,1.0418086219405505,103300.0,43433.0,5004.0
3,OWWOOWWW,0.006544154710850865,0.0013835626699939103,0.0051870572704713885,-1.9057640490064363,0.3352328887728646,-0.003803494600477478,0.0013570974403794766,3,-2.240996937779301,150488.0,21388.0,24005.0
3,OWWOWOOO,0.0016125255202950582,0.002294574128827099,0.001300038800903523,0.8191910321859449,0.3105524081459995,0.0009945353279235758,0.0003124867193915351,5,0.5086386240399454,37717.0,35471.0,5915.0
3,OWWOWOOW,0.002967973852823719,0.0039297759790284294,0.0033470044733922553,0.23151268916693976,-0.1733370676822001,0.0005827715056361741,-0.0003790306205685365,4,0.4048497568491399,97104.0,60749.0,10887.0
3,OWWOWOWO,0.0033482736162745398,0.0031834620401973214,0.003501766893946828,-0.13744530656746817,-0.06464674055352093,-0.0003183048537495066,-0.00015349327767228815,4,-0.07279856601394724,101594.0,49212.0,12282.0
3,OWWOWOWW,0.002546781641690014,0.00180339256190809,0.0038684400854522944,-1.1006115769664546,-0.6028831847247406,-0.0020650475235442045,-0.0013216584437622803,3,-0.49772839224171406,112232.0,27878.0,9342.0
3,OWWOWWOO,0.004503076338839183,0.007243197688386859,0.006449249938241522,0.1674708527727673,-0.5181237844282994,0.000793947750145337,-0.0019461735994023384,4,0.6855946372010667,187107.0,111970.0,16518.0
3,OWWOWWOW,0.0004667191362206491,0.002516521179544749,0.0026293066736623417,-0.06322710107395493,-2.4915166551653445,-0.00011278549411759256,-0.0021625875374416924,3,2.4282895540913896,76282.0,38902.0,1712.0
3,OWWOWWWO,0.009907694840927015,0.0025720888031432517,0.0050945100323446565,-0.9857253107892291,0.9594684807989956,-0.0025224212292014048,0.004813184808582359,3,-1.9451937915882247,147803.0,39761.0,36343.0
3,OWWOWWWW,0.001727842222760791,0.005796822256444001,0.005718764419574916,0.01955537762169949,-1.7261495157704965,7.805783686908475e-05,-0.003990922196814125,2,1.745704893392196,165914.0,89611.0,6338.0
3,OWWWOOOO,0.000433732561756456,0.0001341644369537764,0.0001612079823905872,-0.26312920274294527,1.422283340943277,-2.7043545436810794e-05,0.0002725245793658688,5,-1.6854125436862222,4677.0,2074.0,1591.0
3,OWWWOOOW,0.00322614150586166,0.0037522700894425266,0.004428238854322409,-0.23891068725026077,-0.456801959662182,-0.0006759687648798824,-0.001202097348460749,4,0.21789127241192124,128473.0,58005.0,11834.0
3,OWWWOOWO,0.001627792034096668,0.006223315088091179,0.005307696128364708,0.22955753101646031,-1.7045551526716638,0.000915618959726471,-0.0036799040942680403,4,1.9341126836881242,153988.0,96204.0,5971.0
3,OWWWOOWW,0.0026277486881021244,0.0017144455509093231,0.0031177906433949485,-0.8624033766896773,-0.24661048648860423,-0.0014033450924856253,-0.0004900419552928241,3,-0.615792890201073,90454.0,26503.0,9639.0
3,OWWWOWOO,0.00490954726880705,0.0068896090613910325,0.005540873806549939,0.3142576487458631,-0.1744900413007574,0.0013487352548410938,-0.000631326537742889,4,0.4887476900466205,160753.0,106504.0,18009.0
3,OWWWOWOW,0.001742563503926629,0.006443580231691762,0.003199066765369933,1.009984386132081,-0.8760630946531659,0.003244513466321829,-0.0014565032614433041,3,1.8860474807852468,92812.0,99609.0,6392.0
3,OWWWOWWO,0.0004310063985775971,0.002130782251118824,0.0029987373247767984,-0.49277609220735363,-2.7957115892572335,-0.0008679550736579744,-0.0025677309261992014,3,2.30293549704988,87000.0,32939.0,1581.0
3,OWWWOWWW,0.004695543459266624,0.001306194942608801,0.002161572587487386,-0.7262742511326912,1.1188508010633793,-0.000855377644878585,0.0025339708717792377,2,-1.8451250521960705,62712.0,20192.0,17224.0
3,OWWWWOOO,0.0006676373625025524,0.001709529207028664,0.002333810408313934,-0.4488626665975192,-1.8040095266518024,-0.0006242812012852699,-0.0016661730458113816,4,1.355146860054283,67709.0,26427.0,2449.0
3,OWWWWOOW,0.0037452029751164004,0.006420486353199718,0.0037681030239301652,0.7686860403884368,-0.008792160722630183,0.002652383329269553,-2.290004881376484e-05,3,0.777478201111067,109321.0,99252.0,13738.0
3,OWWWWOWO,0.0034665890982370174,0.003936309541290884,0.005008408356053939,-0.34743008376473694,-0.5307072692809693,-0.0010720988147630544,-0.0015418192578169213,3,0.1832771855162324,145305.0,60850.0,12716.0
3,OWWWWOWW,0.0023445003338186813,0.0026164005868044553,0.0038284913893670497,-0.5490180523047387,-0.7072570883992947,-0.0012120908025625944,-0.0014839910555483685,2,0.15823903609455603,111073.0,40446.0,8600.0
3,OWWWWWOO,0.003355906873175345,0.0054718907391735966,0.0038282156434061507,0.5152541465879366,-0.1899163937181826,0.0016436750957674459,-0.00047230877023080563,3,0.7051705403061191,111065.0,84588.0,12310.0
3,OWWWWWOW,0.0054902200259040026,0.007328974951357306,0.005534497181204149,0.4050953670371515,-0.01158618190715876,0.0017944777701531566,-4.427715530014656e-05,2,0.41668154894431025,160568.0,113296.0,20139.0
3,OWWWWWWO,0.0034739497388199367,0.007109227317638897,0.0055057851330255385,0.3686853666223357,-0.6642182066144583,0.0016034421846133585,-0.002031835394205602,2,1.032903573236794,159735.0,109899.0,12743.0
3,OWWWWWWW,0.001844522006815953,0.001752611904719703,0.0027209232691710397,-0.6342969004943522,-0.5605974569254071,-0.0009683113644513366,-0.0008764012623550866,1,-0.07369944356894509,78940.0,27093.0,6766.0
3,WOOOOOOO,0.006157312155770783,0.008366905708793825,0.0032919586859477892,1.3454821833699508,0.9031505855872002,0.005074947022846036,0.002865353469822994,7,0.44233159778275066,95507.0,129341.0,22586.0
3,WOOOOOOW,0.0018333447377826316,0.0008522740872063666,0.0010924710288367887,-0.35783385607789125,0.7463498003158164,-0.0002401969416304221,0.000740873708945843,6,-1.1041836563937077,31695.0,13175.0,6725.0
3,WOOOOOWO,0.011162275135837896,0.006841480642348791,0.005093820667442409,0.4254880822820889,1.1316570831572799,0.0017476599749063817,0.0060684544683954865,6,-0.706169000875191,147783.0,105760.0,40945.0
3,WOOOOOWW,0.003927855908099949,0.002589101940519743,0.005591404253884684,-1.1104597712611421,-0.5093593939662221,-0.0030023023133649404,-0.001663548345784735,5,-0.60110037729492,162219.0,40024.0,14408.0
3,WOOOOWOO,0.0027288893420377904,0.0023553815399826195,0.002609694242193399,-0.1478603467969855,0.06440896887865624,-0.00025431270221077957,0.00011919509984439133,6,-0.21226931567564175,75713.0,36411.0,10010.0
3,WOOOOWOW,0.00452652134217737,0.002747071832053553,0.004310047241832068,-0.6496186567542781,0.07068306976211476,-0.0015629754097785152,0.00021647410034530187,5,-0.7203017265163929,125044.0,42466.0,16604.0
3,WOOOOWWO,0.005171804166613279,0.0019843916431986717,0.0035298585137134154,-0.830595386525562,0.5509275631355594,-0.0015454668705147437,0.0016419456528998636,5,-1.3815229496611212,102409.0,30676.0,18971.0
3,WOOOOWWW,0.006337511541893359,0.002731093714441411,0.005233899615579109,-0.9381549014732187,0.27598222306858694,-0.0025028059011376978,0.0011036119263142501,4,-1.2141371245418056,151847.0,42219.0,23247.0
3,WOOOWOOO,5.4795879895064524e-05,0.000620494348727398,0.0002594080127157492,1.254967432156587,-2.22254334174618,0.0003610863360116487,-0.0002046121328206847,6,3.4775107739027673,7526.0,9592.0,201.0
3,WOOOWOOW,0.005135000963698684,0.004084640811269192,0.005108090520918933,-0.3225041218388354,0.007578976076747015,-0.001023449709649741,2.6910442779751013e-05,5,-0.33008309791558244,148197.0,63143.0,18836.0
3,WOOOWOWO,0.008602680527207245,0.008139589493048613,0.003825975207473846,1.088928714926383,1.168749400710079,0.004313614285574767,0.004776705319733399,5,-0.07982068578369583,111000.0,125827.0,31556.0
3,WOOOWOWW,0.0056407042333770155,0.0025350868465677644,0.006212556499054829,-1.292815120404355,-0.1392882362900354,-0.0036774696524870644,-0.0005718522656778134,4,-1.1535268841143196,180240.0,39189.0,20691.0
3,WOOOWWOO,0.013425808423244466,0.010621566887958204,0.006442459693954384,0.7212249986768684,1.0592089849492785,0.0041791071940038204,0.006983348729290083,5,-0.3379839862724101,186910.0,164195.0,49248.0
3,WOOOWWOW,0.00723550969300949,0.004646850609516671,0.0049788346017475196,-0.09953412737734235,0.5391961996717402,-0.0003319839922308488,0.0022566750912619707,4,-0.6387303270490825,144447.0,71834.0,26541.0
3,WOOOWWWO,0.006734168284417333,0.00461185400373461,0.006549931682214775,-0.5060404712447675,0.04001388996046112,-0.0019380776784801651,0.00018423660220255773,4,-0.5460543612052285,190028.0,71293.0,24702.0
3,WOOOWWWW,0.005113464274585698,0.0031443253553578637,0.004171312555254751,-0.4076379781927992,0.29373589300796193,-0.0010269871998968873,0.0009421517193309468,3,-0.7013738712007611,121019.0,48607.0,18757.0
3,WOOWOOOO,0.0021852924041733195,0.0024154126863148782,0.001697767881255241,0.5083781290430662,0.3639976292682832,0.0007176448050596371,0.00048752452291807844,6,0.144380499774783,49256.0,37339.0,8016.0
3,WOOWOOOW,0.0016607786085608611,0.0024737619255300694,0.0037273615582073356,-0.5912520290399899,-1.1658135812522294,-0.0012535996326772663,-0.0020665829496464743,5,0.5745615522122396,108139.0,38241.0,6092.0
3,WOOWOOWO,0.004643201126232533,0.006121818462449677,0.005534876331900385,0.14538419435682184,-0.25338126211477874,0.0005869421305492919,-0.0008916752056678523,5,0.39876545647160055,160579.0,94635.0,17032.0
3,WOOWOOWW,0.0031170949787073026,0.0024002755222612697,0.004412348993325603,-0.8780728876304877,-0.5012089615640677,-0.0020120734710643334,-0.0012952540146183005,4,-0.37686392606642005,128012.0,37105.0,11434.0
3,WOOWOWOO,0.0019541137666060824,0.005786860191212139,0.0042208778917263495,0.45514522064189816,-1.1106322932765835,0.001565982299485789,-0.002266764125120267,5,1.5657775139184817,122457.0,89457.0,7168.0
3,WOOWOWOW,0.0054272456564723615,0.005420851327044122,0.0060716847812805445,-0.16354893076184202,-0.16184847251931267,-0.0006508334542364227,-0.000644439124808183,4,-0.0017004582425293457,176153.0,83799.0,19908.0
3,WOOWOWWO,0.009036685705281588,0.0034801892688892076,0.00571345630982761,-0.7150359885955817,0.6613371439711848,-0.0022332670409384026,0.0033232293954539773,4,-1.3763731325667665,165760.0,53799.0,33148.0
3,WOOWOWWW,0.0015661807462544561,0.0017619917713341184,0.005256200570166817,-1.5762690359862948,-1.74612319849913,-0.003494208798832699,-0.003690019823912361,3,0.16985416251283514,152494.0,27238.0,5745.0
3,WOOWWOOO,0.0056156235321315135,0.005950975512596773,0.00635380736752535,-0.09447980268594443,-0.17814528765099427,-0.0004028318549285769,-0.0007381838353938365,5,0.08366548496504984,184338.0,91994.0,20599.0
3,WOOWWOOW,0.006625394373580861,0.0038205167051543077,0.004619916765392338,-0.2740337662061688,0.520044965692798,-0.0007994000602380303,0.0020054776081885233,4,-0.7940787318989668,134034.0,59060.0,24303.0
3,WOOWWOWO,9.078123385600243e-05,0.0036102783155208588,0.002230681418937702,0.6943785191732519,-4.603788079730313,0.001379596896583157,-0.0021399001850816992,4,5.298166598903565,64717.0,55810.0,333.0
3,WOOWWOWW,0.001962019639824773,0.002166425744253603,0.0021898710167246476,-0.015521983225689647,-0.1584299440572064,-2.3445272471044835e-05,-0.00022785137689987443,3,0.14290796083151674,63533.0,33490.0,7197.0
3,WOOWWWOO,0.014580338529491225,0.0034061853557382335,0.006005815964870792,-0.8180200294236214,1.2794507926782626,-0.0025996306091325585,0.008574522564620433,4,-2.097470822101884,174242.0,52655.0,53483.0
3,WOOWWWOW,0.007935043164704692,0.0019673785058221802,0.004415933690817291,-1.1660375062778892,0.8453746985747859,-0.0024485551849951106,0.003519109473887401,3,-2.0114122048526752,128116.0,30413.0,29107.0
3,WOOWWWWO,0.004617847808669144,0.003089469307847352,0.003246564007134789,-0.07153202304487762,0.5081750496483196,-0.00015709469928743697,0.0013712838015343554,3,-0.5797070726931972,94190.0,47759.0,16939.0
3,WOOWWWWW,0.0013535400183034595,0.0036268386317504474,0.0036025865109005307,0.009676805046856595,-1.4116304634708132,2.425212084991666e-05,-0.002249046492597071,2,1.4213072685176698,104519.0,56066.0,4965.0
3,WOWOOOOO,0.00531847174563589,0.017520943948375285,0.0024041256283431826,2.8649786834530055,1.145170731760406,0.015116818320032102,0.002914346117292707,6,1.7198079516925995,69749.0,270850.0,19509.0
3,WOWOOOOW,0.00014666757902261052,0.0006990264733474001,0.00046028894523068235,0.601738763712804,-1.643317606996601,0.00023873752811671772,-0.0003136213662080718,5,2.245056370709405,13354.0,10806.0,538.0
3,WOWOOOWO,0.0035025744521979553,0.004824356499102573,0.005055147296426322,-0.06740295977583828,-0.5292109385934064,-0.00023079079732374937,-0.0015525728442283668,5,0.46180797881756813,146661.0,74578.0,12848.0
3,WOWOOOWW,0.0027932267930588614,0.003048844782096642,0.004250106963581645,-0.479102739138971,-0.6053894379283175,-0.001201262181485003,-0.0014568801705227836,4,0.12628669878934645,123305.0,47131.0,10246.0
3,WOWOOWOO,4.661739035848773e-05,0.00023249131456695872,0.0002197695308365157,0.08082781087776904,-2.2129806126608123,1.2721783730443027e-05,-0.00017315214047802796,5,2.2938084235385814,6376.0,3594.0,171.0
3,WOWOOWOW,0.002041623604647454,0.0017649674531566228,0.0021515767964047964,-0.2856059545389033,-0.07564132647986441,-0.0003866093432481736,-0.00010995319175734252,4,-0.2099646280590389,62422.0,27284.0,7489.0
3,WOWOOWWO,0.0011417171393061207,0.0003782350351343928,0.0026063163541723863,-2.7814014833683403,-1.1900973078837955,-0.0022280813190379938,-0.0014645992148662656,4,-1.5913041754845447,75615.0,5847.0,4188.0
3,WOWOOWWW,0.001041121718006226,0.0023824214313262447,0.0037133674506917105,-0.6400824753750178,-1.8335927518848558,-0.0013309460193654658,-0.0026722457326854845,3,1.193510276509838,107733.0,36829.0,3819.0
3,WOWOWOOO,0.0022959746292349923,0.0015975530062731255,0.000731347224794415,1.1261668481766915,1.6491351868818949,0.0008662057814787105,0.0015646274044405772,5,-0.5229683387052033,21218.0,24696.0,8422.0
3,WOWOWOOW,0.003331916637201386,0.008619709286236139,0.003051852890494971,1.4976485035623561,0.1266271619812232,0.005567856395741168,0.0002800637467064151,4,1.371021341581133,88541.0,133249.0,12222.0
3,WOWOWOWO,0.010367598569200517,0.007006630983497774,0.006019844540631529,0.21896093848083878,0.7841831387825435,0.0009867864428662453,0.004347754028568988,4,-0.5652222003017048,174649.0,108313.0,38030.0
3,WOWOWOWW,0.0027419749252963134,0.0028221107649688765,0.004480699523383447,-0.6667601921071489,-0.7083044923007771,-0.0016585887584145706,-0.0017387245980871337,3,0.0415443001936282,129995.0,43626.0,10058.0
3,WOWOWWOO,0.0036944963399896244,0.006372163867951661,0.004904348724059673,0.37765405395516766,-0.40858755718296985,0.0014678151438919885,-0.0012098523840700483,4,0.7862416111381375,142286.0,98505.0,13552.0
3,WOWOWWOW,0.0008453832017641548,0.005778321278156257,0.0025575093190932604,1.1755965847615901,-1.5959205886544718,0.0032208119590629966,-0.0017121261173291056,3,2.771517173416062,74199.0,89325.0,3101.0
3,WOWOWWWO,0.007981933171381066,0.006736167381326251,0.006068548170975318,0.15055301931784443,0.3953298102612076,0.0006676192103509332,0.0019133850004057476,3,-0.2447767909433632,176062.0,104132.0,29279.0
3,WOWOWWWW,0.0018235305503387395,0.0037946412110455756,0.0051920206977675715,-0.45223034978494564,-1.509048667645441,-0.0013973794867219958,-0.003368490147428832,2,1.0568183178604955,150632.0,58660.0,6689.0
3,WOWWOOOO,0.0001120453066511021,0.003491186353885419,0.0009490486609241881,1.8780572332737422,-3.0711003129489556,0.002542137692961231,-0.0008370033542730859,5,4.949157546222698,27534.0,53969.0,411.0
3,WOWWOOOW,0.0045603257655952205,0.007520388919026652,0.004051500935244129,0.8921865795908328,0.1706406911069947,0.003468887983782523,0.0005088248303510914,4,0.7215458884838382,117543.0,116255.0,16728.0
3,WOWWOOWO,0.007447877804642601,0.005678441870896551,0.004764097434697411,0.25324344636985613,0.6445173816374982,0.0009143444361991403,0.00268378036994519,4,-0.39127393526764204,138217.0,87781.0,27320.0
3,WOWWOOWW,0.0034096122877988657,0.0017410326211060455,0.002282521659586717,-0.39048883405202717,0.5787702873382422,-0.0005414890384806714,0.0011270906282121488,3,-0.9692591213902694,66221.0,26914.0,12507.0
3,WOWWOWOO,0.004049170169559171,0.0077835426941124585,0.002663154490362696,1.5469345455529935,0.6043047801159772,0.005120388203749763,0.001386015679196475,4,0.9426297654370163,77264.0,120323.0,14853.0
3,WOWWOWOW,0.0007952217992731504,0.004324636019127683,0.003470676536855464,0.31727973953540756,-2.124390259466776,0.0008539594822722187,-0.0026754547375823137,3,2.4416699990021837,100692.0,66853.0,2917.0
3,WOWWOWWO,0.004213285192926479,0.004070991488126835,0.004567076945635064,-0.1658524062755451,-0.11629900313475608,-0.0004960854575082286,-0.0003537917527085847,3,-0.049553403140789015,132501.0,62932.0,15455.0
3,WOWWOWWW,0.009144914383482286,0.004440364166528987,0.004082625760580605,0.12115221085594909,1.1632767558218344,0.00035773840594838235,0.0050622886229016815,2,-1.0421245449658854,118446.0,68642.0,33545.0
3,WOWWWOOO,0.00041683035004753065,0.004474131686340883,0.0026847660800481564,0.7365964790879316,-2.6843444622936685,0.0017893656062927263,-0.0022679357300006255,4,3.4209409413816,77891.0,69164.0,1529.0
3,WOWWWOOW,0.0017196637332242142,0.0025025484127260337,0.0020817441318071207,0.2654887409655066,-0.27552043188764086,0.000420804280918913,-0.00036208039858290656,3,0.5410091728531474,60396.0,38686.0,6308.0
3,WOWWWOWO,0.001582265109009724,0.003491768552502865,0.0028215016084089557,0.3073966429266299,-0.8340715560921566,0.0006702669440939095,-0.0012392364993992317,3,1.1414681990187865,81858.0,53978.0,5804.0
3,WOWWWOWW,0.0023027900371821396,0.0037643021942030874,0.0037534195515122925,0.004175778342277914,-0.7045806400460064,1.0882642690794933e-05,-0.0014506295143301528,2,0.7087564183882843,108895.0,58191.0,8447.0
3,WOWWWWOO,0.010849856835540662,0.008196515580087825,0.006340881775608208,0.37027575539597984,0.7748260809624055,0.0018556338044796164,0.004508975059932454,3,-0.4045503255664256,183963.0,126707.0,39799.0
3,WOWWWWOW,0.009001518200274306,0.009191687083509663,0.004537744469044431,1.0181933655609294,0.9880353441511933,0.0046539426144652325,0.004463773731229875,2,0.030158021409736113,131650.0,142091.0,33019.0
3,WOWWWWWO,0.005137454510559657,0.0020110434021306657,0.003437380212076908,-0.7730676590740311,0.5796054210889741,-0.0014263368099462423,0.0017000742984827487,2,-1.3526730801630051,99726.0,31088.0,18845.0
3,WOWWWWWW,0.002054981804223863,0.0032295204197108646,0.0030749121464751514,0.0707522962125695,-0.5811868014497887,0.00015460827323571322,-0.0010199303422512886,1,0.6519390976623582,89210.0,49924.0,7538.0
3,WWOOOOOO,0.0028611082562124486,0.005663951594195661,0.001627797343677116,1.7982565148666534,0.8132711277979435,0.004036154250518545,0.0012333109125353327,6,0.9849853870687099,47226.0,87557.0,10495.0
3,WWOOOOOW,5.779465939180935e-05,0.0005321295363460775,0.0005607983479783737,-0.07556626985674109,-3.2562953630512634,-2.8668811632296233e-05,-0.0005030036885865643,5,3.1807290931945222,16270.0,8226.0,212.0
3,WWOOOOWO,0.0039134072432519965,0.007493931226300473,0.0043384490758046675,0.7884033462147483,-0.14871803634782496,0.0031554821504958053,-0.00042504183255267104,5,0.9371213825625733,125868.0,115846.0,14355.0
3,WWOOOOWW,0.0056033557978266485,0.0019072179820193778,0.00526726487684789,-1.4651018984134878,0.08922066656232948,-0.0033600468948285123,0.00033609092097875836,4,-1.5543225649758172,152815.0,29483.0,20554.0
3,WWOOOWOO,0.004558962684005792,0.0006222409445797374,0.0006006781075733939,0.05079815175693943,2.9219582487967775,2.1562837006343502e-05,0.003958284576432398,5,-2.871160097039838,17427.0,9619.0,16723.0
3,WWOOOWOW,0.003651422961763653,0.002328147582433179,0.004159869097877442,-0.8370828451646487,-0.18803105800117614,-0.0018317215154442634,-0.0005084461361137891,4,-0.6490517871634726,120687.0,35990.0,13394.0
3,WWOOOWWO,0.002443732673529146,0.004488816029247588,0.0028132636978270976,0.6738988154650775,-0.2030807980317687,0.0016755523314204907,-0.00036953102429795144,4,0.8769796134968462,81619.0,69391.0,8964.0
3,WWOOOWWW,0.0034488690375744347,0.0012792197400004477,0.0029830198050055544,-1.22086565169194,0.2092844851457532,-0.0017038000650051067,0.00046584923256888034,3,-1.4301501368376932,86544.0,19775.0,12651.0
3,WWOOWOOO,4.743523931214541e-05,0.00018235754473129012,0.00019843368711195433,-0.12124949071852216,-2.041780146524192,-1.607614238066421e-05,-0.0001509984477998089,5,1.9205306558056698,5757.0,2819.0,174.0
3,WWOOWOOW,0.003748201754613145,0.0023545405864240855,0.002574846846384786,-0.12898862671222885,0.5415366461594187,-0.0002203062599607005,0.001173354908228359,4,-0.6705252728716475,74702.0,36398.0,13749.0
3,WWOOWOWO,0.0077117704003561455,0.0016524090537836376,0.00447421949330232,-1.4365147512001422,0.7852907212063582,-0.002821810439518682,0.0032375509070538258,4,-2.2218054724065004,129807.0,25544.0,28288.0
3,WWOOWOWW,0.005022683040729696,0.0008097735881327739,0.004926615210402268,-2.6035186054216153,0.02785584045147314,-0.004116841622269494,9.60678303274275e-05,3,-2.6313744458730883,142932.0,12518.0,18424.0
3,WWOOWWOO,0.0007605995269016419,0.0026282386253592004,0.0024773706492069838,0.08525312069505137,-1.7022874762540399,0.00015086797615221663,-0.0017167711223053418,4,1.7875405969490912,71874.0,40629.0,2790.0
3,WWOOWWOW,0.007110924035735638,0.003472879441803491,0.003982771254490049,-0.19758712384519464,0.8361051032690049,-0.0005098918126865584,0.0031281527812455885,3,-1.0336922271141995,115549.0,53686.0,26084.0
3,WWOOWWWO,0.005291482730165186,0.002590331026489908,0.004802736337468385,-0.8904636454105175,0.1397876885428907,-0.002212405310978477,0.0004887463926968013,3,-1.0302513339534083,139338.0,40043.0,19410.0
3,WWOOWWWW,0.0034922150321182914,0.0009851447494547063,0.0027644911309930844,-1.4876643846843587,0.3370197382626103,-0.0017793463815383782,0.000727723901125207,2,-1.824684122946969,80204.0,15229.0,12810.0
3,WWOWOOOO,0.0012055093576914197,0.0009316471653849025,0.0008699785066363953,0.09869427330212142,0.4701300825310591,6.16686587485072e-05,0.0003355308510550244,5,-0.37143580922893765,25240.0,14402.0,4422.0
3,WWOWOOOW,0.0011556205715183012,0.0026405294850608482,0.002578569416856923,0.0342432432141725,-1.1572146032290371,6.196006820392537e-05,-0.0014229488453386216,4,1.1914578464432097,74810.0,40819.0,4239.0
3,WWOWOOWO,0.0031784336502316286,0.0015471604814963694,0.004223600883090227,-1.4482600217515467,-0.41004524761564876,-0.0026764404015938575,-0.0010451672328585983,4,-1.038214774135898,122536.0,23917.0,11659.0
3,WWOWOOWW,0.0038599744449463614,0.001247392882246707,0.003960125617451217,-1.6658384167076477,-0.03694544813939279,-0.00271273273520451,-0.0001001511725048556,3,-1.628892968568255,114892.0,19283.0,14159.0
3,WWOWOWOO,0.0012074176719166208,0.003251773344644374,0.002995359436755785,0.11845960122111755,-1.310091509409512,0.000256413907888589,-0.0017879417648391644,4,1.4285511106306297,86902.0,50268.0,4429.0
3,WWOWOWOW,0.007347282383342707,0.003202674594573055,0.004536951699406847,-0.5023136365188144,0.6953658146161821,-0.0013342771048337919,0.00281033068393586,3,-1.1976794511349964,131627.0,49509.0,26951.0
3,WWOWOWWO,0.002340411089050393,0.0008027872047234162,0.0025948384285499645,-1.6913150723883088,-0.1488223339167263,-0.0017920512238265482,-0.00025442733949957146,3,-1.5424927384715825,75282.0,12410.0,8585.0
3,WWOWOWWW,0.0012548529112287661,0.0009009200161307831,0.003785371614731466,-2.0697446082796036,-1.592148509871705,-0.0028844515986006826,-0.0025305187035026995,2,-0.47759609840789863,109822.0,13927.0,4603.0
3,WWOWWOOO,0.00342460618528259,0.0031032480084602515,0.005137319592774229,-0.7270528019312084,-0.5849373198835022,-0.002034071584313977,-0.0017127134074916388,4,-0.1421154820477062,149045.0,47972.0,12562.0
3,WWOWWOOW,0.0005501397294937324,0.0032911687844249192,0.003352174710159112,-0.026489351290257864,-2.605037619460963,-6.100592573419269e-05,-0.0028020349806653798,3,2.578548268170705,97254.0,50877.0,2018.0
3,WWOWWOWO,0.002480535876443742,0.0019194441529857538,0.004034335749178165,-1.0712487034962916,-0.7014554016897896,-0.0021148915961924112,-0.0015537998727344227,3,-0.36979330180650205,117045.0,29672.0,9099.0
3,WWOWWOWW,0.0043708574246645255,0.0016096497997689578,0.0038879835804310125,-1.271750297659022,0.16885320887780883,-0.0022783337806620545,0.00048287384423351294,2,-1.4406035065368308,112799.0,24883.0,16033.0
3,WWOWWWOO,0.002316966085712206,0.0026138777261288542,0.0034298316663972975,-0.3918148554424313,-0.5656988835149824,-0.0008159539402684433,-0.0011128655806850914,3,0.17388402807255116,99507.0,40407.0,8499.0
3,WWOWWWOW,0.0053855353598358194,0.006168264974374851,0.005083721471624483,0.278929863383729,0.08318887529941929,0.0010845435027503686,0.0003018138882113367,2,0.1957409880843097,147490.0,95353.0,19755.0
3,WWOWWWWO,0.0025560505964981346,0.002078578441754457,0.00521259824009966,-1.3259883085652469,-1.0277987055247968,-0.0031340197983452034,-0.002656547643601526,2,-0.29818960304045006,151229.0,32132.0,9376.0
3,WWOWWWWW,0.005167442305527105,0.0037901129995765474,0.002589806064763558,0.5492204323777566,0.9963285120580235,0.0012003069348129895,0.002577636240763547,1,-0.4471080796802669,75136.0,58590.0,18955.0
3,WWWOOOOO,0.010552705049045038,0.020068256965909425,0.005949322511131606,1.7539474334637024,0.8267097987030739,0.01411893445477782,0.004603382537913432,5,0.9272376347606285,172603.0,310228.0,38709.0
3,WWWOOOOW,0.0007355188256561398,0.000679619852765851,0.0012935932390675084,-0.9275777361173235,-0.8137045680303971,-0.0006139733863016574,-0.0005580744134113686,4,-0.11387316808692638,37530.0,10506.0,2698.0
3,WWWOOOWO,0.0013003798363157104,0.001970030743968325,0.0026783205182121417,-0.44291689672840595,-1.0418250705350267,-0.0007082897742438166,-0.0013779406818964313,4,0.5989081738066208,77704.0,30454.0,4770.0
3,WWWOOOWW,0.01032888705206072,0.0014967679567196134,0.004649490519698757,-1.6345687653055792,1.1513696792522425,-0.0031527225629791435,0.005679396532361963,3,-2.7859384445578215,134892.0,23138.0,37888.0
3,WWWOOWOO,0.0009707867079916656,0.0005065774859137045,0.0005947840376591773,-0.23116139271422037,0.7058502283514466,-8.820655174547284e-05,0.00037600267033248826,4,-0.9370116210656669,17256.0,7831.0,3561.0
3,WWWOOWOW,0.0024360994166283414,0.0035099460871142497,0.0030416158216965954,0.20654766054099216,-0.32014707817747473,0.0004683302654176543,-0.0006055164050682541,3,0.5266947387184668,88244.0,54259.0,8936.0
3,WWWOOWWO,0.0038793302035162597,0.001568766519077161,0.002263633061265134,-0.5287273149128834,0.7769021171283612,-0.0006948665421879733,0.0016156971422511255,3,-1.3056294320412447,65673.0,24251.0,14230.0
3,WWWOOWWW,0.003996555220207194,0.004386931271194455,0.005395900367607281,-0.29859012512988947,-0.43301309140244226,-0.0010089690964128258,-0.0013993451474000867,2,0.1344229662725528,156547.0,67816.0,14660.0
3,WWWOWOOO,0.0004754428583929977,0.00084709898838462,0.0009052050531412445,-0.09560487252745453,-0.9275343389689586,-5.8106064756624476e-05,-0.0004297621947482468,4,0.8319294664415041,26262.0,13095.0,1744.0
3,WWWOWOOW,0.004212739960290707,0.0052794417517399005,0.004322903897258985,0.28832416955810447,-0.037233173374285326,0.0009565378544809152,-0.00011016393696827807,3,0.3255573429323898,125417.0,81613.0,15453.0
3,WWWOWOWO,0.0026678232868313505,0.002426862592457992,0.0037676204684985917,-0.6343497379005332,-0.49783272870581347,-0.0013407578760405996,-0.0010997971816672412,3,-0.1365170091947197,109307.0,37516.0,9786.0
3,WWWOWOWW,0.0015866269700958982,0.00417397595467959,0.004684648129713382,-0.16648073004511743,-1.5613766429128992,-0.0005106721750337924,-0.0030980211596174836,2,1.3948959128677818,135912.0,64524.0,5820.0
3,WWWOWWOO,0.00108201416568911,0.00521934591667237,0.0036892052108679343,0.50044436128708,-1.7686489328838366,0.0015301407058044359,-0.0026071910451788242,3,2.2690932941709168,107032.0,80684.0,3969.0
3,WWWOWWOW,0.0038935062520463262,0.0060721375137609114,0.0028570728373649287,1.0873993527606027,0.4463977504234481,0.0032150646763959827,0.0010364334146813975,2,0.6410016023371546,82890.0,93867.0,14282.0
3,WWWOWWWO,0.005224419115965257,0.0023128810409090267,0.0058774562200723,-1.3451226333373685,-0.16989057291006096,-0.0035645751791632736,-0.0006530371041070437,2,-1.1752320604273074,170518.0,35754.0,19164.0
3,WWWOWWWW,0.0015667259788902281,0.006192070428954885,0.004451332578547702,0.4760934902343369,-1.5058879481590044,0.001740737850407183,-0.0028846065996574735,1,1.9819814383933414,129143.0,95721.0,5747.0
3,WWWWOOOO,0.0004907093721946077,0.0011728714592135583,0.0005987134176019883,0.9689292834941063,-0.28646739727912757,0.0005741580416115699,-0.00010800404540738063,4,1.255396680773234,17370.0,18131.0,1800.0
3,WWWWOOOW,0.005225236964918914,0.003545460202778485,0.00322105750575163,0.13839751541965836,0.6977902971489511,0.00032440269702685475,0.002004179459167284,3,-0.5593927817292927,93450.0,54808.0,19167.0
3,WWWWOOWO,0.0036579657533929145,0.0029976759924966244,0.0030784279074766137,-0.03833670645432044,0.24877355901981474,-8.075191497998934e-05,0.0005795378459163007,3,-0.2871102654741352,89312.0,46340.0,13418.0
3,WWWWOOWW,0.001416241771417215,0.004377033894697865,0.0048050801781360265,-0.13457759274598316,-1.7617748238239193,-0.00042804628343816147,-0.0033888384067188113,2,1.6271972310779361,139406.0,67663.0,5195.0
3,WWWWOWOO,0.004149220358223294,0.006180620522811771,0.005183093422283466,0.25389337559151054,-0.32090377801396097,0.000997527100528305,-0.0010338730640601715,3,0.5747971536054715,150373.0,95544.0,15220.0
3,WWWWOWOW,0.0026165714190688025,0.004143766315307645,0.0031195140556505674,0.4095070539036111,-0.2535548091269763,0.0010242522596570773,-0.0005029426365817649,2,0.6630618630305873,90504.0,64057.0,9598.0
3,WWWWOWWO,0.0005880333976798715,0.002963843783949457,0.0020029841917253394,0.5650849639457928,-1.7664497869516143,0.0009608595922241175,-0.0014149507940454677,2,2.331534750897407,58111.0,45817.0,2157.0
3,WWWWOWWW,0.00483185161820957,0.001213819428640627,0.0036962712011159716,-1.6057189846715927,0.38641382921806544,-0.0024824517724753446,0.0011355804170935986,1,-1.9921328138896581,107237.0,18764.0,17724.0
3,WWWWWOOO,0.0076755124300773225,0.003975252159924526,0.002534001975926619,0.6494223786970795,1.598464147191601,0.001441250183997907,0.005141510454150703,3,-0.9490417684945215,73517.0,61452.0,28155.0
3,WWWWWOOW,0.0033215572171217222,0.00563988738467454,0.004584724687132601,0.2987723925739654,-0.46485569843588365,0.0010551626975419393,-0.0012631674700108787,2,0.763628091009849,133013.0,87185.0,12184.0
3,WWWWWOWO,0.0035791796375238914,0.0047852198142631155,0.0029484826234029526,0.6984247466227171,0.2795700676489309,0.001836737190860163,0.0006306970141209387,2,0.41885467897378625,85542.0,73973.0,13129.0
3,WWWWWOWW,0.0026929039880768525,0.0028113724349137525,0.0044700488356437225,-0.6688256447169862,-0.7309148705703393,-0.00165867640072997,-0.00177714484756687,1,0.06208922585335308,129686.0,43460.0,9878.0
3,WWWWWWOO,0.004938989831138727,0.005258159157835469,0.004536882762916621,0.2128128205475116,0.12248873487188998,0.0007212763949188475,0.00040210706822210555,2,0.09032408567562163,131625.0,81284.0,18117.0
3,WWWWWWOW,0.0031015558485878066,0.00532252444943094,0.004311598312862126,0.3038243552328438,-0.47510016548864265,0.001010926136568814,-0.0012100424642743192,1,0.7789245207214864,125089.0,82279.0,11377.0
3,WWWWWWWO,0.004315243695815803,0.0031262125094817512,0.005780290237100509,-0.8865142407161829,-0.42161517961877887,-0.0026540777276187577,-0.0014650465412847057,1,-0.46489906109740403,167699.0,48327.0,15829.0
3,WWWWWWWW,0.02888042748419575,0.03498522056465245,0.03493022300161818,0.0022696690201545705,-0.27437510465697157,5.499756303426612e-05,-0.0060497955174224315,0,0.27664477367712614,1013403.0,540824.0,105938.0
