library_id,response_col,site_i,site_j,residue_pair,background_bits,epsilon,abs_epsilon,g00,g10,g01,g11
1,ddelta,477,478,477-478,0,-0.3152793789713952,0.3152793789713952,WWWWWWWW,OWWWWWWW,WOWWWWWW,OOWWWWWW
1,ddelta,477,478,477-478,1,-1.9841010088570075,1.9841010088570075,WWOWWWWW,OWOWWWWW,WOOWWWWW,OOOWWWWW
1,ddelta,477,478,477-478,2,-0.06033832238187453,0.06033832238187453,WWWOWWWW,OWWOWWWW,WOWOWWWW,OOWOWWWW
1,ddelta,477,478,477-478,3,2.3456841298993334,2.3456841298993334,WWOOWWWW,OWOOWWWW,WOOOWWWW,OOOOWWWW
1,ddelta,477,478,477-478,4,1.3238971256730552,1.3238971256730552,WWWWOWWW,OWWWOWWW,WOWWOWWW,OOWWOWWW
1,ddelta,477,478,477-478,5,1.2424717573174806,1.2424717573174806,WWOWOWWW,OWOWOWWW,WOOWOWWW,OOOWOWWW
1,ddelta,477,478,477-478,6,2.9241176963500743,2.9241176963500743,WWWOOWWW,OWWOOWWW,WOWOOWWW,OOWOOWWW
1,ddelta,477,478,477-478,7,0.005072722082680503,0.005072722082680503,WWOOOWWW,OWOOOWWW,WOOOOWWW,OOOOOWWW
1,ddelta,477,478,477-478,8,-2.480509007037443,2.480509007037443,WWWWWOWW,OWWWWOWW,WOWWWOWW,OOWWWOWW
1,ddelta,477,478,477-478,9,0.0030397357935518787,0.0030397357935518787,WWOWWOWW,OWOWWOWW,WOOWWOWW,OOOWWOWW
1,ddelta,477,478,477-478,10,-1.9671902007443316,1.9671902007443316,WWWOWOWW,OWWOWOWW,WOWOWOWW,OOWOWOWW
1,ddelta,477,478,477-478,11,0.9860011774504838,0.9860011774504838,WWOOWOWW,OWOOWOWW,WOOOWOWW,OOOOWOWW
1,ddelta,477,478,477-478,12,0.05260019557627482,0.05260019557627482,WWWWOOWW,OWWWOOWW,WOWWOOWW,OOWWOOWW
1,ddelta,477,478,477-478,13,3.9991172197368168,3.9991172197368168,WWOWOOWW,OWOWOOWW,WOOWOOWW,OOOWOOWW
1,ddelta,477,478,477-478,14,3.6730263661168765,3.6730263661168765,WWWOOOWW,OWWOOOWW,WOWOOOWW,OOWOOOWW
1,ddelta,477,478,477-478,15,4.220711627135401,4.220711627135401,WWOOOOWW,OWOOOOWW,WOOOOOWW,OOOOOOWW
1,ddelta,477,478,477-478,16,0.5255007150921306,0.5255007150921306,WWWWWWOW,OWWWWWOW,WOWWWWOW,OOWWWWOW
1,ddelta,477,478,477-478,17,1.6105083618534775,1.6105083618534775,WWOWWWOW,OWOWWWOW,WOOWWWOW,OOOWWWOW
1,ddelta,477,478,477-478,18,-0.5815438238600016,0.5815438238600016,WWWOWWOW,OWWOWWOW,WOWOWWOW,OOWOWWOW
1,ddelta,477,478,477-478,19,-0.11938929158444425,0.11938929158444425,WWOOWWOW,OWOOWWOW,WOOOWWOW,OOOOWWOW
1,ddelta,477,478,477-478,20,1.017489290288029,1.017489290288029,WWWWOWOW,OWWWOWOW,WOWWOWOW,OOWWOWOW
1,ddelta,477,478,477-478,21,-0.8324261568558653,0.8324261568558653,WWOWOWOW,OWOWOWOW,WOOWOWOW,OOOWOWOW
1,ddelta,477,478,477-478,22,-1.3752444726735518,1.3752444726735518,WWWOOWOW,OWWOOWOW,WOWOOWOW,OOWOOWOW
1,ddelta,477,478,477-478,23,-1.5926875862841254,1.5926875862841254,WWOOOWOW,OWOOOWOW,WOOOOWOW,OOOOOWOW
1,ddelta,477,478,477-478,24,-0.7085198285674067,0.7085198285674067,WWWWWOOW,OWWWWOOW,WOWWWOOW,OOWWWOOW
1,ddelta,477,478,477-478,25,0.9451700368081442,0.9451700368081442,WWOWWOOW,OWOWWOOW,WOOWWOOW,OOOWWOOW
1,ddelta,477,478,477-478,26,2.1721244811423057,2.1721244811423057,WWWOWOOW,OWWOWOOW,WOWOWOOW,OOWOWOOW
1,ddelta,477,478,477-478,27,-1.4262079244604813,1.4262079244604813,WWOOWOOW,OWOOWOOW,WOOOWOOW,OOOOWOOW
1,ddelta,477,478,477-478,28,-2.964563125841634,2.964563125841634,WWWWOOOW,OWWWOOOW,WOWWOOOW,OOWWOOOW
1,ddelta,477,478,477-478,29,0.40838009040812406,0.40838009040812406,WWOWOOOW,OWOWOOOW,WOOWOOOW,OOOWOOOW
1,ddelta,477,478,477-478,30,1.6313506984925574,1.6313506984925574,WWWOOOOW,OWWOOOOW,WOWOOOOW,OOWOOOOW
1,ddelta,477,478,477-478,31,-0.43046801672598844,0.43046801672598844,WWOOOOOW,OWOOOOOW,WOOOOOOW,OOOOOOOW
1,ddelta,477,478,477-478,32,-0.7936909030603185,0.7936909030603185,WWWWWWWO,OWWWWWWO,WOWWWWWO,OOWWWWWO
1,ddelta,477,478,477-478,33,4.812829464022508,4.812829464022508,WWOWWWWO,OWOWWWWO,WOOWWWWO,OOOWWWWO
1,ddelta,477,478,477-478,34,4.31887067095453,4.31887067095453,WWWOWWWO,OWWOWWWO,WOWOWWWO,OOWOWWWO
1,ddelta,477,478,477-478,35,-1.4518315703676854,1.4518315703676854,WWOOWWWO,OWOOWWWO,WOOOWWWO,OOOOWWWO
1,ddelta,477,478,477-478,36,-2.306212011616402,2.306212011616402,WWWWOWWO,OWWWOWWO,WOWWOWWO,OOWWOWWO
1,ddelta,477,478,477-478,37,-0.018110323953554275,0.018110323953554275,WWOWOWWO,OWOWOWWO,WOOWOWWO,OOOWOWWO
1,ddelta,477,478,477-478,38,2.3475246823585882,2.3475246823585882,WWWOOWWO,OWWOOWWO,WOWOOWWO,OOWOOWWO
1,ddelta,477,478,477-478,39,-2.9040144974906026,2.9040144974906026,WWOOOWWO,OWOOOWWO,WOOOOWWO,OOOOOWWO
1,ddelta,477,478,477-478,40,-1.9558333695623622,1.9558333695623622,WWWWWOWO,OWWWWOWO,WOWWWOWO,OOWWWOWO
1,ddelta,477,478,477-478,41,3.142956258138618,3.142956258138618,WWOWWOWO,OWOWWOWO,WOOWWOWO,OOOWWOWO
1,ddelta,477,478,477-478,42,0.7873900339141817,0.7873900339141817,WWWOWOWO,OWWOWOWO,WOWOWOWO,OOWOWOWO
1,ddelta,477,478,477-478,43,2.79845354203714,2.79845354203714,WWOOWOWO,OWOOWOWO,WOOOWOWO,OOOOWOWO
1,ddelta,477,478,477-478,44,0.0674411909321688,0.0674411909321688,WWWWOOWO,OWWWOOWO,WOWWOOWO,OOWWOOWO
1,ddelta,477,478,477-478,45,-0.050137669981227484,0.050137669981227484,WWOWOOWO,OWOWOOWO,WOOWOOWO,OOOWOOWO
1,ddelta,477,478,477-478,46,1.6850551971572556,1.6850551971572556,WWWOOOWO,OWWOOOWO,WOWOOOWO,OOWOOOWO
1,ddelta,477,478,477-478,47,0.166118286603401,0.166118286603401,WWOOOOWO,OWOOOOWO,WOOOOOWO,OOOOOOWO
1,ddelta,477,478,477-478,48,2.595032577121936,2.595032577121936,WWWWWWOO,OWWWWWOO,WOWWWWOO,OOWWWWOO
1,ddelta,477,478,477-478,49,1.5583295753504243,1.5583295753504243,WWOWWWOO,OWOWWWOO,WOOWWWOO,OOOWWWOO
1,ddelta,477,478,477-478,50,1.078780435954326,1.078780435954326,WWWOWWOO,OWWOWWOO,WOWOWWOO,OOWOWWOO
1,ddelta,477,478,477-478,51,-0.09450650536661576,0.09450650536661576,WWOOWWOO,OWOOWWOO,WOOOWWOO,OOOOWWOO
1,ddelta,477,478,477-478,52,-1.1143438488766004,1.1143438488766004,WWWWOWOO,OWWWOWOO,WOWWOWOO,OOWWOWOO
1,ddelta,477,478,477-478,53,1.6956549974553126,1.6956549974553126,WWOWOWOO,OWOWOWOO,WOOWOWOO,OOOWOWOO
1,ddelta,477,478,477-478,54,1.5362715784344934,1.5362715784344934,WWWOOWOO,OWWOOWOO,WOWOOWOO,OOWOOWOO
1,ddelta,477,478,477-478,55,2.9378898376047116,2.9378898376047116,WWOOOWOO,OWOOOWOO,WOOOOWOO,OOOOOWOO
1,ddelta,477,478,477-478,56,-0.8721194190561522,0.8721194190561522,WWWWWOOO,OWWWWOOO,WOWWWOOO,OOWWWOOO
1,ddelta,477,478,477-478,57,0.3183934588399766,0.3183934588399766,WWOWWOOO,OWOWWOOO,WOOWWOOO,OOOWWOOO
1,ddelta,477,478,477-478,58,1.438312370278348,1.438312370278348,WWWOWOOO,OWWOWOOO,WOWOWOOO,OOWOWOOO
1,ddelta,477,478,477-478,59,-2.8774506540179745,2.8774506540179745,WWOOWOOO,OWOOWOOO,WOOOWOOO,OOOOWOOO
1,ddelta,477,478,477-478,60,-6.734946573451551,6.734946573451551,WWWWOOOO,OWWWOOOO,WOWWOOOO,OOWWOOOO
1,ddelta,477,478,477-478,61,-6.161368940183524,6.161368940183524,WWOWOOOO,OWOWOOOO,WOOWOOOO,OOOWOOOO
1,ddelta,477,478,477-478,62,0.5508417878060393,0.5508417878060393,WWWOOOOO,OWWOOOOO,WOWOOOOO,OOWOOOOO
1,ddelta,477,478,477-478,63,-0.03703392670033956,0.03703392670033956,WWOOOOOO,OWOOOOOO,WOOOOOOO,OOOOOOOO
1,ddelta,477,484,477-484,0,0.8289189559046546,0.8289189559046546,WWWWWWWW,OWWWWWWW,WWOWWWWW,OWOWWWWW
1,ddelta,477,484,477-484,1,-0.8399026739809579,0.8399026739809579,WOWWWWWW,OOWWWWWW,WOOWWWWW,OOOWWWWW
1,ddelta,477,484,477-484,2,-1.9801890078344544,1.9801890078344544,WWWOWWWW,OWWOWWWW,WWOOWWWW,OWOOWWWW
1,ddelta,477,484,477-484,3,0.42583344444675364,0.42583344444675364,WOWOWWWW,OOWOWWWW,WOOOWWWW,OOOOWWWW
1,ddelta,477,484,477-484,4,-2.8098914878030663,2.8098914878030663,WWWWOWWW,OWWWOWWW,WWOWOWWW,OWOWOWWW
1,ddelta,477,484,477-484,5,-2.8913168561586406,2.8913168561586406,WOWWOWWW,OOWWOWWW,WOOWOWWW,OOOWOWWW
1,ddelta,477,484,477-484,6,2.1095534630173463,2.1095534630173463,WWWOOWWW,OWWOOWWW,WWOOOWWW,OWOOOWWW
1,ddelta,477,484,477-484,7,-0.8094915112500471,0.8094915112500471,WOWOOWWW,OOWOOWWW,WOOOOWWW,OOOOOWWW
1,ddelta,477,484,477-484,8,-3.734547475931244,3.734547475931244,WWWWWOWW,OWWWWOWW,WWOWWOWW,OWOWWOWW
1,ddelta,477,484,477-484,9,-1.2509987331002494,1.2509987331002494,WOWWWOWW,OOWWWOWW,WOOWWOWW,OOOWWOWW
1,ddelta,477,484,477-484,10,-0.33413128781416823,0.33413128781416823,WWWOWOWW,OWWOWOWW,WWOOWOWW,OWOOWOWW
1,ddelta,477,484,477-484,11,2.619060090380647,2.619060090380647,WOWOWOWW,OOWOWOWW,WOOOWOWW,OOOOWOWW
1,ddelta,477,484,477-484,12,-1.8097623821295716,1.8097623821295716,WWWWOOWW,OWWWOOWW,WWOWOOWW,OWOWOOWW
1,ddelta,477,484,477-484,13,2.1367546420309704,2.1367546420309704,WOWWOOWW,OOWWOOWW,WOOWOOWW,OOOWOOWW
1,ddelta,477,484,477-484,14,-2.5039932731829526,2.5039932731829526,WWWOOOWW,OWWOOOWW,WWOOOOWW,OWOOOOWW
1,ddelta,477,484,477-484,15,-1.956308012164429,1.956308012164429,WOWOOOWW,OOWOOOWW,WOOOOOWW,OOOOOOWW
1,ddelta,477,484,477-484,16,-0.2971098652838218,0.2971098652838218,WWWWWWOW,OWWWWWOW,WWOWWWOW,OWOWWWOW
1,ddelta,477,484,477-484,17,0.7878977814775249,0.7878977814775249,WOWWWWOW,OOWWWWOW,WOOWWWOW,OOOWWWOW
1,ddelta,477,484,477-484,18,-1.0876886054615325,1.0876886054615325,WWWOWWOW,OWWOWWOW,WWOOWWOW,OWOOWWOW
1,ddelta,477,484,477-484,19,-0.6255340731859753,0.6255340731859753,WOWOWWOW,OOWOWWOW,WOOOWWOW,OOOOWWOW
1,ddelta,477,484,477-484,20,1.1205542938380304,1.1205542938380304,WWWWOWOW,OWWWOWOW,WWOWOWOW,OWOWOWOW
1,ddelta,477,484,477-484,21,-0.7293611533058639,0.7293611533058639,WOWWOWOW,OOWWOWOW,WOOWOWOW,OOOWOWOW
1,ddelta,477,484,477-484,22,1.2223923840785367,1.2223923840785367,WWWOOWOW,OWWOOWOW,WWOOOWOW,OWOOOWOW
1,ddelta,477,484,477-484,23,1.0049492704679628,1.0049492704679628,WOWOOWOW,OOWOOWOW,WOOOOWOW,OOOOOWOW
1,ddelta,477,484,477-484,24,0.7481637888621986,0.7481637888621986,WWWWWOOW,OWWWWOOW,WWOWWOOW,OWOWWOOW
1,ddelta,477,484,477-484,25,2.4018536542377493,2.4018536542377493,WOWWWOOW,OOWWWOOW,WOOWWOOW,OOOWWOOW
1,ddelta,477,484,477-484,26,1.6128409590483193,1.6128409590483193,WWWOWOOW,OWWOWOOW,WWOOWOOW,OWOOWOOW
1,ddelta,477,484,477-484,27,-1.9854914465544675,1.9854914465544675,WOWOWOOW,OOWOWOOW,WOOOWOOW,OOOOWOOW
1,ddelta,477,484,477-484,28,-1.5885202518910817,1.5885202518910817,WWWWOOOW,OWWWOOOW,WWOWOOOW,OWOWOOOW
1,ddelta,477,484,477-484,29,1.7844229643586762,1.7844229643586762,WOWWOOOW,OOWWOOOW,WOOWOOOW,OOOWOOOW
1,ddelta,477,484,477-484,30,0.10003321876912186,0.10003321876912186,WWWOOOOW,OWWOOOOW,WWOOOOOW,OWOOOOOW
1,ddelta,477,484,477-484,31,-1.9617854964494241,1.9617854964494241,WOWOOOOW,OOWOOOOW,WOOOOOOW,OOOOOOOW
1,ddelta,477,484,477-484,32,-2.791615395860214,2.791615395860214,WWWWWWWO,OWWWWWWO,WWOWWWWO,OWOWWWWO
1,ddelta,477,484,477-484,33,2.8149049712226133,2.8149049712226133,WOWWWWWO,OOWWWWWO,WOOWWWWO,OOOWWWWO
1,ddelta,477,484,477-484,34,3.2262956301455517,3.2262956301455517,WWWOWWWO,OWWOWWWO,WWOOWWWO,OWOOWWWO
1,ddelta,477,484,477-484,35,-2.544406611176663,2.544406611176663,WOWOWWWO,OOWOWWWO,WOOOWWWO,OOOOWWWO
1,ddelta,477,484,477-484,36,-3.1118264043689985,3.1118264043689985,WWWWOWWO,OWWWOWWO,WWOWOWWO,OWOWOWWO
1,ddelta,477,484,477-484,37,-0.8237247167061508,0.8237247167061508,WOWWOWWO,OOWWOWWO,WOOWOWWO,OOOWOWWO
1,ddelta,477,484,477-484,38,6.723763514504897,6.723763514504897,WWWOOWWO,OWWOOWWO,WWOOOWWO,OWOOOWWO
1,ddelta,477,484,477-484,39,1.4722243346557065,1.4722243346557065,WOWOOWWO,OOWOOWWO,WOOOOWWO,OOOOOWWO
1,ddelta,477,484,477-484,40,-2.3327201729791813,2.3327201729791813,WWWWWOWO,OWWWWOWO,WWOWWOWO,OWOWWOWO
1,ddelta,477,484,477-484,41,2.7660694547217988,2.7660694547217988,WOWWWOWO,OOWWWOWO,WOOWWOWO,OOOWWOWO
1,ddelta,477,484,477-484,42,-2.878335470258958,2.878335470258958,WWWOWOWO,OWWOWOWO,WWOOWOWO,OWOOWOWO
1,ddelta,477,484,477-484,43,-0.8672719621359992,0.8672719621359992,WOWOWOWO,OOWOWOWO,WOOOWOWO,OOOOWOWO
1,ddelta,477,484,477-484,44,-1.409435819635641,1.409435819635641,WWWWOOWO,OWWWOOWO,WWOWOOWO,OWOWOOWO
1,ddelta,477,484,477-484,45,-1.527014680549037,1.527014680549037,WOWWOOWO,OOWWOOWO,WOOWOOWO,OOOWOOWO
1,ddelta,477,484,477-484,46,-1.9198488001268728,1.9198488001268728,WWWOOOWO,OWWOOOWO,WWOOOOWO,OWOOOOWO
1,ddelta,477,484,477-484,47,-3.4387857106807274,3.4387857106807274,WOWOOOWO,OOWOOOWO,WOOOOOWO,OOOOOOWO
1,ddelta,477,484,477-484,48,0.11027498696736393,0.11027498696736393,WWWWWWOO,OWWWWWOO,WWOWWWOO,OWOWWWOO
1,ddelta,477,484,477-484,49,-0.9264280148041475,0.9264280148041475,WOWWWWOO,OOWWWWOO,WOOWWWOO,OOOWWWOO
1,ddelta,477,484,477-484,50,0.4924713652509696,0.4924713652509696,WWWOWWOO,OWWOWWOO,WWOOWWOO,OWOOWWOO
1,ddelta,477,484,477-484,51,-0.6808155760699723,0.6808155760699723,WOWOWWOO,OOWOWWOO,WOOOWWOO,OOOOWWOO
1,ddelta,477,484,477-484,52,-1.0276256941135506,1.0276256941135506,WWWWOWOO,OWWWOWOO,WWOWOWOO,OWOWOWOO
1,ddelta,477,484,477-484,53,1.7823731522183623,1.7823731522183623,WOWWOWOO,OOWWOWOO,WOOWOWOO,OOOWOWOO
1,ddelta,477,484,477-484,54,-2.689278273636006,2.689278273636006,WWWOOWOO,OWWOOWOO,WWOOOWOO,OWOOOWOO
1,ddelta,477,484,477-484,55,-1.2876600144657877,1.2876600144657877,WOWOOWOO,OOWOOWOO,WOOOOWOO,OOOOOWOO
1,ddelta,477,484,477-484,56,-0.7670892321625492,0.7670892321625492,WWWWWOOO,OWWWWOOO,WWOWWOOO,OWOWWOOO
1,ddelta,477,484,477-484,57,0.4234236457335796,0.4234236457335796,WOWWWOOO,OOWWWOOO,WOOWWOOO,OOOWWOOO
1,ddelta,477,484,477-484,58,1.6754964000350139,1.6754964000350139,WWWOWOOO,OWWOWOOO,WWOOWOOO,OWOOWOOO
1,ddelta,477,484,477-484,59,-2.640266624261309,2.640266624261309,WOWOWOOO,OOWOWOOO,WOOOWOOO,OOOOWOOO
1,ddelta,477,484,477-484,60,-5.165711223454205,5.165711223454205,WWWWOOOO,OWWWOOOO,WWOWOOOO,OWOWOOOO
1,ddelta,477,484,477-484,61,-4.592133590186178,4.592133590186178,WOWWOOOO,OOWWOOOO,WOOWOOOO,OOOWOOOO
1,ddelta,477,484,477-484,62,-0.80045053109995,0.80045053109995,WWWOOOOO,OWWOOOOO,WWOOOOOO,OWOOOOOO
1,ddelta,477,484,477-484,63,-1.388326245606329,1.388326245606329,WOWOOOOO,OOWOOOOO,WOOOOOOO,OOOOOOOO
1,ddelta,477,493,477-493,0,0.6775080372066924,0.6775080372066924,WWWWWWWW,OWWWWWWW,WWWOWWWW,OWWOWWWW
1,ddelta,477,493,477-493,1,0.932449093796213,0.932449093796213,WOWWWWWW,OOWWWWWW,WOWOWWWW,OOWOWWWW
1,ddelta,477,493,477-493,2,-2.1315999265324166,2.1315999265324166,WWOWWWWW,OWOWWWWW,WWOOWWWW,OWOOWWWW
1,ddelta,477,493,477-493,3,2.1981852122239247,2.1981852122239247,WOOWWWWW,OOOWWWWW,WOOOWWWW,OOOOWWWW
1,ddelta,477,493,477-493,4,0.5561816860752526,0.5561816860752526,WWWWOWWW,OWWWOWWW,WWWOOWWW,OWWOOWWW
1,ddelta,477,493,477-493,5,2.156402256752272,2.156402256752272,WOWWOWWW,OOWWOWWW,WOWOOWWW,OOWOOWWW
1,ddelta,477,493,477-493,6,5.475626636895665,5.475626636895665,WWOWOWWW,OWOWOWWW,WWOOOWWW,OWOOOWWW
1,ddelta,477,493,477-493,7,4.238227601660865,4.238227601660865,WOOWOWWW,OOOWOWWW,WOOOOWWW,OOOOOWWW
1,ddelta,477,493,477-493,8,-1.2976350306768218,1.2976350306768218,WWWWWOWW,OWWWWOWW,WWWOWOWW,OWWOWOWW
1,ddelta,477,493,477-493,9,-0.7843162243837106,0.7843162243837106,WOWWWOWW,OOWWWOWW,WOWOWOWW,OOWOWOWW
1,ddelta,477,493,477-493,10,2.1027811574402544,2.1027811574402544,WWOWWOWW,OWOWWOWW,WWOOWOWW,OWOOWOWW
1,ddelta,477,493,477-493,11,3.0857425990971863,3.0857425990971863,WOOWWOWW,OOOWWOWW,WOOOWOWW,OOOOWOWW
1,ddelta,477,493,477-493,12,-2.079035524864884,2.079035524864884,WWWWOOWW,OWWWOOWW,WWWOOOWW,OWWOOOWW
1,ddelta,477,493,477-493,13,1.5413906456757178,1.5413906456757178,WOWWOOWW,OOWWOOWW,WOWOOOWW,OOWOOOWW
1,ddelta,477,493,477-493,14,-2.7732664159182656,2.7732664159182656,WWOWOOWW,OWOWOOWW,WWOOOOWW,OWOOOOWW
1,ddelta,477,493,477-493,15,-2.5516720085196813,2.5516720085196813,WOOWOOWW,OOOWOOWW,WOOOOOWW,OOOOOOWW
1,ddelta,477,493,477-493,16,1.4103715210688708,1.4103715210688708,WWWWWWOW,OWWWWWOW,WWWOWWOW,OWWOWWOW
1,ddelta,477,493,477-493,17,0.3033269821167386,0.3033269821167386,WOWWWWOW,OOWWWWOW,WOWOWWOW,OOWOWWOW
1,ddelta,477,493,477-493,18,0.6197927808911601,0.6197927808911601,WWOWWWOW,OWOWWWOW,WWOOWWOW,OWOOWWOW
1,ddelta,477,493,477-493,19,-1.1101048725467615,1.1101048725467615,WOOWWWOW,OOOWWWOW,WOOOWWOW,OOOOWWOW
1,ddelta,477,493,477-493,20,1.3876339751563485,1.3876339751563485,WWWWOWOW,OWWWOWOW,WWWOOWOW,OWWOOWOW
1,ddelta,477,493,477-493,21,-1.0050997878052321,1.0050997878052321,WOWWOWOW,OOWWOWOW,WOWOOWOW,OOWOOWOW
1,ddelta,477,493,477-493,22,1.4894720653968545,1.4894720653968545,WWOWOWOW,OWOWOWOW,WWOOOWOW,OWOOOWOW
1,ddelta,477,493,477-493,23,0.7292106359685945,0.7292106359685945,WOOWOWOW,OOOWOWOW,WOOOOWOW,OOOOOWOW
1,ddelta,477,493,477-493,24,-1.4419492971946604,1.4419492971946604,WWWWWOOW,OWWWWOOW,WWWOWOOW,OWWOWOOW
1,ddelta,477,493,477-493,25,1.4386950125150522,1.4386950125150522,WOWWWOOW,OOWWWOOW,WOWOWOOW,OOWOWOOW
1,ddelta,477,493,477-493,26,-0.5772721270085397,0.5772721270085397,WWOWWOOW,OWOWWOOW,WWOOWOOW,OWOOWOOW
1,ddelta,477,493,477-493,27,-2.948650088277165,2.948650088277165,WOOWWOOW,OOOWWOOW,WOOOWOOW,OOOOWOOW
1,ddelta,477,493,477-493,28,-1.8943441795364817,1.8943441795364817,WWWWOOOW,OWWWOOOW,WWWOOOOW,OWWOOOOW
1,ddelta,477,493,477-493,29,2.7015696447977096,2.7015696447977096,WOWWOOOW,OOWWOOOW,WOWOOOOW,OOWOOOOW
1,ddelta,477,493,477-493,30,-0.20579070887627804,0.20579070887627804,WWOWOOOW,OWOWOOOW,WWOOOOOW,OWOOOOOW
1,ddelta,477,493,477-493,31,-1.0446388160103905,1.0446388160103905,WOOWOOOW,OOOWOOOW,WOOOOOOW,OOOOOOOW
1,ddelta,477,493,477-493,32,-0.47816569758551275,0.47816569758551275,WWWWWWWO,OWWWWWWO,WWWOWWWO,OWWOWWWO
1,ddelta,477,493,477-493,33,4.634395876429335,4.634395876429335,WOWWWWWO,OOWWWWWO,WOWOWWWO,OOWOWWWO
1,ddelta,477,493,477-493,34,5.539745328420253,5.539745328420253,WWOWWWWO,OWOWWWWO,WWOOWWWO,OWOOWWWO
1,ddelta,477,493,477-493,35,-0.7249157059699411,0.7249157059699411,WOOWWWWO,OOOWWWWO,WOOOWWWO,OOOOWWWO
1,ddelta,477,493,477-493,36,-4.145874660161561,4.145874660161561,WWWWOWWO,OWWWOWWO,WWWOOWWO,OWWOOWWO
1,ddelta,477,493,477-493,37,0.5078620338134296,0.5078620338134296,WOWWOWWO,OOWWOWWO,WOWOOWWO,OOWOOWWO
1,ddelta,477,493,477-493,38,5.689715258712336,5.689715258712336,WWOWOWWO,OWOWOWWO,WWOOOWWO,OWOOOWWO
1,ddelta,477,493,477-493,39,2.803811085175287,2.803811085175287,WOOWOWWO,OOOWOWWO,WOOOOWWO,OOOOOWWO
1,ddelta,477,493,477-493,40,0.644107773906156,0.644107773906156,WWWWWOWO,OWWWWOWO,WWWOWOWO,OWWOWOWO
1,ddelta,477,493,477-493,41,3.3873311773827,3.3873311773827,WOWWWOWO,OOWWWOWO,WOWOWOWO,OOWOWOWO
1,ddelta,477,493,477-493,42,0.09849247662637928,0.09849247662637928,WWOWWOWO,OWOWWOWO,WWOOWOWO,OWOOWOWO
1,ddelta,477,493,477-493,43,-0.24601023947509826,0.24601023947509826,WOOWWOWO,OOOWWOWO,WOOOWOWO,OOOOWOWO
1,ddelta,477,493,477-493,44,1.053335569685577,1.053335569685577,WWWWOOWO,OWWWOOWO,WWWOOOWO,OWWOOOWO
1,ddelta,477,493,477-493,45,2.670949575910664,2.670949575910664,WOWWOOWO,OOWWOOWO,WOWOOOWO,OOWOOOWO
1,ddelta,477,493,477-493,46,0.542922589194345,0.542922589194345,WWOWOOWO,OWOWOOWO,WWOOOOWO,OWOOOOWO
1,ddelta,477,493,477-493,47,0.7591785457789735,0.7591785457789735,WOOWOOWO,OOOWOOWO,WOOOOOWO,OOOOOOWO
1,ddelta,477,493,477-493,48,0.9874010906173754,0.9874010906173754,WWWWWWOO,OWWWWWOO,WWWOWWOO,OWWOWWOO
1,ddelta,477,493,477-493,49,-0.5288510505502343,0.5288510505502343,WOWWWWOO,OOWWWWOO,WOWOWWOO,OOWOWWOO
1,ddelta,477,493,477-493,50,1.3695974689009809,1.3695974689009809,WWOWWWOO,OWOWWWOO,WWOOWWOO,OWOOWWOO
1,ddelta,477,493,477-493,51,-0.2832386118160592,0.2832386118160592,WOOWWWOO,OOOWWWOO,WOOOWWOO,OOOOWWOO
1,ddelta,477,493,477-493,52,-0.24150305106066267,0.24150305106066267,WWWWOWOO,OWWWOWOO,WWWOOWOO,OWWOOWOO
1,ddelta,477,493,477-493,53,2.409112376250431,2.409112376250431,WOWWOWOO,OOWWOWOO,WOWOOWOO,OOWOOWOO
1,ddelta,477,493,477-493,54,-1.903155630583118,1.903155630583118,WWOWOWOO,OWOWOWOO,WWOOOWOO,OWOOOWOO
1,ddelta,477,493,477-493,55,-0.660920790433719,0.660920790433719,WOOWOWOO,OOOWOWOO,WOOOOWOO,OOOOOWOO
1,ddelta,477,493,477-493,56,-2.7599301389935755,2.7599301389935755,WWWWWOOO,OWWWWOOO,WWWOWOOO,OWWOWOOO
1,ddelta,477,493,477-493,57,-0.44949834965907587,0.44949834965907587,WOWWWOOO,OOWWWOOO,WOWOWOOO,OOWOWOOO
1,ddelta,477,493,477-493,58,-0.3173445067960131,0.3173445067960131,WWOWWOOO,OWOWWOOO,WWOOWOOO,OWOOWOOO
1,ddelta,477,493,477-493,59,-3.5131886196539637,3.5131886196539637,WOOWWOOO,OOOWWOOO,WOOOWOOO,OOOOWOOO
1,ddelta,477,493,477-493,60,-4.744255639824197,4.744255639824197,WWWWOOOO,OWWWOOOO,WWWOOOOO,OWWOOOOO
1,ddelta,477,493,477-493,61,2.541532721433394,2.541532721433394,WOWWOOOO,OOWWOOOO,WOWOOOOO,OOWOOOOO
1,ddelta,477,493,477-493,62,-0.3789949474699418,0.3789949474699418,WWOWOOOO,OWOWOOOO,WWOOOOOO,OWOOOOOO
1,ddelta,477,493,477-493,63,5.7453400660132425,5.7453400660132425,WOOWOOOO,OOOWOOOO,WOOOOOOO,OOOOOOOO
1,ddelta,477,496,477-496,0,-0.13899128691184065,0.13899128691184065,WWWWWWWW,OWWWWWWW,WWWWOWWW,OWWWOWWW
1,ddelta,477,496,477-496,1,1.5001852177326098,1.5001852177326098,WOWWWWWW,OOWWWWWW,WOWWOWWW,OOWWOWWW
1,ddelta,477,496,477-496,2,-3.7778017306195615,3.7778017306195615,WWOWWWWW,OWOWWWWW,WWOWOWWW,OWOWOWWW
1,ddelta,477,496,477-496,3,-0.5512289644450736,0.5512289644450736,WOOWWWWW,OOOWWWWW,WOOWOWWW,OOOWOWWW
1,ddelta,477,496,477-496,4,-0.2603176380432808,0.2603176380432808,WWWOWWWW,OWWOWWWW,WWWOOWWW,OWWOOWWW
1,ddelta,477,496,477-496,5,2.7241383806886676,2.7241383806886676,WOWOWWWW,OOWOWWWW,WOWOOWWW,OOWOOWWW
1,ddelta,477,496,477-496,6,3.8294248328085203,3.8294248328085203,WWOOWWWW,OWOOWWWW,WWOOOWWW,OWOOOWWW
1,ddelta,477,496,477-496,7,1.4888134249918672,1.4888134249918672,WOOOWWWW,OOOOWWWW,WOOOOWWW,OOOOOWWW
1,ddelta,477,496,477-496,8,-1.6245544742797513,1.6245544742797513,WWWWWOWW,OWWWWOWW,WWWWOOWW,OWWWOOWW
1,ddelta,477,496,477-496,9,0.9085547283339662,0.9085547283339662,WOWWWOWW,OOWWWOWW,WOWWOOWW,OOWWOOWW
1,ddelta,477,496,477-496,10,0.30023061952192087,0.30023061952192087,WWOWWOWW,OWOWWOWW,WWOWOOWW,OWOWOOWW
1,ddelta,477,496,477-496,11,4.296308103465186,4.296308103465186,WOOWWOWW,OOOWWOWW,WOOWOOWW,OOOWOOWW
1,ddelta,477,496,477-496,12,-2.405954968467814,2.405954968467814,WWWOWOWW,OWWOWOWW,WWWOOOWW,OWWOOOWW
1,ddelta,477,496,477-496,13,3.234261598393395,3.234261598393395,WOWOWOWW,OOWOWOWW,WOWOOOWW,OOWOOOWW
1,ddelta,477,496,477-496,14,-4.575816953836599,4.575816953836599,WWOOWOWW,OWOOWOWW,WWOOOOWW,OWOOOOWW
1,ddelta,477,496,477-496,15,-1.3411065041516816,1.3411065041516816,WOOOWOWW,OOOOWOWW,WOOOOOWW,OOOOOOWW
1,ddelta,477,496,477-496,16,-1.0186756390762495,1.0186756390762495,WWWWWWOW,OWWWWWOW,WWWWOWOW,OWWWOWOW
1,ddelta,477,496,477-496,17,-0.5266870638803514,0.5266870638803514,WOWWWWOW,OOWWWWOW,WOWWOWOW,OOWWOWOW
1,ddelta,477,496,477-496,18,0.3989885200456027,0.3989885200456027,WWOWWWOW,OWOWWWOW,WWOWOWOW,OWOWOWOW
1,ddelta,477,496,477-496,19,-2.04394599866374,2.04394599866374,WOOWWWOW,OOOWWWOW,WOOWOWOW,OOOWOWOW
1,ddelta,477,496,477-496,20,-1.041413184988772,1.041413184988772,WWWOWWOW,OWWOWWOW,WWWOOWOW,OWWOOWOW
1,ddelta,477,496,477-496,21,-1.835113833802322,1.835113833802322,WOWOWWOW,OOWOWWOW,WOWOOWOW,OOWOOWOW
1,ddelta,477,496,477-496,22,1.2686678045512971,1.2686678045512971,WWOOWWOW,OWOOWWOW,WWOOOWOW,OWOOOWOW
1,ddelta,477,496,477-496,23,-0.20463049014838408,0.20463049014838408,WOOOWWOW,OOOOWWOW,WOOOOWOW,OOOOOWOW
1,ddelta,477,496,477-496,24,0.4100154670040793,0.4100154670040793,WWWWWOOW,OWWWWOOW,WWWWOOOW,OWWWOOOW
1,ddelta,477,496,477-496,25,-1.846027830270148,1.846027830270148,WOWWWOOW,OOWWWOOW,WOWWOOOW,OOWWOOOW
1,ddelta,477,496,477-496,26,-1.926668573749201,1.926668573749201,WWOWWOOW,OWOWWOOW,WWOWOOOW,OWOWOOOW
1,ddelta,477,496,477-496,27,-2.4634585201492207,2.4634585201492207,WOOWWOOW,OOOWWOOW,WOOWOOOW,OOOWOOOW
1,ddelta,477,496,477-496,28,-0.04237941533774214,0.04237941533774214,WWWOWOOW,OWWOWOOW,WWWOOOOW,OWWOOOOW
1,ddelta,477,496,477-496,29,-0.5831531979874904,0.5831531979874904,WOWOWOOW,OOWOWOOW,WOWOOOOW,OOWOOOOW
1,ddelta,477,496,477-496,30,-1.5551871556169394,1.5551871556169394,WWOOWOOW,OWOOWOOW,WWOOOOOW,OWOOOOOW
1,ddelta,477,496,477-496,31,-0.5594472478824466,0.5594472478824466,WOOOWOOW,OOOOWOOW,WOOOOOOW,OOOOOOOW
1,ddelta,477,496,477-496,32,4.153501348316252,4.153501348316252,WWWWWWWO,OWWWWWWO,WWWWOWWO,OWWWOWWO
1,ddelta,477,496,477-496,33,2.640980239760168,2.640980239760168,WOWWWWWO,OOWWWWWO,WOWWOWWO,OOWWOWWO
1,ddelta,477,496,477-496,34,3.833290339807467,3.833290339807467,WWOWWWWO,OWOWWWWO,WWOWOWWO,OWOWOWWO
1,ddelta,477,496,477-496,35,-0.997649448168596,0.997649448168596,WOOWWWWO,OOOWWWWO,WOOWOWWO,OOOWOWWO
1,ddelta,477,496,477-496,36,0.4857923857402038,0.4857923857402038,WWWOWWWO,OWWOWWWO,WWWOOWWO,OWWOOWWO
1,ddelta,477,496,477-496,37,-1.4855536028557372,1.4855536028557372,WOWOWWWO,OOWOWWWO,WOWOOWWO,OOWOOWWO
1,ddelta,477,496,477-496,38,3.9832602700995503,3.9832602700995503,WWOOWWWO,OWOOWWWO,WWOOOWWO,OWOOOWWO
1,ddelta,477,496,477-496,39,2.5310773429766322,2.5310773429766322,WOOOWWWO,OOOOWWWO,WOOOOWWO,OOOOOWWO
1,ddelta,477,496,477-496,40,-0.2230995996328396,0.2230995996328396,WWWWWOWO,OWWWWOWO,WWWWOOWO,OWWWOOWO
1,ddelta,477,496,477-496,41,1.8001749608616913,1.8001749608616913,WOWWWOWO,OOWWWOWO,WOWWOOWO,OOWWOOWO
1,ddelta,477,496,477-496,42,0.7001847537107007,0.7001847537107007,WWOWWOWO,OWOWWOWO,WWOWOOWO,OWOWOOWO
1,ddelta,477,496,477-496,43,-2.492909174409145,2.492909174409145,WOOWWOWO,OOOWWOWO,WOOWOOWO,OOOWOOWO
1,ddelta,477,496,477-496,44,0.18612819614658127,0.18612819614658127,WWWOWOWO,OWWOWOWO,WWWOOOWO,OWWOOOWO
1,ddelta,477,496,477-496,45,1.0837933593896554,1.0837933593896554,WOWOWOWO,OOWOWOWO,WOWOOOWO,OOWOOOWO
1,ddelta,477,496,477-496,46,1.1446148662786664,1.1446148662786664,WWOOWOWO,OWOOWOWO,WWOOOOWO,OWOOOOWO
1,ddelta,477,496,477-496,47,-1.487720389155073,1.487720389155073,WOOOWOWO,OOOOWOWO,WOOOOOWO,OOOOOOWO
1,ddelta,477,496,477-496,48,1.9927110129691126,1.9927110129691126,WWWWWWOO,OWWWWWOO,WWWWOWOO,OWWWOWOO
1,ddelta,477,496,477-496,49,-1.7166654130294239,1.7166654130294239,WOWWWWOO,OOWWWWOO,WOWWOWOO,OOWWOWOO
1,ddelta,477,496,477-496,50,0.8548103318881978,0.8548103318881978,WWOWWWOO,OWOWWWOO,WWOWOWOO,OWOWOWOO
1,ddelta,477,496,477-496,51,0.992135753993086,0.992135753993086,WOOWWWOO,OOOWWWOO,WOOWOWOO,OOOWOWOO
1,ddelta,477,496,477-496,52,0.7638068712910744,0.7638068712910744,WWWOWWOO,OWWOWWOO,WWWOOWOO,OWWOOWOO
1,ddelta,477,496,477-496,53,1.2212980137712415,1.2212980137712415,WOWOWWOO,OOWOWWOO,WOWOOWOO,OOWOOWOO
1,ddelta,477,496,477-496,54,-2.417942767595901,2.417942767595901,WWOOWWOO,OWOOWWOO,WWOOOWOO,OWOOOWOO
1,ddelta,477,496,477-496,55,0.6144535753754261,0.6144535753754261,WOOOWWOO,OOOOWWOO,WOOOOWOO,OOOOOWOO
1,ddelta,477,496,477-496,56,5.381516485422995,5.381516485422995,WWWWWOOO,OWWWWOOO,WWWWOOOO,OWWWOOOO
1,ddelta,477,496,477-496,57,-0.48131066897240515,0.48131066897240515,WOWWWOOO,OOWWWOOO,WOWWOOOO,OOWWOOOO
1,ddelta,477,496,477-496,58,0.9828944941313387,0.9828944941313387,WWOWWOOO,OWOWWOOO,WWOWOOOO,OWOWOOOO
1,ddelta,477,496,477-496,59,-5.496867904892162,5.496867904892162,WOOWWOOO,OOOWWOOO,WOOWOOOO,OOOWOOOO
1,ddelta,477,496,477-496,60,3.397190984592374,3.397190984592374,WWWOWOOO,OWWOWOOO,WWWOOOOO,OWWOOOOO
1,ddelta,477,496,477-496,61,2.509720402120065,2.509720402120065,WOWOWOOO,OOWOWOOO,WOWOOOOO,OOWOOOOO
1,ddelta,477,496,477-496,62,0.92124405345741,0.92124405345741,WWOOWOOO,OWOOWOOO,WWOOOOOO,OWOOOOOO
1,ddelta,477,496,477-496,63,3.7616607807750446,3.7616607807750446,WOOOWOOO,OOOOWOOO,WOOOOOOO,OOOOOOOO
1,ddelta,477,498,477-498,0,2.2450348780355807,2.2450348780355807,WWWWWWWW,OWWWWWWW,WWWWWOWW,OWWWWOWW
1,ddelta,477,498,477-498,1,0.0798052499695332,0.0798052499695332,WOWWWWWW,OOWWWWWW,WOWWWOWW,OOWWWOWW
1,ddelta,477,498,477-498,2,-2.318431553800318,2.318431553800318,WWOWWWWW,OWOWWWWW,WWOWWOWW,OWOWWOWW
1,ddelta,477,498,477-498,3,-0.33129080914975884,0.33129080914975884,WOOWWWWW,OOOWWWWW,WOOWWOWW,OOOWWOWW
1,ddelta,477,498,477-498,4,0.2698918101520664,0.2698918101520664,WWWOWWWW,OWWOWWWW,WWWOWOWW,OWWOWOWW
1,ddelta,477,498,477-498,5,-1.6369600682103904,1.6369600682103904,WOWOWWWW,OOWOWWWW,WOWOWOWW,OOWOWOWW
1,ddelta,477,498,477-498,6,1.9159495301723528,1.9159495301723528,WWOOWWWW,OWOOWWWW,WWOOWOWW,OWOOWOWW
1,ddelta,477,498,477-498,7,0.556266577723503,0.556266577723503,WOOOWWWW,OOOOWWWW,WOOOWOWW,OOOOWOWW
1,ddelta,477,498,477-498,8,0.7594716906676702,0.7594716906676702,WWWWOWWW,OWWWOWWW,WWWWOOWW,OWWWOOWW
1,ddelta,477,498,477-498,9,-0.5118252394291104,0.5118252394291104,WOWWOWWW,OOWWOWWW,WOWWOOWW,OOWWOOWW
1,ddelta,477,498,477-498,10,1.7596007963411646,1.7596007963411646,WWOWOWWW,OWOWOWWW,WWOWOOWW,OWOWOOWW
1,ddelta,477,498,477-498,11,4.516246258760501,4.516246258760501,WOOWOWWW,OOOWOWWW,WOOWOOWW,OOOWOOWW
1,ddelta,477,498,477-498,12,-1.875745520272467,1.875745520272467,WWWOOWWW,OWWOOWWW,WWWOOOWW,OWWOOOWW
1,ddelta,477,498,477-498,13,-1.126836850505664,1.126836850505664,WOWOOWWW,OOWOOWWW,WOWOOOWW,OOWOOOWW
1,ddelta,477,498,477-498,14,-6.4892922564727655,6.4892922564727655,WWOOOWWW,OWOOOWWW,WWOOOOWW,OWOOOOWW
1,ddelta,477,498,477-498,15,-2.273653351420046,2.273653351420046,WOOOOWWW,OOOOOWWW,WOOOOOWW,OOOOOOWW
1,ddelta,477,498,477-498,16,0.8271131116829494,0.8271131116829494,WWWWWWOW,OWWWWWOW,WWWWWOOW,OWWWWOOW
1,ddelta,477,498,477-498,17,-0.40690743197658774,0.40690743197658774,WOWWWWOW,OOWWWWOW,WOWWWOOW,OOWWWOOW
1,ddelta,477,498,477-498,18,1.87238676582897,1.87238676582897,WWOWWWOW,OWOWWWOW,WWOWWOOW,OWOWWOOW
1,ddelta,477,498,477-498,19,1.2070484407836366,1.2070484407836366,WOOWWWOW,OOOWWWOW,WOOWWOOW,OOOWWOOW
1,ddelta,477,498,477-498,20,-2.0252077065805816,2.0252077065805816,WWWOWWOW,OWWOWWOW,WWWOWOOW,OWWOWOOW
1,ddelta,477,498,477-498,21,0.7284605984217258,0.7284605984217258,WOWOWWOW,OOWOWWOW,WOWOWOOW,OOWOWOOW
1,ddelta,477,498,477-498,22,0.6753218579292702,0.6753218579292702,WWOOWWOW,OWOOWWOW,WWOOWOOW,OWOOWOOW
1,ddelta,477,498,477-498,23,-0.6314967749467669,0.6314967749467669,WOOOWWOW,OOOOWWOW,WOOOWOOW,OOOOWOOW
1,ddelta,477,498,477-498,24,2.2558042177632784,2.2558042177632784,WWWWOWOW,OWWWOWOW,WWWWOOOW,OWWWOOOW
1,ddelta,477,498,477-498,25,-1.7262481983663842,1.7262481983663842,WOWWOWOW,OOWWOWOW,WOWWOOOW,OOWWOOOW
1,ddelta,477,498,477-498,26,-0.45327032796583394,0.45327032796583394,WWOWOWOW,OWOWOWOW,WWOWOOOW,OWOWOOOW
1,ddelta,477,498,477-498,27,0.7875359192981556,0.7875359192981556,WOOWOWOW,OOOWOWOW,WOOWOOOW,OOOWOOOW
1,ddelta,477,498,477-498,28,-1.0261739369295517,1.0261739369295517,WWWOOWOW,OWWOOWOW,WWWOOOOW,OWWOOOOW
1,ddelta,477,498,477-498,29,1.9804212342365572,1.9804212342365572,WOWOOWOW,OOWOOWOW,WOWOOOOW,OOWOOOOW
1,ddelta,477,498,477-498,30,-2.148533102238966,2.148533102238966,WWOOOWOW,OWOOOWOW,WWOOOOOW,OWOOOOOW
1,ddelta,477,498,477-498,31,-0.9863135326808294,0.9863135326808294,WOOOOWOW,OOOOOWOW,WOOOOOOW,OOOOOOOW
1,ddelta,477,498,477-498,32,0.41151453105959446,0.41151453105959446,WWWWWWWO,OWWWWWWO,WWWWWOWO,OWWWWOWO
1,ddelta,477,498,477-498,33,-0.7506279354424492,0.7506279354424492,WOWWWWWO,OOWWWWWO,WOWWWOWO,OOWWWOWO
1,ddelta,477,498,477-498,34,0.8704097539406275,0.8704097539406275,WWOWWWWO,OWOWWWWO,WWOWWOWO,OWOWWOWO
1,ddelta,477,498,477-498,35,-0.7994634519432635,0.7994634519432635,WOOWWWWO,OOOWWWWO,WOOWWOWO,OOOWWOWO
1,ddelta,477,498,477-498,36,1.5337880025512631,1.5337880025512631,WWWOWWWO,OWWOWWWO,WWWOWOWO,OWWOWOWO
1,ddelta,477,498,477-498,37,-1.9976926344890842,1.9976926344890842,WOWOWWWO,OOWOWWWO,WOWOWOWO,OOWOWOWO
1,ddelta,477,498,477-498,38,-4.5708430978532455,4.5708430978532455,WWOOWWWO,OWOOWWWO,WWOOWOWO,OWOOWOWO
1,ddelta,477,498,477-498,39,-0.3205579854484206,0.3205579854484206,WOOOWWWO,OOOOWWWO,WOOOWOWO,OOOOWOWO
1,ddelta,477,498,477-498,40,-3.9650864168894966,3.9650864168894966,WWWWOWWO,OWWWOWWO,WWWWOOWO,OWWWOOWO
1,ddelta,477,498,477-498,41,-1.5914332143409258,1.5914332143409258,WOWWOWWO,OOWWOWWO,WOWWOOWO,OOWWOOWO
1,ddelta,477,498,477-498,42,-2.2626958321561386,2.2626958321561386,WWOWOWWO,OWOWOWWO,WWOWOOWO,OWOWOOWO
1,ddelta,477,498,477-498,43,-2.294723178183812,2.294723178183812,WOOWOWWO,OOOWOWWO,WOOWOOWO,OOOWOOWO
1,ddelta,477,498,477-498,44,1.234123812957641,1.234123812957641,WWWOOWWO,OWWOOWWO,WWWOOOWO,OWWOOOWO
1,ddelta,477,498,477-498,45,0.5716543277563089,0.5716543277563089,WOWOOWWO,OOWOOWWO,WOWOOOWO,OOWOOOWO
1,ddelta,477,498,477-498,46,-7.409488501674129,7.409488501674129,WWOOOWWO,OWOOOWWO,WWOOOOWO,OWOOOOWO
1,ddelta,477,498,477-498,47,-4.339355717580126,4.339355717580126,WOOOOWWO,OOOOOWWO,WOOOOOWO,OOOOOOWO
1,ddelta,477,498,477-498,48,1.9558783122315835,1.9558783122315835,WWWWWWOO,OWWWWWOO,WWWWWOOO,OWWWWOOO
1,ddelta,477,498,477-498,49,-1.5112736839465042,1.5112736839465042,WOWWWWOO,OOWWWWOO,WOWWWOOO,OOWWWOOO
1,ddelta,477,498,477-498,50,1.078514093101671,1.078514093101671,WWOWWWOO,OWOWWWOO,WWOWWOOO,OWOWWOOO
1,ddelta,477,498,477-498,51,-0.16142202340877715,0.16142202340877715,WOOWWWOO,OOOWWWOO,WOOWWOOO,OOOWWOOO
1,ddelta,477,498,477-498,52,-1.7914529173793678,1.7914529173793678,WWWOWWOO,OWWOWWOO,WWWOWOOO,OWWOWOOO
1,ddelta,477,498,477-498,53,-1.4319209830553459,1.4319209830553459,WOWOWWOO,OOWOWWOO,WOWOWOOO,OOWOWOOO
1,ddelta,477,498,477-498,54,-0.6084278825953234,0.6084278825953234,WWOOWWOO,OWOOWWOO,WWOOWOOO,OWOOWOOO
1,ddelta,477,498,477-498,55,-3.3913720312466817,3.3913720312466817,WOOOWWOO,OOOOWWOO,WOOOWOOO,OOOOWOOO
1,ddelta,477,498,477-498,56,5.344683784685466,5.344683784685466,WWWWOWOO,OWWWOWOO,WWWWOOOO,OWWWOOOO
1,ddelta,477,498,477-498,57,-0.27591893988948546,0.27591893988948546,WOWWOWOO,OOWWOWOO,WOWWOOOO,OOWWOOOO
1,ddelta,477,498,477-498,58,1.2065982553448114,1.2065982553448114,WWOWOWOO,OWOWOWOO,WWOWOOOO,OWOWOOOO
1,ddelta,477,498,477-498,59,-6.650425682294025,6.650425682294025,WOOWOWOO,OOOWOWOO,WOOWOOOO,OOOWOOOO
1,ddelta,477,498,477-498,60,0.8419311959219318,0.8419311959219318,WWWOOWOO,OWWOOWOO,WWWOOOOO,OWWOOOOO
1,ddelta,477,498,477-498,61,-0.14349859470652215,0.14349859470652215,WOWOOWOO,OOWOOWOO,WOWOOOOO,OOWOOOOO
1,ddelta,477,498,477-498,62,2.7307589384579876,2.7307589384579876,WWOOOWOO,OWOOOWOO,WWOOOOOO,OWOOOOOO
1,ddelta,477,498,477-498,63,-0.24416482584706345,0.24416482584706345,WOOOOWOO,OOOOOWOO,WOOOOOOO,OOOOOOOO
1,ddelta,477,501,477-501,0,-0.32985928204140397,0.32985928204140397,WWWWWWWW,OWWWWWWW,WWWWWWOW,OWWWWWOW
1,ddelta,477,501,477-501,1,0.5109208120221218,0.5109208120221218,WOWWWWWW,OOWWWWWW,WOWWWWOW,OOWWWWOW
1,ddelta,477,501,477-501,2,-1.4558881032298805,1.4558881032298805,WWOWWWWW,OWOWWWWW,WWOWWWOW,OWOWWWOW
1,ddelta,477,501,477-501,3,2.1387212674806046,2.1387212674806046,WOOWWWWW,OOOWWWWW,WOOWWWOW,OOOWWWOW
1,ddelta,477,501,477-501,4,0.40300420182077423,0.40300420182077423,WWWOWWWW,OWWOWWWW,WWWOWWOW,OWWOWWOW
1,ddelta,477,501,477-501,5,-0.11820129965735268,0.11820129965735268,WOWOWWWW,OOWOWWWW,WOWOWWOW,OOWOWWOW
1,ddelta,477,501,477-501,6,1.2955046041936962,1.2955046041936962,WWOOWWWW,OWOOWWWW,WWOOWWOW,OWOOWWOW
1,ddelta,477,501,477-501,7,-1.1695688172900816,1.1695688172900816,WOOOWWWW,OOOOWWWW,WOOOWWOW,OOOOWWOW
1,ddelta,477,501,477-501,8,-1.2095436342058128,1.2095436342058128,WWWWOWWW,OWWWOWWW,WWWWOWOW,OWWWOWOW
1,ddelta,477,501,477-501,9,-1.5159514695908394,1.5159514695908394,WOWWOWWW,OOWWOWWW,WOWWOWOW,OOWWOWOW
1,ddelta,477,501,477-501,10,2.720902147435284,2.720902147435284,WWOWOWWW,OWOWOWWW,WWOWOWOW,OWOWOWOW
1,ddelta,477,501,477-501,11,0.646004233261938,0.646004233261938,WOOWOWWW,OOOWOWWW,WOOWOWOW,OOOWOWOW
1,ddelta,477,501,477-501,12,-0.37809134512471765,0.37809134512471765,WWWOOWWW,OWWOOWWW,WWWOOWOW,OWWOOWOW
1,ddelta,477,501,477-501,13,-4.677453514148342,4.677453514148342,WOWOOWWW,OOWOOWWW,WOWOOWOW,OOWOOWOW
1,ddelta,477,501,477-501,14,-1.2652524240635268,1.2652524240635268,WWOOOWWW,OWOOOWWW,WWOOOWOW,OWOOOWOW
1,ddelta,477,501,477-501,15,-2.8630127324303327,2.8630127324303327,WOOOOWWW,OOOOOWWW,WOOOOWOW,OOOOOWOW
1,ddelta,477,501,477-501,16,-1.7477810483940353,1.7477810483940353,WWWWWOWW,OWWWWOWW,WWWWWOOW,OWWWWOOW
1,ddelta,477,501,477-501,17,0.024208130076000867,0.024208130076000867,WOWWWOWW,OOWWWOWW,WOWWWOOW,OOWWWOOW
1,ddelta,477,501,477-501,18,2.734930216399407,2.734930216399407,WWOWWOWW,OWOWWOWW,WWOWWOOW,OWOWWOOW
1,ddelta,477,501,477-501,19,3.6770605174139996,3.6770605174139996,WOOWWOWW,OOOWWOWW,WOOWWOOW,OOOWWOOW
1,ddelta,477,501,477-501,20,-1.8920953149118738,1.8920953149118738,WWWOWOWW,OWWOWOWW,WWWOWOOW,OWWOWOOW
1,ddelta,477,501,477-501,21,2.2472193669747638,2.2472193669747638,WOWOWOWW,OOWOWOWW,WOWOWOOW,OOWOWOOW
1,ddelta,477,501,477-501,22,0.05487693195061372,0.05487693195061372,WWOOWOWW,OWOOWOWW,WWOOWOOW,OWOOWOOW
1,ddelta,477,501,477-501,23,-2.357332169960351,2.357332169960351,WOOOWOWW,OOOOWOWW,WOOOWOOW,OOOOWOOW
1,ddelta,477,501,477-501,24,0.2867888928897955,0.2867888928897955,WWWWOOWW,OWWWOOWW,WWWWOOOW,OWWWOOOW
1,ddelta,477,501,477-501,25,-2.7303744285281133,2.7303744285281133,WOWWOOWW,OOWWOOWW,WOWWOOOW,OOWWOOOW
1,ddelta,477,501,477-501,26,0.5080310231282852,0.5080310231282852,WWOWOOWW,OWOWOOWW,WWOWOOOW,OWOWOOOW
1,ddelta,477,501,477-501,27,-3.0827061062004075,3.0827061062004075,WOOWOOWW,OOOWOOWW,WOOWOOOW,OOOWOOOW
1,ddelta,477,501,477-501,28,0.47148023821819773,0.47148023821819773,WWWOOOWW,OWWOOOWW,WWWOOOOW,OWWOOOOW
1,ddelta,477,501,477-501,29,-1.5701954294061213,1.5701954294061213,WOWOOOWW,OOWOOOWW,WOWOOOOW,OOWOOOOW
1,ddelta,477,501,477-501,30,3.075506730170273,3.075506730170273,WWOOOOWW,OWOOOOWW,WWOOOOOW,OWOOOOOW
1,ddelta,477,501,477-501,31,-1.5756729136911165,1.5756729136911165,WOOOOOWW,OOOOOOWW,WOOOOOOW,OOOOOOOW
1,ddelta,477,501,477-501,32,-1.5973924342051466,1.5973924342051466,WWWWWWWO,OWWWWWWO,WWWWWWOO,OWWWWWOO
1,ddelta,477,501,477-501,33,1.7913310459771075,1.7913310459771075,WOWWWWWO,OOWWWWWO,WOWWWWOO,OOWWWWOO
1,ddelta,477,501,477-501,34,1.3044979486224313,1.3044979486224313,WWOWWWWO,OWOWWWWO,WWOWWWOO,OWOWWWOO
1,ddelta,477,501,477-501,35,-1.950001940049653,1.950001940049653,WOOWWWWO,OOOWWWWO,WOOWWWOO,OOOWWWOO
1,ddelta,477,501,477-501,36,-0.13182564600225866,0.13182564600225866,WWWOWWWO,OWWOWWWO,WWWOWWOO,OWWOWWOO
1,ddelta,477,501,477-501,37,-3.3719158810024616,3.3719158810024616,WOWOWWWO,OOWOWWWO,WOWOWWOO,OOWOWWOO
1,ddelta,477,501,477-501,38,-2.8656499108968405,2.8656499108968405,WWOOWWWO,OWOOWWWO,WWOOWWOO,OWOOWWOO
1,ddelta,477,501,477-501,39,-1.5083248458957712,1.5083248458957712,WOOOWWWO,OOOOWWWO,WOOOWWOO,OOOOWWOO
1,ddelta,477,501,477-501,40,-3.7581827695522856,3.7581827695522856,WWWWOWWO,OWWWOWWO,WWWWOWOO,OWWWOWOO
1,ddelta,477,501,477-501,41,-2.566314606812484,2.566314606812484,WOWWOWWO,OOWWOWWO,WOWWOWOO,OOWWOWOO
1,ddelta,477,501,477-501,42,-1.6739820592968377,1.6739820592968377,WWOWOWWO,OWOWOWWO,WWOWOWOO,OWOWOWOO
1,ddelta,477,501,477-501,43,0.03978326211202887,0.03978326211202887,WOOWOWWO,OOOWOWWO,WOOWOWOO,OOOWOWOO
1,ddelta,477,501,477-501,44,0.1461888395486124,0.1461888395486124,WWWOOWWO,OWWOOWWO,WWWOOWOO,OWWOOWOO
1,ddelta,477,501,477-501,45,-0.6650642643754829,0.6650642643754829,WOWOOWWO,OOWOOWWO,WOWOOWOO,OOWOOWOO
1,ddelta,477,501,477-501,46,-9.266852948592291,9.266852948592291,WWOOOWWO,OWOOOWWO,WWOOOWOO,OWOOOWOO
1,ddelta,477,501,477-501,47,-3.4249486134969773,3.4249486134969773,WOOOOWWO,OOOOOWWO,WOOOOWOO,OOOOOWOO
1,ddelta,477,501,477-501,48,-0.05302865303315751,0.05302865303315751,WWWWWOWO,OWWWWOWO,WWWWWOOO,OWWWWOOO
1,ddelta,477,501,477-501,49,1.0306852974730525,1.0306852974730525,WOWWWOWO,OOWWWOWO,WOWWWOOO,OOWWWOOO
1,ddelta,477,501,477-501,50,1.5126022877834744,1.5126022877834744,WWOWWOWO,OWOWWOWO,WWOWWOOO,OWOWWOOO
1,ddelta,477,501,477-501,51,-1.3119605115151667,1.3119605115151667,WOOWWOWO,OOOWWOWO,WOOWWOOO,OOOWWOOO
1,ddelta,477,501,477-501,52,-3.4570665659328896,3.4570665659328896,WWWOWOWO,OWWOWOWO,WWWOWOOO,OWWOWOOO
1,ddelta,477,501,477-501,53,-2.8061442295687233,2.8061442295687233,WOWOWOWO,OOWOWOWO,WOWOWOOO,OOWOWOOO
1,ddelta,477,501,477-501,54,1.096765304361082,1.096765304361082,WWOOWOWO,OWOOWOWO,WWOOWOOO,OWOOWOOO
1,ddelta,477,501,477-501,55,-4.579138891694033,4.579138891694033,WOOOWOWO,OOOOWOWO,WOOOWOOO,OOOOWOOO
1,ddelta,477,501,477-501,56,5.551587432022677,5.551587432022677,WWWWOOWO,OWWWOOWO,WWWWOOOO,OWWWOOOO
1,ddelta,477,501,477-501,57,-1.2508003323610437,1.2508003323610437,WOWWOOWO,OOWWOOWO,WOWWOOOO,OOWWOOOO
1,ddelta,477,501,477-501,58,1.7953120282041126,1.7953120282041126,WWOWOOWO,OWOWOOWO,WWOWOOOO,OWOWOOOO
1,ddelta,477,501,477-501,59,-4.315919241998184,4.315919241998184,WOOWOOWO,OOOWOOWO,WOOWOOOO,OOOWOOOO
1,ddelta,477,501,477-501,60,-0.24600377748709734,0.24600377748709734,WWWOOOWO,OWWOOOWO,WWWOOOOO,OWWOOOOO
1,ddelta,477,501,477-501,61,-1.3802171868383133,1.3802171868383133,WOWOOOWO,OOWOOOWO,WOWOOOOO,OOWOOOOO
1,ddelta,477,501,477-501,62,0.873394491539826,0.873394491539826,WWOOOOWO,OWOOOOWO,WWOOOOOO,OWOOOOOO
1,ddelta,477,501,477-501,63,0.6702422782360851,0.6702422782360851,WOOOOOWO,OOOOOOWO,WOOOOOOO,OOOOOOOO
1,ddelta,477,505,477-505,0,0.04118471846813837,0.04118471846813837,WWWWWWWW,OWWWWWWW,WWWWWWWO,OWWWWWWO
1,ddelta,477,505,477-505,1,-0.4372268056207851,0.4372268056207851,WOWWWWWW,OOWWWWWW,WOWWWWWO,OOWWWWWO
1,ddelta,477,505,477-505,2,-3.5793496332967303,3.5793496332967303,WWOWWWWW,OWOWWWWW,WWOWWWWO,OWOWWWWO
1,ddelta,477,505,477-505,3,3.217580839582786,3.217580839582786,WOOWWWWW,OOOWWWWW,WOOWWWWO,OOOWWWWO
1,ddelta,477,505,477-505,4,-1.1144890163240668,1.1144890163240668,WWWOWWWW,OWWOWWWW,WWWOWWWO,OWWOWWWO
1,ddelta,477,505,477-505,5,3.2647199770123367,3.2647199770123367,WOWOWWWW,OOWOWWWW,WOWOWWWO,OOWOWWWO
1,ddelta,477,505,477-505,6,4.091995621655939,4.091995621655939,WWOOWWWW,OWOOWWWW,WWOOWWWO,OWOOWWWO
1,ddelta,477,505,477-505,7,0.2944799213889202,0.2944799213889202,WOOOWWWW,OOOOWWWW,WOOOWWWO,OOOOWWWO
1,ddelta,477,505,477-505,8,4.33367735369623,4.33367735369623,WWWWOWWW,OWWWOWWW,WWWWOWWO,OWWWOWWO
1,ddelta,477,505,477-505,9,0.7035682164067731,0.7035682164067731,WOWWOWWW,OOWWOWWW,WOWWOWWO,OOWWOWWO
1,ddelta,477,505,477-505,10,4.031742437130298,4.031742437130298,WWOWOWWW,OWOWOWWW,WWOWOWWO,OWOWOWWO
1,ddelta,477,505,477-505,11,2.771160355859263,2.771160355859263,WOOWOWWW,OOOWOWWW,WOOWOWWO,OOOWOWWO
1,ddelta,477,505,477-505,12,-0.36837899254058293,0.36837899254058293,WWWOOWWW,OWWOOWWW,WWWOOWWO,OWWOOWWO
1,ddelta,477,505,477-505,13,-0.9449720065320681,0.9449720065320681,WOWOOWWW,OOWOOWWW,WOWOOWWO,OOWOOWWO
1,ddelta,477,505,477-505,14,4.245831058946968,4.245831058946968,WWOOOWWW,OWOOOWWW,WWOOOWWO,OWOOOWWO
1,ddelta,477,505,477-505,15,1.3367438393736855,1.3367438393736855,WOOOOWWW,OOOOOWWW,WOOOOWWO,OOOOOWWO
1,ddelta,477,505,477-505,16,-1.792335628507848,1.792335628507848,WWWWWOWW,OWWWWOWW,WWWWWOWO,OWWWWOWO
1,ddelta,477,505,477-505,17,-1.2676599910327673,1.2676599910327673,WOWWWOWW,OOWWWOWW,WOWWWOWO,OOWWWOWO
1,ddelta,477,505,477-505,18,-0.39050832555578485,0.39050832555578485,WWOWWOWW,OWOWWOWW,WWOWWOWO,OWOWWOWO
1,ddelta,477,505,477-505,19,2.749408196789281,2.749408196789281,WOOWWOWW,OOOWWOWW,WOOWWOWO,OOOWWOWO
1,ddelta,477,505,477-505,20,0.14940717607512966,0.14940717607512966,WWWOWOWW,OWWOWOWW,WWWOWOWO,OWWOWOWO
1,ddelta,477,505,477-505,21,2.903987410733643,2.903987410733643,WOWOWOWW,OOWOWOWW,WOWOWOWO,OOWOWOWO
1,ddelta,477,505,477-505,22,-2.39479700636966,2.39479700636966,WWOOWOWW,OWOOWOWW,WWOOWOWO,OWOOWOWO
1,ddelta,477,505,477-505,23,-0.5823446417830032,0.5823446417830032,WOOOWOWW,OOOOWOWW,WOOOWOWO,OOOOWOWO
1,ddelta,477,505,477-505,24,-0.39088075386093624,0.39088075386093624,WWWWOOWW,OWWWOOWW,WWWWOOWO,OWWWOOWO
1,ddelta,477,505,477-505,25,-0.37603975850504223,0.37603975850504223,WOWWOOWW,OOWWOOWW,WOWWOOWO,OOWWOOWO
1,ddelta,477,505,477-505,26,0.009445808632994712,0.009445808632994712,WWOWOOWW,OWOWOOWW,WWOWOOWO,OWOWOOWO
1,ddelta,477,505,477-505,27,-4.03980908108505,4.03980908108505,WOOWOOWW,OOOWOOWW,WOOWOOWO,OOOWOOWO
1,ddelta,477,505,477-505,28,2.7414903406895252,2.7414903406895252,WWWOOOWW,OWWOOOWW,WWWOOOWO,OWWOOOWO
1,ddelta,477,505,477-505,29,0.7535191717299035,0.7535191717299035,WOWOOOWW,OOWOOOWW,WOWOOOWO,OOWOOOWO
1,ddelta,477,505,477-505,30,3.3256348137456055,3.3256348137456055,WWOOOOWW,OWOOOOWW,WWOOOOWO,OWOOOOWO
1,ddelta,477,505,477-505,31,-0.7289585267863945,0.7289585267863945,WOOOOOWW,OOOOOOWW,WOOOOOWO,OOOOOOWO
1,ddelta,477,505,477-505,32,-1.2263484336956045,1.2263484336956045,WWWWWWOW,OWWWWWOW,WWWWWWOO,OWWWWWOO
1,ddelta,477,505,477-505,33,0.8431834283342008,0.8431834283342008,WOWWWWOW,OOWWWWOW,WOWWWWOO,OOWWWWOO
1,ddelta,477,505,477-505,34,-0.8189635814444186,0.8189635814444186,WWOWWWOW,OWOWWWOW,WWOWWWOO,OWOWWWOO
1,ddelta,477,505,477-505,35,-0.8711423679474716,0.8711423679474716,WOOWWWOW,OOOWWWOW,WOOWWWOO,OOOWWWOO
1,ddelta,477,505,477-505,36,-1.6493188641471,1.6493188641471,WWWOWWOW,OWWOWWOW,WWWOWWOO,OWWOWWOO
1,ddelta,477,505,477-505,37,0.011005395667227857,0.011005395667227857,WOWOWWOW,OOWOWWOW,WOWOWWOO,OOWOWWOO
1,ddelta,477,505,477-505,38,-0.06915889343459777,0.06915889343459777,WWOOWWOW,OWOOWWOW,WWOOWWOO,OWOOWWOO
1,ddelta,477,505,477-505,39,-0.04427610721676928,0.04427610721676928,WOOOWWOW,OOOOWWOW,WOOOWWOO,OOOOWWOO
1,ddelta,477,505,477-505,40,1.7850382183497575,1.7850382183497575,WWWWOWOW,OWWWOWOW,WWWWOWOO,OWWWOWOO
1,ddelta,477,505,477-505,41,-0.34679492081487173,0.34679492081487173,WOWWOWOW,OOWWOWOW,WOWWOWOO,OOWWOWOO
1,ddelta,477,505,477-505,42,-0.3631417696018236,0.3631417696018236,WWOWOWOW,OWOWOWOW,WWOWOWOO,OWOWOWOO
1,ddelta,477,505,477-505,43,2.1649393847093545,2.1649393847093545,WOOWOWOW,OOOWOWOW,WOOWOWOO,OOOWOWOO
1,ddelta,477,505,477-505,44,0.15590119213274656,0.15590119213274656,WWWOOWOW,OWWOOWOW,WWWOOWOO,OWWOOWOO
1,ddelta,477,505,477-505,45,3.067417243240791,3.067417243240791,WOWOOWOW,OOWOOWOW,WOWOOWOO,OOWOOWOO
1,ddelta,477,505,477-505,46,-3.7557694655817957,3.7557694655817957,WWOOOWOW,OWOOOWOW,WWOOOWOO,OWOOOWOO
1,ddelta,477,505,477-505,47,0.7748079583070409,0.7748079583070409,WOOOOWOW,OOOOOWOW,WOOOOWOO,OOOOOWOO
1,ddelta,477,505,477-505,48,-0.09758323314697029,0.09758323314697029,WWWWWOOW,OWWWWOOW,WWWWWOOO,OWWWWOOO
1,ddelta,477,505,477-505,49,-0.26118282363571577,0.26118282363571577,WOWWWOOW,OOWWWOOW,WOWWWOOO,OOWWWOOO
1,ddelta,477,505,477-505,50,-1.612836254171718,1.612836254171718,WWOWWOOW,OWOWWOOW,WWOWWOOO,OWOWWOOO
1,ddelta,477,505,477-505,51,-2.239612832139885,2.239612832139885,WOOWWOOW,OOOWWOOW,WOOWWOOO,OOOWWOOO
1,ddelta,477,505,477-505,52,-1.4155640749458858,1.4155640749458858,WWWOWOOW,OWWOWOOW,WWWOWOOO,OWWOWOOO
1,ddelta,477,505,477-505,53,-2.149376185809844,2.149376185809844,WOWOWOOW,OOWOWOOW,WOWOWOOO,OOWOWOOO
1,ddelta,477,505,477-505,54,-1.3529086339591914,1.3529086339591914,WWOOWOOW,OWOOWOOW,WWOOWOOO,OWOOWOOO
1,ddelta,477,505,477-505,55,-2.8041513635166844,2.8041513635166844,WOOOWOOW,OOOOWOOW,WOOOWOOO,OOOOWOOO
1,ddelta,477,505,477-505,56,4.873917785271945,4.873917785271945,WWWWOOOW,OWWWOOOW,WWWWOOOO,OWWWOOOO
1,ddelta,477,505,477-505,57,1.103534337662027,1.103534337662027,WOWWOOOW,OOWWOOOW,WOWWOOOO,OOWWOOOO
1,ddelta,477,505,477-505,58,1.2967268137088217,1.2967268137088217,WWOWOOOW,OWOWOOOW,WWOWOOOO,OWOWOOOO
1,ddelta,477,505,477-505,59,-5.2730222168828265,5.2730222168828265,WOOWOOOW,OOOWOOOW,WOOWOOOO,OOOWOOOO
1,ddelta,477,505,477-505,60,2.02400632498423,2.02400632498423,WWWOOOOW,OWWOOOOW,WWWOOOOO,OWWOOOOO
1,ddelta,477,505,477-505,61,0.943497414297712,0.943497414297712,WOWOOOOW,OOWOOOOW,WOWOOOOO,OOWOOOOO
1,ddelta,477,505,477-505,62,1.123522575115158,1.123522575115158,WWOOOOOW,OWOOOOOW,WWOOOOOO,OWOOOOOO
1,ddelta,477,505,477-505,63,1.5169566651408068,1.5169566651408068,WOOOOOOW,OOOOOOOW,WOOOOOOO,OOOOOOOO
1,ddelta,478,484,478-484,0,-0.265596661397196,0.265596661397196,WWWWWWWW,WOWWWWWW,WWOWWWWW,WOOWWWWW
1,ddelta,478,484,478-484,1,-1.9344182912828083,1.9344182912828083,OWWWWWWW,OOWWWWWW,OWOWWWWW,OOOWWWWW
1,ddelta,478,484,478-484,2,-2.2264794123409954,2.2264794123409954,WWWOWWWW,WOWOWWWW,WWOOWWWW,WOOOWWWW
1,ddelta,478,484,478-484,3,0.1795430399402125,0.1795430399402125,OWWOWWWW,OOWOWWWW,OWOOWWWW,OOOOWWWW
1,ddelta,478,484,478-484,4,0.500825712488588,0.500825712488588,WWWWOWWW,WOWWOWWW,WWOWOWWW,WOOWOWWW
1,ddelta,478,484,478-484,5,0.4194003441330134,0.4194003441330134,OWWWOWWW,OOWWOWWW,OWOWOWWW,OOOWOWWW
1,ddelta,478,484,478-484,6,-0.8196569476768518,0.8196569476768518,WWWOOWWW,WOWOOWWW,WWOOOWWW,WOOOOWWW
1,ddelta,478,484,478-484,7,-3.738701921944245,3.738701921944245,OWWOOWWW,OOWOOWWW,OWOOOWWW,OOOOOWWW
1,ddelta,478,484,478-484,8,0.8837300237082777,0.8837300237082777,WWWWWOWW,WOWWWOWW,WWOWWOWW,WOOWWOWW
1,ddelta,478,484,478-484,9,3.3672787665392727,3.3672787665392727,OWWWWOWW,OOWWWOWW,OWOWWOWW,OOOWWOWW
1,ddelta,478,484,478-484,10,-2.452454695589493,2.452454695589493,WWWOWOWW,WOWOWOWW,WWOOWOWW,WOOOWOWW
1,ddelta,478,484,478-484,11,0.5007366826053223,0.5007366826053223,OWWOWOWW,OOWOWOWW,OWOOWOWW,OOOOWOWW
1,ddelta,478,484,478-484,12,-2.5296563598928725,2.5296563598928725,WWWWOOWW,WOWWOOWW,WWOWOOWW,WOOWOOWW
1,ddelta,478,484,478-484,13,1.4168606642676693,1.4168606642676693,OWWWOOWW,OOWWOOWW,OWOWOOWW,OOOWOOWW
1,ddelta,478,484,478-484,14,-2.9737019719678033,2.9737019719678033,WWWOOOWW,WOWOOOWW,WWOOOOWW,WOOOOOWW
1,ddelta,478,484,478-484,15,-2.4260167109492796,2.4260167109492796,OWWOOOWW,OOWOOOWW,OWOOOOWW,OOOOOOWW
1,ddelta,478,484,478-484,16,-0.4941379151821419,0.4941379151821419,WWWWWWOW,WOWWWWOW,WWOWWWOW,WOOWWWOW
1,ddelta,478,484,478-484,17,0.5908697315792047,0.5908697315792047,OWWWWWOW,OOWWWWOW,OWOWWWOW,OOOWWWOW
1,ddelta,478,484,478-484,18,-1.0884292762396628,1.0884292762396628,WWWOWWOW,WOWOWWOW,WWOOWWOW,WOOOWWOW
1,ddelta,478,484,478-484,19,-0.6262747439641057,0.6262747439641057,OWWOWWOW,OOWOWWOW,OWOOWWOW,OOOOWWOW
1,ddelta,478,484,478-484,20,0.6788130145600986,0.6788130145600986,WWWWOWOW,WOWWOWOW,WWOWOWOW,WOOWOWOW
1,ddelta,478,484,478-484,21,-1.1711024325837958,1.1711024325837958,OWWWOWOW,OOWWOWOW,OWOWOWOW,OOOWOWOW
1,ddelta,478,484,478-484,22,0.7007058586749041,0.7007058586749041,WWWOOWOW,WOWOOWOW,WWOOOWOW,WOOOOWOW
1,ddelta,478,484,478-484,23,0.4832627450643303,0.4832627450643303,OWWOOWOW,OOWOOWOW,OWOOOWOW,OOOOOWOW
1,ddelta,478,484,478-484,24,0.5108949099222054,0.5108949099222054,WWWWWOOW,WOWWWOOW,WWOWWOOW,WOOWWOOW
1,ddelta,478,484,478-484,25,2.164584775297756,2.164584775297756,OWWWWOOW,OOWWWOOW,OWOWWOOW,OOOWWOOW
1,ddelta,478,484,478-484,26,1.5225723542429874,1.5225723542429874,WWWOWOOW,WOWOWOOW,WWOOWOOW,WOOOWOOW
1,ddelta,478,484,478-484,27,-2.0757600513597994,2.0757600513597994,OWWOWOOW,OOWOWOOW,OWOOWOOW,OOOOWOOW
1,ddelta,478,484,478-484,28,-1.4806403528328627,1.4806403528328627,WWWWOOOW,WOWWOOOW,WWOWOOOW,WOOWOOOW
1,ddelta,478,484,478-484,29,1.8923028634168952,1.8923028634168952,OWWWOOOW,OOWWOOOW,OWOWOOOW,OOOWOOOW
1,ddelta,478,484,478-484,30,1.028028692138864,1.028028692138864,WWWOOOOW,WOWOOOOW,WWOOOOOW,WOOOOOOW
1,ddelta,478,484,478-484,31,-1.0337900230796817,1.0337900230796817,OWWOOOOW,OOWOOOOW,OWOOOOOW,OOOOOOOW
1,ddelta,478,484,478-484,32,-2.3639358119095277,2.3639358119095277,WWWWWWWO,WOWWWWWO,WWOWWWWO,WOOWWWWO
1,ddelta,478,484,478-484,33,3.2425845551733,3.2425845551733,OWWWWWWO,OOWWWWWO,OWOWWWWO,OOOWWWWO
1,ddelta,478,484,478-484,34,5.046989694932314,5.046989694932314,WWWOWWWO,WOWOWWWO,WWOOWWWO,WOOOWWWO
1,ddelta,478,484,478-484,35,-0.7237125463899003,0.7237125463899003,OWWOWWWO,OOWOWWWO,OWOOWWWO,OOOOWWWO
1,ddelta,478,484,478-484,36,-3.9859219293059804,3.9859219293059804,WWWWOWWO,WOWWOWWO,WWOWOWWO,WOOWOWWO
1,ddelta,478,484,478-484,37,-1.6978202416431325,1.6978202416431325,OWWWOWWO,OOWWOWWO,OWOWOWWO,OOOWOWWO
1,ddelta,478,484,478-484,38,-0.6185566493803005,0.6185566493803005,WWWOOWWO,WOWOOWWO,WWOOOWWO,WOOOOWWO
1,ddelta,478,484,478-484,39,-5.870095829229492,5.870095829229492,OWWOOWWO,OOWOOWWO,OWOOOWWO,OOOOOWWO
1,ddelta,478,484,478-484,40,-1.9074369348751603,1.9074369348751603,WWWWWOWO,WOWWWOWO,WWOWWOWO,WOOWWOWO
1,ddelta,478,484,478-484,41,3.1913526928258196,3.1913526928258196,OWWWWOWO,OOWWWOWO,OWOWWOWO,OOOWWOWO
1,ddelta,478,484,478-484,42,-0.004286767261881375,0.004286767261881375,WWWOWOWO,WOWOWOWO,WWOOWOWO,WOOOWOWO
1,ddelta,478,484,478-484,43,2.0067767408610773,2.0067767408610773,OWWOWOWO,OOWOWOWO,OWOOWOWO,OOOOWOWO
1,ddelta,478,484,478-484,44,0.10949091945883671,0.10949091945883671,WWWWOOWO,WOWWOOWO,WWOWOOWO,WOOWOOWO
1,ddelta,478,484,478-484,45,-0.0080879414545596,0.0080879414545596,OWWWOOWO,OOWWOOWO,OWOWOOWO,OOOWOOWO
1,ddelta,478,484,478-484,46,0.019009998183753485,0.019009998183753485,WWWOOOWO,WOWOOOWO,WWOOOOWO,WOOOOOWO
1,ddelta,478,484,478-484,47,-1.4999269123701013,1.4999269123701013,OWWOOOWO,OOWOOOWO,OWOOOOWO,OOOOOOWO
1,ddelta,478,484,478-484,48,1.0452177621121184,1.0452177621121184,WWWWWWOO,WOWWWWOO,WWOWWWOO,WOOWWWOO
1,ddelta,478,484,478-484,49,0.00851476034060672,0.00851476034060672,OWWWWWOO,OOWWWWOO,OWOWWWOO,OOOWWWOO
1,ddelta,478,484,478-484,50,1.2377193516773388,1.2377193516773388,WWWOWWOO,WOWOWWOO,WWOOWWOO,WOOOWWOO
1,ddelta,478,484,478-484,51,0.06443241035639691,0.06443241035639691,OWWOWWOO,OOWOWWOO,OWOOWWOO,OOOOWWOO
1,ddelta,478,484,478-484,52,-1.2897178792167185,1.2897178792167185,WWWWOWOO,WOWWOWOO,WWOWOWOO,WOOWOWOO
1,ddelta,478,484,478-484,53,1.5202809671151944,1.5202809671151944,OWWWOWOO,OOWWOWOO,OWOWOWOO,OOOWOWOO
1,ddelta,478,484,478-484,54,-1.6896904634214724,1.6896904634214724,WWWOOWOO,WOWOOWOO,WWOOOWOO,WOOOOWOO
1,ddelta,478,484,478-484,55,-0.288072204251254,0.288072204251254,OWWOOWOO,OOWOOWOO,OWOOOWOO,OOOOOWOO
1,ddelta,478,484,478-484,56,-0.43004416838966486,0.43004416838966486,WWWWWOOO,WOWWWOOO,WWOWWOOO,WOOWWOOO
1,ddelta,478,484,478-484,57,0.7604687095064638,0.7604687095064638,OWWWWOOO,OOWWWOOO,OWOWWOOO,OOOWWOOO
1,ddelta,478,484,478-484,58,3.5646757818240777,3.5646757818240777,WWWOWOOO,WOWOWOOO,WWOOWOOO,WOOOWOOO
1,ddelta,478,484,478-484,59,-0.7510872424722447,0.7510872424722447,OWWOWOOO,OOWOWOOO,OWOOWOOO,OOOOWOOO
1,ddelta,478,484,478-484,60,-3.2598863383604186,3.2598863383604186,WWWWOOOO,WOWWOOOO,WWOWOOOO,WOOWOOOO
1,ddelta,478,484,478-484,61,-2.6863087050923915,2.6863087050923915,OWWWOOOO,OOWWOOOO,OWOWOOOO,OOOWOOOO
1,ddelta,478,484,478-484,62,0.9691415271953602,0.9691415271953602,WWWOOOOO,WOWOOOOO,WWOOOOOO,WOOOOOOO
1,ddelta,478,484,478-484,63,0.38126581268898124,0.38126581268898124,OWWOOOOO,OOWOOOOO,OWOOOOOO,OOOOOOOO
1,ddelta,478,493,478-493,0,-0.4993212837399557,0.4993212837399557,WWWWWWWW,WOWWWWWW,WWWOWWWW,WOWOWWWW
1,ddelta,478,493,478-493,1,-0.2443802271504351,0.2443802271504351,OWWWWWWW,OOWWWWWW,OWWOWWWW,OOWOWWWW
1,ddelta,478,493,478-493,2,-2.4602040346837555,2.4602040346837555,WWOWWWWW,WOOWWWWW,WWOOWWWW,WOOOWWWW
1,ddelta,478,493,478-493,3,1.8695811040725856,1.8695811040725856,OWOWWWWW,OOOWWWWW,OWOOWWWW,OOOOWWWW
1,ddelta,478,493,478-493,4,0.19628129395493232,0.19628129395493232,WWWWOWWW,WOWWOWWW,WWWOOWWW,WOWOOWWW
1,ddelta,478,493,478-493,5,1.7965018646319515,1.7965018646319515,OWWWOWWW,OOWWOWWW,OWWOOWWW,OOWOOWWW
1,ddelta,478,493,478-493,6,-1.1242013662105075,1.1242013662105075,WWOWOWWW,WOOWOWWW,WWOOOWWW,WOOOOWWW
1,ddelta,478,493,478-493,7,-2.3616004014453074,2.3616004014453074,OWOWOWWW,OOOWOWWW,OWOOOWWW,OOOOOWWW
1,ddelta,478,493,478-493,8,0.4042944819761247,0.4042944819761247,WWWWWOWW,WOWWWOWW,WWWOWOWW,WOWOWOWW
1,ddelta,478,493,478-493,9,0.917613288269236,0.917613288269236,OWWWWOWW,OOWWWOWW,OWWOWOWW,OOWOWOWW
1,ddelta,478,493,478-493,10,-2.931890237321646,2.931890237321646,WWOWWOWW,WOOWWOWW,WWOOWOWW,WOOOWOWW
1,ddelta,478,493,478-493,11,-1.948928795664714,1.948928795664714,OWOWWOWW,OOOWWOWW,OWOOWOWW,OOOOWOWW
1,ddelta,478,493,478-493,12,-0.33782572544787903,0.33782572544787903,WWWWOOWW,WOWWOOWW,WWWOOOWW,WOWOOOWW
1,ddelta,478,493,478-493,13,3.2826004450927226,3.2826004450927226,OWWWOOWW,OOWWOOWW,OWWOOOWW,OOWOOOWW
1,ddelta,478,493,478-493,14,-0.7818713375228099,0.7818713375228099,WWOWOOWW,WOOWOOWW,WWOOOOWW,WOOOOOWW
1,ddelta,478,493,478-493,15,-0.5602769301242259,0.5602769301242259,OWOWOOWW,OOOWOOWW,OWOOOOWW,OOOOOOWW
1,ddelta,478,493,478-493,16,0.5544616917363427,0.5544616917363427,WWWWWWOW,WOWWWWOW,WWWOWWOW,WOWOWWOW
1,ddelta,478,493,478-493,17,-0.5525828472157895,0.5525828472157895,OWWWWWOW,OOWWWWOW,OWWOWWOW,OOWOWWOW
1,ddelta,478,493,478-493,18,-0.03982966932117826,0.03982966932117826,WWOWWWOW,WOOWWWOW,WWOOWWOW,WOOOWWOW
1,ddelta,478,493,478-493,19,-1.7697273227590997,1.7697273227590997,OWOWWWOW,OOOWWWOW,OWOOWWOW,OOOOWWOW
1,ddelta,478,493,478-493,20,0.4106304217252619,0.4106304217252619,WWWWOWOW,WOWWOWOW,WWWOOWOW,WOWOOWOW
1,ddelta,478,493,478-493,21,-1.9821033412363187,1.9821033412363187,OWWWOWOW,OOWWOWOW,OWWOOWOW,OOWOOWOW
1,ddelta,478,493,478-493,22,0.43252326584006745,0.43252326584006745,WWOWOWOW,WOOWOWOW,WWOOOWOW,WOOOOWOW
1,ddelta,478,493,478-493,23,-0.3277381635881926,0.3277381635881926,OWOWOWOW,OOOWOWOW,OWOOOWOW,OOOOOWOW
1,ddelta,478,493,478-493,24,-1.4618180460730443,1.4618180460730443,WWWWWOOW,WOWWWOOW,WWWOWOOW,WOWOWOOW
1,ddelta,478,493,478-493,25,1.4188262636366682,1.4188262636366682,OWWWWOOW,OOWWWOOW,OWWOWOOW,OOWOWOOW
1,ddelta,478,493,478-493,26,-0.450140601752262,0.450140601752262,WWOWWOOW,WOOWWOOW,WWOOWOOW,WOOOWOOW
1,ddelta,478,493,478-493,27,-2.8215185630208874,2.8215185630208874,OWOWWOOW,OOOWWOOW,OWOOWOOW,OOOOWOOW
1,ddelta,478,493,478-493,28,-1.1135059097313067,1.1135059097313067,WWWWOOOW,WOWWOOOW,WWWOOOOW,WOWOOOOW
1,ddelta,478,493,478-493,29,3.4824079146028843,3.4824079146028843,OWWWOOOW,OOWWOOOW,OWWOOOOW,OOWOOOOW
1,ddelta,478,493,478-493,30,1.39516313524042,1.39516313524042,WWOWOOOW,WOOWOOOW,WWOOOOOW,WOOOOOOW
1,ddelta,478,493,478-493,31,0.5563150281063074,0.5563150281063074,OWOWOOOW,OOOWOOOW,OWOOOOOW,OOOOOOOW
1,ddelta,478,493,478-493,32,-5.177404681713441,5.177404681713441,WWWWWWWO,WOWWWWWO,WWWOWWWO,WOWOWWWO
1,ddelta,478,493,478-493,33,-0.06484310769859303,0.06484310769859303,OWWWWWWO,OOWWWWWO,OWWOWWWO,OOWOWWWO
1,ddelta,478,493,478-493,34,2.233520825128401,2.233520825128401,WWOWWWWO,WOOWWWWO,WWOOWWWO,WOOOWWWO
1,ddelta,478,493,478-493,35,-4.0311402092617925,4.0311402092617925,OWOWWWWO,OOOWWWWO,OWOOWWWO,OOOOWWWO
1,ddelta,478,493,478-493,36,-0.8883279276191924,0.8883279276191924,WWWWOWWO,WOWWOWWO,WWWOOWWO,WOWOOWWO
1,ddelta,478,493,478-493,37,3.765408766355799,3.765408766355799,OWWWOWWO,OOWWOWWO,OWWOOWWO,OOWOOWWO
1,ddelta,478,493,478-493,38,2.479037352306488,2.479037352306488,WWOWOWWO,WOOWOWWO,WWOOOWWO,WOOOOWWO
1,ddelta,478,493,478-493,39,-0.40686682123056084,0.40686682123056084,OWOWOWWO,OOOWOWWO,OWOOOWWO,OOOOOWWO
1,ddelta,478,493,478-493,40,-1.6252390300036885,1.6252390300036885,WWWWWOWO,WOWWWOWO,WWWOWOWO,WOWOWOWO
1,ddelta,478,493,478-493,41,1.1179843734728554,1.1179843734728554,OWWWWOWO,OOWWWOWO,OWWOWOWO,OOWOWOWO
1,ddelta,478,493,478-493,42,0.27791113760959063,0.27791113760959063,WWOWWOWO,WOOWWOWO,WWOOWOWO,WOOOWOWO
1,ddelta,478,493,478-493,43,-0.06659157849188713,0.06659157849188713,OWOWWOWO,OOOWWOWO,OWOOWOWO,OOOOWOWO
1,ddelta,478,493,478-493,44,0.5365117469033921,0.5365117469033921,WWWWOOWO,WOWWOOWO,WWWOOOWO,WOWOOOWO
1,ddelta,478,493,478-493,45,2.154125753128479,2.154125753128479,OWWWOOWO,OOWWOOWO,OWWOOOWO,OOWOOOWO
1,ddelta,478,493,478-493,46,0.44603082562830876,0.44603082562830876,WWOWOOWO,WOOWOOWO,WWOOOOWO,WOOOOOWO
1,ddelta,478,493,478-493,47,0.662286782212937,0.662286782212937,OWOWOOWO,OOOWOOWO,OWOOOOWO,OOOOOOWO
1,ddelta,478,493,478-493,48,-0.9070031522111077,0.9070031522111077,WWWWWWOO,WOWWWWOO,WWWOWWOO,WOWOWWOO
1,ddelta,478,493,478-493,49,-2.423255293378717,2.423255293378717,OWWWWWOO,OOWWWWOO,OWWOWWOO,OOWOWWOO
1,ddelta,478,493,478-493,50,-0.714501562645887,0.714501562645887,WWOWWWOO,WOOWWWOO,WWOOWWOO,WOOOWWOO
1,ddelta,478,493,478-493,51,-2.3673376433629274,2.3673376433629274,OWOWWWOO,OOOWWWOO,OWOOWWOO,OOOOWWOO
1,ddelta,478,493,478-493,52,-2.1861248511222304,2.1861248511222304,WWWWOWOO,WOWWOWOO,WWWOOWOO,WOWOOWOO
1,ddelta,478,493,478-493,53,0.4644905761888635,0.4644905761888635,OWWWOWOO,OOWWOWOO,OWWOOWOO,OOWOOWOO
1,ddelta,478,493,478-493,54,-2.586097435326984,2.586097435326984,WWOWOWOO,WOOWOWOO,WWOOOWOO,WOOOOWOO
1,ddelta,478,493,478-493,55,-1.3438625951775847,1.3438625951775847,OWOWOWOO,OOOWOWOO,OWOOOWOO,OOOOOWOO
1,ddelta,478,493,478-493,56,-1.7542577050089827,1.7542577050089827,WWWWWOOO,WOWWWOOO,WWWOWOOO,WOWOWOOO
1,ddelta,478,493,478-493,57,0.5561740843255171,0.5561740843255171,OWWWWOOO,OOWWWOOO,OWWOWOOO,OOWOWOOO
1,ddelta,478,493,478-493,58,2.240462245204759,2.240462245204759,WWOWWOOO,WOOWWOOO,WWOOWOOO,WOOOWOOO
1,ddelta,478,493,478-493,59,-0.9553818676531913,0.9553818676531913,OWOWWOOO,OOOWWOOO,OWOOWOOO,OOOOWOOO
1,ddelta,478,493,478-493,60,-4.450165828133347,4.450165828133347,WWWWOOOO,WOWWOOOO,WWWOOOOO,WOWOOOOO
1,ddelta,478,493,478-493,61,2.8356225331242437,2.8356225331242437,OWWWOOOO,OOWWOOOO,OWWOOOOO,OOWOOOOO
1,ddelta,478,493,478-493,62,-0.22113796257756835,0.22113796257756835,WWOWOOOO,WOOWOOOO,WWOOOOOO,WOOOOOOO
1,ddelta,478,493,478-493,63,5.903197050905617,5.903197050905617,OWOWOOOO,OOOWOOOO,OWOOOOOO,OOOOOOOO
1,ddelta,478,496,478-496,0,-0.9417286940118865,0.9417286940118865,WWWWWWWW,WOWWWWWW,WWWWOWWW,WOWWOWWW
1,ddelta,478,496,478-496,1,0.6974478106325639,0.6974478106325639,OWWWWWWW,OOWWWWWW,OWWWOWWW,OOWWOWWW
1,ddelta,478,496,478-496,2,-0.1753063201261026,0.1753063201261026,WWOWWWWW,WOOWWWWW,WWOWOWWW,WOOWOWWW
1,ddelta,478,496,478-496,3,3.0512664460483854,3.0512664460483854,OWOWWWWW,OOOWWWWW,OWOWOWWW,OOOWOWWW
1,ddelta,478,496,478-496,4,-0.24612611631699877,0.24612611631699877,WWWOWWWW,WOWOWWWW,WWWOOWWW,WOWOOWWW
1,ddelta,478,496,478-496,5,2.7383299024149497,2.7383299024149497,OWWOWWWW,OOWOWWWW,OWWOOWWW,OOWOOWWW
1,ddelta,478,496,478-496,6,1.1606963483471457,1.1606963483471457,WWOOWWWW,WOOOWWWW,WWOOOWWW,WOOOOWWW
1,ddelta,478,496,478-496,7,-1.1799150594695076,1.1799150594695076,OWOOWWWW,OOOOWWWW,OWOOOWWW,OOOOOWWW
1,ddelta,478,496,478-496,8,-1.0013339837793875,1.0013339837793875,WWWWWOWW,WOWWWOWW,WWWWOOWW,WOWWOOWW
1,ddelta,478,496,478-496,9,1.53177521883433,1.53177521883433,OWWWWOWW,OOWWWOWW,OWWWOOWW,OOWWOOWW
1,ddelta,478,496,478-496,10,-4.4147203673805375,4.4147203673805375,WWOWWOWW,WOOWWOWW,WWOWOOWW,WOOWOOWW
1,ddelta,478,496,478-496,11,-0.41864288343727285,0.41864288343727285,OWOWWOWW,OOOWWOWW,OWOWOOWW,OOOWOOWW
1,ddelta,478,496,478-496,12,-1.7434541912033916,1.7434541912033916,WWWOWOWW,WOWOWOWW,WWWOOOWW,WOWOOOWW
1,ddelta,478,496,478-496,13,3.8967623756578167,3.8967623756578167,OWWOWOWW,OOWOWOWW,OWWOOOWW,OOWOOOWW
1,ddelta,478,496,478-496,14,-2.264701467581702,2.264701467581702,WWOOWOWW,WOOOWOWW,WWOOOOWW,WOOOOOWW
1,ddelta,478,496,478-496,15,0.970008982103215,0.970008982103215,OWOOWOWW,OOOOWOWW,OWOOOOWW,OOOOOOWW
1,ddelta,478,496,478-496,16,-0.015444303335128917,0.015444303335128917,WWWWWWOW,WOWWWWOW,WWWWOWOW,WOWWOWOW
1,ddelta,478,496,478-496,17,0.47654427186076936,0.47654427186076936,OWWWWWOW,OOWWWWOW,OWWWOWOW,OOWWOWOW
1,ddelta,478,496,478-496,18,1.1575066264071117,1.1575066264071117,WWOWWWOW,WOOWWWOW,WWOWOWOW,WOOWOWOW
1,ddelta,478,496,478-496,19,-1.285427892302231,1.285427892302231,OWOWWWOW,OOOWWWOW,OWOWOWOW,OOOWOWOW
1,ddelta,478,496,478-496,20,-0.1592755733462098,0.1592755733462098,WWWOWWOW,WOWOWWOW,WWWOOWOW,WOWOOWOW
1,ddelta,478,496,478-496,21,-0.95297622215976,0.95297622215976,OWWOWWOW,OOWOWWOW,OWWOOWOW,OOWOOWOW
1,ddelta,478,496,478-496,22,1.629859561568357,1.629859561568357,WWOOWWOW,WOOOWWOW,WWOOOWOW,WOOOOWOW
1,ddelta,478,496,478-496,23,0.15656126686867605,0.15656126686867605,OWOOWWOW,OOOOWWOW,OWOOOWOW,OOOOOWOW
1,ddelta,478,496,478-496,24,-0.16452041465524284,0.16452041465524284,WWWWWOOW,WOWWWOOW,WWWWOOOW,WOWWOOOW
1,ddelta,478,496,478-496,25,-2.42056371192947,2.42056371192947,OWWWWOOW,OOWWWOOW,OWWWOOOW,OOWWOOOW
1,ddelta,478,496,478-496,26,-2.156055677410311,2.156055677410311,WWOWWOOW,WOOWWOOW,WWOWOOOW,WOOWOOOW
1,ddelta,478,496,478-496,27,-2.6928456238103307,2.6928456238103307,OWOWWOOW,OOOWWOOW,OWOWOOOW,OOOWOOOW
1,ddelta,478,496,478-496,28,0.1837917216864946,0.1837917216864946,WWWOWOOW,WOWOWOOW,WWWOOOOW,WOWOOOOW
1,ddelta,478,496,478-496,29,-0.3569820609632538,0.3569820609632538,OWWOWOOW,OOWOWOOW,OWWOOOOW,OOWOOOOW
1,ddelta,478,496,478-496,30,-0.3107519404176289,0.3107519404176289,WWOOWOOW,WOOOWOOW,WWOOOOOW,WOOOOOOW
1,ddelta,478,496,478-496,31,0.6849879673168641,0.6849879673168641,OWOOWOOW,OOOOWOOW,OWOOOOOW,OOOOOOOW
1,ddelta,478,496,478-496,32,1.9077035570290763,1.9077035570290763,WWWWWWWO,WOWWWWWO,WWWWOWWO,WOWWOWWO
1,ddelta,478,496,478-496,33,0.39518244847299266,0.39518244847299266,OWWWWWWO,OOWWWWWO,OWWWOWWO,OOWWOWWO
1,ddelta,478,496,478-496,34,0.28571743963262364,0.28571743963262364,WWOWWWWO,WOOWWWWO,WWOWOWWO,WOOWOWWO
1,ddelta,478,496,478-496,35,-4.545222348343439,4.545222348343439,OWOWWWWO,OOOWWWWO,OWOWOWWO,OOOWOWWO
1,ddelta,478,496,478-496,36,6.196780311123325,6.196780311123325,WWWOWWWO,WOWOWWWO,WWWOOWWO,WOWOOWWO
1,ddelta,478,496,478-496,37,4.225434322527384,4.225434322527384,OWWOWWWO,OOWOWWWO,OWWOOWWO,OOWOOWWO
1,ddelta,478,496,478-496,38,0.5312339668107104,0.5312339668107104,WWOOWWWO,WOOOWWWO,WWOOOWWO,WOOOOWWO
1,ddelta,478,496,478-496,39,-0.9209489603122074,0.9209489603122074,OWOOWWWO,OOOOWWWO,OWOOOWWO,OOOOOWWO
1,ddelta,478,496,478-496,40,-0.9589228999683047,0.9589228999683047,WWWWWOWO,WOWWWOWO,WWWWOOWO,WOWWOOWO
1,ddelta,478,496,478-496,41,1.0643516605262262,1.0643516605262262,OWWWWOWO,OOWWWOWO,OWWWOOWO,OOWWOOWO
1,ddelta,478,496,478-496,42,1.0580049543656924,1.0580049543656924,WWOWWOWO,WOOWWOWO,WWOWOOWO,WOOWOOWO
1,ddelta,478,496,478-496,43,-2.135088973754153,2.135088973754153,OWOWWOWO,OOOWWOWO,OWOWOOWO,OOOWOOWO
1,ddelta,478,496,478-496,44,1.202827876938776,1.202827876938776,WWWOWOWO,WOWOWOWO,WWWOOOWO,WOWOOOWO
1,ddelta,478,496,478-496,45,2.10049304018185,2.10049304018185,OWWOWOWO,OOWOWOWO,OWWOOOWO,OOWOOOWO
1,ddelta,478,496,478-496,46,1.2261246423844105,1.2261246423844105,WWOOWOWO,WOOOWOWO,WWOOOOWO,WOOOOOWO
1,ddelta,478,496,478-496,47,-1.4062106130493288,1.4062106130493288,OWOOWOWO,OOOOWOWO,OWOOOOWO,OOOOOOWO
1,ddelta,478,496,478-496,48,2.2749402453795726,2.2749402453795726,WWWWWWOO,WOWWWWOO,WWWWOWOO,WOWWOWOO
1,ddelta,478,496,478-496,49,-1.4344361806189636,1.4344361806189636,OWWWWWOO,OOWWWWOO,OWWWOWOO,OOWWOWOO
1,ddelta,478,496,478-496,50,-0.05999539594926412,0.05999539594926412,WWOWWWOO,WOOWWWOO,WWOWOWOO,WOOWOWOO
1,ddelta,478,496,478-496,51,0.07733002615562401,0.07733002615562401,OWOWWWOO,OOOWWWOO,OWOWOWOO,OOOWOWOO
1,ddelta,478,496,478-496,52,0.9958185464684506,0.9958185464684506,WWWOWWOO,WOWOWWOO,WWWOOWOO,WOWOOWOO
1,ddelta,478,496,478-496,53,1.4533096889486172,1.4533096889486172,OWWOWWOO,OOWOWWOO,OWWOOWOO,OOWOOWOO
1,ddelta,478,496,478-496,54,-1.9315912686303611,1.9315912686303611,WWOOWWOO,WOOOWWOO,WWOOOWOO,WOOOOWOO
1,ddelta,478,496,478-496,55,1.1008050743409665,1.1008050743409665,OWOOWWOO,OOOOWWOO,OWOOOWOO,OOOOOWOO
1,ddelta,478,496,478-496,56,3.96999037910179,3.96999037910179,WWWWWOOO,WOWWWOOO,WWWWOOOO,WOWWOOOO
1,ddelta,478,496,478-496,57,-1.8928367752936097,1.8928367752936097,OWWWWOOO,OOWWWOOO,OWWWOOOO,OOWWOOOO
1,ddelta,478,496,478-496,58,1.140148209131036,1.140148209131036,WWOWWOOO,WOOWWOOO,WWOWOOOO,WOOWOOOO
1,ddelta,478,496,478-496,59,-5.3396141898924645,5.3396141898924645,OWOWWOOO,OOOWWOOO,OWOWOOOO,OOOWOOOO
1,ddelta,478,496,478-496,60,1.2740822559774259,1.2740822559774259,WWWOWOOO,WOWOWOOO,WWWOOOOO,WOWOOOOO
1,ddelta,478,496,478-496,61,0.38661167350511716,0.38661167350511716,OWWOWOOO,OOWOWOOO,OWWOOOOO,OOWOOOOO
1,ddelta,478,496,478-496,62,-1.3214519986512916,1.3214519986512916,WWOOWOOO,WOOOWOOO,WWOOOOOO,WOOOOOOO
1,ddelta,478,496,478-496,63,1.518964728666343,1.518964728666343,OWOOWOOO,OOOOWOOO,OWOOOOOO,OOOOOOOO
1,ddelta,478,498,478-498,0,-0.3341796853856461,0.3341796853856461,WWWWWWWW,WOWWWWWW,WWWWWOWW,WOWWWOWW
1,ddelta,478,498,478-498,1,-2.4994093134516935,2.4994093134516935,OWWWWWWW,OOWWWWWW,OWWWWOWW,OOWWWOWW
1,ddelta,478,498,478-498,2,0.8151469997198278,0.8151469997198278,WWOWWWWW,WOOWWWWW,WWOWWOWW,WOOWWOWW
1,ddelta,478,498,478-498,3,2.802287744370387,2.802287744370387,OWOWWWWW,OOOWWWWW,OWOWWOWW,OOOWWOWW
1,ddelta,478,498,478-498,4,0.5694360803304346,0.5694360803304346,WWWOWWWW,WOWOWWWW,WWWOWOWW,WOWOWOWW
1,ddelta,478,498,478-498,5,-1.3374157980320223,1.3374157980320223,OWWOWWWW,OOWOWWWW,OWWOWOWW,OOWOWOWW
1,ddelta,478,498,478-498,6,0.3434607970819372,0.3434607970819372,WWOOWWWW,WOOOWWWW,WWOOWOWW,WOOOWOWW
1,ddelta,478,498,478-498,7,-1.0162221553669126,1.0162221553669126,OWOOWWWW,OOOOWWWW,OWOOWOWW,OOOOWOWW
1,ddelta,478,498,478-498,8,-0.3937849751531469,0.3937849751531469,WWWWOWWW,WOWWOWWW,WWWWOOWW,WOWWOOWW
1,ddelta,478,498,478-498,9,-1.6650819052499273,1.6650819052499273,OWWWOWWW,OOWWOWWW,OWWWOOWW,OOWWOOWW
1,ddelta,478,498,478-498,10,-3.4242670475346073,3.4242670475346073,WWOWOWWW,WOOWOWWW,WWOWOOWW,WOOWOOWW
1,ddelta,478,498,478-498,11,-0.6676215851152714,0.6676215851152714,OWOWOWWW,OOOWOWWW,OWOWOOWW,OOOWOOWW
1,ddelta,478,498,478-498,12,-0.9278919945559587,0.9278919945559587,WWWOOWWW,WOWOOWWW,WWWOOOWW,WOWOOOWW
1,ddelta,478,498,478-498,13,-0.17898332478915613,0.17898332478915613,OWWOOWWW,OOWOOWWW,OWWOOOWW,OOWOOOWW
1,ddelta,478,498,478-498,14,-3.08193701884691,3.08193701884691,WWOOOWWW,WOOOOWWW,WWOOOOWW,WOOOOOWW
1,ddelta,478,498,478-498,15,1.13370188620581,1.13370188620581,OWOOOWWW,OOOOOWWW,OWOOOOWW,OOOOOOWW
1,ddelta,478,498,478-498,16,0.680144193337985,0.680144193337985,WWWWWWOW,WOWWWWOW,WWWWWOOW,WOWWWOOW
1,ddelta,478,498,478-498,17,-0.5538763503215522,0.5538763503215522,OWWWWWOW,OOWWWWOW,OWWWWOOW,OOWWWOOW
1,ddelta,478,498,478-498,18,1.6851770184423323,1.6851770184423323,WWOWWWOW,WOOWWWOW,WWOWWOOW,WOOWWOOW
1,ddelta,478,498,478-498,19,1.019838693396999,1.019838693396999,OWOWWWOW,OOOWWWOW,OWOWWOOW,OOOWWOOW
1,ddelta,478,498,478-498,20,-1.3361355444714018,1.3361355444714018,WWWOWWOW,WOWOWWOW,WWWOWOOW,WOWOWOOW
1,ddelta,478,498,478-498,21,1.4175327605309054,1.4175327605309054,OWWOWWOW,OOWOWWOW,OWWOWOOW,OOWOWOOW
1,ddelta,478,498,478-498,22,1.2748660860112486,1.2748660860112486,WWOOWWOW,WOOOWWOW,WWOOWOOW,WOOOWOOW
1,ddelta,478,498,478-498,23,-0.0319525468647885,0.0319525468647885,OWOOWWOW,OOOOWWOW,OWOOWOOW,OOOOWOOW
1,ddelta,478,498,478-498,24,0.5310680820178711,0.5310680820178711,WWWWOWOW,WOWWOWOW,WWWWOOOW,WOWWOOOW
1,ddelta,478,498,478-498,25,-3.4509843341117916,3.4509843341117916,OWWWOWOW,OOWWOWOW,OWWWOOOW,OOWWOOOW
1,ddelta,478,498,478-498,26,-1.62838528537509,1.62838528537509,WWOWOWOW,WOOWOWOW,WWOWOOOW,WOOWOOOW
1,ddelta,478,498,478-498,27,-0.38757903811110056,0.38757903811110056,OWOWOWOW,OOOWOWOW,OWOWOOOW,OOOWOOOW
1,ddelta,478,498,478-498,28,-0.9930682494386974,0.9930682494386974,WWWOOWOW,WOWOOWOW,WWWOOOOW,WOWOOOOW
1,ddelta,478,498,478-498,29,2.0135269217274114,2.0135269217274114,OWWOOWOW,OOWOOWOW,OWWOOOOW,OOWOOOOW
1,ddelta,478,498,478-498,30,-0.6657454159747376,0.6657454159747376,WWOOOWOW,WOOOOWOW,WWOOOOOW,WOOOOOOW
1,ddelta,478,498,478-498,31,0.4964741535833994,0.4964741535833994,OWOOOWOW,OOOOOWOW,OWOOOOOW,OOOOOOOW
1,ddelta,478,498,478-498,32,0.25023346229418353,0.25023346229418353,WWWWWWWO,WOWWWWWO,WWWWWOWO,WOWWWOWO
1,ddelta,478,498,478-498,33,-0.9119090042078601,0.9119090042078601,OWWWWWWO,OOWWWWWO,OWWWWOWO,OOWWWOWO
1,ddelta,478,498,478-498,34,0.7067323393285507,0.7067323393285507,WWOWWWWO,WOOWWWWO,WWOWWOWO,WOOWWOWO
1,ddelta,478,498,478-498,35,-0.96314086655534,0.96314086655534,OWOWWWWO,OOOWWWWO,OWOWWOWO,OOOWWOWO
1,ddelta,478,498,478-498,36,3.802399114003936,3.802399114003936,WWWOWWWO,WOWOWWWO,WWWOWOWO,WOWOWOWO
1,ddelta,478,498,478-498,37,0.2709184769635883,0.2709184769635883,OWWOWWWO,OOWOWWWO,OWWOWOWO,OOWOWOWO
1,ddelta,478,498,478-498,38,-1.2488773481902598,1.2488773481902598,WWOOWWWO,WOOOWWWO,WWOOWOWO,WOOOWOWO
1,ddelta,478,498,478-498,39,3.001407764214566,3.001407764214566,OWOOWWWO,OOOOWWWO,OWOOWOWO,OOOOWOWO
1,ddelta,478,498,478-498,40,-2.6163929947031974,2.6163929947031974,WWWWOWWO,WOWWOWWO,WWWWOOWO,WOWWOOWO
1,ddelta,478,498,478-498,41,-0.2427397921546267,0.2427397921546267,OWWWOWWO,OOWWOWWO,OWWWOOWO,OOWWOOWO
1,ddelta,478,498,478-498,42,1.4790198540616197,1.4790198540616197,WWOWOWWO,WOOWOWWO,WWOWOOWO,WOOWOOWO
1,ddelta,478,498,478-498,43,1.4469925080339463,1.4469925080339463,OWOWOWWO,OOOWOWWO,OWOWOOWO,OOOWOOWO
1,ddelta,478,498,478-498,44,-1.1915533201806134,1.1915533201806134,WWWOOWWO,WOWOOWWO,WWWOOOWO,WOWOOOWO
1,ddelta,478,498,478-498,45,-1.854022805381946,1.854022805381946,OWWOOWWO,OOWOOWWO,OWWOOOWO,OOWOOOWO
1,ddelta,478,498,478-498,46,-0.5539866726165599,0.5539866726165599,WWOOOWWO,WOOOOWWO,WWOOOOWO,WOOOOOWO
1,ddelta,478,498,478-498,47,2.516146111477444,2.516146111477444,OWOOOWWO,OOOOOWWO,OWOOOOWO,OOOOOOWO
1,ddelta,478,498,478-498,48,1.1160545923634992,1.1160545923634992,WWWWWWOO,WOWWWWOO,WWWWWOOO,WOWWWOOO
1,ddelta,478,498,478-498,49,-2.3510974038145886,2.3510974038145886,OWWWWWOO,OOWWWWOO,OWWWWOOO,OOWWWOOO
1,ddelta,478,498,478-498,50,-0.3592073381382841,0.3592073381382841,WWOWWWOO,WOOWWWOO,WWOWWOOO,WOOWWOOO
1,ddelta,478,498,478-498,51,-1.5991434546487318,1.5991434546487318,OWOWWWOO,OOOWWWOO,OWOWWOOO,OOOWWOOO
1,ddelta,478,498,478-498,52,0.2688000395656236,0.2688000395656236,WWWOWWOO,WOWOWWOO,WWWOWOOO,WOWOWOOO
1,ddelta,478,498,478-498,53,0.6283319738896455,0.6283319738896455,OWWOWWOO,OOWOWWOO,OWWOWOOO,OOWOWOOO
1,ddelta,478,498,478-498,54,2.595756469712362,2.595756469712362,WWOOWWOO,WOOOWWOO,WWOOWOOO,WOOOWOOO
1,ddelta,478,498,478-498,55,-0.18718767893899613,0.18718767893899613,OWOOWWOO,OOOOWWOO,OWOOWOOO,OOOOWOOO
1,ddelta,478,498,478-498,56,2.811104726085716,2.811104726085716,WWWWOWOO,WOWWOWOO,WWWWOOOO,WOWWOOOO
1,ddelta,478,498,478-498,57,-2.809497998489235,2.809497998489235,OWWWOWOO,OOWWOWOO,OWWWOOOO,OOWWOOOO
1,ddelta,478,498,478-498,58,0.840936266942016,0.840936266942016,WWOWOWOO,WOOWOWOO,WWOWOOOO,WOOWOOOO
1,ddelta,478,498,478-498,59,-7.016087670696821,7.016087670696821,OWOWOWOO,OOOWOWOO,OWOWOOOO,OOOWOOOO
1,ddelta,478,498,478-498,60,0.5470637490745991,0.5470637490745991,WWWOOWOO,WOWOOWOO,WWWOOOOO,WOWOOOOO
1,ddelta,478,498,478-498,61,-0.43836604155385483,0.43836604155385483,OWWOOWOO,OOWOOWOO,OWWOOOOO,OOWOOOOO
1,ddelta,478,498,478-498,62,3.2058957396914316,3.2058957396914316,WWOOOWOO,WOOOOWOO,WWOOOOOO,WOOOOOOO
1,ddelta,478,498,478-498,63,0.23097197538638037,0.23097197538638037,OWOOOWOO,OOOOOWOO,OWOOOOOO,OOOOOOOO
1,ddelta,478,501,478-501,0,-0.8682390632724286,0.8682390632724286,WWWWWWWW,WOWWWWWW,WWWWWWOW,WOWWWWOW
1,ddelta,478,501,478-501,1,-0.027458969208902922,0.027458969208902922,OWWWWWWW,OOWWWWWW,OWWWWWOW,OOWWWWOW
1,ddelta,478,501,478-501,2,-1.0967803170573747,1.0967803170573747,WWOWWWWW,WOOWWWWW,WWOWWWOW,WOOWWWOW
1,ddelta,478,501,478-501,3,2.4978290536531103,2.4978290536531103,OWOWWWWW,OOOWWWWW,OWOWWWOW,OOOWWWOW
1,ddelta,478,501,478-501,4,0.18554391220386968,0.18554391220386968,WWWOWWWW,WOWOWWWW,WWWOWWOW,WOWOWWOW
1,ddelta,478,501,478-501,5,-0.3356615892742573,0.3356615892742573,OWWOWWWW,OOWOWWWW,OWWOWWOW,OOWOWWOW
1,ddelta,478,501,478-501,6,1.3235940483052024,1.3235940483052024,WWOOWWWW,WOOOWWWW,WWOOWWOW,WOOOWWOW
1,ddelta,478,501,478-501,7,-1.1414793731785753,1.1414793731785753,OWOOWWWW,OOOOWWWW,OWOOWWOW,OOOOWWOW
1,ddelta,478,501,478-501,8,0.058045327404328884,0.058045327404328884,WWWWOWWW,WOWWOWWW,WWWWOWOW,WOWWOWOW
1,ddelta,478,501,478-501,9,-0.24836250798069748,0.24836250798069748,OWWWOWWW,OOWWOWWW,OWWWOWOW,OOWWOWOW
1,ddelta,478,501,478-501,10,0.23603262947583953,0.23603262947583953,WWOWOWWW,WOOWOWWW,WWOWOWOW,WOOWOWOW
1,ddelta,478,501,478-501,11,-1.8388652846975064,1.8388652846975064,OWOWOWWW,OOOWOWWW,OWOWOWOW,OOOWOWOW
1,ddelta,478,501,478-501,12,0.2723944551746582,0.2723944551746582,WWWOOWWW,WOWOOWWW,WWWOOWOW,WOWOOWOW
1,ddelta,478,501,478-501,13,-4.0269677138489675,4.0269677138489675,OWWOOWWW,OOWOOWWW,OWWOOWOW,OOWOOWOW
1,ddelta,478,501,478-501,14,1.7927572615264138,1.7927572615264138,WWOOOWWW,WOOOOWWW,WWOOOWOW,WOOOOWOW
1,ddelta,478,501,478-501,15,0.19499695315960808,0.19499695315960808,OWOOOWWW,OOOOOWWW,OWOOOWOW,OOOOOWOW
1,ddelta,478,501,478-501,16,0.14608481545120244,0.14608481545120244,WWWWWOWW,WOWWWOWW,WWWWWOOW,WOWWWOOW
1,ddelta,478,501,478-501,17,1.9180739939212383,1.9180739939212383,OWWWWOWW,OOWWWOWW,OWWWWOOW,OOWWWOOW
1,ddelta,478,501,478-501,18,-0.22675029833487015,0.22675029833487015,WWOWWOWW,WOOWWOWW,WWOWWOOW,WOOWWOOW
1,ddelta,478,501,478-501,19,0.7153800026797219,0.7153800026797219,OWOWWOWW,OOOWWOWW,OWOWWOOW,OOOWWOOW
1,ddelta,478,501,478-501,20,-1.7200277125979666,1.7200277125979666,WWWOWOWW,WOWOWOWW,WWWOWOOW,WOWOWOOW
1,ddelta,478,501,478-501,21,2.4192869692886703,2.4192869692886703,OWWOWOWW,OOWOWOWW,OWWOWOOW,OOWOWOOW
1,ddelta,478,501,478-501,22,2.254999337234514,2.254999337234514,WWOOWOWW,WOOOWOWW,WWOOWOOW,WOOOWOOW
1,ddelta,478,501,478-501,23,-0.1572097646764512,0.1572097646764512,OWOOWOWW,OOOOWOWW,OWOOWOOW,OOOOWOOW
1,ddelta,478,501,478-501,24,0.9828983845753471,0.9828983845753471,WWWWOOWW,WOWWOOWW,WWWWOOOW,WOWWOOOW
1,ddelta,478,501,478-501,25,-2.0342649368425616,2.0342649368425616,OWWWOOWW,OOWWOOWW,OWWWOOOW,OOWWOOOW
1,ddelta,478,501,478-501,26,2.031914391635357,2.031914391635357,WWOWOOWW,WOOWOOWW,WWOWOOOW,WOOWOOOW
1,ddelta,478,501,478-501,27,-1.5588227376933357,1.5588227376933357,OWOWOOWW,OOOWOOWW,OWOWOOOW,OOOWOOOW
1,ddelta,478,501,478-501,28,0.20721820029191917,0.20721820029191917,WWWOOOWW,WOWOOOWW,WWWOOOOW,WOWOOOOW
1,ddelta,478,501,478-501,29,-1.8344574673324003,1.8344574673324003,OWWOOOWW,OOWOOOWW,OWWOOOOW,OOWOOOOW
1,ddelta,478,501,478-501,30,4.208948864398588,4.208948864398588,WWOOOOWW,WOOOOOWW,WWOOOOOW,WOOOOOOW
1,ddelta,478,501,478-501,31,-0.4422307794628022,0.4422307794628022,OWOOOOWW,OOOOOOWW,OWOOOOOW,OOOOOOOW
1,ddelta,478,501,478-501,32,-1.6133505852876033,1.6133505852876033,WWWWWWWO,WOWWWWWO,WWWWWWOO,WOWWWWOO
1,ddelta,478,501,478-501,33,1.7753728948946508,1.7753728948946508,OWWWWWWO,OOWWWWWO,OWWWWWOO,OOWWWWOO
1,ddelta,478,501,478-501,34,1.7958029887340423,1.7958029887340423,WWOWWWWO,WOOWWWWO,WWOWWWOO,WOOWWWOO
1,ddelta,478,501,478-501,35,-1.458696899938042,1.458696899938042,OWOWWWWO,OOOWWWWO,OWOWWWOO,OOOWWWOO
1,ddelta,478,501,478-501,36,2.65705094421473,2.65705094421473,WWWOWWWO,WOWOWWWO,WWWOWWOO,WOWOWWOO
1,ddelta,478,501,478-501,37,-0.5830392907854733,0.5830392907854733,OWWOWWWO,OOWOWWWO,OWWOWWOO,OOWOWWOO
1,ddelta,478,501,478-501,38,-1.1522193990402454,1.1522193990402454,WWOOWWWO,WOOOWWWO,WWOOWWOO,WOOOWWOO
1,ddelta,478,501,478-501,39,0.2051056659608238,0.2051056659608238,OWOOWWWO,OOOOWWWO,OWOOWWOO,OOOOWWOO
1,ddelta,478,501,478-501,40,-1.246113896937107,1.246113896937107,WWWWOWWO,WOWWOWWO,WWWWOWOO,WOWWOWOO
1,ddelta,478,501,478-501,41,-0.054245734197305495,0.054245734197305495,OWWWOWWO,OOWWOWWO,OWWWOWOO,OOWWOWOO
1,ddelta,478,501,478-501,42,1.4500901531521544,1.4500901531521544,WWOWOWWO,WOOWOWWO,WWOWOWOO,WOOWOWOO
1,ddelta,478,501,478-501,43,3.163855474561022,3.163855474561022,OWOWOWWO,OOOWOWWO,OWOWOWOO,OOOWOWOO
1,ddelta,478,501,478-501,44,-2.543910820440145,2.543910820440145,WWWOOWWO,WOWOOWWO,WWWOOWOO,WOWOOWOO
1,ddelta,478,501,478-501,45,-3.3551639243642404,3.3551639243642404,OWWOOWWO,OOWOOWWO,OWWOOWOO,OOWOOWOO
1,ddelta,478,501,478-501,46,-3.615044634481317,3.615044634481317,WWOOOWWO,WOOOOWWO,WWOOOWOO,WOOOOWOO
1,ddelta,478,501,478-501,47,2.2268597006139976,2.2268597006139976,OWOOOWWO,OOOOOWWO,OWOOOWOO,OOOOOWOO
1,ddelta,478,501,478-501,48,-0.7475294552182878,0.7475294552182878,WWWWWOWO,WOWWWOWO,WWWWWOOO,WOWWWOOO
1,ddelta,478,501,478-501,49,0.336184495287922,0.336184495287922,OWWWWOWO,OOWWWOWO,OWWWWOOO,OOWWWOOO
1,ddelta,478,501,478-501,50,0.7298633112672077,0.7298633112672077,WWOWWOWO,WOOWWOWO,WWOWWOOO,WOOWWOOO
1,ddelta,478,501,478-501,51,-2.0946994880314334,2.0946994880314334,OWOWWOWO,OOOWWOWO,OWOWWOOO,OOOWWOOO
1,ddelta,478,501,478-501,52,-0.8765481302235822,0.8765481302235822,WWWOWOWO,WOWOWOWO,WWWOWOOO,WOWOWOOO
1,ddelta,478,501,478-501,53,-0.22562579385941617,0.22562579385941617,OWWOWOWO,OOWOWOWO,OWWOWOOO,OOWOWOOO
1,ddelta,478,501,478-501,54,2.692414418862376,2.692414418862376,WWOOWOWO,WOOOWOWO,WWOOWOOO,WOOOWOOO
1,ddelta,478,501,478-501,55,-2.9834897771927382,2.9834897771927382,OWOOWOWO,OOOOWOWO,OWOOWOOO,OOOOWOOO
1,ddelta,478,501,478-501,56,4.181383823851807,4.181383823851807,WWWWOOWO,WOWWOOWO,WWWWOOOO,WOWWOOOO
1,ddelta,478,501,478-501,57,-2.6210039405319137,2.6210039405319137,OWWWOOWO,OOWWOOWO,OWWWOOOO,OOWWOOOO
1,ddelta,478,501,478-501,58,0.8120065660325515,0.8120065660325515,WWOWOOWO,WOOWOOWO,WWOWOOOO,WOOWOOOO
1,ddelta,478,501,478-501,59,-5.299224704169745,5.299224704169745,OWOWOOWO,OOOWOOWO,OWOWOOOO,OOOWOOOO
1,ddelta,478,501,478-501,60,-0.8052937511849327,0.8052937511849327,WWWOOOWO,WOWOOOWO,WWWOOOOO,WOWOOOOO
1,ddelta,478,501,478-501,61,-1.939507160536149,1.939507160536149,OWWOOOWO,OOWOOOWO,OWWOOOOO,OOWOOOOO
1,ddelta,478,501,478-501,62,0.14483777782667429,0.14483777782667429,WWOOOOWO,WOOOOOWO,WWOOOOOO,WOOOOOOO
1,ddelta,478,501,478-501,63,-0.058314435477066384,0.058314435477066384,OWOOOOWO,OOOOOOWO,OWOOOOOO,OOOOOOOO
1,ddelta,478,505,478-505,0,-0.2856517306361653,0.2856517306361653,WWWWWWWW,WOWWWWWW,WWWWWWWO,WOWWWWWO
1,ddelta,478,505,478-505,1,-0.7640632547250886,0.7640632547250886,OWWWWWWW,OOWWWWWW,OWWWWWWO,OOWWWWWO
1,ddelta,478,505,478-505,2,-2.383990881148497,2.383990881148497,WWOWWWWW,WOOWWWWW,WWOWWWWO,WOOWWWWO
1,ddelta,478,505,478-505,3,4.4129395917310195,4.4129395917310195,OWOWWWWW,OOOWWWWW,OWOWWWWO,OOOWWWWO
1,ddelta,478,505,478-505,4,-4.963735128609652,4.963735128609652,WWWOWWWW,WOWOWWWW,WWWOWWWO,WOWOWWWO
1,ddelta,478,505,478-505,5,-0.5845261352732466,0.5845261352732466,OWWOWWWW,OOWOWWWW,OWWOWWWO,OOWOWWWO
1,ddelta,478,505,478-505,6,2.3097339786636595,2.3097339786636595,WWOOWWWW,WOOOWWWW,WWOOWWWO,WOOOWWWO
1,ddelta,478,505,478-505,7,-1.4877817216033595,1.4877817216033595,OWOOWWWW,OOOOWWWW,OWOOWWWO,OOOOWWWO
1,ddelta,478,505,478-505,8,2.563780520404798,2.563780520404798,WWWWOWWW,WOWWOWWW,WWWWOWWO,WOWWOWWO
1,ddelta,478,505,478-505,9,-1.0663286168846597,1.0663286168846597,OWWWOWWW,OOWWOWWW,OWWWOWWO,OOWWOWWO
1,ddelta,478,505,478-505,10,-1.922967121389771,1.922967121389771,WWOWOWWW,WOOWOWWW,WWOWOWWO,WOOWOWWO
1,ddelta,478,505,478-505,11,-3.1835492026608057,3.1835492026608057,OWOWOWWW,OOOWOWWW,OWOWOWWO,OOOWOWWO
1,ddelta,478,505,478-505,12,1.479171298830673,1.479171298830673,WWWOOWWW,WOWOOWWW,WWWOOWWO,WOWOOWWO
1,ddelta,478,505,478-505,13,0.9025782848391879,0.9025782848391879,OWWOOWWW,OOWOOWWW,OWWOOWWO,OOWOOWWO
1,ddelta,478,505,478-505,14,1.6802715971272244,1.6802715971272244,WWOOOWWW,WOOOOWWW,WWOOOWWO,WOOOOWWO
1,ddelta,478,505,478-505,15,-1.2288156224460591,1.2288156224460591,OWOOOWWW,OOOOOWWW,OWOOOWWO,OOOOOWWO
1,ddelta,478,505,478-505,16,0.2987614170436641,0.2987614170436641,WWWWWOWW,WOWWWOWW,WWWWWOWO,WOWWWOWO
1,ddelta,478,505,478-505,17,0.8234370545187448,0.8234370545187448,OWWWWOWW,OOWWWOWW,OWWWWOWO,OOWWWOWO
1,ddelta,478,505,478-505,18,-2.492405541539774,2.492405541539774,WWOWWOWW,WOOWWOWW,WWOWWOWO,WOOWWOWO
1,ddelta,478,505,478-505,19,0.6475109808052917,0.6475109808052917,OWOWWOWW,OOOWWOWW,OWOWWOWO,OOOWWOWO
1,ddelta,478,505,478-505,20,-1.7307720949361491,1.7307720949361491,WWWOWOWW,WOWOWOWW,WWWOWOWO,WOWOWOWO
1,ddelta,478,505,478-505,21,1.0238081397223644,1.0238081397223644,OWWOWOWW,OOWOWOWW,OWWOWOWO,OOWOWOWO
1,ddelta,478,505,478-505,22,0.7173958333914625,0.7173958333914625,WWOOWOWW,WOOOWOWW,WWOOWOWO,WOOOWOWO
1,ddelta,478,505,478-505,23,2.5298481979781196,2.5298481979781196,OWOOWOWW,OOOOWOWW,OWOOWOWO,OOOOWOWO
1,ddelta,478,505,478-505,24,0.34117250085474693,0.34117250085474693,WWWWOOWW,WOWWOOWW,WWWWOOWO,WOWWOOWO
1,ddelta,478,505,478-505,25,0.35601349621064093,0.35601349621064093,OWWWOOWW,OOWWOOWW,OWWWOOWO,OOWWOOWO
1,ddelta,478,505,478-505,26,2.980319780206456,2.980319780206456,WWOWOOWW,WOOWOOWW,WWOWOOWO,WOOWOOWO
1,ddelta,478,505,478-505,27,-1.068935109511588,1.068935109511588,OWOWOOWW,OOOWOOWW,OWOWOOWO,OOOWOOWO
1,ddelta,478,505,478-505,28,1.2155099732060188,1.2155099732060188,WWWOOOWW,WOWOOOWW,WWWOOOWO,WOWOOOWO
1,ddelta,478,505,478-505,29,-0.772461195753603,0.772461195753603,OWWOOOWW,OOWOOOWW,OWWOOOWO,OOWOOOWO
1,ddelta,478,505,478-505,30,4.208221943357575,4.208221943357575,WWOOOOWW,WOOOOOWW,WWOOOOWO,WOOOOOWO
1,ddelta,478,505,478-505,31,0.15362860282557556,0.15362860282557556,OWOOOOWW,OOOOOOWW,OWOOOOWO,OOOOOOWO
1,ddelta,478,505,478-505,32,-1.0307632526513402,1.0307632526513402,WWWWWWOW,WOWWWWOW,WWWWWWOO,WOWWWWOO
1,ddelta,478,505,478-505,33,1.0387686093784652,1.0387686093784652,OWWWWWOW,OOWWWWOW,OWWWWWOO,OOWWWWOO
1,ddelta,478,505,478-505,34,0.5085924246429203,0.5085924246429203,WWOWWWOW,WOOWWWOW,WWOWWWOO,WOOWWWOO
1,ddelta,478,505,478-505,35,0.45641363813986713,0.45641363813986713,OWOWWWOW,OOOWWWOW,OWOWWWOO,OOOWWWOO
1,ddelta,478,505,478-505,36,-2.49222809659879,2.49222809659879,WWWOWWOW,WOWOWWOW,WWWOWWOO,WOWOWWOO
1,ddelta,478,505,478-505,37,-0.8319038367844627,0.8319038367844627,OWWOWWOW,OOWOWWOW,OWWOWWOO,OOWOWWOO
1,ddelta,478,505,478-505,38,-0.16607946868178866,0.16607946868178866,WWOOWWOW,WOOOWWOW,WWOOWWOO,WOOOWWOO
1,ddelta,478,505,478-505,39,-0.14119668246396017,0.14119668246396017,OWOOWWOW,OOOOWWOW,OWOOWWOO,OOOOWWOO
1,ddelta,478,505,478-505,40,1.2596212960633617,1.2596212960633617,WWWWOWOW,WOWWOWOW,WWWWOWOO,WOWWOWOO
1,ddelta,478,505,478-505,41,-0.8722118431012678,0.8722118431012678,OWWWOWOW,OOWWOWOW,OWWWOWOO,OOWWOWOO
1,ddelta,478,505,478-505,42,-0.7089095977134554,0.7089095977134554,WWOWOWOW,WOOWOWOW,WWOWOWOO,WOOWOWOO
1,ddelta,478,505,478-505,43,1.8191715565977225,1.8191715565977225,OWOWOWOW,OOOWOWOW,OWOWOWOO,OOOWOWOO
1,ddelta,478,505,478-505,44,-1.3371339767841302,1.3371339767841302,WWWOOWOW,WOWOOWOW,WWWOOWOO,WOWOOWOO
1,ddelta,478,505,478-505,45,1.5743820743239145,1.5743820743239145,OWWOOWOW,OOWOOWOW,OWWOOWOO,OOWOOWOO
1,ddelta,478,505,478-505,46,-3.7275302988805064,3.7275302988805064,WWOOOWOW,WOOOOWOW,WWOOOWOO,WOOOOWOO
1,ddelta,478,505,478-505,47,0.8030471250083302,0.8030471250083302,OWOOOWOW,OOOOOWOW,OWOOOWOO,OOOOOWOO
1,ddelta,478,505,478-505,48,-0.5948528536258261,0.5948528536258261,WWWWWOOW,WOWWWOOW,WWWWWOOO,WOWWWOOO
1,ddelta,478,505,478-505,49,-0.7584524441145716,0.7584524441145716,OWWWWOOW,OOWWWOOW,OWWWWOOO,OOWWWOOO
1,ddelta,478,505,478-505,50,-1.535791931937696,1.535791931937696,WWOWWOOW,WOOWWOOW,WWOWWOOO,WOOWWOOO
1,ddelta,478,505,478-505,51,-2.1625685099058636,2.1625685099058636,OWOWWOOW,OOOWWOOW,OWOWWOOO,OOOWWOOO
1,ddelta,478,505,478-505,52,-0.887292512561765,0.887292512561765,WWWOWOOW,WOWOWOOW,WWWOWOOO,WOWOWOOO
1,ddelta,478,505,478-505,53,-1.621104623425723,1.621104623425723,OWWOWOOW,OOWOWOOW,OWWOWOOO,OOWOWOOO
1,ddelta,478,505,478-505,54,1.154810915019325,1.154810915019325,WWOOWOOW,WOOOWOOW,WWOOWOOO,WOOOWOOO
1,ddelta,478,505,478-505,55,-0.2964318145381678,0.2964318145381678,OWOOWOOW,OOOOWOOW,OWOOWOOO,OOOOWOOO
1,ddelta,478,505,478-505,56,3.5396579401312067,3.5396579401312067,WWWWOOOW,WOWWOOOW,WWWWOOOO,WOWWOOOO
1,ddelta,478,505,478-505,57,-0.23072550747871123,0.23072550747871123,OWWWOOOW,OOWWOOOW,OWWWOOOO,OOWWOOOO
1,ddelta,478,505,478-505,58,1.7604119546036507,1.7604119546036507,WWOWOOOW,WOOWOOOW,WWOWOOOO,WOOWOOOO
1,ddelta,478,505,478-505,59,-4.809337075987998,4.809337075987998,OWOWOOOW,OOOWOOOW,OWOWOOOO,OOOWOOOO
1,ddelta,478,505,478-505,60,0.20299802172916626,0.20299802172916626,WWWOOOOW,WOWOOOOW,WWWOOOOO,WOWOOOOO
1,ddelta,478,505,478-505,61,-0.8775108889573517,0.8775108889573517,OWWOOOOW,OOWOOOOW,OWWOOOOO,OOWOOOOO
1,ddelta,478,505,478-505,62,0.14411085678566238,0.14411085678566238,WWOOOOOW,WOOOOOOW,WWOOOOOO,WOOOOOOO
1,ddelta,478,505,478-505,63,0.5375449468113113,0.5375449468113113,OWOOOOOW,OOOOOOOW,OWOOOOOO,OOOOOOOO
1,ddelta,484,493,484-493,0,2.7742560636822735,2.7742560636822735,WWWWWWWW,WWOWWWWW,WWWOWWWW,WWOOWWWW
1,ddelta,484,493,484-493,1,-0.03485190005683597,0.03485190005683597,OWWWWWWW,OWOWWWWW,OWWOWWWW,OWOOWWWW
1,ddelta,484,493,484-493,2,0.8133733127384735,0.8133733127384735,WOWWWWWW,WOOWWWWW,WOWOWWWW,WOOOWWWW
1,ddelta,484,493,484-493,3,2.0791094311661844,2.0791094311661844,OOWWWWWW,OOOWWWWW,OOWOWWWW,OOOOWWWW
1,ddelta,484,493,484-493,4,-0.39876325110597044,0.39876325110597044,WWWWOWWW,WWOWOWWW,WWWOOWWW,WWOOOWWW
1,ddelta,484,493,484-493,5,4.520681699714443,4.520681699714443,OWWWOWWW,OWOWOWWW,OWWOOWWW,OWOOOWWW
1,ddelta,484,493,484-493,6,-1.7192459112714105,1.7192459112714105,WOWWOWWW,WOOWOWWW,WOWOOWWW,WOOOOWWW
1,ddelta,484,493,484-493,7,0.3625794336371836,0.3625794336371836,OOWWOWWW,OOOWOWWW,OOWOOWWW,OOOOOWWW
1,ddelta,484,493,484-493,8,1.992555695373276,1.992555695373276,WWWWWOWW,WWOWWOWW,WWWOWOWW,WWOOWOWW
1,ddelta,484,493,484-493,9,5.392971883490352,5.392971883490352,OWWWWOWW,OWOWWOWW,OWWOWOWW,OWOOWOWW
1,ddelta,484,493,484-493,10,-1.3436290239244948,1.3436290239244948,WOWWWOWW,WOOWWOWW,WOWOWOWW,WOOOWOWW
1,ddelta,484,493,484-493,11,2.526429799556402,2.526429799556402,OOWWWOWW,OOOWWOWW,OOWOWOWW,OOOOWOWW
1,ddelta,484,493,484-493,12,2.1729204173414685,2.1729204173414685,WWWWOOWW,WWOWOOWW,WWWOOOWW,WWOOOOWW
1,ddelta,484,493,484-493,13,1.4786895262880875,1.4786895262880875,OWWWOOWW,OWOWOOWW,OWWOOOWW,OWOOOOWW
1,ddelta,484,493,484-493,14,1.728874805266538,1.728874805266538,WOWWOOWW,WOOWOOWW,WOWOOOWW,WOOOOOWW
1,ddelta,484,493,484-493,15,-2.364187848928861,2.364187848928861,OOWWOOWW,OOOWOOWW,OOWOOOWW,OOOOOOWW
1,ddelta,484,493,484-493,16,1.971926966686622,1.971926966686622,WWWWWWOW,WWOWWWOW,WWWOWWOW,WWOOWWOW
1,ddelta,484,493,484-493,17,1.1813482265089115,1.1813482265089115,OWWWWWOW,OWOWWWOW,OWWOWWOW,OWOOWWOW
1,ddelta,484,493,484-493,18,1.377635605629101,1.377635605629101,WOWWWWOW,WOOWWWOW,WOWOWWOW,WOOOWWOW
1,ddelta,484,493,484-493,19,-0.03579624903439882,0.03579624903439882,OOWWWWOW,OOOWWWOW,OOWOWWOW,OOOOWWOW
1,ddelta,484,493,484-493,20,-0.28170155209027026,0.28170155209027026,WWWWOWOW,WWOWOWOW,WWWOOWOW,WWOOOWOW
1,ddelta,484,493,484-493,21,-0.17986346184976426,0.17986346184976426,OWWWOWOW,OWOWOWOW,OWWOOWOW,OWOOOWOW
1,ddelta,484,493,484-493,22,-0.25980870797546474,0.25980870797546474,WOWWOWOW,WOOWOWOW,WOWOOWOW,WOOOOWOW
1,ddelta,484,493,484-493,23,1.474501715798362,1.474501715798362,OOWWOWOW,OOOWOWOW,OOWOOWOW,OOOOOWOW
1,ddelta,484,493,484-493,24,0.5228731685941178,0.5228731685941178,WWWWWOOW,WWOWWOOW,WWWOWOOW,WWOOWOOW
1,ddelta,484,493,484-493,25,1.3875503387802386,1.3875503387802386,OWWWWOOW,OWOWWOOW,OWWOWOOW,OWOOWOOW
1,ddelta,484,493,484-493,26,1.5345506129149,1.5345506129149,WOWWWOOW,WOOWWOOW,WOWOWOOW,WOOOWOOW
1,ddelta,484,493,484-493,27,-2.852794487877317,2.852794487877317,OOWWWOOW,OOOWWOOW,OOWOWOOW,OOOOWOOW
1,ddelta,484,493,484-493,28,-0.9777493692646979,0.9777493692646979,WWWWOOOW,WWOWOOOW,WWWOOOOW,WWOOOOOW
1,ddelta,484,493,484-493,29,0.7108041013955058,0.7108041013955058,OWWWOOOW,OWOWOOOW,OWWOOOOW,OWOOOOOW
1,ddelta,484,493,484-493,30,1.530919675707029,1.530919675707029,WOWWOOOW,WOOWOOOW,WOWOOOOW,WOOOOOOW
1,ddelta,484,493,484-493,31,-2.2152887851010714,2.2152887851010714,OOWWOOOW,OOOWOOOW,OOWOOOOW,OOOOOOOW
1,ddelta,484,493,484-493,32,-3.1360128874182367,3.1360128874182367,WWWWWWWO,WWOWWWWO,WWWOWWWO,WWOOWWWO
1,ddelta,484,493,484-493,33,2.8818981385875286,2.8818981385875286,OWWWWWWO,OWOWWWWO,OWWOWWWO,OWOOWWWO
1,ddelta,484,493,484-493,34,4.274912619423605,4.274912619423605,WOWWWWWO,WOOWWWWO,WOWOWWWO,WOOOWWWO
1,ddelta,484,493,484-493,35,-1.084398962975671,1.084398962975671,OOWWWWWO,OOOWWWWO,OOWOWWWO,OOOOWWWO
1,ddelta,484,493,484-493,36,-4.347616792410452,4.347616792410452,WWWWOWWO,WWOWOWWO,WWWOOWWO,WWOOOWWO
1,ddelta,484,493,484-493,37,5.487973126463444,5.487973126463444,OWWWOWWO,OWOWOWWO,OWWOOWWO,OWOOOWWO
1,ddelta,484,493,484-493,38,-0.9802515124847724,0.9802515124847724,WOWWOWWO,WOOWOWWO,WOWOOWWO,WOOOOWWO
1,ddelta,484,493,484-493,39,1.3156975388770848,1.3156975388770848,OOWWOWWO,OOOWOWWO,OOWOOWWO,OOOOOWWO
1,ddelta,484,493,484-493,40,0.3355977594048236,0.3355977594048236,WWWWWOWO,WWOWWOWO,WWWOWOWO,WWOOWOWO
1,ddelta,484,493,484-493,41,-0.2100175378749532,0.2100175378749532,OWWWWOWO,OWOWWOWO,OWWOWOWO,OWOOWOWO
1,ddelta,484,493,484-493,42,2.2387479270181028,2.2387479270181028,WOWWWOWO,WOOWWOWO,WOWOWOWO,WOOOWOWO
1,ddelta,484,493,484-493,43,-1.3945934898396954,1.3945934898396954,OOWWWOWO,OOOWWOWO,OOWOWOWO,OOOOWOWO
1,ddelta,484,493,484-493,44,2.003490135756033,2.003490135756033,WWWWOOWO,WWOWOOWO,WWWOOOWO,WWOOOOWO
1,ddelta,484,493,484-493,45,1.4930771552648008,1.4930771552648008,OWWWOOWO,OWOWOOWO,OWWOOOWO,OWOOOOWO
1,ddelta,484,493,484-493,46,1.9130092144809492,1.9130092144809492,WOWWOOWO,WOOWOOWO,WOWOOOWO,WOOOOOWO
1,ddelta,484,493,484-493,47,0.0012381843492590416,0.0012381843492590416,OOWWOOWO,OOOWOOWO,OOWOOOWO,OOOOOOWO
1,ddelta,484,493,484-493,48,0.588746933419936,0.588746933419936,WWWWWWOO,WWOWWWOO,WWWOWWOO,WWOOWWOO
1,ddelta,484,493,484-493,49,0.9709433117035412,0.9709433117035412,OWWWWWOO,OWOWWWOO,OWWOWWOO,OWOOWWOO
1,ddelta,484,493,484-493,50,0.7812485229851566,0.7812485229851566,WOWWWWOO,WOOWWWOO,WOWOWWOO,WOOOWWOO
1,ddelta,484,493,484-493,51,1.0268609617193316,1.0268609617193316,OOWWWWOO,OOOWWWOO,OOWOWWOO,OOOOWWOO
1,ddelta,484,493,484-493,52,2.6571971001115062,2.6571971001115062,WWWWOWOO,WWOWOWOO,WWWOOWOO,WWOOOWOO
1,ddelta,484,493,484-493,53,0.9955445205890512,0.9955445205890512,OWWWOWOO,OWOWOWOO,OWWOOWOO,OWOOOWOO
1,ddelta,484,493,484-493,54,2.2572245159067528,2.2572245159067528,WOWWOWOO,WOOWOWOO,WOWOOWOO,WOOOOWOO
1,ddelta,484,493,484-493,55,-0.8128086507773971,0.8128086507773971,OOWWOWOO,OOOWOWOO,OOWOOWOO,OOOOOWOO
1,ddelta,484,493,484-493,56,-0.9370697347752391,0.9370697347752391,WWWWWOOO,WWOWWOOO,WWWOWOOO,WWOOWOOO
1,ddelta,484,493,484-493,57,1.5055158974223235,1.5055158974223235,OWWWWOOO,OWOWWOOO,OWWOWOOO,OWOOWOOO
1,ddelta,484,493,484-493,58,3.0576502154385032,3.0576502154385032,WOWWWOOO,WOOWWOOO,WOWOWOOO,WOOOWOOO
1,ddelta,484,493,484-493,59,-0.0060400545563848995,0.0060400545563848995,OOWWWOOO,OOOWWOOO,OOWOWOOO,OOOOWOOO
1,ddelta,484,493,484-493,60,-2.785189613940425,2.785189613940425,WWWWOOOO,WWOWOOOO,WWWOOOOO,WWOOOOOO
1,ddelta,484,493,484-493,61,1.5800710784138299,1.5800710784138299,OWWWOOOO,OWOWOOOO,OWWOOOOO,OWOOOOOO
1,ddelta,484,493,484-493,62,1.4438382516153538,1.4438382516153538,WOWWOOOO,WOOWOOOO,WOWOOOOO,WOOOOOOO
1,ddelta,484,493,484-493,63,4.647645596195202,4.647645596195202,OOWWOOOO,OOOWOOOO,OOWOOOOO,OOOOOOOO
1,ddelta,484,496,484-496,0,2.362912913108506,2.362912913108506,WWWWWWWW,WWOWWWWW,WWWWOWWW,WWOWOWWW
1,ddelta,484,496,484-496,1,-1.275897530599215,1.275897530599215,OWWWWWWW,OWOWWWWW,OWWWOWWW,OWOWOWWW
1,ddelta,484,496,484-496,2,3.12933528699429,3.12933528699429,WOWWWWWW,WOOWWWWW,WOWWOWWW,WOOWOWWW
1,ddelta,484,496,484-496,3,1.0779211048166066,1.0779211048166066,OOWWWWWW,OOOWWWWW,OOWWOWWW,OOOWOWWW
1,ddelta,484,496,484-496,4,-0.8101064016797375,0.8101064016797375,WWWOWWWW,WWOOWWWW,WWWOOWWW,WWOOOWWW
1,ddelta,484,496,484-496,5,3.279636069172063,3.279636069172063,OWWOWWWW,OWOOWWWW,OWWOOWWW,OWOOOWWW
1,ddelta,484,496,484-496,6,0.5967160629844064,0.5967160629844064,WOWOWWWW,WOOOWWWW,WOWOOWWW,WOOOOWWW
1,ddelta,484,496,484-496,7,-0.6386088927123945,0.6386088927123945,OOWOWWWW,OOOOWWWW,OOWOOWWW,OOOOOWWW
1,ddelta,484,496,484-496,8,0.6697531215657408,0.6697531215657408,WWWWWOWW,WWOWWOWW,WWWWOOWW,WWOWOOWW
1,ddelta,484,496,484-496,9,2.5945382153674132,2.5945382153674132,OWWWWOWW,OWOWWOWW,OWWWOOWW,OWOWOOWW
1,ddelta,484,496,484-496,10,-2.74363326203541,2.74363326203541,WOWWWOWW,WOOWWOWW,WOWWOOWW,WOOWOOWW
1,ddelta,484,496,484-496,11,0.6441201130958101,0.6441201130958101,OOWWWOWW,OOOWWOWW,OOWWOOWW,OOOWOOWW
1,ddelta,484,496,484-496,12,0.8501178435339334,0.8501178435339334,WWWOWOWW,WWOOWOWW,WWWOOOWW,WWOOOOWW
1,ddelta,484,496,484-496,13,-1.3197441418348512,1.3197441418348512,OWWOWOWW,OWOOWOWW,OWWOOOWW,OWOOOOWW
1,ddelta,484,496,484-496,14,0.32887056715562313,0.32887056715562313,WOWOWOWW,WOOOWOWW,WOWOOOWW,WOOOOOWW
1,ddelta,484,496,484-496,15,-4.246497535389453,4.246497535389453,OOWOWOWW,OOOOWOWW,OOWOOOWW,OOOOOOWW
1,ddelta,484,496,484-496,16,0.6680437663863225,0.6680437663863225,WWWWWWOW,WWOWWWOW,WWWWOWOW,WWOWOWOW
1,ddelta,484,496,484-496,17,2.0857079255081747,2.0857079255081747,OWWWWWOW,OWOWWWOW,OWWWOWOW,OWOWOWOW
1,ddelta,484,496,484-496,18,1.840994696128563,1.840994696128563,WOWWWWOW,WOOWWWOW,WOWWOWOW,WOOWOWOW
1,ddelta,484,496,484-496,19,0.32373576134517434,0.32373576134517434,OOWWWWOW,OOOWWWOW,OOWWOWOW,OOOWOWOW
1,ddelta,484,496,484-496,20,-1.58558475239057,1.58558475239057,WWWOWWOW,WWOOWWOW,WWWOOWOW,WWOOOWOW
1,ddelta,484,496,484-496,21,0.7244962371494992,0.7244962371494992,OWWOWWOW,OWOOWWOW,OWWOOWOW,OWOOOWOW
1,ddelta,484,496,484-496,22,0.203550382523997,0.203550382523997,WOWOWWOW,WOOOWWOW,WOWOOWOW,WOOOOWOW
1,ddelta,484,496,484-496,23,1.834033726177935,1.834033726177935,OOWOWWOW,OOOOWWOW,OOWOOWOW,OOOOOWOW
1,ddelta,484,496,484-496,24,2.652982209500874,2.652982209500874,WWWWWOOW,WWOWWOOW,WWWWOOOW,WWOWOOOW
1,ddelta,484,496,484-496,25,0.31629816874759387,0.31629816874759387,OWWWWOOW,OWOWWOOW,OWWWOOOW,OWOWOOOW
1,ddelta,484,496,484-496,26,0.6614469467458063,0.6614469467458063,WOWWWOOW,WOOWWOOW,WOWWOOOW,WOOWOOOW
1,ddelta,484,496,484-496,27,0.04401625686673333,0.04401625686673333,OOWWWOOW,OOOWWOOW,OOWWOOOW,OOOWOOOW
1,ddelta,484,496,484-496,28,1.1523596716420585,1.1523596716420585,WWWOWOOW,WWOOWOOW,WWWOOOOW,WWOOOOOW
1,ddelta,484,496,484-496,29,-0.36044806863713874,0.36044806863713874,OWWOWOOW,OWOOWOOW,OWWOOOOW,OWOOOOOW
1,ddelta,484,496,484-496,30,0.6578160095379351,0.6578160095379351,WOWOWOOW,WOOOWOOW,WOWOOOOW,WOOOOOOW
1,ddelta,484,496,484-496,31,0.6815219596429791,0.6815219596429791,OOWOWOOW,OOOOWOOW,OOWOOOOW,OOOOOOOW
1,ddelta,484,496,484-496,32,2.022336756974854,2.022336756974854,WWWWWWWO,WWOWWWWO,WWWWOWWO,WWOWOWWO
1,ddelta,484,496,484-496,33,1.7021257484660692,1.7021257484660692,OWWWWWWO,OWOWWWWO,OWWWOWWO,OWOWOWWO
1,ddelta,484,496,484-496,34,0.4003506395784013,0.4003506395784013,WOWWWWWO,WOOWWWWO,WOWWOWWO,WOOWOWWO
1,ddelta,484,496,484-496,35,-3.2382790483503623,3.2382790483503623,OOWWWWWO,OOOWWWWO,OOWWOWWO,OOOWOWWO
1,ddelta,484,496,484-496,36,0.8107328519826384,0.8107328519826384,WWWOWWWO,WWOOWWWO,WWWOOWWO,WWOOOWWO
1,ddelta,484,496,484-496,37,4.308200736341985,4.308200736341985,OWWOWWWO,OWOOWWWO,OWWOOWWO,OWOOOWWO
1,ddelta,484,496,484-496,38,-4.854813492329976,4.854813492329976,WOWOWWWO,WOOOWWWO,WOWOOWWO,WOOOOWWO
1,ddelta,484,496,484-496,39,-0.8381825464976067,0.8381825464976067,OOWOWWWO,OOOOWWWO,OOWOOWWO,OOOOOWWO
1,ddelta,484,496,484-496,40,-0.3195523785352653,0.3195523785352653,WWWWWOWO,WWOWWOWO,WWWWOOWO,WWOWOOWO
1,ddelta,484,496,484-496,41,0.603731974808275,0.603731974808275,OWWWWOWO,OWOWWOWO,OWWWOOWO,OWOWOOWO
1,ddelta,484,496,484-496,42,1.6973754757987316,1.6973754757987316,WOWWWOWO,WOOWWOWO,WOWWOOWO,WOOWOOWO
1,ddelta,484,496,484-496,43,-2.595708659472104,2.595708659472104,OOWWWOWO,OOOWWOWO,OOWWOOWO,OOOWOOWO
1,ddelta,484,496,484-496,44,1.3483399978159438,1.3483399978159438,WWWOWOWO,WWOOWOWO,WWWOOOWO,WWOOOOWO
1,ddelta,484,496,484-496,45,2.306826667948029,2.306826667948029,OWWOWOWO,OWOOWOWO,OWWOOOWO,OWOOOOWO
1,ddelta,484,496,484-496,46,1.3716367632615785,1.3716367632615785,WOWOWOWO,WOOOWOWO,WOWOOOWO,WOOOOOWO
1,ddelta,484,496,484-496,47,-1.1998769852831497,1.1998769852831497,OOWOWOWO,OOOOWOWO,OOWOOOWO,OOOOOOWO
1,ddelta,484,496,484-496,48,0.9188916859949148,0.9188916859949148,WWWWWWOO,WWOWWWOO,WWWWOWOO,WWOWOWOO
1,ddelta,484,496,484-496,49,-0.21900899508599997,0.21900899508599997,OWWWWWOO,OWOWWWOO,OWWWOWOO,OWOWOWOO
1,ddelta,484,496,484-496,50,-1.4160439553339224,1.4160439553339224,WOWWWWOO,WOOWWWOO,WOWWOWOO,WOOWOWOO
1,ddelta,484,496,484-496,51,1.2927572116885875,1.2927572116885875,OOWWWWOO,OOOWWWOO,OOWWOWOO,OOOWOWOO
1,ddelta,484,496,484-496,52,2.9873418526864857,2.9873418526864857,WWWOWWOO,WWOOWWOO,WWWOOWOO,WWOOOWOO
1,ddelta,484,496,484-496,53,-0.19440778620049037,0.19440778620049037,OWWOWWOO,OWOOWWOO,OWWOOWOO,OWOOOWOO
1,ddelta,484,496,484-496,54,0.05993203758767407,0.05993203758767407,WOWOWWOO,WOOOWWOO,WOWOOWOO,WOOOOWOO
1,ddelta,484,496,484-496,55,-0.5469124008081412,0.5469124008081412,OOWOWWOO,OOOOWWOO,OOWOOWOO,OOOOOWOO
1,ddelta,484,496,484-496,56,2.647506712386432,2.647506712386432,WWWWWOOO,WWOWWOOO,WWWWOOOO,WWOWOOOO
1,ddelta,484,496,484-496,57,-1.7511152789052238,1.7511152789052238,OWWWWOOO,OWOWWOOO,OWWWOOOO,OWOWOOOO
1,ddelta,484,496,484-496,58,-0.18233545758432168,0.18233545758432168,WOWWWOOO,WOOWWOOO,WOWWOOOO,WOOWOOOO
1,ddelta,484,496,484-496,59,-5.197892693504079,5.197892693504079,OOWWWOOO,OOOWWOOO,OOWWOOOO,OOOWOOOO
1,ddelta,484,496,484-496,60,0.7993868332212464,0.7993868332212464,WWWOWOOO,WWOOWOOO,WWWOOOOO,WWOOOOOO
1,ddelta,484,496,484-496,61,-1.6765600979137176,1.6765600979137176,OWWOWOOO,OWOOWOOO,OWWOOOOO,OWOOOOOO
1,ddelta,484,496,484-496,62,-1.7961474214074713,1.7961474214074713,WOWOWOOO,WOOOWOOO,WOWOOOOO,WOOOOOOO
1,ddelta,484,496,484-496,63,-0.5442070427524917,0.5442070427524917,OOWOWOOO,OOOOWOOO,OOWOOOOO,OOOOOOOO
1,ddelta,484,498,484-498,0,0.3744539192667154,0.3744539192667154,WWWWWWWW,WWOWWWWW,WWWWWOWW,WWOWWOWW
1,ddelta,484,498,484-498,1,-4.1890125125691835,4.1890125125691835,OWWWWWWW,OWOWWWWW,OWWWWOWW,OWOWWOWW
1,ddelta,484,498,484-498,2,1.523780604372189,1.523780604372189,WOWWWWWW,WOOWWWWW,WOWWWOWW,WOOWWOWW
1,ddelta,484,498,484-498,3,1.1126845452528973,1.1126845452528973,OOWWWWWW,OOOWWWWW,OOWWWOWW,OOOWWOWW
1,ddelta,484,498,484-498,4,-0.407246449042282,0.407246449042282,WWWOWWWW,WWOOWWWW,WWWOWOWW,WWOOWOWW
1,ddelta,484,498,484-498,5,1.2388112709780046,1.2388112709780046,OWWOWWWW,OWOOWWWW,OWWOWOWW,OWOOWOWW
1,ddelta,484,498,484-498,6,-0.6332217322907792,0.6332217322907792,WOWOWWWW,WOOOWWWW,WOWOWOWW,WOOOWOWW
1,ddelta,484,498,484-498,7,1.5600049136431144,1.5600049136431144,OOWOWWWW,OOOOWWWW,OOWOWOWW,OOOOWOWW
1,ddelta,484,498,484-498,8,-1.3187058722760496,1.3187058722760496,WWWWOWWW,WWOWOWWW,WWWWOOWW,WWOWOOWW
1,ddelta,484,498,484-498,9,-0.3185767666025552,0.3185767666025552,OWWWOWWW,OWOWOWWW,OWWWOOWW,OWOWOOWW
1,ddelta,484,498,484-498,10,-4.34918794465751,4.34918794465751,WOWWOWWW,WOOWOWWW,WOWWOOWW,WOOWOOWW
1,ddelta,484,498,484-498,11,0.6788835535321008,0.6788835535321008,OOWWOWWW,OOOWOWWW,OOWWOOWW,OOOWOOWW
1,ddelta,484,498,484-498,12,1.2529777961713888,1.2529777961713888,WWWOOWWW,WWOOOWWW,WWWOOOWW,WWOOOOWW
1,ddelta,484,498,484-498,13,-3.3605689400289096,3.3605689400289096,OWWOOWWW,OWOOOWWW,OWWOOOWW,OWOOOOWW
1,ddelta,484,498,484-498,14,-0.9010672281195622,0.9010672281195622,WOWOOWWW,WOOOOWWW,WOWOOOWW,WOOOOOWW
1,ddelta,484,498,484-498,15,-2.047883729033944,2.047883729033944,OOWOOWWW,OOOOOWWW,OOWOOOWW,OOOOOOWW
1,ddelta,484,498,484-498,16,-0.3670775997392848,0.3670775997392848,WWWWWWOW,WWOWWWOW,WWWWWOOW,WWOWWOOW
1,ddelta,484,498,484-498,17,0.6781960544067356,0.6781960544067356,OWWWWWOW,OWOWWWOW,OWWWWOOW,OWOWWOOW
1,ddelta,484,498,484-498,18,0.6379552253650624,0.6379552253650624,WOWWWWOW,WOOWWWOW,WOWWWOOW,WOOWWOOW
1,ddelta,484,498,484-498,19,2.251911098125287,2.251911098125287,OOWWWWOW,OOOWWWOW,OOWWWOOW,OOOWWOOW
1,ddelta,484,498,484-498,20,-1.816131397831789,1.816131397831789,WWWOWWOW,WWOOWWOW,WWWOWOOW,WWOOWOOW
1,ddelta,484,498,484-498,21,0.8843981666780626,0.8843981666780626,OWWOWWOW,OWOOWWOW,OWWOWOOW,OWOOWOOW
1,ddelta,484,498,484-498,22,0.7948702326508614,0.7948702326508614,WOWOWWOW,WOOOWWOW,WOWOWOOW,WOOOWOOW
1,ddelta,484,498,484-498,23,-0.5650871407176313,0.5650871407176313,OOWOWWOW,OOOOWWOW,OOWOWOOW,OOOOWOOW
1,ddelta,484,498,484-498,24,1.6178608433752668,1.6178608433752668,WWWWOWOW,WWOWOWOW,WWWWOOOW,WWOWOOOW
1,ddelta,484,498,484-498,25,-1.0912137023538453,1.0912137023538453,OWWWOWOW,OWOWOWOW,OWWWOOOW,OWOWOOOW
1,ddelta,484,498,484-498,26,-0.5415925240176942,0.5415925240176942,WOWWOWOW,WOOWOWOW,WOWWOOOW,WOOWOOOW
1,ddelta,484,498,484-498,27,1.9721915936468457,1.9721915936468457,OOWWOWOW,OOOWOWOW,OOWWOOOW,OOOWOOOW
1,ddelta,484,498,484-498,28,0.9218130262008394,0.9218130262008394,WWWOOWOW,WWOOOWOW,WWWOOOOW,WWOOOOOW
1,ddelta,484,498,484-498,29,-0.20054613910857522,0.20054613910857522,OWWOOWOW,OWOOOWOW,OWWOOOOW,OWOOOOOW
1,ddelta,484,498,484-498,30,1.2491358596647992,1.2491358596647992,WOWOOWOW,WOOOOWOW,WOWOOOOW,WOOOOOOW
1,ddelta,484,498,484-498,31,-1.7175989072525875,1.7175989072525875,OOWOOWOW,OOOOOWOW,OOWOOOOW,OOOOOOOW
1,ddelta,484,498,484-498,32,-0.8317420949757424,0.8317420949757424,WWWWWWWO,WWOWWWWO,WWWWWOWO,WWOWWOWO
1,ddelta,484,498,484-498,33,-0.37284687209470935,0.37284687209470935,OWWWWWWO,OWOWWWWO,OWWWWOWO,OWOWWOWO
1,ddelta,484,498,484-498,34,-0.3752432179413751,0.3752432179413751,WOWWWWWO,WOOWWWWO,WOWWWOWO,WOOWWOWO
1,ddelta,484,498,484-498,35,-0.42407873444218935,0.42407873444218935,OOWWWWWO,OOOWWWWO,OOWWWOWO,OOOWWOWO
1,ddelta,484,498,484-498,36,2.639868551847318,2.639868551847318,WWWOWWWO,WWOOWWWO,WWWOWOWO,WWOOWOWO
1,ddelta,484,498,484-498,37,-3.464762548557191,3.464762548557191,OWWOWWWO,OWOOWWWO,OWWOWOWO,OWOOWOWO
1,ddelta,484,498,484-498,38,-2.4114079103468775,2.4114079103468775,WOWOWWWO,WOOOWWWO,WOWOWOWO,WOOOWOWO
1,ddelta,484,498,484-498,39,-0.7342732613062138,0.7342732613062138,OOWOWWWO,OOOOWWWO,OOWOWOWO,OOOOWOWO
1,ddelta,484,498,484-498,40,-3.1736312304858614,3.1736312304858614,WWWWOWWO,WWOWOWWO,WWWWOOWO,WWOWOOWO
1,ddelta,484,498,484-498,41,-1.4712406457525038,1.4712406457525038,OWWWOWWO,OWOWOWWO,OWWWOOWO,OWOWOOWO
1,ddelta,484,498,484-498,42,0.9217816182789553,0.9217816182789553,WOWWOWWO,WOOWOWWO,WOWWOOWO,WOOWOOWO
1,ddelta,484,498,484-498,43,0.21849165443606922,0.21849165443606922,OOWWOWWO,OOOWOWWO,OOWWOOWO,OOOWOOWO
1,ddelta,484,498,484-498,44,3.1774756976806238,3.1774756976806238,WWWOOWWO,WWOOOWWO,WWWOOOWO,WWOOOOWO
1,ddelta,484,498,484-498,45,-5.466136616951148,5.466136616951148,OWWOOWWO,OWOOOWWO,OWWOOOWO,OWOOOOWO
1,ddelta,484,498,484-498,46,3.8150423452446764,3.8150423452446764,WOWOOWWO,WOOOOWWO,WOWOOOWO,WOOOOOWO
1,ddelta,484,498,484-498,47,-1.095967700091757,1.095967700091757,OOWOOWWO,OOOOOWWO,OOWOOOWO,OOOOOOWO
1,ddelta,484,498,484-498,48,1.2419924799141118,1.2419924799141118,WWWWWWOO,WWOWWWOO,WWWWWOOO,WWOWWOOO
1,ddelta,484,498,484-498,49,0.36462826078419874,0.36462826078419874,OWWWWWOO,OWOWWWOO,OWWWWOOO,OWOWWOOO
1,ddelta,484,498,484-498,50,-0.23326945058767154,0.23326945058767154,WOWWWWOO,WOOWWWOO,WOWWWOOO,WOOWWOOO
1,ddelta,484,498,484-498,51,1.1165822099500557,1.1165822099500557,OOWWWWOO,OOOWWWOO,OOWWWOOO,OOOWWOOO
1,ddelta,484,498,484-498,52,-0.2838241882810635,0.2838241882810635,WWWOWWOO,WWOOWWOO,WWWOWOOO,WWOOWOOO
1,ddelta,484,498,484-498,53,0.8992008465029806,0.8992008465029806,OWWOWWOO,OWOOWWOO,OWWOWOOO,OWOOWOOO
1,ddelta,484,498,484-498,54,2.0431322418656745,2.0431322418656745,WOWOWWOO,WOOOWWOO,WOWOWOOO,WOOOWOOO
1,ddelta,484,498,484-498,55,0.08368119367433902,0.08368119367433902,OOWOWWOO,OOOOWWOO,OOWOWOOO,OOOOWOOO
1,ddelta,484,498,484-498,56,2.9706075063056288,2.9706075063056288,WWWWOWOO,WWOWOWOO,WWWWOOOO,WWOWOOOO
1,ddelta,484,498,484-498,57,-1.1674780230350252,1.1674780230350252,OWWWOWOO,OWOWOWOO,OWWWOOOO,OWOWOOOO
1,ddelta,484,498,484-498,58,1.0004390471619289,1.0004390471619289,WOWWOWOO,WOOWOWOO,WOWWOOOO,WOOWOOOO
1,ddelta,484,498,484-498,59,-5.374067695242611,5.374067695242611,OOWWOWOO,OOOWOWOO,OOWWOOOO,OOOWOOOO
1,ddelta,484,498,484-498,60,-2.4717792077463026,2.4717792077463026,WWWOOWOO,WWOOOWOO,WWWOOOOO,WWOOOOOO
1,ddelta,484,498,484-498,61,-0.5829514652102465,0.5829514652102465,OWWOOWOO,OWOOOWOO,OWWOOOOO,OWOOOOOO
1,ddelta,484,498,484-498,62,0.18705278287053018,0.18705278287053018,WOWOOWOO,WOOOOWOO,WOWOOOOO,WOOOOOOO
1,ddelta,484,498,484-498,63,0.0863865517299886,0.0863865517299886,OOWOOWOO,OOOOOWOO,OOWOOOOO,OOOOOOOO
1,ddelta,484,501,484-501,0,-0.1682619387086683,0.1682619387086683,WWWWWWWW,WWOWWWWW,WWWWWWOW,WWOWWWOW
1,ddelta,484,501,484-501,1,-1.2942907598971447,1.2942907598971447,OWWWWWWW,OWOWWWWW,OWWWWWOW,OWOWWWOW
1,ddelta,484,501,484-501,2,-0.3968031924936144,0.3968031924936144,WOWWWWWW,WOOWWWWW,WOWWWWOW,WOOWWWOW
1,ddelta,484,501,484-501,3,1.2309972629648682,1.2309972629648682,OOWWWWWW,OOOWWWWW,OOWWWWOW,OOOWWWOW
1,ddelta,484,501,484-501,4,-0.9705910357043194,0.9705910357043194,WWWOWWWW,WWOOWWWW,WWWOWWOW,WWOOWWOW
1,ddelta,484,501,484-501,5,-0.0780906333313974,0.0780906333313974,OWWOWWWW,OWOOWWWW,OWWOWWOW,OWOOWWOW
1,ddelta,484,501,484-501,6,0.16745910039701337,0.16745910039701337,WOWOWWWW,WOOOWWWW,WOWOWWOW,WOOOWWOW
1,ddelta,484,501,484-501,7,-0.8839084172357154,0.8839084172357154,OOWOWWWW,OOOOWWWW,OOWOWWOW,OOOOWWOW
1,ddelta,484,501,484-501,8,-1.8631310854308518,1.8631310854308518,WWWWOWWW,WWOWOWWW,WWWWOWOW,WWOWOWOW
1,ddelta,484,501,484-501,9,2.067314696210245,2.067314696210245,OWWWOWWW,OWOWOWWW,OWWWOWOW,OWOWOWOW
1,ddelta,484,501,484-501,10,-1.6851437833593412,1.6851437833593412,WOWWOWWW,WOOWOWWW,WOWWOWOW,WOOWOWOW
1,ddelta,484,501,484-501,11,0.47681191949343604,0.47681191949343604,OOWWOWWW,OOOWOWWW,OOWWOWOW,OOOWOWOW
1,ddelta,484,501,484-501,12,-1.7460693864151513,1.7460693864151513,WWWOOWWW,WWOOOWWW,WWWOOWOW,WWOOOWOW
1,ddelta,484,501,484-501,13,-2.633230465353961,2.633230465353961,OWWOOWWW,OWOOOWWW,OWWOOWOW,OWOOOWOW
1,ddelta,484,501,484-501,14,-0.22570658006339617,0.22570658006339617,WOWOOWWW,WOOOOWWW,WOWOOWOW,WOOOOWOW
1,ddelta,484,501,484-501,15,1.588734201654614,1.588734201654614,OOWOOWWW,OOOOOWWW,OOWOOWOW,OOOOOWOW
1,ddelta,484,501,484-501,16,-0.9097934577146686,0.9097934577146686,WWWWWOWW,WWOWWOWW,WWWWWOOW,WWOWWOOW
1,ddelta,484,501,484-501,17,3.572917807078774,3.572917807078774,OWWWWOWW,OWOWWOWW,OWWWWOOW,OWOWWOOW
1,ddelta,484,501,484-501,18,-1.282628571500741,1.282628571500741,WOWWWOWW,WOOWWOWW,WOWWWOOW,WOOWWOOW
1,ddelta,484,501,484-501,19,2.3702238158372575,2.3702238158372575,OOWWWOWW,OOOWWOWW,OOWWWOOW,OOOWWOOW
1,ddelta,484,501,484-501,20,-2.3794759844938267,2.3794759844938267,WWWOWOWW,WWOOWOWW,WWWOWOOW,WWOOWOOW
1,ddelta,484,501,484-501,21,-0.4325037376313393,0.4325037376313393,OWWOWOWW,OWOOWOWW,OWWOWOOW,OWOOWOOW
1,ddelta,484,501,484-501,22,1.595551065338654,1.595551065338654,WOWOWOWW,WOOOWOWW,WOWOWOOW,WOOOWOOW
1,ddelta,484,501,484-501,23,-3.009000471596461,3.009000471596461,OOWOWOWW,OOOOWOWW,OOWOWOOW,OOOOWOOW
1,ddelta,484,501,484-501,24,1.073435630220465,1.073435630220465,WWWWOOWW,WWOWOOWW,WWWWOOOW,WWOWOOOW
1,ddelta,484,501,484-501,25,1.2946777604589546,1.2946777604589546,OWWWOOWW,OWOWOOWW,OWWWOOOW,OWOWOOOW
1,ddelta,484,501,484-501,26,2.1224516372804745,2.1224516372804745,WOWWOOWW,WOOWOOWW,WOWWOOOW,WOOWOOOW
1,ddelta,484,501,484-501,27,1.770119959608181,1.770119959608181,OOWWOOWW,OOOWOOWW,OOWWOOOW,OOOWOOOW
1,ddelta,484,501,484-501,28,-2.0772341563857015,2.0772341563857015,WWWOOOWW,WWOOOOWW,WWWOOOOW,WWOOOOOW
1,ddelta,484,501,484-501,29,0.5267923355663733,0.5267923355663733,OWWOOOWW,OWOOOOWW,OWWOOOOW,OWOOOOOW
1,ddelta,484,501,484-501,30,1.9244965077209657,1.9244965077209657,WOWOOOWW,WOOOOOWW,WOWOOOOW,WOOOOOOW
1,ddelta,484,501,484-501,31,1.919019023435971,1.919019023435971,OOWOOOWW,OOOOOOWW,OOWOOOOW,OOOOOOOW
1,ddelta,484,501,484-501,32,-1.9787883144586136,1.9787883144586136,WWWWWWWO,WWOWWWWO,WWWWWWOO,WWOWWWOO
1,ddelta,484,501,484-501,33,0.9231020683689644,0.9231020683689644,OWWWWWWO,OWOWWWWO,OWWWWWOO,OWOWWWOO
1,ddelta,484,501,484-501,34,1.4303652595630323,1.4303652595630323,WOWWWWWO,WOOWWWWO,WOWWWWOO,WOOWWWOO
1,ddelta,484,501,484-501,35,-2.310967726463728,2.310967726463728,OOWWWWWO,OOOWWWWO,OOWWWWOO,OOOWWWOO
1,ddelta,484,501,484-501,36,1.7459715063795591,1.7459715063795591,WWWOWWWO,WWOOWWWO,WWWOWWOO,WWOOWWOO
1,ddelta,484,501,484-501,37,-0.987852758515023,0.987852758515023,OWWOWWWO,OWOOWWWO,OWWOWWOO,OWOOWWOO
1,ddelta,484,501,484-501,38,-2.063298836875416,2.063298836875416,WOWOWWWO,WOOOWWWO,WOWOWWOO,WOOOWWOO
1,ddelta,484,501,484-501,39,-0.1997078017687257,0.1997078017687257,OOWOWWWO,OOOOWWWO,OOWOWWOO,OOOOWWOO
1,ddelta,484,501,484-501,40,-3.082233385438553,3.082233385438553,WWWWOWWO,WWOWOWWO,WWWWOWOO,WWOWOWOO
1,ddelta,484,501,484-501,41,-0.998032675183105,0.998032675183105,OWWWOWWO,OWOWOWWO,OWWWOWOO,OWOWOWOO
1,ddelta,484,501,484-501,42,-0.3860293353492916,0.3860293353492916,WOWWOWWO,WOOWOWWO,WOWWOWOO,WOOWOWOO
1,ddelta,484,501,484-501,43,2.220068533575222,2.220068533575222,OOWWOWWO,OOOWOWWO,OOWWOWOO,OOOWOWOO
1,ddelta,484,501,484-501,44,3.9225805070834046,3.9225805070834046,WWWOOWWO,WWOOOWWO,WWWOOWOO,WWOOOWOO
1,ddelta,484,501,484-501,45,-5.490461281057499,5.490461281057499,OWWOOWWO,OWOOOWWO,OWWOOWOO,OWOOOWOO
1,ddelta,484,501,484-501,46,2.8514466930422335,2.8514466930422335,WOWOOWWO,WOOOOWWO,WOWOOWOO,WOOOOWOO
1,ddelta,484,501,484-501,47,0.09156234392073959,0.09156234392073959,OOWOOWWO,OOOOOWWO,OOWOOWOO,OOOOOWOO
1,ddelta,484,501,484-501,48,0.09494626043124044,0.09494626043124044,WWWWWOWO,WWOWWOWO,WWWWWOOO,WWOWWOOO
1,ddelta,484,501,484-501,49,1.6605772012478721,1.6605772012478721,OWWWWOWO,OWOWWOWO,OWWWWOOO,OWOWWOOO
1,ddelta,484,501,484-501,50,1.5723390269167359,1.5723390269167359,WOWWWOWO,WOOWWOWO,WOWWWOOO,WOOWWOOO
1,ddelta,484,501,484-501,51,-0.7703067820714834,0.7703067820714834,OOWWWOWO,OOOWWOWO,OOWWWOOO,OOOWWOOO
1,ddelta,484,501,484-501,52,-1.1777212337488225,1.1777212337488225,WWWOWOWO,WWOOWOWO,WWWOWOOO,WWOOWOOO
1,ddelta,484,501,484-501,53,3.376110636545149,3.376110636545149,OWWOWOWO,OWOOWOWO,OWWOWOOO,OWOOWOOO
1,ddelta,484,501,484-501,54,2.3912413153371364,2.3912413153371364,WOWOWOWO,WOOOWOWO,WOWOWOOO,WOOOWOOO
1,ddelta,484,501,484-501,55,0.6182466532118271,0.6182466532118271,OOWOWOWO,OOOOWOWO,OOWOWOOO,OOOOWOOO
1,ddelta,484,501,484-501,56,3.0620053513529375,3.0620053513529375,WWWWOOWO,WWOWOOWO,WWWWOOOO,WWOWOOOO
1,ddelta,484,501,484-501,57,-0.6942700524656262,0.6942700524656262,OWWWOOWO,OWOWOOWO,OWWWOOOO,OWOWOOOO
1,ddelta,484,501,484-501,58,-0.30737190646631773,0.30737190646631773,WOWWOOWO,WOOWOOWO,WOWWOOOO,WOOWOOOO
1,ddelta,484,501,484-501,59,-3.3724908161034586,3.3724908161034586,OOWWOOWO,OOOWOOWO,OOWWOOOO,OOOWOOOO
1,ddelta,484,501,484-501,60,-1.72667439834352,1.72667439834352,WWWOOOWO,WWOOOOWO,WWWOOOOO,WWOOOOOO
1,ddelta,484,501,484-501,61,-0.6072761293165974,0.6072761293165974,OWWOOOWO,OWOOOOWO,OWWOOOOO,OWOOOOOO
1,ddelta,484,501,484-501,62,-0.7765428693319132,0.7765428693319132,WOWOOOWO,WOOOOOWO,WOWOOOOO,WOOOOOOO
1,ddelta,484,501,484-501,63,1.2739165957424852,1.2739165957424852,OOWOOOWO,OOOOOOWO,OOWOOOOO,OOOOOOOO
1,ddelta,484,505,484-505,0,1.8188690421337133,1.8188690421337133,WWWWWWWW,WWOWWWWW,WWWWWWWO,WWOWWWWO
1,ddelta,484,505,484-505,1,-1.8016653096311555,1.8016653096311555,OWWWWWWW,OWOWWWWW,OWWWWWWO,OWOWWWWO
1,ddelta,484,505,484-505,2,-0.2794701083786184,0.2794701083786184,WOWWWWWW,WOOWWWWW,WOWWWWWO,WOOWWWWO
1,ddelta,484,505,484-505,3,3.3753375368249525,3.3753375368249525,OOWWWWWW,OOOWWWWW,OOWWWWWO,OOOWWWWO
1,ddelta,484,505,484-505,4,-4.091399908966796,4.091399908966796,WWWOWWWW,WWOOWWWW,WWWOWWWO,WWOOWWWO
1,ddelta,484,505,484-505,5,1.1150847290132095,1.1150847290132095,OWWOWWWW,OWOOWWWW,OWWOWWWO,OWOOWWWO
1,ddelta,484,505,484-505,6,3.1820691983065132,3.1820691983065132,WOWOWWWW,WOOOWWWW,WOWOWWWO,WOOOWWWO
1,ddelta,484,505,484-505,7,0.21182914268309666,0.21182914268309666,OOWOWWWW,OOOOWWWW,OOWOWWWO,OOOOWWWO
1,ddelta,484,505,484-505,8,1.4782928860000615,1.4782928860000615,WWWWOWWW,WWOWOWWW,WWWWOWWO,WWOWOWWO
1,ddelta,484,505,484-505,9,1.1763579694341293,1.1763579694341293,OWWWOWWW,OWOWOWWW,OWWWOWWO,OWOWOWWO
1,ddelta,484,505,484-505,10,-3.0084547557945074,3.0084547557945074,WOWWOWWW,WOOWOWWW,WOWWOWWO,WOOWOWWO
1,ddelta,484,505,484-505,11,-0.9408626163420167,0.9408626163420167,OOWWOWWW,OOOWOWWW,OOWWOWWO,OOOWOWWO
1,ddelta,484,505,484-505,12,-2.4705606553044204,2.4705606553044204,WWWOOWWW,WWOOOWWW,WWWOOWWO,WWOOOWWO
1,ddelta,484,505,484-505,13,2.1436493961831316,2.1436493961831316,OWWOOWWW,OWOOOWWW,OWWOOWWO,OWOOOWWO
1,ddelta,484,505,484-505,14,-2.269460357007869,2.269460357007869,WOWOOWWW,WOOOOWWW,WOWOOWWO,WOOOOWWO
1,ddelta,484,505,484-505,15,0.012255488897884748,0.012255488897884748,OOWOOWWW,OOOOOWWW,OOWOOWWO,OOOOOWWO
1,ddelta,484,505,484-505,16,0.6126730278912556,0.6126730278912556,WWWWWOWW,WWOWWOWW,WWWWWOWO,WWOWWOWO
1,ddelta,484,505,484-505,17,2.014500330843319,2.014500330843319,OWWWWOWW,OWOWWOWW,OWWWWOWO,OWOWWOWO
1,ddelta,484,505,484-505,18,-2.1784939306921824,2.1784939306921824,WOWWWOWW,WOOWWOWW,WOWWWOWO,WOOWWOWO
1,ddelta,484,505,484-505,19,1.8385742571298656,1.8385742571298656,OOWWWOWW,OOOWWOWW,OOWWWOWO,OOOWWOWO
1,ddelta,484,505,484-505,20,-1.0442849080771968,1.0442849080771968,WWWOWOWW,WWOOWOWW,WWWOWOWO,WWOOWOWO
1,ddelta,484,505,484-505,21,-3.5884890905219864,3.5884890905219864,OWWOWOWW,OWOOWOWW,OWWOWOWO,OWOOWOWO
1,ddelta,484,505,484-505,22,1.4038830202504147,1.4038830202504147,WOWOWOWW,WOOOWOWW,WOWOWOWO,WOOOWOWO
1,ddelta,484,505,484-505,23,-2.0824490322662315,2.0824490322662315,OOWOWOWW,OOOOWOWW,OOWOWOWO,OOOOWOWO
1,ddelta,484,505,484-505,24,-0.3766324722097505,0.3766324722097505,WWWWOOWW,WWOWOOWW,WWWWOOWO,WWOWOOWO
1,ddelta,484,505,484-505,25,0.02369409028418043,0.02369409028418043,OWWWOOWW,OWOWOOWW,OWWWOOWO,OWOWOOWO
1,ddelta,484,505,484-505,26,2.262514807141959,2.262514807141959,WOWWOOWW,WOOWOOWW,WOWWOOWO,WOOWOOWO
1,ddelta,484,505,484-505,27,-1.4012545154380485,1.4012545154380485,OOWWOOWW,OOOWOOWW,OOWWOOWO,OOOWOOWO
1,ddelta,484,505,484-505,28,-0.5460627537951863,0.5460627537951863,WWWOOOWW,WWOOOOWW,WWWOOOWO,WWOOOOWO
1,ddelta,484,505,484-505,29,0.03808171926089354,0.03808171926089354,OWWOOOWW,OWOOOOWW,OWWOOOWO,OWOOOOWO
1,ddelta,484,505,484-505,30,2.4466492163563696,2.4466492163563696,WOWOOOWW,WOOOOOWW,WOWOOOWO,WOOOOOWO
1,ddelta,484,505,484-505,31,0.9641715178400716,0.9641715178400716,OOWOOOWW,OOOOOOWW,OOWOOOWO,OOOOOOWO
1,ddelta,484,505,484-505,32,0.008342666383767905,0.008342666383767905,WWWWWWOW,WWOWWWOW,WWWWWWOO,WWOWWWOO
1,ddelta,484,505,484-505,33,0.41572751863495383,0.41572751863495383,OWWWWWOW,OWOWWWOW,OWWWWWOO,OWOWWWOO
1,ddelta,484,505,484-505,34,1.5476983436780283,1.5476983436780283,WOWWWWOW,WOOWWWOW,WOWWWWOO,WOOWWWOO
1,ddelta,484,505,484-505,35,-0.1666274526036442,0.1666274526036442,OOWWWWOW,OOOWWWOW,OOWWWWOO,OOOWWWOO
1,ddelta,484,505,484-505,36,-1.3748373668829181,1.3748373668829181,WWWOWWOW,WWOOWWOW,WWWOWWOO,WWOOWWOO
1,ddelta,484,505,484-505,37,0.205322603829584,0.205322603829584,OWWOWWOW,OWOOWWOW,OWWOWWOO,OWOOWWOO
1,ddelta,484,505,484-505,38,0.9513112610340837,0.9513112610340837,WOWOWWOW,WOOOWWOW,WOWOWWOO,WOOOWWOO
1,ddelta,484,505,484-505,39,0.8960297581500865,0.8960297581500865,OOWOWWOW,OOOOWWOW,OOWOWWOO,OOOOWWOO
1,ddelta,484,505,484-505,40,0.2591905859923601,0.2591905859923601,WWWWOWOW,WWOWOWOW,WWWWOWOO,WWOWOWOO
1,ddelta,484,505,484-505,41,-1.888989401959221,1.888989401959221,OWWWOWOW,OWOWOWOW,OWWWOWOO,OWOWOWOO
1,ddelta,484,505,484-505,42,-1.7093403077844567,1.7093403077844567,WOWWOWOW,WOOWOWOW,WOWWOWOO,WOOWOWOO
1,ddelta,484,505,484-505,43,0.8023939977397692,0.8023939977397692,OOWWOWOW,OOOWOWOW,OOWWOWOO,OOOWOWOO
1,ddelta,484,505,484-505,44,3.1980892381941373,3.1980892381941373,WWWOOWOW,WWOOOWOW,WWWOOWOO,WWOOOWOO
1,ddelta,484,505,484-505,45,-0.7135814195204053,0.7135814195204053,OWWOOWOW,OWOOOWOW,OWWOOWOO,OWOOOWOO
1,ddelta,484,505,484-505,46,0.8076929160977608,0.8076929160977608,WOWOOWOW,WOOOOWOW,WOWOOWOO,WOOOOWOO
1,ddelta,484,505,484-505,47,-1.4849163688359899,1.4849163688359899,OOWOOWOW,OOOOOWOW,OOWOOWOO,OOOOOWOO
1,ddelta,484,505,484-505,48,1.6174127460371641,1.6174127460371641,WWWWWOOW,WWOWWOOW,WWWWWOOO,WWOWWOOO
1,ddelta,484,505,484-505,49,0.10215972501241677,0.10215972501241677,OWWWWOOW,OWOWWOOW,OWWWWOOO,OWOWWOOO
1,ddelta,484,505,484-505,50,0.6764736677252944,0.6764736677252944,WOWWWOOW,WOOWWOOW,WOWWWOOO,WOOWWOOO
1,ddelta,484,505,484-505,51,-1.3019563407788755,1.3019563407788755,OOWWWOOW,OOOWWOOW,OOWWWOOO,OOOWWOOO
1,ddelta,484,505,484-505,52,0.1574698426678074,0.1574698426678074,WWWOWOOW,WWOOWOOW,WWWOWOOO,WWOOWOOO
1,ddelta,484,505,484-505,53,0.220125283654502,0.220125283654502,OWWOWOOW,OWOOWOOW,OWWOWOOO,OWOOWOOO
1,ddelta,484,505,484-505,54,2.199573270248897,2.199573270248897,WOWOWOOW,WOOOWOOW,WOWOWOOO,WOOOWOOO
1,ddelta,484,505,484-505,55,1.5447980925420568,1.5447980925420568,OOWOWOOW,OOOOWOOW,OOWOWOOO,OOOOWOOO
1,ddelta,484,505,484-505,56,1.6119372489227222,1.6119372489227222,WWWWOOOW,WWOWOOOW,WWWWOOOO,WWOWOOOO
1,ddelta,484,505,484-505,57,-1.965253722640401,1.965253722640401,OWWWOOOW,OWOWOOOW,OWWWOOOO,OWOWOOOO
1,ddelta,484,505,484-505,58,-0.1673087366048338,0.1673087366048338,WOWWOOOW,WOOWOOOW,WOWWOOOO,WOOWOOOO
1,ddelta,484,505,484-505,59,-6.543865291149688,6.543865291149688,OOWWOOOW,OOOWOOOW,OOWWOOOO,OOOWOOOO
1,ddelta,484,505,484-505,60,-0.19550299575300478,0.19550299575300478,WWWOOOOW,WWOOOOOW,WWWOOOOO,WWOOOOOO
1,ddelta,484,505,484-505,61,-1.0959867456220769,1.0959867456220769,OWWOOOOW,OWOOOOOW,OWWOOOOO,OWOOOOOO
1,ddelta,484,505,484-505,62,-0.25439016069650877,0.25439016069650877,WOWOOOOW,WOOOOOOW,WOWOOOOO,WOOOOOOO
1,ddelta,484,505,484-505,63,0.31906909014658613,0.31906909014658613,OOWOOOOW,OOOOOOOW,OOWOOOOO,OOOOOOOO
1,ddelta,493,496,493-496,0,-2.7080592409165782,2.7080592409165782,WWWWWWWW,WWWOWWWW,WWWWOWWW,WWWOOWWW
1,ddelta,493,496,493-496,1,-2.8293855920480184,2.8293855920480184,OWWWWWWW,OWWOWWWW,OWWWOWWW,OWWOOWWW
1,ddelta,493,496,493-496,2,-2.012456663221691,2.012456663221691,WOWWWWWW,WOWOWWWW,WOWWOWWW,WOWOOWWW
1,ddelta,493,496,493-496,3,-0.788503500265632,0.788503500265632,OOWWWWWW,OOWOWWWW,OOWWOWWW,OOWOOWWW
1,ddelta,493,496,493-496,4,-5.881078555704822,5.881078555704822,WWOWWWWW,WWOOWWWW,WWOWOWWW,WWOOOWWW
1,ddelta,493,496,493-496,5,1.7261480077232598,1.7261480077232598,OWOWWWWW,OWOOWWWW,OWOWOWWW,OWOOOWWW
1,ddelta,493,496,493-496,6,-4.545075887231574,4.545075887231574,WOOWWWWW,WOOOWWWW,WOOWOWWW,WOOOOWWW
1,ddelta,493,496,493-496,7,-2.505033497794633,2.505033497794633,OOOWWWWW,OOOOWWWW,OOOWOWWW,OOOOOWWW
1,ddelta,493,496,493-496,8,-1.0608276350728691,1.0608276350728691,WWWWWOWW,WWWOWOWW,WWWWOOWW,WWWOOOWW
1,ddelta,493,496,493-496,9,-1.8422281292609315,1.8422281292609315,OWWWWOWW,OWWOWOWW,OWWWOOWW,OWWOOOWW
1,ddelta,493,496,493-496,10,-1.8029478424968732,1.8029478424968732,WOWWWOWW,WOWOWOWW,WOWWOOWW,WOWOOOWW
1,ddelta,493,496,493-496,11,0.5227590275625551,0.5227590275625551,OOWWWOWW,OOWOWOWW,OOWWOOWW,OOWOOOWW
1,ddelta,493,496,493-496,12,-0.8804629131046764,0.8804629131046764,WWOWWOWW,WWOOWOWW,WWOWOOWW,WWOOOOWW
1,ddelta,493,496,493-496,13,-5.756510486463196,5.756510486463196,OWOWWOWW,OWOOWOWW,OWOWOOWW,OWOOOOWW
1,ddelta,493,496,493-496,14,1.2695559866941597,1.2695559866941597,WOOWWOWW,WOOOWOWW,WOOWOOWW,WOOOOOWW
1,ddelta,493,496,493-496,15,-4.367858620922708,4.367858620922708,OOOWWOWW,OOOOWOWW,OOOWOOWW,OOOOOOWW
1,ddelta,493,496,493-496,16,1.259649438815054,1.259649438815054,WWWWWWOW,WWWOWWOW,WWWWOWOW,WWWOOWOW
1,ddelta,493,496,493-496,17,1.2369118929025318,1.2369118929025318,OWWWWWOW,OWWOWWOW,OWWWOWOW,OWWOOWOW
1,ddelta,493,496,493-496,18,1.1158181688039732,1.1158181688039732,WOWWWWOW,WOWOWWOW,WOWWOWOW,WOWOOWOW
1,ddelta,493,496,493-496,19,-0.1926086011179975,0.1926086011179975,OOWWWWOW,OOWOWWOW,OOWWOWOW,OOWOOWOW
1,ddelta,493,496,493-496,20,-0.9939790799618382,0.9939790799618382,WWOWWWOW,WWOOWWOW,WWOWOWOW,WWOOOWOW
1,ddelta,493,496,493-496,21,-0.12429979545614378,0.12429979545614378,OWOWWWOW,OWOOWWOW,OWOWOWOW,OWOOOWOW
1,ddelta,493,496,493-496,22,-0.5216261448005927,0.5216261448005927,WOOWWWOW,WOOOWWOW,WOOWOWOW,WOOOOWOW
1,ddelta,493,496,493-496,23,1.3176893637147633,1.3176893637147633,OOOWWWOW,OOOOWWOW,OOOWOWOW,OOOOOWOW
1,ddelta,493,496,493-496,24,-0.15853565368788694,0.15853565368788694,WWWWWOOW,WWWOWOOW,WWWWOOOW,WWWOOOOW
1,ddelta,493,496,493-496,25,-0.6109305360297084,0.6109305360297084,OWWWWOOW,OWWOWOOW,OWWWOOOW,OWWOOOOW
1,ddelta,493,496,493-496,26,0.1897764826538505,0.1897764826538505,WOWWWOOW,WOWOWOOW,WOWWOOOW,WOWOOOOW
1,ddelta,493,496,493-496,27,1.452651114936508,1.452651114936508,OOWWWOOW,OOWOWOOW,OOWWOOOW,OOWOOOOW
1,ddelta,493,496,493-496,28,-1.6591581915467026,1.6591581915467026,WWOWWOOW,WWOOWOOW,WWOWOOOW,WWOOOOOW
1,ddelta,493,496,493-496,29,-1.287676773414441,1.287676773414441,OWOWWOOW,OWOOWOOW,OWOWOOOW,OWOOOOOW
1,ddelta,493,496,493-496,30,0.18614554544597928,0.18614554544597928,WOOWWOOW,WOOOWOOW,WOOWOOOW,WOOOOOOW
1,ddelta,493,496,493-496,31,2.090156817712754,2.090156817712754,OOOWWOOW,OOOOWOOW,OOOWOOOW,OOOOOOOW
1,ddelta,493,496,493-496,32,-0.7599430098415807,0.7599430098415807,WWWWWWWO,WWWOWWWO,WWWWOWWO,WWWOOWWO
1,ddelta,493,496,493-496,33,-4.427651972417629,4.427651972417629,OWWWWWWO,OWWOWWWO,OWWWOWWO,OWWOOWWO
1,ddelta,493,496,493-496,34,3.529133744252668,3.529133744252668,WOWWWWWO,WOWOWWWO,WOWWOWWO,WOWOOWWO
1,ddelta,493,496,493-496,35,-0.5974000983632376,0.5974000983632376,OOWWWWWO,OOWOWWWO,OOWWOWWO,OOWOOWWO
1,ddelta,493,496,493-496,36,-1.9715469148337967,1.9715469148337967,WWOWWWWO,WWOOWWWO,WWOWOWWO,WWOOOWWO
1,ddelta,493,496,493-496,37,-1.8215769845417136,1.8215769845417136,OWOWWWWO,OWOOWWWO,OWOWOWWO,OWOOOWWO
1,ddelta,493,496,493-496,38,-1.72603038765571,1.72603038765571,WOOWWWWO,WOOOWWWO,WOOWOWWO,WOOOOWWO
1,ddelta,493,496,493-496,39,1.8026964034895185,1.8026964034895185,OOOWWWWO,OOOOWWWO,OOOWOWWO,OOOOOWWO
1,ddelta,493,496,493-496,40,-2.5426279940272467,2.5426279940272467,WWWWWOWO,WWWOWOWO,WWWWOOWO,WWWOOOWO
1,ddelta,493,496,493-496,41,-2.133400198247826,2.133400198247826,OWWWWOWO,OWWOWOWO,OWWWOOWO,OWWOOOWO
1,ddelta,493,496,493-496,42,-0.3808772171201662,0.3808772171201662,WOWWWOWO,WOWOWOWO,WOWWOOWO,WOWOOOWO
1,ddelta,493,496,493-496,43,-1.0972588185922023,1.0972588185922023,OOWWWOWO,OOWOWOWO,OOWWOOWO,OOWOOOWO
1,ddelta,493,496,493-496,44,-0.8747356176760377,0.8747356176760377,WWOWWOWO,WWOOWOWO,WWOWOOWO,WWOOOOWO
1,ddelta,493,496,493-496,45,-0.430305505108072,0.430305505108072,OWOWWOWO,OWOOWOWO,OWOWOOWO,OWOOOOWO
1,ddelta,493,496,493-496,46,-0.7066159296573196,0.7066159296573196,WOOWWOWO,WOOOWOWO,WOOWOOWO,WOOOOOWO
1,ddelta,493,496,493-496,47,0.29857285559675223,0.29857285559675223,OOOWWOWO,OOOOWOWO,OOOWOOWO,OOOOOOWO
1,ddelta,493,496,493-496,48,-1.1403234830957447,1.1403234830957447,WWWWWWOO,WWWOWWOO,WWWWOWOO,WWWOOWOO
1,ddelta,493,496,493-496,49,-2.369227624773783,2.369227624773783,OWWWWWOO,OWWOWWOO,OWWWOWOO,OWWOOWOO
1,ddelta,493,496,493-496,50,-2.4194451820068665,2.4194451820068665,WOWWWWOO,WOWOWWOO,WOWWOWOO,WOWOOWOO
1,ddelta,493,496,493-496,51,0.5185182447937982,0.5185182447937982,OOWWWWOO,OOWOWWOO,OOWWOWOO,OOWOOWOO
1,ddelta,493,496,493-496,52,0.9281266835958258,0.9281266835958258,WWOWWWOO,WWOOWWOO,WWOWOWOO,WWOOOWOO
1,ddelta,493,496,493-496,53,-2.344626415888273,2.344626415888273,OWOWWWOO,OWOOWWOO,OWOWOWOO,OWOOOWOO
1,ddelta,493,496,493-496,54,-0.9434691890852707,0.9434691890852707,WOOWWWOO,WOOOWWOO,WOOWOWOO,WOOOOWOO
1,ddelta,493,496,493-496,55,-1.3211513677029305,1.3211513677029305,OOOWWWOO,OOOOWWOO,OOOWOWOO,OOOOOWOO
1,ddelta,493,496,493-496,56,0.6403497362998588,0.6403497362998588,WWWWWOOO,WWWOWOOO,WWWWOOOO,WWWOOOOO
1,ddelta,493,496,493-496,57,-1.3439757645307622,1.3439757645307622,OWWWWOOO,OWWOWOOO,OWWWOOOO,OWWOOOOO
1,ddelta,493,496,493-496,58,-2.0555583868245058,2.0555583868245058,WOWWWOOO,WOWOWOOO,WOWWOOOO,WOWOOOOO
1,ddelta,493,496,493-496,59,0.9354726842679647,0.9354726842679647,OOWWWOOO,OOWOWOOO,OOWWOOOO,OOWOOOOO
1,ddelta,493,496,493-496,60,-1.2077701428653271,1.2077701428653271,WWOWWOOO,WWOOWOOO,WWOWOOOO,WWOOOOOO
1,ddelta,493,496,493-496,61,-1.269420583539256,1.269420583539256,OWOWWOOO,OWOOWOOO,OWOWOOOO,OWOOOOOO
1,ddelta,493,496,493-496,62,-3.669370350647655,3.669370350647655,WOOWWOOO,WOOOWOOO,WOOWOOOO,WOOOOOOO
1,ddelta,493,496,493-496,63,5.589158335019553,5.589158335019553,OOOWWOOO,OOOOWOOO,OOOWOOOO,OOOOOOOO
1,ddelta,493,498,493-498,0,-0.31507578555400034,0.31507578555400034,WWWWWWWW,WWWOWWWW,WWWWWOWW,WWWOWOWW
1,ddelta,493,498,493-498,1,-2.2902188534375147,2.2902188534375147,OWWWWWWW,OWWOWWWW,OWWWWOWW,OWWOWOWW
1,ddelta,493,498,493-498,2,0.5885399801620802,0.5885399801620802,WOWWWWWW,WOWOWWWW,WOWWWOWW,WOWOWOWW
1,ddelta,493,498,493-498,3,-1.1282253380178433,1.1282253380178433,OOWWWWWW,OOWOWWWW,OOWWWOWW,OOWOWOWW
1,ddelta,493,498,493-498,4,-1.0967761538629976,1.0967761538629976,WWOWWWWW,WWOOWWWW,WWOWWOWW,WWOOWOWW
1,ddelta,493,498,493-498,5,3.1376049301096733,3.1376049301096733,OWOWWWWW,OWOOWWWW,OWOWWOWW,OWOOWOWW
1,ddelta,493,498,493-498,6,-1.5684623565008882,1.5684623565008882,WOOWWWWW,WOOOWWWW,WOOWWOWW,WOOOWOWW
1,ddelta,493,498,493-498,7,-0.6809049696276264,0.6809049696276264,OOOWWWWW,OOOOWWWW,OOOWWOWW,OOOOWOWW
1,ddelta,493,498,493-498,8,1.3321558202897092,1.3321558202897092,WWWWOWWW,WWWOOWWW,WWWWOOWW,WWWOOOWW
1,ddelta,493,498,493-498,9,-1.303061390650428,1.303061390650428,OWWWOWWW,OWWOOWWW,OWWWOOWW,OWWOOOWW
1,ddelta,493,498,493-498,10,0.7980488008868973,0.7980488008868973,WOWWOWWW,WOWOOWWW,WOWWOOWW,WOWOOOWW
1,ddelta,493,498,493-498,11,0.18303718981034364,0.18303718981034364,OOWWOWWW,OOWOOWWW,OOWWOOWW,OOWOOOWW
1,ddelta,493,498,493-498,12,3.903839488737148,3.903839488737148,WWOWOWWW,WWOOOWWW,WWOWOOWW,WWOOOOWW
1,ddelta,493,498,493-498,13,-4.345053564076783,4.345053564076783,OWOWOWWW,OWOOOWWW,OWOWOOWW,OWOOOOWW
1,ddelta,493,498,493-498,14,4.246169517424845,4.246169517424845,WOOWOWWW,WOOOOWWW,WOOWOOWW,WOOOOOWW
1,ddelta,493,498,493-498,15,-2.543730092755701,2.543730092755701,OOOWOWWW,OOOOOWWW,OOOWOOWW,OOOOOOWW
1,ddelta,493,498,493-498,16,2.194753110487741,2.194753110487741,WWWWWWOW,WWWOWWOW,WWWWWOOW,WWWOWOOW
1,ddelta,493,498,493-498,17,-0.6575677077757897,0.6575677077757897,OWWWWWOW,OWWOWWOW,OWWWWOOW,OWWOWOOW
1,ddelta,493,498,493-498,18,0.1784733726783544,0.1784733726783544,WOWWWWOW,WOWOWWOW,WOWWWOOW,WOWOWOOW
1,ddelta,493,498,493-498,19,1.3138414030766679,1.3138414030766679,OOWWWWOW,OOWOWWOW,OOWWWOOW,OOWOWOOW
1,ddelta,493,498,493-498,20,0.7456993123952371,0.7456993123952371,WWOWWWOW,WWOOWWOW,WWOWWOOW,WWOOWOOW
1,ddelta,493,498,493-498,21,-0.45136559550446265,0.45136559550446265,OWOWWWOW,OWOOWWOW,OWOWWOOW,OWOOWOOW
1,ddelta,493,498,493-498,22,0.3353883799641534,0.3353883799641534,WOOWWWOW,WOOOWWOW,WOOWWOOW,WOOOWOOW
1,ddelta,493,498,493-498,23,-1.5031568357662501,1.5031568357662501,OOOWWWOW,OOOOWWOW,OOOWWOOW,OOOOWOOW
1,ddelta,493,498,493-498,24,0.7765680179848002,0.7765680179848002,WWWWOWOW,WWWOOWOW,WWWWOOOW,WWWOOOOW
1,ddelta,493,498,493-498,25,-2.50541013670803,2.50541013670803,OWWWOWOW,OWWOOWOW,OWWWOOOW,OWWOOOOW
1,ddelta,493,498,493-498,26,-0.7475683134717683,0.7475683134717683,WOWWOWOW,WOWOOWOW,WOWWOOOW,WOWOOOOW
1,ddelta,493,498,493-498,27,2.959101119131173,2.959101119131173,OOWWOWOW,OOWOOWOW,OOWWOOOW,OOWOOOOW
1,ddelta,493,498,493-498,28,0.08052020081037264,0.08052020081037264,WWOWOWOW,WWOOOWOW,WWOWOOOW,WWOOOOOW
1,ddelta,493,498,493-498,29,-1.6147425734627598,1.6147425734627598,OWOWOWOW,OWOOOWOW,OWOWOOOW,OWOOOOOW
1,ddelta,493,498,493-498,30,1.043160070210725,1.043160070210725,WOOWOWOW,WOOOOWOW,WOOWOOOW,WOOOOOOW
1,ddelta,493,498,493-498,31,-0.7306893817682599,0.7306893817682599,OOOWOWOW,OOOOOWOW,OOOWOOOW,OOOOOOOW
1,ddelta,493,498,493-498,32,-0.7721885593213087,0.7721885593213087,WWWWWWWO,WWWOWWWO,WWWWWOWO,WWWOWOWO
1,ddelta,493,498,493-498,33,0.35008491217036,0.35008491217036,OWWWWWWO,OWWOWWWO,OWWWWOWO,OWWOWOWO
1,ddelta,493,498,493-498,34,2.7799770923884437,2.7799770923884437,WOWWWWWO,WOWOWWWO,WOWWWOWO,WOWOWOWO
1,ddelta,493,498,493-498,35,1.5329123933418087,1.5329123933418087,OOWWWWWO,OOWOWWWO,OOWWWOWO,OOWOWOWO
1,ddelta,493,498,493-498,36,2.6994220875017514,2.6994220875017514,WWOWWWWO,WWOOWWWO,WWOWWOWO,WWOOWOWO
1,ddelta,493,498,493-498,37,-2.741830764292122,2.741830764292122,OWOWWWWO,OWOOWWWO,OWOWWOWO,OWOOWOWO
1,ddelta,493,498,493-498,38,0.7438123999829411,0.7438123999829411,WOOWWWWO,WOOOWWWO,WOOWWOWO,WOOOWOWO
1,ddelta,493,498,493-498,39,1.222717866477784,1.222717866477784,OOOWWWWO,OOOOWWWO,OOOWWOWO,OOOOWOWO
1,ddelta,493,498,493-498,40,-2.5548735435069743,2.5548735435069743,WWWWOWWO,WWWOOWWO,WWWWOOWO,WWWOOOWO
1,ddelta,493,498,493-498,41,2.6443366863401634,2.6443366863401634,OWWWOWWO,OWWOOWWO,OWWWOOWO,OWWOOOWO
1,ddelta,493,498,493-498,42,-1.1300338689843903,1.1300338689843903,WOWWOWWO,WOWOOWWO,WOWWOOWO,WOWOOOWO
1,ddelta,493,498,493-498,43,1.033053673112844,1.033053673112844,OOWWOWWO,OOWOOWWO,OOWWOOWO,OOWOOOWO
1,ddelta,493,498,493-498,44,3.7962333846595104,3.7962333846595104,WWOWOWWO,WWOOOWWO,WWOWOOWO,WWOOOOWO
1,ddelta,493,498,493-498,45,-1.3505592848584804,1.3505592848584804,OWOWOWWO,OWOOOWWO,OWOWOOWO,OWOOOOWO
1,ddelta,493,498,493-498,46,1.7632268579813317,1.7632268579813317,WOOWOWWO,WOOOOWWO,WOOWOOWO,WOOOOOWO
1,ddelta,493,498,493-498,47,-0.28140568141498257,0.28140568141498257,OOOWOWWO,OOOOOWWO,OOOWOOWO,OOOOOOWO
1,ddelta,493,498,493-498,48,0.9636055976555603,0.9636055976555603,WWWWWWOO,WWWOWWOO,WWWWWOOO,WWWOWOOO
1,ddelta,493,498,493-498,49,-2.7837256319553907,2.7837256319553907,OWWWWWOO,OWWOWWOO,OWWWWOOO,OWWOWOOO
1,ddelta,493,498,493-498,50,0.1163510448576848,0.1163510448576848,WOWWWWOO,WOWOWWOO,WOWWWOOO,WOWOWOOO
1,ddelta,493,498,493-498,51,0.1957037457488433,0.1957037457488433,OOWWWWOO,OOWOWWOO,OOWWWOOO,OOWOWOOO
1,ddelta,493,498,493-498,52,-0.5622110705396149,0.5622110705396149,WWOWWWOO,WWOOWWOO,WWOWWOOO,WWOOWOOO
1,ddelta,493,498,493-498,53,-2.249153046236609,2.249153046236609,OWOWWWOO,OWOOWWOO,OWOWWOOO,OWOOWOOO
1,ddelta,493,498,493-498,54,2.392752737311031,2.392752737311031,WOOWWWOO,WOOOWWOO,WOOWWOOO,WOOOWOOO
1,ddelta,493,498,493-498,55,-0.8371972705268733,0.8371972705268733,OOOWWWOO,OOOOWWOO,OOOWWOOO,OOOOWOOO
1,ddelta,493,498,493-498,56,2.7442788170511636,2.7442788170511636,WWWWOWOO,WWWOOWOO,WWWWOOOO,WWWOOOOO
1,ddelta,493,498,493-498,57,-1.7584737717123704,1.7584737717123704,OWWWOWOO,OWWOOWOO,OWWWOOOO,OWWOOOOO
1,ddelta,493,498,493-498,58,0.48023784004004644,0.48023784004004644,WOWWOWOO,WOWOOWOO,WOWWOOOO,WOWOOOOO
1,ddelta,493,498,493-498,59,0.6126581852230097,0.6126581852230097,OOWWOWOO,OOWOOWOO,OOWWOOOO,OOWOOOOO
1,ddelta,493,498,493-498,60,-2.698107897000768,2.698107897000768,WWOWOWOO,WWOOOWOO,WWOWOOOO,WWOOOOOO
1,ddelta,493,498,493-498,61,-1.1739472138875917,1.1739472138875917,OWOWOWOO,OWOOOWOO,OWOWOOOO,OWOOOOOO
1,ddelta,493,498,493-498,62,-0.3331484242513526,0.3331484242513526,WOOWOWOO,WOOOOWOO,WOOWOOOO,WOOOOOOO
1,ddelta,493,498,493-498,63,6.07311243219561,6.07311243219561,OOOWOWOO,OOOOOWOO,OOOWOOOO,OOOOOOOO
1,ddelta,493,501,493-501,0,-0.38629392737081575,0.38629392737081575,WWWWWWWW,WWWOWWWW,WWWWWWOW,WWWOWWOW
1,ddelta,493,501,493-501,1,0.34656955649136256,0.34656955649136256,OWWWWWWW,OWWOWWWW,OWWWWWOW,OWWOWWOW
1,ddelta,493,501,493-501,2,0.6674890481054826,0.6674890481054826,WOWWWWWW,WOWOWWWW,WOWWWWOW,WOWOWWOW
1,ddelta,493,501,493-501,3,0.03836693642600819,0.03836693642600819,OOWWWWWW,OOWOWWWW,OOWWWWOW,OOWOWWOW
1,ddelta,493,501,493-501,4,-1.1886230243664668,1.1886230243664668,WWOWWWWW,WWOOWWWW,WWOWWWOW,WWOOWWOW
1,ddelta,493,501,493-501,5,1.5627696830571098,1.5627696830571098,OWOWWWWW,OWOOWWWW,OWOWWWOW,OWOOWWOW
1,ddelta,493,501,493-501,6,1.2317513409961103,1.2317513409961103,WOOWWWWW,WOOOWWWW,WOOWWWOW,WOOOWWOW
1,ddelta,493,501,493-501,7,-2.0765387437745755,2.0765387437745755,OOOWWWWW,OOOOWWWW,OOOWWWOW,OOOOWWOW
1,ddelta,493,501,493-501,8,3.581414752360817,3.581414752360817,WWWWOWWW,WWWOOWWW,WWWWOWOW,WWWOOWOW
1,ddelta,493,501,493-501,9,4.4128670414419116,4.4128670414419116,OWWWOWWW,OWWOOWWW,OWWWOWOW,OWWOOWOW
1,ddelta,493,501,493-501,10,3.7957638801311466,3.7957638801311466,WOWWOWWW,WOWOOWWW,WOWWOWOW,WOWOOWOW
1,ddelta,493,501,493-501,11,0.6342618355736428,0.6342618355736428,OOWWOWWW,OOWOOWWW,OOWWOWOW,OOWOOWOW
1,ddelta,493,501,493-501,12,3.6984764513765174,3.6984764513765174,WWOWOWWW,WWOOOWWW,WWOWOWOW,WWOOOWOW
1,ddelta,493,501,493-501,13,-0.28767812012229355,0.28767812012229355,OWOWOWWW,OWOOOWWW,OWOWOWOW,OWOOOWOW
1,ddelta,493,501,493-501,14,5.2552010834270915,5.2552010834270915,WOOWOWWW,WOOOOWWW,WOOWOWOW,WOOOOWOW
1,ddelta,493,501,493-501,15,1.746184117734821,1.746184117734821,OOOWOWWW,OOOOOWWW,OOOWOWOW,OOOOOWOW
1,ddelta,493,501,493-501,16,2.123534968670926,2.123534968670926,WWWWWOWW,WWWOWOWW,WWWWWOOW,WWWOWOOW
1,ddelta,493,501,493-501,17,1.9792207021530874,1.9792207021530874,OWWWWOWW,OWWOWOWW,OWWWWOOW,OWWOWOOW
1,ddelta,493,501,493-501,18,0.2574224406217569,0.2574224406217569,WOWWWOWW,WOWOWOWW,WOWWWOOW,WOWOWOOW
1,ddelta,493,501,493-501,19,2.4804336775205194,2.4804336775205194,OOWWWOWW,OOWOWOWW,OOWWWOOW,OOWOWOOW
1,ddelta,493,501,493-501,20,0.6538524418917677,0.6538524418917677,WWOWWOWW,WWOOWOWW,WWOWWOOW,WWOOWOOW
1,ddelta,493,501,493-501,21,-2.026200842557026,2.026200842557026,OWOWWOWW,OWOOWOWW,OWOWWOOW,OWOOWOOW
1,ddelta,493,501,493-501,22,3.1356020774611517,3.1356020774611517,WOOWWOWW,WOOOWOWW,WOOWWOOW,WOOOWOOW
1,ddelta,493,501,493-501,23,-2.898790609913199,2.898790609913199,OOOWWOWW,OOOOWOWW,OOOWWOOW,OOOOWOOW
1,ddelta,493,501,493-501,24,3.025826950055908,3.025826950055908,WWWWOOWW,WWWOOOWW,WWWWOOOW,WWWOOOOW
1,ddelta,493,501,493-501,25,3.2105182953843103,3.2105182953843103,OWWWOOWW,OWWOOOWW,OWWWOOOW,OWWOOOOW
1,ddelta,493,501,493-501,26,2.25014676577248,2.25014676577248,WOWWOOWW,WOWOOOWW,WOWWOOOW,WOWOOOOW
1,ddelta,493,501,493-501,27,3.4103257648944725,3.4103257648944725,OOWWOOWW,OOWOOOWW,OOWWOOOW,OOWOOOOW
1,ddelta,493,501,493-501,28,-0.12484283655025852,0.12484283655025852,WWOWOOWW,WWOOOOWW,WWOWOOOW,WWOOOOOW
1,ddelta,493,501,493-501,29,2.442632870491729,2.442632870491729,OWOWOOWW,OWOOOOWW,OWOWOOOW,OWOOOOOW
1,ddelta,493,501,493-501,30,2.0521916362129713,2.0521916362129713,WOOWOOWW,WOOOOOWW,WOOWOOOW,WOOOOOOW
1,ddelta,493,501,493-501,31,3.559224828722262,3.559224828722262,OOOWOOWW,OOOOOOWW,OOOWOOOW,OOOOOOOW
1,ddelta,493,501,493-501,32,-0.1433640711820361,0.1433640711820361,WWWWWWWO,WWWOWWWO,WWWWWWOO,WWWOWWOO
1,ddelta,493,501,493-501,33,1.322202717020852,1.322202717020852,OWWWWWWO,OWWOWWWO,OWWWWWOO,OWWOWWOO
1,ddelta,493,501,493-501,34,4.127037458320298,4.127037458320298,WOWWWWWO,WOWOWWWO,WOWWWWOO,WOWOWWOO
1,ddelta,493,501,493-501,35,-1.0362094686592722,1.0362094686592722,OOWWWWWO,OOWOWWWO,OOWWWWOO,OOWOWWOO
1,ddelta,493,501,493-501,36,3.5813957496561364,3.5813957496561364,WWOWWWWO,WWOOWWWO,WWOWWWOO,WWOOWWOO
1,ddelta,493,501,493-501,37,-0.5887521098631354,0.5887521098631354,OWOWWWWO,OWOOWWWO,OWOWWWOO,OWOOWWOO
1,ddelta,493,501,493-501,38,0.6333733618818487,0.6333733618818487,WOOWWWWO,WOOOWWWO,WOOWWWOO,WOOOWWOO
1,ddelta,493,501,493-501,39,1.0750504560357304,1.0750504560357304,OOOWWWWO,OOOOWWWO,OOOWWWOO,OOOOWWOO
1,ddelta,493,501,493-501,40,-0.5237445444361999,0.5237445444361999,WWWWOWWO,WWWOOWWO,WWWWOWOO,WWWOOWOO
1,ddelta,493,501,493-501,41,3.380627064664699,3.380627064664699,OWWWOWWO,OWWOOWWO,OWWWOWOO,OWWOOWOO
1,ddelta,493,501,493-501,42,-1.8215414679392377,1.8215414679392377,WOWWOWWO,WOWOOWWO,WOWWOWOO,WOWOOWOO
1,ddelta,493,501,493-501,43,0.07970887449776354,0.07970887449776354,OOWWOWWO,OOWOOWWO,OOWWOWOO,OOWOOWOO
1,ddelta,493,501,493-501,44,6.481069348085758,6.481069348085758,WWOWOWWO,WWOOOWWO,WWOWOWOO,WWOOOWOO
1,ddelta,493,501,493-501,45,-1.1118015412096949,1.1118015412096949,OWOWOWWO,OWOOOWWO,OWOWOWOO,OWOOOWOO
1,ddelta,493,501,493-501,46,1.4159345604522873,1.4159345604522873,WOOWOWWO,WOOOOWWO,WOOWOWOO,WOOOOWOO
1,ddelta,493,501,493-501,47,-2.048797315156719,2.048797315156719,OOOWOWWO,OOOOOWWO,OOOWOWOO,OOOOOWOO
1,ddelta,493,501,493-501,48,1.5924300857948328,1.5924300857948328,WWWWWOWO,WWWOWOWO,WWWWWOOO,WWWOWOOO
1,ddelta,493,501,493-501,49,-1.8116078271048992,1.8116078271048992,OWWWWOWO,OWWOWOWO,OWWWWOOO,OWWOWOOO
1,ddelta,493,501,493-501,50,1.4634114107895386,1.4634114107895386,WOWWWOWO,WOWOWOWO,WOWWWOOO,WOWOWOOO
1,ddelta,493,501,493-501,51,-2.373418116252237,2.373418116252237,OOWWWOWO,OOWOWOWO,OOWWWOOO,OOWOWOOO
1,ddelta,493,501,493-501,52,0.31976259161477016,0.31976259161477016,WWOWWOWO,WWOOWOWO,WWOWWOOO,WWOOWOOO
1,ddelta,493,501,493-501,53,-0.09607439180762212,0.09607439180762212,OWOWWOWO,OWOOWOWO,OWOWWOOO,OWOOWOOO
1,ddelta,493,501,493-501,54,2.282313699209938,2.282313699209938,WOOWWOWO,WOOOWOWO,WOOWWOOO,WOOOWOOO
1,ddelta,493,501,493-501,55,-0.9848646809689268,0.9848646809689268,OOOWWOWO,OOOOWOWO,OOOWWOOO,OOOOWOOO
1,ddelta,493,501,493-501,56,4.775407816121939,4.775407816121939,WWWWOOWO,WWWOOOWO,WWWWOOOO,WWWOOOOO
1,ddelta,493,501,493-501,57,-1.0221833933878355,1.0221833933878355,OWWWOOWO,OWWOOOWO,OWWWOOOO,OWWOOOOO
1,ddelta,493,501,493-501,58,-0.21126975891480101,0.21126975891480101,WOWWOOWO,WOWOOOWO,WOWWOOOO,WOWOOOOO
1,ddelta,493,501,493-501,59,-0.3406866133920705,0.3406866133920705,OOWWOOWO,OOWOOOWO,OOWWOOOO,OOWOOOOO
1,ddelta,493,501,493-501,60,-0.01327193357451939,0.01327193357451939,WWOWOOWO,WWOOOOWO,WWOWOOOO,WWOOOOOO
1,ddelta,493,501,493-501,61,-0.9351894702388062,0.9351894702388062,OWOWOOWO,OWOOOOWO,OWOWOOOO,OWOOOOOO
1,ddelta,493,501,493-501,62,-0.6804407217803965,0.6804407217803965,WOOWOOWO,WOOOOOWO,WOOWOOOO,WOOOOOOO
1,ddelta,493,501,493-501,63,4.305720798453873,4.305720798453873,OOOWOOWO,OOOOOOWO,OOOWOOOO,OOOOOOOO
1,ddelta,493,505,493-505,0,1.4795686020863454,1.4795686020863454,WWWWWWWW,WWWOWWWW,WWWWWWWO,WWWOWWWO
1,ddelta,493,505,493-505,1,0.3238948672941402,0.3238948672941402,OWWWWWWW,OWWOWWWW,OWWWWWWO,OWWOWWWO
1,ddelta,493,505,493-505,2,-3.1985147958871405,3.1985147958871405,WOWWWWWW,WOWOWWWW,WOWWWWWO,WOWOWWWO
1,ddelta,493,505,493-505,3,0.5034319867459822,0.5034319867459822,OOWWWWWW,OOWOWWWW,OOWWWWWO,OOWOWWWO
1,ddelta,493,505,493-505,4,-4.430700349014164,4.430700349014164,WWOWWWWW,WWOOWWWW,WWOWWWWO,WWOOWWWO
1,ddelta,493,505,493-505,5,3.240644905938505,3.240644905938505,OWOWWWWW,OWOOWWWW,OWOWWWWO,OWOOWWWO
1,ddelta,493,505,493-505,6,0.26302451079799205,0.26302451079799205,WOOWWWWW,WOOOWWWW,WOOWWWWO,WOOOWWWO
1,ddelta,493,505,493-505,7,-2.6600764073958736,2.6600764073958736,OOOWWWWW,OOOOWWWW,OOOWWWWO,OOOOWWWO
1,ddelta,493,505,493-505,8,3.4276848331613428,3.4276848331613428,WWWWOWWW,WWWOOWWW,WWWWOWWO,WWWOOWWO
1,ddelta,493,505,493-505,9,-1.2743715130754707,1.2743715130754707,OWWWOWWW,OWWOOWWW,OWWWOWWO,OWWOOWWO
1,ddelta,493,505,493-505,10,2.343075611587218,2.343075611587218,WOWWOWWW,WOWOOWWW,WOWWOWWO,WOWOOWWO
1,ddelta,493,505,493-505,11,0.6945353886483767,0.6945353886483767,OOWWOWWW,OOWOOWWW,OOWWOWWO,OOWOOWWO
1,ddelta,493,505,493-505,12,-0.5211687081431391,0.5211687081431391,WWOWOWWW,WWOOOWWW,WWOWOWWO,WWOOOWWO
1,ddelta,493,505,493-505,13,-0.3070800863264682,0.3070800863264682,OWOWOWWW,OWOOOWWW,OWOWOWWO,OWOOOWWO
1,ddelta,493,505,493-505,14,3.0820700103738563,3.0820700103738563,WOOWOWWW,WOOOOWWW,WOOWOWWO,WOOOOWWO
1,ddelta,493,505,493-505,15,1.6476534938882783,1.6476534938882783,OOOWOWWW,OOOOOWWW,OOOWOWWO,OOOOOWWO
1,ddelta,493,505,493-505,16,1.022455828319037,1.022455828319037,WWWWWOWW,WWWOWOWW,WWWWWOWO,WWWOWOWO
1,ddelta,493,505,493-505,17,2.964198632902015,2.964198632902015,OWWWWOWW,OWWOWOWW,OWWWWOWO,OWWOWOWO
1,ddelta,493,505,493-505,18,-1.0070776836607762,1.0070776836607762,WOWWWOWW,WOWOWOWW,WOWWWOWO,WOWOWOWO
1,ddelta,493,505,493-505,19,3.1645697181056347,3.1645697181056347,OOWWWOWW,OOWOWOWW,OOWWWOWO,OOWOWOWO
1,ddelta,493,505,493-505,20,-0.6345021076494153,0.6345021076494153,WWOWWOWW,WWOOWOWW,WWOWWOWO,WWOOWOWO
1,ddelta,493,505,493-505,21,-2.6387907884632904,2.6387907884632904,OWOWWOWW,OWOOWOWW,OWOWWOWO,OWOOWOWO
1,ddelta,493,505,493-505,22,2.5752992672818213,2.5752992672818213,WOOWWOWW,WOOOWOWW,WOOWWOWO,WOOOWOWO
1,ddelta,493,505,493-505,23,-0.756453571290463,0.756453571290463,OOOWWOWW,OOOOWOWW,OOOWWOWO,OOOOWOWO
1,ddelta,493,505,493-505,24,-0.45934453063534075,0.45934453063534075,WWWWOOWW,WWWOOOWW,WWWWOOWO,WWWOOOWO
1,ddelta,493,505,493-505,25,2.6730265639151205,2.6730265639151205,OWWWOOWW,OWWOOOWW,OWWWOOWO,OWWOOOWO
1,ddelta,493,505,493-505,26,0.4149929417159306,0.4149929417159306,WOWWOOWW,WOWOOOWW,WOWWOOWO,WOWOOOWO
1,ddelta,493,505,493-505,27,1.5445518719508768,1.5445518719508768,OOWWOOWW,OOWOOOWW,OOWWOOWO,OOWOOOWO
1,ddelta,493,505,493-505,28,-0.6287748122207766,0.6287748122207766,WWOWOOWW,WWOOOOWW,WWOWOOWO,WWOOOOWO
1,ddelta,493,505,493-505,29,2.6874141928918345,2.6874141928918345,OWOWOOWW,OWOOOOWW,OWOWOOWO,OWOOOOWO
1,ddelta,493,505,493-505,30,0.5991273509303423,0.5991273509303423,WOOWOOWW,WOOOOOWW,WOOWOOWO,WOOOOOWO
1,ddelta,493,505,493-505,31,3.909977905228997,3.909977905228997,OOOWOOWW,OOOOOOWW,OOOWOOWO,OOOOOOWO
1,ddelta,493,505,493-505,32,1.722498458275125,1.722498458275125,WWWWWWOW,WWWOWWOW,WWWWWWOO,WWWOWWOO
1,ddelta,493,505,493-505,33,1.2995280278236296,1.2995280278236296,OWWWWWOW,OWWOWWOW,OWWWWWOO,OWWOWWOO
1,ddelta,493,505,493-505,34,0.2610336143276748,0.2610336143276748,WOWWWWOW,WOWOWWOW,WOWWWWOO,WOWOWWOO
1,ddelta,493,505,493-505,35,-0.5711444183392982,0.5711444183392982,OOWWWWOW,OOWOWWOW,OOWWWWOO,OOWOWWOO
1,ddelta,493,505,493-505,36,0.339318425008439,0.339318425008439,WWOWWWOW,WWOOWWOW,WWOWWWOO,WWOOWWOO
1,ddelta,493,505,493-505,37,1.08912311301826,1.08912311301826,OWOWWWOW,OWOOWWOW,OWOWWWOO,OWOOWWOO
1,ddelta,493,505,493-505,38,-0.3353534683162698,0.3353534683162698,WOOWWWOW,WOOOWWOW,WOOWWWOO,WOOOWWOO
1,ddelta,493,505,493-505,39,0.4915127924144325,0.4915127924144325,OOOWWWOW,OOOOWWOW,OOOWWWOO,OOOOWWOO
1,ddelta,493,505,493-505,40,-0.6774744636356737,0.6774744636356737,WWWWOWOW,WWWOOWOW,WWWWOWOO,WWWOOWOO
1,ddelta,493,505,493-505,41,-2.306611489852685,2.306611489852685,OWWWOWOW,OWWOOWOW,OWWWOWOO,OWWOOWOO
1,ddelta,493,505,493-505,42,-3.274229736483165,3.274229736483165,WOWWOWOW,WOWOOWOW,WOWWOWOO,WOWOOWOO
1,ddelta,493,505,493-505,43,0.13998242757249746,0.13998242757249746,OOWWOWOW,OOWOOWOW,OOWWOWOO,OOWOOWOO
1,ddelta,493,505,493-505,44,2.261424188566103,2.261424188566103,WWOWOWOW,WWOOOWOW,WWOWOWOO,WWOOOWOO
1,ddelta,493,505,493-505,45,-1.131203507413869,1.131203507413869,OWOWOWOW,OWOOOWOW,OWOWOWOO,OWOOOWOO
1,ddelta,493,505,493-505,46,-0.7571965126009477,0.7571965126009477,WOOWOWOW,WOOOOWOW,WOOWOWOO,WOOOOWOO
1,ddelta,493,505,493-505,47,-2.1473279390032616,2.1473279390032616,OOOWOWOW,OOOOOWOW,OOOWOWOO,OOOOOWOO
1,ddelta,493,505,493-505,48,0.4913509454429441,0.4913509454429441,WWWWWOOW,WWWOWOOW,WWWWWOOO,WWWOWOOO
1,ddelta,493,505,493-505,49,-0.8266298963559716,0.8266298963559716,OWWWWOOW,OWWOWOOW,OWWWWOOO,OWWOWOOO
1,ddelta,493,505,493-505,50,0.19891128650700518,0.19891128650700518,WOWWWOOW,WOWOWOOW,WOWWWOOO,WOWOWOOO
1,ddelta,493,505,493-505,51,-1.6892820756671227,1.6892820756671227,OOWWWOOW,OOWOWOOW,OOWWWOOO,OOWOWOOO
1,ddelta,493,505,493-505,52,-0.968591957926413,0.968591957926413,WWOWWOOW,WWOOWOOW,WWOWWOOO,WWOOWOOO
1,ddelta,493,505,493-505,53,-0.7086643377138864,0.7086643377138864,OWOWWOOW,OWOOWOOW,OWOWWOOO,OWOOWOOO
1,ddelta,493,505,493-505,54,1.7220108890306083,1.7220108890306083,WOOWWOOW,WOOOWOOW,WOOWWOOO,WOOOWOOO
1,ddelta,493,505,493-505,55,1.1574723576538095,1.1574723576538095,OOOWWOOW,OOOOWOOW,OOOWWOOO,OOOOWOOO
1,ddelta,493,505,493-505,56,1.2902363354306896,1.2902363354306896,WWWWOOOW,WWWOOOOW,WWWWOOOO,WWWOOOOO
1,ddelta,493,505,493-505,57,-1.559675124857025,1.559675124857025,OWWWOOOW,OWWOOOOW,OWWWOOOO,OWWOOOOO
1,ddelta,493,505,493-505,58,-2.0464235829713506,2.0464235829713506,WOWWOOOW,WOWOOOOW,WOWWOOOO,WOWOOOOO
1,ddelta,493,505,493-505,59,-2.206460506335666,2.206460506335666,OOWWOOOW,OOWOOOOW,OOWWOOOO,OOWOOOOO
1,ddelta,493,505,493-505,60,-0.5172039092450376,0.5172039092450376,WWOWOOOW,WWOOOOOW,WWOWOOOO,WWOOOOOO
1,ddelta,493,505,493-505,61,-0.6904081478387012,0.6904081478387012,OWOWOOOW,OWOOOOOW,OWOWOOOO,OWOOOOOO
1,ddelta,493,505,493-505,62,-2.1335050070630257,2.1335050070630257,WOOWOOOW,WOOOOOOW,WOOWOOOO,WOOOOOOO
1,ddelta,493,505,493-505,63,4.656473874960608,4.656473874960608,OOOWOOOW,OOOOOOOW,OOOWOOOO,OOOOOOOO
1,ddelta,496,498,496-498,0,1.7910070461168806,1.7910070461168806,WWWWWWWW,WWWWOWWW,WWWWWOWW,WWWWOOWW
1,ddelta,496,498,496-498,1,0.30544385874896973,0.30544385874896973,OWWWWWWW,OWWWOWWW,OWWWWOWW,OWWWOOWW
1,ddelta,496,498,496-498,2,1.7314017563493795,1.7314017563493795,WOWWWWWW,WOWWOWWW,WOWWWOWW,WOWWOOWW
1,ddelta,496,498,496-498,3,1.1397712669507358,1.1397712669507358,OOWWWWWW,OOWWOWWW,OOWWWOWW,OOWWOOWW
1,ddelta,496,498,496-498,4,0.09784725457411525,0.09784725457411525,WWOWWWWW,WWOWOWWW,WWOWWOWW,WWOWOOWW
1,ddelta,496,498,496-498,5,4.175879604715599,4.175879604715599,OWOWWWWW,OWOWOWWW,OWOWWOWW,OWOWOOWW
1,ddelta,496,498,496-498,6,-4.14156679268032,4.14156679268032,WOOWWWWW,WOOWOWWW,WOOWWOWW,WOOWOOWW
1,ddelta,496,498,496-498,7,0.7059702752299395,0.7059702752299395,OOOWWWWW,OOOWOWWW,OOOWWOWW,OOOWOOWW
1,ddelta,496,498,496-498,8,3.4382386519605896,3.4382386519605896,WWWOWWWW,WWWOOWWW,WWWOWOWW,WWWOOOWW
1,ddelta,496,498,496-498,9,1.2926013215360563,1.2926013215360563,OWWOWWWW,OWWOOWWW,OWWOWOWW,OWWOOOWW
1,ddelta,496,498,496-498,10,1.9409105770741966,1.9409105770741966,WOWOWWWW,WOWOOWWW,WOWOWOWW,WOWOOOWW
1,ddelta,496,498,496-498,11,2.451033794778923,2.451033794778923,OOWOWWWW,OOWOOWWW,OOWOWOWW,OOWOOOWW
1,ddelta,496,498,496-498,12,5.098462897174261,5.098462897174261,WWOOWWWW,WWOOOWWW,WWOOWOWW,WWOOOOWW
1,ddelta,496,498,496-498,13,-3.306778889470858,3.306778889470858,OWOOWWWW,OWOOOWWW,OWOOWOWW,OWOOOOWW
1,ddelta,496,498,496-498,14,1.6730650812454135,1.6730650812454135,WOOOWWWW,WOOOOWWW,WOOOWOWW,WOOOOOWW
1,ddelta,496,498,496-498,15,-1.1568548478981353,1.1568548478981353,OOOOWWWW,OOOOOWWW,OOOOWOWW,OOOOOOWW
1,ddelta,496,498,496-498,16,-0.04470470373114677,0.04470470373114677,WWWWWWOW,WWWWOWOW,WWWWWOOW,WWWWOOOW
1,ddelta,496,498,496-498,17,1.3839864023491821,1.3839864023491821,OWWWWWOW,OWWWOWOW,OWWWWOOW,OWWWOOOW
1,ddelta,496,498,496-498,18,-0.19378081505126055,0.19378081505126055,WOWWWWOW,WOWWOWOW,WOWWWOOW,WOWWOOOW
1,ddelta,496,498,496-498,19,-1.513121581441057,1.513121581441057,OOWWWWOW,OOWWOWOW,OOWWWOOW,OOWWOOOW
1,ddelta,496,498,496-498,20,1.940233739383405,1.940233739383405,WWOWWWOW,WWOWOWOW,WWOWWOOW,WWOWOOOW
1,ddelta,496,498,496-498,21,-0.38542335441139874,0.38542335441139874,OWOWWWOW,OWOWOWOW,OWOWWOOW,OWOWOOOW
1,ddelta,496,498,496-498,22,-1.3733285644340172,1.3733285644340172,WOOWWWOW,WOOWOWOW,WOOWWOOW,WOOWOOOW
1,ddelta,496,498,496-498,23,-1.7928410859194983,1.7928410859194983,OOOWWWOW,OOOWOWOW,OOOWWOOW,OOOWOOOW
1,ddelta,496,498,496-498,24,-1.4628897962340877,1.4628897962340877,WWWOWWOW,WWWOOWOW,WWWOWOOW,WWWOOOOW
1,ddelta,496,498,496-498,25,-0.4638560265830581,0.4638560265830581,OWWOWWOW,OWWOOWOW,OWWOWOOW,OWWOOOOW
1,ddelta,496,498,496-498,26,-1.1198225012013834,1.1198225012013834,WOWOWWOW,WOWOOWOW,WOWOWOOW,WOWOOOOW
1,ddelta,496,498,496-498,27,0.13213813461344803,0.13213813461344803,OOWOWWOW,OOWOOWOW,OOWOWOOW,OOWOOOOW
1,ddelta,496,498,496-498,28,1.2750546277985406,1.2750546277985406,WWOOWWOW,WWOOOWOW,WWOOWOOW,WWOOOOOW
1,ddelta,496,498,496-498,29,-1.548800332369696,1.548800332369696,OWOOWWOW,OWOOOWOW,OWOOWOOW,OWOOOOOW
1,ddelta,496,498,496-498,30,-0.6655568741874455,0.6655568741874455,WOOOWWOW,WOOOOWOW,WOOOWOOW,WOOOOOOW
1,ddelta,496,498,496-498,31,-1.020373631921508,1.020373631921508,OOOOWWOW,OOOOOWOW,OOOOWOOW,OOOOOOOW
1,ddelta,496,498,496-498,32,4.820339523308076,4.820339523308076,WWWWWWWO,WWWWOWWO,WWWWWOWO,WWWWOOWO
1,ddelta,496,498,496-498,33,0.44373857535898464,0.44373857535898464,OWWWWWWO,OWWWOWWO,OWWWWOWO,OWWWOOWO
1,ddelta,496,498,496-498,34,1.9537130663106947,1.9537130663106947,WOWWWWWO,WOWWOWWO,WOWWWOWO,WOWWOOWO
1,ddelta,496,498,496-498,35,1.1129077874122182,1.1129077874122182,OOWWWWWO,OOWWOWWO,OOWWWOWO,OOWWOOWO
1,ddelta,496,498,496-498,36,2.4784503877979565,2.4784503877979565,WWOWWWWO,WWOWOWWO,WWOWWOWO,WWOWOOWO
1,ddelta,496,498,496-498,37,-0.6546551982988098,0.6546551982988098,OWOWWWWO,OWOWOWWO,OWOWWOWO,OWOWOOWO
1,ddelta,496,498,496-498,38,3.2507379025310255,3.2507379025310255,WOOWWWWO,WOOWOWWO,WOOWWOWO,WOOWOOWO
1,ddelta,496,498,496-498,39,1.7554781762904768,1.7554781762904768,OOOWWWWO,OOOWOWWO,OOOWWOWO,OOOWOOWO
1,ddelta,496,498,496-498,40,3.03765453912241,3.03765453912241,WWWOWWWO,WWWOOWWO,WWWOWOWO,WWWOOOWO
1,ddelta,496,498,496-498,41,2.737990349528788,2.737990349528788,OWWOWWWO,OWWOOWWO,OWWOWOWO,OWWOOOWO
1,ddelta,496,498,496-498,42,-1.9562978950621392,1.9562978950621392,WOWOWWWO,WOWOOWWO,WOWOWOWO,WOWOOOWO
1,ddelta,496,498,496-498,43,0.6130490671832536,0.6130490671832536,OOWOWWWO,OOWOOWWO,OOWOWOWO,OOWOOOWO
1,ddelta,496,498,496-498,44,3.5752616849557155,3.5752616849557155,WWOOWWWO,WWOOOWWO,WWOOWOWO,WWOOOOWO
1,ddelta,496,498,496-498,45,0.7366162811348318,0.7366162811348318,OWOOWWWO,OWOOOWWO,OWOOWOWO,OWOOOOWO
1,ddelta,496,498,496-498,46,4.270152360529416,4.270152360529416,WOOOWWWO,WOOOOWWO,WOOOWOWO,WOOOOOWO
1,ddelta,496,498,496-498,47,0.2513546283977103,0.2513546283977103,OOOOWWWO,OOOOOWWO,OOOOWOWO,OOOOOOWO
1,ddelta,496,498,496-498,48,-1.7980220050505458,1.7980220050505458,WWWWWWOO,WWWWOWOO,WWWWWOOO,WWWWOOOO
1,ddelta,496,498,496-498,49,1.5907834674033365,1.5907834674033365,OWWWWWOO,OWWWOWOO,OWWWWOOO,OWWWOOOO
1,ddelta,496,498,496-498,50,-0.10297187132832872,0.10297187132832872,WOWWWWOO,WOWWOWOO,WOWWWOOO,WOWWOOOO
1,ddelta,496,498,496-498,51,1.13238287272869,1.13238287272869,OOWWWWOO,OOWWOWOO,OOWWWOOO,OOWWOOOO
1,ddelta,496,498,496-498,52,-0.06940697865902856,0.06940697865902856,WWOWWWOO,WWOWOWOO,WWOWWOOO,WWOWOOOO
1,ddelta,496,498,496-498,53,0.05867718358411245,0.05867718358411245,OWOWWWOO,OWOWOWOO,OWOWWOOO,OWOWOOOO
1,ddelta,496,498,496-498,54,1.1307366264212715,1.1307366264212715,WOOWWWOO,WOOWOWOO,WOOWWOOO,WOOWOOOO
1,ddelta,496,498,496-498,55,-5.358267032463977,5.358267032463977,OOOWWWOO,OOOWOWOO,OOOWWOOO,OOOWOOOO
1,ddelta,496,498,496-498,56,-0.017348785654942578,0.017348785654942578,WWWOWWOO,WWWOOWOO,WWWOWOOO,WWWOOOOO
1,ddelta,496,498,496-498,57,2.616035327646357,2.616035327646357,OWWOWWOO,OWWOOWOO,OWWOWOOO,OWWOOOOO
1,ddelta,496,498,496-498,58,0.2609149238540328,0.2609149238540328,WOWOWWOO,WOWOOWOO,WOWOWOOO,WOWOOOOO
1,ddelta,496,498,496-498,59,1.5493373122028564,1.5493373122028564,OOWOWWOO,OOWOOWOO,OOWOWOOO,OOWOOOOO
1,ddelta,496,498,496-498,60,-2.2053038051201814,2.2053038051201814,WWOOWWOO,WWOOOWOO,WWOOWOOO,WWOOOOOO
1,ddelta,496,498,496-498,61,1.1338830159331297,1.1338830159331297,OWOOWWOO,OWOOOWOO,OWOOWOOO,OWOOOOOO
1,ddelta,496,498,496-498,62,-1.5951645351411123,1.5951645351411123,WOOOWWOO,WOOOOWOO,WOOOWOOO,WOOOOOOO
1,ddelta,496,498,496-498,63,1.5520426702585062,1.5520426702585062,OOOOWWOO,OOOOOWOO,OOOOWOOO,OOOOOOOO
1,ddelta,496,501,496-501,0,1.5451478604464837,1.5451478604464837,WWWWWWWW,WWWWOWWW,WWWWWWOW,WWWWOWOW
1,ddelta,496,501,496-501,1,0.6654635082820748,0.6654635082820748,OWWWWWWW,OWWWOWWW,OWWWWWOW,OWWWOWOW
1,ddelta,496,501,496-501,2,2.4714322511232414,2.4714322511232414,WOWWWWWW,WOWWOWWW,WOWWWWOW,WOWWOWOW
1,ddelta,496,501,496-501,3,0.4445599695102803,0.4445599695102803,OOWWWWWW,OOWWOWWW,OOWWWWOW,OOWWOWOW
1,ddelta,496,501,496-501,4,-0.1497212862756997,0.1497212862756997,WWOWWWWW,WWOWOWWW,WWOWWWOW,WWOWOWOW
1,ddelta,496,501,496-501,5,4.027068964389465,4.027068964389465,OWOWWWWW,OWOWOWWW,OWOWWWOW,OWOWOWOW
1,ddelta,496,501,496-501,6,1.1830916602575143,1.1830916602575143,WOOWWWWW,WOOWOWWW,WOOWWWOW,WOOWOWOW
1,ddelta,496,501,496-501,7,-0.30962537396115186,0.30962537396115186,OOOWWWWW,OOOWOWWW,OOOWWWOW,OOOWOWOW
1,ddelta,496,501,496-501,8,5.512856540178117,5.512856540178117,WWWOWWWW,WWWOOWWW,WWWOWWOW,WWWOOWOW
1,ddelta,496,501,496-501,9,4.731760993232625,4.731760993232625,OWWOWWWW,OWWOOWWW,OWWOWWOW,OWWOOWOW
1,ddelta,496,501,496-501,10,5.599707083148906,5.599707083148906,WOWOWWWW,WOWOOWWW,WOWOWWOW,WOWOOWOW
1,ddelta,496,501,496-501,11,1.040454868657915,1.040454868657915,OOWOWWWW,OOWOOWWW,OOWOWWOW,OOWOOWOW
1,ddelta,496,501,496-501,12,4.737378189467284,4.737378189467284,WWOOWWWW,WWOOOWWW,WWOOWWOW,WWOOOWOW
1,ddelta,496,501,496-501,13,2.176621161210061,2.176621161210061,OWOOWWWW,OWOOOWWW,OWOOWWOW,OWOOOWOW
1,ddelta,496,501,496-501,14,5.2065414026884955,5.2065414026884955,WOOOWWWW,WOOOOWWW,WOOOWWOW,WOOOOWOW
1,ddelta,496,501,496-501,15,3.5130974875482446,3.5130974875482446,OOOOWWWW,OOOOOWWW,OOOOWWOW,OOOOOWOW
1,ddelta,496,501,496-501,16,-0.29056388940154343,0.29056388940154343,WWWWWOWW,WWWWOOWW,WWWWWOOW,WWWWOOOW
1,ddelta,496,501,496-501,17,1.7440060518822873,1.7440060518822873,OWWWWOWW,OWWWOOWW,OWWWWOOW,OWWWOOOW
1,ddelta,496,501,496-501,18,0.5462496797226013,0.5462496797226013,WOWWWOWW,WOWWOOWW,WOWWWOOW,WOWWOOOW
1,ddelta,496,501,496-501,19,-2.208332878881513,2.208332878881513,OOWWWOWW,OOWWOOWW,OOWWWOOW,OOWWOOOW
1,ddelta,496,501,496-501,20,1.6926651985335903,1.6926651985335903,WWOWWOWW,WWOWOOWW,WWOWWOOW,WWOWOOOW
1,ddelta,496,501,496-501,21,-0.5342339947375323,0.5342339947375323,OWOWWOWW,OWOWOOWW,OWOWWOOW,OWOWOOOW
1,ddelta,496,501,496-501,22,3.951329888503817,3.951329888503817,WOOWWOWW,WOOWOOWW,WOOWWOOW,WOOWOOOW
1,ddelta,496,501,496-501,23,-2.8084367351105897,2.8084367351105897,OOOWWOWW,OOOWOOWW,OOOWWOOW,OOOWOOOW
1,ddelta,496,501,496-501,24,0.6117280919834389,0.6117280919834389,WWWOWOWW,WWWOOOWW,WWWOWOOW,WWWOOOOW
1,ddelta,496,501,496-501,25,2.9753036451135104,2.9753036451135104,OWWOWOWW,OWWOOOWW,OWWOWOOW,OWWOOOOW
1,ddelta,496,501,496-501,26,2.538974004873325,2.538974004873325,WOWOWOWW,WOWOOOWW,WOWOWOOW,WOWOOOOW
1,ddelta,496,501,496-501,27,-1.2784407915075602,1.2784407915075602,OOWOWOWW,OOWOOOWW,OOWOWOOW,OOWOOOOW
1,ddelta,496,501,496-501,28,0.9139699200915639,0.9139699200915639,WWOOWOWW,WWOOOOWW,WWOOWOOW,WWOOOOOW
1,ddelta,496,501,496-501,29,3.9345997183112233,3.9345997183112233,OWOOWOWW,OWOOOOWW,OWOOWOOW,OWOOOOOW
1,ddelta,496,501,496-501,30,2.8679194472556366,2.8679194472556366,WOOOWOWW,WOOOOOWW,WOOOWOOW,WOOOOOOW
1,ddelta,496,501,496-501,31,3.6495787035248717,3.6495787035248717,OOOOWOWW,OOOOOOWW,OOOOWOOW,OOOOOOOW
1,ddelta,496,501,496-501,32,3.0382804999731725,3.0382804999731725,WWWWWWWO,WWWWOWWO,WWWWWWOO,WWWWOWOO
1,ddelta,496,501,496-501,33,0.8774901646260331,0.8774901646260331,OWWWWWWO,OWWWOWWO,OWWWWWOO,OWWWOWOO
1,ddelta,496,501,496-501,34,3.405517188323669,3.405517188323669,WOWWWWWO,WOWWOWWO,WOWWWWOO,WOWWOWOO
1,ddelta,496,501,496-501,35,-0.9521284644659231,0.9521284644659231,OOWWWWWO,OOWWOWWO,OOWWWWOO,OOWWOWOO
1,ddelta,496,501,496-501,36,1.934835428993233,1.934835428993233,WWOWWWWO,WWOWOWWO,WWOWWWOO,WWOWOWOO
1,ddelta,496,501,496-501,37,-1.043644578926036,1.043644578926036,OWOWWWWO,OWOWOWWO,OWOWWWOO,OWOWOWOO
1,ddelta,496,501,496-501,38,1.589122593411345,1.589122593411345,WOOWWWWO,WOOWOWWO,WOOWWWOO,WOOWOWOO
1,ddelta,496,501,496-501,39,3.578907795573027,3.578907795573027,OOOWWWWO,OOOWOWWO,OOOWWWOO,OOOWOWOO
1,ddelta,496,501,496-501,40,2.6579000267190085,2.6579000267190085,WWWOWWWO,WWWOOWWO,WWWOWWOO,WWWOOWOO
1,ddelta,496,501,496-501,41,2.9359145122698798,2.9359145122698798,OWWOWWWO,OWWOOWWO,OWWOWWOO,OWWOOWOO
1,ddelta,496,501,496-501,42,-2.543061737935866,2.543061737935866,WOWOWWWO,WOWOOWWO,WOWOWWOO,WOWOOWOO
1,ddelta,496,501,496-501,43,0.16378987869111272,0.16378987869111272,OOWOWWWO,OOWOOWWO,OOWOWWOO,OOWOOWOO
1,ddelta,496,501,496-501,44,4.834509027422855,4.834509027422855,WWOOWWWO,WWOOOWWO,WWOOWWOO,WWOOOWOO
1,ddelta,496,501,496-501,45,-1.5666940102725957,1.5666940102725957,OWOOWWWO,OWOOOWWO,OWOOWWOO,OWOOOWOO
1,ddelta,496,501,496-501,46,2.3716837919817846,2.3716837919817846,WOOOWWWO,WOOOOWWO,WOOOWWOO,WOOOOWOO
1,ddelta,496,501,496-501,47,0.45506002438057813,0.45506002438057813,OOOOWWWO,OOOOOWWO,OOOOWWOO,OOOOOWOO
1,ddelta,496,501,496-501,48,-3.5800810283854494,3.5800810283854494,WWWWWOWO,WWWWOOWO,WWWWWOOO,WWWWOOOO
1,ddelta,496,501,496-501,49,2.0245350566703846,2.0245350566703846,OWWWWOWO,OWWWOOWO,OWWWWOOO,OWWWOOOO
1,ddelta,496,501,496-501,50,1.3488322506846453,1.3488322506846453,WOWWWOWO,WOWWOOWO,WOWWWOOO,WOWWOOOO
1,ddelta,496,501,496-501,51,-0.932653379149451,0.932653379149451,OOWWWOWO,OOWWOOWO,OOWWWOOO,OOWWOOOO
1,ddelta,496,501,496-501,52,-0.6130219374637521,0.6130219374637521,WWOWWOWO,WWOWOOWO,WWOWWOOO,WWOWOOOO
1,ddelta,496,501,496-501,53,-0.330312197043114,0.330312197043114,OWOWWOWO,OWOWOOWO,OWOWWOOO,OWOWOOOO
1,ddelta,496,501,496-501,54,-0.5308786826984082,0.5308786826984082,WOOWWOWO,WOOWOOWO,WOOWWOOO,WOOWOOOO
1,ddelta,496,501,496-501,55,-3.534837413181426,3.534837413181426,OOOWWOWO,OOOWOOWO,OOOWWOOO,OOOWOOOO
1,ddelta,496,501,496-501,56,-0.39710329805834377,0.39710329805834377,WWWOWOWO,WWWOOOWO,WWWOWOOO,WWWOOOOO
1,ddelta,496,501,496-501,57,2.8139594903874485,2.8139594903874485,OWWOWOWO,OWWOOOWO,OWWOWOOO,OWWOOOOO
1,ddelta,496,501,496-501,58,-0.32584891901969404,0.32584891901969404,WOWOWOWO,WOWOOOWO,WOWOWOOO,WOWOOOOO
1,ddelta,496,501,496-501,59,1.1000781237107158,1.1000781237107158,OOWOWOWO,OOWOOOWO,OOWOWOOO,OOWOOOOO
1,ddelta,496,501,496-501,60,-0.9460564626530414,0.9460564626530414,WWOOWOWO,WWOOOOWO,WWOOWOOO,WWOOOOOO
1,ddelta,496,501,496-501,61,-1.1694272754742978,1.1694272754742978,OWOOWOWO,OWOOOOWO,OWOOWOOO,OWOOOOOO
1,ddelta,496,501,496-501,62,-3.493633103688744,3.493633103688744,WOOOWOWO,WOOOOOWO,WOOOWOOO,WOOOOOOO
1,ddelta,496,501,496-501,63,1.755748066241374,1.755748066241374,OOOOWOWO,OOOOOOWO,OOOOWOOO,OOOOOOOO
1,ddelta,496,505,496-505,0,-3.038385380412801,3.038385380412801,WWWWWWWW,WWWWOWWW,WWWWWWWO,WWWWOWWO
1,ddelta,496,505,496-505,1,1.254107254815291,1.254107254815291,OWWWWWWW,OWWWOWWW,OWWWWWWO,OWWWOWWO
1,ddelta,496,505,496-505,2,-0.18895312937183828,0.18895312937183828,WOWWWWWW,WOWWOWWW,WOWWWWWO,WOWWOWWO
1,ddelta,496,505,496-505,3,0.95184189265572,0.95184189265572,OOWWWWWW,OOWWOWWW,OOWWWWWO,OOWWOWWO
1,ddelta,496,505,496-505,4,-3.378961536546453,3.378961536546453,WWOWWWWW,WWOWOWWW,WWOWWWWO,WWOWOWWO
1,ddelta,496,505,496-505,5,4.232130533880576,4.232130533880576,OWOWWWWW,OWOWOWWW,OWOWWWWO,OWOWOWWO
1,ddelta,496,505,496-505,6,-2.917937776787727,2.917937776787727,WOOWWWWW,WOOWOWWW,WOOWWWWO,WOOWOWWO
1,ddelta,496,505,496-505,7,-3.364358260511249,3.364358260511249,OOOWWWWW,OOOWOWWW,OOOWWWWO,OOOWOWWO
1,ddelta,496,505,496-505,8,-1.0902691493378038,1.0902691493378038,WWWOWWWW,WWWOOWWW,WWWOWWWO,WWWOOWWO
1,ddelta,496,505,496-505,9,-0.3441591255543199,0.3441591255543199,OWWOWWWW,OWWOOWWW,OWWOWWWO,OWWOOWWO
1,ddelta,496,505,496-505,10,5.35263727810252,5.35263727810252,WOWOWWWW,WOWOOWWW,WOWOWWWO,WOWOOWWO
1,ddelta,496,505,496-505,11,1.1429452945581144,1.1429452945581144,OOWOWWWW,OOWOOWWW,OOWOWWWO,OOWOOWWO
1,ddelta,496,505,496-505,12,0.5305701043245723,0.5305701043245723,WWOOWWWW,WWOOOWWW,WWOOWWWO,WWOOOWWO
1,ddelta,496,505,496-505,13,0.6844055416156021,0.6844055416156021,OWOOWWWW,OWOOOWWW,OWOOWWWO,OWOOOWWO
1,ddelta,496,505,496-505,14,-0.09889227721186278,0.09889227721186278,WOOOWWWW,WOOOOWWW,WOOOWWWO,WOOOOWWO
1,ddelta,496,505,496-505,15,0.9433716407729025,0.9433716407729025,OOOOWWWW,OOOOOWWW,OOOOWWWO,OOOOOWWO
1,ddelta,496,505,496-505,16,-0.00905290322160579,0.00905290322160579,WWWWWOWW,WWWWOOWW,WWWWWOWO,WWWWOOWO
1,ddelta,496,505,496-505,17,1.392401971425306,1.392401971425306,OWWWWOWW,OWWWOOWW,OWWWWOWO,OWWWOOWO
1,ddelta,496,505,496-505,18,0.03335818058947704,0.03335818058947704,WOWWWOWW,WOWWOOWW,WOWWWOWO,WOWWOOWO
1,ddelta,496,505,496-505,19,0.9249784131172021,0.9249784131172021,OOWWWOWW,OOWWOOWW,OOWWWOWO,OOWWOOWO
1,ddelta,496,505,496-505,20,-0.9983584033226118,0.9983584033226118,WWOWWOWW,WWOWOOWW,WWOWWOWO,WWOWOOWO
1,ddelta,496,505,496-505,21,-0.598404269133832,0.598404269133832,OWOWWOWW,OWOWOOWW,OWOWWOWO,OWOWOOWO
1,ddelta,496,505,496-505,22,4.474366918423618,4.474366918423618,WOOWWOWW,WOOWOOWW,WOOWWOWO,WOOWOOWO
1,ddelta,496,505,496-505,23,-2.314850359450712,2.314850359450712,OOOWWOWW,OOOWOOWW,OOOWWOWO,OOOWOOWO
1,ddelta,496,505,496-505,24,-1.4908532621759836,1.4908532621759836,WWWOWOWW,WWWOOOWW,WWWOWOWO,WWWOOOWO
1,ddelta,496,505,496-505,25,1.1012299024384118,1.1012299024384118,OWWOWOWW,OWWOOOWW,OWWOWOWO,OWWOOOWO
1,ddelta,496,505,496-505,26,1.455428805966184,1.455428805966184,WOWOWOWW,WOWOOOWW,WOWOWOWO,WOWOOOWO
1,ddelta,496,505,496-505,27,-0.6950394330375553,0.6950394330375553,OOWOWOWW,OOWOOOWW,OOWOWOWO,OOWOOOWO
1,ddelta,496,505,496-505,28,-0.9926311078939731,0.9926311078939731,WWOOWOWW,WWOOOOWW,WWOOWOWO,WWOOOOWO
1,ddelta,496,505,496-505,29,4.727800712221292,4.727800712221292,OWOOWOWW,OWOOOOWW,OWOOWOWO,OWOOOOWO
1,ddelta,496,505,496-505,30,2.498195002072139,2.498195002072139,WOOOWOWW,WOOOOOWW,WOOOWOWO,WOOOOOWO
1,ddelta,496,505,496-505,31,2.3515811170687475,2.3515811170687475,OOOOWOWW,OOOOOOWW,OOOOWOWO,OOOOOOWO
1,ddelta,496,505,496-505,32,-1.5452527408861128,1.5452527408861128,WWWWWWOW,WWWWOWOW,WWWWWWOO,WWWWOWOO
1,ddelta,496,505,496-505,33,1.4661339111592495,1.4661339111592495,OWWWWWOW,OWWWOWOW,OWWWWWOO,OWWWOWOO
1,ddelta,496,505,496-505,34,0.7451318078285891,0.7451318078285891,WOWWWWOW,WOWWOWOW,WOWWWWOO,WOWWOWOO
1,ddelta,496,505,496-505,35,-0.4448465413204834,0.4448465413204834,OOWWWWOW,OOWWOWOW,OOWWWWOO,OOWWOWOO
1,ddelta,496,505,496-505,36,-1.2944048212775203,1.2944048212775203,WWOWWWOW,WWOWOWOW,WWOWWWOO,WWOWOWOO
1,ddelta,496,505,496-505,37,-0.8385830094349254,0.8385830094349254,OWOWWWOW,OWOWOWOW,OWOWWWOO,OWOWOWOO
1,ddelta,496,505,496-505,38,-2.511906843633896,2.511906843633896,WOOWWWOW,WOOWOWOW,WOOWWWOO,WOOWOWOO
1,ddelta,496,505,496-505,39,0.5241749090229297,0.5241749090229297,OOOWWWOW,OOOWOWOW,OOOWWWOO,OOOWOWOO
1,ddelta,496,505,496-505,40,-3.9452256627969113,3.9452256627969113,WWWOWWOW,WWWOOWOW,WWWOWWOO,WWWOOWOO
1,ddelta,496,505,496-505,41,-2.140005606517065,2.140005606517065,OWWOWWOW,OWWOOWOW,OWWOWWOO,OWWOOWOO
1,ddelta,496,505,496-505,42,-2.790131542982251,2.790131542982251,WOWOWWOW,WOWOOWOW,WOWOWWOO,WOWOOWOO
1,ddelta,496,505,496-505,43,0.2662803045913121,0.2662803045913121,OOWOWWOW,OOWOOWOW,OOWOWWOO,OOWOOWOO
1,ddelta,496,505,496-505,44,0.6277009422801438,0.6277009422801438,WWOOWWOW,WWOOOWOW,WWOOWWOO,WWOOOWOO
1,ddelta,496,505,496-505,45,-3.058909629867054,3.058909629867054,OWOOWWOW,OWOOOWOW,OWOOWWOO,OWOOOWOO
1,ddelta,496,505,496-505,46,-2.9337498879185744,2.9337498879185744,WOOOWWOW,WOOOOWOW,WOOOWWOO,WOOOOWOO
1,ddelta,496,505,496-505,47,-2.1146658223947643,2.1146658223947643,OOOOWWOW,OOOOOWOW,OOOOWWOO,OOOOOWOO
1,ddelta,496,505,496-505,48,-3.2985700422055118,3.2985700422055118,WWWWWOOW,WWWWOOOW,WWWWWOOO,WWWWOOOO
1,ddelta,496,505,496-505,49,1.6729309762134035,1.6729309762134035,OWWWWOOW,OWWWOOOW,OWWWWOOO,OWWWOOOO
1,ddelta,496,505,496-505,50,0.835940751551521,0.835940751551521,WOWWWOOW,WOWWOOOW,WOWWWOOO,WOWWOOOO
1,ddelta,496,505,496-505,51,2.200657912849264,2.200657912849264,OOWWWOOW,OOWWOOOW,OOWWWOOO,OOWWOOOO
1,ddelta,496,505,496-505,52,-3.304045539319954,3.304045539319954,WWOWWOOW,WWOWOOOW,WWOWWOOO,WWOWOOOO
1,ddelta,496,505,496-505,53,-0.3944824714394142,0.3944824714394142,OWOWWOOW,OWOWOOOW,OWOWWOOO,OWOWOOOO
1,ddelta,496,505,496-505,54,-0.007841652778607044,0.007841652778607044,WOOWWOOW,WOOWOOOW,WOOWWOOO,WOOWOOOO
1,ddelta,496,505,496-505,55,-3.0412510375215485,3.0412510375215485,OOOWWOOW,OOOWOOOW,OOOWWOOO,OOOWOOOO
1,ddelta,496,505,496-505,56,-2.4996846522177663,2.4996846522177663,WWWOWOOW,WWWOOOOW,WWWOWOOO,WWWOOOOO
1,ddelta,496,505,496-505,57,0.9398857477123498,0.9398857477123498,OWWOWOOW,OWWOOOOW,OWWOWOOO,OWWOOOOO
1,ddelta,496,505,496-505,58,-1.409394117926835,1.409394117926835,WOWOWOOW,WOWOOOOW,WOWOWOOO,WOWOOOOO
1,ddelta,496,505,496-505,59,1.6834794821807206,1.6834794821807206,OOWOWOOW,OOWOOOOW,OOWOWOOO,OOWOOOOO
1,ddelta,496,505,496-505,60,-2.8526574906385784,2.8526574906385784,WWOOWOOW,WWOOOOOW,WWOOWOOO,WWOOOOOO
1,ddelta,496,505,496-505,61,-0.3762262815642291,0.3762262815642291,OWOOWOOW,OWOOOOOW,OWOOWOOO,OWOOOOOO
1,ddelta,496,505,496-505,62,-3.863357548872241,3.863357548872241,WOOOWOOW,WOOOOOOW,WOOOWOOO,WOOOOOOO
1,ddelta,496,505,496-505,63,0.4577504797852499,0.4577504797852499,OOOOWOOW,OOOOOOOW,OOOOWOOO,OOOOOOOO
1,ddelta,498,501,498-501,0,0.4833355363761361,0.4833355363761361,WWWWWWWW,WWWWWOWW,WWWWWWOW,WWWWWOOW
1,ddelta,498,501,498-501,1,-0.9345862299764952,0.9345862299764952,OWWWWWWW,OWWWWOWW,OWWWWWOW,OWWWWOOW
1,ddelta,498,501,498-501,2,1.497659415099767,1.497659415099767,WOWWWWWW,WOWWWOWW,WOWWWWOW,WOWWWOOW
1,ddelta,498,501,498-501,3,1.0109467331536461,1.0109467331536461,OOWWWWWW,OOWWWOWW,OOWWWWOW,OOWWWOOW
1,ddelta,498,501,498-501,4,-0.2581959826298642,0.2581959826298642,WWOWWWWW,WWOWWOWW,WWOWWWOW,WWOWWOOW
1,ddelta,498,501,498-501,5,3.9326223369994238,3.9326223369994238,OWOWWWWW,OWOWWOWW,OWOWWWOW,OWOWWOOW
1,ddelta,498,501,498-501,6,0.6118340360926403,0.6118340360926403,WOOWWWWW,WOOWWOWW,WOOWWWOW,WOOWWOOW
1,ddelta,498,501,498-501,7,2.150173286026036,2.150173286026036,OOOWWWWW,OOOWWOWW,OOOWWWOW,OOOWWOOW
1,ddelta,498,501,498-501,8,2.9931644324178777,2.9931644324178777,WWWOWWWW,WWWOWOWW,WWWOWWOW,WWWOWOOW
1,ddelta,498,501,498-501,9,0.6980649156852297,0.6980649156852297,OWWOWWWW,OWWOWOWW,OWWOWWOW,OWWOWOOW
1,ddelta,498,501,498-501,10,1.0875928076160413,1.0875928076160413,WOWOWWWW,WOWOWOWW,WOWOWWOW,WOWOWOOW
1,ddelta,498,501,498-501,11,3.4530134742481575,3.4530134742481575,OOWOWWWW,OOWOWOWW,OOWOWWOW,OOWOWOOW
1,ddelta,498,501,498-501,12,1.5842794836283702,1.5842794836283702,WWOOWWWW,WWOOWOWW,WWOOWWOW,WWOOWOOW
1,ddelta,498,501,498-501,13,0.34365181138528783,0.34365181138528783,OWOOWWWW,OWOOWOWW,OWOOWWOW,OWOOWOOW
1,ddelta,498,501,498-501,14,2.515684772557682,2.515684772557682,WOOOWWWW,WOOOWOWW,WOOOWWOW,WOOOWOOW
1,ddelta,498,501,498-501,15,1.3279214198874119,1.3279214198874119,OOOOWWWW,OOOOWOWW,OOOOWWOW,OOOOWOOW
1,ddelta,498,501,498-501,16,-1.352376213471891,1.352376213471891,WWWWOWWW,WWWWOOWW,WWWWOWOW,WWWWOOOW
1,ddelta,498,501,498-501,17,0.1439563136237172,0.1439563136237172,OWWWOWWW,OWWWOOWW,OWWWOWOW,OWWWOOOW
1,ddelta,498,501,498-501,18,-0.427523156300873,0.427523156300873,WOWWOWWW,WOWWOOWW,WOWWOWOW,WOWWOOOW
1,ddelta,498,501,498-501,19,-1.6419461152381472,1.6419461152381472,OOWWOWWW,OOWWOOWW,OOWWOWOW,OOWWOOOW
1,ddelta,498,501,498-501,20,1.5841905021794256,1.5841905021794256,WWOWOWWW,WWOWOOWW,WWOWOWOW,WWOWOOOW
1,ddelta,498,501,498-501,21,-0.6286806221275731,0.6286806221275731,OWOWOWWW,OWOWOOWW,OWOWOWOW,OWOWOOOW
1,ddelta,498,501,498-501,22,3.380072264338943,3.380072264338943,WOOWOWWW,WOOWOOWW,WOOWOWOW,WOOWOOOW
1,ddelta,498,501,498-501,23,-0.34863807512340206,0.34863807512340206,OOOWOWWW,OOOWOOWW,OOOWOWOW,OOOWOOOW
1,ddelta,498,501,498-501,24,-1.9079640157767996,1.9079640157767996,WWWOOWWW,WWWOOOWW,WWWOOWOW,WWWOOOOW
1,ddelta,498,501,498-501,25,-1.0583924324338847,1.0583924324338847,OWWOOWWW,OWWOOOWW,OWWOOWOW,OWWOOOOW
1,ddelta,498,501,498-501,26,-1.9731402706595391,1.9731402706595391,WOWOOWWW,WOWOOOWW,WOWOOWOW,WOWOOOOW
1,ddelta,498,501,498-501,27,1.1341178140826824,1.1341178140826824,OOWOOWWW,OOWOOOWW,OOWOOWOW,OOWOOOOW
1,ddelta,498,501,498-501,28,-2.23912878574735,2.23912878574735,WWOOOWWW,WWOOOOWW,WWOOOWOW,WWOOOOOW
1,ddelta,498,501,498-501,29,2.1016303684864495,2.1016303684864495,OWOOOWWW,OWOOOOWW,OWOOOWOW,OWOOOOOW
1,ddelta,498,501,498-501,30,0.1770628171248232,0.1770628171248232,WOOOOWWW,WOOOOOWW,WOOOOWOW,WOOOOOOW
1,ddelta,498,501,498-501,31,1.464402635864039,1.464402635864039,OOOOOWWW,OOOOOOWW,OOOOOWOW,OOOOOOOW
1,ddelta,498,501,498-501,32,-0.2708142859557836,0.2708142859557836,WWWWWWWO,WWWWWOWO,WWWWWWOO,WWWWWOOO
1,ddelta,498,501,498-501,33,1.2735494952162054,1.2735494952162054,OWWWWWWO,OWWWWOWO,OWWWWWOO,OWWWWOOO
1,ddelta,498,501,498-501,34,0.5950068441135319,0.5950068441135319,WOWWWWWO,WOWWWOWO,WOWWWWOO,WOWWWOOO
1,ddelta,498,501,498-501,35,-0.1656389043905233,0.1656389043905233,OOWWWWWO,OOWWWOWO,OOWWWWOO,OOWWWOOO
1,ddelta,498,501,498-501,36,1.8029202889340703,1.8029202889340703,WWOWWWWO,WWOWWOWO,WWOWWWOO,WWOWWOOO
1,ddelta,498,501,498-501,37,2.011024628095113,2.011024628095113,OWOWWWWO,OWOWWOWO,OWOWWWOO,OWOWWOOO
1,ddelta,498,501,498-501,38,0.7369806114672355,0.7369806114672355,WOOWWWWO,WOOWWOWO,WOOWWWOO,WOOWWOOO
1,ddelta,498,501,498-501,39,1.375022040001722,1.375022040001722,OOOWWWWO,OOOWWOWO,OOOWWWOO,OOOWWOOO
1,ddelta,498,501,498-501,40,1.4649798710210853,1.4649798710210853,WWWOWWWO,WWWOWOWO,WWWOWWOO,WWWOWOOO
1,ddelta,498,501,498-501,41,-1.8602610489095457,1.8602610489095457,OWWOWWWO,OWWOWOWO,OWWOWWOO,OWWOWOOO
1,ddelta,498,501,498-501,42,-2.0686192034172266,2.0686192034172266,WOWOWWWO,WOWOWOWO,WOWOWWOO,WOWOWOOO
1,ddelta,498,501,498-501,43,-1.5028475519834883,1.5028475519834883,OOWOWWWO,OOWOWOWO,OOWOWWOO,OOWOWOOO
1,ddelta,498,501,498-501,44,-1.4587128691072961,1.4587128691072961,WWOOWWWO,WWOOWOWO,WWOOWWOO,WWOOWOOO
1,ddelta,498,501,498-501,45,2.503702346150626,2.503702346150626,OWOOWWWO,OWOOWOWO,OWOOWWOO,OWOOWOOO
1,ddelta,498,501,498-501,46,2.385920948795326,2.385920948795326,WOOOWWWO,WOOOWOWO,WOOOWWOO,WOOOWOOO
1,ddelta,498,501,498-501,47,-0.6848930970029354,0.6848930970029354,OOOOWWWO,OOOOWOWO,OOOOWWOO,OOOOWOOO
1,ddelta,498,501,498-501,48,-6.889175814314405,6.889175814314405,WWWWOWWO,WWWWOOWO,WWWWOWOO,WWWWOOOO
1,ddelta,498,501,498-501,49,2.4205943872605573,2.4205943872605573,OWWWOWWO,OWWWOOWO,OWWWOWOO,OWWWOOOO
1,ddelta,498,501,498-501,50,-1.4616780935254916,1.4616780935254916,WOWWOWWO,WOWWOOWO,WOWWOWOO,WOWWOOOO
1,ddelta,498,501,498-501,51,-0.14616381907405118,0.14616381907405118,OOWWOWWO,OOWWOOWO,OOWWOWOO,OOWWOOOO
1,ddelta,498,501,498-501,52,-0.7449370775229147,0.7449370775229147,WWOWOWWO,WWOWOOWO,WWOWOWOO,WWOWOOOO
1,ddelta,498,501,498-501,53,2.724357009978036,2.724357009978036,OWOWOWWO,OWOWOOWO,OWOWOWOO,OWOWOOOO
1,ddelta,498,501,498-501,54,-1.383020664642518,1.383020664642518,WOOWOWWO,WOOWOOWO,WOOWOWOO,WOOWOOOO
1,ddelta,498,501,498-501,55,-5.738723168752731,5.738723168752731,OOOWOWWO,OOOWOOWO,OOOWOWOO,OOOWOOOO
1,ddelta,498,501,498-501,56,-1.5900234537562672,1.5900234537562672,WWWOOWWO,WWWOOOWO,WWWOOWOO,WWWOOOOO
1,ddelta,498,501,498-501,57,-1.982216070791977,1.982216070791977,OWWOOWWO,OWWOOOWO,OWWOOWOO,OWWOOOOO
1,ddelta,498,501,498-501,58,0.14859361549894512,0.14859361549894512,WOWOOWWO,WOWOOOWO,WOWOOWOO,WOWOOOOO
1,ddelta,498,501,498-501,59,-0.5665593069638852,0.5665593069638852,OOWOOWWO,OOWOOOWO,OOWOOWOO,OOWOOOOO
1,ddelta,498,501,498-501,60,-7.239278359183193,7.239278359183193,WWOOOWWO,WWOOOOWO,WWOOOWOO,WWOOOOOO
1,ddelta,498,501,498-501,61,2.9009690809489244,2.9009690809489244,OWOOOWWO,OWOOOOWO,OWOOOWOO,OWOOOOOO
1,ddelta,498,501,498-501,62,-3.479395946875202,3.479395946875202,WOOOOWWO,WOOOOOWO,WOOOOWOO,WOOOOOOO
1,ddelta,498,501,498-501,63,0.6157949448578601,0.6157949448578601,OOOOOWWO,OOOOOOWO,OOOOOWOO,OOOOOOOO
1,ddelta,498,505,498-505,0,1.6565241233690673,1.6565241233690673,WWWWWWWW,WWWWWOWW,WWWWWWWO,WWWWWOWO
1,ddelta,498,505,498-505,1,-0.17699622360691905,0.17699622360691905,OWWWWWWW,OWWWWOWW,OWWWWWWO,OWWWWOWO
1,ddelta,498,505,498-505,2,2.240937271048897,2.240937271048897,WOWWWWWW,WOWWWOWW,WOWWWWWO,WOWWWOWO
1,ddelta,498,505,498-505,3,1.4105040856369144,1.4105040856369144,OOWWWWWW,OOWWWOWW,OOWWWWWO,OOWWWOWO
1,ddelta,498,505,498-505,4,0.4503281091266095,0.4503281091266095,WWOWWWWW,WWOWWOWW,WWOWWWWO,WWOWWOWO
1,ddelta,498,505,498-505,5,3.639169416867555,3.639169416867555,OWOWWWWW,OWOWWOWW,OWOWWWWO,OWOWWOWO
1,ddelta,498,505,498-505,6,0.34191344873533236,0.34191344873533236,WOOWWWWW,WOOWWOWW,WOOWWWWO,WOOWWOWO
1,ddelta,498,505,498-505,7,-0.12625919405817232,0.12625919405817232,OOOWWWWW,OOOWWOWW,OOOWWWWO,OOOWWOWO
1,ddelta,498,505,498-505,8,1.1994113496017589,1.1994113496017589,WWWOWWWW,WWWOWOWW,WWWOWWWO,WWWOWOWO
1,ddelta,498,505,498-505,9,2.4633075420009556,2.4633075420009556,OWWOWWWW,OWWOWOWW,OWWOWWWO,OWWOWOWO
1,ddelta,498,505,498-505,10,4.432374383275261,4.432374383275261,WOWOWWWW,WOWOWOWW,WOWOWWWO,WOWOWOWO
1,ddelta,498,505,498-505,11,4.071641816996567,4.071641816996567,OOWOWWWW,OOWOWOWW,OOWOWWWO,OOWOWOWO
1,ddelta,498,505,498-505,12,4.246526350491359,4.246526350491359,WWOOWWWW,WWOOWOWW,WWOOWWWO,WWOOWOWO
1,ddelta,498,505,498-505,13,-2.24026627753424,2.24026627753424,OWOOWWWW,OWOOWOWW,OWOOWWWO,OWOOWOWO
1,ddelta,498,505,498-505,14,2.654188205219161,2.654188205219161,WOOOWWWW,WOOOWOWW,WOOOWWWO,WOOOWOWO
1,ddelta,498,505,498-505,15,1.7773636420472383,1.7773636420472383,OOOOWWWW,OOOOWOWW,OOOOWWWO,OOOOWOWO
1,ddelta,498,505,498-505,16,4.685856600560262,4.685856600560262,WWWWOWWW,WWWWOOWW,WWWWOWWO,WWWWOOWO
1,ddelta,498,505,498-505,17,-0.03870150699690411,0.03870150699690411,OWWWOWWW,OWWWOOWW,OWWWOWWO,OWWWOOWO
1,ddelta,498,505,498-505,18,2.4632485810102116,2.4632485810102116,WOWWOWWW,WOWWOOWW,WOWWOWWO,WOWWOOWO
1,ddelta,498,505,498-505,19,1.3836406060983963,1.3836406060983963,OOWWOWWW,OOWWOOWW,OOWWOWWO,OOWWOOWO
1,ddelta,498,505,498-505,20,2.8309312423504505,2.8309312423504505,WWOWOWWW,WWOWOOWW,WWOWOWWO,WWOWOOWO
1,ddelta,498,505,498-505,21,-1.1913653861468527,1.1913653861468527,OWOWOWWW,OWOWOOWW,OWOWOWWO,OWOWOOWO
1,ddelta,498,505,498-505,22,7.734218143946678,7.734218143946678,WOOWOWWW,WOOWOOWW,WOOWOWWO,WOOWOOWO
1,ddelta,498,505,498-505,23,0.9232487070023647,0.9232487070023647,OOOWOWWW,OOOWOOWW,OOOWOWWO,OOOWOOWO
1,ddelta,498,505,498-505,24,0.7988272367635796,0.7988272367635796,WWWOOWWW,WWWOOOWW,WWWOOWWO,WWWOOOWO
1,ddelta,498,505,498-505,25,3.908696569993687,3.908696569993687,OWWOOWWW,OWWOOOWW,OWWOOWWO,OWWOOOWO
1,ddelta,498,505,498-505,26,0.5351659111389244,0.5351659111389244,WOWOOWWW,WOWOOOWW,WOWOOWWO,WOWOOOWO
1,ddelta,498,505,498-505,27,2.233657089400897,2.233657089400897,OOWOOWWW,OOWOOOWW,OOWOOWWO,OOWOOOWO
1,ddelta,498,505,498-505,28,2.7233251382728136,2.7233251382728136,WWOOOWWW,WWOOOOWW,WWOOOWWO,WWOOOOWO
1,ddelta,498,505,498-505,29,1.8031288930714493,1.8031288930714493,OWOOOWWW,OWOOOOWW,OWOOOWWO,OWOOOOWO
1,ddelta,498,505,498-505,30,5.2512754845031635,5.2512754845031635,WOOOOWWW,WOOOOOWW,WOOOOWWO,WOOOOOWO
1,ddelta,498,505,498-505,31,3.185573118343084,3.185573118343084,OOOOOWWW,OOOOOOWW,OOOOOWWO,OOOOOOWO
1,ddelta,498,505,498-505,32,0.9023743010371474,0.9023743010371474,WWWWWWOW,WWWWWOOW,WWWWWWOO,WWWWWOOO
1,ddelta,498,505,498-505,33,2.031139501585782,2.031139501585782,OWWWWWOW,OWWWWOOW,OWWWWWOO,OWWWWOOO
1,ddelta,498,505,498-505,34,1.3382847000626614,1.3382847000626614,WOWWWWOW,WOWWWOOW,WOWWWWOO,WOWWWOOO
1,ddelta,498,505,498-505,35,0.23391844809274498,0.23391844809274498,OOWWWWOW,OOWWWOOW,OOWWWWOO,OOWWWOOO
1,ddelta,498,505,498-505,36,2.511444380690544,2.511444380690544,WWOWWWOW,WWOWWOOW,WWOWWWOO,WWOWWOOO
1,ddelta,498,505,498-505,37,1.7175717079632444,1.7175717079632444,OWOWWWOW,OWOWWOOW,OWOWWWOO,OWOWWOOO
1,ddelta,498,505,498-505,38,0.46706002410992775,0.46706002410992775,WOOWWWOW,WOOWWOOW,WOOWWWOO,WOOWWOOO
1,ddelta,498,505,498-505,39,-0.9014104400824862,0.9014104400824862,OOOWWWOW,OOOWWOOW,OOOWWWOO,OOOWWOOO
1,ddelta,498,505,498-505,40,-0.3287732117950335,0.3287732117950335,WWWOWWOW,WWWOWOOW,WWWOWWOO,WWWOWOOO
1,ddelta,498,505,498-505,41,-0.0950184225938196,0.0950184225938196,OWWOWWOW,OWWOWOOW,OWWOWWOO,OWWOWOOO
1,ddelta,498,505,498-505,42,1.2761623722419921,1.2761623722419921,WOWOWWOW,WOWOWOOW,WOWOWWOO,WOWOWOOO
1,ddelta,498,505,498-505,43,-0.8842192092350797,0.8842192092350797,OOWOWWOW,OOWOWOOW,OOWOWWOO,OOWOWOOO
1,ddelta,498,505,498-505,44,1.203533997755692,1.203533997755692,WWOOWWOW,WWOOWOOW,WWOOWWOO,WWOOWOOO
1,ddelta,498,505,498-505,45,-0.0802157427689016,0.0802157427689016,OWOOWWOW,OWOOWOOW,OWOOWWOO,OWOOWOOO
1,ddelta,498,505,498-505,46,2.5244243814568055,2.5244243814568055,WOOOWWOW,WOOOWOOW,WOOOWWOO,WOOOWOOO
1,ddelta,498,505,498-505,47,-0.23545087484310917,0.23545087484310917,OOOOWWOW,OOOOWOOW,OOOOWWOO,OOOOWOOO
1,ddelta,498,505,498-505,48,-0.8509430002822517,0.8509430002822517,WWWWOWOW,WWWWOOOW,WWWWOWOO,WWWWOOOO
1,ddelta,498,505,498-505,49,2.237936566639936,2.237936566639936,OWWWOWOW,OWWWOOOW,OWWWOWOO,OWWWOOOO
1,ddelta,498,505,498-505,50,1.4290936437855934,1.4290936437855934,WOWWOWOW,WOWWOOOW,WOWWOWOO,WOWWOOOO
1,ddelta,498,505,498-505,51,2.879422902262492,2.879422902262492,OOWWOWOW,OOWWOOOW,OOWWOWOO,OOWWOOOO
1,ddelta,498,505,498-505,52,0.5018036626481104,0.5018036626481104,WWOWOWOW,WWOWOOOW,WWOWOWOO,WWOWOOOO
1,ddelta,498,505,498-505,53,2.161672245958756,2.161672245958756,OWOWOWOW,OWOWOOOW,OWOWOWOO,OWOWOOOO
1,ddelta,498,505,498-505,54,2.971125214965217,2.971125214965217,WOOWOWOW,WOOWOOOW,WOOWOWOO,WOOWOOOO
1,ddelta,498,505,498-505,55,-4.466836386626965,4.466836386626965,OOOWOWOW,OOOWOOOW,OOOWOWOO,OOOWOOOO
1,ddelta,498,505,498-505,56,1.1167677987841118,1.1167677987841118,WWWOOWOW,WWWOOOOW,WWWOOWOO,WWWOOOOO
1,ddelta,498,505,498-505,57,2.9848729316355955,2.9848729316355955,OWWOOWOW,OWWOOOOW,OWWOOWOO,OWWOOOOO
1,ddelta,498,505,498-505,58,2.6568997972974087,2.6568997972974087,WOWOOWOW,WOWOOOOW,WOWOOWOO,WOWOOOOO
1,ddelta,498,505,498-505,59,0.532979968354329,0.532979968354329,OOWOOWOW,OOWOOOOW,OOWOOWOO,OOWOOOOO
1,ddelta,498,505,498-505,60,-2.27682443516303,2.27682443516303,WWOOOWOW,WWOOOOOW,WWOOOWOO,WWOOOOOO
1,ddelta,498,505,498-505,61,2.602467605533924,2.602467605533924,OWOOOWOW,OWOOOOOW,OWOOOWOO,OWOOOOOO
1,ddelta,498,505,498-505,62,1.594816720503139,1.594816720503139,WOOOOWOW,WOOOOOOW,WOOOOWOO,WOOOOOOO
1,ddelta,498,505,498-505,63,2.3369654273369047,2.3369654273369047,OOOOOWOW,OOOOOOOW,OOOOOWOO,OOOOOOOO
1,ddelta,501,505,501-505,0,1.359376221227919,1.359376221227919,WWWWWWWW,WWWWWWOW,WWWWWWWO,WWWWWWOO
1,ddelta,501,505,501-505,1,0.09184306906417614,0.09184306906417614,OWWWWWWW,OWWWWWOW,OWWWWWWO,OWWWWWOO
1,ddelta,501,505,501-505,2,0.6142646992127441,0.6142646992127441,WOWWWWWW,WOWWWWOW,WOWWWWWO,WOWWWWOO
1,ddelta,501,505,501-505,3,1.89467493316773,1.89467493316773,OOWWWWWW,OOWWWWOW,OOWWWWWO,OOWWWWOO
1,ddelta,501,505,501-505,4,-0.45115015452202645,0.45115015452202645,WWOWWWWW,WWOWWWOW,WWOWWWWO,WWOWWWOO
1,ddelta,501,505,501-505,5,2.3092358973302853,2.3092358973302853,OWOWWWWW,OWOWWWOW,OWOWWWWO,OWOWWWOO
1,ddelta,501,505,501-505,6,2.441433151269391,2.441433151269391,WOOWWWWW,WOOWWWOW,WOOWWWWO,WOOWWWOO
1,ddelta,501,505,501-505,7,-1.6472900562608666,1.6472900562608666,OOOWWWWW,OOOWWWOW,OOOWWWWO,OOOWWWOO
1,ddelta,501,505,501-505,8,1.6023060774166986,1.6023060774166986,WWWOWWWW,WWWOWWOW,WWWOWWWO,WWWOWWOO
1,ddelta,501,505,501-505,9,1.0674762295936657,1.0674762295936657,OWWOWWWW,OWWOWWOW,OWWOWWWO,OWWOWWOO
1,ddelta,501,505,501-505,10,4.073813109427559,4.073813109427559,WOWOWWWW,WOWOWWOW,WOWOWWWO,WOWOWWOO
1,ddelta,501,505,501-505,11,0.8200985280824495,0.8200985280824495,OOWOWWWW,OOWOWWOW,OOWOWWWO,OOWOWWOO
1,ddelta,501,505,501-505,12,4.318868619500577,4.318868619500577,WWOOWWWW,WWOOWWOW,WWOOWWWO,WWOOWWOO
1,ddelta,501,505,501-505,13,0.15771410441004013,0.15771410441004013,OWOOWWWW,OWOOWWOW,OWOOWWWO,OWOOWWOO
1,ddelta,501,505,501-505,14,1.8430551721551287,1.8430551721551287,WOOOWWWW,WOOOWWOW,WOOOWWWO,WOOOWWOO
1,ddelta,501,505,501-505,15,1.5042991435494393,1.5042991435494393,OOOOWWWW,OOOOWWOW,OOOOWWWO,OOOOWWOO
1,ddelta,501,505,501-505,16,2.8525088607546074,2.8525088607546074,WWWWOWWW,WWWWOWOW,WWWWOWWO,WWWWOWOO
1,ddelta,501,505,501-505,17,0.3038697254081346,0.3038697254081346,OWWWOWWW,OWWWOWOW,OWWWOWWO,OWWWOWOO
1,ddelta,501,505,501-505,18,1.5483496364131717,1.5483496364131717,WOWWOWWW,WOWWOWOW,WOWWOWWO,WOWWOWOO
1,ddelta,501,505,501-505,19,0.4979864991915265,0.4979864991915265,OOWWOWWW,OOWWOWOW,OOWWOWWO,OOWWOWOO
1,ddelta,501,505,501-505,20,1.6334065607469062,1.6334065607469062,WWOWOWWW,WWOWOWOW,WWOWOWWO,WWOWOWOO
1,ddelta,501,505,501-505,21,-2.7614776459852157,2.7614776459852157,OWOWOWWW,OWOWOWOW,OWOWOWWO,OWOWOWOO
1,ddelta,501,505,501-505,22,2.8474640844232217,2.8474640844232217,WOOWOWWW,WOOWOWOW,WOOWOWWO,WOOWOWOO
1,ddelta,501,505,501-505,23,2.2412431132733124,2.2412431132733124,OOOWOWWW,OOOWOWOW,OOOWOWWO,OOOWOWOO
1,ddelta,501,505,501-505,24,-1.2526504360424089,1.2526504360424089,WWWOOWWW,WWWOOWOW,WWWOOWWO,WWWOOWOO
1,ddelta,501,505,501-505,25,-0.7283702513690793,0.7283702513690793,OWWOOWWW,OWWOOWOW,OWWOOWWO,OWWOOWOO
1,ddelta,501,505,501-505,26,-4.068955711657212,4.068955711657212,WOWOOWWW,WOWOOWOW,WOWOOWWO,WOWOOWOO
1,ddelta,501,505,501-505,27,-0.05656646188435266,0.05656646188435266,OOWOOWWW,OOWOOWOW,OOWOOWWO,OOWOOWOO
1,ddelta,501,505,501-505,28,4.415999457456148,4.415999457456148,WWOOOWWW,WWOOOWOW,WWOOOWWO,WWOOOWOO
1,ddelta,501,505,501-505,29,-3.5856010670726164,3.5856010670726164,OWOOOWWW,OWOOOWOW,OWOOOWWO,OWOOOWOO
1,ddelta,501,505,501-505,30,-0.9918024385515825,0.9918024385515825,WOOOOWWW,WOOOOWOW,WOOOOWWO,WOOOOWOO
1,ddelta,501,505,501-505,31,-1.5537383196182273,1.5537383196182273,OOOOOWWW,OOOOOWOW,OOOOOWWO,OOOOOWOO
1,ddelta,501,505,501-505,32,0.6052263988959992,0.6052263988959992,WWWWWOWW,WWWWWOOW,WWWWWOWO,WWWWWOOO
1,ddelta,501,505,501-505,33,2.299978794256877,2.299978794256877,OWWWWOWW,OWWWWOOW,OWWWWOWO,OWWWWOOO
1,ddelta,501,505,501-505,34,-0.288387871773491,0.288387871773491,WOWWWOWW,WOWWWOOW,WOWWWOWO,WOWWWOOO
1,ddelta,501,505,501-505,35,0.7180892956235605,0.7180892956235605,OOWWWOWW,OOWWWOOW,OOWWWOWO,OOWWWOOO
1,ddelta,501,505,501-505,36,1.6099661170419077,1.6099661170419077,WWOWWOWW,WWOWWOOW,WWOWWOWO,WWOWWOOO
1,ddelta,501,505,501-505,37,0.3876381884259752,0.3876381884259752,OWOWWOWW,OWOWWOOW,OWOWWOWO,OWOWWOOO
1,ddelta,501,505,501-505,38,2.5665797266439863,2.5665797266439863,WOOWWOWW,WOOWWOOW,WOOWWOWO,WOOWWOOO
1,ddelta,501,505,501-505,39,-2.4224413022851805,2.4224413022851805,OOOWWOWW,OOOWWOOW,OOOWWOWO,OOOWWOOO
1,ddelta,501,505,501-505,40,0.07412151601990624,0.07412151601990624,WWWOWOWW,WWWOWOOW,WWWOWOWO,WWWOWOOO
1,ddelta,501,505,501-505,41,-1.4908497350011096,1.4908497350011096,OWWOWOWW,OWWOWOOW,OWWOWOWO,OWWOWOOO
1,ddelta,501,505,501-505,42,0.9176010983942904,0.9176010983942904,WOWOWOWW,WOWOWOOW,WOWOWOWO,WOWOWOOO
1,ddelta,501,505,501-505,43,-4.135762498149196,4.135762498149196,OOWOWOWW,OOWOWOOW,OOWOWOWO,OOWOWOOO
1,ddelta,501,505,501-505,44,1.2758762667649104,1.2758762667649104,WWOOWOWW,WWOOWOOW,WWOOWOWO,WWOOWOOO
1,ddelta,501,505,501-505,45,2.317764639175379,2.317764639175379,OWOOWOWW,OWOOWOOW,OWOOWOWO,OWOOWOOO
1,ddelta,501,505,501-505,46,1.7132913483927732,1.7132913483927732,WOOOWOWW,WOOOWOOW,WOOOWOWO,WOOOWOOO
1,ddelta,501,505,501-505,47,-0.5085153733409081,0.5085153733409081,OOOOWOWW,OOOOWOOW,OOOOWOWO,OOOOWOOO
1,ddelta,501,505,501-505,48,-2.684290740087907,2.684290740087907,WWWWOOWW,WWWWOOOW,WWWWOOWO,WWWWOOOO
1,ddelta,501,505,501-505,49,2.5805077990449745,2.5805077990449745,OWWWOOWW,OWWWOOOW,OWWWOOWO,OWWWOOOO
1,ddelta,501,505,501-505,50,0.5141946991885529,0.5141946991885529,WOWWOOWW,WOWWOOOW,WOWWOOWO,WOWWOOOO
1,ddelta,501,505,501-505,51,1.9937687953556222,1.9937687953556222,OOWWOOWW,OOWWOOOW,OOWWOOWO,OOWWOOOO
1,ddelta,501,505,501-505,52,-0.695721018955434,0.695721018955434,WWOWOOWW,WWOWOOOW,WWOWOOWO,WWOWOOOO
1,ddelta,501,505,501-505,53,0.5915599861203933,0.5915599861203933,OWOWOOWW,OWOWOOOW,OWOWOOWO,OWOWOOOO
1,ddelta,501,505,501-505,54,-1.9156288445582397,1.9156288445582397,WOOWOOWW,WOOWOOOW,WOOWOOWO,WOOWOOOO
1,ddelta,501,505,501-505,55,-3.148841980356017,3.148841980356017,OOOWOOWW,OOOWOOOW,OOOWOOWO,OOOWOOOO
1,ddelta,501,505,501-505,56,-0.9347098740218764,0.9347098740218764,WWWOOOWW,WWWOOOOW,WWWOOOWO,WWWOOOOO
1,ddelta,501,505,501-505,57,-1.6521938897271715,1.6521938897271715,OWWOOOWW,OWWOOOOW,OWWOOOWO,OWWOOOOO
1,ddelta,501,505,501-505,58,-1.9472218254987284,1.9472218254987284,WOWOOOWW,WOWOOOOW,WOWOOOWO,WOWOOOOO
1,ddelta,501,505,501-505,59,-1.7572435829309203,1.7572435829309203,OOWOOOWW,OOWOOOOW,OOWOOOWO,OOWOOOOO
1,ddelta,501,505,501-505,60,-0.5841501159796949,0.5841501159796949,WWOOOOWW,WWOOOOOW,WWOOOOWO,WWOOOOOO
1,ddelta,501,505,501-505,61,-2.786262354610142,2.786262354610142,OWOOOOWW,OWOOOOOW,OWOOOOWO,OWOOOOOO
1,ddelta,501,505,501-505,62,-4.648261202551607,4.648261202551607,WOOOOOWW,WOOOOOOW,WOOOOOWO,WOOOOOOO
1,ddelta,501,505,501-505,63,-2.402346010624406,2.402346010624406,OOOOOOWW,OOOOOOOW,OOOOOOWO,OOOOOOOO
2,ddelta,477,478,477-478,0,1.4163851191839696,1.4163851191839696,WWWWWWWW,OWWWWWWW,WOWWWWWW,OOWWWWWW
2,ddelta,477,478,477-478,1,1.1625141765567666,1.1625141765567666,WWOWWWWW,OWOWWWWW,WOOWWWWW,OOOWWWWW
2,ddelta,477,478,477-478,2,0.16849823486469134,0.16849823486469134,WWWOWWWW,OWWOWWWW,WOWOWWWW,OOWOWWWW
2,ddelta,477,478,477-478,3,1.454549012067511,1.454549012067511,WWOOWWWW,OWOOWWWW,WOOOWWWW,OOOOWWWW
2,ddelta,477,478,477-478,4,0.21054091709263906,0.21054091709263906,WWWWOWWW,OWWWOWWW,WOWWOWWW,OOWWOWWW
2,ddelta,477,478,477-478,5,-1.042775255047661,1.042775255047661,WWOWOWWW,OWOWOWWW,WOOWOWWW,OOOWOWWW
2,ddelta,477,478,477-478,6,-3.6731643046260727,3.6731643046260727,WWWOOWWW,OWWOOWWW,WOWOOWWW,OOWOOWWW
2,ddelta,477,478,477-478,7,-1.5887651525336637,1.5887651525336637,WWOOOWWW,OWOOOWWW,WOOOOWWW,OOOOOWWW
2,ddelta,477,478,477-478,8,1.7119475302486575,1.7119475302486575,WWWWWOWW,OWWWWOWW,WOWWWOWW,OOWWWOWW
2,ddelta,477,478,477-478,9,-1.273985233326368,1.273985233326368,WWOWWOWW,OWOWWOWW,WOOWWOWW,OOOWWOWW
2,ddelta,477,478,477-478,10,0.198370365156882,0.198370365156882,WWWOWOWW,OWWOWOWW,WOWOWOWW,OOWOWOWW
2,ddelta,477,478,477-478,11,-0.6922574477878425,0.6922574477878425,WWOOWOWW,OWOOWOWW,WOOOWOWW,OOOOWOWW
2,ddelta,477,478,477-478,12,-0.6347850078110331,0.6347850078110331,WWWWOOWW,OWWWOOWW,WOWWOOWW,OOWWOOWW
2,ddelta,477,478,477-478,13,0.3436326603421027,0.3436326603421027,WWOWOOWW,OWOWOOWW,WOOWOOWW,OOOWOOWW
2,ddelta,477,478,477-478,14,2.654300790442028,2.654300790442028,WWWOOOWW,OWWOOOWW,WOWOOOWW,OOWOOOWW
2,ddelta,477,478,477-478,15,0.30683189366334407,0.30683189366334407,WWOOOOWW,OWOOOOWW,WOOOOOWW,OOOOOOWW
2,ddelta,477,478,477-478,16,-0.1229477266119362,0.1229477266119362,WWWWWWOW,OWWWWWOW,WOWWWWOW,OOWWWWOW
2,ddelta,477,478,477-478,17,-1.9489515573079703,1.9489515573079703,WWOWWWOW,OWOWWWOW,WOOWWWOW,OOOWWWOW
2,ddelta,477,478,477-478,18,-0.7500176805146854,0.7500176805146854,WWWOWWOW,OWWOWWOW,WOWOWWOW,OOWOWWOW
2,ddelta,477,478,477-478,19,-1.3999589801763856,1.3999589801763856,WWOOWWOW,OWOOWWOW,WOOOWWOW,OOOOWWOW
2,ddelta,477,478,477-478,20,-0.21059185746913434,0.21059185746913434,WWWWOWOW,OWWWOWOW,WOWWOWOW,OOWWOWOW
2,ddelta,477,478,477-478,21,0.9798764739071738,0.9798764739071738,WWOWOWOW,OWOWOWOW,WOOWOWOW,OOOWOWOW
2,ddelta,477,478,477-478,22,3.6228033373474062,3.6228033373474062,WWWOOWOW,OWWOOWOW,WOWOOWOW,OOWOOWOW
2,ddelta,477,478,477-478,23,0.8676151826440871,0.8676151826440871,WWOOOWOW,OWOOOWOW,WOOOOWOW,OOOOOWOW
2,ddelta,477,478,477-478,24,0.6952596392135296,0.6952596392135296,WWWWWOOW,OWWWWOOW,WOWWWOOW,OOWWWOOW
2,ddelta,477,478,477-478,25,-0.5756842833082811,0.5756842833082811,WWOWWOOW,OWOWWOOW,WOOWWOOW,OOOWWOOW
2,ddelta,477,478,477-478,26,-0.6818269417419025,0.6818269417419025,WWWOWOOW,OWWOWOOW,WOWOWOOW,OOWOWOOW
2,ddelta,477,478,477-478,27,1.4608118469995224,1.4608118469995224,WWOOWOOW,OWOOWOOW,WOOOWOOW,OOOOWOOW
2,ddelta,477,478,477-478,28,-1.9815208998897278,1.9815208998897278,WWWWOOOW,OWWWOOOW,WOWWOOOW,OOWWOOOW
2,ddelta,477,478,477-478,29,1.3258558955460056,1.3258558955460056,WWOWOOOW,OWOWOOOW,WOOWOOOW,OOOWOOOW
2,ddelta,477,478,477-478,30,-1.3567985993655356,1.3567985993655356,WWWOOOOW,OWWOOOOW,WOWOOOOW,OOWOOOOW
2,ddelta,477,478,477-478,31,3.2656768668275076,3.2656768668275076,WWOOOOOW,OWOOOOOW,WOOOOOOW,OOOOOOOW
2,ddelta,477,478,477-478,32,1.272114508305438,1.272114508305438,WWWWWWWO,OWWWWWWO,WOWWWWWO,OOWWWWWO
2,ddelta,477,478,477-478,33,-0.9225330500291598,0.9225330500291598,WWOWWWWO,OWOWWWWO,WOOWWWWO,OOOWWWWO
2,ddelta,477,478,477-478,34,-0.9076272619951715,0.9076272619951715,WWWOWWWO,OWWOWWWO,WOWOWWWO,OOWOWWWO
2,ddelta,477,478,477-478,35,0.07070959889450545,0.07070959889450545,WWOOWWWO,OWOOWWWO,WOOOWWWO,OOOOWWWO
2,ddelta,477,478,477-478,36,-0.9236176783131818,0.9236176783131818,WWWWOWWO,OWWWOWWO,WOWWOWWO,OOWWOWWO
2,ddelta,477,478,477-478,37,-3.1247977494244865,3.1247977494244865,WWOWOWWO,OWOWOWWO,WOOWOWWO,OOOWOWWO
2,ddelta,477,478,477-478,38,2.2507478195348565,2.2507478195348565,WWWOOWWO,OWWOOWWO,WOWOOWWO,OOWOOWWO
2,ddelta,477,478,477-478,39,4.610225764968677,4.610225764968677,WWOOOWWO,OWOOOWWO,WOOOOWWO,OOOOOWWO
2,ddelta,477,478,477-478,40,1.0541062611524545,1.0541062611524545,WWWWWOWO,OWWWWOWO,WOWWWOWO,OOWWWOWO
2,ddelta,477,478,477-478,41,2.351892076355772,2.351892076355772,WWOWWOWO,OWOWWOWO,WOOWWOWO,OOOWWOWO
2,ddelta,477,478,477-478,42,1.0159360821735093,1.0159360821735093,WWWOWOWO,OWWOWOWO,WOWOWOWO,OOWOWOWO
2,ddelta,477,478,477-478,43,-0.25464127236796275,0.25464127236796275,WWOOWOWO,OWOOWOWO,WOOOWOWO,OOOOWOWO
2,ddelta,477,478,477-478,44,0.9758938308210041,0.9758938308210041,WWWWOOWO,OWWWOOWO,WOWWOOWO,OOWWOOWO
2,ddelta,477,478,477-478,45,-0.602158686687424,0.602158686687424,WWOWOOWO,OWOWOOWO,WOOWOOWO,OOOWOOWO
2,ddelta,477,478,477-478,46,1.6024277846100776,1.6024277846100776,WWWOOOWO,OWWOOOWO,WOWOOOWO,OOWOOOWO
2,ddelta,477,478,477-478,47,1.1059704211128243,1.1059704211128243,WWOOOOWO,OWOOOOWO,WOOOOOWO,OOOOOOWO
2,ddelta,477,478,477-478,48,-1.1101676978520936,1.1101676978520936,WWWWWWOO,OWWWWWOO,WOWWWWOO,OOWWWWOO
2,ddelta,477,478,477-478,49,0.8766531501708411,0.8766531501708411,WWOWWWOO,OWOWWWOO,WOOWWWOO,OOOWWWOO
2,ddelta,477,478,477-478,50,-0.3617129666762553,0.3617129666762553,WWWOWWOO,OWWOWWOO,WOWOWWOO,OOWOWWOO
2,ddelta,477,478,477-478,51,0.5879727014085783,0.5879727014085783,WWOOWWOO,OWOOWWOO,WOOOWWOO,OOOOWWOO
2,ddelta,477,478,477-478,52,0.11445663756311686,0.11445663756311686,WWWWOWOO,OWWWOWOO,WOWWOWOO,OOWWOWOO
2,ddelta,477,478,477-478,53,0.13050472512883393,0.13050472512883393,WWOWOWOO,OWOWOWOO,WOOWOWOO,OOOWOWOO
2,ddelta,477,478,477-478,54,-3.080815063262757,3.080815063262757,WWWOOWOO,OWWOOWOO,WOWOOWOO,OOWOOWOO
2,ddelta,477,478,477-478,55,0.9862149270023115,0.9862149270023115,WWOOOWOO,OWOOOWOO,WOOOOWOO,OOOOOWOO
2,ddelta,477,478,477-478,56,-0.5850358761967073,0.5850358761967073,WWWWWOOO,OWWWWOOO,WOWWWOOO,OOWWWOOO
2,ddelta,477,478,477-478,57,0.9731086696945914,0.9731086696945914,WWOWWOOO,OWOWWOOO,WOOWWOOO,OOOWWOOO
2,ddelta,477,478,477-478,58,0.7292439103826429,0.7292439103826429,WWWOWOOO,OWWOWOOO,WOWOWOOO,OOWOWOOO
2,ddelta,477,478,477-478,59,3.011204501057085,3.011204501057085,WWOOWOOO,OWOOWOOO,WOOOWOOO,OOOOWOOO
2,ddelta,477,478,477-478,60,-3.3962079289279896,3.3962079289279896,WWWWOOOO,OWWWOOOO,WOWWOOOO,OOWWOOOO
2,ddelta,477,478,477-478,61,1.0664634284031038,1.0664634284031038,WWOWOOOO,OWOWOOOO,WOOWOOOO,OOOWOOOO
2,ddelta,477,478,477-478,62,0.6910722499507809,0.6910722499507809,WWWOOOOO,OWWOOOOO,WOWOOOOO,OOWOOOOO
2,ddelta,477,478,477-478,63,0.668206656554275,0.668206656554275,WWOOOOOO,OWOOOOOO,WOOOOOOO,OOOOOOOO
2,ddelta,477,484,477-484,0,-0.9052694593697101,0.9052694593697101,WWWWWWWW,OWWWWWWW,WWOWWWWW,OWOWWWWW
2,ddelta,477,484,477-484,1,-1.1591404019969134,1.1591404019969134,WOWWWWWW,OOWWWWWW,WOOWWWWW,OOOWWWWW
2,ddelta,477,484,477-484,2,-1.2455873013071617,1.2455873013071617,WWWOWWWW,OWWOWWWW,WWOOWWWW,OWOOWWWW
2,ddelta,477,484,477-484,3,0.04046347589565824,0.04046347589565824,WOWOWWWW,OOWOWWWW,WOOOWWWW,OOOOWWWW
2,ddelta,477,484,477-484,4,1.905374323444522,1.905374323444522,WWWWOWWW,OWWWOWWW,WWOWOWWW,OWOWOWWW
2,ddelta,477,484,477-484,5,0.6520581513042217,0.6520581513042217,WOWWOWWW,OOWWOWWW,WOOWOWWW,OOOWOWWW
2,ddelta,477,484,477-484,6,0.23901241857308886,0.23901241857308886,WWWOOWWW,OWWOOWWW,WWOOOWWW,OWOOOWWW
2,ddelta,477,484,477-484,7,2.3234115706654976,2.3234115706654976,WOWOOWWW,OOWOOWWW,WOOOOWWW,OOOOOWWW
2,ddelta,477,484,477-484,8,1.0780235156920541,1.0780235156920541,WWWWWOWW,OWWWWOWW,WWOWWOWW,OWOWWOWW
2,ddelta,477,484,477-484,9,-1.9079092478829711,1.9079092478829711,WOWWWOWW,OOWWWOWW,WOOWWOWW,OOOWWOWW
2,ddelta,477,484,477-484,10,1.8228406646868194,1.8228406646868194,WWWOWOWW,OWWOWOWW,WWOOWOWW,OWOOWOWW
2,ddelta,477,484,477-484,11,0.9322128517420949,0.9322128517420949,WOWOWOWW,OOWOWOWW,WOOOWOWW,OOOOWOWW
2,ddelta,477,484,477-484,12,-0.7383016172120263,0.7383016172120263,WWWWOOWW,OWWWOOWW,WWOWOOWW,OWOWOOWW
2,ddelta,477,484,477-484,13,0.24011605094110955,0.24011605094110955,WOWWOOWW,OOWWOOWW,WOOWOOWW,OOOWOOWW
2,ddelta,477,484,477-484,14,2.2887144150012158,2.2887144150012158,WWWOOOWW,OWWOOOWW,WWOOOOWW,OWOOOOWW
2,ddelta,477,484,477-484,15,-0.05875448177746856,0.05875448177746856,WOWOOOWW,OOWOOOWW,WOOOOOWW,OOOOOOWW
2,ddelta,477,484,477-484,16,0.7310926597194664,0.7310926597194664,WWWWWWOW,OWWWWWOW,WWOWWWOW,OWOWWWOW
2,ddelta,477,484,477-484,17,-1.0949111709765678,1.0949111709765678,WOWWWWOW,OOWWWWOW,WOOWWWOW,OOOWWWOW
2,ddelta,477,484,477-484,18,-0.8391201831433681,0.8391201831433681,WWWOWWOW,OWWOWWOW,WWOOWWOW,OWOOWWOW
2,ddelta,477,484,477-484,19,-1.4890614828050688,1.4890614828050688,WOWOWWOW,OOWOWWOW,WOOOWWOW,OOOOWWOW
2,ddelta,477,484,477-484,20,-0.4972644559041066,0.4972644559041066,WWWWOWOW,OWWWOWOW,WWOWOWOW,OWOWOWOW
2,ddelta,477,484,477-484,21,0.6932038754722014,0.6932038754722014,WOWWOWOW,OOWWOWOW,WOOWOWOW,OOOWOWOW
2,ddelta,477,484,477-484,22,2.4042006664677,2.4042006664677,WWWOOWOW,OWWOOWOW,WWOOOWOW,OWOOOWOW
2,ddelta,477,484,477-484,23,-0.3509874882356188,0.3509874882356188,WOWOOWOW,OOWOOWOW,WOOOOWOW,OOOOOWOW
2,ddelta,477,484,477-484,24,-0.306842885657585,0.306842885657585,WWWWWOOW,OWWWWOOW,WWOWWOOW,OWOWWOOW
2,ddelta,477,484,477-484,25,-1.5777868081793958,1.5777868081793958,WOWWWOOW,OOWWWOOW,WOOWWOOW,OOOWWOOW
2,ddelta,477,484,477-484,26,-0.7883345516935265,0.7883345516935265,WWWOWOOW,OWWOWOOW,WWOOWOOW,OWOOWOOW
2,ddelta,477,484,477-484,27,1.3543042370478986,1.3543042370478986,WOWOWOOW,OOWOWOOW,WOOOWOOW,OOOOWOOW
2,ddelta,477,484,477-484,28,-1.3064990789693605,1.3064990789693605,WWWWOOOW,OWWWOOOW,WWOWOOOW,OWOWOOOW
2,ddelta,477,484,477-484,29,2.0008777164663725,2.0008777164663725,WOWWOOOW,OOWWOOOW,WOOWOOOW,OOOWOOOW
2,ddelta,477,484,477-484,30,-1.430106195131781,1.430106195131781,WWWOOOOW,OWWOOOOW,WWOOOOOW,OWOOOOOW
2,ddelta,477,484,477-484,31,3.1923692710612617,3.1923692710612617,WOWOOOOW,OOWOOOOW,WOOOOOOW,OOOOOOOW
2,ddelta,477,484,477-484,32,0.9570665556696151,0.9570665556696151,WWWWWWWO,OWWWWWWO,WWOWWWWO,OWOWWWWO
2,ddelta,477,484,477-484,33,-1.2375810026649825,1.2375810026649825,WOWWWWWO,OOWWWWWO,WOOWWWWO,OOOWWWWO
2,ddelta,477,484,477-484,34,-0.25431450901036445,0.25431450901036445,WWWOWWWO,OWWOWWWO,WWOOWWWO,OWOOWWWO
2,ddelta,477,484,477-484,35,0.7240223518793121,0.7240223518793121,WOWOWWWO,OOWOWWWO,WOOOWWWO,OOOOWWWO
2,ddelta,477,484,477-484,36,-0.16435304476153068,0.16435304476153068,WWWWOWWO,OWWWOWWO,WWOWOWWO,OWOWOWWO
2,ddelta,477,484,477-484,37,-2.3655331158728354,2.3655331158728354,WOWWOWWO,OOWWOWWO,WOOWOWWO,OOOWOWWO
2,ddelta,477,484,477-484,38,-4.593012759030193,4.593012759030193,WWWOOWWO,OWWOOWWO,WWOOOWWO,OWOOOWWO
2,ddelta,477,484,477-484,39,-2.233534813596375,2.233534813596375,WOWOOWWO,OOWOOWWO,WOOOOWWO,OOOOOWWO
2,ddelta,477,484,477-484,40,-0.6423793554136927,0.6423793554136927,WWWWWOWO,OWWWWOWO,WWOWWOWO,OWOWWOWO
2,ddelta,477,484,477-484,41,0.6554064597896241,0.6554064597896241,WOWWWOWO,OOWWWOWO,WOOWWOWO,OOOWWOWO
2,ddelta,477,484,477-484,42,0.6488636636650962,0.6488636636650962,WWWOWOWO,OWWOWOWO,WWOOWOWO,OWOOWOWO
2,ddelta,477,484,477-484,43,-0.6217136908763761,0.6217136908763761,WOWOWOWO,OOWOWOWO,WOOOWOWO,OOOOWOWO
2,ddelta,477,484,477-484,44,0.9057721566907562,0.9057721566907562,WWWWOOWO,OWWWOOWO,WWOWOOWO,OWOWOOWO
2,ddelta,477,484,477-484,45,-0.6722803608176717,0.6722803608176717,WOWWOOWO,OOWWOOWO,WOOWOOWO,OOOWOOWO
2,ddelta,477,484,477-484,46,0.7112518666980292,0.7112518666980292,WWWOOOWO,OWWOOOWO,WWOOOOWO,OWOOOOWO
2,ddelta,477,484,477-484,47,0.21479450320077587,0.21479450320077587,WOWOOOWO,OOWOOOWO,WOOOOOWO,OOOOOOWO
2,ddelta,477,484,477-484,48,-0.333491746846447,0.333491746846447,WWWWWWOO,OWWWWWOO,WWOWWWOO,OWOWWWOO
2,ddelta,477,484,477-484,49,1.6533291011764877,1.6533291011764877,WOWWWWOO,OOWWWWOO,WOOWWWOO,OOOWWWOO
2,ddelta,477,484,477-484,50,-0.9710519195105922,0.9710519195105922,WWWOWWOO,OWWOWWOO,WWOOWWOO,OWOOWWOO
2,ddelta,477,484,477-484,51,-0.021366251425758653,0.021366251425758653,WOWOWWOO,OOWOWWOO,WOOOWWOO,OOOOWWOO
2,ddelta,477,484,477-484,52,0.20319991472755494,0.20319991472755494,WWWWOWOO,OWWWOWOO,WWOWOWOO,OWOWOWOO
2,ddelta,477,484,477-484,53,0.21924800229327213,0.21924800229327213,WOWWOWOO,OOWWOWOO,WOOWOWOO,OOOWOWOO
2,ddelta,477,484,477-484,54,0.7779649778336633,0.7779649778336633,WWWOOWOO,OWWOOWOO,WWOOOWOO,OWOOOWOO
2,ddelta,477,484,477-484,55,4.844994968098732,4.844994968098732,WOWOOWOO,OOWOOWOO,WOOOOWOO,OOOOOWOO
2,ddelta,477,484,477-484,56,-1.2728039015387163,1.2728039015387163,WWWWWOOO,OWWWWOOO,WWOWWOOO,OWOWWOOO
2,ddelta,477,484,477-484,57,0.28534064435258244,0.28534064435258244,WOWWWOOO,OOWWWOOO,WOOWWOOO,OOOWWOOO
2,ddelta,477,484,477-484,58,-1.3585986906620557,1.3585986906620557,WWWOWOOO,OWWOWOOO,WWOOWOOO,OWOOWOOO
2,ddelta,477,484,477-484,59,0.923361900012386,0.923361900012386,WOWOWOOO,OOWOWOOO,WOOOWOOO,OOOOWOOO
2,ddelta,477,484,477-484,60,-3.229413190390654,3.229413190390654,WWWWOOOO,OWWWOOOO,WWOWOOOO,OWOWOOOO
2,ddelta,477,484,477-484,61,1.2332581669404385,1.2332581669404385,WOWWOOOO,OOWWOOOO,WOOWOOOO,OOOWOOOO
2,ddelta,477,484,477-484,62,0.328223183536148,0.328223183536148,WWWOOOOO,OWWOOOOO,WWOOOOOO,OWOOOOOO
2,ddelta,477,484,477-484,63,0.30535759013964214,0.30535759013964214,WOWOOOOO,OOWOOOOO,WOOOOOOO,OOOOOOOO
2,ddelta,477,493,477-493,0,0.21772683770544243,0.21772683770544243,WWWWWWWW,OWWWWWWW,WWWOWWWW,OWWOWWWW
2,ddelta,477,493,477-493,1,-1.0301600466138359,1.0301600466138359,WOWWWWWW,OOWWWWWW,WOWOWWWW,OOWOWWWW
2,ddelta,477,493,477-493,2,-0.12259100423200883,0.12259100423200883,WWOWWWWW,OWOWWWWW,WWOOWWWW,OWOOWWWW
2,ddelta,477,493,477-493,3,0.16944383127873583,0.16944383127873583,WOOWWWWW,OOOWWWWW,WOOOWWWW,OOOOWWWW
2,ddelta,477,493,477-493,4,1.4134622613084549,1.4134622613084549,WWWWOWWW,OWWWOWWW,WWWOOWWW,OWWOOWWW
2,ddelta,477,493,477-493,5,-2.4702429604102565,2.4702429604102565,WOWWOWWW,OOWWOWWW,WOWOOWWW,OOWOOWWW
2,ddelta,477,493,477-493,6,-0.2528996435629782,0.2528996435629782,WWOWOWWW,OWOWOWWW,WWOOOWWW,OWOOOWWW
2,ddelta,477,493,477-493,7,-0.7988895410489807,0.7988895410489807,WOOWOWWW,OOOWOWWW,WOOOOWWW,OOOOOWWW
2,ddelta,477,493,477-493,8,0.7722719902413986,0.7722719902413986,WWWWWOWW,OWWWWOWW,WWWOWOWW,OWWOWOWW
2,ddelta,477,493,477-493,9,-0.7413051748503765,0.7413051748503765,WOWWWOWW,OOWWWOWW,WOWOWOWW,OOWOWOWW
2,ddelta,477,493,477-493,10,1.5170891392361638,1.5170891392361638,WWOWWOWW,OWOWWOWW,WWOOWOWW,OWOOWOWW
2,ddelta,477,493,477-493,11,2.098816924774689,2.098816924774689,WOOWWOWW,OOOWWOWW,WOOOWOWW,OOOOWOWW
2,ddelta,477,493,477-493,12,-1.9368364780237353,1.9368364780237353,WWWWOOWW,OWWWOOWW,WWWOOOWW,OWWOOOWW
2,ddelta,477,493,477-493,13,1.3522493202293258,1.3522493202293258,WOWWOOWW,OOWWOOWW,WOWOOOWW,OOWOOOWW
2,ddelta,477,493,477-493,14,1.0901795541895063,1.0901795541895063,WWOWOOWW,OWOWOOWW,WWOOOOWW,OWOOOOWW
2,ddelta,477,493,477-493,15,1.0533787875107476,1.0533787875107476,WOOWOOWW,OOOWOOWW,WOOOOOWW,OOOOOOWW
2,ddelta,477,493,477-493,16,0.2885672512762404,0.2885672512762404,WWWWWWOW,OWWWWWOW,WWWOWWOW,OWWOWWOW
2,ddelta,477,493,477-493,17,-0.33850270262650883,0.33850270262650883,WOWWWWOW,OOWWWWOW,WOWOWWOW,OOWOWWOW
2,ddelta,477,493,477-493,18,-1.281645591586594,1.281645591586594,WWOWWWOW,OWOWWWOW,WWOOWWOW,OWOOWWOW
2,ddelta,477,493,477-493,19,-0.7326530144550095,0.7326530144550095,WOOWWWOW,OOOWWWOW,WOOOWWOW,OOOOWWOW
2,ddelta,477,493,477-493,20,-2.1076473495587953,2.1076473495587953,WWWWOWOW,OWWWOWOW,WWWOOWOW,OWWOOWOW
2,ddelta,477,493,477-493,21,1.7257478452577457,1.7257478452577457,WOWWOWOW,OOWWOWOW,WOWOOWOW,OOWOOWOW
2,ddelta,477,493,477-493,22,0.793817772813012,0.793817772813012,WWOWOWOW,OWOWOWOW,WWOOOWOW,OWOOOWOW
2,ddelta,477,493,477-493,23,0.6815564815499253,0.6815564815499253,WOOWOWOW,OOOWOWOW,WOOOOWOW,OOOOOWOW
2,ddelta,477,493,477-493,24,-0.14293688707403474,0.14293688707403474,WWWWWOOW,OWWWWOOW,WWWOWOOW,OWWOWOOW
2,ddelta,477,493,477-493,25,-1.520023468029467,1.520023468029467,WOWWWOOW,OOWWWOOW,WOWOWOOW,OOWOWOOW
2,ddelta,477,493,477-493,26,-0.624428553109976,0.624428553109976,WWOWWOOW,OWOWWOOW,WWOOWOOW,OWOOWOOW
2,ddelta,477,493,477-493,27,1.4120675771978273,1.4120675771978273,WOOWWOOW,OOOWWOOW,WOOOWOOW,OOOOWOOW
2,ddelta,477,493,477-493,28,-0.2679240780418285,0.2679240780418285,WWWWOOOW,OWWWOOOW,WWWOOOOW,OWWOOOOW
2,ddelta,477,493,477-493,29,0.3567982224823636,0.3567982224823636,WOWWOOOW,OOWWOOOW,WOWOOOOW,OOWOOOOW
2,ddelta,477,493,477-493,30,-0.391531194204249,0.391531194204249,WWOWOOOW,OWOWOOOW,WWOOOOOW,OWOOOOOW
2,ddelta,477,493,477-493,31,1.548289777077253,1.548289777077253,WOOWOOOW,OOOWOOOW,WOOOOOOW,OOOOOOOW
2,ddelta,477,493,477-493,32,2.112725160384253,2.112725160384253,WWWWWWWO,OWWWWWWO,WWWOWWWO,OWWOWWWO
2,ddelta,477,493,477-493,33,-0.06701660991635616,0.06701660991635616,WOWWWWWO,OOWWWWWO,WOWOWWWO,OOWOWWWO
2,ddelta,477,493,477-493,34,0.9013440957042733,0.9013440957042733,WWOWWWWO,OWOWWWWO,WWOOWWWO,OWOOWWWO
2,ddelta,477,493,477-493,35,1.8945867446279385,1.8945867446279385,WOOWWWWO,OOOWWWWO,WOOOWWWO,OOOOWWWO
2,ddelta,477,493,477-493,36,-0.8287886111351028,0.8287886111351028,WWWWOWWO,OWWWOWWO,WWWOOWWO,OWWOOWWO
2,ddelta,477,493,477-493,37,2.3455768867129363,2.3455768867129363,WOWWOWWO,OOWWOWWO,WOWOOWWO,OOWOOWWO
2,ddelta,477,493,477-493,38,-5.257448325403766,5.257448325403766,WWOWOWWO,OWOWOWWO,WWOOOWWO,OWOOOWWO
2,ddelta,477,493,477-493,39,2.477575188989396,2.477575188989396,WOOWOWWO,OOOWOWWO,WOOOOWWO,OOOOOWWO
2,ddelta,477,493,477-493,40,1.4585328551094794,1.4585328551094794,WWWWWOWO,OWWWWOWO,WWWOWOWO,OWWOWOWO
2,ddelta,477,493,477-493,41,1.4203626761305344,1.4203626761305344,WOWWWOWO,OOWWWOWO,WOWOWOWO,OOWOWOWO
2,ddelta,477,493,477-493,42,2.749775874188269,2.749775874188269,WWOWWOWO,OWOWWOWO,WWOOWOWO,OWOOWOWO
2,ddelta,477,493,477-493,43,0.1432425254645342,0.1432425254645342,WOOWWOWO,OOOWWOWO,WOOOWOWO,OOOOWOWO
2,ddelta,477,493,477-493,44,0.7920437623211583,0.7920437623211583,WWWWOOWO,OWWWOOWO,WWWOOOWO,OWWOOOWO
2,ddelta,477,493,477-493,45,1.4185777161102318,1.4185777161102318,WOWWOOWO,OOWWOOWO,WOWOOOWO,OOWOOOWO
2,ddelta,477,493,477-493,46,0.5975234723284313,0.5975234723284313,WWOWOOWO,OWOWOOWO,WWOOOOWO,OWOOOOWO
2,ddelta,477,493,477-493,47,2.3056525801286796,2.3056525801286796,WOOWOOWO,OOOWOOWO,WOOOOOWO,OOOOOOWO
2,ddelta,477,493,477-493,48,0.0710405086105994,0.0710405086105994,WWWWWWOO,OWWWWWOO,WWWOWWOO,OWWOWWOO
2,ddelta,477,493,477-493,49,0.8194952397864377,0.8194952397864377,WOWWWWOO,OOWWWWOO,WOWOWWOO,OOWOWWOO
2,ddelta,477,493,477-493,50,-0.5665196640535458,0.5665196640535458,WWOWWWOO,OWOWWWOO,WWOOWWOO,OWOOWWOO
2,ddelta,477,493,477-493,51,-0.8552001128158087,0.8552001128158087,WOOWWWOO,OOOWWWOO,WOOOWWOO,OOOOWWOO
2,ddelta,477,493,477-493,52,0.056391557661773284,0.056391557661773284,WWWWOWOO,OWWWOWOO,WWWOOWOO,OWWOOWOO
2,ddelta,477,493,477-493,53,-3.138880143164101,3.138880143164101,WOWWOWOO,OOWWOWOO,WOWOOWOO,OOWOOWOO
2,ddelta,477,493,477-493,54,0.6311566207678816,0.6311566207678816,WWOWOWOO,OWOWOWOO,WWOOOWOO,OWOOOWOO
2,ddelta,477,493,477-493,55,1.486866822641359,1.486866822641359,WOOWOWOO,OOOWOWOO,WOOOOWOO,OOOOOWOO
2,ddelta,477,493,477-493,56,-0.6855379107859803,0.6855379107859803,WWWWWOOO,OWWWWOOO,WWWOWOOO,OWWOWOOO
2,ddelta,477,493,477-493,57,0.6287418757933698,0.6287418757933698,WOWWWOOO,OOWWWOOO,WOWOWOOO,OOWOWOOO
2,ddelta,477,493,477-493,58,-0.77133269990932,0.77133269990932,WWOWWOOO,OWOWWOOO,WWOOWOOO,OWOOWOOO
2,ddelta,477,493,477-493,59,1.2667631314531735,1.2667631314531735,WOOWWOOO,OOOWWOOO,WOOOWOOO,OOOOWOOO
2,ddelta,477,493,477-493,60,-2.0547814854598028,2.0547814854598028,WWWWOOOO,OWWWOOOO,WWWOOOOO,OWWOOOOO
2,ddelta,477,493,477-493,61,2.032498693418968,2.032498693418968,WOWWOOOO,OOWWOOOO,WOWOOOOO,OOWOOOOO
2,ddelta,477,493,477-493,62,1.5028548884669997,1.5028548884669997,WWOWOOOO,OWOWOOOO,WWOOOOOO,OWOOOOOO
2,ddelta,477,493,477-493,63,1.1045981166181713,1.1045981166181713,WOOWOOOO,OOOWOOOO,WOOOOOOO,OOOOOOOO
2,ddelta,477,496,477-496,0,-0.2906934273205737,0.2906934273205737,WWWWWWWW,OWWWWWWW,WWWWOWWW,OWWWOWWW
2,ddelta,477,496,477-496,1,-1.4965376294119044,1.4965376294119044,WOWWWWWW,OOWWWWWW,WOWWOWWW,OOWWOWWW
2,ddelta,477,496,477-496,2,2.5199503554936586,2.5199503554936586,WWOWWWWW,OWOWWWWW,WWOWOWWW,OWOWOWWW
2,ddelta,477,496,477-496,3,0.31466092388923095,0.31466092388923095,WOOWWWWW,OOOWWWWW,WOOWOWWW,OOOWOWWW
2,ddelta,477,496,477-496,4,0.9050419962824385,0.9050419962824385,WWWOWWWW,OWWOWWWW,WWWOOWWW,OWWOOWWW
2,ddelta,477,496,477-496,5,-2.936620543208325,2.936620543208325,WOWOWWWW,OOWOWWWW,WOWOOWWW,OOWOOWWW
2,ddelta,477,496,477-496,6,2.3896417161626893,2.3896417161626893,WWOOWWWW,OWOOWWWW,WWOOOWWW,OWOOOWWW
2,ddelta,477,496,477-496,7,-0.6536724484384855,0.6536724484384855,WOOOWWWW,OOOOWWWW,WOOOOWWW,OOOOOWWW
2,ddelta,477,496,477-496,8,2.5467486211572545,2.5467486211572545,WWWWWOWW,OWWWWOWW,WWWWOOWW,OWWWOOWW
2,ddelta,477,496,477-496,9,0.20001608309756402,0.20001608309756402,WOWWWOWW,OOWWWOWW,WOWWOOWW,OOWWOOWW
2,ddelta,477,496,477-496,10,0.7304234882531739,0.7304234882531739,WWOWWOWW,OWOWWOWW,WWOWOOWW,OWOWOOWW
2,ddelta,477,496,477-496,11,2.348041381921645,2.348041381921645,WOOWWOWW,OOOWWOWW,WOOWOOWW,OOOWOOWW
2,ddelta,477,496,477-496,12,-0.16235984710787954,0.16235984710787954,WWWOWOWW,OWWOWOWW,WWWOOOWW,OWWOOOWW
2,ddelta,477,496,477-496,13,2.2935705781772664,2.2935705781772664,WOWOWOWW,OOWOWOWW,WOWOOOWW,OOWOOOWW
2,ddelta,477,496,477-496,14,0.30351390320651683,0.30351390320651683,WWOOWOWW,OWOOWOWW,WWOOOOWW,OWOOOOWW
2,ddelta,477,496,477-496,15,1.302603244657703,1.302603244657703,WOOOWOWW,OOOOWOWW,WOOOOOWW,OOOOOOWW
2,ddelta,477,496,477-496,16,0.05842610816103633,0.05842610816103633,WWWWWWOW,OWWWWWOW,WWWWOWOW,OWWWOWOW
2,ddelta,477,496,477-496,17,-0.029218022696161805,0.029218022696161805,WOWWWWOW,OOWWWWOW,WOWWOWOW,OOWWOWOW
2,ddelta,477,496,477-496,18,-1.1699310074625369,1.1699310074625369,WWOWWWOW,OWOWWWOW,WWOWOWOW,OWOWOWOW
2,ddelta,477,496,477-496,19,1.7588970237526076,1.7588970237526076,WOOWWWOW,OOOWWWOW,WOOWOWOW,OOOWOWOW
2,ddelta,477,496,477-496,20,-2.337788492673999,2.337788492673999,WWWOWWOW,OWWOWWOW,WWWOOWOW,OWWOOWOW
2,ddelta,477,496,477-496,21,2.0350325251880927,2.0350325251880927,WOWOWWOW,OOWOWWOW,WOWOOWOW,OOWOOWOW
2,ddelta,477,496,477-496,22,0.9055323569370695,0.9055323569370695,WWOOWWOW,OWOOWWOW,WWOOOWOW,OWOOOWOW
2,ddelta,477,496,477-496,23,3.173106519757542,3.173106519757542,WOOOWWOW,OOOOWWOW,WOOOOWOW,OOOOOWOW
2,ddelta,477,496,477-496,24,0.07041764165500641,0.07041764165500641,WWWWWOOW,OWWWWOOW,WWWWOOOW,OWWWOOOW
2,ddelta,477,496,477-496,25,-2.6063628974482507,2.6063628974482507,WOWWWOOW,OOWWWOOW,WOWWOOOW,OOWWOOOW
2,ddelta,477,496,477-496,26,-0.929238551656769,0.929238551656769,WWOWWOOW,OWOWWOOW,WWOWOOOW,OWOWOOOW
2,ddelta,477,496,477-496,27,0.9723016271975176,0.9723016271975176,WOOWWOOW,OOOWWOOW,WOOWOOOW,OOOWOOOW
2,ddelta,477,496,477-496,28,-0.054569549312787236,0.054569549312787236,WWWOWOOW,OWWOWOOW,WWWOOOOW,OWWOOOOW
2,ddelta,477,496,477-496,29,-0.7295412069364202,0.7295412069364202,WOWOWOOW,OOWOWOOW,WOWOOOOW,OOWOOOOW
2,ddelta,477,496,477-496,30,-0.6963411927510419,0.6963411927510419,WWOOWOOW,OWOOWOOW,WWOOOOOW,OWOOOOOW
2,ddelta,477,496,477-496,31,1.1085238270769429,1.1085238270769429,WOOOWOOW,OOOOWOOW,WOOOOOOW,OOOOOOOW
2,ddelta,477,496,477-496,32,2.592788111568787,2.592788111568787,WWWWWWWO,OWWWWWWO,WWWWOWWO,OWWWOWWO
2,ddelta,477,496,477-496,33,0.39705592495016684,0.39705592495016684,WOWWWWWO,OOWWWWWO,WOWWOWWO,OOWWOWWO
2,ddelta,477,496,477-496,34,1.471368511137641,1.471368511137641,WWOWWWWO,OWOWWWWO,WWOWOWWO,OWOWOWWO
2,ddelta,477,496,477-496,35,-0.7308961882576857,0.7308961882576857,WOOWWWWO,OOOWWWWO,WOOWOWWO,OOOWOWWO
2,ddelta,477,496,477-496,36,-0.3487256599505688,0.3487256599505688,WWWOWWWO,OWWOWWWO,WWWOOWWO,OWWOOWWO
2,ddelta,477,496,477-496,37,2.8096494215794587,2.8096494215794587,WOWOWWWO,OOWOWWWO,WOWOOWWO,OOWOOWWO
2,ddelta,477,496,477-496,38,-4.6874239099703985,4.6874239099703985,WWOOWWWO,OWOOWWWO,WWOOOWWO,OWOOOWWO
2,ddelta,477,496,477-496,39,-0.14790774389622774,0.14790774389622774,WOOOWWWO,OOOOWWWO,WOOOOWWO,OOOOOWWO
2,ddelta,477,496,477-496,40,0.07902689436196586,0.07902689436196586,WWWWWOWO,OWWWWOWO,WWWWOOWO,OWWWOOWO
2,ddelta,477,496,477-496,41,0.0008144640305154938,0.0008144640305154938,WOWWWOWO,OOWWWOWO,WOWWOOWO,OOWWOOWO
2,ddelta,477,496,477-496,42,1.6271784064664148,1.6271784064664148,WWOWWOWO,OWOWWOWO,WWOWOOWO,OWOWOOWO
2,ddelta,477,496,477-496,43,-1.3268723565767806,1.3268723565767806,WOOWWOWO,OOOWWOWO,WOOWOOWO,OOOWOOWO
2,ddelta,477,496,477-496,44,-0.5874621984263555,0.5874621984263555,WWWOWOWO,OWWOWOWO,WWWOOOWO,OWWOOOWO
2,ddelta,477,496,477-496,45,-0.0009704959897871568,0.0009704959897871568,WOWOWOWO,OOWOWOWO,WOWOOOWO,OOWOOOWO
2,ddelta,477,496,477-496,46,-0.5250739953934223,0.5250739953934223,WWOOWOWO,OWOOWOWO,WWOOOOWO,OWOOOOWO
2,ddelta,477,496,477-496,47,0.835537698087365,0.835537698087365,WOOOWOWO,OOOOWOWO,WOOOOOWO,OOOOOOWO
2,ddelta,477,496,477-496,48,-0.1833655642992058,0.1833655642992058,WWWWWWOO,OWWWWWOO,WWWWOWOO,OWWWOWOO
2,ddelta,477,496,477-496,49,1.0412587711160046,1.0412587711160046,WOWWWWOO,OOWWWWOO,WOWWOWOO,OOWWOWOO
2,ddelta,477,496,477-496,50,0.35332609727479614,0.35332609727479614,WWOWWWOO,OWOWWWOO,WWOWOWOO,OWOWOWOO
2,ddelta,477,496,477-496,51,-0.39282232776721104,0.39282232776721104,WOOWWWOO,OOOWWWOO,WOOWOWOO,OOOWOWOO
2,ddelta,477,496,477-496,52,-0.19801451524803193,0.19801451524803193,WWWOWWOO,OWWOWWOO,WWWOOWOO,OWWOOWOO
2,ddelta,477,496,477-496,53,-2.917116611834534,2.917116611834534,WOWOWWOO,OOWOWWOO,WOWOOWOO,OOWOOWOO
2,ddelta,477,496,477-496,54,1.5510023820962235,1.5510023820962235,WWOOWWOO,OWOOWWOO,WWOOOWOO,OWOOOWOO
2,ddelta,477,496,477-496,55,1.9492446076899568,1.9492446076899568,WOOOWWOO,OOOOWWOO,WOOOOWOO,OOOOOWOO
2,ddelta,477,496,477-496,56,1.4147524228994055,1.4147524228994055,WWWWWOOO,OWWWWOOO,WWWWOOOO,OWWWOOOO
2,ddelta,477,496,477-496,57,-1.3964196298318763,1.3964196298318763,WOWWWOOO,OOWWWOOO,WOWWOOOO,OOWWOOOO
2,ddelta,477,496,477-496,58,-0.5418568659525324,0.5418568659525324,WWOWWOOO,OWOWWOOO,WWOWOOOO,OWOWOOOO
2,ddelta,477,496,477-496,59,-0.44850210724402007,0.44850210724402007,WOOWWOOO,OOOWWOOO,WOOWOOOO,OOOWOOOO
2,ddelta,477,496,477-496,60,0.04550884822558343,0.04550884822558343,WWWOWOOO,OWWOWOOO,WWWOOOOO,OWWOOOOO
2,ddelta,477,496,477-496,61,0.007337187793721611,0.007337187793721611,WOWOWOOO,OOWOWOOO,WOWOOOOO,OOWOOOOO
2,ddelta,477,496,477-496,62,1.7323307224237876,1.7323307224237876,WWOOWOOO,OWOOWOOO,WWOOOOOO,OWOOOOOO
2,ddelta,477,496,477-496,63,-0.6106671220790223,0.6106671220790223,WOOOWOOO,OOOOWOOO,WOOOOOOO,OOOOOOOO
2,ddelta,477,498,477-498,0,-0.9938475773106163,0.9938475773106163,WWWWWWWW,OWWWWWWW,WWWWWOWW,OWWWWOWW
2,ddelta,477,498,477-498,1,-0.6982851662459288,0.6982851662459288,WOWWWWWW,OOWWWWWW,WOWWWOWW,OOWWWOWW
2,ddelta,477,498,477-498,2,0.9894453977511479,0.9894453977511479,WWOWWWWW,OWOWWWWW,WWOWWOWW,OWOWWOWW
2,ddelta,477,498,477-498,3,-1.4470540121319864,1.4470540121319864,WOOWWWWW,OOOWWWWW,WOOWWOWW,OOOWWOWW
2,ddelta,477,498,477-498,4,-0.43930242477466036,0.43930242477466036,WWWOWWWW,OWWOWWWW,WWWOWOWW,OWWOWOWW
2,ddelta,477,498,477-498,5,-0.4094302944824696,0.4094302944824696,WOWOWWWW,OOWOWWWW,WOWOWOWW,OOWOWOWW
2,ddelta,477,498,477-498,6,2.6291255412193206,2.6291255412193206,WWOOWWWW,OWOOWWWW,WWOOWOWW,OWOOWOWW
2,ddelta,477,498,477-498,7,0.48231908136396706,0.48231908136396706,WOOOWWWW,OOOOWWWW,WOOOWOWW,OOOOWOWW
2,ddelta,477,498,477-498,8,1.8435944711672116,1.8435944711672116,WWWWOWWW,OWWWOWWW,WWWWOOWW,OWWWOOWW
2,ddelta,477,498,477-498,9,0.9982685462635396,0.9982685462635396,WOWWOWWW,OOWWOWWW,WOWWOOWW,OOWWOOWW
2,ddelta,477,498,477-498,10,-0.8000814694893363,0.8000814694893363,WWOWOWWW,OWOWOWWW,WWOWOOWW,OWOWOOWW
2,ddelta,477,498,477-498,11,0.5863264459004274,0.5863264459004274,WOOWOWWW,OOOWOWWW,WOOWOOWW,OOOWOOWW
2,ddelta,477,498,477-498,12,-1.5067042681649787,1.5067042681649787,WWWOOWWW,OWWOOWWW,WWWOOOWW,OWWOOOWW
2,ddelta,477,498,477-498,13,4.820760826903122,4.820760826903122,WOWOOWWW,OOWOOWWW,WOWOOOWW,OOWOOOWW
2,ddelta,477,498,477-498,14,0.5429977282631482,0.5429977282631482,WWOOOWWW,OWOOOWWW,WWOOOOWW,OWOOOOWW
2,ddelta,477,498,477-498,15,2.4385947744601553,2.4385947744601553,WOOOOWWW,OOOOOWWW,WOOOOOWW,OOOOOOWW
2,ddelta,477,498,477-498,16,0.26362235005117163,0.26362235005117163,WWWWWWOW,OWWWWWOW,WWWWWOOW,OWWWWOOW
2,ddelta,477,498,477-498,17,1.0818297158766375,1.0818297158766375,WOWWWWOW,OOWWWWOW,WOWWWOOW,OOWWWOOW
2,ddelta,477,498,477-498,18,-0.7743131953258797,0.7743131953258797,WWOWWWOW,OWOWWWOW,WWOWWOOW,OWOWWOOW
2,ddelta,477,498,477-498,19,0.5989540786738096,0.5989540786738096,WOOWWWOW,OOOWWWOW,WOOWWOOW,OOOWWOOW
2,ddelta,477,498,477-498,20,-0.1678817882991035,0.1678817882991035,WWWOWWOW,OWWOWWOW,WWWOWOOW,OWWOWOOW
2,ddelta,477,498,477-498,21,-0.09969104952632057,0.09969104952632057,WOWOWWOW,OOWOWWOW,WOWOWOOW,OOWOWOOW
2,ddelta,477,498,477-498,22,-0.11709615684926167,0.11709615684926167,WWOOWWOW,OWOOWWOW,WWOOWOOW,OWOOWOOW
2,ddelta,477,498,477-498,23,2.7436746703266466,2.7436746703266466,WOOOWWOW,OOOOWWOW,WOOOWOOW,OOOOWOOW
2,ddelta,477,498,477-498,24,0.2756138835451416,0.2756138835451416,WWWWOWOW,OWWWOWOW,WWWWOOOW,OWWWOOOW
2,ddelta,477,498,477-498,25,-1.4953151588754516,1.4953151588754516,WOWWOWOW,OOWWOWOW,WOWWOOOW,OOWWOOOW
2,ddelta,477,498,477-498,26,-0.533620739520112,0.533620739520112,WWOWOWOW,OWOWOWOW,WWOWOOOW,OWOWOOOW
2,ddelta,477,498,477-498,27,-0.18764131788128036,0.18764131788128036,WOOWOWOW,OOOWOWOW,WOOWOOOW,OOOWOOOW
2,ddelta,477,498,477-498,28,2.1153371550621083,2.1153371550621083,WWWOOWOW,OWWOOWOW,WWWOOOOW,OWWOOOOW
2,ddelta,477,498,477-498,29,-2.8642647816508338,2.8642647816508338,WOWOOWOW,OOWOOWOW,WOWOOOOW,OOWOOOOW
2,ddelta,477,498,477-498,30,-1.7189697065373732,1.7189697065373732,WWOOOWOW,OWOOOWOW,WWOOOOOW,OWOOOOOW
2,ddelta,477,498,477-498,31,0.6790919776460473,0.6790919776460473,WOOOOWOW,OOOOOWOW,WOOOOOOW,OOOOOOOW
2,ddelta,477,498,477-498,32,-0.3831493902971551,0.3831493902971551,WWWWWWWO,OWWWWWWO,WWWWWOWO,OWWWWOWO
2,ddelta,477,498,477-498,33,-0.6011576374501386,0.6011576374501386,WOWWWWWO,OOWWWWWO,WOWWWOWO,OOWWWOWO
2,ddelta,477,498,477-498,34,-1.982595301380463,1.982595301380463,WWOWWWWO,OWOWWWWO,WWOWWOWO,OWOWWOWO
2,ddelta,477,498,477-498,35,1.2918298250044684,1.2918298250044684,WOOWWWWO,OOOWWWWO,WOOWWOWO,OOOWWOWO
2,ddelta,477,498,477-498,36,-1.0373416955719286,1.0373416955719286,WWWOWWWO,OWWOWWWO,WWWOWOWO,OWWOWOWO
2,ddelta,477,498,477-498,37,0.8862216485967522,0.8862216485967522,WOWOWWWO,OOWOWWWO,WOWOWOWO,OOWOWOWO
2,ddelta,477,498,477-498,38,-0.13416352289646838,0.13416352289646838,WWOOWWWO,OWOOWWWO,WWOOWOWO,OWOOWOWO
2,ddelta,477,498,477-498,39,-0.45951439415893613,0.45951439415893613,WOOOWWWO,OOOOWWWO,WOOOWOWO,OOOOWOWO
2,ddelta,477,498,477-498,40,-2.8969106075039766,2.8969106075039766,WWWWOWWO,OWWWOWWO,WWWWOOWO,OWWWOOWO
2,ddelta,477,498,477-498,41,-0.9973990983697902,0.9973990983697902,WOWWOWWO,OOWWOWWO,WOWWOOWO,OOWWOOWO
2,ddelta,477,498,477-498,42,-1.8267854060516893,1.8267854060516893,WWOWOWWO,OWOWOWWO,WWOWOOWO,OWOWOOWO
2,ddelta,477,498,477-498,43,0.6958536566853732,0.6958536566853732,WOOWOWWO,OOOWOWWO,WOOWOOWO,OOOWOOWO
2,ddelta,477,498,477-498,44,-1.2760782340477155,1.2760782340477155,WWWOOWWO,OWWOOWWO,WWWOOOWO,OWWOOOWO
2,ddelta,477,498,477-498,45,-1.924398268972494,1.924398268972494,WOWOOWWO,OOWOOWWO,WOWOOOWO,OOWOOOWO
2,ddelta,477,498,477-498,46,4.028186391680508,4.028186391680508,WWOOOWWO,OWOOOWWO,WWOOOOWO,OWOOOOWO
2,ddelta,477,498,477-498,47,0.5239310478246564,0.5239310478246564,WOOOOWWO,OOOOOWWO,WOOOOOWO,OOOOOOWO
2,ddelta,477,498,477-498,48,0.34738976185614356,0.34738976185614356,WWWWWWOO,OWWWWWOO,WWWWWOOO,OWWWWOOO
2,ddelta,477,498,477-498,49,0.8725215835115299,0.8725215835115299,WOWWWWOO,OOWWWWOO,WOWWWOOO,OOWWWOOO
2,ddelta,477,498,477-498,50,-0.5919223928361257,0.5919223928361257,WWOWWWOO,OWOWWWOO,WWOWWOOO,OWOWWOOO
2,ddelta,477,498,477-498,51,-0.4954668733123754,0.4954668733123754,WOOWWWOO,OOOWWWOO,WOOWWOOO,OOOWWOOO
2,ddelta,477,498,477-498,52,-0.4091886575404362,0.4091886575404362,WWWOWWOO,OWWOWWOO,WWWOWOOO,OWWOWOOO
2,ddelta,477,498,477-498,53,0.681768219518462,0.681768219518462,WOWOWWOO,OOWOWWOO,WOWOWOOO,OOWOWOOO
2,ddelta,477,498,477-498,54,-0.7967354286918997,0.7967354286918997,WWOOWWOO,OWOOWWOO,WWOOWOOO,OWOOWOOO
2,ddelta,477,498,477-498,55,1.626496370956607,1.626496370956607,WOOOWWOO,OOOOWWOO,WOOOWOOO,OOOOWOOO
2,ddelta,477,498,477-498,56,1.945507749054755,1.945507749054755,WWWWOWOO,OWWWOWOO,WWWWOOOO,OWWWOOOO
2,ddelta,477,498,477-498,57,-1.565156817436351,1.565156817436351,WOWWOWOO,OOWWOWOO,WOWWOOOO,OOWWOOOO
2,ddelta,477,498,477-498,58,-1.4871053560634542,1.4871053560634542,WWOWOWOO,OWOWOWOO,WWOWOOOO,OWOWOOOO
2,ddelta,477,498,477-498,59,-0.5511466527891844,0.5511466527891844,WOOWOWOO,OOOWOWOO,WOOWOOOO,OOOWOOOO
2,ddelta,477,498,477-498,60,-0.16566529406682062,0.16566529406682062,WWWOOWOO,OWWOOWOO,WWWOOOOO,OWWOOOOO
2,ddelta,477,498,477-498,61,3.6062220191467174,3.6062220191467174,WOWOOWOO,OOWOOWOO,WOWOOOOO,OOWOOOOO
2,ddelta,477,498,477-498,62,-0.6154070883643359,0.6154070883643359,WWOOOWOO,OWOOOWOO,WWOOOOOO,OWOOOOOO
2,ddelta,477,498,477-498,63,-0.9334153588123723,0.9334153588123723,WOOOOWOO,OOOOOWOO,WOOOOOOO,OOOOOOOO
2,ddelta,477,501,477-501,0,-0.06495724312324491,0.06495724312324491,WWWWWWWW,OWWWWWWW,WWWWWWOW,OWWWWWOW
2,ddelta,477,501,477-501,1,-1.6042900889191507,1.6042900889191507,WOWWWWWW,OOWWWWWW,WOWWWWOW,OOWWWWOW
2,ddelta,477,501,477-501,2,1.5714048759659316,1.5714048759659316,WWOWWWWW,OWOWWWWW,WWOWWWOW,OWOWWWOW
2,ddelta,477,501,477-501,3,-1.5400608578988053,1.5400608578988053,WOOWWWWW,OOOWWWWW,WOOWWWOW,OOOWWWOW
2,ddelta,477,501,477-501,4,0.005883170447552877,0.005883170447552877,WWWOWWWW,OWWOWWWW,WWWOWWOW,OWWOWWOW
2,ddelta,477,501,477-501,5,-0.9126327449318238,0.9126327449318238,WOWOWWWW,OOWOWWWW,WOWOWWOW,OOWOWWOW
2,ddelta,477,501,477-501,6,0.41235028861134637,0.41235028861134637,WWOOWWWW,OWOOWWWW,WWOOWWOW,OWOOWWOW
2,ddelta,477,501,477-501,7,-2.4421577036325504,2.4421577036325504,WOOOWWWW,OOOOWWWW,WOOOWWOW,OOOOWWOW
2,ddelta,477,501,477-501,8,0.28416229235836515,0.28416229235836515,WWWWOWWW,OWWWOWWW,WWWWOWOW,OWWWOWOW
2,ddelta,477,501,477-501,9,-0.13697048220340802,0.13697048220340802,WOWWOWWW,OOWWOWWW,WOWWOWOW,OOWWOWOW
2,ddelta,477,501,477-501,10,-2.1184764869902635,2.1184764869902635,WWOWOWWW,OWOWOWWW,WWOWOWOW,OWOWOWOW
2,ddelta,477,501,477-501,11,-0.09582475803542856,0.09582475803542856,WOOWOWWW,OOOWOWWW,WOOWOWOW,OOOWOWOW
2,ddelta,477,501,477-501,12,-3.236947318508885,3.236947318508885,WWWOOWWW,OWWOOWWW,WWWOOWOW,OWWOOWOW
2,ddelta,477,501,477-501,13,4.059020323464594,4.059020323464594,WOWOOWWW,OOWOOWWW,WOWOOWOW,OOWOOWOW
2,ddelta,477,501,477-501,14,-1.0717590706142732,1.0717590706142732,WWOOOWWW,OWOOOWWW,WWOOOWOW,OWOOOWOW
2,ddelta,477,501,477-501,15,1.3846212645634774,1.3846212645634774,WOOOOWWW,OOOOOWWW,WOOOOWOW,OOOOOWOW
2,ddelta,477,501,477-501,16,1.1925126842385432,1.1925126842385432,WWWWWOWW,OWWWWOWW,WWWWWOOW,OWWWWOOW
2,ddelta,477,501,477-501,17,0.1758247932034156,0.1758247932034156,WOWWWOWW,OOWWWOWW,WOWWWOOW,OOWWWOOW
2,ddelta,477,501,477-501,18,-0.19235371711109606,0.19235371711109606,WWOWWOWW,OWOWWOWW,WWOWWOOW,OWOWWOOW
2,ddelta,477,501,477-501,19,0.5059472329069907,0.5059472329069907,WOOWWOWW,OOOWWOWW,WOOWWOOW,OOOWWOOW
2,ddelta,477,501,477-501,20,0.2773038069231093,0.2773038069231093,WWWOWOWW,OWWOWOWW,WWWOWOOW,OWWOWOOW
2,ddelta,477,501,477-501,21,-0.602893499975675,0.602893499975675,WOWOWOWW,OOWOWOWW,WOWOWOOW,OOWOWOOW
2,ddelta,477,501,477-501,22,-2.333871409457236,2.333871409457236,WWOOWOWW,OWOOWOWW,WWOOWOOW,OWOOWOOW
2,ddelta,477,501,477-501,23,-0.18080211466987084,0.18080211466987084,WOOOWOWW,OOOOWOWW,WOOOWOOW,OOOOWOOW
2,ddelta,477,501,477-501,24,-1.2838182952637047,1.2838182952637047,WWWWOOWW,OWWWOOWW,WWWWOOOW,OWWWOOOW
2,ddelta,477,501,477-501,25,-2.6305541873423994,2.6305541873423994,WOWWOOWW,OOWWOOWW,WOWWOOOW,OOWWOOOW
2,ddelta,477,501,477-501,26,-1.852015757021039,1.852015757021039,WWOWOOWW,OWOWOOWW,WWOWOOOW,OWOWOOOW
2,ddelta,477,501,477-501,27,-0.8697925218171363,0.8697925218171363,WOOWOOWW,OOOWOOWW,WOOWOOOW,OOOWOOOW
2,ddelta,477,501,477-501,28,0.38509410471820216,0.38509410471820216,WWWOOOWW,OWWOOOWW,WWWOOOOW,OWWOOOOW
2,ddelta,477,501,477-501,29,-3.6260052850893616,3.6260052850893616,WOWOOOWW,OOWOOOWW,WOWOOOOW,OOWOOOOW
2,ddelta,477,501,477-501,30,-3.333726505414794,3.333726505414794,WWOOOOWW,OWOOOOWW,WWOOOOOW,OWOOOOOW
2,ddelta,477,501,477-501,31,-0.3748815322506305,0.3748815322506305,WOOOOOWW,OOOOOOWW,WOOOOOOW,OOOOOOOW
2,ddelta,477,501,477-501,32,0.08740437046404326,0.08740437046404326,WWWWWWWO,OWWWWWWO,WWWWWWOO,OWWWWWOO
2,ddelta,477,501,477-501,33,-2.2948778356934882,2.2948778356934882,WOWWWWWO,OOWWWWWO,WOWWWWOO,OOWWWWOO
2,ddelta,477,501,477-501,34,-1.203153932052019,1.203153932052019,WWOWWWWO,OWOWWWWO,WWOWWWOO,OWOWWWOO
2,ddelta,477,501,477-501,35,0.5960322681479819,0.5960322681479819,WOOWWWWO,OOOWWWWO,WOOWWWOO,OOOWWWOO
2,ddelta,477,501,477-501,36,-1.9542802813096105,1.9542802813096105,WWWOWWWO,OWWOWWWO,WWWOWWOO,OWWOWWOO
2,ddelta,477,501,477-501,37,-1.4083659859906943,1.4083659859906943,WOWOWWWO,OOWOWWWO,WOWOWWOO,OOWOWWOO
2,ddelta,477,501,477-501,38,-2.671017691809838,2.671017691809838,WWOOWWWO,OWOOWWWO,WWOOWWOO,OWOOWWOO
2,ddelta,477,501,477-501,39,-2.1537545892957652,2.1537545892957652,WOOOWWWO,OOOOWWWO,WOOOWWOO,OOOOWWOO
2,ddelta,477,501,477-501,40,-2.6887493054039497,2.6887493054039497,WWWWOWWO,OWWWOWWO,WWWWOWOO,OWWWOWOO
2,ddelta,477,501,477-501,41,-1.650674989527651,1.650674989527651,WOWWOWWO,OOWWOWWO,WOWWOWOO,OOWWOWOO
2,ddelta,477,501,477-501,42,-2.321196345914864,2.321196345914864,WWOWOWWO,OWOWOWWO,WWOWOWOO,OWOWOWOO
2,ddelta,477,501,477-501,43,0.9341061286384567,0.9341061286384567,WOOWOWWO,OOOWOWWO,WOOWOWOO,OOOWOWOO
2,ddelta,477,501,477-501,44,-1.8035691366070727,1.8035691366070727,WWWOOWWO,OWWOOWWO,WWWOOWOO,OWWOOWOO
2,ddelta,477,501,477-501,45,-7.135132019404687,7.135132019404687,WOWOOWWO,OOWOOWWO,WOWOOWOO,OOWOOWOO
2,ddelta,477,501,477-501,46,3.5674086002567837,3.5674086002567837,WWOOOWWO,OWOOOWWO,WWOOOWOO,OWOOOWOO
2,ddelta,477,501,477-501,47,-0.05660223770958073,0.05660223770958073,WOOOOWWO,OOOOOWWO,WOOOOWOO,OOOOOWOO
2,ddelta,477,501,477-501,48,0.8179435226173417,0.8179435226173417,WWWWWOWO,OWWWWOWO,WWWWWOOO,OWWWWOOO
2,ddelta,477,501,477-501,49,-0.82119861473182,0.82119861473182,WOWWWOWO,OOWWWOWO,WOWWWOOO,OOWWWOOO
2,ddelta,477,501,477-501,50,0.1875189764923182,0.1875189764923182,WWOWWOWO,OWOWWOWO,WWOWWOOO,OWOWWOOO
2,ddelta,477,501,477-501,51,-1.1912644301688617,1.1912644301688617,WOOWWOWO,OOOWWOWO,WOOWWOOO,OOOWWOOO
2,ddelta,477,501,477-501,52,-1.3261272432781182,1.3261272432781182,WWWOWOWO,OWWOWOWO,WWWOWOOO,OWWOWOOO
2,ddelta,477,501,477-501,53,-1.6128194150689845,1.6128194150689845,WOWOWOWO,OOWOWOWO,WOWOWOOO,OOWOWOOO
2,ddelta,477,501,477-501,54,-3.33358959760527,3.33358959760527,WWOOWOWO,OWOOWOWO,WWOOWOOO,OWOOWOOO
2,ddelta,477,501,477-501,55,-0.06774382418022218,0.06774382418022218,WOOOWOWO,OOOOWOWO,WOOOWOOO,OOOOWOOO
2,ddelta,477,501,477-501,56,2.153669051154782,2.153669051154782,WWWWOOWO,OWWWOOWO,WWWWOOOO,OWWWOOOO
2,ddelta,477,501,477-501,57,-2.2184327085942117,2.2184327085942117,WOWWOOWO,OOWWOOWO,WOWWOOOO,OOWWOOOO
2,ddelta,477,501,477-501,58,-1.9815162959266288,1.9815162959266288,WWOWOOWO,OWOWOOWO,WWOWOOOO,OWOWOOOO
2,ddelta,477,501,477-501,59,-0.3128941808361012,0.3128941808361012,WOOWOOWO,OOOWOOWO,WOOWOOOO,OOOWOOOO
2,ddelta,477,501,477-501,60,-0.6931561966261788,0.6931561966261788,WWWOOOWO,OWWOOOWO,WWWOOOOO,OWWOOOOO
2,ddelta,477,501,477-501,61,-1.6045117312854758,1.6045117312854758,WOWOOOWO,OOWOOOWO,WOWOOOOO,OOWOOOOO
2,ddelta,477,501,477-501,62,-1.0761848797880602,1.0761848797880602,WWOOOOWO,OWOOOOWO,WWOOOOOO,OWOOOOOO
2,ddelta,477,501,477-501,63,-1.5139486443466093,1.5139486443466093,WOOOOOWO,OOOOOOWO,WOOOOOOO,OOOOOOOO
2,ddelta,477,505,477-505,0,-0.4471042593077377,0.4471042593077377,WWWWWWWW,OWWWWWWW,WWWWWWWO,OWWWWWWO
2,ddelta,477,505,477-505,1,-0.5913748701862696,0.5913748701862696,WOWWWWWW,OOWWWWWW,WOWWWWWO,OOWWWWWO
2,ddelta,477,505,477-505,2,1.4152317557315874,1.4152317557315874,WWOWWWWW,OWOWWWWW,WWOWWWWO,OWOWWWWO
2,ddelta,477,505,477-505,3,-0.6698154708543386,0.6698154708543386,WOOWWWWW,OOOWWWWW,WOOWWWWO,OOOWWWWO
2,ddelta,477,505,477-505,4,1.4478940633710726,1.4478940633710726,WWWOWWWW,OWWOWWWW,WWWOWWWO,OWWOWWWO
2,ddelta,477,505,477-505,5,0.37176856651120993,0.37176856651120993,WOWOWWWW,OOWOWWWW,WOWOWWWO,OOWOWWWO
2,ddelta,477,505,477-505,6,2.4391668556678696,2.4391668556678696,WWOOWWWW,OWOOWWWW,WWOOWWWO,OWOOWWWO
2,ddelta,477,505,477-505,7,1.0553274424948642,1.0553274424948642,WOOOWWWW,OOOOWWWW,WOOOWWWO,OOOOWWWO
2,ddelta,477,505,477-505,8,2.436377279581623,2.436377279581623,WWWWOWWW,OWWWOWWW,WWWWOWWO,OWWWOWWO
2,ddelta,477,505,477-505,9,1.3022186841758017,1.3022186841758017,WOWWOWWW,OOWWOWWW,WOWWOWWO,OOWWOWWO
2,ddelta,477,505,477-505,10,0.36664991137557035,0.36664991137557035,WWOWOWWW,OWOWOWWW,WWOWOWWO,OWOWOWWO
2,ddelta,477,505,477-505,11,-1.7153725830012552,1.7153725830012552,WOOWOWWW,OOOWOWWW,WOOWOWWO,OOOWOWWO
2,ddelta,477,505,477-505,12,0.19412640713806528,0.19412640713806528,WWWOOWWW,OWWOOWWW,WWWOOWWO,OWWOOWWO
2,ddelta,477,505,477-505,13,6.118038531298994,6.118038531298994,WOWOOWWW,OOWOOWWW,WOWOOWWO,OOWOOWWO
2,ddelta,477,505,477-505,14,-4.637898770465217,4.637898770465217,WWOOOWWW,OWOOOWWW,WWOOOWWO,OWOOOWWO
2,ddelta,477,505,477-505,15,1.561092147037122,1.561092147037122,WOOOOWWW,OOOOOWWW,WOOOOWWO,OOOOOWWO
2,ddelta,477,505,477-505,16,0.16359392770572345,0.16359392770572345,WWWWWOWW,OWWWWOWW,WWWWWOWO,OWWWWOWO
2,ddelta,477,505,477-505,17,-0.49424734139047927,0.49424734139047927,WOWWWOWW,OOWWWOWW,WOWWWOWO,OOWWWOWO
2,ddelta,477,505,477-505,18,-1.5568089434000234,1.5568089434000234,WWOWWOWW,OWOWWOWW,WWOWWOWO,OWOWWOWO
2,ddelta,477,505,477-505,19,2.0690683662821154,2.0690683662821154,WOOWWOWW,OOOWWOWW,WOOWWOWO,OOOWWOWO
2,ddelta,477,505,477-505,20,0.8498547925738043,0.8498547925738043,WWWOWOWW,OWWOWOWW,WWWOWOWO,OWWOWOWO
2,ddelta,477,505,477-505,21,1.6674205095904315,1.6674205095904315,WOWOWOWW,OOWOWOWW,WOWOWOWO,OOWOWOWO
2,ddelta,477,505,477-505,22,-0.32412220844791895,0.32412220844791895,WWOOWOWW,OWOOWOWW,WWOOWOWO,OWOOWOWO
2,ddelta,477,505,477-505,23,0.11349396697196079,0.11349396697196079,WOOOWOWW,OOOOWOWW,WOOOWOWO,OOOOWOWO
2,ddelta,477,505,477-505,24,-2.304127799089565,2.304127799089565,WWWWOOWW,OWWWOOWW,WWWWOOWO,OWWWOOWO
2,ddelta,477,505,477-505,25,-0.6934489604575278,0.6934489604575278,WOWWOOWW,OOWWOOWW,WOWWOOWO,OOWWOOWO
2,ddelta,477,505,477-505,26,-0.6600540251867826,0.6600540251867826,WWOWOOWW,OWOWOOWW,WWOWOOWO,OWOWOOWO
2,ddelta,477,505,477-505,27,-1.6058453722163093,1.6058453722163093,WOOWOOWW,OOOWOOWW,WOOWOOWO,OOOWOOWO
2,ddelta,477,505,477-505,28,0.4247524412553285,0.4247524412553285,WWWOOOWW,OWWOOOWW,WWWOOOWO,OWWOOOWO
2,ddelta,477,505,477-505,29,-0.6271205645766216,0.6271205645766216,WOWOOOWW,OOWOOOWW,WOWOOOWO,OOWOOOWO
2,ddelta,477,505,477-505,30,-1.1527101070478576,1.1527101070478576,WWOOOOWW,OWOOOOWW,WWOOOOWO,OWOOOOWO
2,ddelta,477,505,477-505,31,-0.35357157959837693,0.35357157959837693,WOOOOOWW,OOOOOOWW,WOOOOOWO,OOOOOOWO
2,ddelta,477,505,477-505,32,-0.2947426457204497,0.2947426457204497,WWWWWWOW,OWWWWWOW,WWWWWWOO,OWWWWWOO
2,ddelta,477,505,477-505,33,-1.281962616960607,1.281962616960607,WOWWWWOW,OOWWWWOW,WOWWWWOO,OOWWWWOO
2,ddelta,477,505,477-505,34,-1.3593270522863632,1.3593270522863632,WWOWWWOW,OWOWWWOW,WWOWWWOO,OWOWWWOO
2,ddelta,477,505,477-505,35,1.4662776551924483,1.4662776551924483,WOOWWWOW,OOOWWWOW,WOOWWWOO,OOOWWWOO
2,ddelta,477,505,477-505,36,-0.5122693883860907,0.5122693883860907,WWWOWWOW,OWWOWWOW,WWWOWWOO,OWWOWWOO
2,ddelta,477,505,477-505,37,-0.12396467454766058,0.12396467454766058,WOWOWWOW,OOWOWWOW,WOWOWWOO,OOWOWWOO
2,ddelta,477,505,477-505,38,-0.6442011247533148,0.6442011247533148,WWOOWWOW,OWOOWWOW,WWOOWWOO,OWOOWWOO
2,ddelta,477,505,477-505,39,1.343730556831649,1.343730556831649,WOOOWWOW,OOOOWWOW,WOOOWWOO,OOOOWWOO
2,ddelta,477,505,477-505,40,-0.5365343181806919,0.5365343181806919,WWWWOWOW,OWWWOWOW,WWWWOWOO,OWWWOWOO
2,ddelta,477,505,477-505,41,-0.21148582314844067,0.21148582314844067,WOWWOWOW,OOWWOWOW,WOWWOWOO,OOWWOWOO
2,ddelta,477,505,477-505,42,0.1639300524509698,0.1639300524509698,WWOWOWOW,OWOWOWOW,WWOWOWOO,OWOWOWOO
2,ddelta,477,505,477-505,43,-0.6854416963273701,0.6854416963273701,WOOWOWOW,OOOWOWOW,WOOWOWOO,OOOWOWOO
2,ddelta,477,505,477-505,44,1.6275045890398765,1.6275045890398765,WWWOOWOW,OWWOOWOW,WWWOOWOO,OWWOOWOO
2,ddelta,477,505,477-505,45,-5.076113811570287,5.076113811570287,WOWOOWOW,OOWOOWOW,WOWOOWOO,OOWOOWOO
2,ddelta,477,505,477-505,46,0.0012689004058393408,0.0012689004058393408,WWOOOWOW,OWOOOWOW,WWOOOWOO,OWOOOWOO
2,ddelta,477,505,477-505,47,0.11986864476406361,0.11986864476406361,WOOOOWOW,OOOOOWOW,WOOOOWOO,OOOOOWOO
2,ddelta,477,505,477-505,48,-0.2109752339154779,0.2109752339154779,WWWWWOOW,OWWWWOOW,WWWWWOOO,OWWWWOOO
2,ddelta,477,505,477-505,49,-1.4912707493257147,1.4912707493257147,WOWWWOOW,OOWWWOOW,WOWWWOOO,OOWWWOOO
2,ddelta,477,505,477-505,50,-1.1769362497966092,1.1769362497966092,WWOWWOOW,OWOWWOOW,WWOWWOOO,OWOWWOOO
2,ddelta,477,505,477-505,51,0.37185670320626346,0.37185670320626346,WOOWWOOW,OOOWWOOW,WOOWWOOO,OOOWWOOO
2,ddelta,477,505,477-505,52,-0.7535762576274234,0.7535762576274234,WWWOWOOW,OWWOWOOW,WWWOWOOO,OWWOWOOO
2,ddelta,477,505,477-505,53,0.657494594497122,0.657494594497122,WOWOWOOW,OOWOWOOW,WOWOWOOO,OOWOWOOO
2,ddelta,477,505,477-505,54,-1.323840396595953,1.323840396595953,WWOOWOOW,OWOOWOOW,WWOOWOOO,OWOOWOOO
2,ddelta,477,505,477-505,55,0.22655225746160934,0.22655225746160934,WOOOWOOW,OOOOWOOW,WOOOWOOO,OOOOWOOO
2,ddelta,477,505,477-505,56,1.1333595473289213,1.1333595473289213,WWWWOOOW,OWWWOOOW,WWWWOOOO,OWWWOOOO
2,ddelta,477,505,477-505,57,-0.2813274817093401,0.2813274817093401,WOWWOOOW,OOWWOOOW,WOWWOOOO,OOWWOOOO
2,ddelta,477,505,477-505,58,-0.7895545640923723,0.7895545640923723,WWOWOOOW,OWOWOOOW,WWOWOOOO,OWOWOOOO
2,ddelta,477,505,477-505,59,-1.0489470312352742,1.0489470312352742,WOOWOOOW,OOOWOOOW,WOOWOOOO,OOOWOOOO
2,ddelta,477,505,477-505,60,-0.6534978600890524,0.6534978600890524,WWWOOOOW,OWWOOOOW,WWWOOOOO,OWWOOOOO
2,ddelta,477,505,477-505,61,1.3943729892272638,1.3943729892272638,WOWOOOOW,OOWOOOOW,WOWOOOOO,OOWOOOOO
2,ddelta,477,505,477-505,62,1.1048315185788764,1.1048315185788764,WWOOOOOW,OWOOOOOW,WWOOOOOO,OWOOOOOO
2,ddelta,477,505,477-505,63,-1.492638691694356,1.492638691694356,WOOOOOOW,OOOOOOOW,WOOOOOOO,OOOOOOOO
2,ddelta,478,484,478-484,0,0.5305483055493253,0.5305483055493253,WWWWWWWW,WOWWWWWW,WWOWWWWW,WOOWWWWW
2,ddelta,478,484,478-484,1,0.2766773629221221,0.2766773629221221,OWWWWWWW,OOWWWWWW,OWOWWWWW,OOOWWWWW
2,ddelta,478,484,478-484,2,-1.8868629692993293,1.8868629692993293,WWWOWWWW,WOWOWWWW,WWOOWWWW,WOOOWWWW
2,ddelta,478,484,478-484,3,-0.6008121920965093,0.6008121920965093,OWWOWWWW,OOWOWWWW,OWOOWWWW,OOOOWWWW
2,ddelta,478,484,478-484,4,1.855009431117853,1.855009431117853,WWWWOWWW,WOWWOWWW,WWOWOWWW,WOOWOWWW
2,ddelta,478,484,478-484,5,0.6016932589775529,0.6016932589775529,OWWWOWWW,OOWWOWWW,OWOWOWWW,OOOWOWWW
2,ddelta,478,484,478-484,6,-2.082307030679837,2.082307030679837,WWWOOWWW,WOWOOWWW,WWOOOWWW,WOOOOWWW
2,ddelta,478,484,478-484,7,0.002092121412571757,0.002092121412571757,OWWOOWWW,OOWOOWWW,OWOOOWWW,OOOOOWWW
2,ddelta,478,484,478-484,8,-0.03915625098147646,0.03915625098147646,WWWWWOWW,WOWWWOWW,WWOWWOWW,WOOWWOWW
2,ddelta,478,484,478-484,9,-3.0250890145565017,3.0250890145565017,OWWWWOWW,OOWWWOWW,OWOWWOWW,OOOWWOWW
2,ddelta,478,484,478-484,10,0.5107856339057724,0.5107856339057724,WWWOWOWW,WOWOWOWW,WWOOWOWW,WOOOWOWW
2,ddelta,478,484,478-484,11,-0.3798421790389521,0.3798421790389521,OWWOWOWW,OOWOWOWW,OWOOWOWW,OOOOWOWW
2,ddelta,478,484,478-484,12,-1.8199141334908977,1.8199141334908977,WWWWOOWW,WOWWOOWW,WWOWOOWW,WOOWOOWW
2,ddelta,478,484,478-484,13,-0.8414964653377619,0.8414964653377619,OWWWOOWW,OOWWOOWW,OWOWOOWW,OOOWOOWW
2,ddelta,478,484,478-484,14,-1.1888115829136034,1.1888115829136034,WWWOOOWW,WOWOOOWW,WWOOOOWW,WOOOOOWW
2,ddelta,478,484,478-484,15,-3.5362804796922873,3.5362804796922873,OWWOOOWW,OOWOOOWW,OWOOOOWW,OOOOOOWW
2,ddelta,478,484,478-484,16,1.2123868209812136,1.2123868209812136,WWWWWWOW,WOWWWWOW,WWOWWWOW,WOOWWWOW
2,ddelta,478,484,478-484,17,-0.6136170097148204,0.6136170097148204,OWWWWWOW,OOWWWWOW,OWOWWWOW,OOOWWWOW
2,ddelta,478,484,478-484,18,1.0933342136089075,1.0933342136089075,WWWOWWOW,WOWOWWOW,WWOOWWOW,WOOOWWOW
2,ddelta,478,484,478-484,19,0.44339291394720703,0.44339291394720703,OWWOWWOW,OOWOWWOW,OWOOWWOW,OOOOWWOW
2,ddelta,478,484,478-484,20,-0.4761206544609451,0.4761206544609451,WWWWOWOW,WOWWOWOW,WWOWOWOW,WOOWOWOW
2,ddelta,478,484,478-484,21,0.7143476769153632,0.7143476769153632,OWWWOWOW,OOWWOWOW,OWOWOWOW,OOOWOWOW
2,ddelta,478,484,478-484,22,1.688820314523538,1.688820314523538,WWWOOWOW,WOWOOWOW,WWOOOWOW,WOOOOWOW
2,ddelta,478,484,478-484,23,-1.0663678401797811,1.0663678401797811,OWWOOWOW,OOWOOWOW,OWOOOWOW,OOOOOWOW
2,ddelta,478,484,478-484,24,1.6248924976480423,1.6248924976480423,WWWWWOOW,WOWWWOOW,WWOWWOOW,WOOWWOOW
2,ddelta,478,484,478-484,25,0.35394857512623146,0.35394857512623146,OWWWWOOW,OOWWWOOW,OWOWWOOW,OOOWWOOW
2,ddelta,478,484,478-484,26,-2.3016510361395284,2.3016510361395284,WWWOWOOW,WOWOWOOW,WWOOWOOW,WOOOWOOW
2,ddelta,478,484,478-484,27,-0.1590122473981036,0.1590122473981036,OWWOWOOW,OOWOWOOW,OWOOWOOW,OOOOWOOW
2,ddelta,478,484,478-484,28,-2.925556615906309,2.925556615906309,WWWWOOOW,WOWWOOOW,WWOWOOOW,WOOWOOOW
2,ddelta,478,484,478-484,29,0.3818201795294245,0.3818201795294245,OWWWOOOW,OOWWOOOW,OWOWOOOW,OOOWOOOW
2,ddelta,478,484,478-484,30,-3.3875320360060437,3.3875320360060437,WWWOOOOW,WOWOOOOW,WWOOOOOW,WOOOOOOW
2,ddelta,478,484,478-484,31,1.234943430186999,1.234943430186999,OWWOOOOW,OOWOOOOW,OWOOOOOW,OOOOOOOW
2,ddelta,478,484,478-484,32,0.5741360967310166,0.5741360967310166,WWWWWWWO,WOWWWWWO,WWOWWWWO,WOOWWWWO
2,ddelta,478,484,478-484,33,-1.620511461603581,1.620511461603581,OWWWWWWO,OOWWWWWO,OWOWWWWO,OOOWWWWO
2,ddelta,478,484,478-484,34,-1.795732318895432,1.795732318895432,WWWOWWWO,WOWOWWWO,WWOOWWWO,WOOOWWWO
2,ddelta,478,484,478-484,35,-0.817395458005755,0.817395458005755,OWWOWWWO,OOWOWWWO,OWOOWWWO,OOOOWWWO
2,ddelta,478,484,478-484,36,0.0318047339908798,0.0318047339908798,WWWWOWWO,WOWWOWWO,WWOWOWWO,WOOWOWWO
2,ddelta,478,484,478-484,37,-2.1693753371204254,2.1693753371204254,OWWWOWWO,OOWWOWWO,OWOWOWWO,OOOWOWWO
2,ddelta,478,484,478-484,38,-2.366277655334287,2.366277655334287,WWWOOWWO,WOWOOWWO,WWOOOWWO,WOOOOWWO
2,ddelta,478,484,478-484,39,-0.006799709900468187,0.006799709900468187,OWWOOWWO,OOWOOWWO,OWOOOWWO,OOOOOWWO
2,ddelta,478,484,478-484,40,-1.7302208586906616,1.7302208586906616,WWWWWOWO,WOWWWOWO,WWOWWOWO,WOOWWOWO
2,ddelta,478,484,478-484,41,-0.43243504348734474,0.43243504348734474,OWWWWOWO,OOWWWOWO,OWOWWOWO,OOOWWOWO
2,ddelta,478,484,478-484,42,-0.058429568474789306,0.058429568474789306,WWWOWOWO,WOWOWOWO,WWOOWOWO,WOOOWOWO
2,ddelta,478,484,478-484,43,-1.3290069230162613,1.3290069230162613,OWWOWOWO,OOWOWOWO,OWOOWOWO,OOOOWOWO
2,ddelta,478,484,478-484,44,0.8246764439203167,0.8246764439203167,WWWWOOWO,WOWWOOWO,WWOWOOWO,WOOWOOWO
2,ddelta,478,484,478-484,45,-0.7533760735881113,0.7533760735881113,OWWWOOWO,OOWWOOWO,OWOWOOWO,OOOWOOWO
2,ddelta,478,484,478-484,46,1.2289480348910862,1.2289480348910862,WWWOOOWO,WOWOOOWO,WWOOOOWO,WOOOOOWO
2,ddelta,478,484,478-484,47,0.7324906713938331,0.7324906713938331,OWWOOOWO,OOWOOOWO,OWOOOOWO,OOOOOOWO
2,ddelta,478,484,478-484,48,-1.0366494059679146,1.0366494059679146,WWWWWWOO,WOWWWWOO,WWOWWWOO,WOOWWWOO
2,ddelta,478,484,478-484,49,0.9501714420550202,0.9501714420550202,OWWWWWOO,OOWWWWOO,OWOWWWOO,OOOWWWOO
2,ddelta,478,484,478-484,50,-1.3634223318070435,1.3634223318070435,WWWOWWOO,WOWOWWOO,WWOOWWOO,WOOOWWOO
2,ddelta,478,484,478-484,51,-0.41373666372220974,0.41373666372220974,OWWOWWOO,OOWOWWOO,OWOOWWOO,OOOOWWOO
2,ddelta,478,484,478-484,52,-0.4335649264928647,0.4335649264928647,WWWWOWOO,WOWWOWOO,WWOWOWOO,WOOWOWOO
2,ddelta,478,484,478-484,53,-0.41751683892714775,0.41751683892714775,OWWWOWOO,OOWWOWOO,OWOWOWOO,OOOWOWOO
2,ddelta,478,484,478-484,54,-3.9493744651711857,3.9493744651711857,WWWOOWOO,WOWOOWOO,WWOOOWOO,WOOOOWOO
2,ddelta,478,484,478-484,55,0.11765552509388277,0.11765552509388277,OWWOOWOO,OOWOOWOO,OWOOOWOO,OOOOOWOO
2,ddelta,478,484,478-484,56,-1.2901242503826502,1.2901242503826502,WWWWWOOO,WOWWWOOO,WWOWWOOO,WOOWWOOO
2,ddelta,478,484,478-484,57,0.2680202955086485,0.2680202955086485,OWWWWOOO,OOWWWOOO,OWOWWOOO,OOOWWOOO
2,ddelta,478,484,478-484,58,-0.42347137354994446,0.42347137354994446,WWWOWOOO,WOWOWOOO,WWOOWOOO,WOOOWOOO
2,ddelta,478,484,478-484,59,1.8584892171244978,1.8584892171244978,OWWOWOOO,OOWOWOOO,OWOOWOOO,OOOOWOOO
2,ddelta,478,484,478-484,60,-1.432859479336233,1.432859479336233,WWWWOOOO,WOWWOOOO,WWOWOOOO,WOOWOOOO
2,ddelta,478,484,478-484,61,3.0298118779948595,3.0298118779948595,OWWWOOOO,OOWWOOOO,OWOWOOOO,OOOWOOOO
2,ddelta,478,484,478-484,62,-1.6333816489011994,1.6333816489011994,WWWOOOOO,WOWOOOOO,WWOOOOOO,WOOOOOOO
2,ddelta,478,484,478-484,63,-1.656247242297705,1.656247242297705,OWWOOOOO,OOWOOOOO,OWOOOOOO,OOOOOOOO
2,ddelta,478,493,478-493,0,0.6323324727448241,0.6323324727448241,WWWWWWWW,WOWWWWWW,WWWOWWWW,WOWOWWWW
2,ddelta,478,493,478-493,1,-0.6155544115744542,0.6155544115744542,OWWWWWWW,OOWWWWWW,OWWOWWWW,OOWOWWWW
2,ddelta,478,493,478-493,2,-1.7850788021038304,1.7850788021038304,WWOWWWWW,WOOWWWWW,WWOOWWWW,WOOOWWWW
2,ddelta,478,493,478-493,3,-1.4930439665930857,1.4930439665930857,OWOWWWWW,OOOWWWWW,OWOOWWWW,OOOOWWWW
2,ddelta,478,493,478-493,4,3.436197992965431,3.436197992965431,WWWWOWWW,WOWWOWWW,WWWOOWWW,WOWOOWWW
2,ddelta,478,493,478-493,5,-0.4475072287532805,0.4475072287532805,OWWWOWWW,OOWWOWWW,OWWOOWWW,OOWOOWWW
2,ddelta,478,493,478-493,6,-0.5011184688322592,0.5011184688322592,WWOWOWWW,WOOWOWWW,WWOOOWWW,WOOOOWWW
2,ddelta,478,493,478-493,7,-1.0471083663182617,1.0471083663182617,OWOWOWWW,OOOWOWWW,OWOOOWWW,OOOOOWWW
2,ddelta,478,493,478-493,8,-0.17467480932705048,0.17467480932705048,WWWWWOWW,WOWWWOWW,WWWOWOWW,WOWOWOWW
2,ddelta,478,493,478-493,9,-1.6882519744188256,1.6882519744188256,OWWWWOWW,OOWWWOWW,OWWOWOWW,OOWOWOWW
2,ddelta,478,493,478-493,10,0.37526707556019856,0.37526707556019856,WWOWWOWW,WOOWWOWW,WWOOWOWW,WOOOWOWW
2,ddelta,478,493,478-493,11,0.9569948610987238,0.9569948610987238,OWOWWOWW,OOOWWOWW,OWOOWOWW,OOOOWOWW
2,ddelta,478,493,478-493,12,-2.348970009984288,2.348970009984288,WWWWOOWW,WOWWOOWW,WWWOOOWW,WOWOOOWW
2,ddelta,478,493,478-493,13,0.940115788268773,0.940115788268773,OWWWOOWW,OOWWOOWW,OWWOOOWW,OOWOOOWW
2,ddelta,478,493,478-493,14,-1.7178674594069938,1.7178674594069938,WWOWOOWW,WOOWOOWW,WWOOOOWW,WOOOOOWW
2,ddelta,478,493,478-493,15,-1.7546682260857525,1.7546682260857525,OWOWOOWW,OOOWOOWW,OWOOOOWW,OOOOOOWW
2,ddelta,478,493,478-493,16,-0.7880460446266534,0.7880460446266534,WWWWWWOW,WOWWWWOW,WWWOWWOW,WOWOWWOW
2,ddelta,478,493,478-493,17,-1.4151159985294026,1.4151159985294026,OWWWWWOW,OOWWWWOW,OWWOWWOW,OOWOWWOW
2,ddelta,478,493,478-493,18,-0.9070986519989598,0.9070986519989598,WWOWWWOW,WOOWWWOW,WWOOWWOW,WOOOWWOW
2,ddelta,478,493,478-493,19,-0.35810607486737517,0.35810607486737517,OWOWWWOW,OOOWWWOW,OWOOWWOW,OOOOWWOW
2,ddelta,478,493,478-493,20,-2.243298436273837,2.243298436273837,WWWWOWOW,WOWWOWOW,WWWOOWOW,WOWOOWOW
2,ddelta,478,493,478-493,21,1.5900967585427037,1.5900967585427037,OWWWOWOW,OOWWOWOW,OWWOOWOW,OOWOOWOW
2,ddelta,478,493,478-493,22,-0.07835746728935389,0.07835746728935389,WWOWOWOW,WOOWOWOW,WWOOOWOW,WOOOOWOW
2,ddelta,478,493,478-493,23,-0.1906187585524406,0.1906187585524406,OWOWOWOW,OOOWOWOW,OWOOOWOW,OOOOOWOW
2,ddelta,478,493,478-493,24,1.8447292781273963,1.8447292781273963,WWWWWOOW,WOWWWOOW,WWWOWOOW,WOWOWOOW
2,ddelta,478,493,478-493,25,0.46764269717196427,0.46764269717196427,OWWWWOOW,OOWWWOOW,OWWOWOOW,OOWOWOOW
2,ddelta,478,493,478-493,26,-2.0818142556601744,2.0818142556601744,WWOWWOOW,WOOWWOOW,WWOOWOOW,WOOOWOOW
2,ddelta,478,493,478-493,27,-0.0453181253523709,0.0453181253523709,OWOWWOOW,OOOWWOOW,OWOOWOOW,OOOOWOOW
2,ddelta,478,493,478-493,28,-0.9648619510889139,0.9648619510889139,WWWWOOOW,WOWWOOOW,WWWOOOOW,WOWOOOOW
2,ddelta,478,493,478-493,29,-0.34013965056472184,0.34013965056472184,OWWWOOOW,OOWWOOOW,OWWOOOOW,OOWOOOOW
2,ddelta,478,493,478-493,30,-1.426837371188649,1.426837371188649,WWOWOOOW,WOOWOOOW,WWOOOOOW,WOOOOOOW
2,ddelta,478,493,478-493,31,0.5129836000928528,0.5129836000928528,OWOWOOOW,OOOWOOOW,OWOOOOOW,OOOOOOOW
2,ddelta,478,493,478-493,32,2.3074211131860545,2.3074211131860545,WWWWWWWO,WOWWWWWO,WWWOWWWO,WOWOWWWO
2,ddelta,478,493,478-493,33,0.1276793428854453,0.1276793428854453,OWWWWWWO,OOWWWWWO,OWWOWWWO,OOWOWWWO
2,ddelta,478,493,478-493,34,-0.06244730244039398,0.06244730244039398,WWOWWWWO,WOOWWWWO,WWOOWWWO,WOOOWWWO
2,ddelta,478,493,478-493,35,0.9307953464832712,0.9307953464832712,OWOWWWWO,OOOWWWWO,OWOOWWWO,OOOOWWWO
2,ddelta,478,493,478-493,36,-2.39789639511093,2.39789639511093,WWWWOWWO,WOWWOWWO,WWWOOWWO,WOWOOWWO
2,ddelta,478,493,478-493,37,0.7764691027371091,0.7764691027371091,OWWWOWWO,OOWWOWWO,OWWOOWWO,OOWOOWWO
2,ddelta,478,493,478-493,38,-4.795978784436096,4.795978784436096,WWOWOWWO,WOOWOWWO,WWOOOWWO,WOOOOWWO
2,ddelta,478,493,478-493,39,2.9390447299570663,2.9390447299570663,OWOWOWWO,OOOWOWWO,OWOOOWWO,OOOOOWWO
2,ddelta,478,493,478-493,40,-0.790698424100964,0.790698424100964,WWWWWOWO,WOWWWOWO,WWWOWOWO,WOWOWOWO
2,ddelta,478,493,478-493,41,-0.8288686030799091,0.8288686030799091,OWWWWOWO,OOWWWOWO,OWWOWOWO,OOWOWOWO
2,ddelta,478,493,478-493,42,0.8810928661149082,0.8810928661149082,WWOWWOWO,WOOWWOWO,WWOOWOWO,WOOOWOWO
2,ddelta,478,493,478-493,43,-1.7254404826088257,1.7254404826088257,OWOWWOWO,OOOWWOWO,OWOOWOWO,OOOOWOWO
2,ddelta,478,493,478-493,44,-0.45666154737412995,0.45666154737412995,WWWWOOWO,WOWWOOWO,WWWOOOWO,WOWOOOWO
2,ddelta,478,493,478-493,45,0.16987240641494364,0.16987240641494364,OWWWOOWO,OOWWOOWO,OWWOOOWO,OOWOOOWO
2,ddelta,478,493,478-493,46,-0.052389956403360305,0.052389956403360305,WWOWOOWO,WOOWOOWO,WWOOOOWO,WOOOOOWO
2,ddelta,478,493,478-493,47,1.655739151396888,1.655739151396888,OWOWOOWO,OOOWOOWO,OWOOOOWO,OOOOOOWO
2,ddelta,478,493,478-493,48,-0.22647217888822968,0.22647217888822968,WWWWWWOO,WOWWWWOO,WWWOWWOO,WOWOWWOO
2,ddelta,478,493,478-493,49,0.5219825522876086,0.5219825522876086,OWWWWWOO,OOWWWWOO,OWWOWWOO,OOWOWWOO
2,ddelta,478,493,478-493,50,-0.5532451047273585,0.5532451047273585,WWOWWWOO,WOOWWWOO,WWOOWWOO,WOOOWWOO
2,ddelta,478,493,478-493,51,-0.8419255534896215,0.8419255534896215,OWOWWWOO,OOOWWWOO,OWOOWWOO,OOOOWWOO
2,ddelta,478,493,478-493,52,3.228771189034365,3.228771189034365,WWWWOWOO,WOWWOWOO,WWWOOWOO,WOWOOWOO
2,ddelta,478,493,478-493,53,0.03349948820849158,0.03349948820849158,OWWWOWOO,OOWWOWOO,OWWOOWOO,OOWOOWOO
2,ddelta,478,493,478-493,54,-0.2870383496439554,0.2870383496439554,WWOWOWOO,WOOWOWOO,WWOOOWOO,WOOOOWOO
2,ddelta,478,493,478-493,55,0.568671852229522,0.568671852229522,OWOWOWOO,OOOWOWOO,OWOOOWOO,OOOOOWOO
2,ddelta,478,493,478-493,56,-2.2359602545169857,2.2359602545169857,WWWWWOOO,WOWWWOOO,WWWOWOOO,WOWOWOOO
2,ddelta,478,493,478-493,57,-0.921680467937635,0.921680467937635,OWWWWOOO,OOWWWOOO,OWWOWOOO,OOWOWOOO
2,ddelta,478,493,478-493,58,-1.3693073776842792,1.3693073776842792,WWOWWOOO,WOOWWOOO,WWOOWOOO,WOOOWOOO
2,ddelta,478,493,478-493,59,0.6687884536782144,0.6687884536782144,OWOWWOOO,OOOWWOOO,OWOOWOOO,OOOOWOOO
2,ddelta,478,493,478-493,60,-1.0922321989162667,1.0922321989162667,WWWWOOOO,WOWWOOOO,WWWOOOOO,WOWOOOOO
2,ddelta,478,493,478-493,61,2.9950479799625036,2.9950479799625036,OWWWOOOO,OOWWOOOO,OWWOOOOO,OOWOOOOO
2,ddelta,478,493,478-493,62,-1.2927543684812326,1.2927543684812326,WWOWOOOO,WOOWOOOO,WWOOOOOO,WOOOOOOO
2,ddelta,478,493,478-493,63,-1.6910111403300616,1.6910111403300616,OWOWOOOO,OOOWOOOO,OWOOOOOO,OOOOOOOO
2,ddelta,478,496,478-496,0,-0.008739867642072685,0.008739867642072685,WWWWWWWW,WOWWWWWW,WWWWOWWW,WOWWOWWW
2,ddelta,478,496,478-496,1,-1.214584069733403,1.214584069733403,OWWWWWWW,OOWWWWWW,OWWWOWWW,OOWWOWWW
2,ddelta,478,496,478-496,2,1.3157212579264552,1.3157212579264552,WWOWWWWW,WOOWWWWW,WWOWOWWW,WOOWOWWW
2,ddelta,478,496,478-496,3,-0.8895681736779724,0.8895681736779724,OWOWWWWW,OOOWWWWW,OWOWOWWW,OOOWOWWW
2,ddelta,478,496,478-496,4,2.7951256525785344,2.7951256525785344,WWWOWWWW,WOWOWWWW,WWWOOWWW,WOWOOWWW
2,ddelta,478,496,478-496,5,-1.0465368869122293,1.0465368869122293,OWWOWWWW,OOWOWWWW,OWWOOWWW,OOWOOWWW
2,ddelta,478,496,478-496,6,2.599681591198026,2.599681591198026,WWOOWWWW,WOOOWWWW,WWOOOWWW,WOOOOWWW
2,ddelta,478,496,478-496,7,-0.44363257340314843,0.44363257340314843,OWOOWWWW,OOOOWWWW,OWOOOWWW,OOOOOWWW
2,ddelta,478,496,478-496,8,1.5646359861538313,1.5646359861538313,WWWWWOWW,WOWWWOWW,WWWWOOWW,WOWWOOWW
2,ddelta,478,496,478-496,9,-0.7820965519058592,0.7820965519058592,OWWWWOWW,OOWWWOWW,OWWWOOWW,OOWWOOWW
2,ddelta,478,496,478-496,10,-0.2161218963555902,0.2161218963555902,WWOWWOWW,WOOWWOWW,WWOWOOWW,WOOWOOWW
2,ddelta,478,496,478-496,11,1.4014959973128804,1.4014959973128804,OWOWWOWW,OOOWWOWW,OWOWOOWW,OOOWOOWW
2,ddelta,478,496,478-496,12,-0.6096592145034065,0.6096592145034065,WWWOWOWW,WOWOWOWW,WWWOOOWW,WOWOOOWW
2,ddelta,478,496,478-496,13,1.8462712107817394,1.8462712107817394,OWWOWOWW,OOWOWOWW,OWWOOOWW,OOWOOOWW
2,ddelta,478,496,478-496,14,-2.3092564313227824,2.3092564313227824,WWOOWOWW,WOOOWOWW,WWOOOOWW,WOOOOOWW
2,ddelta,478,496,478-496,15,-1.3101670898715958,1.3101670898715958,OWOOWOWW,OOOOWOWW,OWOOOOWW,OOOOOOWW
2,ddelta,478,496,478-496,16,-0.13415753467152902,0.13415753467152902,WWWWWWOW,WOWWWWOW,WWWWOWOW,WOWWOWOW
2,ddelta,478,496,478-496,17,-0.22180166552872715,0.22180166552872715,OWWWWWOW,OOWWWWOW,OWWWOWOW,OOWWOWOW
2,ddelta,478,496,478-496,18,-1.8226650101136876,1.8226650101136876,WWOWWWOW,WOOWWWOW,WWOWOWOW,WOOWOWOW
2,ddelta,478,496,478-496,19,1.1061630211014566,1.1061630211014566,OWOWWWOW,OOOWWWOW,OWOWOWOW,OOOWOWOW
2,ddelta,478,496,478-496,20,-1.5894099263187125,1.5894099263187125,WWWOWWOW,WOWOWWOW,WWWOOWOW,WOWOOWOW
2,ddelta,478,496,478-496,21,2.783411091543379,2.783411091543379,OWWOWWOW,OOWOWWOW,OWWOOWOW,OOWOOWOW
2,ddelta,478,496,478-496,22,-0.9939238254040816,0.9939238254040816,WWOOWWOW,WOOOWWOW,WWOOOWOW,WOOOOWOW
2,ddelta,478,496,478-496,23,1.273650337416391,1.273650337416391,OWOOWWOW,OOOOWWOW,OWOOOWOW,OOOOOWOW
2,ddelta,478,496,478-496,24,2.4551938328144955,2.4551938328144955,WWWWWOOW,WOWWWOOW,WWWWOOOW,WOWWOOOW
2,ddelta,478,496,478-496,25,-0.22158670628876198,0.22158670628876198,OWWWWOOW,OOWWWOOW,OWWWOOOW,OOWWOOOW
2,ddelta,478,496,478-496,26,-2.0952552807398552,2.0952552807398552,WWOWWOOW,WOOWWOOW,WWOWOOOW,WOOWOOOW
2,ddelta,478,496,478-496,27,-0.19371510188556892,0.19371510188556892,OWOWWOOW,OOOWWOOW,OWOWOOOW,OOOWOOOW
2,ddelta,478,496,478-496,28,-0.35439739640181495,0.35439739640181495,WWWOWOOW,WOWOWOOW,WWWOOOOW,WOWOOOOW
2,ddelta,478,496,478-496,29,-1.0293690540254479,1.0293690540254479,OWWOWOOW,OOWOWOOW,OWWOOOOW,OOWOOOOW
2,ddelta,478,496,478-496,30,-1.4402783962683303,1.4402783962683303,WWOOWOOW,WOOOWOOW,WWOOOOOW,WOOOOOOW
2,ddelta,478,496,478-496,31,0.3645866235596547,0.3645866235596547,OWOOWOOW,OOOOWOOW,OWOOOOOW,OOOOOOOW
2,ddelta,478,496,478-496,32,2.767503979594395,2.767503979594395,WWWWWWWO,WOWWWWWO,WWWWOWWO,WOWWOWWO
2,ddelta,478,496,478-496,33,0.5717717929757751,0.5717717929757751,OWWWWWWO,OOWWWWWO,OWWWOWWO,OOWWOWWO
2,ddelta,478,496,478-496,34,2.2251726168542576,2.2251726168542576,WWOWWWWO,WOOWWWWO,WWOWOWWO,WOOWOWWO
2,ddelta,478,496,478-496,35,0.02290791745893106,0.02290791745893106,OWOWWWWO,OOOWWWWO,OWOWOWWO,OOOWOWWO
2,ddelta,478,496,478-496,36,-1.9378135287025895,1.9378135287025895,WWWOWWWO,WOWOWWWO,WWWOOWWO,WOWOOWWO
2,ddelta,478,496,478-496,37,1.2205615528274387,1.2205615528274387,OWWOWWWO,OOWOWWWO,OWWOOWWO,OOWOOWWO
2,ddelta,478,496,478-496,38,-2.5083588651414446,2.5083588651414446,WWOOWWWO,WOOOWWWO,WWOOOWWO,WOOOOWWO
2,ddelta,478,496,478-496,39,2.0311573009327257,2.0311573009327257,OWOOWWWO,OOOOWWWO,OWOOOWWO,OOOOOWWO
2,ddelta,478,496,478-496,40,-1.8206502556116537,1.8206502556116537,WWWWWOWO,WOWWWOWO,WWWWOOWO,WOWWOOWO
2,ddelta,478,496,478-496,41,-1.898862685943104,1.898862685943104,OWWWWOWO,OOWWWOWO,OWWWOOWO,OOWWOOWO
2,ddelta,478,496,478-496,42,0.734247046999325,0.734247046999325,WWOWWOWO,WOOWWOWO,WWOWOOWO,WOOWOOWO
2,ddelta,478,496,478-496,43,-2.2198037160438706,2.2198037160438706,OWOWWOWO,OOOWWOWO,OWOWOOWO,OOOWOOWO
2,ddelta,478,496,478-496,44,-1.4866133788848195,1.4866133788848195,WWWOWOWO,WOWOWOWO,WWWOOOWO,WOWOOOWO
2,ddelta,478,496,478-496,45,-0.9001216764482511,0.9001216764482511,OWWOWOWO,OOWOWOWO,OWWOOOWO,OOWOOOWO
2,ddelta,478,496,478-496,46,-0.19923577551894378,0.19923577551894378,WWOOWOWO,WOOOWOWO,WWOOOOWO,WOOOOOWO
2,ddelta,478,496,478-496,47,1.1613759179618433,1.1613759179618433,OWOOWOWO,OOOOWOWO,OWOOOOWO,OOOOOOWO
2,ddelta,478,496,478-496,48,-0.2215452148692486,0.2215452148692486,WWWWWWOO,WOWWWWOO,WWWWOWOO,WOWWOWOO
2,ddelta,478,496,478-496,49,1.0030791205459617,1.0030791205459617,OWWWWWOO,OOWWWWOO,OWWWOWOO,OOWWOWOO
2,ddelta,478,496,478-496,50,0.3815392646058011,0.3815392646058011,WWOWWWOO,WOOWWWOO,WWOWOWOO,WOOWOWOO
2,ddelta,478,496,478-496,51,-0.3646091604362061,0.3646091604362061,OWOWWWOO,OOOWWWOO,OWOWOWOO,OOOWOWOO
2,ddelta,478,496,478-496,52,3.233698153053347,3.233698153053347,WWWOWWOO,WOWOWWOO,WWWOOWOO,WOWOOWOO
2,ddelta,478,496,478-496,53,0.5145960564668448,0.5145960564668448,OWWOWWOO,OOWOWWOO,OWWOOWOO,OOWOOWOO
2,ddelta,478,496,478-496,54,0.6477460196892042,0.6477460196892042,WWOOWWOO,WOOOWWOO,WWOOOWOO,WOOOOWOO
2,ddelta,478,496,478-496,55,1.0459882452829374,1.0459882452829374,OWOOWWOO,OOOOWWOO,OWOOOWOO,OOOOOWOO
2,ddelta,478,496,478-496,56,-0.24025447842759262,0.24025447842759262,WWWWWOOO,WOWWWOOO,WWWWOOOO,WOWWOOOO
2,ddelta,478,496,478-496,57,-3.0514265311588744,3.0514265311588744,OWWWWOOO,OOWWWOOO,OWWWOOOO,OOWWOOOO
2,ddelta,478,496,478-496,58,-0.38298970738117544,0.38298970738117544,WWOWWOOO,WOOWWOOO,WWOWOOOO,WOOWOOOO
2,ddelta,478,496,478-496,59,-0.28963494867266315,0.28963494867266315,OWOWWOOO,OOOWWOOO,OWOWOOOO,OOOWOOOO
2,ddelta,478,496,478-496,60,0.9034735771731259,0.9034735771731259,WWWOWOOO,WOWOWOOO,WWWOOOOO,WOWOOOOO
2,ddelta,478,496,478-496,61,0.8653019167412639,0.8653019167412639,OWWOWOOO,OOWOWOOO,OWWOOOOO,OOWOOOOO
2,ddelta,478,496,478-496,62,-0.3064366981781288,0.3064366981781288,WWOOWOOO,WOOOWOOO,WWOOOOOO,WOOOOOOO
2,ddelta,478,496,478-496,63,-2.6494345426809387,2.6494345426809387,OWOOWOOO,OOOOWOOO,OWOOOOOO,OOOOOOOO
2,ddelta,478,498,478-498,0,1.2998278113607864,1.2998278113607864,WWWWWWWW,WOWWWWWW,WWWWWOWW,WOWWWOWW
2,ddelta,478,498,478-498,1,1.595390222425474,1.595390222425474,OWWWWWWW,OOWWWWWW,OWWWWOWW,OOWWWOWW
2,ddelta,478,498,478-498,2,0.7301232548299847,0.7301232548299847,WWOWWWWW,WOOWWWWW,WWOWWOWW,WOOWWOWW
2,ddelta,478,498,478-498,3,-1.7063761550531495,1.7063761550531495,OWOWWWWW,OOOWWWWW,OWOWWOWW,OOOWWOWW
2,ddelta,478,498,478-498,4,0.4928205292889118,0.4928205292889118,WWWOWWWW,WOWOWWWW,WWWOWOWW,WOWOWOWW
2,ddelta,478,498,478-498,5,0.5226926595811024,0.5226926595811024,OWWOWWWW,OOWOWWWW,OWWOWOWW,OOWOWOWW
2,ddelta,478,498,478-498,6,2.8904691324940135,2.8904691324940135,WWOOWWWW,WOOOWWWW,WWOOWOWW,WOOOWOWW
2,ddelta,478,498,478-498,7,0.7436626726386596,0.7436626726386596,OWOOWWWW,OOOOWWWW,OWOOWOWW,OOOOWOWW
2,ddelta,478,498,478-498,8,2.8732036651566903,2.8732036651566903,WWWWOWWW,WOWWOWWW,WWWWOOWW,WOWWOOWW
2,ddelta,478,498,478-498,9,2.0278777402530177,2.0278777402530177,OWWWOWWW,OOWWOWWW,OWWWOOWW,OOWWOOWW
2,ddelta,478,498,478-498,10,-0.8017198994520607,0.8017198994520607,WWOWOWWW,WOOWOWWW,WWOWOOWW,WOOWOOWW
2,ddelta,478,498,478-498,11,0.5846880159377031,0.5846880159377031,OWOWOWWW,OOOWOWWW,OWOWOOWW,OOOWOOWW
2,ddelta,478,498,478-498,12,-2.911964337793029,2.911964337793029,WWWOOWWW,WOWOOWWW,WWWOOOWW,WOWOOOWW
2,ddelta,478,498,478-498,13,3.415500757275071,3.415500757275071,OWWOOWWW,OOWOOWWW,OWWOOOWW,OOWOOOWW
2,ddelta,478,498,478-498,14,-2.0184688900267953,2.0184688900267953,WWOOOWWW,WOOOOWWW,WWOOOOWW,WOOOOOWW
2,ddelta,478,498,478-498,15,-0.12287184382978755,0.12287184382978755,OWOOOWWW,OOOOOWWW,OWOOOOWW,OOOOOOWW
2,ddelta,478,498,478-498,16,-0.7237306285774617,0.7237306285774617,WWWWWWOW,WOWWWWOW,WWWWWOOW,WOWWWOOW
2,ddelta,478,498,478-498,17,0.0944767372480042,0.0944767372480042,OWWWWWOW,OOWWWWOW,OWWWWOOW,OOWWWOOW
2,ddelta,478,498,478-498,18,-0.31122495191063304,0.31122495191063304,WWOWWWOW,WOOWWWOW,WWOWWOOW,WOOWWOOW
2,ddelta,478,498,478-498,19,1.0620423220890562,1.0620423220890562,OWOWWWOW,OOOWWWOW,OWOWWOOW,OOOWWOOW
2,ddelta,478,498,478-498,20,1.9090446941765884,1.9090446941765884,WWWOWWOW,WOWOWWOW,WWWOWOOW,WOWOWOOW
2,ddelta,478,498,478-498,21,1.9772354329493713,1.9772354329493713,OWWOWWOW,OOWOWWOW,OWWOWOOW,OOWOWOOW
2,ddelta,478,498,478-498,22,-1.4859405555718477,1.4859405555718477,WWOOWWOW,WOOOWWOW,WWOOWOOW,WOOOWOOW
2,ddelta,478,498,478-498,23,1.3748302716040606,1.3748302716040606,OWOOWWOW,OOOOWWOW,OWOOWOOW,OOOOWOOW
2,ddelta,478,498,478-498,24,1.8656207389085626,1.8656207389085626,WWWWOWOW,WOWWOWOW,WWWWOOOW,WOWWOOOW
2,ddelta,478,498,478-498,25,0.09469169648796938,0.09469169648796938,OWWWOWOW,OOWWOWOW,OWWWOOOW,OOWWOOOW
2,ddelta,478,498,478-498,26,-0.583815222536801,0.583815222536801,WWOWOWOW,WOOWOWOW,WWOWOOOW,WOOWOOOW
2,ddelta,478,498,478-498,27,-0.2378358008979693,0.2378358008979693,OWOWOWOW,OOOWOWOW,OWOWOOOW,OOOWOOOW
2,ddelta,478,498,478-498,28,3.144057224093486,3.144057224093486,WWWOOWOW,WOWOOWOW,WWWOOOOW,WOWOOOOW
2,ddelta,478,498,478-498,29,-1.8355447126194562,1.8355447126194562,OWWOOWOW,OOWOOWOW,OWWOOOOW,OOWOOOOW
2,ddelta,478,498,478-498,30,-1.9322951264360961,1.9322951264360961,WWOOOWOW,WOOOOWOW,WWOOOOOW,WOOOOOOW
2,ddelta,478,498,478-498,31,0.4657665577473241,0.4657665577473241,OWOOOWOW,OOOOOWOW,OWOOOOOW,OOOOOOOW
2,ddelta,478,498,478-498,32,2.024802633919207,2.024802633919207,WWWWWWWO,WOWWWWWO,WWWWWOWO,WOWWWOWO
2,ddelta,478,498,478-498,33,1.8067943867662237,1.8067943867662237,OWWWWWWO,OOWWWWWO,OWWWWOWO,OOWWWOWO
2,ddelta,478,498,478-498,34,-0.27955432150247117,0.27955432150247117,WWOWWWWO,WOOWWWWO,WWOWWOWO,WOOWWOWO
2,ddelta,478,498,478-498,35,2.99487080488246,2.99487080488246,OWOWWWWO,OOOWWWWO,OWOWWOWO,OOOWWOWO
2,ddelta,478,498,478-498,36,-1.0733169033678118,1.0733169033678118,WWWOWWWO,WOWOWWWO,WWWOWOWO,WOWOWOWO
2,ddelta,478,498,478-498,37,0.8502464408008692,0.8502464408008692,OWWOWWWO,OOWOWWWO,OWWOWOWO,OOWOWOWO
2,ddelta,478,498,478-498,38,0.6639858470528308,0.6639858470528308,WWOOWWWO,WOOOWWWO,WWOOWOWO,WOOOWOWO
2,ddelta,478,498,478-498,39,0.33863497579036284,0.33863497579036284,OWOOWWWO,OOOOWWWO,OWOOWOWO,OOOOWOWO
2,ddelta,478,498,478-498,40,-2.5633516012868416,2.5633516012868416,WWWWOWWO,WOWWOWWO,WWWWOOWO,WOWWOOWO
2,ddelta,478,498,478-498,41,-0.6638400921526553,0.6638400921526553,OWWWOWWO,OOWWOWWO,OWWWOOWO,OOWWOOWO
2,ddelta,478,498,478-498,42,-1.7704798913574042,1.7704798913574042,WWOWOWWO,WOOWOWWO,WWOWOOWO,WOOWOOWO
2,ddelta,478,498,478-498,43,0.7521591713796583,0.7521591713796583,OWOWOWWO,OOOWOWWO,OWOWOOWO,OOOWOOWO
2,ddelta,478,498,478-498,44,-0.622116753550042,0.622116753550042,WWWOOWWO,WOWOOWWO,WWWOOOWO,WOWOOOWO
2,ddelta,478,498,478-498,45,-1.2704367884748207,1.2704367884748207,OWWOOWWO,OOWOOWWO,OWWOOOWO,OOWOOOWO
2,ddelta,478,498,478-498,46,2.9731089366753323,2.9731089366753323,WWOOOWWO,WOOOOWWO,WWOOOOWO,WOOOOOWO
2,ddelta,478,498,478-498,47,-0.5311464071805192,0.5311464071805192,OWOOOWWO,OOOOOWWO,OWOOOOWO,OOOOOOWO
2,ddelta,478,498,478-498,48,0.4519963913866064,0.4519963913866064,WWWWWWOO,WOWWWWOO,WWWWWOOO,WOWWWOOO
2,ddelta,478,498,478-498,49,0.9771282130419927,0.9771282130419927,OWWWWWOO,OOWWWWOO,OWWWWOOO,OOWWWOOO
2,ddelta,478,498,478-498,50,0.1985215469718707,0.1985215469718707,WWOWWWOO,WOOWWWOO,WWOWWOOO,WOOWWOOO
2,ddelta,478,498,478-498,51,0.29497706649562094,0.29497706649562094,OWOWWWOO,OOOWWWOO,OWOWWOOO,OOOWWOOO
2,ddelta,478,498,478-498,52,-1.5574916842421493,1.5574916842421493,WWWOWWOO,WOWOWWOO,WWWOWOOO,WOWOWOOO
2,ddelta,478,498,478-498,53,-0.4665348071832509,0.4665348071832509,OWWOWWOO,OOWOWWOO,OWWOWOOO,OOWOWOOO
2,ddelta,478,498,478-498,54,-0.61754072598505,0.61754072598505,WWOOWWOO,WOOOWWOO,WWOOWOOO,WOOOWOOO
2,ddelta,478,498,478-498,55,1.8056910736634568,1.8056910736634568,OWOOWWOO,OOOOWWOO,OWOOWOOO,OOOOWOOO
2,ddelta,478,498,478-498,56,0.4332871278282624,0.4332871278282624,WWWWOWOO,WOWWOWOO,WWWWOOOO,WOWWOOOO
2,ddelta,478,498,478-498,57,-3.0773774386628436,3.0773774386628436,OWWWOWOO,OOWWOWOO,OWWWOOOO,OOWWOOOO
2,ddelta,478,498,478-498,58,-0.5660074250151059,0.5660074250151059,WWOWOWOO,WOOWOWOO,WWOWOOOO,WOOWOOOO
2,ddelta,478,498,478-498,59,0.3699512782591639,0.3699512782591639,OWOWOWOO,OOOWOWOO,OWOWOOOO,OOOWOOOO
2,ddelta,478,498,478-498,60,-3.88771626012237,3.88771626012237,WWWOOWOO,WOWOOWOO,WWWOOOOO,WOWOOOOO
2,ddelta,478,498,478-498,61,-0.11582894690883183,0.11582894690883183,OWWOOWOO,OOWOOWOO,OWWOOOOO,OOWOOOOO
2,ddelta,478,498,478-498,62,-1.5717234438523833,1.5717234438523833,WWOOOWOO,WOOOOWOO,WWOOOOOO,WOOOOOOO
2,ddelta,478,498,478-498,63,-1.8897317143004195,1.8897317143004195,OWOOOWOO,OOOOOWOO,OWOOOOOO,OOOOOOOO
2,ddelta,478,501,478-501,0,1.1965219166948193,1.1965219166948193,WWWWWWWW,WOWWWWWW,WWWWWWOW,WOWWWWOW
2,ddelta,478,501,478-501,1,-0.34281092910108635,0.34281092910108635,OWWWWWWW,OOWWWWWW,OWWWWWOW,OOWWWWOW
2,ddelta,478,501,478-501,2,1.8783604321267078,1.8783604321267078,WWOWWWWW,WOOWWWWW,WWOWWWOW,WOOWWWOW
2,ddelta,478,501,478-501,3,-1.233105301738029,1.233105301738029,OWOWWWWW,OOOWWWWW,OWOWWWOW,OOOWWWOW
2,ddelta,478,501,478-501,4,-0.2238566006766582,0.2238566006766582,WWWOWWWW,WOWOWWWW,WWWOWWOW,WOWOWWOW
2,ddelta,478,501,478-501,5,-1.1423725160560347,1.1423725160560347,OWWOWWWW,OOWOWWWW,OWWOWWOW,OOWOWWOW
2,ddelta,478,501,478-501,6,2.7563405822315783,2.7563405822315783,WWOOWWWW,WOOOWWWW,WWOOWWOW,WOOOWWOW
2,ddelta,478,501,478-501,7,-0.09816741001231843,0.09816741001231843,OWOOWWWW,OOOOWWWW,OWOOWWOW,OOOOWWOW
2,ddelta,478,501,478-501,8,1.071104249665363,1.071104249665363,WWWWOWWW,WOWWOWWW,WWWWOWOW,WOWWOWOW
2,ddelta,478,501,478-501,9,0.6499714751035899,0.6499714751035899,OWWWOWWW,OOWWOWWW,OWWWOWOW,OOWWOWOW
2,ddelta,478,501,478-501,10,-1.260025835913435,1.260025835913435,WWOWOWWW,WOOWOWWW,WWOWOWOW,WOOWOWOW
2,ddelta,478,501,478-501,11,0.7626258930413999,0.7626258930413999,OWOWOWWW,OOOWOWWW,OWOWOWOW,OOOWOWOW
2,ddelta,478,501,478-501,12,-4.6083921795739045,4.6083921795739045,WWWOOWWW,WOWOOWWW,WWWOOWOW,WOWOOWOW
2,ddelta,478,501,478-501,13,2.6875754623995736,2.6875754623995736,OWWOOWWW,OOWOOWWW,OWWOOWOW,OOWOOWOW
2,ddelta,478,501,478-501,14,-0.8372648343705298,0.8372648343705298,WWOOOWWW,WOOOOWWW,WWOOOWOW,WOOOOWOW
2,ddelta,478,501,478-501,15,1.619115500807221,1.619115500807221,OWOOOWWW,OOOOOWWW,OWOOOWOW,OOOOOWOW
2,ddelta,478,501,478-501,16,-0.8270365232434286,0.8270365232434286,WWWWWOWW,WOWWWOWW,WWWWWOOW,WOWWWOOW
2,ddelta,478,501,478-501,17,-1.843724414278556,1.843724414278556,OWWWWOWW,OOWWWOWW,OWWWWOOW,OOWWWOOW
2,ddelta,478,501,478-501,18,0.8370122253860903,0.8370122253860903,WWOWWOWW,WOOWWOWW,WWOWWOOW,WOOWWOOW
2,ddelta,478,501,478-501,19,1.5353131754041769,1.5353131754041769,OWOWWOWW,OOOWWOWW,OWOWWOOW,OOOWWOOW
2,ddelta,478,501,478-501,20,1.192367564211018,1.192367564211018,WWWOWOWW,WOWOWOWW,WWWOWOOW,WOWOWOOW
2,ddelta,478,501,478-501,21,0.31217025731223336,0.31217025731223336,OWWOWOWW,OOWOWOWW,OWWOWOOW,OOWOWOOW
2,ddelta,478,501,478-501,22,-1.6200691058342827,1.6200691058342827,WWOOWOWW,WOOOWOWW,WWOOWOOW,WOOOWOOW
2,ddelta,478,501,478-501,23,0.5330001889530824,0.5330001889530824,OWOOWOWW,OOOOWOWW,OWOOWOOW,OOOOWOOW
2,ddelta,478,501,478-501,24,0.06352132341723582,0.06352132341723582,WWWWOOWW,WOWWOOWW,WWWWOOOW,WOWWOOOW
2,ddelta,478,501,478-501,25,-1.2832145686614589,1.2832145686614589,OWWWOOWW,OOWWOOWW,OWWWOOOW,OOWWOOOW
2,ddelta,478,501,478-501,26,-1.0421211589981754,1.0421211589981754,WWOWOOWW,WOOWOOWW,WWOWOOOW,WOOWOOOW
2,ddelta,478,501,478-501,27,-0.0598979237942725,0.0598979237942725,OWOWOOWW,OOOWOOWW,OWOWOOOW,OOOWOOOW
2,ddelta,478,501,478-501,28,1.4476293823126105,1.4476293823126105,WWWOOOWW,WOWOOOWW,WWWOOOOW,WOWOOOOW
2,ddelta,478,501,478-501,29,-2.5634700074949537,2.5634700074949537,OWWOOOWW,OOWOOOWW,OWWOOOOW,OOWOOOOW
2,ddelta,478,501,478-501,30,-0.7510910707798306,0.7510910707798306,WWOOOOWW,WOOOOOWW,WWOOOOOW,WOOOOOOW
2,ddelta,478,501,478-501,31,2.207753902384333,2.207753902384333,OWOOOOWW,OOOOOOWW,OWOOOOOW,OOOOOOOW
2,ddelta,478,501,478-501,32,1.1841764040002394,1.1841764040002394,WWWWWWWO,WOWWWWWO,WWWWWWOO,WOWWWWOO
2,ddelta,478,501,478-501,33,-1.1981058021572921,1.1981058021572921,OWWWWWWO,OOWWWWWO,OWWWWWOO,OOWWWWOO
2,ddelta,478,501,478-501,34,-0.4266090986986919,0.4266090986986919,WWOWWWWO,WOOWWWWO,WWOWWWOO,WOOWWWOO
2,ddelta,478,501,478-501,35,1.3725771015013093,1.3725771015013093,OWOWWWWO,OOOWWWWO,OWOWWWOO,OOOWWWOO
2,ddelta,478,501,478-501,36,-1.3497168880740449,1.3497168880740449,WWWOWWWO,WOWOWWWO,WWWOWWOO,WOWOWWOO
2,ddelta,478,501,478-501,37,-0.8038025927551287,0.8038025927551287,OWWOWWWO,OOWOWWWO,OWWOWWOO,OOWOWWOO
2,ddelta,478,501,478-501,38,-0.9174069009856565,0.9174069009856565,WWOOWWWO,WOOOWWWO,WWOOWWOO,WOOOWWOO
2,ddelta,478,501,478-501,39,-0.40014379847158366,0.40014379847158366,OWOOWWWO,OOOOWWWO,OWOOWWOO,OOOOWWOO
2,ddelta,478,501,478-501,40,-1.8048727904634045,1.8048727904634045,WWWWOWWO,WOWWOWWO,WWWWOWOO,WOWWOWOO
2,ddelta,478,501,478-501,41,-0.7667984745871057,0.7667984745871057,OWWWOWWO,OOWWOWWO,OWWWOWOO,OOWWOWOO
2,ddelta,478,501,478-501,42,-2.2702424509471486,2.2702424509471486,WWOWOWWO,WOOWOWWO,WWOWOWOO,WOOWOWOO
2,ddelta,478,501,478-501,43,0.985060023606172,0.985060023606172,OWOWOWWO,OOOWOWWO,OWOWOWOO,OOOWOWOO
2,ddelta,478,501,478-501,44,3.8217947936818906,3.8217947936818906,WWWOOWWO,WOWOOWWO,WWWOOWOO,WOWOOWOO
2,ddelta,478,501,478-501,45,-1.5097680891157226,1.5097680891157226,OWWOOWWO,OOWOOWWO,OWWOOWOO,OOWOOWOO
2,ddelta,478,501,478-501,46,2.2386979838449927,2.2386979838449927,WWOOOWWO,WOOOOWWO,WWOOOWOO,WOOOOWOO
2,ddelta,478,501,478-501,47,-1.3853128541213717,1.3853128541213717,OWOOOWWO,OOOOOWWO,OWOOOWOO,OOOOOWOO
2,ddelta,478,501,478-501,48,-0.3886298385323612,0.3886298385323612,WWWWWOWO,WOWWWOWO,WWWWWOOO,WOWWWOOO
2,ddelta,478,501,478-501,49,-2.0277719758815227,2.0277719758815227,OWWWWOWO,OOWWWOWO,OWWWWOOO,OOWWWOOO
2,ddelta,478,501,478-501,50,0.05146676977565012,0.05146676977565012,WWOWWOWO,WOOWWOWO,WWOWWOOO,WOOWWOOO
2,ddelta,478,501,478-501,51,-1.3273166368855298,1.3273166368855298,OWOWWOWO,OOOWWOWO,OWOWWOOO,OOOWWOOO
2,ddelta,478,501,478-501,52,-1.8338916689483824,1.8338916689483824,WWWOWOWO,WOWOWOWO,WWWOWOOO,WOWOWOOO
2,ddelta,478,501,478-501,53,-2.1205838407392488,2.1205838407392488,OWWOWOWO,OOWOWOWO,OWWOWOOO,OOWOWOOO
2,ddelta,478,501,478-501,54,-2.198933474023537,2.198933474023537,WWOOWOWO,WOOOWOWO,WWOOWOOO,WOOOWOOO
2,ddelta,478,501,478-501,55,1.0669122994015103,1.0669122994015103,OWOOWOWO,OOOOWOWO,OWOOWOOO,OOOOWOOO
2,ddelta,478,501,478-501,56,1.1917659386516999,1.1917659386516999,WWWWOOWO,WOWWOOWO,WWWWOOOO,WOWWOOOO
2,ddelta,478,501,478-501,57,-3.1803358210972936,3.1803358210972936,OWWWOOWO,OOWWOOWO,OWWWOOOO,OOWWOOOO
2,ddelta,478,501,478-501,58,-1.06576998460485,1.06576998460485,WWOWOOWO,WOOWOOWO,WWOWOOOO,WOOWOOOO
2,ddelta,478,501,478-501,59,0.6028521304856778,0.6028521304856778,OWOWOOWO,OOOWOOWO,OWOWOOOO,OOOWOOOO
2,ddelta,478,501,478-501,60,0.5561952871095632,0.5561952871095632,WWWOOOWO,WOWOOOWO,WWWOOOOO,WOWOOOOO
2,ddelta,478,501,478-501,61,-0.35516024754973397,0.35516024754973397,OWWOOOWO,OOWOOOWO,OWWOOOOO,OOWOOOOO
2,ddelta,478,501,478-501,62,-2.306134396682723,2.306134396682723,WWOOOOWO,WOOOOOWO,WWOOOOOO,WOOOOOOO
2,ddelta,478,501,478-501,63,-2.7438981612412716,2.7438981612412716,OWOOOOWO,OOOOOOWO,OWOOOOOO,OOOOOOOO
2,ddelta,478,505,478-505,0,0.4897208461281234,0.4897208461281234,WWWWWWWW,WOWWWWWW,WWWWWWWO,WOWWWWWO
2,ddelta,478,505,478-505,1,0.3454502352495916,0.3454502352495916,OWWWWWWW,OOWWWWWW,OWWWWWWO,OOWWWWWO
2,ddelta,478,505,478-505,2,0.5333086373098148,0.5333086373098148,WWOWWWWW,WOOWWWWW,WWOWWWWO,WOOWWWWO
2,ddelta,478,505,478-505,3,-1.5517385892761113,1.5517385892761113,OWOWWWWW,OOOWWWWW,OWOWWWWO,OOOWWWWO
2,ddelta,478,505,478-505,4,2.164809486569354,2.164809486569354,WWWOWWWW,WOWOWWWW,WWWOWWWO,WOWOWWWO
2,ddelta,478,505,478-505,5,1.0886839897094913,1.0886839897094913,OWWOWWWW,OOWOWWWW,OWWOWWWO,OOWOWWWO
2,ddelta,478,505,478-505,6,2.2559401369732512,2.2559401369732512,WWOOWWWW,WOOOWWWW,WWOOWWWO,WOOOWWWO
2,ddelta,478,505,478-505,7,0.8721007238002455,0.8721007238002455,OWOOWWWW,OOOOWWWW,OWOOWWWO,OOOOWWWO
2,ddelta,478,505,478-505,8,3.2659646933645914,3.2659646933645914,WWWWOWWW,WOWWOWWW,WWWWOWWO,WOWWOWWO
2,ddelta,478,505,478-505,9,2.13180609795877,2.13180609795877,OWWWOWWW,OOWWOWWW,OWWWOWWO,OOWWOWWO
2,ddelta,478,505,478-505,10,1.4427599962376174,1.4427599962376174,WWOWOWWW,WOOWOWWW,WWOWOWWO,WOOWOWWO
2,ddelta,478,505,478-505,11,-0.639262498139208,0.639262498139208,OWOWOWWW,OOOWOWWW,OWOWOWWO,OOOWOWWO
2,ddelta,478,505,478-505,12,-2.5681296947117698,2.5681296947117698,WWWOOWWW,WOWOOWWW,WWWOOWWO,WOWOOWWO
2,ddelta,478,505,478-505,13,3.3557824294491594,3.3557824294491594,OWWOOWWW,OOWOOWWW,OWWOOWWO,OOWOOWWO
2,ddelta,478,505,478-505,14,-2.8521003193662198,2.8521003193662198,WWOOOWWW,WOOOOWWW,WWOOOWWO,WOOOOWWO
2,ddelta,478,505,478-505,15,3.3468905981361194,3.3468905981361194,OWOOOWWW,OOOOOWWW,OWOOOWWO,OOOOOWWO
2,ddelta,478,505,478-505,16,1.214695668686544,1.214695668686544,WWWWWOWW,WOWWWOWW,WWWWWOWO,WOWWWOWO
2,ddelta,478,505,478-505,17,0.5568543995903412,0.5568543995903412,OWWWWOWW,OOWWWOWW,OWWWWOWO,OOWWWOWO
2,ddelta,478,505,478-505,18,-0.4763689390226411,0.4763689390226411,WWOWWOWW,WOOWWOWW,WWOWWOWO,WOOWWOWO
2,ddelta,478,505,478-505,19,3.1495083706594986,3.1495083706594986,OWOWWOWW,OOOWWOWW,OWOWWOWO,OOOWWOWO
2,ddelta,478,505,478-505,20,0.5986720539126307,0.5986720539126307,WWWOWOWW,WOWOWOWW,WWWOWOWO,WOWOWOWO
2,ddelta,478,505,478-505,21,1.416237770929258,1.416237770929258,OWWOWOWW,OOWOWOWW,OWWOWOWO,OOWOWOWO
2,ddelta,478,505,478-505,22,0.029456851532069006,0.029456851532069006,WWOOWOWW,WOOOWOWW,WWOOWOWO,WOOOWOWO
2,ddelta,478,505,478-505,23,0.46707302695194874,0.46707302695194874,OWOOWOWW,OOOOWOWW,OWOOWOWO,OOOOWOWO
2,ddelta,478,505,478-505,24,-2.1705905730789405,2.1705905730789405,WWWWOOWW,WOWWOOWW,WWWWOOWO,WOWWOOWO
2,ddelta,478,505,478-505,25,-0.5599117344469032,0.5599117344469032,OWWWOOWW,OOWWOOWW,OWWWOOWO,OOWWOOWO
2,ddelta,478,505,478-505,26,0.47400000433227385,0.47400000433227385,WWOWOOWW,WOOWOOWW,WWOWOOWO,WOOWOOWO
2,ddelta,478,505,478-505,27,-0.47179134269725287,0.47179134269725287,OWOWOOWW,OOOWOOWW,OWOWOOWO,OOOWOOWO
2,ddelta,478,505,478-505,28,-0.27828211046878293,0.27828211046878293,WWWOOOWW,WOWOOOWW,WWWOOOWO,WOWOOOWO
2,ddelta,478,505,478-505,29,-1.3301551163007326,1.3301551163007326,OWWOOOWW,OOWOOOWW,OWWOOOWO,OOWOOOWO
2,ddelta,478,505,478-505,30,2.139477507335907,2.139477507335907,WWOOOOWW,WOOOOOWW,WWOOOOWO,WOOOOOWO
2,ddelta,478,505,478-505,31,2.9386160347853876,2.9386160347853876,OWOOOOWW,OOOOOOWW,OWOOOOWO,OOOOOOWO
2,ddelta,478,505,478-505,32,0.4773753334335433,0.4773753334335433,WWWWWWOW,WOWWWWOW,WWWWWWOO,WOWWWWOO
2,ddelta,478,505,478-505,33,-0.5098446378066142,0.5098446378066142,OWWWWWOW,OOWWWWOW,OWWWWWOO,OOWWWWOO
2,ddelta,478,505,478-505,34,-1.7716608935155849,1.7716608935155849,WWOWWWOW,WOOWWWOW,WWOWWWOO,WOOWWWOO
2,ddelta,478,505,478-505,35,1.0539438139632267,1.0539438139632267,OWOWWWOW,OOOWWWOW,OWOWWWOO,OOOWWWOO
2,ddelta,478,505,478-505,36,1.038949199171967,1.038949199171967,WWWOWWOW,WOWOWWOW,WWWOWWOO,WOWOWWOO
2,ddelta,478,505,478-505,37,1.4272539130103974,1.4272539130103974,OWWOWWOW,OOWOWWOW,OWWOWWOO,OOWOWWOO
2,ddelta,478,505,478-505,38,-1.4178073462439835,1.4178073462439835,WWOOWWOW,WOOOWWOW,WWOOWWOO,WOOOWWOO
2,ddelta,478,505,478-505,39,0.5701243353409803,0.5701243353409803,OWOOWWOW,OOOOWWOW,OWOOWWOO,OOOOWWOO
2,ddelta,478,505,478-505,40,0.38998765323582374,0.38998765323582374,WWWWOWOW,WOWWOWOW,WWWWOWOO,WOWWOWOO
2,ddelta,478,505,478-505,41,0.7150361482680749,0.7150361482680749,OWWWOWOW,OOWWOWOW,OWWWOWOO,OOWWOWOO
2,ddelta,478,505,478-505,42,0.43254338120390395,0.43254338120390395,WWOWOWOW,WOOWOWOW,WWOWOWOO,WOOWOWOO
2,ddelta,478,505,478-505,43,-0.416828367574436,0.416828367574436,OWOWOWOW,OOOWOWOW,OWOWOWOO,OOOWOWOO
2,ddelta,478,505,478-505,44,5.862057278544027,5.862057278544027,WWWOOWOW,WOWOOWOW,WWWOOWOO,WOWOOWOO
2,ddelta,478,505,478-505,45,-0.8415611220661371,0.8415611220661371,OWWOOWOW,OOWOOWOW,OWWOOWOO,OOWOOWOO
2,ddelta,478,505,478-505,46,0.22386249884930245,0.22386249884930245,WWOOOWOW,WOOOOWOW,WWOOOWOO,WOOOOWOO
2,ddelta,478,505,478-505,47,0.34246224320752666,0.34246224320752666,OWOOOWOW,OOOOOWOW,OWOOOWOO,OOOOOWOO
2,ddelta,478,505,478-505,48,1.6531023533976112,1.6531023533976112,WWWWWOOW,WOWWWOOW,WWWWWOOO,WOWWWOOO
2,ddelta,478,505,478-505,49,0.37280683798737446,0.37280683798737446,OWWWWOOW,OOWWWOOW,OWWWWOOO,OOWWWOOO
2,ddelta,478,505,478-505,50,-1.261914394633081,1.261914394633081,WWOWWOOW,WOOWWOOW,WWOWWOOO,WOOWWOOO
2,ddelta,478,505,478-505,51,0.28687855836979137,0.28687855836979137,OWOWWOOW,OOOWWOOW,OWOWWOOO,OOOWWOOO
2,ddelta,478,505,478-505,52,-2.42758717924677,2.42758717924677,WWWOWOOW,WOWOWOOW,WWWOWOOO,WOWOWOOO
2,ddelta,478,505,478-505,53,-1.0165163271222248,1.0165163271222248,OWWOWOOW,OOWOWOOW,OWWOWOOO,OOWOWOOO
2,ddelta,478,505,478-505,54,-0.5494075166571859,0.5494075166571859,WWOOWOOW,WOOOWOOW,WWOOWOOO,WOOOWOOO
2,ddelta,478,505,478-505,55,1.0009851374003764,1.0009851374003764,OWOOWOOW,OOOOWOOW,OWOOWOOO,OOOOWOOO
2,ddelta,478,505,478-505,56,-1.0423459578444767,1.0423459578444767,WWWWOOOW,WOWWOOOW,WWWWOOOO,WOWWOOOO
2,ddelta,478,505,478-505,57,-2.457032986882738,2.457032986882738,OWWWOOOW,OOWWOOOW,OWWWOOOO,OOWWOOOO
2,ddelta,478,505,478-505,58,0.45035117872559904,0.45035117872559904,WWOWOOOW,WOOWOOOW,WWOWOOOO,WOOWOOOO
2,ddelta,478,505,478-505,59,0.1909587115826972,0.1909587115826972,OWOWOOOW,OOOWOOOW,OWOWOOOO,OOOWOOOO
2,ddelta,478,505,478-505,60,-1.1697162056718293,1.1697162056718293,WWWOOOOW,WOWOOOOW,WWWOOOOO,WOWOOOOO
2,ddelta,478,505,478-505,61,0.8781546436444869,0.8781546436444869,OWWOOOOW,OOWOOOOW,OWWOOOOO,OOWOOOOO
2,ddelta,478,505,478-505,62,0.5844341814330154,0.5844341814330154,WWOOOOOW,WOOOOOOW,WWOOOOOO,WOOOOOOO
2,ddelta,478,505,478-505,63,-2.013036028840217,2.013036028840217,OWOOOOOW,OOOOOOOW,OWOOOOOO,OOOOOOOO
2,ddelta,484,493,484-493,0,2.3179197838903436,2.3179197838903436,WWWWWWWW,WWOWWWWW,WWWOWWWW,WWOOWWWW
2,ddelta,484,493,484-493,1,1.977601941952892,1.977601941952892,OWWWWWWW,OWOWWWWW,OWWOWWWW,OWOOWWWW
2,ddelta,484,493,484-493,2,-0.09949149095831092,0.09949149095831092,WOWWWWWW,WOOWWWWW,WOWOWWWW,WOOOWWWW
2,ddelta,484,493,484-493,3,1.1001123869342608,1.1001123869342608,OOWWWWWW,OOOWWWWW,OOWOWWWW,OOOOWWWW
2,ddelta,484,493,484-493,4,2.5656142881769615,2.5656142881769615,WWWWOWWW,WWOWOWWW,WWWOOWWW,WWOOOWWW
2,ddelta,484,493,484-493,5,0.8992523833055281,0.8992523833055281,OWWWOWWW,OWOWOWWW,OWWOOWWW,OWOOOWWW
2,ddelta,484,493,484-493,6,-1.3717021736207289,1.3717021736207289,WOWWOWWW,WOOWOWWW,WOWOOWWW,WOOOOWWW
2,ddelta,484,493,484-493,7,0.2996512457405471,0.2996512457405471,OOWWOWWW,OOOWOWWW,OOWOOWWW,OOOOOWWW
2,ddelta,484,493,484-493,8,-1.1597805706949873,1.1597805706949873,WWWWWOWW,WWOWWOWW,WWWOWOWW,WWOOWOWW
2,ddelta,484,493,484-493,9,-0.41496342170022205,0.41496342170022205,OWWWWOWW,OWOWWOWW,OWWOWOWW,OWOOWOWW
2,ddelta,484,493,484-493,10,-0.6098386858077385,0.6098386858077385,WOWWWOWW,WOOWWOWW,WOWOWOWW,WOOOWOWW
2,ddelta,484,493,484-493,11,2.230283413817327,2.230283413817327,OOWWWOWW,OOOWWOWW,OOWOWOWW,OOOOWOWW
2,ddelta,484,493,484-493,12,-0.8562679210680479,0.8562679210680479,WWWWOOWW,WWOWOOWW,WWWOOOWW,WWOOOOWW
2,ddelta,484,493,484-493,13,2.1707481111451936,2.1707481111451936,OWWWOOWW,OWOWOOWW,OWWOOOWW,OWOOOOWW
2,ddelta,484,493,484-493,14,-0.2251653704907537,0.2251653704907537,WOWWOOWW,WOOWOOWW,WOWOOOWW,WOOOOOWW
2,ddelta,484,493,484-493,15,-0.5240359032093319,0.5240359032093319,OOWWOOWW,OOOWOOWW,OOWOOOWW,OOOOOOWW
2,ddelta,484,493,484-493,16,1.1261697053860966,1.1261697053860966,WWWWWWOW,WWOWWWOW,WWWOWWOW,WWOOWWOW
2,ddelta,484,493,484-493,17,-0.44404313747673774,0.44404313747673774,OWWWWWOW,OWOWWWOW,OWWOWWOW,OWOOWWOW
2,ddelta,484,493,484-493,18,1.0071170980137905,1.0071170980137905,WOWWWWOW,WOOWWWOW,WOWOWWOW,WOOOWWOW
2,ddelta,484,493,484-493,19,0.6129667861852898,0.6129667861852898,OOWWWWOW,OOOWWWOW,OOWOWWOW,OOOOWWOW
2,ddelta,484,493,484-493,20,-0.7159779765280374,0.7159779765280374,WWWWOWOW,WWOWOWOW,WWWOOWOW,WWOOOWOW
2,ddelta,484,493,484-493,21,2.1854871458437697,2.1854871458437697,OWWWOWOW,OWOWOWOW,OWWOOWOW,OWOOOWOW
2,ddelta,484,493,484-493,22,1.4489629924564456,1.4489629924564456,WOWWOWOW,WOOWOWOW,WOWOOWOW,WOOOOWOW
2,ddelta,484,493,484-493,23,0.4047716287486254,0.4047716287486254,OOWWOWOW,OOOWOWOW,OOWOOWOW,OOOOOWOW
2,ddelta,484,493,484-493,24,1.5354984858677945,1.5354984858677945,WWWWWOOW,WWOWWOOW,WWWOWOOW,WWOOWOOW
2,ddelta,484,493,484-493,25,1.0540068198318533,1.0540068198318533,OWWWWOOW,OWOWWOOW,OWWOWOOW,OWOOWOOW
2,ddelta,484,493,484-493,26,-2.391045047919776,2.391045047919776,WOWWWOOW,WOOWWOOW,WOWOWOOW,WOOOWOOW
2,ddelta,484,493,484-493,27,0.5410459973075181,0.5410459973075181,OOWWWOOW,OOOWWOOW,OOWOWOOW,OOOOWOOW
2,ddelta,484,493,484-493,28,1.1140863870783728,1.1140863870783728,WWWWOOOW,WWOWOOOW,WWWOOOOW,WWOOOOOW
2,ddelta,484,493,484-493,29,0.9904792709159523,0.9904792709159523,OWWWOOOW,OWOWOOOW,OWWOOOOW,OWOOOOOW
2,ddelta,484,493,484-493,30,0.6521109669786376,0.6521109669786376,WOWWOOOW,WOOWOOOW,WOWOOOOW,WOOOOOOW
2,ddelta,484,493,484-493,31,1.8436025215735268,1.8436025215735268,OOWWOOOW,OOOWOOOW,OOWOOOOW,OOOOOOOW
2,ddelta,484,493,484-493,32,2.3225417089747253,2.3225417089747253,WWWWWWWO,WWOWWWWO,WWWOWWWO,WWOOWWWO
2,ddelta,484,493,484-493,33,1.1111606442947455,1.1111606442947455,OWWWWWWO,OWOWWWWO,OWWOWWWO,OWOOWWWO
2,ddelta,484,493,484-493,34,-0.04732670665172334,0.04732670665172334,WOWWWWWO,WOOWWWWO,WOWOWWWO,WOOOWWWO
2,ddelta,484,493,484-493,35,1.9142766478925715,1.9142766478925715,OOWWWWWO,OOOWWWWO,OOWOWWWO,OOOOWWWO
2,ddelta,484,493,484-493,36,3.4007875286235265,3.4007875286235265,WWWWOWWO,WWOWOWWO,WWWOOWWO,WWOOOWWO
2,ddelta,484,493,484-493,37,-1.027872185645137,1.027872185645137,OWWWOWWO,OWOWOWWO,OWWOOWWO,OWOOOWWO
2,ddelta,484,493,484-493,38,1.0027051392983601,1.0027051392983601,WOWWOWWO,WOOWOWWO,WOWOOWWO,WOOOOWWO
2,ddelta,484,493,484-493,39,1.13470344157482,1.13470344157482,OOWWOWWO,OOOWOWWO,OOWOOWWO,OOOOOWWO
2,ddelta,484,493,484-493,40,0.5478044518785521,0.5478044518785521,WWWWWOWO,WWOWWOWO,WWWOWOWO,WWOOWOWO
2,ddelta,484,493,484-493,41,1.839047470957341,1.839047470957341,OWWWWOWO,OWOWWOWO,OWWOWOWO,OWOOWOWO
2,ddelta,484,493,484-493,42,2.2195957420944246,2.2195957420944246,WOWWWOWO,WOOWWOWO,WOWOWOWO,WOOOWOWO
2,ddelta,484,493,484-493,43,0.9424755914284241,0.9424755914284241,OOWWWOWO,OOOWWOWO,OOWOWOWO,OOOOWOWO
2,ddelta,484,493,484-493,44,0.6718027599881009,0.6718027599881009,WWWWOOWO,WWOWOOWO,WWWOOOWO,WWOOOOWO
2,ddelta,484,493,484-493,45,0.4772824699953738,0.4772824699953738,OWWWOOWO,OWOWOOWO,OWWOOOWO,OWOOOOWO
2,ddelta,484,493,484-493,46,1.0760743509588706,1.0760743509588706,WOWWOOWO,WOOWOOWO,WOWOOOWO,WOOOOOWO
2,ddelta,484,493,484-493,47,1.9631492149773182,1.9631492149773182,OOWWOOWO,OOOWOOWO,OOWOOOWO,OOOOOOWO
2,ddelta,484,493,484-493,48,0.8358161461057535,0.8358161461057535,WWWWWWOO,WWOWWWOO,WWWOWWOO,WWOOWWOO
2,ddelta,484,493,484-493,49,0.1982559734416084,0.1982559734416084,OWWWWWOO,OWOWWWOO,OWWOWWOO,OWOOWWOO
2,ddelta,484,493,484-493,50,0.5090432202666247,0.5090432202666247,WOWWWWOO,WOOWWWOO,WOWOWWOO,WOOOWWOO
2,ddelta,484,493,484-493,51,-1.1656521323356217,1.1656521323356217,OOWWWWOO,OOOWWWOO,OOWOWWOO,OOOOWWOO
2,ddelta,484,493,484-493,52,-0.6871301401979624,0.6871301401979624,WWWWOWOO,WWOWOWOO,WWWOOWOO,WWOOOWOO
2,ddelta,484,493,484-493,53,-0.11236507709185406,0.11236507709185406,OWWWOWOO,OWOWOWOO,OWWOOWOO,OWOOOWOO
2,ddelta,484,493,484-493,54,-4.202939678876284,4.202939678876284,WOWWOWOO,WOOWOWOO,WOWOOWOO,WOOOOWOO
2,ddelta,484,493,484-493,55,0.42280728692917635,0.42280728692917635,OOWWOWOO,OOOWOWOO,OOWOOWOO,OOOOOWOO
2,ddelta,484,493,484-493,56,0.43979374343266,0.43979374343266,WWWWWOOO,WWOWWOOO,WWWOWOOO,WWOOWOOO
2,ddelta,484,493,484-493,57,0.3539989543093204,0.3539989543093204,OWWWWOOO,OWOWWOOO,OWWOWOOO,OWOOWOOO
2,ddelta,484,493,484-493,58,1.306446620265366,1.306446620265366,WOWWWOOO,WOOWWOOO,WOWOWOOO,WOOOWOOO
2,ddelta,484,493,484-493,59,1.9444678759251697,1.9444678759251697,OOWWWOOO,OOOWWOOO,OOWOWOOO,OOOOWOOO
2,ddelta,484,493,484-493,60,1.449867190994245,1.449867190994245,WWWWOOOO,WWOWOOOO,WWWOOOOO,WWOOOOOO
2,ddelta,484,493,484-493,61,5.007503564921047,5.007503564921047,OWWWOOOO,OWOWOOOO,OWWOOOOO,OWOOOOOO
2,ddelta,484,493,484-493,62,1.249345021429279,1.249345021429279,WOWWOOOO,WOOWOOOO,WOWOOOOO,WOOOOOOO
2,ddelta,484,493,484-493,63,0.32144444462848243,0.32144444462848243,OOWWOOOO,OOOWOOOO,OOWOOOOO,OOOOOOOO
2,ddelta,484,496,484-496,0,-2.1449451405107665,2.1449451405107665,WWWWWWWW,WWOWWWWW,WWWWOWWW,WWOWOWWW
2,ddelta,484,496,484-496,1,0.6656986423034661,0.6656986423034661,OWWWWWWW,OWOWWWWW,OWWWOWWW,OWOWOWWW
2,ddelta,484,496,484-496,2,-0.8204840149422382,0.8204840149422382,WOWWWWWW,WOOWWWWW,WOWWOWWW,WOOWOWWW
2,ddelta,484,496,484-496,3,0.9907145383588969,0.9907145383588969,OOWWWWWW,OOOWWWWW,OOWWOWWW,OOOWOWWW
2,ddelta,484,496,484-496,4,-1.8972506362241488,1.8972506362241488,WWWOWWWW,WWOOWWWW,WWWOOWWW,WWOOOWWW
2,ddelta,484,496,484-496,5,-0.4126509163438977,0.4126509163438977,OWWOWWWW,OWOOWWWW,OWWOOWWW,OWOOOWWW
2,ddelta,484,496,484-496,6,-2.092694697604656,2.092694697604656,WOWOWWWW,WOOOWWWW,WOWOOWWW,WOOOOWWW
2,ddelta,484,496,484-496,7,0.1902533971651834,0.1902533971651834,OOWOWWWW,OOOOWWWW,OOWOOWWW,OOOOOWWW
2,ddelta,484,496,484-496,8,1.0374123448453585,1.0374123448453585,WWWWWOWW,WWOWWOWW,WWWWOOWW,WWOWOOWW
2,ddelta,484,496,484-496,9,-0.7789127880587219,0.7789127880587219,OWWWWOWW,OWOWWOWW,OWWWOOWW,OWOWOOWW
2,ddelta,484,496,484-496,10,-0.7433455376640627,0.7433455376640627,WOWWWOWW,WOOWWOWW,WOWWOOWW,WOOWOOWW
2,ddelta,484,496,484-496,11,1.404679761160018,1.404679761160018,OOWWWOWW,OOOWWOWW,OOWWOOWW,OOOWOOWW
2,ddelta,484,496,484-496,12,1.3409249944722978,1.3409249944722978,WWWOWOWW,WWOOWOWW,WWWOOOWW,WWOOOOWW
2,ddelta,484,496,484-496,13,1.8067987447866938,1.8067987447866938,OWWOWOWW,OWOOWOWW,OWWOOOWW,OWOOOOWW
2,ddelta,484,496,484-496,14,-0.35867222234707796,0.35867222234707796,WOWOWOWW,WOOOWOWW,WOWOOOWW,WOOOOOWW
2,ddelta,484,496,484-496,15,-1.3496395558666414,1.3496395558666414,OOWOWOWW,OOOOWOWW,OOWOOOWW,OOOOOOWW
2,ddelta,484,496,484-496,16,0.925408349186683,0.925408349186683,WWWWWWOW,WWOWWWOW,WWWWOWOW,WWOWOWOW
2,ddelta,484,496,484-496,17,-0.30294876643689017,0.30294876643689017,OWWWWWOW,OWOWWWOW,OWWWOWOW,OWOWOWOW
2,ddelta,484,496,484-496,18,-0.7630991262554758,0.7630991262554758,WOWWWWOW,WOOWWWOW,WOWWOWOW,WOOWOWOW
2,ddelta,484,496,484-496,19,1.0250159201932936,1.0250159201932936,OOWWWWOW,OOOWWWOW,OOWWOWOW,OOOWOWOW
2,ddelta,484,496,484-496,20,-0.9167393327274513,0.9167393327274513,WWWOWWOW,WWOOWWOW,WWWOOWOW,WWOOOWOW
2,ddelta,484,496,484-496,21,2.3265815168836173,2.3265815168836173,OWWOWWOW,OWOOWWOW,OWWOOWOW,OWOOOWOW
2,ddelta,484,496,484-496,22,-0.3212532318128204,0.3212532318128204,WOWOWWOW,WOOOWWOW,WOWOOWOW,WOOOOWOW
2,ddelta,484,496,484-496,23,0.816820762756629,0.816820762756629,OOWOWWOW,OOOOWWOW,OOWOOWOW,OOOOOWOW
2,ddelta,484,496,484-496,24,1.4236234911491255,1.4236234911491255,WWWWWOOW,WWOWWOOW,WWWWOOOW,WWOWOOOW
2,ddelta,484,496,484-496,25,0.4239672978373499,0.4239672978373499,OWWWWOOW,OWOWWOOW,OWWWOOOW,OWOWOOOW
2,ddelta,484,496,484-496,26,-3.1268256224052253,3.1268256224052253,WOWWWOOW,WOOWWOOW,WOWWOOOW,WOOWOOOW
2,ddelta,484,496,484-496,27,0.4518389022405429,0.4518389022405429,OOWWWOOW,OOOWWOOW,OOWWOOOW,OOOWOOOW
2,ddelta,484,496,484-496,28,1.0022113923597036,1.0022113923597036,WWWOWOOW,WWOOWOOW,WWWOOOOW,WWOOOOOW
2,ddelta,484,496,484-496,29,0.360439748921449,0.360439748921449,OWWOWOOW,OWOOWOOW,OWWOOOOW,OWOOOOOW
2,ddelta,484,496,484-496,30,-0.08366960750681174,0.08366960750681174,WOWOWOOW,WOOOWOOW,WOWOOOOW,WOOOOOOW
2,ddelta,484,496,484-496,31,1.7543954265065516,1.7543954265065516,OOWOWOOW,OOOOWOOW,OOWOOOOW,OOOOOOOW
2,ddelta,484,496,484-496,32,1.7622840523005134,1.7622840523005134,WWWWWWWO,WWOWWWWO,WWWWOWWO,WWOWOWWO
2,ddelta,484,496,484-496,33,0.6408644518693676,0.6408644518693676,OWWWWWWO,OWOWWWWO,OWWWOWWO,OWOWOWWO
2,ddelta,484,496,484-496,34,1.219952689560376,1.219952689560376,WOWWWWWO,WOOWWWWO,WOWWOWWO,WOOWOWWO
2,ddelta,484,496,484-496,35,0.09200057635252334,0.09200057635252334,OOWWWWWO,OOOWWWWO,OOWWOWWO,OOOWOWWO
2,ddelta,484,496,484-496,36,2.8405298719493137,2.8405298719493137,WWWOWWWO,WWOOWWWO,WWWOOWWO,WWOOOWWO
2,ddelta,484,496,484-496,37,-1.4981683780705148,1.4981683780705148,OWWOWWWO,OWOOWWWO,OWWOOWWO,OWOOOWWO
2,ddelta,484,496,484-496,38,2.269984535510459,2.269984535510459,WOWOWWWO,WOOOWWWO,WOWOOWWO,WOOOOWWO
2,ddelta,484,496,484-496,39,-0.6875726299652279,0.6875726299652279,OOWOWWWO,OOOOWWWO,OOWOOWWO,OOOOOWWO
2,ddelta,484,496,484-496,40,-2.153239061309188,2.153239061309188,WWWWWOWO,WWOWWOWO,WWWWOOWO,WWOWOOWO
2,ddelta,484,496,484-496,41,-0.6050875492047394,0.6050875492047394,OWWWWOWO,OWOWWOWO,OWWWOOWO,OWOWOOWO
2,ddelta,484,496,484-496,42,0.40165824130179,0.40165824130179,WOWWWOWO,WOOWWOWO,WOWWOOWO,WOOWOOWO
2,ddelta,484,496,484-496,43,-0.926028579305506,0.926028579305506,OOWWWOWO,OOOWWOWO,OOWWOOWO,OOOWOOWO
2,ddelta,484,496,484-496,44,-2.0292407531996393,2.0292407531996393,WWWOWOWO,WWOOWOWO,WWWOOOWO,WWOOOOWO
2,ddelta,484,496,484-496,45,-1.9668525501667062,1.9668525501667062,OWWOWOWO,OWOOWOWO,OWWOOOWO,OWOOOOWO
2,ddelta,484,496,484-496,46,-0.7418631498337638,0.7418631498337638,WOWOWOWO,WOOOWOWO,WOWOOOWO,WOOOOOWO
2,ddelta,484,496,484-496,47,0.0946450442433881,0.0946450442433881,OOWOWOWO,OOOOWOWO,OOWOOOWO,OOOOOOWO
2,ddelta,484,496,484-496,48,-0.21691057248430257,0.21691057248430257,WWWWWWOO,WWOWWWOO,WWWWOWOO,WWOWOWOO
2,ddelta,484,496,484-496,49,0.3197810890896994,0.3197810890896994,OWWWWWOO,OWOWWWOO,OWWWOWOO,OWOWOWOO
2,ddelta,484,496,484-496,50,0.38617390699074716,0.38617390699074716,WOWWWWOO,WOOWWWOO,WOWWOWOO,WOOWOWOO
2,ddelta,484,496,484-496,51,-1.0479071918924685,1.0479071918924685,OOWWWWOO,OOOWWWOO,OOWWOWOO,OOOWOWOO
2,ddelta,484,496,484-496,52,-1.7398568587880185,1.7398568587880185,WWWOWWOO,WWOOWWOO,WWWOOWOO,WWOOOWOO
2,ddelta,484,496,484-496,53,0.009160038556236927,0.009160038556236927,OWWOWWOO,OWOOWWOO,OWWOOWOO,OWOOOWOO
2,ddelta,484,496,484-496,54,-4.325808992152161,4.325808992152161,WOWOWWOO,WOOOWWOO,WOWOOWOO,WOOOOWOO
2,ddelta,484,496,484-496,55,0.5405522273723296,0.5405522273723296,OOWOWWOO,OOOOWWOO,OOWOOWOO,OOOOOWOO
2,ddelta,484,496,484-496,56,-1.2765100556857722,1.2765100556857722,WWWWWOOO,WWOWWOOO,WWWWOOOO,WWOWOOOO
2,ddelta,484,496,484-496,57,-3.23311934453771,3.23311934453771,OWWWWOOO,OWOWWOOO,OWWWOOOO,OWOWOOOO
2,ddelta,484,496,484-496,58,-1.4192452846393548,1.4192452846393548,WOWWWOOO,WOOWWOOO,WOWWOOOO,WOOWOOOO
2,ddelta,484,496,484-496,59,-0.47132776205149884,0.47132776205149884,OOWWWOOO,OOOWWOOO,OOWWOOOO,OOOWOOOO
2,ddelta,484,496,484-496,60,-0.2664366081241871,0.2664366081241871,WWWOWOOO,WWOOWOOO,WWWOOOOO,WWOOOOOO
2,ddelta,484,496,484-496,61,1.4203852660740168,1.4203852660740168,OWWOWOOO,OWOOWOOO,OWWOOOOO,OWOOOOOO
2,ddelta,484,496,484-496,62,-1.4763468834754419,1.4763468834754419,WOWOWOOO,WOOOWOOO,WOWOOOOO,WOOOOOOO
2,ddelta,484,496,484-496,63,-2.094351193348186,2.094351193348186,OOWOWOOO,OOOOWOOO,OOWOOOOO,OOOOOOOO
2,ddelta,484,498,484-498,0,-0.2828684399724235,0.2828684399724235,WWWWWWWW,WWOWWWWW,WWWWWOWW,WWOWWOWW
2,ddelta,484,498,484-498,1,1.7004245350893408,1.7004245350893408,OWWWWWWW,OWOWWWWW,OWWWWOWW,OWOWWOWW
2,ddelta,484,498,484-498,2,-0.8525729965032252,0.8525729965032252,WOWWWWWW,WOOWWWWW,WOWWWOWW,WOOWWOWW
2,ddelta,484,498,484-498,3,-1.601341842389283,1.601341842389283,OOWWWWWW,OOOWWWWW,OOWWWOWW,OOOWWOWW
2,ddelta,484,498,484-498,4,-3.760568794557754,3.760568794557754,WWWOWWWW,WWOOWWWW,WWWOWOWW,WWOOWOWW
2,ddelta,484,498,484-498,5,-0.6921408285637735,0.6921408285637735,OWWOWWWW,OWOOWWWW,OWWOWOWW,OWOOWOWW
2,ddelta,484,498,484-498,6,-1.3629201913526527,1.3629201913526527,WOWOWWWW,WOOOWWWW,WOWOWOWW,WOOOWOWW
2,ddelta,484,498,484-498,7,-0.4711708155062162,0.4711708155062162,OOWOWWWW,OOOOWWWW,OOWOWOWW,OOOOWOWW
2,ddelta,484,498,484-498,8,2.8994890453837012,2.8994890453837012,WWWWOWWW,WWOWOWWW,WWWWOOWW,WWOWOOWW
2,ddelta,484,498,484-498,9,0.25581310472715296,0.25581310472715296,OWWWOWWW,OWOWOWWW,OWWWOOWW,OWOWOOWW
2,ddelta,484,498,484-498,10,-0.7754345192250497,0.7754345192250497,WOWWOWWW,WOOWOWWW,WOWWOOWW,WOOWOOWW
2,ddelta,484,498,484-498,11,-1.1873766195881619,1.1873766195881619,OOWWOWWW,OOOWOWWW,OOWWOOWW,OOOWOOWW
2,ddelta,484,498,484-498,12,-0.5223931638613082,0.5223931638613082,WWWOOWWW,WWOOOWWW,WWWOOOWW,WWOOOOWW
2,ddelta,484,498,484-498,13,1.527308832566818,1.527308832566818,OWWOOWWW,OWOOOWWW,OWWOOOWW,OWOOOOWW
2,ddelta,484,498,484-498,14,0.3711022839049254,0.3711022839049254,WOWOOWWW,WOOOOWWW,WOWOOOWW,WOOOOOWW
2,ddelta,484,498,484-498,15,-2.011063768538041,2.011063768538041,OOWOOWWW,OOOOOWWW,OOWOOOWW,OOOOOOWW
2,ddelta,484,498,484-498,16,0.4708744121712185,0.4708744121712185,WWWWWWOW,WWOWWWOW,WWWWWOOW,WWOWWOOW
2,ddelta,484,498,484-498,17,-0.5670611332058328,0.5670611332058328,OWWWWWOW,OWOWWWOW,OWWWWOOW,OWOWWOOW
2,ddelta,484,498,484-498,18,0.8833800888380471,0.8833800888380471,WOWWWWOW,WOOWWWOW,WOWWWOOW,WOOWWOOW
2,ddelta,484,498,484-498,19,0.4005044516352192,0.4005044516352192,OOWWWWOW,OOOWWWOW,OOWWWOOW,OOOWWOOW
2,ddelta,484,498,484-498,20,0.8802031926529164,0.8802031926529164,WWWOWWOW,WWOOWWOW,WWWOWOOW,WWOOWOOW
2,ddelta,484,498,484-498,21,0.9309888241027582,0.9309888241027582,OWWOWWOW,OWOOWWOW,OWWOWOOW,OWOOWOOW
2,ddelta,484,498,484-498,22,-2.5147820570955197,2.5147820570955197,WOWOWWOW,WOOOWWOW,WOWOWOOW,WOOOWOOW
2,ddelta,484,498,484-498,23,0.32858366275744755,0.32858366275744755,OOWOWWOW,OOOOWWOW,OOWOWOOW,OOOOWOOW
2,ddelta,484,498,484-498,24,0.9690895541336609,0.9690895541336609,WWWWOWOW,WWOWOWOW,WWWWOOOW,WWOWOOOW
2,ddelta,484,498,484-498,25,0.1598549310684072,0.1598549310684072,OWWWOWOW,OWOWOWOW,OWWWOOOW,OWOWOOOW
2,ddelta,484,498,484-498,26,-1.4803464073117025,1.4803464073117025,WOWWOWOW,WOOWOWOW,WOWWOOOW,WOOWOOOW
2,ddelta,484,498,484-498,27,-0.17267256631753147,0.17267256631753147,OOWWOWOW,OOOWOWOW,OOWWOOOW,OOOWOOOW
2,ddelta,484,498,484-498,28,2.799153917740071,2.799153917740071,WWWOOWOW,WWOOOWOW,WWWOOOOW,WWOOOOOW
2,ddelta,484,498,484-498,29,-1.03515294385941,1.03515294385941,OWWOOWOW,OWOOOWOW,OWWOOOOW,OWOOOOOW
2,ddelta,484,498,484-498,30,-2.2771984327895107,2.2771984327895107,WOWOOWOW,WOOOOWOW,WOWOOOOW,WOOOOOOW
2,ddelta,484,498,484-498,31,1.26615832650737,1.26615832650737,OOWOOWOW,OOOOOWOW,OOWOOOOW,OOOOOOOW
2,ddelta,484,498,484-498,32,1.5119281594643215,1.5119281594643215,WWWWWWWO,WWOWWWWO,WWWWWOWO,WWOWWOWO
2,ddelta,484,498,484-498,33,-0.0875177516189865,0.0875177516189865,OWWWWWWO,OWOWWWWO,OWWWWOWO,OWOWWOWO
2,ddelta,484,498,484-498,34,-0.7924287959573568,0.7924287959573568,WOWWWWWO,WOOWWWWO,WOWWWOWO,WOOWWOWO
2,ddelta,484,498,484-498,35,1.1005586664972498,1.1005586664972498,OOWWWWWO,OOOWWWWO,OOWWWOWO,OOOWWOWO
2,ddelta,484,498,484-498,36,-0.2628090976318518,0.2628090976318518,WWWOWWWO,WWOOWWWO,WWWOWOWO,WWOOWOWO
2,ddelta,484,498,484-498,37,0.6403690750436086,0.6403690750436086,OWWOWWWO,OWOOWWWO,OWWOWOWO,OWOOWOWO
2,ddelta,484,498,484-498,38,1.4744936527887909,1.4744936527887909,WOWOWWWO,WOOOWWWO,WOWOWOWO,WOOOWOWO
2,ddelta,484,498,484-498,39,0.1287576100331025,0.1287576100331025,OOWOWWWO,OOOOWWWO,OOWOWOWO,OOOOWOWO
2,ddelta,484,498,484-498,40,-2.4035949541453805,2.4035949541453805,WWWWOWWO,WWOWOWWO,WWWWOOWO,WWOWOOWO
2,ddelta,484,498,484-498,41,-1.3334697526930934,1.3334697526930934,OWWWOWWO,OWOWOWWO,OWWWOOWO,OWOWOOWO
2,ddelta,484,498,484-498,42,-1.610723244215943,1.610723244215943,WOWWOWWO,WOOWOWWO,WOWWOOWO,WOOWOOWO
2,ddelta,484,498,484-498,43,0.08252951083922055,0.08252951083922055,OOWWOWWO,OOOWOWWO,OOWWOOWO,OOOWOOWO
2,ddelta,484,498,484-498,44,-5.132579722780806,5.132579722780806,WWWOOWWO,WWOOOWWO,WWWOOOWO,WWOOOOWO
2,ddelta,484,498,484-498,45,0.17168490294741723,0.17168490294741723,OWWOOWWO,OWOOOWWO,OWWOOOWO,OWOOOOWO
2,ddelta,484,498,484-498,46,-1.5373540325554318,1.5373540325554318,WOWOOWWO,WOOOOWWO,WOWOOOWO,WOOOOOWO
2,ddelta,484,498,484-498,47,0.9109752842417187,0.9109752842417187,OOWOOWWO,OOOOOWWO,OOWOOOWO,OOOOOOWO
2,ddelta,484,498,484-498,48,0.8638326189299235,0.8638326189299235,WWWWWWOO,WWOWWWOO,WWWWWOOO,WWOWWOOO
2,ddelta,484,498,484-498,49,-0.07547953576234578,0.07547953576234578,OWWWWWOO,OWOWWWOO,OWWWWOOO,OWOWWOOO
2,ddelta,484,498,484-498,50,0.6103577745151877,0.6103577745151877,WOWWWWOO,WOOWWWOO,WOWWWOOO,WOOWWOOO
2,ddelta,484,498,484-498,51,-0.7576306823087176,0.7576306823087176,OOWWWWOO,OOOWWWOO,OOWWWOOO,OOOWWOOO
2,ddelta,484,498,484-498,52,0.46781021625682984,0.46781021625682984,WWWOWWOO,WWOOWWOO,WWWOWOOO,WWOOWOOO
2,ddelta,484,498,484-498,53,0.0802634451053661,0.0802634451053661,OWWOWWOO,OWOOWWOO,OWWOWOOO,OWOOWOOO
2,ddelta,484,498,484-498,54,1.407761174513929,1.407761174513929,WOWOWWOO,WOOOWWOO,WOWOWOOO,WOOOWOOO
2,ddelta,484,498,484-498,55,2.3524893259520736,2.3524893259520736,OOWOWWOO,OOOOWWOO,OOWOWOOO,OOOOWOOO
2,ddelta,484,498,484-498,56,-0.19576686427154621,0.19576686427154621,WWWWOWOO,WWOWOWOO,WWWWOOOO,WWOWOOOO
2,ddelta,484,498,484-498,57,-3.6283799693897554,3.6283799693897554,OWWWOWOO,OWOWOWOO,OWWWOOOO,OWOWOOOO
2,ddelta,484,498,484-498,58,-1.1950614171149145,1.1950614171149145,WOWWOWOO,WOOWOWOO,WOWWOOOO,WOOWOOOO
2,ddelta,484,498,484-498,59,-0.1810512524677479,0.1810512524677479,OOWWOWOO,OOOWOWOO,OOWWOOOO,OOOWOOOO
2,ddelta,484,498,484-498,60,1.9412304669206615,1.9412304669206615,WWWOOWOO,WWOOOWOO,WWWOOOOO,WWOOOOOO
2,ddelta,484,498,484-498,61,1.491488672623146,1.491488672623146,OWWOOWOO,OWOOOWOO,OWWOOOOO,OWOOOOOO
2,ddelta,484,498,484-498,62,4.257223283190648,4.257223283190648,WOWOOWOO,WOOOOWOO,WOWOOOOO,WOOOOOOO
2,ddelta,484,498,484-498,63,-0.2824140947684419,0.2824140947684419,OOWOOWOO,OOOOOWOO,OOWOOOOO,OOOOOOOO
2,ddelta,484,501,484-501,0,-1.3439739000086923,1.3439739000086923,WWWWWWWW,WWOWWWWW,WWWWWWOW,WWOWWWOW
2,ddelta,484,501,484-501,1,0.2923882190804842,0.2923882190804842,OWWWWWWW,OWOWWWWW,OWWWWWOW,OWOWWWOW
2,ddelta,484,501,484-501,2,-0.6621353845768041,0.6621353845768041,WOWWWWWW,WOOWWWWW,WOWWWWOW,WOOWWWOW
2,ddelta,484,501,484-501,3,-0.5979061535564587,0.5979061535564587,OOWWWWWW,OOOWWWWW,OOWWWWOW,OOOWWWOW
2,ddelta,484,501,484-501,4,-2.535723978512939,2.535723978512939,WWWOWWWW,WWOOWWWW,WWWOWWOW,WWOOWWOW
2,ddelta,484,501,484-501,5,-2.1292568603491455,2.1292568603491455,OWWOWWWW,OWOOWWWW,OWWOWWOW,OWOOWWOW
2,ddelta,484,501,484-501,6,0.44447320439529714,0.44447320439529714,WOWOWWWW,WOOOWWWW,WOWOWWOW,WOOOWWOW
2,ddelta,484,501,484-501,7,-1.0850517543054294,1.0850517543054294,OOWOWWWW,OOOOWWWW,OOWOWWOW,OOOOWWOW
2,ddelta,484,501,484-501,8,1.7263795896887566,1.7263795896887566,WWWWOWWW,WWOWOWWW,WWWWOWOW,WWOWOWOW
2,ddelta,484,501,484-501,9,-0.6762591896598722,0.6762591896598722,OWWWOWWW,OWOWOWWW,OWWWOWOW,OWOWOWOW
2,ddelta,484,501,484-501,10,-0.6047504958900415,0.6047504958900415,WOWWOWWW,WOOWOWWW,WOWWOWOW,WOOWOWOW
2,ddelta,484,501,484-501,11,-0.5636047717220618,0.5636047717220618,OOWWOWWW,OOOWOWWW,OOWWOWOW,OOOWOWOW
2,ddelta,484,501,484-501,12,-1.555212675016242,1.555212675016242,WWWOOWWW,WWOOOWWW,WWWOOWOW,WWOOOWOW
2,ddelta,484,501,484-501,13,0.6099755728783693,0.6099755728783693,OWWOOWWW,OWOOOWWW,OWWOOWOW,OWOOOWOW
2,ddelta,484,501,484-501,14,2.215914670187133,2.215914670187133,WOWOOWWW,WOOOOWWW,WOWOOWOW,WOOOOWOW
2,ddelta,484,501,484-501,15,-0.45848438871398356,0.45848438871398356,OOWOOWWW,OOOOOWWW,OOWOOWOW,OOOOOWOW
2,ddelta,484,501,484-501,16,-0.5902310478650504,0.5902310478650504,WWWWWOWW,WWOWWOWW,WWWWWOOW,WWOWWOOW
2,ddelta,484,501,484-501,17,-1.9750974492146895,1.9750974492146895,OWWWWOWW,OWOWWOWW,OWWWWOOW,OWOWWOOW
2,ddelta,484,501,484-501,18,1.0738177007644683,1.0738177007644683,WOWWWOWW,WOOWWOWW,WOWWWOOW,WOOWWOOW
2,ddelta,484,501,484-501,19,1.4039401404680436,1.4039401404680436,OOWWWOWW,OOOWWOWW,OOWWWOOW,OOOWWOOW
2,ddelta,484,501,484-501,20,2.1050480086977315,2.1050480086977315,WWWOWOWW,WWOOWOWW,WWWOWOOW,WWOOWOOW
2,ddelta,484,501,484-501,21,-0.5061272076826142,0.5061272076826142,OWWOWOWW,OWOOWOWW,OWWOWOOW,OWOOWOOW
2,ddelta,484,501,484-501,22,-0.7073886613475695,0.7073886613475695,WOWOWOWW,WOOOWOWW,WOWOWOOW,WOOOWOOW
2,ddelta,484,501,484-501,23,-0.2852972760417656,0.2852972760417656,OOWOWOWW,OOOOWOWW,OOWOWOOW,OOOOWOOW
2,ddelta,484,501,484-501,24,-0.20401990156128358,0.20401990156128358,WWWWOOWW,WWOWOOWW,WWWWOOOW,WWOWOOOW
2,ddelta,484,501,484-501,25,-0.7722173633186178,0.7722173633186178,OWWWOOWW,OWOWOOWW,OWWWOOOW,OWOWOOOW
2,ddelta,484,501,484-501,26,-1.3096623839766948,1.3096623839766948,WOWWOOWW,WOOWOOWW,WOWWOOOW,WOOWOOOW
2,ddelta,484,501,484-501,27,0.4510992815485685,0.4510992815485685,OOWWOOWW,OOOWOOWW,OOWWOOOW,OOOWOOOW
2,ddelta,484,501,484-501,28,1.7663344065851372,1.7663344065851372,WWWOOOWW,WWOOOOWW,WWWOOOOW,WWOOOOOW
2,ddelta,484,501,484-501,29,-1.952486203547859,1.952486203547859,OWWOOOWW,OWOOOOWW,OWWOOOOW,OWOOOOOW
2,ddelta,484,501,484-501,30,-0.4323860465073035,0.4323860465073035,WOWOOOWW,WOOOOOWW,WOWOOOOW,WOOOOOOW
2,ddelta,484,501,484-501,31,2.818737706331427,2.818737706331427,OOWOOOWW,OOOOOOWW,OOWOOOOW,OOOOOOOW
2,ddelta,484,501,484-501,32,1.154912280939437,1.154912280939437,WWWWWWWO,WWOWWWWO,WWWWWWOO,WWOWWWOO
2,ddelta,484,501,484-501,33,-0.13564602157662525,0.13564602157662525,OWWWWWWO,OWOWWWWO,OWWWWWOO,OWOWWWOO
2,ddelta,484,501,484-501,34,-0.4558732217594943,0.4558732217594943,WOWWWWWO,WOOWWWWO,WOWWWWOO,WOOWWWOO
2,ddelta,484,501,484-501,35,2.4350368820819757,2.4350368820819757,OOWWWWWO,OOOWWWWO,OOWWWWOO,OOOWWWOO
2,ddelta,484,501,484-501,36,-0.33181328192953474,0.33181328192953474,WWWOWWWO,WWOOWWWO,WWWOWWOO,WWOOWWOO
2,ddelta,484,501,484-501,37,-1.0485506924297623,1.0485506924297623,OWWOWWWO,OWOOWWWO,OWWOWWOO,OWOOWWOO
2,ddelta,484,501,484-501,38,0.10049670515885367,0.10049670515885367,WOWOWWWO,WOOOWWWO,WOWOWWOO,WOOOWWOO
2,ddelta,484,501,484-501,39,-0.6448918981462172,0.6448918981462172,OOWOWWWO,OOOOWWWO,OOWOWWOO,OOOOWWOO
2,ddelta,484,501,484-501,40,-0.824282343845379,0.824282343845379,WWWWOWWO,WWOWOWWO,WWWWOWOO,WWOWOWOO
2,ddelta,484,501,484-501,41,-0.4567293843562932,0.4567293843562932,OWWWOWWO,OWOWOWWO,OWWWOWOO,OWOWOWOO
2,ddelta,484,501,484-501,42,-1.289652004329123,1.289652004329123,WOWWOWWO,WOOWOWWO,WOWWOWOO,WOOWOWOO
2,ddelta,484,501,484-501,43,1.2951291138369843,1.2951291138369843,OOWWOWWO,OOOWOWWO,OOWWOWOO,OOOWOWOO
2,ddelta,484,501,484-501,44,-4.912200012666867,4.912200012666867,WWWOOWWO,WWOOOWWO,WWWOOWOO,WWOOOWOO
2,ddelta,484,501,484-501,45,0.45877772419698903,0.45877772419698903,OWWOOWWO,OWOOOWWO,OWWOOWOO,OWOOOWOO
2,ddelta,484,501,484-501,46,-6.495296822503766,6.495296822503766,WOWOOWWO,WOOOOWWO,WOWOOWOO,WOOOOWOO
2,ddelta,484,501,484-501,47,0.5832329591913408,0.5832329591913408,OOWOOWWO,OOOOOWWO,OOWOOWOO,OOOOOWOO
2,ddelta,484,501,484-501,48,0.506816740405039,0.506816740405039,WWWWWOWO,WWOWWOWO,WWWWWOOO,WWOWWOOO
2,ddelta,484,501,484-501,49,-0.12360780571998453,0.12360780571998453,OWWWWOWO,OWOWWOWO,OWWWWOOO,OWOWWOOO
2,ddelta,484,501,484-501,50,0.9469133487130503,0.9469133487130503,WOWWWOWO,WOOWWOWO,WOWWWOOO,WOOWWOOO
2,ddelta,484,501,484-501,51,0.5768475332760086,0.5768475332760086,OOWWWOWO,OOOWWOWO,OOWWWOOO,OOOWWOOO
2,ddelta,484,501,484-501,52,0.3988060319591469,0.3988060319591469,WWWOWOWO,WWOOWOWO,WWWOWOOO,WWOOWOOO
2,ddelta,484,501,484-501,53,-1.608656322368005,1.608656322368005,OWWOWOWO,OWOOWOWO,OWWOWOOO,OWOOWOOO
2,ddelta,484,501,484-501,54,0.033764226883992166,0.033764226883992166,WOWOWOWO,WOOOWOWO,WOWOWOOO,WOOOWOOO
2,ddelta,484,501,484-501,55,1.5788398177727543,1.5788398177727543,OOWOWOWO,OOOOWOWO,OOWOWOOO,OOOOWOOO
2,ddelta,484,501,484-501,56,1.383545746028455,1.383545746028455,WWWWOOWO,WWOWOOWO,WWWWOOOO,WWOWOOOO
2,ddelta,484,501,484-501,57,-2.7516396010529554,2.7516396010529554,OWWWOOWO,OWOWOOWO,OWWWOOOO,OWOWOOOO
2,ddelta,484,501,484-501,58,-0.8739901772280947,0.8739901772280947,WOWWOOWO,WOOWOOWO,WOWWOOOO,WOOWOOOO
2,ddelta,484,501,484-501,59,1.0315483505300156,1.0315483505300156,OOWWOOWO,OOOWOOWO,OOWWOOOO,OOOWOOOO
2,ddelta,484,501,484-501,60,2.161610177034599,2.161610177034599,WWWOOOWO,WWOOOOWO,WWWOOOOO,WWOOOOOO
2,ddelta,484,501,484-501,61,1.7785814938727178,1.7785814938727178,OWWOOOWO,OWOOOOWO,OWWOOOOO,OWOOOOOO
2,ddelta,484,501,484-501,62,-0.7007195067576866,0.7007195067576866,WOWOOOWO,WOOOOOWO,WOWOOOOO,WOOOOOOO
2,ddelta,484,501,484-501,63,-0.6101564198188199,0.6101564198188199,OOWOOOWO,OOOOOOWO,OOWOOOOO,OOOOOOOO
2,ddelta,484,505,484-505,0,-1.1221598377082553,1.1221598377082553,WWWWWWWW,WWOWWWWW,WWWWWWWO,WWOWWWWO
2,ddelta,484,505,484-505,1,0.7401761773310702,0.7401761773310702,OWWWWWWW,OWOWWWWW,OWWWWWWO,OWOWWWWO
2,ddelta,484,505,484-505,2,-1.0785720465265638,1.0785720465265638,WOWWWWWW,WOOWWWWW,WOWWWWWO,WOOWWWWO
2,ddelta,484,505,484-505,3,-1.157012647194633,1.157012647194633,OOWWWWWW,OOOWWWWW,OOWWWWWO,OOOWWWWO
2,ddelta,484,505,484-505,4,-1.1175379126238731,1.1175379126238731,WWWOWWWW,WWOOWWWW,WWWOWWWO,WWOOWWWO
2,ddelta,484,505,484-505,5,-0.1262651203270767,0.1262651203270767,OWWOWWWW,OWOOWWWW,OWWOWWWO,OWOOWWWO
2,ddelta,484,505,484-505,6,-1.0264072622199762,1.0264072622199762,WOWOWWWW,WOOOWWWW,WOWOWWWO,WOOOWWWO
2,ddelta,484,505,484-505,7,-0.3428483862363222,0.3428483862363222,OOWOWWWW,OOOOWWWW,OOWOWWWO,OOOOWWWO
2,ddelta,484,505,484-505,8,2.7850693551030243,2.7850693551030243,WWWWOWWW,WWOWOWWW,WWWWOWWO,WWOWOWWO
2,ddelta,484,505,484-505,9,0.7153419868969717,0.7153419868969717,OWWWOWWW,OWOWOWWW,OWWWOWWO,OWOWOWWO
2,ddelta,484,505,484-505,10,0.9618646579760505,0.9618646579760505,WOWWOWWW,WOOWOWWW,WOWWOWWO,WOOWOWWO
2,ddelta,484,505,484-505,11,-2.0557266092010065,2.0557266092010065,OOWWOWWW,OOOWOWWW,OOWWOWWO,OOOWOWWO
2,ddelta,484,505,484-505,12,3.6202425955495894,3.6202425955495894,WWWOOWWW,WWOOOWWW,WWWOOWWO,WWOOOWWO
2,ddelta,484,505,484-505,13,-1.2117825820536934,1.2117825820536934,OWWOOWWW,OWOOOWWW,OWWOOWWO,OWOOOWWO
2,ddelta,484,505,484-505,14,3.336271970895139,3.336271970895139,WOWOOWWW,WOOOOWWW,WOWOOWWO,WOOOOWWO
2,ddelta,484,505,484-505,15,-1.2206744133667335,1.2206744133667335,OOWOOWWW,OOOOOWWW,OOWOOWWO,OOOOOWWO
2,ddelta,484,505,484-505,16,0.6726367617284896,0.6726367617284896,WWWWWOWW,WWOWWOWW,WWWWWOWO,WWOWWOWO
2,ddelta,484,505,484-505,17,-1.0477661093772572,1.0477661093772572,OWWWWOWW,OWOWWOWW,OWWWWOWO,OWOWWOWO
2,ddelta,484,505,484-505,18,-1.0184278459806955,1.0184278459806955,WOWWWOWW,WOOWWOWW,WOWWWOWO,WOOWWOWO
2,ddelta,484,505,484-505,19,1.5448878616918995,1.5448878616918995,OOWWWOWW,OOOWWOWW,OOWWWOWO,OOOWWOWO
2,ddelta,484,505,484-505,20,2.3802217843020292,2.3802217843020292,WWWOWOWW,WWOOWOWW,WWWOWOWO,WWOOWOWO
2,ddelta,484,505,484-505,21,1.2062447832803058,1.2062447832803058,OWWOWOWW,OWOOWOWW,OWWOWOWO,OWOOWOWO
2,ddelta,484,505,484-505,22,1.8110065819214674,1.8110065819214674,WOWOWOWW,WOOOWOWW,WOWOWOWO,WOOOWOWO
2,ddelta,484,505,484-505,23,0.25708003930299617,0.25708003930299617,OOWOWOWW,OOOOWOWW,OOWOWOWO,OOOOWOWO
2,ddelta,484,505,484-505,24,-2.5180146444260574,2.5180146444260574,WWWWOOWW,WWOWOOWW,WWWWOOWO,WWOWOOWO
2,ddelta,484,505,484-505,25,-0.8739408705232746,0.8739408705232746,OWWWOOWW,OWOWOOWW,OWWWOOWO,OWOWOOWO
2,ddelta,484,505,484-505,26,0.12657593298515724,0.12657593298515724,WOWWOOWW,WOOWOOWW,WOWWOOWO,WOOWOOWO
2,ddelta,484,505,484-505,27,-0.7858204787736243,0.7858204787736243,OOWWOOWW,OOOWOOWW,OOWWOOWO,OOOWOOWO
2,ddelta,484,505,484-505,28,-0.9899439633699081,0.9899439633699081,WWWOOOWW,WWOOOOWW,WWWOOOWO,WWOOOOWO
2,ddelta,484,505,484-505,29,-2.567406511673094,2.567406511673094,OWWOOOWW,OWOOOOWW,OWWOOOWO,OWOOOOWO
2,ddelta,484,505,484-505,30,1.4278156544347818,1.4278156544347818,WOWOOOWW,WOOOOOWW,WOWOOOWO,WOOOOOWO
2,ddelta,484,505,484-505,31,1.701364639413026,1.701364639413026,OOWOOOWW,OOOOOOWW,OOWOOOWO,OOOOOOWO
2,ddelta,484,505,484-505,32,1.3767263432398742,1.3767263432398742,WWWWWWOW,WWOWWWOW,WWWWWWOO,WWOWWWOO
2,ddelta,484,505,484-505,33,0.31214193667396073,0.31214193667396073,OWWWWWOW,OWOWWWOW,OWWWWWOO,OWOWWWOO
2,ddelta,484,505,484-505,34,-0.8723098837092538,0.8723098837092538,WOWWWWOW,WOOWWWOW,WOWWWWOO,WOOWWWOO
2,ddelta,484,505,484-505,35,1.8759303884438014,1.8759303884438014,OOWWWWOW,OOOWWWOW,OOWWWWOO,OOOWWWOO
2,ddelta,484,505,484-505,36,1.086372783959531,1.086372783959531,WWWOWWOW,WWOOWWOW,WWWOWWOO,WWOOWWOO
2,ddelta,484,505,484-505,37,0.9544410475923069,0.9544410475923069,OWWOWWOW,OWOOWWOW,OWWOWWOO,OWOOWWOO
2,ddelta,484,505,484-505,38,-1.3703837614564196,1.3703837614564196,WOWOWWOW,WOOOWWOW,WOWOWWOO,WOOOWWOO
2,ddelta,484,505,484-505,39,0.09731146992288997,0.09731146992288997,OOWOWWOW,OOOOWWOW,OOWOWWOO,OOOOWWOO
2,ddelta,484,505,484-505,40,0.23440742156888872,0.23440742156888872,WWWWOWOW,WWOWOWOW,WWWWOWOO,WWOWOWOO
2,ddelta,484,505,484-505,41,0.9348717922005503,0.9348717922005503,OWWWOWOW,OWOWOWOW,OWWWOWOO,OWOWOWOO
2,ddelta,484,505,484-505,42,0.2769631495369689,0.2769631495369689,WOWWOWOW,WOOWOWOW,WOWWOWOO,WOOWOWOO
2,ddelta,484,505,484-505,43,-0.1969927236419604,0.1969927236419604,OOWWOWOW,OOOWOWOW,OOWWOWOO,OOOWOWOO
2,ddelta,484,505,484-505,44,0.26325525789896354,0.26325525789896354,WWWOOWOW,WWOOOWOW,WWWOOWOO,WWOOOWOO
2,ddelta,484,505,484-505,45,-1.3629804307350735,1.3629804307350735,OWWOOWOW,OWOOOWOW,OWWOOWOO,OWOOOWOO
2,ddelta,484,505,484-505,46,-5.37493952179576,5.37493952179576,WOWOOWOW,WOOOOWOW,WOWOOWOO,WOOOOWOO
2,ddelta,484,505,484-505,47,-0.17895706546140966,0.17895706546140966,OOWOOWOW,OOOOOWOW,OOWOOWOO,OOOOOWOO
2,ddelta,484,505,484-505,48,1.769684549998579,1.769684549998579,WWWWWOOW,WWOWWOOW,WWWWWOOO,WWOWWOOO
2,ddelta,484,505,484-505,49,0.8037235341174478,0.8037235341174478,OWWWWOOW,OWOWWOOW,OWWWWOOO,OWOWWOOO
2,ddelta,484,505,484-505,50,-1.1453321980321134,1.1453321980321134,WOWWWOOW,WOOWWOOW,WOWWWOOO,WOOWWOOO
2,ddelta,484,505,484-505,51,0.7177952544998647,0.7177952544998647,OOWWWOOW,OOOWWOOW,OOWWWOOO,OOOWWOOO
2,ddelta,484,505,484-505,52,0.6739798075634444,0.6739798075634444,WWWOWOOW,WWOOWOOW,WWWOWOOO,WWOOWOOO
2,ddelta,484,505,484-505,53,0.10371566859491477,0.10371566859491477,OWWOWOOW,OWOOWOOW,OWWOWOOO,OWOOWOOO
2,ddelta,484,505,484-505,54,2.552159470153029,2.552159470153029,WOWOWOOW,WOOOWOOW,WOWOWOOO,WOOOWOOO
2,ddelta,484,505,484-505,55,2.121217133117516,2.121217133117516,OOWOWOOW,OOOOWOOW,OOWOWOOO,OOOOWOOO
2,ddelta,484,505,484-505,56,-0.9304489968363184,0.9304489968363184,WWWWOOOW,WWOWOOOW,WWWWOOOO,WWOWOOOO
2,ddelta,484,505,484-505,57,-2.853363108257612,2.853363108257612,OWWWOOOW,OWOWOOOW,OWWWOOOO,OWOWOOOO
2,ddelta,484,505,484-505,58,0.5622481397337569,0.5622481397337569,WOWWOOOW,WOOWOOOW,WOWWOOOO,WOOWOOOO
2,ddelta,484,505,484-505,59,-0.20537140979217705,0.20537140979217705,OOWWOOOW,OOOWOOOW,OOWWOOOO,OOOWOOOO
2,ddelta,484,505,484-505,60,-0.5946681929204463,0.5946681929204463,WWWOOOOW,WWOOOOOW,WWWOOOOO,WWOOOOOO
2,ddelta,484,505,484-505,61,1.1636611857474826,1.1636611857474826,OWWOOOOW,OWOOOOOW,OWWOOOOO,OWOOOOOO
2,ddelta,484,505,484-505,62,1.1594821941843985,1.1594821941843985,WOWOOOOW,WOOOOOOW,WOWOOOOO,WOOOOOOO
2,ddelta,484,505,484-505,63,-1.7275294867372213,1.7275294867372213,OOWOOOOW,OOOOOOOW,OOWOOOOO,OOOOOOOO
2,ddelta,493,496,493-496,0,-2.088714189600415,2.088714189600415,WWWWWWWW,WWWOWWWW,WWWWOWWW,WWWOOWWW
2,ddelta,493,496,493-496,1,-0.892978765997402,0.892978765997402,OWWWWWWW,OWWOWWWW,OWWWOWWW,OWWOOWWW
2,ddelta,493,496,493-496,2,0.7151513306201924,0.7151513306201924,WOWWWWWW,WOWOWWWW,WOWWOWWW,WOWOOWWW
2,ddelta,493,496,493-496,3,-0.724931583176228,0.724931583176228,OOWWWWWW,OOWOWWWW,OOWWOWWW,OOWOOWWW
2,ddelta,493,496,493-496,4,-1.841019685313797,1.841019685313797,WWOWWWWW,WWOOWWWW,WWOWOWWW,WWOOOWWW
2,ddelta,493,496,493-496,5,-1.9713283246447655,1.9713283246447655,OWOWWWWW,OWOOWWWW,OWOWOWWW,OWOOOWWW
2,ddelta,493,496,493-496,6,-0.5570593520422255,0.5570593520422255,WOOWWWWW,WOOOWWWW,WOOWOWWW,WOOOOWWW
2,ddelta,493,496,493-496,7,-1.5253927243699419,1.5253927243699419,OOOWWWWW,OOOOWWWW,OOOWOWWW,OOOOOWWW
2,ddelta,493,496,493-496,8,0.2477842668451533,0.2477842668451533,WWWWWOWW,WWWOWOWW,WWWWOOWW,WWWOOOWW
2,ddelta,493,496,493-496,9,-2.4613242014199805,2.4613242014199805,OWWWWOWW,OWWOWOWW,OWWWOOWW,OWWOOOWW
2,ddelta,493,496,493-496,10,-1.9265109338120843,1.9265109338120843,WOWWWOWW,WOWOWOWW,WOWWOOWW,WOWOOOWW
2,ddelta,493,496,493-496,11,0.16704356126761807,0.16704356126761807,OOWWWOWW,OOWOWOWW,OOWWOOWW,OOWOOOWW
2,ddelta,493,496,493-496,12,0.5512969164720927,0.5512969164720927,WWOWWOWW,WWOOWOWW,WWOWOOWW,WWOOOOWW
2,ddelta,493,496,493-496,13,0.12438733142543512,0.12438733142543512,OWOWWOWW,OWOOWOWW,OWOWOOWW,OWOOOOWW
2,ddelta,493,496,493-496,14,-1.5418376184950995,1.5418376184950995,WOOWWOWW,WOOOWOWW,WOOWOOWW,WOOOOOWW
2,ddelta,493,496,493-496,15,-2.587275755759041,2.587275755759041,OOOWWOWW,OOOOWOWW,OOOWOOWW,OOOOOOWW
2,ddelta,493,496,493-496,16,0.014940504126142007,0.014940504126142007,WWWWWWOW,WWWOWWOW,WWWWOWOW,WWWOOWOW
2,ddelta,493,496,493-496,17,-2.3812740967088937,2.3812740967088937,OWWWWWOW,OWWOWWOW,OWWWOWOW,OWWOOWOW
2,ddelta,493,496,493-496,18,-1.4403118875210414,1.4403118875210414,WOWWWWOW,WOWOWWOW,WOWWOWOW,WOWOOWOW
2,ddelta,493,496,493-496,19,0.623938660363213,0.623938660363213,OOWWWWOW,OOWOWWOW,OOWWOWOW,OOWOOWOW
2,ddelta,493,496,493-496,20,-1.8272071777879921,1.8272071777879921,WWOWWWOW,WWOOWWOW,WWOWOWOW,WWOOOWOW
2,ddelta,493,496,493-496,21,0.24825618661161403,0.24825618661161403,OWOWWWOW,OWOOWWOW,OWOWOWOW,OWOOOWOW
2,ddelta,493,496,493-496,22,-0.9984659930783862,0.9984659930783862,WOOWWWOW,WOOOWWOW,WOOWOWOW,WOOOOWOW
2,ddelta,493,496,493-496,23,0.4157435029265485,0.4157435029265485,OOOWWWOW,OOOOWWOW,OOOWOWOW,OOOOOWOW
2,ddelta,493,496,493-496,24,0.23406845241121965,0.23406845241121965,WWWWWOOW,WWWOWOOW,WWWWOOOW,WWWOOOOW
2,ddelta,493,496,493-496,25,0.109081261443426,0.109081261443426,OWWWWOOW,OWWOWOOW,OWWWOOOW,OWWOOOOW
2,ddelta,493,496,493-496,26,-2.575522776805091,2.575522776805091,WOWWWOOW,WOWOWOOW,WOWWOOOW,WOWOOOOW
2,ddelta,493,496,493-496,27,-0.6987010862932599,0.6987010862932599,OOWWWOOW,OOWOWOOW,OOWWOOOW,OOWOOOOW
2,ddelta,493,496,493-496,28,-0.187343646378202,0.187343646378202,WWOWWOOW,WWOOWOOW,WWOWOOOW,WWOOOOOW
2,ddelta,493,496,493-496,29,0.04555371252752516,0.04555371252752516,OWOWWOOW,OWOOWOOW,OWOWOOOW,OWOOOOOW
2,ddelta,493,496,493-496,30,0.46763323809332324,0.46763323809332324,WOOWWOOW,WOOOWOOW,WOOWOOOW,WOOOOOOW
2,ddelta,493,496,493-496,31,0.6038554379727488,0.6038554379727488,OOOWWOOW,OOOOWOOW,OOOWOOOW,OOOOOOOW
2,ddelta,493,496,493-496,32,2.7771699541607053,2.7771699541607053,WWWWWWWO,WWWOWWWO,WWWWOWWO,WWWOOWWO
2,ddelta,493,496,493-496,33,-0.1643438173586505,0.1643438173586505,OWWWWWWO,OWWOWWWO,OWWWOWWO,OWWOOWWO
2,ddelta,493,496,493-496,34,-1.9281475541362794,1.9281475541362794,WOWWWWWO,WOWOWWWO,WOWWOWWO,WOWOOWWO
2,ddelta,493,496,493-496,35,0.48444594249301276,0.48444594249301276,OOWWWWWO,OOWOWWWO,OOWWOWWO,OOWOOWWO
2,ddelta,493,496,493-496,36,3.8554157738095056,3.8554157738095056,WWOWWWWO,WWOOWWWO,WWOWOWWO,WWOOOWWO
2,ddelta,493,496,493-496,37,-2.303376647298533,2.303376647298533,OWOWWWWO,OWOOWWWO,OWOWOWWO,OWOOOWWO
2,ddelta,493,496,493-496,38,-0.8781157081861963,0.8781157081861963,WOOWWWWO,WOOOWWWO,WOOWOWWO,WOOOOWWO
2,ddelta,493,496,493-496,39,-0.2951272638247384,0.2951272638247384,OOOWWWWO,OOOOWWWO,OOOWOWWO,OOOOOWWO
2,ddelta,493,496,493-496,40,-0.5386833505601099,0.5386833505601099,WWWWWOWO,WWWOWOWO,WWWWOOWO,WWWOOOWO
2,ddelta,493,496,493-496,41,-1.205172443348431,1.205172443348431,OWWWWOWO,OWWOWOWO,OWWWOOWO,OWWOOOWO
2,ddelta,493,496,493-496,42,-0.20464647383327578,0.20464647383327578,WOWWWOWO,WOWOWOWO,WOWWOOWO,WOWOOOWO
2,ddelta,493,496,493-496,43,-0.20643143385357832,0.20643143385357832,OOWWWOWO,OOWOWOWO,OOWWOOWO,OOWOOOWO
2,ddelta,493,496,493-496,44,-0.41468504245056104,0.41468504245056104,WWOWWOWO,WWOOWOWO,WWOWOOWO,WWOOOOWO
2,ddelta,493,496,493-496,45,-2.566937444310398,2.566937444310398,OWOWWOWO,OWOOWOWO,OWOWOOWO,OWOOOOWO
2,ddelta,493,496,493-496,46,-1.3481678649688296,1.3481678649688296,WOOWWOWO,WOOOWOWO,WOOWOOWO,WOOOOOWO
2,ddelta,493,496,493-496,47,0.8142421896953158,0.8142421896953158,OOOWWOWO,OOOOWOWO,OOOWOOWO,OOOOOOWO
2,ddelta,493,496,493-496,48,-0.5784821720570851,0.5784821720570851,WWWWWWOO,WWWOWWOO,WWWWOWOO,WWWOOWOO
2,ddelta,493,496,493-496,49,-0.5931311230059112,0.5931311230059112,OWWWWWOO,OWWOWWOO,OWWWOWOO,OWWOOWOO
2,ddelta,493,496,493-496,50,2.87676119586551,2.87676119586551,WOWWWWOO,WOWOWWOO,WOWWOWOO,WOWOOWOO
2,ddelta,493,496,493-496,51,-1.0816141870850282,1.0816141870850282,OOWWWWOO,OOWOWWOO,OOWWOWOO,OOWOOWOO
2,ddelta,493,496,493-496,52,-2.101428458360801,2.101428458360801,WWOWWWOO,WWOOWWOO,WWOWOWOO,WWOOOWOO
2,ddelta,493,496,493-496,53,-0.9037521735393736,0.9037521735393736,OWOWWWOO,OWOOWWOO,OWOWOWOO,OWOOOWOO
2,ddelta,493,496,493-496,54,-1.835221703277398,1.835221703277398,WOOWWWOO,WOOOWWOO,WOOWOWOO,WOOOOWOO
2,ddelta,493,496,493-496,55,0.5068452321797698,0.5068452321797698,OOOWWWOO,OOOOWWOO,OOOWOWOO,OOOOOWOO
2,ddelta,493,496,493-496,56,-2.5954237702885683,2.5954237702885683,WWWWWOOO,WWWOWOOO,WWWWOOOO,WWWOOOOO
2,ddelta,493,496,493-496,57,-3.9646673449623897,3.9646673449623897,OWWWWOOO,OWWOWOOO,OWWWOOOO,OWWOOOOO
2,ddelta,493,496,493-496,58,-1.4516957146878493,1.4516957146878493,WOWWWOOO,WOWOWOOO,WOWWOOOO,WOWOOOOO
2,ddelta,493,496,493-496,59,-0.04793889706225163,0.04793889706225163,OOWWWOOO,OOWOWOOO,OOWWOOOO,OOWOOOOO
2,ddelta,493,496,493-496,60,-1.585350322726983,1.585350322726983,WWOWWOOO,WWOOWOOO,WWOWOOOO,WWOOOOOO
2,ddelta,493,496,493-496,61,0.688837265649337,0.688837265649337,OWOWWOOO,OWOOWOOO,OWOWOOOO,OWOOOOOO
2,ddelta,493,496,493-496,62,-1.5087973135239365,1.5087973135239365,WOOWWOOO,WOOOWOOO,WOOWOOOO,WOOOOOOO
2,ddelta,493,496,493-496,63,-1.670962328358939,1.670962328358939,OOOWWOOO,OOOOWOOO,OOOWOOOO,OOOOOOOO
2,ddelta,493,498,493-498,0,0.4277529784250844,0.4277529784250844,WWWWWWWW,WWWOWWWW,WWWWWOWW,WWWOWOWW
2,ddelta,493,498,493-498,1,0.9822981309610403,0.9822981309610403,OWWWWWWW,OWWOWWWW,OWWWWOWW,OWWOWOWW
2,ddelta,493,498,493-498,2,-0.37925430364679025,0.37925430364679025,WOWWWWWW,WOWOWWWW,WOWWWOWW,WOWOWOWW
2,ddelta,493,498,493-498,3,-0.090399431883331,0.090399431883331,OOWWWWWW,OOWOWWWW,OOWWWOWW,OOWOWOWW
2,ddelta,493,498,493-498,4,-3.0499473761602465,3.0499473761602465,WWOWWWWW,WWOOWWWW,WWOWWOWW,WWOOWOWW
2,ddelta,493,498,493-498,5,-1.4102672326920738,1.4102672326920738,OWOWWWWW,OWOOWWWW,OWOWWOWW,OWOOWOWW
2,ddelta,493,498,493-498,6,-0.8896014984962176,0.8896014984962176,WOOWWWWW,WOOOWWWW,WOOWWOWW,WOOOWOWW
2,ddelta,493,498,493-498,7,1.0397715949997355,1.0397715949997355,OOOWWWWW,OOOOWWWW,OOOWWOWW,OOOOWOWW
2,ddelta,493,498,493-498,8,2.764251434870652,2.764251434870652,WWWWOWWW,WWWOOWWW,WWWWOOWW,WWWOOOWW
2,ddelta,493,498,493-498,9,-0.5860473044615384,0.5860473044615384,OWWWOWWW,OWWOOWWW,OWWWOOWW,OWWOOOWW
2,ddelta,493,498,493-498,10,-3.020916568079067,3.020916568079067,WOWWOWWW,WOWOOWWW,WOWWOOWW,WOWOOOWW
2,ddelta,493,498,493-498,11,0.8015757125605154,0.8015757125605154,OOWWOWWW,OOWOOWWW,OOWWOOWW,OOWOOOWW
2,ddelta,493,498,493-498,12,-0.6576307743743572,0.6576307743743572,WWOWOWWW,WWOOOWWW,WWOWOOWW,WWOOOOWW
2,ddelta,493,498,493-498,13,0.6854484233781272,0.6854484233781272,OWOWOWWW,OWOOOWWW,OWOWOOWW,OWOOOOWW
2,ddelta,493,498,493-498,14,-1.8743797649490919,1.8743797649490919,WOOWOWWW,WOOOOWWW,WOOWOOWW,WOOOOOWW
2,ddelta,493,498,493-498,15,-0.022111436389363526,0.022111436389363526,OOOWOWWW,OOOOOWWW,OOOWOOWW,OOOOOOWW
2,ddelta,493,498,493-498,16,-0.8340793365386271,0.8340793365386271,WWWWWWOW,WWWOWWOW,WWWWWOOW,WWWOWOOW
2,ddelta,493,498,493-498,17,-1.265583474888902,1.265583474888902,OWWWWWOW,OWWOWWOW,OWWWWOOW,OWWOWOOW
2,ddelta,493,498,493-498,18,1.7986959862154228,1.7986959862154228,WOWWWWOW,WOWOWWOW,WOWWWOOW,WOWOWOOW
2,ddelta,493,498,493-498,19,0.6171752208124647,0.6171752208124647,OOWWWWOW,OOWOWWOW,OOWWWOOW,OOWOWOOW
2,ddelta,493,498,493-498,20,-0.42475055605692935,0.42475055605692935,WWOWWWOW,WWOOWWOW,WWOWWOOW,WWOOWOOW
2,ddelta,493,498,493-498,21,0.2324664824196887,0.2324664824196887,OWOWWWOW,OWOOWWOW,OWOWWOOW,OWOOWOOW
2,ddelta,493,498,493-498,22,-1.5994661597181437,1.5994661597181437,WOOWWWOW,WOOOWWOW,WOOWWOOW,WOOOWOOW
2,ddelta,493,498,493-498,23,0.5452544319346931,0.5452544319346931,OOOWWWOW,OOOOWWOW,OOOWWOOW,OOOOWOOW
2,ddelta,493,498,493-498,24,-0.6149513882535496,0.6149513882535496,WWWWOWOW,WWWOOWOW,WWWWOOOW,WWWOOOOW
2,ddelta,493,498,493-498,25,1.2247718832634171,1.2247718832634171,OWWWOWOW,OWWOOWOW,OWWWOOOW,OWWOOOOW
2,ddelta,493,498,493-498,26,0.6634850969313737,0.6634850969313737,WOWWOWOW,WOWOOWOW,WOWWOOOW,WOWOOOOW
2,ddelta,493,498,493-498,27,-0.7054645258440084,0.7054645258440084,OOWWOWOW,OOWOOWOW,OOWWOOOW,OOWOOOOW
2,ddelta,493,498,493-498,28,1.215112975352861,1.215112975352861,WWOWOWOW,WWOOOWOW,WWOWOOOW,WWOOOOOW
2,ddelta,493,498,493-498,29,0.029764008335599806,0.029764008335599806,OWOWOWOW,OWOOOWOW,OWOWOOOW,OWOOOOOW
2,ddelta,493,498,493-498,30,-0.13336692854643428,0.13336692854643428,WOOWOWOW,WOOOOWOW,WOOWOOOW,WOOOOOOW
2,ddelta,493,498,493-498,31,0.7333663669808932,0.7333663669808932,OOOWOWOW,OOOOOWOW,OOOWOOOW,OOOOOOOW
2,ddelta,493,498,493-498,32,2.1190890128629225,2.1190890128629225,WWWWWWWO,WWWOWWWO,WWWWWOWO,WWWOWOWO
2,ddelta,493,498,493-498,33,1.464896707588149,1.464896707588149,OWWWWWWO,OWWOWWWO,OWWWWOWO,OWWOWOWO
2,ddelta,493,498,493-498,34,-0.979030524424096,0.979030524424096,WOWWWWWO,WOWOWWWO,WOWWWOWO,WOWOWOWO
2,ddelta,493,498,493-498,35,0.5083487616227945,0.5083487616227945,OOWWWWWO,OOWOWWWO,OOWWWOWO,OOWOWOWO
2,ddelta,493,498,493-498,36,0.3443517557667497,0.3443517557667497,WWOWWWWO,WWOOWWWO,WWOWWOWO,WWOOWOWO
2,ddelta,493,498,493-498,37,2.1927835342507445,2.1927835342507445,OWOWWWWO,OWOOWWWO,OWOWWOWO,OWOOWOWO
2,ddelta,493,498,493-498,38,1.2878919243220517,1.2878919243220517,WOOWWWWO,WOOOWWWO,WOOWWOWO,WOOOWOWO
2,ddelta,493,498,493-498,39,-0.46345229484135286,0.46345229484135286,OOOWWWWO,OOOOWWWO,OOOWWOWO,OOOOWOWO
2,ddelta,493,498,493-498,40,-1.1967642918578925,1.1967642918578925,WWWWOWWO,WWWOOWWO,WWWWOOWO,WWWOOOWO
2,ddelta,493,498,493-498,41,0.4240680815983686,0.4240680815983686,OWWWOWWO,OWWOOWWO,OWWWOOWO,OWWOOOWO
2,ddelta,493,498,493-498,42,0.7444705558789071,0.7444705558789071,WOWWOWWO,WOWOOWWO,WOWWOOWO,WOWOOOWO
2,ddelta,493,498,493-498,43,-0.18252861472379656,0.18252861472379656,OOWWOWWO,OOWOOWWO,OOWWOOWO,OOWOOOWO
2,ddelta,493,498,493-498,44,-3.9257490604933176,3.9257490604933176,WWOWOWWO,WWOOOWWO,WWOWOOWO,WWOOOOWO
2,ddelta,493,498,493-498,45,1.929222737238879,1.929222737238879,OWOWOWWO,OWOOOWWO,OWOWOOWO,OWOOOOWO
2,ddelta,493,498,493-498,46,0.8178397675394184,0.8178397675394184,WOOWOWWO,WOOOOWWO,WOOWOOWO,WOOOOOWO
2,ddelta,493,498,493-498,47,0.645917158678702,0.645917158678702,OOOWOWWO,OOOOOWWO,OOOWOOWO,OOOOOOWO
2,ddelta,493,498,493-498,48,1.8198523676081169,1.8198523676081169,WWWWWWOO,WWWOWWOO,WWWWWOOO,WWWOWOOO
2,ddelta,493,498,493-498,49,1.063273948211537,1.063273948211537,OWWWWWOO,OWWOWWOO,OWWWWOOO,OWWOWOOO
2,ddelta,493,498,493-498,50,-0.18963570802063878,0.18963570802063878,WOWWWWOO,WOWOWWOO,WOWWWOOO,WOWOWOOO
2,ddelta,493,498,493-498,51,-0.38038907201370664,0.38038907201370664,OOWWWWOO,OOWOWWOO,OOWWWOOO,OOWOWOOO
2,ddelta,493,498,493-498,52,1.4238299649350232,1.4238299649350232,WWOWWWOO,WWOOWWOO,WWOWWOOO,WWOOWOOO
2,ddelta,493,498,493-498,53,1.2190169290792487,1.2190169290792487,OWOWWWOO,OWOOWWOO,OWOWWOOO,OWOOWOOO
2,ddelta,493,498,493-498,54,0.6077676919781024,0.6077676919781024,WOOWWWOO,WOOOWWOO,WOOWWOOO,WOOOWOOO
2,ddelta,493,498,493-498,55,2.7297309362470847,2.7297309362470847,OOOWWWOO,OOOOWWOO,OOOWWOOO,OOOOWOOO
2,ddelta,493,498,493-498,56,-0.19708923062336625,0.19708923062336625,WWWWOWOO,WWWOOWOO,WWWWOOOO,WWWOOOOO
2,ddelta,493,498,493-498,57,-2.308262273744942,2.308262273744942,OWWWOWOO,OWWOOWOO,OWWWOOOO,OWWOOOOO
2,ddelta,493,498,493-498,58,-4.5180926185739985,4.5180926185739985,WOWWOWOO,WOWOOWOO,WOWWOOOO,WOWOOOOO
2,ddelta,493,498,493-498,59,0.6532862180090699,0.6532862180090699,OOWWOWOO,OOWOOWOO,OOWWOOOO,OOWOOOOO
2,ddelta,493,498,493-498,60,1.9399081005688414,1.9399081005688414,WWOWOWOO,WWOOOWOO,WWOWOOOO,WWOOOOOO
2,ddelta,493,498,493-498,61,2.8116063682679595,2.8116063682679595,OWOWOWOO,OWOOOWOO,OWOWOOOO,OWOOOOOO
2,ddelta,493,498,493-498,62,0.9341920817315639,0.9341920817315639,WOOWOWOO,WOOOOWOO,WOOWOOOO,WOOOOOOO
2,ddelta,493,498,493-498,63,0.551923375708376,0.551923375708376,OOOWOWOO,OOOOOWOO,OOOWOOOO,OOOOOOOO
2,ddelta,493,501,493-501,0,1.4824289627221408,1.4824289627221408,WWWWWWWW,WWWOWWWW,WWWWWWOW,WWWOWWOW
2,ddelta,493,501,493-501,1,1.5532693762929386,1.5532693762929386,OWWWWWWW,OWWOWWWW,OWWWWWOW,OWWOWWOW
2,ddelta,493,501,493-501,2,0.06205044535066315,0.06205044535066315,WOWWWWWW,WOWOWWWW,WOWWWWOW,WOWOWWOW
2,ddelta,493,501,493-501,3,0.7537077893379901,0.7537077893379901,OOWWWWWW,OOWOWWWW,OOWWWWOW,OOWOWWOW
2,ddelta,493,501,493-501,4,0.290678884217894,0.290678884217894,WWOWWWWW,WWOOWWWW,WWOWWWOW,WWOOWWOW
2,ddelta,493,501,493-501,5,-0.8683757031366912,0.8683757031366912,OWOWWWWW,OWOOWWWW,OWOWWWOW,OWOOWWOW
2,ddelta,493,501,493-501,6,1.1686590343227645,1.1686590343227645,WOOWWWWW,WOOOWWWW,WOOWWWOW,WOOOWWOW
2,ddelta,493,501,493-501,7,0.2665621885890192,0.2665621885890192,OOOWWWWW,OOOOWWWW,OOOWWWOW,OOOOWWOW
2,ddelta,493,501,493-501,8,3.586083656448697,3.586083656448697,WWWWOWWW,WWWOOWWW,WWWWOWOW,WWWOOWOW
2,ddelta,493,501,493-501,9,0.06497404558144709,0.06497404558144709,OWWWOWWW,OWWOOWWW,OWWWOWOW,OWWOOWOW
2,ddelta,493,501,493-501,10,-2.093412772790571,2.093412772790571,WOWWOWWW,WOWOOWWW,WOWWOWOW,WOWOOWOW
2,ddelta,493,501,493-501,11,2.1025780328774313,2.1025780328774313,OOWWOWWW,OOWOOWWW,OOWWOWOW,OOWOOWOW
2,ddelta,493,501,493-501,12,0.30449139174369844,0.30449139174369844,WWOWOWWW,WWOOOWWW,WWOWOWOW,WWOOOWOW
2,ddelta,493,501,493-501,13,1.3512088081196887,1.3512088081196887,OWOWOWWW,OWOOOWWW,OWOWOWOW,OWOOOWOW
2,ddelta,493,501,493-501,14,0.7272523932866037,0.7272523932866037,WOOWOWWW,WOOOOWWW,WOOWOWOW,WOOOOWOW
2,ddelta,493,501,493-501,15,2.2076984158855097,2.2076984158855097,OOOWOWWW,OOOOOWWW,OOOWOWOW,OOOOOWOW
2,ddelta,493,501,493-501,16,0.22059664775842935,0.22059664775842935,WWWWWOWW,WWWOWOWW,WWWWWOOW,WWWOWOOW
2,ddelta,493,501,493-501,17,-0.6946122295570043,0.6946122295570043,OWWWWOWW,OWWOWOWW,OWWWWOOW,OWWOWOOW
2,ddelta,493,501,493-501,18,2.2400007352128757,2.2400007352128757,WOWWWOWW,WOWOWOWW,WOWWWOOW,WOWOWOOW
2,ddelta,493,501,493-501,19,1.4612824420337855,1.4612824420337855,OOWWWOWW,OOWOWOWW,OOWWWOOW,OOWOWOOW
2,ddelta,493,501,493-501,20,2.9158757043212113,2.9158757043212113,WWOWWOWW,WWOOWOWW,WWOWWOOW,WWOOWOOW
2,ddelta,493,501,493-501,21,0.774358011975071,0.774358011975071,OWOWWOWW,OWOOWOWW,OWOWWOOW,OWOOWOOW
2,ddelta,493,501,493-501,22,0.45879437310083837,0.45879437310083837,WOOWWOWW,WOOOWOWW,WOOWWOOW,WOOOWOOW
2,ddelta,493,501,493-501,23,-0.22795497447602342,0.22795497447602342,OOOWWOWW,OOOOWOWW,OOOWWOOW,OOOOWOOW
2,ddelta,493,501,493-501,24,0.20688083332449558,0.20688083332449558,WWWWOOWW,WWWOOOWW,WWWWOOOW,WWWOOOOW
2,ddelta,493,501,493-501,25,1.8757932333064025,1.8757932333064025,OWWWOOWW,OWWOOOWW,OWWWOOOW,OWWOOOOW
2,ddelta,493,501,493-501,26,1.5909888922198703,1.5909888922198703,WOWWOOWW,WOWOOOWW,WOWWOOOW,WOWOOOOW
2,ddelta,493,501,493-501,27,0.5955377944729076,0.5955377944729076,OOWWOOWW,OOWOOOWW,OOWWOOOW,OOWOOOOW
2,ddelta,493,501,493-501,28,2.1772351414709163,2.1772351414709163,WWOWOOWW,WWOOOOWW,WWOWOOOW,WWOOOOOW
2,ddelta,493,501,493-501,29,0.6955243930771613,0.6955243930771613,OWOWOOWW,OWOOOOWW,OWOWOOOW,OWOOOOOW
2,ddelta,493,501,493-501,30,2.4682652296892607,2.4682652296892607,WOOWOOWW,WOOOOOWW,WOOWOOOW,WOOOOOOW
2,ddelta,493,501,493-501,31,2.9631762192557667,2.9631762192557667,OOOWOOWW,OOOOOOWW,OOOWOOOW,OOOOOOOW
2,ddelta,493,501,493-501,32,3.631190986963083,3.631190986963083,WWWWWWWO,WWWOWWWO,WWWWWWOO,WWWOWWOO
2,ddelta,493,501,493-501,33,1.5895063351894285,1.5895063351894285,OWWWWWWO,OWWOWWWO,OWWWWWOO,OWWOWWOO
2,ddelta,493,501,493-501,34,1.097297694888798,1.097297694888798,WOWWWWWO,WOWOWWWO,WOWWWWOO,WOWOWWOO
2,ddelta,493,501,493-501,35,1.983809544591592,1.983809544591592,OOWWWWWO,OOWOWWWO,OOWWWWOO,OOWOWWOO
2,ddelta,493,501,493-501,36,2.144465424094111,2.144465424094111,WWOWWWWO,WWOOWWWO,WWOWWWOO,WWOOWWOO
2,ddelta,493,501,493-501,37,0.6766016643362915,0.6766016643362915,OWOWWWWO,OWOOWWWO,OWOWWWOO,OWOOWWOO
2,ddelta,493,501,493-501,38,1.653667621807146,1.653667621807146,WOOWWWWO,WOOOWWWO,WOOWWWOO,WOOOWWOO
2,ddelta,493,501,493-501,39,-1.0961192356366012,1.0961192356366012,OOOWWWWO,OOOOWWWO,OOOWWWOO,OOOOWWOO
2,ddelta,493,501,493-501,40,0.275538860745292,0.275538860745292,WWWWOWWO,WWWOOWWO,WWWWOWOO,WWWOOWOO
2,ddelta,493,501,493-501,41,1.160719029542169,1.160719029542169,OWWWOWWO,OWWOOWWO,OWWWOWOO,OWWOOWOO
2,ddelta,493,501,493-501,42,5.902206444890588,5.902206444890588,WOWWOWWO,WOWOOWWO,WOWWOWOO,WOWOOWOO
2,ddelta,493,501,493-501,43,0.417749415013551,0.417749415013551,OOWWOWWO,OOWOOWWO,OOWWOWOO,OOWOOWOO
2,ddelta,493,501,493-501,44,-3.812378808076196,3.812378808076196,WWOWOWWO,WWOOOWWO,WWOWOWOO,WWOOOWOO
2,ddelta,493,501,493-501,45,2.0762261380954508,2.0762261380954508,OWOWOWWO,OWOOOWWO,OWOWOWOO,OWOOOWOO
2,ddelta,493,501,493-501,46,0.6965616267159445,0.6965616267159445,WOOWOWWO,WOOOOWWO,WOOWOWOO,WOOOOWOO
2,ddelta,493,501,493-501,47,-0.2941467396320929,0.2941467396320929,OOOWOWWO,OOOOOWWO,OOOWOWOO,OOOOOWOO
2,ddelta,493,501,493-501,48,3.3319543417082764,3.3319543417082764,WWWWWOWO,WWWOWOWO,WWWWWOOO,WWWOWOOO
2,ddelta,493,501,493-501,49,1.1878835758128163,1.1878835758128163,OWWWWOWO,OWWOWOWO,OWWWWOOO,OWWOWOOO
2,ddelta,493,501,493-501,50,1.8866925112922552,1.8866925112922552,WOWWWOWO,WOWOWOWO,WOWWWOOO,WOWOWOOO
2,ddelta,493,501,493-501,51,1.0950717109550907,1.0950717109550907,OOWWWOWO,OOWOWOWO,OOWWWOOO,OOWOWOOO
2,ddelta,493,501,493-501,52,3.223943633262384,3.223943633262384,WWOWWOWO,WWOOWOWO,WWOWWOOO,WWOOWOOO
2,ddelta,493,501,493-501,53,-0.29716494083520395,0.29716494083520395,OWOWWOWO,OWOOWOWO,OWOWWOOO,OWOOWOOO
2,ddelta,493,501,493-501,54,0.9735433894631973,0.9735433894631973,WOOWWOWO,WOOOWOWO,WOOWWOOO,WOOOWOOO
2,ddelta,493,501,493-501,55,2.0970639954518364,2.0970639954518364,OOOWWOWO,OOOOWOWO,OOOWWOOO,OOOOWOOO
2,ddelta,493,501,493-501,56,1.275213921979818,1.275213921979818,WWWWOOWO,WWWOOOWO,WWWWOOOO,WWWOOOOO
2,ddelta,493,501,493-501,57,-1.5716113258011422,1.5716113258011422,OWWWOOWO,OWWOOOWO,OWWWOOOO,OWWOOOOO
2,ddelta,493,501,493-501,58,0.6396432704376818,0.6396432704376818,WOWWOOWO,WOWOOOWO,WOWWOOOO,WOWOOOOO
2,ddelta,493,501,493-501,59,1.2535642477464175,1.2535642477464175,OOWWOOWO,OOWOOOWO,OOWWOOOO,OOWOOOOO
2,ddelta,493,501,493-501,60,2.053278352985962,2.053278352985962,WWOWOOWO,WWOOOOWO,WWOWOOOO,WWOOOOOO
2,ddelta,493,501,493-501,61,2.958609769124531,2.958609769124531,OWOWOOWO,OWOOOOWO,OWOWOOOO,OWOOOOOO
2,ddelta,493,501,493-501,62,0.8129139409080897,0.8129139409080897,WOOWOOWO,WOOOOOWO,WOOWOOOO,WOOOOOOO
2,ddelta,493,501,493-501,63,-0.38814052260241816,0.38814052260241816,OOOWOOWO,OOOOOOWO,OOOWOOOO,OOOOOOOO
2,ddelta,493,505,493-505,0,-2.064996495510325,2.064996495510325,WWWWWWWW,WWWOWWWW,WWWWWWWO,WWWOWWWO
2,ddelta,493,505,493-505,1,-0.16999817283151408,0.16999817283151408,OWWWWWWW,OWWOWWWW,OWWWWWWO,OWWOWWWO
2,ddelta,493,505,493-505,2,-0.3899078550690941,0.3899078550690941,WOWWWWWW,WOWOWWWW,WOWWWWWO,WOWOWWWO
2,ddelta,493,505,493-505,3,0.5732355816283854,0.5732355816283854,OOWWWWWW,OOWOWWWW,OOWWWWWO,OOWOWWWO
2,ddelta,493,505,493-505,4,-2.0603745704259424,2.0603745704259424,WWOWWWWW,WWOOWWWW,WWOWWWWO,WWOOWWWO
2,ddelta,493,505,493-505,5,-1.0364394704896607,1.0364394704896607,OWOWWWWW,OWOOWWWW,OWOWWWWO,OWOOWWWO
2,ddelta,493,505,493-505,6,-0.33774307076250654,0.33774307076250654,WOOWWWWW,WOOOWWWW,WOOWWWWO,WOOOWWWO
2,ddelta,493,505,493-505,7,1.3873998425866962,1.3873998425866962,OOOWWWWW,OOOOWWWW,OOOWWWWO,OOOOWWWO
2,ddelta,493,505,493-505,8,2.800887648250795,2.800887648250795,WWWWOWWW,WWWOOWWW,WWWWOWWO,WWWOOWWO
2,ddelta,493,505,493-505,9,0.5586367758072375,0.5586367758072375,OWWWOWWW,OWWOOWWW,OWWWOWWO,OWWOOWWO
2,ddelta,493,505,493-505,10,-3.033206739825566,3.033206739825566,WOWWOWWW,WOWOOWWW,WOWWOWWO,WOWOOWWO
2,ddelta,493,505,493-505,11,1.7826131072976266,1.7826131072976266,OOWWOWWW,OOWOOWWW,OOWWOWWO,OOWOOWWO
2,ddelta,493,505,493-505,12,3.63606088869736,3.63606088869736,WWOWOWWW,WWOOOWWW,WWOWOWWO,WWOOOWWO
2,ddelta,493,505,493-505,13,-1.3684877931434278,1.3684877931434278,OWOWOWWW,OWOOOWWW,OWOWOWWO,OWOOOWWO
2,ddelta,493,505,493-505,14,-0.6587994269064774,0.6587994269064774,WOOWOWWW,WOOOOWWW,WOOWOWWO,WOOOOWWO
2,ddelta,493,505,493-505,15,2.6176653031318997,2.6176653031318997,OOOWOWWW,OOOOOWWW,OOOWOWWO,OOOOOWWO
2,ddelta,493,505,493-505,16,-0.3736604610724863,0.3736604610724863,WWWWWOWW,WWWOWOWW,WWWWWOWO,WWWOWOWO
2,ddelta,493,505,493-505,17,0.3126004037955945,0.3126004037955945,OWWWWOWW,OWWOWOWW,OWWWWOWO,OWWOWOWO
2,ddelta,493,505,493-505,18,-0.9896840758463998,0.9896840758463998,WOWWWOWW,WOWOWOWW,WOWWWOWO,WOWOWOWO
2,ddelta,493,505,493-505,19,1.1719837751345112,1.1719837751345112,OOWWWOWW,OOWOWOWW,OOWWWOWO,OOWOWOWO
2,ddelta,493,505,493-505,20,1.3339245615010529,1.3339245615010529,WWOWWOWW,WWOOWOWW,WWOWWOWO,WWOOWOWO
2,ddelta,493,505,493-505,21,2.566611296453157,2.566611296453157,OWOWWOWW,OWOOWOWW,OWOWWOWO,OWOOWOWO
2,ddelta,493,505,493-505,22,1.839750352055763,1.839750352055763,WOOWWOWW,WOOOWOWW,WOOWWOWO,WOOOWOWO
2,ddelta,493,505,493-505,23,-0.11582404725439233,0.11582404725439233,OOOWWOWW,OOOOWOWW,OOOWWOWO,OOOOWOWO
2,ddelta,493,505,493-505,24,-1.1601280784777497,1.1601280784777497,WWWWOOWW,WWWOOOWW,WWWWOOWO,WWWOOOWO
2,ddelta,493,505,493-505,25,1.568752161867144,1.568752161867144,OWWWOOWW,OWWOOOWW,OWWWOOWO,OWWOOOWO
2,ddelta,493,505,493-505,26,0.7321803841324084,0.7321803841324084,WOWWOOWW,WOWOOOWW,WOWWOOWO,WOWOOOWO
2,ddelta,493,505,493-505,27,0.7985087800133146,0.7985087800133146,OOWWOOWW,OOWOOOWW,OOWWOOWO,OOWOOOWO
2,ddelta,493,505,493-505,28,0.3679426025783994,0.3679426025783994,WWOWOOWW,WWOOOOWW,WWOWOOWO,WWOOOOWO
2,ddelta,493,505,493-505,29,-0.12471347928267584,0.12471347928267584,OWOWOOWW,OWOOOOWW,OWOWOOWO,OWOOOOWO
2,ddelta,493,505,493-505,30,2.033420105582033,2.033420105582033,WOOWOOWW,WOOOOOWW,WOOWOOWO,WOOOOOWO
2,ddelta,493,505,493-505,31,3.285693898199965,3.285693898199965,OOOWOOWW,OOOOOOWW,OOOWOOWO,OOOOOOWO
2,ddelta,493,505,493-505,32,0.08376552873061693,0.08376552873061693,WWWWWWOW,WWWOWWOW,WWWWWWOO,WWWOWWOO
2,ddelta,493,505,493-505,33,-0.13376121393502394,0.13376121393502394,OWWWWWOW,OWWOWWOW,OWWWWWOO,OWWOWWOO
2,ddelta,493,505,493-505,34,0.6453393944690408,0.6453393944690408,WOWWWWOW,WOWOWWOW,WOWWWWOO,WOWOWWOO
2,ddelta,493,505,493-505,35,1.8033373368819872,1.8033373368819872,OOWWWWOW,OOWOWWOW,OOWWWWOO,OOWOWWOO
2,ddelta,493,505,493-505,36,-0.2065880305497262,0.2065880305497262,WWOWWWOW,WWOOWWOW,WWOWWWOO,WWOOWWOO
2,ddelta,493,505,493-505,37,0.5085378969833221,0.5085378969833221,OWOWWWOW,OWOOWWOW,OWOWWWOO,OWOOWWOO
2,ddelta,493,505,493-505,38,0.14726551672187504,0.14726551672187504,WOOWWWOW,WOOOWWOW,WOOWWWOO,WOOOWWOO
2,ddelta,493,505,493-505,39,0.0247184183610758,0.0247184183610758,OOOWWWOW,OOOOWWOW,OOOWWWOO,OOOOWWOO
2,ddelta,493,505,493-505,40,-0.5096571474526101,0.5096571474526101,WWWWOWOW,WWWOOWOW,WWWWOWOO,WWWOOWOO
2,ddelta,493,505,493-505,41,1.6543817597679582,1.6543817597679582,OWWWOWOW,OWWOOWOW,OWWWOWOO,OWWOOWOO
2,ddelta,493,505,493-505,42,4.962412477855592,4.962412477855592,WOWWOWOW,WOWOOWOW,WOWWOWOO,WOWOOWOO
2,ddelta,493,505,493-505,43,0.09778448943374607,0.09778448943374607,OOWWOWOW,OOWOOWOW,OOWWOWOO,OOWOOWOO
2,ddelta,493,505,493-505,44,-0.4808093111225352,0.4808093111225352,WWOWOWOW,WWOOOWOW,WWOWOWOO,WWOOOWOO
2,ddelta,493,505,493-505,45,-0.6434704631676655,0.6434704631676655,OWOWOWOW,OWOOOWOW,OWOWOWOO,OWOOOWOO
2,ddelta,493,505,493-505,46,-0.6894901934771367,0.6894901934771367,WOOWOWOW,WOOOOWOW,WOOWOWOO,WOOOOWOO
2,ddelta,493,505,493-505,47,0.11582014761429704,0.11582014761429704,OOOWOWOW,OOOOOWOW,OOOWOWOO,OOOOOWOO
2,ddelta,493,505,493-505,48,2.7376972328773608,2.7376972328773608,WWWWWOOW,WWWOWOOW,WWWWWOOO,WWWOWOOO
2,ddelta,493,505,493-505,49,2.195096209165415,2.195096209165415,OWWWWOOW,OWWOWOOW,OWWWWOOO,OWWOWOOO
2,ddelta,493,505,493-505,50,-1.3429922997670207,1.3429922997670207,WOWWWOOW,WOWOWOOW,WOWWWOOO,WOWOWOOO
2,ddelta,493,505,493-505,51,0.805773044055816,0.805773044055816,OOWWWOOW,OOWOWOOW,OOWWWOOO,OOWOWOOO
2,ddelta,493,505,493-505,52,1.6419924904422263,1.6419924904422263,WWOWWOOW,WWOOWOOW,WWOWWOOO,WWOOWOOO
2,ddelta,493,505,493-505,53,1.4950883436428823,1.4950883436428823,OWOWWOOW,OWOOWOOW,OWOWWOOO,OWOOWOOO
2,ddelta,493,505,493-505,54,2.3544993684181215,2.3544993684181215,WOOWWOOW,WOOOWOOW,WOOWWOOO,WOOOWOOO
2,ddelta,493,505,493-505,55,2.2091949226734675,2.2091949226734675,OOOWWOOW,OOOOWOOW,OOOWWOOO,OOOOWOOO
2,ddelta,493,505,493-505,56,-0.09179498982242695,0.09179498982242695,WWWWOOOW,WWWOOOOW,WWWWOOOO,WWWOOOOO
2,ddelta,493,505,493-505,57,-1.8786523972404008,1.8786523972404008,OWWWOOOW,OWWOOOOW,OWWWOOOO,OWWOOOOO
2,ddelta,493,505,493-505,58,-0.2191652376497797,0.2191652376497797,WOWWOOOW,WOWOOOOW,WOWWOOOO,WOWOOOOO
2,ddelta,493,505,493-505,59,1.4565352332868242,1.4565352332868242,OOWWOOOW,OOWOOOOW,OOWWOOOO,OOWOOOOO
2,ddelta,493,505,493-505,60,0.24398581409344533,0.24398581409344533,WWOWOOOW,WWOOOOOW,WWOWOOOO,WWOOOOOO
2,ddelta,493,505,493-505,61,2.138371896764694,2.138371896764694,OWOWOOOW,OWOOOOOW,OWOWOOOO,OWOOOOOO
2,ddelta,493,505,493-505,62,0.3780688168008617,0.3780688168008617,WOOWOOOW,WOOOOOOW,WOOWOOOO,WOOOOOOO
2,ddelta,493,505,493-505,63,-0.06562284365822008,0.06562284365822008,OOOWOOOW,OOOOOOOW,OOOWOOOO,OOOOOOOO
2,ddelta,496,498,496-498,0,-1.5477422491579305,1.5477422491579305,WWWWWWWW,WWWWOWWW,WWWWWOWW,WWWWOOWW
2,ddelta,496,498,496-498,1,1.2896997993198975,1.2896997993198975,OWWWWWWW,OWWWOWWW,OWWWWOWW,OWWWOOWW
2,ddelta,496,498,496-498,2,0.025633604637973123,0.025633604637973123,WOWWWWWW,WOWWOWWW,WOWWWOWW,WOWWOOWW
2,ddelta,496,498,496-498,3,1.7221873171474416,1.7221873171474416,OOWWWWWW,OOWWOWWW,OOWWWOWW,OOWWOOWW
2,ddelta,496,498,496-498,4,1.634615236198194,1.634615236198194,WWOWWWWW,WWOWOWWW,WWOWWOWW,WWOWOOWW
2,ddelta,496,498,496-498,5,-0.15491163104229033,0.15491163104229033,OWOWWWWW,OWOWOWWW,OWOWWOWW,OWOWOOWW
2,ddelta,496,498,496-498,6,0.1027720819161487,0.1027720819161487,WOOWWWWW,WOOWOWWW,WOOWWOWW,WOOWOOWW
2,ddelta,496,498,496-498,7,2.1361525399485624,2.1361525399485624,OOOWWWWW,OOOWOWWW,OOOWWOWW,OOOWOOWW
2,ddelta,496,498,496-498,8,0.7887562072876371,0.7887562072876371,WWWOWWWW,WWWOOWWW,WWWOWOWW,WWWOOOWW
2,ddelta,496,498,496-498,9,-0.27864563610268134,0.27864563610268134,OWWOWWWW,OWWOOWWW,OWWOWOWW,OWWOOOWW
2,ddelta,496,498,496-498,10,-2.6160286597943037,2.6160286597943037,WOWOWWWW,WOWOOWWW,WOWOWOWW,WOWOOOWW
2,ddelta,496,498,496-498,11,2.6141624615912877,2.6141624615912877,OOWOWWWW,OOWOOWWW,OOWOWOWW,OOWOOOWW
2,ddelta,496,498,496-498,12,4.026931837984083,4.026931837984083,WWOOWWWW,WWOOOWWW,WWOOWOWW,WWOOOOWW
2,ddelta,496,498,496-498,13,1.9408040250279104,1.9408040250279104,OWOOWWWW,OWOOOWWW,OWOOWOWW,OWOOOOWW
2,ddelta,496,498,496-498,14,-0.8820061845367253,0.8820061845367253,WOOOWWWW,WOOOOWWW,WOOOWOWW,WOOOOOWW
2,ddelta,496,498,496-498,15,1.0742695085594633,1.0742695085594633,OOOOWWWW,OOOOOWWW,OOOOWOWW,OOOOOOWW
2,ddelta,496,498,496-498,16,-0.761741606939781,0.761741606939781,WWWWWWOW,WWWWOWOW,WWWWWOOW,WWWWOOOW
2,ddelta,496,498,496-498,17,-0.7497500734458109,0.7497500734458109,OWWWWWOW,OWWWOWOW,OWWWWOOW,OWWWOOOW
2,ddelta,496,498,496-498,18,1.8276097605462434,1.8276097605462434,WOWWWWOW,WOWWOWOW,WOWWWOOW,WOWWOOOW
2,ddelta,496,498,496-498,19,-0.7495351142058457,0.7495351142058457,OOWWWWOW,OOWWOWOW,OOWWWOOW,OOWWOOOW
2,ddelta,496,498,496-498,20,-0.26352646497733856,0.26352646497733856,WWOWWWOW,WWOWOWOW,WWOWWOOW,WWOWOOOW
2,ddelta,496,498,496-498,21,-0.022834009171570843,0.022834009171570843,OWOWWWOW,OWOWOWOW,OWOWWOOW,OWOWOOOW
2,ddelta,496,498,496-498,22,-0.5361167356035065,0.5361167356035065,WOOWWWOW,WOOWOWOW,WOOWWOOW,WOOWOOOW
2,ddelta,496,498,496-498,23,-1.3227121321585962,1.3227121321585962,OOOWWWOW,OOOWOWOW,OOOWWOOW,OOOWOOOW
2,ddelta,496,498,496-498,24,-0.5426136586547032,0.5426136586547032,WWWOWWOW,WWWOOWOW,WWWOWOOW,WWWOOOOW
2,ddelta,496,498,496-498,25,1.7406052847065085,1.7406052847065085,OWWOWWOW,OWWOOWOW,OWWOWOOW,OWWOOOOW
2,ddelta,496,498,496-498,26,0.6923988712621943,0.6923988712621943,WOWOWWOW,WOWOOWOW,WOWOWOOW,WOWOOOOW
2,ddelta,496,498,496-498,27,-2.072174860862319,2.072174860862319,OOWOWWOW,OOWOOWOW,OOWOWOOW,OOWOOOOW
2,ddelta,496,498,496-498,28,1.3763370664324517,1.3763370664324517,WWOOWWOW,WWOOOWOW,WWOOWOOW,WWOOOOOW
2,ddelta,496,498,496-498,29,-0.22553648325565978,0.22553648325565978,OWOOWWOW,OWOOOWOW,OWOOWOOW,OWOOOOOW
2,ddelta,496,498,496-498,30,0.9299824955682031,0.9299824955682031,WOOOWWOW,WOOOOWOW,WOOOWOOW,WOOOOOOW
2,ddelta,496,498,496-498,31,-1.134600197112396,1.134600197112396,OOOOWWOW,OOOOOWOW,OOOOWOOW,OOOOOOOW
2,ddelta,496,498,496-498,32,6.9679435149078275,6.9679435149078275,WWWWWWWO,WWWWOWWO,WWWWWOWO,WWWWOOWO
2,ddelta,496,498,496-498,33,4.454182297701006,4.454182297701006,OWWWWWWO,OWWWOWWO,OWWWWOWO,OWWWOOWO
2,ddelta,496,498,496-498,34,2.379789279701779,2.379789279701779,WOWWWWWO,WOWWOWWO,WOWWWOWO,WOWWOOWO
2,ddelta,496,498,496-498,35,1.9835478187821272,1.9835478187821272,OOWWWWWO,OOWWOWWO,OOWWWOWO,OOWWOOWO
2,ddelta,496,498,496-498,36,3.0524204012981255,3.0524204012981255,WWOWWWWO,WWOWOWWO,WWOWWOWO,WWOWOOWO
2,ddelta,496,498,496-498,37,3.2082302966268994,3.2082302966268994,OWOWWWWO,OWOWOWWO,OWOWWOWO,OWOWOOWO
2,ddelta,496,498,496-498,38,1.5614948314431925,1.5614948314431925,WOOWWWWO,WOOWOWWO,WOOWWOWO,WOOWOOWO
2,ddelta,496,498,496-498,39,0.9655186631240977,0.9655186631240977,OOOWWWWO,OOOWOWWO,OOOWWOWO,OOOWOOWO
2,ddelta,496,498,496-498,40,3.652090210187013,3.652090210187013,WWWOWWWO,WWWOOWWO,WWWOWOWO,WWWOOOWO
2,ddelta,496,498,496-498,41,3.413353671711226,3.413353671711226,OWWOWWWO,OWWOOWWO,OWWOWOWO,OWWOOOWO
2,ddelta,496,498,496-498,42,4.103290360004782,4.103290360004782,WOWOWWWO,WOWOOWWO,WOWOWOWO,WOWOOOWO
2,ddelta,496,498,496-498,43,1.292670442435536,1.292670442435536,OOWOWWWO,OOWOOWWO,OOWOWOWO,OOWOOOWO
2,ddelta,496,498,496-498,44,-1.2176804149619413,1.2176804149619413,WWOOWWWO,WWOOOWWO,WWOOWOWO,WWOOOOWO
2,ddelta,496,498,496-498,45,2.944669499615034,2.944669499615034,OWOOWWWO,OWOOOWWO,OWOOWOWO,OWOOOOWO
2,ddelta,496,498,496-498,46,1.0914426746605592,1.0914426746605592,WOOOWWWO,WOOOOWWO,WOOOWOWO,WOOOOOWO
2,ddelta,496,498,496-498,47,2.074888116644152,2.074888116644152,OOOOWWWO,OOOOOWWO,OOOOWOWO,OOOOOOWO
2,ddelta,496,498,496-498,48,1.524942125010917,1.524942125010917,WWWWWWOO,WWWWOWOO,WWWWWOOO,WWWWOOOO
2,ddelta,496,498,496-498,49,3.1230601122095285,3.1230601122095285,OWWWWWOO,OWWWOWOO,OWWWWOOO,OWWWOOOO
2,ddelta,496,498,496-498,50,1.506232861452573,1.506232861452573,WOWWWWOO,WOWWOWOO,WOWWWOOO,WOWWOOOO
2,ddelta,496,498,496-498,51,-0.9314455394953078,0.9314455394953078,OOWWWWOO,OOWWOWOO,OOWWWOOO,OOWWOOOO
2,ddelta,496,498,496-498,52,0.46534264180944745,0.46534264180944745,WWOWWWOO,WWOWOWOO,WWOWWOOO,WWOWOOOO
2,ddelta,496,498,496-498,53,-0.4298403214178811,0.4298403214178811,OWOWWWOO,OWOWOWOO,OWOWWOOO,OWOWOOOO
2,ddelta,496,498,496-498,54,-0.29918633017752916,0.29918633017752916,WOOWWWOO,WOOWOWOO,WOOWWOOO,WOOWOOOO
2,ddelta,496,498,496-498,55,-0.3548661096543382,0.3548661096543382,OOOWWWOO,OOOWOWOO,OOOWWOOO,OOOWOOOO
2,ddelta,496,498,496-498,56,-0.4919994732205659,0.4919994732205659,WWWOWWOO,WWWOOWOO,WWWOWOOO,WWWOOOOO
2,ddelta,496,498,496-498,57,-0.24847610974695034,0.24847610974695034,OWWOWWOO,OWWOOWOO,OWWOWOOO,OWWOOOOO
2,ddelta,496,498,496-498,58,-2.822224049100787,2.822224049100787,WOWOWWOO,WOWOOWOO,WOWOWOOO,WOWOOOOO
2,ddelta,496,498,496-498,59,0.10222975052746874,0.10222975052746874,OOWOWWOO,OOWOOWOO,OOWOWOOO,OOWOOOOO
2,ddelta,496,498,496-498,60,0.9814207774432657,0.9814207774432657,WWOOWWOO,WWOOOWOO,WWOOWOOO,WWOOOOOO
2,ddelta,496,498,496-498,61,1.1627491177708296,1.1627491177708296,OWOOWWOO,OWOOOWOO,OWOOWOOO,OWOOOOOO
2,ddelta,496,498,496-498,62,0.027238059575932227,0.027238059575932227,WOOOWWOO,WOOOOWOO,WOOOWOOO,WOOOOOOO
2,ddelta,496,498,496-498,63,-2.532673670193047,2.532673670193047,OOOOWWOO,OOOOOWOO,OOOOWOOO,OOOOOOOO
2,ddelta,496,501,496-501,0,0.9397671787775971,0.9397671787775971,WWWWWWWW,WWWWOWWW,WWWWWWOW,WWWWOWOW
2,ddelta,496,501,496-501,1,1.288886714259207,1.288886714259207,OWWWWWWW,OWWWOWWW,OWWWWWOW,OWWWOWOW
2,ddelta,496,501,496-501,2,0.8143495117481407,0.8143495117481407,WOWWWWWW,WOWWOWWW,WOWWWWOW,WOWWOWOW
2,ddelta,496,501,496-501,3,2.281669118463883,2.281669118463883,OOWWWWWW,OOWWOWWW,OOWWWWOW,OOWWOWOW
2,ddelta,496,501,496-501,4,4.010120668475047,4.010120668475047,WWOWWWWW,WWOWOWWW,WWOWWWOW,WWOWOWOW
2,ddelta,496,501,496-501,5,0.3202393055188508,0.3202393055188508,OWOWWWWW,OWOWOWWW,OWOWWWOW,OWOWOWOW
2,ddelta,496,501,496-501,6,0.8717344004349031,0.8717344004349031,WOOWWWWW,WOOWOWWW,WOOWWWOW,WOOWOWOW
2,ddelta,496,501,496-501,7,2.3159705002982798,2.3159705002982798,OOOWWWWW,OOOWOWWW,OOOWWWOW,OOOWOWOW
2,ddelta,496,501,496-501,8,3.043421872504153,3.043421872504153,WWWOWWWW,WWWOOWWW,WWWOWWOW,WWWOOWOW
2,ddelta,496,501,496-501,9,-0.19940861645228447,0.19940861645228447,OWWOWWWW,OWWOOWWW,OWWOWWOW,OWWOOWOW
2,ddelta,496,501,496-501,10,-1.3411137063930934,1.3411137063930934,WOWOWWWW,WOWOOWWW,WOWOWWOW,WOWOOWOW
2,ddelta,496,501,496-501,11,3.6305393620033244,3.6305393620033244,OOWOWWWW,OOWOOWWW,OOWOWWOW,OOWOOWOW
2,ddelta,496,501,496-501,12,4.023933176000851,4.023933176000851,WWOOWWWW,WWOOOWWW,WWOOWWOW,WWOOOWOW
2,ddelta,496,501,496-501,13,2.5398238167752307,2.5398238167752307,OWOOWWWW,OWOOOWWW,OWOOWWOW,OWOOOWOW
2,ddelta,496,501,496-501,14,0.43032775939874246,0.43032775939874246,WOOOWWWW,WOOOOWWW,WOOOWWOW,WOOOOWOW
2,ddelta,496,501,496-501,15,4.2571067275947705,4.2571067275947705,OOOOWWWW,OOOOOWWW,OOOOWWOW,OOOOOWOW
2,ddelta,496,501,496-501,16,1.7257678209957465,1.7257678209957465,WWWWWOWW,WWWWOOWW,WWWWWOOW,WWWWOOOW
2,ddelta,496,501,496-501,17,-0.7505631585065013,0.7505631585065013,OWWWWOWW,OWWWOOWW,OWWWWOOW,OWWWOOOW
2,ddelta,496,501,496-501,18,2.616325667656411,2.616325667656411,WOWWWOWW,WOWWOOWW,WOWWWOOW,WOWWOOOW
2,ddelta,496,501,496-501,19,-0.1900533128894042,0.1900533128894042,OOWWWOWW,OOWWOOWW,OOWWWOOW,OOWWOOOW
2,ddelta,496,501,496-501,20,2.1119789672995135,2.1119789672995135,WWOWWOWW,WWOWOOWW,WWOWWOOW,WWOWOOOW
2,ddelta,496,501,496-501,21,0.4523169273895704,0.4523169273895704,OWOWWOWW,OWOWOOWW,OWOWWOOW,OWOWOOOW
2,ddelta,496,501,496-501,22,0.23284558291524782,0.23284558291524782,WOOWWOWW,WOOWOOWW,WOOWWOOW,WOOWOOOW
2,ddelta,496,501,496-501,23,-1.142894171808879,1.142894171808879,OOOWWOWW,OOOWOOWW,OOOWWOOW,OOOWOOOW
2,ddelta,496,501,496-501,24,1.7120520065618126,1.7120520065618126,WWWOWOWW,WWWOOOWW,WWWOWOOW,WWWOOOOW
2,ddelta,496,501,496-501,25,1.819842304356905,1.819842304356905,OWWOWOWW,OWWOOOWW,OWWOWOOW,OWWOOOOW
2,ddelta,496,501,496-501,26,1.967313824663405,1.967313824663405,WOWOWOWW,WOWOOOWW,WOWOWOOW,WOWOOOOW
2,ddelta,496,501,496-501,27,-1.0557979604502823,1.0557979604502823,OOWOWOWW,OOWOOOWW,OOWOWOOW,OOWOOOOW
2,ddelta,496,501,496-501,28,1.373338404449218,1.373338404449218,WWOOWOWW,WWOOOOWW,WWOOWOOW,WWOOOOOW
2,ddelta,496,501,496-501,29,0.37348330849166045,0.37348330849166045,OWOOWOWW,OWOOOOWW,OWOOWOOW,OWOOOOOW
2,ddelta,496,501,496-501,30,2.24231643950367,2.24231643950367,WOOOWOWW,WOOOOOWW,WOOOWOOW,WOOOOOOW
2,ddelta,496,501,496-501,31,2.048237021922911,2.048237021922911,OOOOWOWW,OOOOOOWW,OOOOWOOW,OOOOOOOW
2,ddelta,496,501,496-501,32,5.853612446595754,5.853612446595754,WWWWWWWO,WWWWOWWO,WWWWWWOO,WWWWOWOO
2,ddelta,496,501,496-501,33,3.077458770727762,3.077458770727762,OWWWWWWO,OWWWOWWO,OWWWWWOO,OWWWOWOO
2,ddelta,496,501,496-501,34,2.864563252132111,2.864563252132111,WOWWWWWO,WOWWOWWO,WOWWWWOO,WOWWOWOO
2,ddelta,496,501,496-501,35,3.508766098297949,3.508766098297949,OOWWWWWO,OOWWOWWO,OOWWWWOO,OOWWOWOO
2,ddelta,496,501,496-501,36,3.874417821810939,3.874417821810939,WWOWWWWO,WWOWOWWO,WWOWWWOO,WWOWOWOO
2,ddelta,496,501,496-501,37,2.756375407948094,2.756375407948094,OWOWWWWO,OWOWOWWO,OWOWWWOO,OWOWOWOO
2,ddelta,496,501,496-501,38,2.030784469562483,2.030784469562483,WOOWWWWO,WOOWOWWO,WOOWWWOO,WOOWOWOO
2,ddelta,496,501,496-501,39,2.368858330052957,2.368858330052957,OOOWWWWO,OOOWOWWO,OOOWWWOO,OOOWOWOO
2,ddelta,496,501,496-501,40,2.497960320377964,2.497960320377964,WWWOWWWO,WWWOOWWO,WWWOWWOO,WWWOOWOO
2,ddelta,496,501,496-501,41,2.6486714650805023,2.6486714650805023,OWWOWWWO,OWWOOWWO,OWWOWWOO,OWWOOWOO
2,ddelta,496,501,496-501,42,7.669472002133902,7.669472002133902,WOWOWWWO,WOWOOWWO,WOWOWWOO,WOWOOWOO
2,ddelta,496,501,496-501,43,1.942705968719908,1.942705968719908,OOWOWWWO,OOWOOWWO,OOWOWWOO,OOWOOWOO
2,ddelta,496,501,496-501,44,-2.0824264103593677,2.0824264103593677,WWOOWWWO,WWOOOWWO,WWOOWWOO,WWOOOWOO
2,ddelta,496,501,496-501,45,4.155999881707253,4.155999881707253,OWOOWWWO,OWOOOWWO,OWOOWWOO,OWOOOWOO
2,ddelta,496,501,496-501,46,1.073678474471281,1.073678474471281,WOOOWWWO,WOOOOWWO,WOOOWWOO,WOOOOWOO
2,ddelta,496,501,496-501,47,3.1708308260574656,3.1708308260574656,OOOOWWWO,OOOOOWWO,OOOOWWOO,OOOOOWOO
2,ddelta,496,501,496-501,48,0.4106110566988448,0.4106110566988448,WWWWWOWO,WWWWOOWO,WWWWWOOO,WWWWOOOO
2,ddelta,496,501,496-501,49,1.7463365852362847,1.7463365852362847,OWWWWOWO,OWWWOOWO,OWWWWOOO,OWWWOOOO
2,ddelta,496,501,496-501,50,1.991006833882906,1.991006833882906,WOWWWOWO,WOWWOOWO,WOWWWOOO,WOWWOOOO
2,ddelta,496,501,496-501,51,0.593772740020514,0.593772740020514,OOWWWOWO,OOWWOOWO,OOWWWOOO,OOWWOOOO
2,ddelta,496,501,496-501,52,1.2873400623222608,1.2873400623222608,WWOWWOWO,WWOWOOWO,WWOWWOOO,WWOWOOOO
2,ddelta,496,501,496-501,53,-0.8816952100966864,0.8816952100966864,OWOWWOWO,OWOWOOWO,OWOWWOOO,OWOWOOOO
2,ddelta,496,501,496-501,54,0.17010330794176065,0.17010330794176065,WOOWWOWO,WOOWOOWO,WOOWWOOO,WOOWOOOO
2,ddelta,496,501,496-501,55,1.0484735572745212,1.0484735572745212,OOOWWOWO,OOOWOOWO,OOOWWOOO,OOOWOOOO
2,ddelta,496,501,496-501,56,-1.6461293630296137,1.6461293630296137,WWWOWOWO,WWWOOOWO,WWWOWOOO,WWWOOOOO
2,ddelta,496,501,496-501,57,-1.0131583163776743,1.0131583163776743,OWWOWOWO,OWWOOOWO,OWWOWOOO,OWWOOOOO
2,ddelta,496,501,496-501,58,0.743957593028332,0.743957593028332,WOWOWOWO,WOWOOOWO,WOWOWOOO,WOWOOOOO
2,ddelta,496,501,496-501,59,0.7522652768118406,0.7522652768118406,OOWOWOWO,OOWOOOWO,OOWOWOOO,OOWOOOOO
2,ddelta,496,501,496-501,60,0.11667478204583848,0.11667478204583848,WWOOWOWO,WWOOOOWO,WWOOWOOO,WWOOOOOO
2,ddelta,496,501,496-501,61,2.374079499863049,2.374079499863049,OWOOWOWO,OWOOOOWO,OWOOWOOO,OWOOOOOO
2,ddelta,496,501,496-501,62,0.00947385938665346,0.00947385938665346,WOOOWOWO,WOOOOOWO,WOOOWOOO,WOOOOOOO
2,ddelta,496,501,496-501,63,-1.4367309607797334,1.4367309607797334,OOOOWOWO,OOOOOOWO,OOOOWOOO,OOOOOOOO
2,ddelta,496,505,496-505,0,-4.81055187265577,4.81055187265577,WWWWWWWW,WWWWOWWW,WWWWWWWO,WWWWOWWO
2,ddelta,496,505,496-505,1,-1.9270703337664101,1.9270703337664101,OWWWWWWW,OWWWOWWW,OWWWWWWO,OWWWOWWO
2,ddelta,496,505,496-505,2,-2.0343080254193033,2.0343080254193033,WOWWWWWW,WOWWOWWW,WOWWWWWO,WOWWOWWO
2,ddelta,496,505,496-505,3,-0.1407144710572319,0.1407144710572319,OOWWWWWW,OOWWOWWW,OOWWWWWO,OOWWOWWO
2,ddelta,496,505,496-505,4,-0.9033226798444915,0.9033226798444915,WWOWWWWW,WWOWOWWW,WWOWWWWO,WWOWOWWO
2,ddelta,496,505,496-505,5,-1.9519045242005086,1.9519045242005086,OWOWWWWW,OWOWOWWW,OWOWWWWO,OWOWOWWO
2,ddelta,496,505,496-505,6,0.006128679083311134,0.006128679083311134,WOOWWWWW,WOOWOWWW,WOOWWWWO,WOOWOWWO
2,ddelta,496,505,496-505,7,-1.0394284330636054,1.0394284330636054,OOOWWWWW,OOOWOWWW,OOOWWWWO,OOOWOWWO
2,ddelta,496,505,496-505,8,0.05533227110534861,0.05533227110534861,WWWOWWWW,WWWOOWWW,WWWOWWWO,WWWOOWWO
2,ddelta,496,505,496-505,9,-1.1984353851276588,1.1984353851276588,OWWOWWWW,OWWOOWWW,OWWOWWWO,OWWOOWWO
2,ddelta,496,505,496-505,10,-4.677606910175775,4.677606910175775,WOWOWWWW,WOWOOWWW,WOWOWWWO,WOWOOWWO
2,ddelta,496,505,496-505,11,1.0686630546120093,1.0686630546120093,OOWOWWWW,OOWOOWWW,OOWOWWWO,OOWOOWWO
2,ddelta,496,505,496-505,12,4.793112779278811,4.793112779278811,WWOOWWWW,WWOOOWWW,WWOOWWWO,WWOOOWWO
2,ddelta,496,505,496-505,13,-2.283952846854276,2.283952846854276,OWOOWWWW,OWOOOWWW,OWOOWWWO,OWOOOWWO
2,ddelta,496,505,496-505,14,-0.3149276770606597,0.3149276770606597,WOOOWWWW,WOOOOWWW,WOOOWWWO,WOOOOWWO
2,ddelta,496,505,496-505,15,0.1908370274815981,0.1908370274815981,OOOOWWWW,OOOOOWWW,OOOOWWWO,OOOOOWWO
2,ddelta,496,505,496-505,16,3.7051338914099876,3.7051338914099876,WWWWWOWW,WWWWOOWW,WWWWWOWO,WWWWOOWO
2,ddelta,496,505,496-505,17,1.2374121646146983,1.2374121646146983,OWWWWOWW,OWWWOOWW,OWWWWOWO,OWWWOOWO
2,ddelta,496,505,496-505,18,0.3198476496445024,0.3198476496445024,WOWWWOWW,WOWWOOWW,WOWWWOWO,WOWWOOWO
2,ddelta,496,505,496-505,19,0.12064603057745382,0.12064603057745382,OOWWWOWW,OOWWOOWW,OOWWWOWO,OOWWOOWO
2,ddelta,496,505,496-505,20,0.5144824852554399,0.5144824852554399,WWOWWOWW,WWOWOOWW,WWOWWOWO,WWOWOOWO
2,ddelta,496,505,496-505,21,1.411237403468681,1.411237403468681,OWOWWOWW,OWOWOOWW,OWOWWOWO,OWOWOOWO
2,ddelta,496,505,496-505,22,1.4648514286103549,1.4648514286103549,WOOWWOWW,WOOWOOWW,WOOWWOWO,WOOWOOWO
2,ddelta,496,505,496-505,23,-2.21006230988807,2.21006230988807,OOOWWOWW,OOOWOOWW,OOOWWOWO,OOOWOOWO
2,ddelta,496,505,496-505,24,2.918666274004724,2.918666274004724,WWWOWOWW,WWWOOOWW,WWWOWOWO,WWWOOOWO
2,ddelta,496,505,496-505,25,2.493563922686248,2.493563922686248,OWWOWOWW,OWWOOOWW,OWWOWOWO,OWWOOOWO
2,ddelta,496,505,496-505,26,2.0417121096233104,2.0417121096233104,WOWOWOWW,WOWOOOWW,WOWOWOWO,WOWOOOWO
2,ddelta,496,505,496-505,27,-0.2528289645437426,0.2528289645437426,OOWOWOWW,OOWOOOWW,OOWOWOWO,OOWOOOWO
2,ddelta,496,505,496-505,28,-0.45149947366721355,0.45149947366721355,WWOOWOWW,WWOOOOWW,WWOOWOWO,WWOOOOWO
2,ddelta,496,505,496-505,29,-1.2800873722671522,1.2800873722671522,OWOOWOWW,OWOOOOWW,OWOOWOWO,OWOOOOWO
2,ddelta,496,505,496-505,30,1.6585211821366248,1.6585211821366248,WOOOWOWW,WOOOOOWW,WOOOWOWO,WOOOOOWO
2,ddelta,496,505,496-505,31,1.191455635566287,1.191455635566287,OOOOWOWW,OOOOOOWW,OOOOWOWO,OOOOOOWO
2,ddelta,496,505,496-505,32,0.10329339516238711,0.10329339516238711,WWWWWWOW,WWWWOWOW,WWWWWWOO,WWWWOWOO
2,ddelta,496,505,496-505,33,-0.1384982772978549,0.1384982772978549,OWWWWWOW,OWWWOWOW,OWWWWWOO,OWWWOWOO
2,ddelta,496,505,496-505,34,0.015905714964667528,0.015905714964667528,WOWWWWOW,WOWWOWOW,WOWWWWOO,WOWWOWOO
2,ddelta,496,505,496-505,35,1.086382508776834,1.086382508776834,OOWWWWOW,OOWWOWOW,OOWWWWOO,OOWWOWOO
2,ddelta,496,505,496-505,36,-1.0390255265085984,1.0390255265085984,WWOWWWOW,WWOWOWOW,WWOWWWOO,WWOWOWOO
2,ddelta,496,505,496-505,37,0.4842315782287345,0.4842315782287345,OWOWWWOW,OWOWOWOW,OWOWWWOO,OWOWOWOO
2,ddelta,496,505,496-505,38,1.1651787482108904,1.1651787482108904,WOOWWWOW,WOOWOWOW,WOOWWWOO,WOOWOWOO
2,ddelta,496,505,496-505,39,-0.986540603308928,0.986540603308928,OOOWWWOW,OOOWOWOW,OOOWWWOO,OOOWOWOO
2,ddelta,496,505,496-505,40,-0.49012928102083997,0.49012928102083997,WWWOWWOW,WWWOOWOW,WWWOWWOO,WWWOOWOO
2,ddelta,496,505,496-505,41,1.6496446964051272,1.6496446964051272,OWWOWWOW,OWWOOWOW,OWWOWWOO,OWWOOWOO
2,ddelta,496,505,496-505,42,4.33297879835122,4.33297879835122,WOWOWWOW,WOWOOWOW,WOWOWWOO,WOWOOWOO
2,ddelta,496,505,496-505,43,-0.6191703386714072,0.6191703386714072,OOWOWWOW,OOWOOWOW,OOWOWWOO,OOWOOWOO
2,ddelta,496,505,496-505,44,-1.3132468070814072,1.3132468070814072,WWOOWWOW,WWOOOWOW,WWOOWWOO,WWOOOWOO
2,ddelta,496,505,496-505,45,-0.6677767819222532,0.6677767819222532,OWOOWWOW,OWOOOWOW,OWOOWWOO,OWOOOWOO
2,ddelta,496,505,496-505,46,0.3284230380118788,0.3284230380118788,WOOOWWOW,WOOOOWOW,WOOOWWOO,WOOOOWOO
2,ddelta,496,505,496-505,47,-0.8954388740557068,0.8954388740557068,OOOOWWOW,OOOOOWOW,OOOOWWOO,OOOOOWOO
2,ddelta,496,505,496-505,48,2.3899771271130854,2.3899771271130854,WWWWWOOW,WWWWOOOW,WWWWWOOO,WWWWOOOO
2,ddelta,496,505,496-505,49,3.7343119083574843,3.7343119083574843,OWWWWOOW,OWWWOOOW,OWWWWOOO,OWWWOOOO
2,ddelta,496,505,496-505,50,-0.30547118412900276,0.30547118412900276,WOWWWOOW,WOWWOOOW,WOWWWOOO,WOWWOOOO
2,ddelta,496,505,496-505,51,0.9044720834873718,0.9044720834873718,OOWWWOOW,OOWWOOOW,OOWWWOOO,OOWWOOOO
2,ddelta,496,505,496-505,52,-0.3101564197218124,0.3101564197218124,WWOWWOOW,WWOWOOOW,WWOWWOOO,WWOWOOOO
2,ddelta,496,505,496-505,53,0.0772252659824243,0.0772252659824243,OWOWWOOW,OWOWOOOW,OWOWWOOO,OWOWOOOO
2,ddelta,496,505,496-505,54,1.4021091536368677,1.4021091536368677,WOOWWOOW,WOOWOOOW,WOOWWOOO,WOOWOOOO
2,ddelta,496,505,496-505,55,-0.018694580804669847,0.018694580804669847,OOOWWOOW,OOOWOOOW,OOOWWOOO,OOOWOOOO
2,ddelta,496,505,496-505,56,-0.4395150955867026,0.4395150955867026,WWWOWOOW,WWWOOOOW,WWWOWOOO,WWWOOOOO
2,ddelta,496,505,496-505,57,-0.33943669804833165,0.33943669804833165,OWWOWOOW,OWWOOOOW,OWWOWOOO,OWWOOOOO
2,ddelta,496,505,496-505,58,0.8183558779882383,0.8183558779882383,WOWOWOOW,WOWOOOOW,WOWOWOOO,WOWOOOOO
2,ddelta,496,505,496-505,59,1.55523427271838,1.55523427271838,OOWOWOOW,OOWOOOOW,OOWOWOOO,OOWOOOOO
2,ddelta,496,505,496-505,60,-1.7081630960705936,1.7081630960705936,WWOOWOOW,WWOOOOOW,WWOOWOOO,WWOOOOOO
2,ddelta,496,505,496-505,61,0.720508819104236,0.720508819104236,OWOOWOOW,OWOOOOOW,OWOOWOOO,OWOOOOOO
2,ddelta,496,505,496-505,62,-0.574321397980392,0.574321397980392,WOOOWOOW,WOOOOOOW,WOOOWOOO,WOOOOOOO
2,ddelta,496,505,496-505,63,-2.2935123471363577,2.2935123471363577,OOOOWOOW,OOOOOOOW,OOOOWOOO,OOOOOOOO
2,ddelta,498,501,498-501,0,1.7429724700644653,1.7429724700644653,WWWWWWWW,WWWWWOWW,WWWWWWOW,WWWWWOOW
2,ddelta,498,501,498-501,1,3.0004423974262533,3.0004423974262533,OWWWWWWW,OWWWWOWW,OWWWWWOW,OWWWWOOW
2,ddelta,498,501,498-501,2,-0.2805859698737829,0.2805859698737829,WOWWWWWW,WOWWWOWW,WOWWWWOW,WOWWWOOW
2,ddelta,498,501,498-501,3,1.4995289122487834,1.4995289122487834,OOWWWWWW,OOWWWOWW,OOWWWWOW,OOWWWOOW
2,ddelta,498,501,498-501,4,2.496715322208107,2.496715322208107,WWOWWWWW,WWOWWOWW,WWOWWWOW,WWOWWOOW
2,ddelta,498,501,498-501,5,0.7329567291310793,0.7329567291310793,OWOWWWWW,OWOWWOWW,OWOWWWOW,OWOWWOOW
2,ddelta,498,501,498-501,6,1.4553671154674892,1.4553671154674892,WOOWWWWW,WOOWWOWW,WOOWWWOW,WOOWWOOW
2,ddelta,498,501,498-501,7,3.5013752062732855,3.5013752062732855,OOOWWWWW,OOOWWOWW,OOOWWWOW,OOOWWOOW
2,ddelta,498,501,498-501,8,0.48114015510075353,0.48114015510075353,WWWOWWWW,WWWOWOWW,WWWOWWOW,WWWOWOOW
2,ddelta,498,501,498-501,9,0.7525607915763101,0.7525607915763101,OWWOWWWW,OWWOWOWW,OWWOWWOW,OWWOWOOW
2,ddelta,498,501,498-501,10,1.89736431998843,1.89736431998843,WOWOWWWW,WOWOWOWW,WOWOWWOW,WOWOWOOW
2,ddelta,498,501,498-501,11,2.2071035649445787,2.2071035649445787,OOWOWWWW,OOWOWOWW,OOWOWWOW,OOWOWOOW
2,ddelta,498,501,498-501,12,5.121912142311425,5.121912142311425,WWOOWWWW,WWOOWOWW,WWOOWWOW,WWOOWOOW
2,ddelta,498,501,498-501,13,2.3756904442428417,2.3756904442428417,OWOOWWWW,OWOOWOWW,OWOOWWOW,OWOOWOOW
2,ddelta,498,501,498-501,14,0.7455024542455633,0.7455024542455633,WOOOWWWW,WOOOWOWW,WOOOWWOW,WOOOWOOW
2,ddelta,498,501,498-501,15,3.0068580432082426,3.0068580432082426,OOOOWWWW,OOOOWOWW,OOOOWWOW,OOOOWOOW
2,ddelta,498,501,498-501,16,2.5289731122826145,2.5289731122826145,WWWWOWWW,WWWWOOWW,WWWWOWOW,WWWWOOOW
2,ddelta,498,501,498-501,17,0.9609925246605446,0.9609925246605446,OWWWOWWW,OWWWOOWW,OWWWOWOW,OWWWOOOW
2,ddelta,498,501,498-501,18,1.5213901860344872,1.5213901860344872,WOWWOWWW,WOWWOOWW,WOWWOWOW,WOWWOOOW
2,ddelta,498,501,498-501,19,-0.9721935191045039,0.9721935191045039,OOWWOWWW,OOWWOOWW,OOWWOWOW,OOWWOOOW
2,ddelta,498,501,498-501,20,0.5985736210325743,0.5985736210325743,WWOWOWWW,WWOWOOWW,WWOWOWOW,WWOWOOOW
2,ddelta,498,501,498-501,21,0.8650343510017989,0.8650343510017989,OWOWOWWW,OWOWOOWW,OWOWOWOW,OWOWOOOW
2,ddelta,498,501,498-501,22,0.816478297947834,0.816478297947834,WOOWOWWW,WOOWOOWW,WOOWOWOW,WOOWOOOW
2,ddelta,498,501,498-501,23,0.04251053416612649,0.04251053416612649,OOOWOWWW,OOOWOOWW,OOOWOWOW,OOOWOOOW
2,ddelta,498,501,498-501,24,-0.850229710841587,0.850229710841587,WWWOOWWW,WWWOOOWW,WWWOOWOW,WWWOOOOW
2,ddelta,498,501,498-501,25,2.7718117123854995,2.7718117123854995,OWWOOWWW,OWWOOOWW,OWWOOWOW,OWWOOOOW
2,ddelta,498,501,498-501,26,5.205791851044928,5.205791851044928,WOWOOWWW,WOWOOOWW,WOWOOWOW,WOWOOOOW
2,ddelta,498,501,498-501,27,-2.4792337575090277,2.4792337575090277,OOWOOWWW,OOWOOOWW,OOWOOWOW,OOWOOOOW
2,ddelta,498,501,498-501,28,2.4713173707597926,2.4713173707597926,WWOOOWWW,WWOOOOWW,WWOOOWOW,WWOOOOOW
2,ddelta,498,501,498-501,29,0.20934993595927165,0.20934993595927165,OWOOOWWW,OWOOOOWW,OWOOOWOW,OWOOOOOW
2,ddelta,498,501,498-501,30,2.557491134350492,2.557491134350492,WOOOOWWW,WOOOOOWW,WOOOOWOW,WOOOOOOW
2,ddelta,498,501,498-501,31,0.7979883375363834,0.7979883375363834,OOOOOWWW,OOOOOOWW,OOOOOWOW,OOOOOOOW
2,ddelta,498,501,498-501,32,0.33317544281632183,0.33317544281632183,WWWWWWWO,WWWWWOWO,WWWWWWOO,WWWWWOOO
2,ddelta,498,501,498-501,33,1.0637145949696205,1.0637145949696205,OWWWWWWO,OWWWWOWO,OWWWWWOO,OWWWWOOO
2,ddelta,498,501,498-501,34,-1.2396307997162788,1.2396307997162788,WOWWWWWO,WOWWWOWO,WOWWWWOO,WOWWWOOO
2,ddelta,498,501,498-501,35,0.2340484212453896,0.2340484212453896,OOWWWWWO,OOWWWOWO,OOWWWWOO,OOWWWOOO
2,ddelta,498,501,498-501,36,-0.31492009771807616,0.31492009771807616,WWOWWWWO,WWOWWOWO,WWOWWWOO,WWOWWOOO
2,ddelta,498,501,498-501,37,1.0757528108262608,1.0757528108262608,OWOWWWWO,OWOWWOWO,OWOWWWOO,OWOWWOOO
2,ddelta,498,501,498-501,38,0.16315577075626586,0.16315577075626586,WOOWWWWO,WOOWWOWO,WOOWWWOO,WOOWWOOO
2,ddelta,498,501,498-501,39,-1.6241409275605778,1.6241409275605778,OOOWWWWO,OOOWWOWO,OOOWWWOO,OOOWWOOO
2,ddelta,498,501,498-501,40,0.033938797561515965,0.033938797561515965,WWWOWWWO,WWWOWOWO,WWWOWWOO,WWWOWOOO
2,ddelta,498,501,498-501,41,0.6620918355930085,0.6620918355930085,OWWOWWWO,OWWOWOWO,OWWOWWOO,OWWOWOOO
2,ddelta,498,501,498-501,42,-0.45023598331282155,0.45023598331282155,WOWOWWWO,WOWOWOWO,WOWOWWOO,WOWOWOOO
2,ddelta,498,501,498-501,43,-0.6546894123911117,0.6546894123911117,OOWOWWWO,OOWOWOWO,OOWOWWOO,OOWOWOOO
2,ddelta,498,501,498-501,44,0.7645581114501976,0.7645581114501976,WWOOWWWO,WWOOWOWO,WWOOWWOO,WWOOWOOO
2,ddelta,498,501,498-501,45,0.1019862056547658,0.1019862056547658,OWOOWWWO,OWOOWOWO,OWOOWWOO,OWOOWOOO
2,ddelta,498,501,498-501,46,-0.5169684615876831,0.5169684615876831,WOOOWWWO,WOOOWOWO,WOOOWWOO,WOOOWOOO
2,ddelta,498,501,498-501,47,1.5690423035278598,1.5690423035278598,OOOOWWWO,OOOOWOWO,OOOOWWOO,OOOOWOOO
2,ddelta,498,501,498-501,48,-5.109825947080589,5.109825947080589,WWWWOWWO,WWWWOOWO,WWWWOWOO,WWWWOOOO
2,ddelta,498,501,498-501,49,-0.26740759052185714,0.26740759052185714,OWWWOWWO,OWWWOOWO,OWWWOWOO,OWWWOOOO
2,ddelta,498,501,498-501,50,-2.1131872179654843,2.1131872179654843,WOWWOWWO,WOWWOOWO,WOWWOWOO,WOWWOOOO
2,ddelta,498,501,498-501,51,-2.680944937032045,2.680944937032045,OOWWOWWO,OOWWOOWO,OOWWOWOO,OOWWOOOO
2,ddelta,498,501,498-501,52,-2.9019978572067546,2.9019978572067546,WWOWOWWO,WWOWOOWO,WWOWOWOO,WWOWOOOO
2,ddelta,498,501,498-501,53,-2.5623178072185193,2.5623178072185193,OWOWOWWO,OWOWOOWO,OWOWOWOO,OWOWOOOO
2,ddelta,498,501,498-501,54,-1.697525390864456,1.697525390864456,WOOWOWWO,WOOWOOWO,WOOWOWOO,WOOWOOOO
2,ddelta,498,501,498-501,55,-2.944525700339014,2.944525700339014,OOOWOWWO,OOOWOOWO,OOOWOWOO,OOOWOOOO
2,ddelta,498,501,498-501,56,-4.110150885846062,4.110150885846062,WWWOOWWO,WWWOOOWO,WWWOOWOO,WWWOOOOO
2,ddelta,498,501,498-501,57,-2.9997379458651676,2.9997379458651676,OWWOOWWO,OWWOOOWO,OWWOOWOO,OWWOOOOO
2,ddelta,498,501,498-501,58,-7.37575039241839,7.37575039241839,WOWOOWWO,WOWOOOWO,WOWOOWOO,WOWOOOOO
2,ddelta,498,501,498-501,59,-1.8451301042991788,1.8451301042991788,OOWOOWWO,OOWOOOWO,OOWOOWOO,OOWOOOOO
2,ddelta,498,501,498-501,60,2.963659303855404,2.963659303855404,WWOOOWWO,WWOOOOWO,WWOOOWOO,WWOOOOOO
2,ddelta,498,501,498-501,61,-1.6799341761894393,1.6799341761894393,OWOOOWWO,OWOOOOWO,OWOOOWOO,OWOOOOOO
2,ddelta,498,501,498-501,62,-1.5811730766723109,1.5811730766723109,WOOOOWWO,WOOOOOWO,WOOOOWOO,WOOOOOOO
2,ddelta,498,501,498-501,63,-3.038519483309339,3.038519483309339,OOOOOWWO,OOOOOOWO,OOOOOWOO,OOOOOOOO
2,ddelta,498,505,498-505,0,0.7654256472291133,0.7654256472291133,WWWWWWWW,WWWWWOWW,WWWWWWWO,WWWWWOWO
2,ddelta,498,505,498-505,1,1.3761238342425746,1.3761238342425746,OWWWWWWW,OWWWWOWW,OWWWWWWO,OWWWWOWO
2,ddelta,498,505,498-505,2,1.490400469787534,1.490400469787534,WOWWWWWW,WOWWWOWW,WOWWWWWO,WOWWWOWO
2,ddelta,498,505,498-505,3,1.5875279985833242,1.5875279985833242,OOWWWWWW,OOWWWOWW,OOWWWWWO,OOWWWOWO
2,ddelta,498,505,498-505,4,2.5602222466658584,2.5602222466658584,WWOWWWWW,WWOWWOWW,WWOWWWWO,WWOWWOWO
2,ddelta,498,505,498-505,5,-0.41181845246575277,0.41181845246575277,OWOWWWWW,OWOWWOWW,OWOWWWWO,OWOWWOWO
2,ddelta,498,505,498-505,6,1.5505446703334023,1.5505446703334023,WOOWWWWW,WOOWWOWW,WOOWWWWO,WOOWWOWO
2,ddelta,498,505,498-505,7,4.289428507469857,4.289428507469857,OOOWWWWW,OOOWWOWW,OOOWWWWO,OOOWWOWO
2,ddelta,498,505,498-505,8,2.4567616816669515,2.4567616816669515,WWWOWWWW,WWWOWOWW,WWWOWWWO,WWWOWOWO
2,ddelta,498,505,498-505,9,1.8587224108696832,1.8587224108696832,OWWOWWWW,OWWOWOWW,OWWOWWWO,OWWOWOWO
2,ddelta,498,505,498-505,10,0.8906242490102282,0.8906242490102282,WOWOWWWW,WOWOWOWW,WOWOWWWO,WOWOWOWO
2,ddelta,498,505,498-505,11,2.1862761920894496,2.1862761920894496,OOWOWWWW,OOWOWOWW,OOWOWWWO,OOWOWOWO
2,ddelta,498,505,498-505,12,5.954521378592855,5.954521378592855,WWOOWWWW,WWOOWOWW,WWOOWWWO,WWOOWOWO
2,ddelta,498,505,498-505,13,3.191232314477065,3.191232314477065,OWOOWWWW,OWOOWOWW,OWOOWWWO,OWOOWOWO
2,ddelta,498,505,498-505,14,3.728038093151672,3.728038093151672,WOOOWWWW,WOOOWOWW,WOOOWWWO,WOOOWOWO
2,ddelta,498,505,498-505,15,2.7862046176287683,2.7862046176287683,OOOOWWWW,OOOOWOWW,OOOOWWWO,OOOOWOWO
2,ddelta,498,505,498-505,16,9.281111411294871,9.281111411294871,WWWWOWWW,WWWWOOWW,WWWWOWWO,WWWWOOWO
2,ddelta,498,505,498-505,17,4.540606332623683,4.540606332623683,OWWWOWWW,OWWWOOWW,OWWWOWWO,OWWWOOWO
2,ddelta,498,505,498-505,18,3.8445561448513397,3.8445561448513397,WOWWOWWW,WOWWOOWW,WOWWOWWO,WOWWOOWO
2,ddelta,498,505,498-505,19,1.84888850021801,1.84888850021801,OOWWOWWW,OOWWOOWW,OOWWOWWO,OOWWOOWO
2,ddelta,498,505,498-505,20,3.97802741176579,3.97802741176579,WWOWOWWW,WWOWOOWW,WWOWOWWO,WWOWOOWO
2,ddelta,498,505,498-505,21,2.951323475203437,2.951323475203437,OWOWOWWW,OWOWOOWW,OWOWOWWO,OWOWOOWO
2,ddelta,498,505,498-505,22,3.0092674198604463,3.0092674198604463,WOOWOWWW,WOOWOOWW,WOOWOWWO,WOOWOOWO
2,ddelta,498,505,498-505,23,3.118794630645392,3.118794630645392,OOOWOWWW,OOOWOOWW,OOOWOWWO,OOOWOOWO
2,ddelta,498,505,498-505,24,5.320095684566327,5.320095684566327,WWWOOWWW,WWWOOOWW,WWWOOWWO,WWWOOOWO
2,ddelta,498,505,498-505,25,5.55072171868359,5.55072171868359,OWWOOWWW,OWWOOOWW,OWWOOWWO,OWWOOOWO
2,ddelta,498,505,498-505,26,7.609943268809314,7.609943268809314,WOWOOWWW,WOWOOOWW,WOWOOWWO,WOWOOOWO
2,ddelta,498,505,498-505,27,0.8647841729336978,0.8647841729336978,OOWOOWWW,OOWOOOWW,OOWOOWWO,OOWOOOWO
2,ddelta,498,505,498-505,28,0.7099091256468295,0.7099091256468295,WWOOOWWW,WWOOOOWW,WWOOOWWO,WWOOOOWO
2,ddelta,498,505,498-505,29,4.195097789064189,4.195097789064189,OWOOOWWW,OWOOOOWW,OWOOOWWO,OWOOOOWO
2,ddelta,498,505,498-505,30,5.701486952348956,5.701486952348956,WOOOOWWW,WOOOOOWW,WOOOOWWO,WOOOOOWO
2,ddelta,498,505,498-505,31,3.7868232257134573,3.7868232257134573,OOOOOWWW,OOOOOOWW,OOOOOWWO,OOOOOOWO
2,ddelta,498,505,498-505,32,-0.6443713800190299,0.6443713800190299,WWWWWWOW,WWWWWOOW,WWWWWWOO,WWWWWOOO
2,ddelta,498,505,498-505,33,-0.560603968214058,0.560603968214058,OWWWWWOW,OWWWWOOW,OWWWWWOO,OWWWWOOO
2,ddelta,498,505,498-505,34,0.5313556399450381,0.5313556399450381,WOWWWWOW,WOWWWOOW,WOWWWWOO,WOWWWOOO
2,ddelta,498,505,498-505,35,0.3220475075799305,0.3220475075799305,OOWWWWOW,OOWWWOOW,OOWWWWOO,OOWWWOOO
2,ddelta,498,505,498-505,36,-0.251413173260325,0.251413173260325,WWOWWWOW,WWOWWOOW,WWOWWWOO,WWOWWOOO
2,ddelta,498,505,498-505,37,-0.06902237077057093,0.06902237077057093,OWOWWWOW,OWOWWOOW,OWOWWWOO,OWOWWOOO
2,ddelta,498,505,498-505,38,0.2583333256221787,0.2583333256221787,WOOWWWOW,WOOWWOOW,WOOWWWOO,WOOWWOOO
2,ddelta,498,505,498-505,39,-0.8360876263640062,0.8360876263640062,OOOWWWOW,OOOWWOOW,OOOWWWOO,OOOWWOOO
2,ddelta,498,505,498-505,40,2.009560324127714,2.009560324127714,WWWOWWOW,WWWOWOOW,WWWOWWOO,WWWOWOOO
2,ddelta,498,505,498-505,41,1.7682534548863813,1.7682534548863813,OWWOWWOW,OWWOWOOW,OWWOWWOO,OWWOWOOO
2,ddelta,498,505,498-505,42,-1.4569760542910237,1.4569760542910237,WOWOWWOW,WOWOWOOW,WOWOWWOO,WOWOWOOO
2,ddelta,498,505,498-505,43,-0.6755167852462408,0.6755167852462408,OOWOWWOW,OOWOWOOW,OOWOWWOO,OOWOWOOO
2,ddelta,498,505,498-505,44,1.5971673477316275,1.5971673477316275,WWOOWWOW,WWOOWOOW,WWOOWWOO,WWOOWOOO
2,ddelta,498,505,498-505,45,0.9175280758889891,0.9175280758889891,OWOOWWOW,OWOOWOOW,OWOOWWOO,OWOOWOOO
2,ddelta,498,505,498-505,46,2.465567177318425,2.465567177318425,WOOOWWOW,WOOOWOOW,WOOOWWOO,WOOOWOOO
2,ddelta,498,505,498-505,47,1.348388877948385,1.348388877948385,OOOOWWOW,OOOOWOOW,OOOOWWOO,OOOOWOOO
2,ddelta,498,505,498-505,48,1.6423123519316682,1.6423123519316682,WWWWOWOW,WWWWOOOW,WWWWOWOO,WWWWOOOO
2,ddelta,498,505,498-505,49,3.3122062174412816,3.3122062174412816,OWWWOWOW,OWWWOOOW,OWWWOWOO,OWWWOOOO
2,ddelta,498,505,498-505,50,0.2099787408513678,0.2099787408513678,WOWWOWOW,WOWWOOOW,WOWWOWOO,WOWWOOOO
2,ddelta,498,505,498-505,51,0.1401370822904684,0.1401370822904684,OOWWOWOW,OOWWOOOW,OOWWOWOO,OOWWOOOO
2,ddelta,498,505,498-505,52,0.47745593352646093,0.47745593352646093,WWOWOWOW,WWOWOOOW,WWOWOWOO,WWOWOOOO
2,ddelta,498,505,498-505,53,-0.47602868301688117,0.47602868301688117,OWOWOWOW,OWOWOOOW,OWOWOWOO,OWOWOOOO
2,ddelta,498,505,498-505,54,0.495263731048156,0.495263731048156,WOOWOWOW,WOOWOOOW,WOOWOWOO,WOOWOOOO
2,ddelta,498,505,498-505,55,0.13175839614025198,0.13175839614025198,OOOWOWOW,OOOWOOOW,OOOWOWOO,OOOWOOOO
2,ddelta,498,505,498-505,56,2.0601745095618513,2.0601745095618513,WWWOOWOW,WWWOOOOW,WWWOOWOO,WWWOOOOO
2,ddelta,498,505,498-505,57,-0.2208279395670775,0.2208279395670775,OWWOOWOW,OWWOOOOW,OWWOOWOO,OWWOOOOO
2,ddelta,498,505,498-505,58,-4.971598974654004,4.971598974654004,WOWOOWOW,WOWOOOOW,WOWOOWOO,WOWOOOOO
2,ddelta,498,505,498-505,59,1.4988878261435465,1.4988878261435465,OOWOOWOW,OOWOOOOW,OOWOOWOO,OOWOOOOO
2,ddelta,498,505,498-505,60,1.2022510587424413,1.2022510587424413,WWOOOWOW,WWOOOOOW,WWOOOWOO,WWOOOOOO
2,ddelta,498,505,498-505,61,2.3058136769154784,2.3058136769154784,OWOOOWOW,OWOOOOOW,OWOOOWOO,OWOOOOOO
2,ddelta,498,505,498-505,62,1.5628227413261544,1.5628227413261544,WOOOOWOW,WOOOOOOW,WOOOOWOO,WOOOOOOO
2,ddelta,498,505,498-505,63,-0.04968459513226531,0.04968459513226531,OOOOOWOW,OOOOOOOW,OOOOOWOO,OOOOOOOO
2,ddelta,501,505,501-505,0,0.6208576739137607,0.6208576739137607,WWWWWWWW,WWWWWWOW,WWWWWWWO,WWWWWWOO
2,ddelta,501,505,501-505,1,0.7732192875010488,0.7732192875010488,OWWWWWWW,OWWWWWOW,OWWWWWWO,OWWWWWOO
2,ddelta,501,505,501-505,2,0.6085121612191806,0.6085121612191806,WOWWWWWW,WOWWWWOW,WOWWWWWO,WOWWWWOO
2,ddelta,501,505,501-505,3,-0.08207558555515693,0.08207558555515693,OOWWWWWW,OOWWWWOW,OOWWWWWO,OOWWWWOO
2,ddelta,501,505,501-505,4,3.11974385486189,3.11974385486189,WWOWWWWW,WWOWWWOW,WWOWWWWO,WWOWWWOO
2,ddelta,501,505,501-505,5,0.34518504684393936,0.34518504684393936,OWOWWWWW,OWOWWWOW,OWOWWWWO,OWOWWWOO
2,ddelta,501,505,501-505,6,0.8147743240364905,0.8147743240364905,WOOWWWWW,WOOWWWOW,WOOWWWWO,WOOWWWOO
2,ddelta,501,505,501-505,7,2.9508674500832774,2.9508674500832774,OOOWWWWW,OOOWWWOW,OOOWWWWO,OOOWWWOO
2,ddelta,501,505,501-505,8,2.7696196981547025,2.7696196981547025,WWWOWWWW,WWWOWWOW,WWWOWWWO,WWWOWWOO
2,ddelta,501,505,501-505,9,0.8094562463975387,0.8094562463975387,OWWOWWWW,OWWOWWOW,OWWOWWWO,OWWOWWOO
2,ddelta,501,505,501-505,10,1.6437594107573155,1.6437594107573155,WOWOWWWW,WOWOWWOW,WOWOWWWO,WOWOWWOO
2,ddelta,501,505,501-505,11,1.1480261696984448,1.1480261696984448,OOWOWWWW,OOWOWWOW,OOWOWWWO,OOWOWWOO
2,ddelta,501,505,501-505,12,4.973530394738107,4.973530394738107,WWOOWWWW,WWOOWWOW,WWOOWWWO,WWOOWWOO
2,ddelta,501,505,501-505,13,1.8901624143169222,1.8901624143169222,OWOOWWWW,OWOOWWOW,OWOOWWWO,OWOOWWOO
2,ddelta,501,505,501-505,14,1.2997829115208723,1.2997829115208723,WOOOWWWW,WOOOWWOW,WOOOWWWO,WOOOWWOO
2,ddelta,501,505,501-505,15,1.588186025857657,1.588186025857657,OOOOWWWW,OOOOWWOW,OOOOWWWO,OOOOWWOO
2,ddelta,501,505,501-505,16,5.5347029417319185,5.5347029417319185,WWWWOWWW,WWWWOWOW,WWWWOWWO,WWWWOWOO
2,ddelta,501,505,501-505,17,2.561791343969604,2.561791343969604,OWWWOWWW,OWWWOWOW,OWWWOWWO,OWWWOWOO
2,ddelta,501,505,501-505,18,2.6587259016031513,2.6587259016031513,WOWWOWWW,WOWWOWOW,WOWWOWWO,WOWWOWOO
2,ddelta,501,505,501-505,19,1.145021394278909,1.145021394278909,OOWWOWWW,OOWWOWOW,OOWWOWWO,OOWWOWOO
2,ddelta,501,505,501-505,20,2.984041008197783,2.984041008197783,WWOWOWWW,WWOWOWOW,WWOWOWWO,WWOWOWOO
2,ddelta,501,505,501-505,21,2.781321149273183,2.781321149273183,OWOWOWWW,OWOWOWOW,OWOWOWWO,OWOWOWOO
2,ddelta,501,505,501-505,22,1.9738243931640698,1.9738243931640698,WOOWOWWW,WOOWOWOW,WOOWOWWO,WOOWOWOO
2,ddelta,501,505,501-505,23,3.003755279837955,3.003755279837955,OOOWOWWW,OOOWOWOW,OOOWOWWO,OOOWOWOO
2,ddelta,501,505,501-505,24,2.224158146028514,2.224158146028514,WWWOOWWW,WWWOOWOW,WWWOOWWO,WWWOOWOO
2,ddelta,501,505,501-505,25,3.657536327930325,3.657536327930325,OWWOOWWW,OWWOOWOW,OWWOOWWO,OWWOOWOO
2,ddelta,501,505,501-505,26,10.65434511928431,10.65434511928431,WOWOOWWW,WOWOOWOW,WOWOOWWO,WOWOOWOO
2,ddelta,501,505,501-505,27,-0.539807223584972,0.539807223584972,OOWOOWWW,OOWOOWOW,OOWOOWWO,OOWOOWOO
2,ddelta,501,505,501-505,28,-1.1328291916221116,1.1328291916221116,WWOOOWWW,WWOOOWOW,WWOOOWWO,WWOOOWOO
2,ddelta,501,505,501-505,29,3.506338479248945,3.506338479248945,OWOOOWWW,OWOOOWOW,OWOOOWWO,OWOOOWOO
2,ddelta,501,505,501-505,30,1.943133626593411,1.943133626593411,WOOOOWWW,WOOOOWOW,WOOOOWWO,WOOOOWOO
2,ddelta,501,505,501-505,31,0.5019101243203523,0.5019101243203523,OOOOOWWW,OOOOOWOW,OOOOOWWO,OOOOOWOO
2,ddelta,501,505,501-505,32,-0.7889393533343827,0.7889393533343827,WWWWWOWW,WWWWWOOW,WWWWWOWO,WWWWWOOO
2,ddelta,501,505,501-505,33,-1.163508514955584,1.163508514955584,OWWWWOWW,OWWWWOOW,OWWWWOWO,OWWWWOOO
2,ddelta,501,505,501-505,34,-0.3505326686233153,0.3505326686233153,WOWWWOWW,WOWWWOOW,WOWWWOWO,WOWWWOOO
2,ddelta,501,505,501-505,35,-1.3475560765585508,1.3475560765585508,OOWWWOWW,OOWWWOOW,OOWWWOWO,OOWWWOOO
2,ddelta,501,505,501-505,36,0.30810843493570683,0.30810843493570683,WWOWWOWW,WWOWWOOW,WWOWWOWO,WWOWWOOO
2,ddelta,501,505,501-505,37,0.6879811285391213,0.6879811285391213,OWOWWOWW,OWOWWOOW,OWOWWOWO,OWOWWOOO
2,ddelta,501,505,501-505,38,-0.47743702067473315,0.47743702067473315,WOOWWOWW,WOOWWOOW,WOOWWOWO,WOOWWOOO
2,ddelta,501,505,501-505,39,-2.1746486837505854,2.1746486837505854,OOOWWOWW,OOOWWOOW,OOOWWOWO,OOOWWOOO
2,ddelta,501,505,501-505,40,2.3224183406154646,2.3224183406154646,WWWOWOWW,WWWOWOOW,WWWOWOWO,WWWOWOOO
2,ddelta,501,505,501-505,41,0.7189872904142369,0.7189872904142369,OWWOWOWW,OWWOWOOW,OWWOWOWO,OWWOWOOO
2,ddelta,501,505,501-505,42,-0.7038408925439361,0.7038408925439361,WOWOWOWW,WOWOWOOW,WOWOWOWO,WOWOWOOO
2,ddelta,501,505,501-505,43,-1.7137668076372456,1.7137668076372456,OOWOWOWW,OOWOWOOW,OOWOWOWO,OOWOWOOO
2,ddelta,501,505,501-505,44,0.6161763638768805,0.6161763638768805,WWOOWOWW,WWOOWOOW,WWOOWOWO,WWOOWOOO
2,ddelta,501,505,501-505,45,-0.3835418242711539,0.3835418242711539,OWOOWOWW,OWOOWOOW,OWOOWOWO,OWOOWOOO
2,ddelta,501,505,501-505,46,0.03731199568762511,0.03731199568762511,WOOOWOWW,WOOOWOOW,WOOOWOWO,WOOOWOOO
2,ddelta,501,505,501-505,47,0.150370286177274,0.150370286177274,OOOOWOWW,OOOOWOOW,OOOOWOWO,OOOOWOOO
2,ddelta,501,505,501-505,48,-2.1040961176312845,2.1040961176312845,WWWWOOWW,WWWWOOOW,WWWWOOWO,WWWWOOOO
2,ddelta,501,505,501-505,49,1.3333912287872023,1.3333912287872023,OWWWOOWW,OWWWOOOW,OWWWOOWO,OWWWOOOO
2,ddelta,501,505,501-505,50,-0.9758515023968204,0.9758515023968204,WOWWOOWW,WOWWOOOW,WOWWOOWO,WOWWOOOO
2,ddelta,501,505,501-505,51,-0.5637300236486327,0.5637300236486327,OOWWOOWW,OOWWOOOW,OOWWOOWO,OOWWOOOO
2,ddelta,501,505,501-505,52,-0.5165304700415456,0.5165304700415456,WWOWOOWW,WWOWOOOW,WWOWOOWO,WWOWOOOO
2,ddelta,501,505,501-505,53,-0.6460310089471355,0.6460310089471355,OWOWOOWW,OWOWOOOW,OWOWOOWO,OWOWOOOO
2,ddelta,501,505,501-505,54,-0.5401792956482203,0.5401792956482203,WOOWOOWW,WOOWOOOW,WOOWOOWO,WOOWOOOO
2,ddelta,501,505,501-505,55,0.01671904533281454,0.01671904533281454,OOOWOOWW,OOOWOOOW,OOOWOOWO,OOOWOOOO
2,ddelta,501,505,501-505,56,-1.0357630289759618,1.0357630289759618,WWWOOOWW,WWWOOOOW,WWWOOOWO,WWWOOOOO
2,ddelta,501,505,501-505,57,-2.1140133303203426,2.1140133303203426,OWWOOOWW,OWWOOOOW,OWWOOOWO,OWWOOOOO
2,ddelta,501,505,501-505,58,-1.9271971241790087,1.9271971241790087,WOWOOOWW,WOWOOOOW,WOWOOOWO,WOWOOOOO
2,ddelta,501,505,501-505,59,0.09429642962487694,0.09429642962487694,OOWOOOWW,OOWOOOOW,OOWOOOWO,OOWOOOOO
2,ddelta,501,505,501-505,60,-0.6404872585265,0.6404872585265,WWOOOOWW,WWOOOOOW,WWOOOOWO,WWOOOOOO
2,ddelta,501,505,501-505,61,1.6170543671002342,1.6170543671002342,OWOOOOWW,OWOOOOOW,OWOOOOWO,OWOOOOOO
2,ddelta,501,505,501-505,62,-2.1955305844293918,2.1955305844293918,WOOOOOWW,WOOOOOOW,WOOOOOWO,WOOOOOOO
2,ddelta,501,505,501-505,63,-3.3345976965253703,3.3345976965253703,OOOOOOWW,OOOOOOOW,OOOOOOWO,OOOOOOOO
3,ddelta,477,478,477-478,0,1.0495448444082596,1.0495448444082596,WWWWWWWW,OWWWWWWW,WOWWWWWW,OOWWWWWW
3,ddelta,477,478,477-478,1,-1.2555404202159741,1.2555404202159741,WWOWWWWW,OWOWWWWW,WOOWWWWW,OOOWWWWW
3,ddelta,477,478,477-478,2,-0.9117680090821996,0.9117680090821996,WWWOWWWW,OWWOWWWW,WOWOWWWW,OOWOWWWW
3,ddelta,477,478,477-478,3,-2.2464646149237364,2.2464646149237364,WWOOWWWW,OWOOWWWW,WOOOWWWW,OOOOWWWW
3,ddelta,477,478,477-478,4,0.9509609549426774,0.9509609549426774,WWWWOWWW,OWWWOWWW,WOWWOWWW,OOWWOWWW
3,ddelta,477,478,477-478,5,-0.6505125149591617,0.6505125149591617,WWOWOWWW,OWOWOWWW,WOOWOWWW,OOOWOWWW
3,ddelta,477,478,477-478,6,-1.2749192269518146,1.2749192269518146,WWWOOWWW,OWWOOWWW,WOWOOWWW,OOWOOWWW
3,ddelta,477,478,477-478,7,0.5087683172126523,0.5087683172126523,WWOOOWWW,OWOOOWWW,WOOOOWWW,OOOOOWWW
3,ddelta,477,478,477-478,8,-1.3867922433211308,1.3867922433211308,WWWWWOWW,OWWWWOWW,WOWWWOWW,OOWWWOWW
3,ddelta,477,478,477-478,9,-1.1632187926251623,1.1632187926251623,WWOWWOWW,OWOWWOWW,WOOWWOWW,OOOWWOWW
3,ddelta,477,478,477-478,10,1.9695840035813634,1.9695840035813634,WWWOWOWW,OWWOWOWW,WOWOWOWW,OOWOWOWW
3,ddelta,477,478,477-478,11,-0.4256940902395505,0.4256940902395505,WWOOWOWW,OWOOWOWW,WOOOWOWW,OOOOWOWW
3,ddelta,477,478,477-478,12,3.375428753820495,3.375428753820495,WWWWOOWW,OWWWOOWW,WOWWOOWW,OOWWOOWW
3,ddelta,477,478,477-478,13,0.25347158179669815,0.25347158179669815,WWOWOOWW,OWOWOOWW,WOOWOOWW,OOOWOOWW
3,ddelta,477,478,477-478,14,-0.9704945021630846,0.9704945021630846,WWWOOOWW,OWWOOOWW,WOWOOOWW,OOWOOOWW
3,ddelta,477,478,477-478,15,-0.653172957569373,0.653172957569373,WWOOOOWW,OWOOOOWW,WOOOOOWW,OOOOOOWW
3,ddelta,477,478,477-478,16,0.40537285897550146,0.40537285897550146,WWWWWWOW,OWWWWWOW,WOWWWWOW,OOWWWWOW
3,ddelta,477,478,477-478,17,1.90942089364027,1.90942089364027,WWOWWWOW,OWOWWWOW,WOOWWWOW,OOOWWWOW
3,ddelta,477,478,477-478,18,-3.594322438917767,3.594322438917767,WWWOWWOW,OWWOWWOW,WOWOWWOW,OOWOWWOW
3,ddelta,477,478,477-478,19,1.7437568481205854,1.7437568481205854,WWOOWWOW,OWOOWWOW,WOOOWWOW,OOOOWWOW
3,ddelta,477,478,477-478,20,-2.745152231271552,2.745152231271552,WWWWOWOW,OWWWOWOW,WOWWOWOW,OOWWOWOW
3,ddelta,477,478,477-478,21,-0.9515977037656862,0.9515977037656862,WWOWOWOW,OWOWOWOW,WOOWOWOW,OOOWOWOW
3,ddelta,477,478,477-478,22,1.2273323946099386,1.2273323946099386,WWWOOWOW,OWWOOWOW,WOWOOWOW,OOWOOWOW
3,ddelta,477,478,477-478,23,0.8487368493856247,0.8487368493856247,WWOOOWOW,OWOOOWOW,WOOOOWOW,OOOOOWOW
3,ddelta,477,478,477-478,24,2.2014762619601846,2.2014762619601846,WWWWWOOW,OWWWWOOW,WOWWWOOW,OOWWWOOW
3,ddelta,477,478,477-478,25,2.9750483226179005,2.9750483226179005,WWOWWOOW,OWOWWOOW,WOOWWOOW,OOOWWOOW
3,ddelta,477,478,477-478,26,-0.36057637025426703,0.36057637025426703,WWWOWOOW,OWWOWOOW,WOWOWOOW,OOWOWOOW
3,ddelta,477,478,477-478,27,0.12051259621688548,0.12051259621688548,WWOOWOOW,OWOOWOOW,WOOOWOOW,OOOOWOOW
3,ddelta,477,478,477-478,28,-0.842700660158748,0.842700660158748,WWWWOOOW,OWWWOOOW,WOWWOOOW,OOWWOOOW
3,ddelta,477,478,477-478,29,2.223806392414798,2.223806392414798,WWOWOOOW,OWOWOOOW,WOOWOOOW,OOOWOOOW
3,ddelta,477,478,477-478,30,-0.031929180171400146,0.031929180171400146,WWWOOOOW,OWWOOOOW,WOWOOOOW,OOWOOOOW
3,ddelta,477,478,477-478,31,-1.2389055478533209,1.2389055478533209,WWOOOOOW,OWOOOOOW,WOOOOOOW,OOOOOOOW
3,ddelta,477,478,477-478,32,0.14529572925256512,0.14529572925256512,WWWWWWWO,OWWWWWWO,WOWWWWWO,OOWWWWWO
3,ddelta,477,478,477-478,33,-1.532236907075658,1.532236907075658,WWOWWWWO,OWOWWWWO,WOOWWWWO,OOOWWWWO
3,ddelta,477,478,477-478,34,0.19415378514302706,0.19415378514302706,WWWOWWWO,OWWOWWWO,WOWOWWWO,OOWOWWWO
3,ddelta,477,478,477-478,35,0.4433413406915816,0.4433413406915816,WWOOWWWO,OWOOWWWO,WOOOWWWO,OOOOWWWO
3,ddelta,477,478,477-478,36,-0.7291546967996521,0.7291546967996521,WWWWOWWO,OWWWOWWO,WOWWOWWO,OOWWOWWO
3,ddelta,477,478,477-478,37,2.5370256397611444,2.5370256397611444,WWOWOWWO,OWOWOWWO,WOOWOWWO,OOOWOWWO
3,ddelta,477,478,477-478,38,-1.1641089783950225,1.1641089783950225,WWWOOWWO,OWWOOWWO,WOWOOWWO,OOWOOWWO
3,ddelta,477,478,477-478,39,3.368918796166652,3.368918796166652,WWOOOWWO,OWOOOWWO,WOOOOWWO,OOOOOWWO
3,ddelta,477,478,477-478,40,-0.21170460566371818,0.21170460566371818,WWWWWOWO,OWWWWOWO,WOWWWOWO,OOWWWOWO
3,ddelta,477,478,477-478,41,-6.0836629303828795,6.0836629303828795,WWOWWOWO,OWOWWOWO,WOOWWOWO,OOOWWOWO
3,ddelta,477,478,477-478,42,0.24219616557022985,0.24219616557022985,WWWOWOWO,OWWOWOWO,WOWOWOWO,OOWOWOWO
3,ddelta,477,478,477-478,43,-2.8951986016396067,2.8951986016396067,WWOOWOWO,OWOOWOWO,WOOOWOWO,OOOOWOWO
3,ddelta,477,478,477-478,44,-1.8488551381631564,1.8488551381631564,WWWWOOWO,OWWWOOWO,WOWWOOWO,OOWWOOWO
3,ddelta,477,478,477-478,45,0.851383762298108,0.851383762298108,WWOWOOWO,OWOWOOWO,WOOWOOWO,OOOWOOWO
3,ddelta,477,478,477-478,46,-1.5856420542502523,1.5856420542502523,WWWOOOWO,OWWOOOWO,WOWOOOWO,OOWOOOWO
3,ddelta,477,478,477-478,47,3.55045315898315,3.55045315898315,WWOOOOWO,OWOOOOWO,WOOOOOWO,OOOOOOWO
3,ddelta,477,478,477-478,48,-0.15968220525343058,0.15968220525343058,WWWWWWOO,OWWWWWOO,WOWWWWOO,OOWWWWOO
3,ddelta,477,478,477-478,49,2.988676128448628,2.988676128448628,WWOWWWOO,OWOWWWOO,WOOWWWOO,OOOWWWOO
3,ddelta,477,478,477-478,50,0.3937020855739348,0.3937020855739348,WWWOWWOO,OWWOWWOO,WOWOWWOO,OOWOWWOO
3,ddelta,477,478,477-478,51,0.3689086937753081,0.3689086937753081,WWOOWWOO,OWOOWWOO,WOOOWWOO,OOOOWWOO
3,ddelta,477,478,477-478,52,1.5260206229174575,1.5260206229174575,WWWWOWOO,OWWWOWOO,WOWWOWOO,OOWWOWOO
3,ddelta,477,478,477-478,53,1.563035620900935,1.563035620900935,WWOWOWOO,OWOWOWOO,WOOWOWOO,OOOWOWOO
3,ddelta,477,478,477-478,54,-8.372177620323251,8.372177620323251,WWWOOWOO,OWWOOWOO,WOWOOWOO,OOWOOWOO
3,ddelta,477,478,477-478,55,-1.5969660562138734,1.5969660562138734,WWOOOWOO,OWOOOWOO,WOOOOWOO,OOOOOWOO
3,ddelta,477,478,477-478,56,-5.162889493242486,5.162889493242486,WWWWWOOO,OWWWWOOO,WOWWWOOO,OOWWWOOO
3,ddelta,477,478,477-478,57,-0.9268581183064187,0.9268581183064187,WWOWWOOO,OWOWWOOO,WOOWWOOO,OOOWWOOO
3,ddelta,477,478,477-478,58,0.012563097750755037,0.012563097750755037,WWWOWOOO,OWWOWOOO,WOWOWOOO,OOWOWOOO
3,ddelta,477,478,477-478,59,-1.9188211916004114,1.9188211916004114,WWOOWOOO,OWOOWOOO,WOOOWOOO,OOOOWOOO
3,ddelta,477,478,477-478,60,-1.126491461376237,1.126491461376237,WWWWOOOO,OWWWOOOO,WOWWOOOO,OOWWOOOO
3,ddelta,477,478,477-478,61,-1.1253407016142467,1.1253407016142467,WWOWOOOO,OWOWOOOO,WOOWOOOO,OOOWOOOO
3,ddelta,477,478,477-478,62,-2.3321271223121265,2.3321271223121265,WWWOOOOO,OWWOOOOO,WOWOOOOO,OOWOOOOO
3,ddelta,477,478,477-478,63,2.826248610818108,2.826248610818108,WWOOOOOO,OWOOOOOO,WOOOOOOO,OOOOOOOO
3,ddelta,477,484,477-484,0,-0.12369003258207018,0.12369003258207018,WWWWWWWW,OWWWWWWW,WWOWWWWW,OWOWWWWW
3,ddelta,477,484,477-484,1,-2.4287752972063035,2.4287752972063035,WOWWWWWW,OOWWWWWW,WOOWWWWW,OOOWWWWW
3,ddelta,477,484,477-484,2,2.748868214131411,2.748868214131411,WWWOWWWW,OWWOWWWW,WWOOWWWW,OWOOWWWW
3,ddelta,477,484,477-484,3,1.4141716082898748,1.4141716082898748,WOWOWWWW,OOWOWWWW,WOOOWWWW,OOOOWWWW
3,ddelta,477,484,477-484,4,1.1697119339836168,1.1697119339836168,WWWWOWWW,OWWWOWWW,WWOWOWWW,OWOWOWWW
3,ddelta,477,484,477-484,5,-0.4317615359182223,0.4317615359182223,WOWWOWWW,OOWWOWWW,WOOWOWWW,OOOWOWWW
3,ddelta,477,484,477-484,6,2.002854210114654,2.002854210114654,WWWOOWWW,OWWOOWWW,WWOOOWWW,OWOOOWWW
3,ddelta,477,484,477-484,7,3.7865417542791207,3.7865417542791207,WOWOOWWW,OOWOOWWW,WOOOOWWW,OOOOOWWW
3,ddelta,477,484,477-484,8,2.0458511027852264,2.0458511027852264,WWWWWOWW,OWWWWOWW,WWOWWOWW,OWOWWOWW
3,ddelta,477,484,477-484,9,2.2694245534811945,2.2694245534811945,WOWWWOWW,OOWWWOWW,WOOWWOWW,OOOWWOWW
3,ddelta,477,484,477-484,10,2.645833525760576,2.645833525760576,WWWOWOWW,OWWOWOWW,WWOOWOWW,OWOOWOWW
3,ddelta,477,484,477-484,11,0.2505554319396618,0.2505554319396618,WOWOWOWW,OOWOWOWW,WOOOWOWW,OOOOWOWW
3,ddelta,477,484,477-484,12,2.4920741271729057,2.4920741271729057,WWWWOOWW,OWWWOOWW,WWOWOOWW,OWOWOOWW
3,ddelta,477,484,477-484,13,-0.629883044850891,0.629883044850891,WOWWOOWW,OOWWOOWW,WOOWOOWW,OOOWOOWW
3,ddelta,477,484,477-484,14,-1.2301460460830542,1.2301460460830542,WWWOOOWW,OWWOOOWW,WWOOOOWW,OWOOOOWW
3,ddelta,477,484,477-484,15,-0.9128245014893428,0.9128245014893428,WOWOOOWW,OOWOOOWW,WOOOOOWW,OOOOOOWW
3,ddelta,477,484,477-484,16,0.08015069682372988,0.08015069682372988,WWWWWWOW,OWWWWWOW,WWOWWWOW,OWOWWWOW
3,ddelta,477,484,477-484,17,1.5841987314884982,1.5841987314884982,WOWWWWOW,OOWWWWOW,WOOWWWOW,OOOWWWOW
3,ddelta,477,484,477-484,18,-1.3093804155752935,1.3093804155752935,WWWOWWOW,OWWOWWOW,WWOOWWOW,OWOOWWOW
3,ddelta,477,484,477-484,19,4.0286988714630585,4.0286988714630585,WOWOWWOW,OOWOWWOW,WOOOWWOW,OOOOWWOW
3,ddelta,477,484,477-484,20,0.35981555583962543,0.35981555583962543,WWWWOWOW,OWWWOWOW,WWOWOWOW,OWOWOWOW
3,ddelta,477,484,477-484,21,2.153370083345491,2.153370083345491,WOWWOWOW,OOWWOWOW,WOOWOWOW,OOOWOWOW
3,ddelta,477,484,477-484,22,0.5544052323290943,0.5544052323290943,WWWOOWOW,OWWOOWOW,WWOOOWOW,OWOOOWOW
3,ddelta,477,484,477-484,23,0.17580968710478034,0.17580968710478034,WOWOOWOW,OOWOOWOW,WOOOOWOW,OOOOOWOW
3,ddelta,477,484,477-484,24,-3.1020523262526924,3.1020523262526924,WWWWWOOW,OWWWWOOW,WWOWWOOW,OWOWWOOW
3,ddelta,477,484,477-484,25,-2.328480265594977,2.328480265594977,WOWWWOOW,OOWWWOOW,WOOWWOOW,OOOWWOOW
3,ddelta,477,484,477-484,26,0.40484539769739536,0.40484539769739536,WWWOWOOW,OWWOWOOW,WWOOWOOW,OWOOWOOW
3,ddelta,477,484,477-484,27,0.8859343641685479,0.8859343641685479,WOWOWOOW,OOWOWOOW,WOOOWOOW,OOOOWOOW
3,ddelta,477,484,477-484,28,-3.8785100231590217,3.8785100231590217,WWWWOOOW,OWWWOOOW,WWOWOOOW,OWOWOOOW
3,ddelta,477,484,477-484,29,-0.8120029705854755,0.8120029705854755,WOWWOOOW,OOWWOOOW,WOOWOOOW,OOOWOOOW
3,ddelta,477,484,477-484,30,2.2823918271069514,2.2823918271069514,WWWOOOOW,OWWOOOOW,WWOOOOOW,OWOOOOOW
3,ddelta,477,484,477-484,31,1.0754154594250311,1.0754154594250311,WOWOOOOW,OOWOOOOW,WOOOOOOW,OOOOOOOW
3,ddelta,477,484,477-484,32,-0.17110671563128976,0.17110671563128976,WWWWWWWO,OWWWWWWO,WWOWWWWO,OWOWWWWO
3,ddelta,477,484,477-484,33,-1.848639351959513,1.848639351959513,WOWWWWWO,OOWWWWWO,WOOWWWWO,OOOWWWWO
3,ddelta,477,484,477-484,34,1.176852486797797,1.176852486797797,WWWOWWWO,OWWOWWWO,WWOOWWWO,OWOOWWWO
3,ddelta,477,484,477-484,35,1.4260400423463517,1.4260400423463517,WOWOWWWO,OOWOWWWO,WOOOWWWO,OOOOWWWO
3,ddelta,477,484,477-484,36,-0.5125526338506141,0.5125526338506141,WWWWOWWO,OWWWOWWO,WWOWOWWO,OWOWOWWO
3,ddelta,477,484,477-484,37,2.7536277027101828,2.7536277027101828,WOWWOWWO,OOWWOWWO,WOOWOWWO,OOOWOWWO
3,ddelta,477,484,477-484,38,-5.497748791055629,5.497748791055629,WWWOOWWO,OWWOOWWO,WWOOOWWO,OWOOOWWO
3,ddelta,477,484,477-484,39,-0.9647210164939539,0.9647210164939539,WOWOOWWO,OOWOOWWO,WOOOOWWO,OOOOOWWO
3,ddelta,477,484,477-484,40,1.5639959676090793,1.5639959676090793,WWWWWOWO,OWWWWOWO,WWOWWOWO,OWOWWOWO
3,ddelta,477,484,477-484,41,-4.307962357110082,4.307962357110082,WOWWWOWO,OOWWWOWO,WOOWWOWO,OOOWWOWO
3,ddelta,477,484,477-484,42,2.9746326547724227,2.9746326547724227,WWWOWOWO,OWWOWOWO,WWOOWOWO,OWOOWOWO
3,ddelta,477,484,477-484,43,-0.1627621124374139,0.1627621124374139,WOWOWOWO,OOWOWOWO,WOOOWOWO,OOOOWOWO
3,ddelta,477,484,477-484,44,-2.579492225272549,2.579492225272549,WWWWOOWO,OWWWOOWO,WWOWOOWO,OWOWOOWO
3,ddelta,477,484,477-484,45,0.12074667518871518,0.12074667518871518,WOWWOOWO,OOWWOOWO,WOOWOOWO,OOOWOOWO
3,ddelta,477,484,477-484,46,-1.6200248537862172,1.6200248537862172,WWWOOOWO,OWWOOOWO,WWOOOOWO,OWOOOOWO
3,ddelta,477,484,477-484,47,3.5160703594471845,3.5160703594471845,WOWOOOWO,OOWOOOWO,WOOOOOWO,OOOOOOWO
3,ddelta,477,484,477-484,48,-1.7696916604339579,1.7696916604339579,WWWWWWOO,OWWWWWOO,WWOWWWOO,OWOWWWOO
3,ddelta,477,484,477-484,49,1.3786666732681006,1.3786666732681006,WOWWWWOO,OOWWWWOO,WOOWWWOO,OOOWWWOO
3,ddelta,477,484,477-484,50,1.1441432706432755,1.1441432706432755,WWWOWWOO,OWWOWWOO,WWOOWWOO,OWOOWWOO
3,ddelta,477,484,477-484,51,1.1193498788446488,1.1193498788446488,WOWOWWOO,OOWOWWOO,WOOOWWOO,OOOOWWOO
3,ddelta,477,484,477-484,52,-1.6601086604013977,1.6601086604013977,WWWWOWOO,OWWWOWOO,WWOWOWOO,OWOWOWOO
3,ddelta,477,484,477-484,53,-1.6230936624179204,1.6230936624179204,WOWWOWOO,OOWWOWOO,WOOWOWOO,OOOWOWOO
3,ddelta,477,484,477-484,54,-1.5017259922067445,1.5017259922067445,WWWOOWOO,OWWOOWOO,WWOOOWOO,OWOOOWOO
3,ddelta,477,484,477-484,55,5.273485571902635,5.273485571902635,WOWOOWOO,OOWOOWOO,WOOOOWOO,OOOOOWOO
3,ddelta,477,484,477-484,56,-1.2821817082931766,1.2821817082931766,WWWWWOOO,OWWWWOOO,WWOWWOOO,OWOWWOOO
3,ddelta,477,484,477-484,57,2.9538496666428906,2.9538496666428906,WOWWWOOO,OOWWWOOO,WOOWWOOO,OOOWWOOO
3,ddelta,477,484,477-484,58,0.08669350383147101,0.08669350383147101,WWWOWOOO,OWWOWOOO,WWOOWOOO,OWOOWOOO
3,ddelta,477,484,477-484,59,-1.8446907855196955,1.8446907855196955,WOWOWOOO,OOWOWOOO,WOOOWOOO,OOOOWOOO
3,ddelta,477,484,477-484,60,3.6713237302611024,3.6713237302611024,WWWWOOOO,OWWWOOOO,WWOWOOOO,OWOWOOOO
3,ddelta,477,484,477-484,61,3.6724744900230926,3.6724744900230926,WOWWOOOO,OOWWOOOO,WOOWOOOO,OOOWOOOO
3,ddelta,477,484,477-484,62,-2.820101474545373,2.820101474545373,WWWOOOOO,OWWOOOOO,WWOOOOOO,OWOOOOOO
3,ddelta,477,484,477-484,63,2.338274258584862,2.338274258584862,WOWOOOOO,OOWOOOOO,WOOOOOOO,OOOOOOOO
3,ddelta,477,493,477-493,0,0.11406767224492614,0.11406767224492614,WWWWWWWW,OWWWWWWW,WWWOWWWW,OWWOWWWW
3,ddelta,477,493,477-493,1,-1.8472451812455328,1.8472451812455328,WOWWWWWW,OOWWWWWW,WOWOWWWW,OOWOWWWW
3,ddelta,477,493,477-493,2,2.9866259189584077,2.9866259189584077,WWOWWWWW,OWOWWWWW,WWOOWWWW,OWOOWWWW
3,ddelta,477,493,477-493,3,1.9957017242506456,1.9957017242506456,WOOWWWWW,OOOWWWWW,WOOOWWWW,OOOOWWWW
3,ddelta,477,493,477-493,4,-2.5224276657454414,2.5224276657454414,WWWWOWWW,OWWWOWWW,WWWOOWWW,OWWOOWWW
3,ddelta,477,493,477-493,5,-4.748307847639934,4.748307847639934,WOWWOWWW,OOWWOWWW,WOWOOWWW,OOWOOWWW
3,ddelta,477,493,477-493,6,-1.6892853896144042,1.6892853896144042,WWOWOWWW,OWOWOWWW,WWOOOWWW,OWOOOWWW
3,ddelta,477,493,477-493,7,-0.5300045574425902,0.5300045574425902,WOOWOWWW,OOOWOWWW,WOOOOWWW,OOOOOWWW
3,ddelta,477,493,477-493,8,-1.9887741153506986,1.9887741153506986,WWWWWOWW,OWWWWOWW,WWWOWOWW,OWWOWOWW
3,ddelta,477,493,477-493,9,1.3676021315517954,1.3676021315517954,WOWWWOWW,OOWWWOWW,WOWOWOWW,OOWOWOWW
3,ddelta,477,493,477-493,10,-1.388791692375349,1.388791692375349,WWOWWOWW,OWOWWOWW,WWOOWOWW,OWOOWOWW
3,ddelta,477,493,477-493,11,-0.6512669899897374,0.6512669899897374,WOOWWOWW,OOOWWOWW,WOOOWOWW,OOOOWOWW
3,ddelta,477,493,477-493,12,3.9811778864736187,3.9811778864736187,WWWWOOWW,OWWWOOWW,WWWOOOWW,OWWOOOWW
3,ddelta,477,493,477-493,13,-0.3647453695099605,0.3647453695099605,WOWWOOWW,OOWWOOWW,WOWOOOWW,OOWOOOWW
3,ddelta,477,493,477-493,14,0.2589577132176588,0.2589577132176588,WWOWOOWW,OWOWOOWW,WWOOOOWW,OWOOOOWW
3,ddelta,477,493,477-493,15,-0.6476868261484123,0.6476868261484123,WOOWOOWW,OOOWOOWW,WOOOOOWW,OOOOOOWW
3,ddelta,477,493,477-493,16,2.149530923531411,2.149530923531411,WWWWWWOW,OWWWWWOW,WWWOWWOW,OWWOWWOW
3,ddelta,477,493,477-493,17,-1.8501643743618572,1.8501643743618572,WOWWWWOW,OOWWWWOW,WOWOWWOW,OOWOWWOW
3,ddelta,477,493,477-493,18,0.7599998111323873,0.7599998111323873,WWOWWWOW,OWOWWWOW,WWOOWWOW,OWOOWWOW
3,ddelta,477,493,477-493,19,0.5943357656127031,0.5943357656127031,WOOWWWOW,OOOWWWOW,WOOOWWOW,OOOOWWOW
3,ddelta,477,493,477-493,20,-1.6469333273149884,1.6469333273149884,WWWWOWOW,OWWWOWOW,WWWOOWOW,OWWOOWOW
3,ddelta,477,493,477-493,21,2.325551298566502,2.325551298566502,WOWWOWOW,OOWWOWOW,WOWOOWOW,OOWOOWOW
3,ddelta,477,493,477-493,22,-1.4523436508255199,1.4523436508255199,WWOWOWOW,OWOWOWOW,WWOOOWOW,OWOOOWOW
3,ddelta,477,493,477-493,23,0.34799090232579116,0.34799090232579116,WOOWOWOW,OOOWOWOW,WOOOOWOW,OOOOOWOW
3,ddelta,477,493,477-493,24,0.0654423038155324,0.0654423038155324,WWWWWOOW,OWWWWOOW,WWWOWOOW,OWWOWOOW
3,ddelta,477,493,477-493,25,-2.496610328398919,2.496610328398919,WOWWWOOW,OOWWWOOW,WOWOWOOW,OOWOWOOW
3,ddelta,477,493,477-493,26,3.5723400277656205,3.5723400277656205,WWOWWOOW,OWOWWOOW,WWOOWOOW,OWOOWOOW
3,ddelta,477,493,477-493,27,0.7178043013646056,0.7178043013646056,WOOWWOOW,OOOWWOOW,WOOOWOOW,OOOOWOOW
3,ddelta,477,493,477-493,28,-2.1663377192276982,2.1663377192276982,WWWWOOOW,OWWWOOOW,WWWOOOOW,OWWOOOOW
3,ddelta,477,493,477-493,29,-1.3555662392403502,1.3555662392403502,WOWWOOOW,OOWWOOOW,WOWOOOOW,OOWOOOOW
3,ddelta,477,493,477-493,30,3.994564131038275,3.994564131038275,WWOWOOOW,OWOWOOOW,WWOOOOOW,OWOOOOOW
3,ddelta,477,493,477-493,31,0.5318521907701564,0.5318521907701564,WOOWOOOW,OOOWOOOW,WOOOOOOW,OOOOOOOW
3,ddelta,477,493,477-493,32,-2.2677643654951156,2.2677643654951156,WWWWWWWO,OWWWWWWO,WWWOWWWO,OWWOWWWO
3,ddelta,477,493,477-493,33,-2.2189063096046535,2.2189063096046535,WOWWWWWO,OOWWWWWO,WOWOWWWO,OOWOWWWO
3,ddelta,477,493,477-493,34,-0.9198051630660287,0.9198051630660287,WWOWWWWO,OWOWWWWO,WWOOWWWO,OWOOWWWO
3,ddelta,477,493,477-493,35,1.0557730847012112,1.0557730847012112,WOOWWWWO,OOOWWWWO,WOOOWWWO,OOOOWWWO
3,ddelta,477,493,477-493,36,2.3760373078293218,2.3760373078293218,WWWWOWWO,OWWWOWWO,WWWOOWWO,OWWOOWWO
3,ddelta,477,493,477-493,37,1.9410830262339513,1.9410830262339513,WOWWOWWO,OOWWOWWO,WOWOOWWO,OOWOOWWO
3,ddelta,477,493,477-493,38,-2.6091588493756928,2.6091588493756928,WWOWOWWO,OWOWOWWO,WWOOOWWO,OWOOOWWO
3,ddelta,477,493,477-493,39,-1.777265692970185,1.777265692970185,WOOWOWWO,OOOWOWWO,WOOOOWWO,OOOOOWWO
3,ddelta,477,493,477-493,40,0.2992959366383262,0.2992959366383262,WWWWWOWO,OWWWWOWO,WWWOWOWO,OWWOWOWO
3,ddelta,477,493,477-493,41,0.7531967078722742,0.7531967078722742,WOWWWOWO,OOWWWOWO,WOWOWOWO,OOWOWOWO
3,ddelta,477,493,477-493,42,1.7099326238016697,1.7099326238016697,WWOWWOWO,OWOWWOWO,WWOOWOWO,OWOOWOWO
3,ddelta,477,493,477-493,43,4.898396952544942,4.898396952544942,WOOWWOWO,OOOWWOWO,WOOOWOWO,OOOOWOWO
3,ddelta,477,493,477-493,44,-1.3946150274489357,1.3946150274489357,WWWWOOWO,OWWWOOWO,WWWOOOWO,OWWOOOWO
3,ddelta,477,493,477-493,45,-1.1314019435360314,1.1314019435360314,WOWWOOWO,OOWWOOWO,WOWOOOWO,OOWOOOWO
3,ddelta,477,493,477-493,46,-0.43514765596260363,0.43514765596260363,WWOWOOWO,OWOWOOWO,WWOOOOWO,OWOOOOWO
3,ddelta,477,493,477-493,47,2.2639217407224375,2.2639217407224375,WOOWOOWO,OOOWOOWO,WOOOOOWO,OOOOOOWO
3,ddelta,477,493,477-493,48,-2.1983451116003483,2.1983451116003483,WWWWWWOO,OWWWWWOO,WWWOWWOO,OWWOWWOO
3,ddelta,477,493,477-493,49,-1.6449608207729827,1.6449608207729827,WOWWWWOO,OOWWWWOO,WOWOWWOO,OOWOWWOO
3,ddelta,477,493,477-493,50,0.7154898194768854,0.7154898194768854,WWOWWWOO,OWOWWWOO,WWOOWWOO,OWOOWWOO
3,ddelta,477,493,477-493,51,-1.9042776151964345,1.9042776151964345,WOOWWWOO,OOOWWWOO,WOOOWWOO,OOOOWWOO
3,ddelta,477,493,477-493,52,4.418733502979404,4.418733502979404,WWWWOWOO,OWWWOWOO,WWWOOWOO,OWWOOWOO
3,ddelta,477,493,477-493,53,-5.479464740261305,5.479464740261305,WOWWOWOO,OOWWOWOO,WOWOOWOO,OOWOOWOO
3,ddelta,477,493,477-493,54,4.577116171174057,4.577116171174057,WWOWOWOO,OWOWOWOO,WWOOOWOO,OWOOOWOO
3,ddelta,477,493,477-493,55,1.4171144940592488,1.4171144940592488,WOOWOWOO,OOOWOWOO,WOOOOWOO,OOOOOWOO
3,ddelta,477,493,477-493,56,-2.6274794709503633,2.6274794709503633,WWWWWOOO,OWWWWOOO,WWWOWOOO,OWWOWOOO
3,ddelta,477,493,477-493,57,2.5479731200428777,2.5479731200428777,WOWWWOOO,OOWWWOOO,WOWOWOOO,OOWOWOOO
3,ddelta,477,493,477-493,58,-1.2586042588257158,1.2586042588257158,WWOWWOOO,OWOWWOOO,WWOOWOOO,OWOOWOOO
3,ddelta,477,493,477-493,59,-2.250567332119708,2.250567332119708,WOOWWOOO,OOOWWOOO,WOOOWOOO,OOOOWOOO
3,ddelta,477,493,477-493,60,3.7323298887061465,3.7323298887061465,WWWWOOOO,OWWWOOOO,WWWOOOOO,OWWOOOOO
3,ddelta,477,493,477-493,61,2.526694227770257,2.526694227770257,WOWWOOOO,OOWWOOOO,WOWOOOOO,OOWOOOOO
3,ddelta,477,493,477-493,62,-2.759095316100328,2.759095316100328,WWOWOOOO,OWOWOOOO,WWOOOOOO,OWOOOOOO
3,ddelta,477,493,477-493,63,1.1924939963320271,1.1924939963320271,WOOWOOOO,OOOWOOOO,WOOOOOOO,OOOOOOOO
3,ddelta,477,496,477-496,0,0.49735197893965927,0.49735197893965927,WWWWWWWW,OWWWWWWW,WWWWOWWW,OWWWOWWW
3,ddelta,477,496,477-496,1,0.39876808947407694,0.39876808947407694,WOWWWWWW,OOWWWWWW,WOWWOWWW,OOWWOWWW
3,ddelta,477,496,477-496,2,1.790753945505346,1.790753945505346,WWOWWWWW,OWOWWWWW,WWOWOWWW,OWOWOWWW
3,ddelta,477,496,477-496,3,2.3957818507621584,2.3957818507621584,WOOWWWWW,OOOWWWWW,WOOWOWWW,OOOWOWWW
3,ddelta,477,496,477-496,4,-2.139143359050708,2.139143359050708,WWWOWWWW,OWWOWWWW,WWWOOWWW,OWWOOWWW
3,ddelta,477,496,477-496,5,-2.5022945769203235,2.5022945769203235,WOWOWWWW,OOWOWWWW,WOWOOWWW,OOWOOWWW
3,ddelta,477,496,477-496,6,-2.885157363067466,2.885157363067466,WWOOWWWW,OWOOWWWW,WWOOOWWW,OWOOOWWW
3,ddelta,477,496,477-496,7,-0.12992443093107742,0.12992443093107742,WOOOWWWW,OOOOWWWW,WOOOOWWW,OOOOOWWW
3,ddelta,477,496,477-496,8,-2.339139931520212,2.339139931520212,WWWWWOWW,OWWWWOWW,WWWWOOWW,OWWWOOWW
3,ddelta,477,496,477-496,9,2.4230810656214135,2.4230810656214135,WOWWWOWW,OOWWWOWW,WOWWOOWW,OOWWOOWW
3,ddelta,477,496,477-496,10,-1.8929169071325325,1.8929169071325325,WWOWWOWW,OWOWWOWW,WWOWOOWW,OWOWOOWW
3,ddelta,477,496,477-496,11,-0.47622653271067206,0.47622653271067206,WOOWWOWW,OOOWWOWW,WOOWOOWW,OOOWOOWW
3,ddelta,477,496,477-496,12,3.6308120703041054,3.6308120703041054,WWWOWOWW,OWWOWOWW,WWWOOOWW,OWWOOOWW
3,ddelta,477,496,477-496,13,0.6907335645596575,0.6907335645596575,WOWOWOWW,OOWOWOWW,WOWOOOWW,OOWOOOWW
3,ddelta,477,496,477-496,14,-0.2451675015395245,0.2451675015395245,WWOOWOWW,OWOOWOWW,WWOOOOWW,OWOOOOWW
3,ddelta,477,496,477-496,15,-0.47264636886934697,0.47264636886934697,WOOOWOWW,OOOOWOWW,WOOOOOWW,OOOOOOWW
3,ddelta,477,496,477-496,16,1.5852285895318357,1.5852285895318357,WWWWWWOW,OWWWWWOW,WWWWOWOW,OWWWOWOW
3,ddelta,477,496,477-496,17,-1.5652965007152182,1.5652965007152182,WOWWWWOW,OOWWWWOW,WOWWOWOW,OOWWOWOW
3,ddelta,477,496,477-496,18,1.864893448547731,1.864893448547731,WWOWWWOW,OWOWWWOW,WWOWOWOW,OWOWOWOW
3,ddelta,477,496,477-496,19,-0.996125148858225,0.996125148858225,WOOWWWOW,OOOWWWOW,WOOWOWOW,OOOWOWOW
3,ddelta,477,496,477-496,20,-2.2112356613145643,2.2112356613145643,WWWOWWOW,OWWOWWOW,WWWOOWOW,OWWOOWOW
3,ddelta,477,496,477-496,21,2.610419172213141,2.610419172213141,WOWOWWOW,OOWOWWOW,WOWOOWOW,OOWOOWOW
3,ddelta,477,496,477-496,22,-0.347450013410176,0.347450013410176,WWOOWWOW,OWOOWWOW,WWOOOWOW,OWOOOWOW
3,ddelta,477,496,477-496,23,-1.2424700121451369,1.2424700121451369,WOOOWWOW,OOOOWWOW,WOOOOWOW,OOOOOWOW
3,ddelta,477,496,477-496,24,0.763433944039996,0.763433944039996,WWWWWOOW,OWWWWOOW,WWWWOOOW,OWWWOOOW
3,ddelta,477,496,477-496,25,-2.280742978078936,2.280742978078936,WOWWWOOW,OOWWWOOW,WOWWOOOW,OOWWOOOW
3,ddelta,477,496,477-496,26,-0.013023752866333282,0.013023752866333282,WWOWWOOW,OWOWWOOW,WWOWOOOW,OWOWOOOW
3,ddelta,477,496,477-496,27,-0.7642656830694351,0.7642656830694351,WOOWWOOW,OOOWWOOW,WOOWOOOW,OOOWOOOW
3,ddelta,477,496,477-496,28,-1.4683460790032348,1.4683460790032348,WWWOWOOW,OWWOWOOW,WWWOOOOW,OWWOOOOW
3,ddelta,477,496,477-496,29,-1.1396988889203679,1.1396988889203679,WOWOWOOW,OOWOWOOW,WOWOOOOW,OOWOOOOW
3,ddelta,477,496,477-496,30,0.4092003504063211,0.4092003504063211,WWOOWOOW,OWOOWOOW,WWOOOOOW,OWOOOOOW
3,ddelta,477,496,477-496,31,-0.9502177936638843,0.9502177936638843,WOOOWOOW,OOOOWOOW,WOOOOOOW,OOOOOOOW
3,ddelta,477,496,477-496,32,-1.526401888181725,1.526401888181725,WWWWWWWO,OWWWWWWO,WWWWOWWO,OWWWOWWO
3,ddelta,477,496,477-496,33,-2.4008523142339424,2.4008523142339424,WOWWWWWO,OOWWWWWO,WOWWOWWO,OOWWOWWO
3,ddelta,477,496,477-496,34,-1.867847806401049,1.867847806401049,WWOWWWWO,OWOWWWWO,WWOWOWWO,OWOWOWWO
3,ddelta,477,496,477-496,35,2.2014147404357534,2.2014147404357534,WOOWWWWO,OOOWWWWO,WOOWOWWO,OOOWOWWO
3,ddelta,477,496,477-496,36,3.117399785142712,3.117399785142712,WWWOWWWO,OWWOWWWO,WWWOOWWO,OWWOOWWO
3,ddelta,477,496,477-496,37,1.759137021604663,1.759137021604663,WOWOWWWO,OOWOWWWO,WOWOOWWO,OOWOOWWO
3,ddelta,477,496,477-496,38,-3.557201492710713,3.557201492710713,WWOOWWWO,OWOOWWWO,WWOOOWWO,OWOOOWWO
3,ddelta,477,496,477-496,39,-0.631624037235643,0.631624037235643,WOOOWWWO,OOOOWWWO,WOOOOWWO,OOOOOWWO
3,ddelta,477,496,477-496,40,2.456800442619814,2.456800442619814,WWWWWOWO,OWWWWOWO,WWWWOOWO,OWWWOOWO
3,ddelta,477,496,477-496,41,0.8196499101203756,0.8196499101203756,WOWWWOWO,OOWWWOWO,WOWWOOWO,OOWWOOWO
3,ddelta,477,496,477-496,42,-1.686687750261815,1.686687750261815,WWOWWOWO,OWOWWOWO,WWOWOOWO,OWOWOOWO
3,ddelta,477,496,477-496,43,5.248358942419173,5.248358942419173,WOOWWOWO,OOOWWOWO,WOOWOOWO,OOOWOOWO
3,ddelta,477,496,477-496,44,0.7628894785325518,0.7628894785325518,WWWOWOWO,OWWOWOWO,WWWOOOWO,OWWOOOWO
3,ddelta,477,496,477-496,45,-1.06494874128793,1.06494874128793,WOWOWOWO,OOWOWOWO,WOWOOOWO,OOWOOOWO
3,ddelta,477,496,477-496,46,-3.831768030026088,3.831768030026088,WWOOWOWO,OWOOWOWO,WWOOOOWO,OWOOOOWO
3,ddelta,477,496,477-496,47,2.6138837305966685,2.6138837305966685,WOOOWOWO,OOOOWOWO,WOOOOOWO,OOOOOOWO
3,ddelta,477,496,477-496,48,-0.7008959181893493,0.7008959181893493,WWWWWWOO,OWWWWWOO,WWWWOWOO,OWWWOWOO
3,ddelta,477,496,477-496,49,0.9848069099815386,0.9848069099815386,WOWWWWOO,OOWWWWOO,WOWWOWOO,OOWWOWOO
3,ddelta,477,496,477-496,50,-0.591312918156789,0.591312918156789,WWOWWWOO,OWOWWWOO,WWOWOWOO,OWOWOWOO
3,ddelta,477,496,477-496,51,-2.0169534257044823,2.0169534257044823,WOOWWWOO,OOOWWWOO,WOOWOWOO,OOOWOWOO
3,ddelta,477,496,477-496,52,5.916182696390403,5.916182696390403,WWWOWWOO,OWWOWWOO,WWWOOWOO,OWWOOWOO
3,ddelta,477,496,477-496,53,-2.8496970095067837,2.8496970095067837,WOWOWWOO,OOWOWWOO,WOWOOWOO,OOWOOWOO
3,ddelta,477,496,477-496,54,3.270313433540383,3.270313433540383,WWOOWWOO,OWOOWWOO,WWOOOWOO,OWOOOWOO
3,ddelta,477,496,477-496,55,1.3044386835512012,1.3044386835512012,WOOOWWOO,OOOOWWOO,WOOOOWOO,OOOOOWOO
3,ddelta,477,496,477-496,56,-5.24499785300826,5.24499785300826,WWWWWOOO,OWWWWOOO,WWWWOOOO,OWWWOOOO
3,ddelta,477,496,477-496,57,-1.2085998211420121,1.2085998211420121,WOWWWOOO,OOWWWOOO,WOWWOOOO,OOWWOOOO
3,ddelta,477,496,477-496,58,-0.291492414453982,0.291492414453982,WWOWWOOO,OWOWWOOO,WWOWOOOO,OWOWOOOO
3,ddelta,477,496,477-496,59,-0.4899749977618098,0.4899749977618098,WOOWWOOO,OOOWWOOO,WOOWOOOO,OOOWOOOO
3,ddelta,477,496,477-496,60,1.1148115066482496,1.1148115066482496,WWWOWOOO,OWWOWOOO,WWWOOOOO,OWWOOOOO
3,ddelta,477,496,477-496,61,-1.2298787134146323,1.2298787134146323,WOWOWOOO,OOWOWOOO,WOWOOOOO,OOWOOOOO
3,ddelta,477,496,477-496,62,-1.7919834717285945,1.7919834717285945,WWOOWOOO,OWOOWOOO,WWOOOOOO,OWOOOOOO
3,ddelta,477,496,477-496,63,2.953086330689925,2.953086330689925,WOOOWOOO,OOOOWOOO,WOOOOOOO,OOOOOOOO
3,ddelta,477,498,477-498,0,0.4464940274872743,0.4464940274872743,WWWWWWWW,OWWWWWWW,WWWWWOWW,OWWWWOWW
3,ddelta,477,498,477-498,1,-1.9898430602421158,1.9898430602421158,WOWWWWWW,OOWWWWWW,WOWWWOWW,OOWWWOWW
3,ddelta,477,498,477-498,2,2.616035162854571,2.616035162854571,WWOWWWWW,OWOWWWWW,WWOWWOWW,OWOWWOWW
3,ddelta,477,498,477-498,3,2.7083567904453822,2.7083567904453822,WOOWWWWW,OOOWWWWW,WOOWWOWW,OOOWWOWW
3,ddelta,477,498,477-498,4,-1.6563477601083505,1.6563477601083505,WWWOWWWW,OWWOWWWW,WWWOWOWW,OWWOWOWW
3,ddelta,477,498,477-498,5,1.2250042525552125,1.2250042525552125,WOWOWWWW,OOWOWWWW,WOWOWOWW,OOWOWOWW
3,ddelta,477,498,477-498,6,-1.7593824484791858,1.7593824484791858,WWOOWWWW,OWOOWWWW,WWOOWOWW,OWOOWOWW
3,ddelta,477,498,477-498,7,0.06138807620499964,0.06138807620499964,WOOOWWWW,OOOOWWWW,WOOOWOWW,OOOOWOWW
3,ddelta,477,498,477-498,8,-2.389997882972597,2.389997882972597,WWWWOWWW,OWWWOWWW,WWWWOOWW,OWWWOOWW
3,ddelta,477,498,477-498,9,0.03446991590522064,0.03446991590522064,WOWWOWWW,OOWWOWWW,WOWWOOWW,OOWWOOWW
3,ddelta,477,498,477-498,10,-1.0676356897833077,1.0676356897833077,WWOWOWWW,OWOWOWWW,WWOWOOWW,OWOWOOWW
3,ddelta,477,498,477-498,11,-0.1636515930274479,0.1636515930274479,WOOWOWWW,OOOWOWWW,WOOWOOWW,OOOWOOWW
3,ddelta,477,498,477-498,12,4.113607669246464,4.113607669246464,WWWOOWWW,OWWOOWWW,WWWOOOWW,OWWOOOWW
3,ddelta,477,498,477-498,13,4.418032394035194,4.418032394035194,WOWOOWWW,OOWOOWWW,WOWOOOWW,OOWOOOWW
3,ddelta,477,498,477-498,14,0.8806074130487556,0.8806074130487556,WWOOOWWW,OWOOOWWW,WWOOOOWW,OWOOOOWW
3,ddelta,477,498,477-498,15,-0.2813338617332699,0.2813338617332699,WOOOOWWW,OOOOOWWW,WOOOOOWW,OOOOOOWW
3,ddelta,477,498,477-498,16,0.37609308187839385,0.37609308187839385,WWWWWWOW,OWWWWWOW,WWWWWOOW,OWWWWOOW
3,ddelta,477,498,477-498,17,2.1721964848630773,2.1721964848630773,WOWWWWOW,OOWWWWOW,WOWWWOOW,OOWWWOOW
3,ddelta,477,498,477-498,18,-2.8061099411980286,2.8061099411980286,WWOWWWOW,OWOWWWOW,WWOWWOOW,OWOWWOOW
3,ddelta,477,498,477-498,19,-1.7404825122203984,1.7404825122203984,WOOWWWOW,OOOWWWOW,WOOWWOOW,OOOWWOOW
3,ddelta,477,498,477-498,20,-1.7079955378374843,1.7079955378374843,WWWOWWOW,OWWOWWOW,WWWOWOOW,OWWOWOOW
3,ddelta,477,498,477-498,21,1.5257505308260146,1.5257505308260146,WOWOWWOW,OOWOWWOW,WOWOWOOW,OOWOWOOW
3,ddelta,477,498,477-498,22,0.00623027543520438,0.00623027543520438,WWOOWWOW,OWOOWWOW,WWOOWOOW,OWOOWOOW
3,ddelta,477,498,477-498,23,-1.6170139764684959,1.6170139764684959,WOOOWWOW,OOOOWWOW,WOOOWOOW,OOOOWOOW
3,ddelta,477,498,477-498,24,-0.4457015636134456,0.4457015636134456,WWWWOWOW,OWWWOWOW,WWWWOOOW,OWWWOOOW
3,ddelta,477,498,477-498,25,1.4567500074993585,1.4567500074993585,WOWWOWOW,OOWWOWOW,WOWWOOOW,OOWWOOOW
3,ddelta,477,498,477-498,26,-4.684027142612093,4.684027142612093,WWOWOWOW,OWOWOWOW,WWOWOOOW,OWOWOOOW
3,ddelta,477,498,477-498,27,-1.5086230464316084,1.5086230464316084,WOOWOWOW,OOOWOWOW,WOOWOOOW,OOOWOOOW
3,ddelta,477,498,477-498,28,-0.9651059555261555,0.9651059555261555,WWWOOWOW,OWWOOWOW,WWWOOOOW,OWWOOOOW
3,ddelta,477,498,477-498,29,-2.224367530307494,2.224367530307494,WOWOOWOW,OOWOOWOW,WOWOOOOW,OOWOOOOW
3,ddelta,477,498,477-498,30,0.7628806392517018,0.7628806392517018,WWOOOWOW,OWOOOWOW,WWOOOOOW,OWOOOOOW
3,ddelta,477,498,477-498,31,-1.3247617579872433,1.3247617579872433,WOOOOWOW,OOOOOWOW,WOOOOOOW,OOOOOOOW
3,ddelta,477,498,477-498,32,-1.7333801277917522,1.7333801277917522,WWWWWWWO,OWWWWWWO,WWWWWOWO,OWWWWOWO
3,ddelta,477,498,477-498,33,-2.090380462708035,2.090380462708035,WOWWWWWO,OOWWWWWO,WOWWWOWO,OOWWWOWO
3,ddelta,477,498,477-498,34,0.0017225554486172134,0.0017225554486172134,WWOWWWWO,OWOWWWWO,WWOWWOWO,OWOWWOWO
3,ddelta,477,498,477-498,35,-4.5497034678586035,4.5497034678586035,WOOWWWWO,OOOWWWWO,WOOWWOWO,OOOWWOWO
3,ddelta,477,498,477-498,36,0.8336801743416897,0.8336801743416897,WWWOWWWO,OWWOWWWO,WWWOWOWO,OWWOWOWO
3,ddelta,477,498,477-498,37,0.8817225547688923,0.8817225547688923,WOWOWWWO,OOWOWWWO,WOWOWOWO,OOWOWOWO
3,ddelta,477,498,477-498,38,2.6314603423163154,2.6314603423163154,WWOOWWWO,OWOOWWWO,WWOOWOWO,OWOOWOWO
3,ddelta,477,498,477-498,39,-0.7070796000148732,0.7070796000148732,WOOOWWWO,OOOOWWWO,WOOOWOWO,OOOOWOWO
3,ddelta,477,498,477-498,40,2.2498222030097867,2.2498222030097867,WWWWOWWO,OWWWOWWO,WWWWOOWO,OWWWOOWO
3,ddelta,477,498,477-498,41,1.1301217616462822,1.1301217616462822,WOWWOWWO,OOWWOWWO,WOWWOOWO,OOWWOOWO
3,ddelta,477,498,477-498,42,0.18288261158785102,0.18288261158785102,WWOWOWWO,OWOWOWWO,WWOWOOWO,OWOWOOWO
3,ddelta,477,498,477-498,43,-1.502759265875185,1.502759265875185,WOOWOWWO,OOOWOWWO,WOOWOOWO,OOOWOOWO
3,ddelta,477,498,477-498,44,-1.5208301322684707,1.5208301322684707,WWWOOWWO,OWWOOWWO,WWWOOOWO,OWWOOOWO
3,ddelta,477,498,477-498,45,-1.9423632081237006,1.9423632081237006,WOWOOWWO,OOWOOWWO,WOWOOOWO,OOWOOOWO
3,ddelta,477,498,477-498,46,2.35689380500094,2.35689380500094,WWOOOWWO,OWOOOWWO,WWOOOOWO,OWOOOOWO
3,ddelta,477,498,477-498,47,2.538428167817438,2.538428167817438,WOOOOWWO,OOOOOWWO,WOOOOOWO,OOOOOOWO
3,ddelta,477,498,477-498,48,1.6893421739183065,1.6893421739183065,WWWWWWOO,OWWWWWOO,WWWWWOOO,OWWWWOOO
3,ddelta,477,498,477-498,49,-3.3138651140707487,3.3138651140707487,WOWWWWOO,OOWWWWOO,WOWWWOOO,OOWWWOOO
3,ddelta,477,498,477-498,50,2.1768521260590883,2.1768521260590883,WWOWWWOO,OWOWWWOO,WWOWWOOO,OWOWWOOO
3,ddelta,477,498,477-498,51,-1.738682120695959,1.738682120695959,WOOWWWOO,OOOWWWOO,WOOWWOOO,OOOWWOOO
3,ddelta,477,498,477-498,52,1.2602078145682913,1.2602078145682913,WWWOWWOO,OWWOWWOO,WWWOWOOO,OWWOWOOO
3,ddelta,477,498,477-498,53,0.8790688267451114,0.8790688267451114,WOWOWWOO,OOWOWWOO,WOWOWOOO,OOWOWOOO
3,ddelta,477,498,477-498,54,0.20275804775648676,0.20275804775648676,WWOOWWOO,OWOOWWOO,WWOOWOOO,OWOOWOOO
3,ddelta,477,498,477-498,55,-2.0849718376192325,2.0849718376192325,WOOOWWOO,OOOOWWOO,WOOOWOOO,OOOOWOOO
3,ddelta,477,498,477-498,56,-2.854759760900605,2.854759760900605,WWWWOWOO,OWWWOWOO,WWWWOOOO,OWWWOOOO
3,ddelta,477,498,477-498,57,-5.507271845194299,5.507271845194299,WOWWOWOO,OOWWOWOO,WOWWOOOO,OOWWOOOO
3,ddelta,477,498,477-498,58,2.476672629761895,2.476672629761895,WWOWOWOO,OWOWOWOO,WWOWOOOO,OWOWOOOO
3,ddelta,477,498,477-498,59,-0.2117036927532867,0.2117036927532867,WOOWOWOO,OOOWOWOO,WOOWOOOO,OOOWOOOO
3,ddelta,477,498,477-498,60,-3.541163375173862,3.541163375173862,WWWOOWOO,OWWOOWOO,WWWOOOOO,OWWOOOOO
3,ddelta,477,498,477-498,61,2.498887122837263,2.498887122837263,WOWOOWOO,OOWOOWOO,WOWOOOOO,OOWOOOOO
3,ddelta,477,498,477-498,62,-4.85953885751249,4.85953885751249,WWOOOWOO,OWOOOWOO,WWOOOOOO,OWOOOOOO
3,ddelta,477,498,477-498,63,-0.4363241904805084,0.4363241904805084,WOOOOWOO,OOOOOWOO,WOOOOOOO,OOOOOOOO
3,ddelta,477,501,477-501,0,-0.011898754531104616,0.011898754531104616,WWWWWWWW,OWWWWWWW,WWWWWWOW,OWWWWWOW
3,ddelta,477,501,477-501,1,-0.6560707399638624,0.6560707399638624,WOWWWWWW,OOWWWWWW,WOWWWWOW,OOWWWWOW
3,ddelta,477,501,477-501,2,0.19194197487469544,0.19194197487469544,WWOWWWWW,OWOWWWWW,WWOWWWOW,OWOWWWOW
3,ddelta,477,501,477-501,3,3.3569032887309396,3.3569032887309396,WOOWWWWW,OOOWWWWW,WOOWWWOW,OOOWWWOW
3,ddelta,477,501,477-501,4,2.0235644967553803,2.0235644967553803,WWWOWWWW,OWWOWWWW,WWWOWWOW,OWWOWWOW
3,ddelta,477,501,477-501,5,-0.6589899330801867,0.6589899330801867,WOWOWWWW,OOWOWWWW,WOWOWWOW,OOWOWWOW
3,ddelta,477,501,477-501,6,-2.034684132951325,2.034684132951325,WWOOWWWW,OWOOWWWW,WWOOWWOW,OWOOWWOW
3,ddelta,477,501,477-501,7,1.9555373300929968,1.9555373300929968,WOOOWWWW,OOOOWWWW,WOOOWWOW,OOOOWWOW
3,ddelta,477,501,477-501,8,1.075977856061072,1.075977856061072,WWWWOWWW,OWWWOWWW,WWWWOWOW,OWWWOWOW
3,ddelta,477,501,477-501,9,-2.6201353301531576,2.6201353301531576,WOWWOWWW,OOWWOWWW,WOWWOWOW,OOWWOWOW
3,ddelta,477,501,477-501,10,0.2660814779170806,0.2660814779170806,WWOWOWWW,OWOWOWWW,WWOWOWOW,OWOWOWOW
3,ddelta,477,501,477-501,11,-0.03500371088944387,0.03500371088944387,WOOWOWWW,OOOWOWWW,WOOWOWOW,OOOWOWOW
3,ddelta,477,501,477-501,12,1.9514721944915243,1.9514721944915243,WWWOOWWW,OWWOOWWW,WWWOOWOW,OWWOOWOW
3,ddelta,477,501,477-501,13,4.453723816053278,4.453723816053278,WOWOOWWW,OOWOOWWW,WOWOOWOW,OOWOOWOW
3,ddelta,477,501,477-501,14,0.503023216705965,0.503023216705965,WWOOOWWW,OWOOOWWW,WWOOOWOW,OWOOOWOW
3,ddelta,477,501,477-501,15,0.8429917488789374,0.8429917488789374,WOOOOWWW,OOOOOWWW,WOOOOWOW,OOOOOWOW
3,ddelta,477,501,477-501,16,-0.08229970013998505,0.08229970013998505,WWWWWOWW,OWWWWOWW,WWWWWOOW,OWWWWOOW
3,ddelta,477,501,477-501,17,3.5059688051413302,3.5059688051413302,WOWWWOWW,OOWWWOWW,WOWWWOOW,OOWWWOOW
3,ddelta,477,501,477-501,18,-5.230203129177903,5.230203129177903,WWOWWOWW,OWOWWOWW,WWOWWOOW,OWOWWOOW
3,ddelta,477,501,477-501,19,-1.0919360139348413,1.0919360139348413,WOOWWOWW,OOOWWOWW,WOOWWOOW,OOOWWOOW
3,ddelta,477,501,477-501,20,1.9719167190262459,1.9719167190262459,WWWOWOWW,OWWOWOWW,WWWOWOOW,OWWOWOOW
3,ddelta,477,501,477-501,21,-0.35824365480938447,0.35824365480938447,WOWOWOWW,OOWOWOWW,WOWOWOOW,OOWOWOOW
3,ddelta,477,501,477-501,22,-0.2690714090369348,0.2690714090369348,WWOOWOWW,OWOOWOWW,WWOOWOOW,OWOOWOOW
3,ddelta,477,501,477-501,23,0.2771352774195015,0.2771352774195015,WOOOWOWW,OOOOWOWW,WOOOWOOW,OOOOWOOW
3,ddelta,477,501,477-501,24,3.020274175420223,3.020274175420223,WWWWOOWW,OWWWOOWW,WWWWOOOW,OWWWOOOW
3,ddelta,477,501,477-501,25,-1.1978552385590198,1.1978552385590198,WOWWOOWW,OOWWOOWW,WOWWOOOW,OOWWOOOW
3,ddelta,477,501,477-501,26,-3.3503099749117045,3.3503099749117045,WWOWOOWW,OWOWOOWW,WWOWOOOW,OWOWOOOW
3,ddelta,477,501,477-501,27,-1.3799751642936045,1.3799751642936045,WOOWOOWW,OOOWOOWW,WOOWOOOW,OOOWOOOW
3,ddelta,477,501,477-501,28,-3.127241430281094,3.127241430281094,WWWOOOWW,OWWOOOWW,WWWOOOOW,OWWOOOOW
3,ddelta,477,501,477-501,29,-2.1886761082894095,2.1886761082894095,WOWOOOWW,OOWOOOWW,WOWOOOOW,OOWOOOOW
3,ddelta,477,501,477-501,30,0.3852964429089114,0.3852964429089114,WWOOOOWW,OWOOOOWW,WWOOOOOW,OWOOOOOW
3,ddelta,477,501,477-501,31,-0.2004361473750358,0.2004361473750358,WOOOOOWW,OOOOOOWW,WOOOOOOW,OOOOOOOW
3,ddelta,477,501,477-501,32,-0.8829561797037,0.8829561797037,WWWWWWWO,OWWWWWWO,WWWWWWOO,OWWWWWOO
3,ddelta,477,501,477-501,33,-1.1879341142096957,1.1879341142096957,WOWWWWWO,OOWWWWWO,WOWWWWOO,OOWWWWOO
3,ddelta,477,501,477-501,34,-2.481541124506368,2.481541124506368,WWOWWWWO,OWOWWWWO,WWOWWWOO,OWOWWWOO
3,ddelta,477,501,477-501,35,2.039371911017918,2.039371911017918,WOOWWWWO,OOOWWWWO,WOOWWWOO,OOOWWWOO
3,ddelta,477,501,477-501,36,-0.8135369258089327,0.8135369258089327,WWWOWWWO,OWWOWWWO,WWWOWWOO,OWWOWWOO
3,ddelta,477,501,477-501,37,-0.6139886253780249,0.6139886253780249,WOWOWWWO,OOWOWWWO,WOWOWWOO,OOWOWWOO
3,ddelta,477,501,477-501,38,-0.8462461419634542,0.8462461419634542,WWOOWWWO,OWOOWWWO,WWOOWWOO,OWOOWWOO
3,ddelta,477,501,477-501,39,-0.9206787888797276,0.9206787888797276,WOOOWWWO,OOOOWWWO,WOOOWWOO,OOOOWWOO
3,ddelta,477,501,477-501,40,-0.05745020971132453,0.05745020971132453,WWWWOWWO,OWWWOWWO,WWWWOWOO,OWWWOWOO
3,ddelta,477,501,477-501,41,2.197725110005785,2.197725110005785,WOWWOWWO,OOWWOWWO,WOWWOWOO,OOWWOWOO
3,ddelta,477,501,477-501,42,-1.2050062362621086,1.2050062362621086,WWOWOWWO,OWOWOWWO,WWOWOWOO,OWOWOWOO
3,ddelta,477,501,477-501,43,-2.1789962551223176,2.1789962551223176,WOOWOWWO,OOOWOWWO,WOOWOWOO,OOOWOWOO
3,ddelta,477,501,477-501,44,1.9852459854387579,1.9852459854387579,WWWOOWWO,OWWOOWWO,WWWOOWOO,OWWOOWOO
3,ddelta,477,501,477-501,45,-5.2228226564894715,5.2228226564894715,WOWOOWWO,OOWOOWWO,WOWOOWOO,OOWOOWOO
3,ddelta,477,501,477-501,46,5.981268784287641,5.981268784287641,WWOOOWWO,OWOOOWWO,WWOOOWOO,OWOOOWOO
3,ddelta,477,501,477-501,47,1.0153839319071165,1.0153839319071165,WOOOOWWO,OOOOOWWO,WOOOOWOO,OOOOOWOO
3,ddelta,477,501,477-501,48,2.5397661220063585,2.5397661220063585,WWWWWOWO,OWWWWOWO,WWWWWOOO,OWWWWOOO
3,ddelta,477,501,477-501,49,-2.4114187655724093,2.4114187655724093,WOWWWOWO,OOWWWOWO,WOWWWOOO,OOWWWOOO
3,ddelta,477,501,477-501,50,-0.30641155389589747,0.30641155389589747,WWOWWOWO,OWOWWOWO,WWOWWOOO,OWOWWOOO
3,ddelta,477,501,477-501,51,4.850393258180563,4.850393258180563,WOOWWOWO,OOOWWOWO,WOOWWOOO,OOOWWOOO
3,ddelta,477,501,477-501,52,-0.38700928558233094,0.38700928558233094,WWWOWOWO,OWWOWOWO,WWWOWOOO,OWWOWOOO
3,ddelta,477,501,477-501,53,-0.6166423534018057,0.6166423534018057,WOWOWOWO,OOWOWOWO,WOWOWOOO,OOWOWOOO
3,ddelta,477,501,477-501,54,-3.2749484365232826,3.2749484365232826,WWOOWOWO,OWOOWOWO,WWOOWOOO,OWOOWOOO
3,ddelta,477,501,477-501,55,-2.2985710264840873,2.2985710264840873,WOOOWOWO,OOOOWOWO,WOOOWOOO,OOOOWOOO
3,ddelta,477,501,477-501,56,-5.162032173621716,5.162032173621716,WWWWOOWO,OWWWOOWO,WWWWOOOO,OWWWOOOO
3,ddelta,477,501,477-501,57,-4.439668496834797,4.439668496834797,WOWWOOWO,OOWWOOWO,WOWWOOOO,OOWWOOOO
3,ddelta,477,501,477-501,58,1.0887837819119355,1.0887837819119355,WWOWOOWO,OWOWOOWO,WWOWOOOO,OWOWOOOO
3,ddelta,477,501,477-501,59,-0.8879406820004192,0.8879406820004192,WOOWOOWO,OOOWOOWO,WOOWOOOO,OOOWOOOO
3,ddelta,477,501,477-501,60,-0.03508725746663344,0.03508725746663344,WWWOOOWO,OWWOOOWO,WWWOOOOO,OWWOOOOO
3,ddelta,477,501,477-501,61,-0.7815723255285081,0.7815723255285081,WOWOOOWO,OOWOOOWO,WOWOOOOO,OOWOOOOO
3,ddelta,477,501,477-501,62,-1.2351638782257885,1.2351638782257885,WWOOOOWO,OWOOOOWO,WWOOOOOO,OWOOOOOO
3,ddelta,477,501,477-501,63,-1.95936842639083,1.95936842639083,WOOOOOWO,OOOOOOWO,WOOOOOOO,OOOOOOOO
3,ddelta,477,505,477-505,0,1.8481468515802695,1.8481468515802695,WWWWWWWW,OWWWWWWW,WWWWWWWO,OWWWWWWO
3,ddelta,477,505,477-505,1,0.9438977364245752,0.9438977364245752,WOWWWWWW,OOWWWWWW,WOWWWWWO,OOWWWWWO
3,ddelta,477,505,477-505,2,1.8007301685310497,1.8007301685310497,WWOWWWWW,OWOWWWWW,WWOWWWWO,OWOWWWWO
3,ddelta,477,505,477-505,3,1.5240336816713658,1.5240336816713658,WOOWWWWW,OOOWWWWW,WOOWWWWO,OOOWWWWO
3,ddelta,477,505,477-505,4,-0.533685186159772,0.533685186159772,WWWOWWWW,OWWOWWWW,WWWOWWWO,OWWOWWWO
3,ddelta,477,505,477-505,5,0.5722366080654546,0.5722366080654546,WOWOWWWW,OOWOWWWW,WOWOWWWO,OOWOWWWO
3,ddelta,477,505,477-505,6,-2.1057009134933864,2.1057009134933864,WWOOWWWW,OWOOWWWW,WWOOWWWO,OWOOWWWO
3,ddelta,477,505,477-505,7,0.5841050421219316,0.5841050421219316,WOOOWWWW,OOOOWWWW,WOOOWWWO,OOOOWWWO
3,ddelta,477,505,477-505,8,-0.17560701554111424,0.17560701554111424,WWWWOWWW,OWWWOWWW,WWWWOWWO,OWWWOWWO
3,ddelta,477,505,477-505,9,-1.855722667283444,1.855722667283444,WOWWOWWW,OOWWOWWW,WOWWOWWO,OOWWOWWO
3,ddelta,477,505,477-505,10,-1.8578715833753452,1.8578715833753452,WWOWOWWW,OWOWOWWW,WWOWOWWO,OWOWOWWO
3,ddelta,477,505,477-505,11,1.329666571344961,1.329666571344961,WOOWOWWW,OOOWOWWW,WOOWOWWO,OOOWOWWO
3,ddelta,477,505,477-505,12,4.722857958033648,4.722857958033648,WWWOOWWW,OWWOOWWW,WWWOOWWO,OWWOOWWO
3,ddelta,477,505,477-505,13,4.83366820659044,4.83366820659044,WOWOOWWW,OOWOOWWW,WOWOOWWO,OOWOOWWO
3,ddelta,477,505,477-505,14,-2.7777450431366333,2.7777450431366333,WWOOOWWW,OWOOOWWW,WWOOOWWO,OWOOOWWO
3,ddelta,477,505,477-505,15,0.08240543581736604,0.08240543581736604,WOOOOWWW,OOOOOWWW,WOOOOWWO,OOOOOWWO
3,ddelta,477,505,477-505,16,-0.33172730369875697,0.33172730369875697,WWWWWOWW,OWWWWOWW,WWWWWOWO,OWWWWOWO
3,ddelta,477,505,477-505,17,0.8433603339586556,0.8433603339586556,WOWWWOWW,OOWWWOWW,WOWWWOWO,OOWWWOWO
3,ddelta,477,505,477-505,18,-0.8135824388749038,0.8135824388749038,WWOWWOWW,OWOWWOWW,WWOWWOWO,OWOWWOWO
3,ddelta,477,505,477-505,19,-5.734026576632621,5.734026576632621,WOOWWOWW,OOOWWOWW,WOOWWOWO,OOOWWOWO
3,ddelta,477,505,477-505,20,1.9563427482902678,1.9563427482902678,WWWOWOWW,OWWOWOWW,WWWOWOWO,OWWOWOWO
3,ddelta,477,505,477-505,21,0.2289549102791343,0.2289549102791343,WOWOWOWW,OOWOWOWW,WOWOWOWO,OOWOWOWO
3,ddelta,477,505,477-505,22,2.2851418773021153,2.2851418773021153,WWOOWOWW,OWOOWOWW,WWOOWOWO,OWOOWOWO
3,ddelta,477,505,477-505,23,-0.1843626340979414,0.1843626340979414,WOOOWOWW,OOOOWOWW,WOOOWOWO,OOOOWOWO
3,ddelta,477,505,477-505,24,4.464213070441269,4.464213070441269,WWWWOOWW,OWWWOOWW,WWWWOOWO,OWWWOOWO
3,ddelta,477,505,477-505,25,-0.7600708215423824,0.7600708215423824,WOWWOOWW,OOWWOOWW,WOWWOOWO,OOWWOOWO
3,ddelta,477,505,477-505,26,-0.6073532820041863,0.6073532820041863,WWOWOOWW,OWOWOOWW,WWOWOOWO,OWOWOOWO
3,ddelta,477,505,477-505,27,-0.009441101502776217,0.009441101502776217,WOOWOOWW,OOOWOOWW,WOOWOOWO,OOOWOOWO
3,ddelta,477,505,477-505,28,-0.9115798434812854,0.9115798434812854,WWWOOOWW,OWWOOOWW,WWWOOOWO,OWWOOOWO
3,ddelta,477,505,477-505,29,-1.5267273955684533,1.5267273955684533,WOWOOOWW,OOWOOOWW,WOWOOOWO,OOWOOOWO
3,ddelta,477,505,477-505,30,-1.3014586511844488,1.3014586511844488,WWOOOOWW,OWOOOOWW,WWOOOOWO,OWOOOOWO
3,ddelta,477,505,477-505,31,2.902167465368074,2.902167465368074,WOOOOOWW,OOOOOOWW,WOOOOOWO,OOOOOOWO
3,ddelta,477,505,477-505,32,0.9770894264076739,0.9770894264076739,WWWWWWOW,OWWWWWOW,WWWWWWOO,OWWWWWOO
3,ddelta,477,505,477-505,33,0.41203436217874195,0.41203436217874195,WOWWWWOW,OOWWWWOW,WOWWWWOO,OOWWWWOO
3,ddelta,477,505,477-505,34,-0.8727529308500142,0.8727529308500142,WWOWWWOW,OWOWWWOW,WWOWWWOO,OWOWWWOO
3,ddelta,477,505,477-505,35,0.20650230395834424,0.20650230395834424,WOOWWWOW,OOOWWWOW,WOOWWWOO,OOOWWWOO
3,ddelta,477,505,477-505,36,-3.370786608724085,3.370786608724085,WWWOWWOW,OWWOWWOW,WWWOWWOO,OWWOWWOO
3,ddelta,477,505,477-505,37,0.6172379157676167,0.6172379157676167,WOWOWWOW,OOWOWWOW,WOWOWWOO,OOWOWWOO
3,ddelta,477,505,477-505,38,-0.9172629225055158,0.9172629225055158,WWOOWWOW,OWOOWWOW,WWOOWWOO,OWOOWWOO
3,ddelta,477,505,477-505,39,-2.292111076850793,2.292111076850793,WOOOWWOW,OOOOWWOW,WOOOWWOO,OOOOWWOO
3,ddelta,477,505,477-505,40,-1.309035081313511,1.309035081313511,WWWWOWOW,OWWWOWOW,WWWWOWOO,OWWWOWOO
3,ddelta,477,505,477-505,41,2.962137772875499,2.962137772875499,WOWWOWOW,OOWWOWOW,WOWWOWOO,OOWWOWOO
3,ddelta,477,505,477-505,42,-3.328959297554534,3.328959297554534,WWOWOWOW,OWOWOWOW,WWOWOWOO,OWOWOWOO
3,ddelta,477,505,477-505,43,-0.8143259728879129,0.8143259728879129,WOOWOWOW,OOOWOWOW,WOOWOWOO,OOOWOWOO
3,ddelta,477,505,477-505,44,4.756631748980881,4.756631748980881,WWWOOWOW,OWWOOWOW,WWWOOWOO,OWWOOWOO
3,ddelta,477,505,477-505,45,-4.842878265952309,4.842878265952309,WOWOOWOW,OOWOOWOW,WOWOOWOO,OOWOOWOO
3,ddelta,477,505,477-505,46,2.700500524445043,2.700500524445043,WWOOOWOW,OWOOOWOW,WWOOOWOO,OWOOOWOO
3,ddelta,477,505,477-505,47,0.25479761884554486,0.25479761884554486,WOOOOWOW,OOOOOWOW,WOOOOWOO,OOOOOWOO
3,ddelta,477,505,477-505,48,2.2903385184475864,2.2903385184475864,WWWWWOOW,OWWWWOOW,WWWWWOOO,OWWWWOOO
3,ddelta,477,505,477-505,49,-5.074027236755084,5.074027236755084,WOWWWOOW,OOWWWOOW,WOWWWOOO,OOWWWOOO
3,ddelta,477,505,477-505,50,4.110209136407103,4.110209136407103,WWOWWOOW,OWOWWOOW,WWOWWOOO,OWOWWOOO
3,ddelta,477,505,477-505,51,0.20830269548278357,0.20830269548278357,WOOWWOOW,OOOWWOOW,WOOWWOOO,OOOWWOOO
3,ddelta,477,505,477-505,52,-0.40258325631830916,0.40258325631830916,WWWOWOOW,OWWOWOOW,WWWOWOOO,OWWOWOOO
3,ddelta,477,505,477-505,53,-0.029443788313286978,0.029443788313286978,WOWOWOOW,OOWOWOOW,WOWOWOOO,OOWOWOOO
3,ddelta,477,505,477-505,54,-0.7207351501842334,0.7207351501842334,WWOOWOOW,OWOOWOOW,WWOOWOOO,OWOOWOOO
3,ddelta,477,505,477-505,55,-2.76006893800153,2.76006893800153,WOOOWOOW,OOOOWOOW,WOOOWOOO,OOOOWOOO
3,ddelta,477,505,477-505,56,-3.71809327860067,3.71809327860067,WWWWOOOW,OWWWOOOW,WWWWOOOO,OWWWOOOO
3,ddelta,477,505,477-505,57,-4.001884079818159,4.001884079818159,WOWWOOOW,OOWWOOOW,WOWWOOOO,OOWWOOOO
3,ddelta,477,505,477-505,58,3.831740474819454,3.831740474819454,WWOWOOOW,OWOWOOOW,WWOWOOOO,OWOWOOOO
3,ddelta,477,505,477-505,59,0.482593380790409,0.482593380790409,WOOWOOOW,OOOWOOOW,WOOWOOOO,OOOWOOOO
3,ddelta,477,505,477-505,60,2.180574329333175,2.180574329333175,WWWOOOOW,OWWOOOOW,WWWOOOOO,OWWOOOOO
3,ddelta,477,505,477-505,61,-0.11962361280755163,0.11962361280755163,WOWOOOOW,OOWOOOOW,WOWOOOOO,OOWOOOOO
3,ddelta,477,505,477-505,62,-2.9219189723191485,2.9219189723191485,WWOOOOOW,OWOOOOOW,WWOOOOOO,OWOOOOOO
3,ddelta,477,505,477-505,63,1.1432351863522798,1.1432351863522798,WOOOOOOW,OOOOOOOW,WOOOOOOO,OOOOOOOO
3,ddelta,478,484,478-484,0,1.4931210242127044,1.4931210242127044,WWWWWWWW,WOWWWWWW,WWOWWWWW,WOOWWWWW
3,ddelta,478,484,478-484,1,-0.8119642404115288,0.8119642404115288,OWWWWWWW,OOWWWWWW,OWOWWWWW,OOOWWWWW
3,ddelta,478,484,478-484,2,2.0484733722790547,2.0484733722790547,WWWOWWWW,WOWOWWWW,WWOOWWWW,WOOOWWWW
3,ddelta,478,484,478-484,3,0.7137767664375181,0.7137767664375181,OWWOWWWW,OOWOWWWW,OWOOWWWW,OOOOWWWW
3,ddelta,478,484,478-484,4,-0.3025580080030392,0.3025580080030392,WWWWOWWW,WOWWOWWW,WWOWOWWW,WOOWOWWW
3,ddelta,478,484,478-484,5,-1.9040314779048781,1.9040314779048781,OWWWOWWW,OOWWOWWW,OWOWOWWW,OOOWOWWW
3,ddelta,478,484,478-484,6,-0.8430742979413982,0.8430742979413982,WWWOOWWW,WOWOOWWW,WWOOOWWW,WOOOOWWW
3,ddelta,478,484,478-484,7,0.940613246223069,0.940613246223069,OWWOOWWW,OOWOOWWW,OWOOOWWW,OOOOOWWW
3,ddelta,478,484,478-484,8,0.9368442748334163,0.9368442748334163,WWWWWOWW,WOWWWOWW,WWOWWOWW,WOOWWOWW
3,ddelta,478,484,478-484,9,1.1604177255293846,1.1604177255293846,OWWWWOWW,OOWWWOWW,OWOWWOWW,OOOWWOWW
3,ddelta,478,484,478-484,10,2.831199174432922,2.831199174432922,WWWOWOWW,WOWOWOWW,WWOOWOWW,WOOOWOWW
3,ddelta,478,484,478-484,11,0.43592108061200835,0.43592108061200835,OWWOWOWW,OOWOWOWW,OWOOWOWW,OOOOWOWW
3,ddelta,478,484,478-484,12,3.848485394970041,3.848485394970041,WWWWOOWW,WOWWOOWW,WWOWOOWW,WOOWOOWW
3,ddelta,478,484,478-484,13,0.7265282229462439,0.7265282229462439,OWWWOOWW,OOWWOOWW,OWOWOOWW,OOOWOOWW
3,ddelta,478,484,478-484,14,-1.959002955666271,1.959002955666271,WWWOOOWW,WOWOOOWW,WWOOOOWW,WOOOOOWW
3,ddelta,478,484,478-484,15,-1.6416814110725595,1.6416814110725595,OWWOOOWW,OOWOOOWW,OWOOOOWW,OOOOOOWW
3,ddelta,478,484,478-484,16,-1.458386693625235,1.458386693625235,WWWWWWOW,WOWWWWOW,WWOWWWOW,WOOWWWOW
3,ddelta,478,484,478-484,17,0.04566134103953351,0.04566134103953351,OWWWWWOW,OOWWWWOW,OWOWWWOW,OOOWWWOW
3,ddelta,478,484,478-484,18,-1.7355536710137907,1.7355536710137907,WWWOWWOW,WOWOWWOW,WWOOWWOW,WOOOWWOW
3,ddelta,478,484,478-484,19,3.6025256160245616,3.6025256160245616,OWWOWWOW,OOWOWWOW,OWOOWWOW,OOOOWWOW
3,ddelta,478,484,478-484,20,-0.5826291430791293,0.5826291430791293,WWWWOWOW,WOWWOWOW,WWOWOWOW,WOOWOWOW
3,ddelta,478,484,478-484,21,1.2109253844267367,1.2109253844267367,OWWWOWOW,OOWWOWOW,OWOWOWOW,OOOWOWOW
3,ddelta,478,484,478-484,22,0.6654094274245855,0.6654094274245855,WWWOOWOW,WOWOOWOW,WWOOOWOW,WOOOOWOW
3,ddelta,478,484,478-484,23,0.2868138822002716,0.2868138822002716,OWWOOWOW,OOWOOWOW,OWOOOWOW,OOOOOWOW
3,ddelta,478,484,478-484,24,-3.15000808191297,3.15000808191297,WWWWWOOW,WOWWWOOW,WWOWWOOW,WOOWWOOW
3,ddelta,478,484,478-484,25,-2.3764360212552544,2.3764360212552544,OWWWWOOW,OOWWWOOW,OWOWWOOW,OOOWWOOW
3,ddelta,478,484,478-484,26,-0.7050218236926777,0.7050218236926777,WWWOWOOW,WOWOWOOW,WWOOWOOW,WOOOWOOW
3,ddelta,478,484,478-484,27,-0.22393285722152517,0.22393285722152517,OWWOWOOW,OOWOWOOW,OWOOWOOW,OOOOWOOW
3,ddelta,478,484,478-484,28,-1.8978349644441008,1.8978349644441008,WWWWOOOW,WOWWOOOW,WWOWOOOW,WOOWOOOW
3,ddelta,478,484,478-484,29,1.1686720881294455,1.1686720881294455,OWWWOOOW,OOWWOOOW,OWOWOOOW,OOOWOOOW
3,ddelta,478,484,478-484,30,-6.643842288384561,6.643842288384561,WWWOOOOW,WOWOOOOW,WWOOOOOW,WOOOOOOW
3,ddelta,478,484,478-484,31,-7.850818656066481,7.850818656066481,OWWOOOOW,OOWOOOOW,OWOOOOOW,OOOOOOOW
3,ddelta,478,484,478-484,32,0.6062565494128538,0.6062565494128538,WWWWWWWO,WOWWWWWO,WWOWWWWO,WOOWWWWO
3,ddelta,478,484,478-484,33,-1.0712760869153692,1.0712760869153692,OWWWWWWO,OOWWWWWO,OWOWWWWO,OOOWWWWO
3,ddelta,478,484,478-484,34,-0.44625829673576534,0.44625829673576534,WWWOWWWO,WOWOWWWO,WWOOWWWO,WOOOWWWO
3,ddelta,478,484,478-484,35,-0.19707074118721057,0.19707074118721057,OWWOWWWO,OOWOWWWO,OWOOWWWO,OOOOWWWO
3,ddelta,478,484,478-484,36,2.5472077599430123,2.5472077599430123,WWWWOWWO,WOWWOWWO,WWOWOWWO,WOOWOWWO
3,ddelta,478,484,478-484,37,5.813388096503808,5.813388096503808,OWWWOWWO,OOWWOWWO,OWOWOWWO,OOOWOWWO
3,ddelta,478,484,478-484,38,-1.9728278197146671,1.9728278197146671,WWWOOWWO,WOWOOWWO,WWOOOWWO,WOOOOWWO
3,ddelta,478,484,478-484,39,2.560199954847007,2.560199954847007,OWWOOWWO,OOWOOWWO,OWOOOWWO,OOOOOWWO
3,ddelta,478,484,478-484,40,4.945346380665066,4.945346380665066,WWWWWOWO,WOWWWOWO,WWOWWOWO,WOOWWOWO
3,ddelta,478,484,478-484,41,-0.9266119440540939,0.9266119440540939,OWWWWOWO,OOWWWOWO,OWOWWOWO,OOOWWOWO
3,ddelta,478,484,478-484,42,2.57068997772979,2.57068997772979,WWWOWOWO,WOWOWOWO,WWOOWOWO,WOOOWOWO
3,ddelta,478,484,478-484,43,-0.5667047894800468,0.5667047894800468,OWWOWOWO,OOWOWOWO,OWOOWOWO,OOOOWOWO
3,ddelta,478,484,478-484,44,1.5411439004010055,1.5411439004010055,WWWWOOWO,WOWWOOWO,WWOWOOWO,WOOWOOWO
3,ddelta,478,484,478-484,45,4.24138280086227,4.24138280086227,OWWWOOWO,OOWWOOWO,OWOWOOWO,OOOWOOWO
3,ddelta,478,484,478-484,46,-1.5061901884487119,1.5061901884487119,WWWOOOWO,WOWOOOWO,WWOOOOWO,WOOOOOWO
3,ddelta,478,484,478-484,47,3.62990502478469,3.62990502478469,OWWOOOWO,OOWOOOWO,OWOOOOWO,OOOOOOWO
3,ddelta,478,484,478-484,48,-1.7764804389323883,1.7764804389323883,WWWWWWOO,WOWWWWOO,WWOWWWOO,WOOWWWOO
3,ddelta,478,484,478-484,49,1.3718778947696706,1.3718778947696706,OWWWWWOO,OOWWWWOO,OWOWWWOO,OOOWWWOO
3,ddelta,478,484,478-484,50,-0.6426729001887219,0.6426729001887219,WWWOWWOO,WOWOWWOO,WWOOWWOO,WOOOWWOO
3,ddelta,478,484,478-484,51,-0.6674662919873489,0.6674662919873489,OWWOWWOO,OOWOWWOO,OWOOWWOO,OOOOWWOO
3,ddelta,478,484,478-484,52,-0.23060620854369274,0.23060620854369274,WWWWOWOO,WOWWOWOO,WWOWOWOO,WOOWOWOO
3,ddelta,478,484,478-484,53,-0.19359121056021505,0.19359121056021505,OWWWOWOO,OOWWOWOO,OWOWOWOO,OOOWOWOO
3,ddelta,478,484,478-484,54,-0.5719292632400521,0.5719292632400521,WWWOOWOO,WOWOOWOO,WWOOOWOO,WOOOOWOO
3,ddelta,478,484,478-484,55,6.2032823008693265,6.2032823008693265,OWWOOWOO,OOWOOWOO,OWOOOWOO,OOOOOWOO
3,ddelta,478,484,478-484,56,-4.144201742863365,4.144201742863365,WWWWWOOO,WOWWWOOO,WWOWWOOO,WOOWWOOO
3,ddelta,478,484,478-484,57,0.09182963207270167,0.09182963207270167,OWWWWOOO,OOWWWOOO,OWOWWOOO,OOOWWOOO
3,ddelta,478,484,478-484,58,2.911877923243805,2.911877923243805,WWWOWOOO,WOWOWOOO,WWOOWOOO,WOOOWOOO
3,ddelta,478,484,478-484,59,0.9804936338926384,0.9804936338926384,OWWOWOOO,OOWOWOOO,OWOOWOOO,OOOOWOOO
3,ddelta,478,484,478-484,60,-3.1779445564457434,3.1779445564457434,WWWWOOOO,WOWWOOOO,WWOWOOOO,WOOWOOOO
3,ddelta,478,484,478-484,61,-3.1767937966837527,3.1767937966837527,OWWWOOOO,OOWWOOOO,OWOWOOOO,OOOWOOOO
3,ddelta,478,484,478-484,62,-1.3352241062179304,1.3352241062179304,WWWOOOOO,WOWOOOOO,WWOOOOOO,WOOOOOOO
3,ddelta,478,484,478-484,63,3.8231516269123045,3.8231516269123045,OWWOOOOO,OOWOOOOO,OWOOOOOO,OOOOOOOO
3,ddelta,478,493,478-493,0,-1.3004574445180788,1.3004574445180788,WWWWWWWW,WOWWWWWW,WWWOWWWW,WOWOWWWW
3,ddelta,478,493,478-493,1,-3.2617702980085377,3.2617702980085377,OWWWWWWW,OOWWWWWW,OWWOWWWW,OOWOWWWW
3,ddelta,478,493,478-493,2,-0.7451050964517285,0.7451050964517285,WWOWWWWW,WOOWWWWW,WWOOWWWW,WOOOWWWW
3,ddelta,478,493,478-493,3,-1.7360292911594906,1.7360292911594906,OWOWWWWW,OOOWWWWW,OWOOWWWW,OOOOWWWW
3,ddelta,478,493,478-493,4,0.1090790413135132,0.1090790413135132,WWWWOWWW,WOWWOWWW,WWWOOWWW,WOWOOWWW
3,ddelta,478,493,478-493,5,-2.116801140580979,2.116801140580979,OWWWOWWW,OOWWOWWW,OWWOOWWW,OOWOOWWW
3,ddelta,478,493,478-493,6,-0.43143724862484567,0.43143724862484567,WWOWOWWW,WOOWOWWW,WWOOOWWW,WOOOOWWW
3,ddelta,478,493,478-493,7,0.7278435835469683,0.7278435835469683,OWOWOWWW,OOOWOWWW,OWOOOWWW,OOOOOWWW
3,ddelta,478,493,478-493,8,-2.0000188052090855,2.0000188052090855,WWWWWOWW,WOWWWOWW,WWWOWOWW,WOWOWOWW
3,ddelta,478,493,478-493,9,1.3563574416934088,1.3563574416934088,OWWWWOWW,OOWWWOWW,OWWOWOWW,OOWOWOWW
3,ddelta,478,493,478-493,10,-0.10566390560957917,0.10566390560957917,WWOWWOWW,WOOWWOWW,WWOOWOWW,WOOOWOWW
3,ddelta,478,493,478-493,11,0.6318607967760324,0.6318607967760324,OWOWWOWW,OOOWWOWW,OWOOWOWW,OOOOWOWW
3,ddelta,478,493,478-493,12,5.508681495815374,5.508681495815374,WWWWOOWW,WOWWOOWW,WWWOOOWW,WOWOOOWW
3,ddelta,478,493,478-493,13,1.1627582398317946,1.1627582398317946,OWWWOOWW,OOWWOOWW,OWWOOOWW,OOWOOOWW
3,ddelta,478,493,478-493,14,-0.2988068548209377,0.2988068548209377,WWOWOOWW,WOOWOOWW,WWOOOOWW,WOOOOOWW
3,ddelta,478,493,478-493,15,-1.2054513941870089,1.2054513941870089,OWOWOOWW,OOOWOOWW,OWOOOOWW,OOOOOOWW
3,ddelta,478,493,478-493,16,2.8792820703906576,2.8792820703906576,WWWWWWOW,WOWWWWOW,WWWOWWOW,WOWOWWOW
3,ddelta,478,493,478-493,17,-1.1204132275026104,1.1204132275026104,OWWWWWOW,OOWWWWOW,OWWOWWOW,OOWOWWOW
3,ddelta,478,493,478-493,18,2.602115093002102,2.602115093002102,WWOWWWOW,WOOWWWOW,WWOOWWOW,WOOOWWOW
3,ddelta,478,493,478-493,19,2.4364510474824175,2.4364510474824175,OWOWWWOW,OOOWWWOW,OWOOWWOW,OOOOWWOW
3,ddelta,478,493,478-493,20,-2.5152675027491025,2.5152675027491025,WWWWOWOW,WOWWOWOW,WWWOOWOW,WOWOOWOW
3,ddelta,478,493,478-493,21,1.4572171231323883,1.4572171231323883,OWWWOWOW,OOWWOWOW,OWWOOWOW,OOWOOWOW
3,ddelta,478,493,478-493,22,-1.2672289322453878,1.2672289322453878,WWOWOWOW,WOOWOWOW,WWOOOWOW,WOOOOWOW
3,ddelta,478,493,478-493,23,0.5331056209059232,0.5331056209059232,OWOWOWOW,OOOWOWOW,OWOOOWOW,OOOOOWOW
3,ddelta,478,493,478-493,24,1.2680829168054446,1.2680829168054446,WWWWWOOW,WOWWWOOW,WWWOWOOW,WOWOWOOW
3,ddelta,478,493,478-493,25,-1.293969715409007,1.293969715409007,OWWWWOOW,OOWWWOOW,OWWOWOOW,OOWOWOOW
3,ddelta,478,493,478-493,26,3.713069175025737,3.713069175025737,WWOWWOOW,WOOWWOOW,WWOOWOOW,WOOOWOOW
3,ddelta,478,493,478-493,27,0.8585334486247221,0.8585334486247221,OWOWWOOW,OOOWWOOW,OWOOWOOW,OOOOWOOW
3,ddelta,478,493,478-493,28,1.0779908685832,1.0779908685832,WWWWOOOW,WOWWOOOW,WWWOOOOW,WOWOOOOW
3,ddelta,478,493,478-493,29,1.8887623485705483,1.8887623485705483,OWWWOOOW,OOWWOOOW,OWWOOOOW,OOWOOOOW
3,ddelta,478,493,478-493,30,-3.66801645535726,3.66801645535726,WWOWOOOW,WOOWOOOW,WWOOOOOW,WOOOOOOW
3,ddelta,478,493,478-493,31,-7.130728395625378,7.130728395625378,OWOWOOOW,OOOWOOOW,OWOOOOOW,OOOOOOOW
3,ddelta,478,493,478-493,32,1.8182292885495452,1.8182292885495452,WWWWWWWO,WOWWWWWO,WWWOWWWO,WOWOWWWO
3,ddelta,478,493,478-493,33,1.8670873444400071,1.8670873444400071,OWWWWWWO,OOWWWWWO,OWWOWWWO,OOWOWWWO
3,ddelta,478,493,478-493,34,0.7657144424009259,0.7657144424009259,WWOWWWWO,WOOWWWWO,WWOOWWWO,WOOOWWWO
3,ddelta,478,493,478-493,35,2.741292690168166,2.741292690168166,OWOWWWWO,OOOWWWWO,OWOOWWWO,OOOOWWWO
3,ddelta,478,493,478-493,36,2.0954134105948956,2.0954134105948956,WWWWOWWO,WOWWOWWO,WWWOOWWO,WOWOOWWO
3,ddelta,478,493,478-493,37,1.660459128999525,1.660459128999525,OWWWOWWO,OOWWOWWO,OWWOOWWO,OOWOOWWO
3,ddelta,478,493,478-493,38,-2.424622169062784,2.424622169062784,WWOWOWWO,WOOWOWWO,WWOOOWWO,WOOOOWWO
3,ddelta,478,493,478-493,39,-1.5927290126572764,1.5927290126572764,OWOWOWWO,OOOWOWWO,OWOOOWWO,OOOOOWWO
3,ddelta,478,493,478-493,40,-1.1513187111519856,1.1513187111519856,WWWWWOWO,WOWWWOWO,WWWOWOWO,WOWOWOWO
3,ddelta,478,493,478-493,41,-0.6974179399180372,0.6974179399180372,OWWWWOWO,OOWWWOWO,OWWOWOWO,OOWOWOWO
3,ddelta,478,493,478-493,42,-3.525975114087262,3.525975114087262,WWOWWOWO,WOOWWOWO,WWOOWOWO,WOOOWOWO
3,ddelta,478,493,478-493,43,-0.33751078534399026,0.33751078534399026,OWOWWOWO,OOOWWOWO,OWOOWOWO,OOOOWOWO
3,ddelta,478,493,478-493,44,-0.032936525195545796,0.032936525195545796,WWWWOOWO,WOWWOOWO,WWWOOOWO,WOWOOOWO
3,ddelta,478,493,478-493,45,0.23027655871735853,0.23027655871735853,OWWWOOWO,OOWWOOWO,OWWOOOWO,OOWOOOWO
3,ddelta,478,493,478-493,46,-3.080270614045263,3.080270614045263,WWOWOOWO,WOOWOOWO,WWOOOOWO,WOOOOOWO
3,ddelta,478,493,478-493,47,-0.38120121736022194,0.38120121736022194,OWOWOOWO,OOOWOOWO,OWOOOOWO,OOOOOOWO
3,ddelta,478,493,478-493,48,-0.9879772717907322,0.9879772717907322,WWWWWWOO,WOWWWWOO,WWWOWWOO,WOWOWWOO
3,ddelta,478,493,478-493,49,-0.43459298096336696,0.43459298096336696,OWWWWWOO,OOWWWWOO,OWWOWWOO,OOWOWWOO
3,ddelta,478,493,478-493,50,0.14583026695293377,0.14583026695293377,WWOWWWOO,WOOWWWOO,WWOOWWOO,WOOOWWOO
3,ddelta,478,493,478-493,51,-2.4739371677203863,2.4739371677203863,OWOWWWOO,OOOWWWOO,OWOOWWOO,OOOOWWOO
3,ddelta,478,493,478-493,52,2.8629874327727043,2.8629874327727043,WWWWOWOO,WOWWOWOO,WWWOOWOO,WOWOOWOO
3,ddelta,478,493,478-493,53,-7.035210810468005,7.035210810468005,OWWWOWOO,OOWWOWOO,OWWOOWOO,OOWOOWOO
3,ddelta,478,493,478-493,54,2.521664378076345,2.521664378076345,WWOWOWOO,WOOWOWOO,WWOOOWOO,WOOOOWOO
3,ddelta,478,493,478-493,55,-0.6383372990384638,0.6383372990384638,OWOWOWOO,OOOWOWOO,OWOOOWOO,OOOOOWOO
3,ddelta,478,493,478-493,56,-5.724880515022829,5.724880515022829,WWWWWOOO,WOWWWOOO,WWWOWOOO,WOWOWOOO
3,ddelta,478,493,478-493,57,-0.5494279240295874,0.5494279240295874,OWWWWOOO,OOWWWOOO,OWWOWOOO,OOWOWOOO
3,ddelta,478,493,478-493,58,1.331199151084342,1.331199151084342,WWOWWOOO,WOOWWOOO,WWOOWOOO,WOOOWOOO
3,ddelta,478,493,478-493,59,0.3392360777903497,0.3392360777903497,OWOWWOOO,OOOWWOOO,OWOOWOOO,OOOOWOOO
3,ddelta,478,493,478-493,60,-2.901190548517493,2.901190548517493,WWWWOOOO,WOWWOOOO,WWWOOOOO,WOWOOOOO
3,ddelta,478,493,478-493,61,-4.1068262094533825,4.1068262094533825,OWWWOOOO,OOWWOOOO,OWWOOOOO,OOWOOOOO
3,ddelta,478,493,478-493,62,-1.05847009828968,1.05847009828968,WWOWOOOO,WOOWOOOO,WWOOOOOO,WOOOOOOO
3,ddelta,478,493,478-493,63,2.8931192141426747,2.8931192141426747,OWOWOOOO,OOOWOOOO,OWOOOOOO,OOOOOOOO
3,ddelta,478,496,478-496,0,0.5747139449385403,0.5747139449385403,WWWWWWWW,WOWWWWWW,WWWWOWWW,WOWWOWWW
3,ddelta,478,496,478-496,1,0.4761300554729583,0.4761300554729583,OWWWWWWW,OOWWWWWW,OWWWOWWW,OOWWOWWW
3,ddelta,478,496,478-496,2,-1.2209650872772033,1.2209650872772033,WWOWWWWW,WOOWWWWW,WWOWOWWW,WOOWOWWW
3,ddelta,478,496,478-496,3,-0.6159371820203908,0.6159371820203908,OWOWWWWW,OOOWWWWW,OWOWOWWW,OOOWOWWW
3,ddelta,478,496,478-496,4,1.9842504307701323,1.9842504307701323,WWWOWWWW,WOWOWWWW,WWWOOWWW,WOWOOWWW
3,ddelta,478,496,478-496,5,1.621099212900517,1.621099212900517,OWWOWWWW,OOWOWWWW,OWWOOWWW,OOWOOWWW
3,ddelta,478,496,478-496,6,-0.9072972394503203,0.9072972394503203,WWOOWWWW,WOOOWWWW,WWOOOWWW,WOOOOWWW
3,ddelta,478,496,478-496,7,1.8479356926860682,1.8479356926860682,OWOOWWWW,OOOOWWWW,OWOOOWWW,OOOOOWWW
3,ddelta,478,496,478-496,8,-3.243123545003137,3.243123545003137,WWWWWOWW,WOWWWOWW,WWWWOOWW,WOWWOOWW
3,ddelta,478,496,478-496,9,1.5190974521384883,1.5190974521384883,OWWWWOWW,OOWWWOWW,OWWWOOWW,OOWWOOWW
3,ddelta,478,496,478-496,10,-0.3314824248665127,0.3314824248665127,WWOWWOWW,WOOWWOWW,WWOWOOWW,WOOWOOWW
3,ddelta,478,496,478-496,11,1.0852079495553477,1.0852079495553477,OWOWWOWW,OOOWWOWW,OWOWOOWW,OOOWOOWW
3,ddelta,478,496,478-496,12,4.265576756021322,4.265576756021322,WWWOWOWW,WOWOWOWW,WWWOOOWW,WOWOOOWW
3,ddelta,478,496,478-496,13,1.3254982502768742,1.3254982502768742,OWWOWOWW,OOWOWOWW,OWWOOOWW,OOWOOOWW
3,ddelta,478,496,478-496,14,-0.5246253740778712,0.5246253740778712,WWOOWOWW,WOOOWOWW,WWOOOOWW,WOOOOOWW
3,ddelta,478,496,478-496,15,-0.7521042414076935,0.7521042414076935,OWOOWOWW,OOOOWOWW,OWOOOOWW,OOOOOOWW
3,ddelta,478,496,478-496,16,2.5273746352833464,2.5273746352833464,WWWWWWOW,WOWWWWOW,WWWWOWOW,WOWWOWOW
3,ddelta,478,496,478-496,17,-0.623150454963707,0.623150454963707,OWWWWWOW,OOWWWWOW,OWWWOWOW,OOWWOWOW
3,ddelta,478,496,478-496,18,3.403132185829452,3.403132185829452,WWOWWWOW,WOOWWWOW,WWOWOWOW,WOOWOWOW
3,ddelta,478,496,478-496,19,0.5421135884234962,0.5421135884234962,OWOWWWOW,OOOWWWOW,OWOWOWOW,OOOWOWOW
3,ddelta,478,496,478-496,20,-2.8671749378564138,2.8671749378564138,WWWOWWOW,WOWOWWOW,WWWOOWOW,WOWOOWOW
3,ddelta,478,496,478-496,21,1.9544798956712917,1.9544798956712917,OWWOWWOW,OOWOWWOW,OWWOOWOW,OOWOOWOW
3,ddelta,478,496,478-496,22,-0.46621183941803745,0.46621183941803745,WWOOWWOW,WOOOWWOW,WWOOOWOW,WOOOOWOW
3,ddelta,478,496,478-496,23,-1.3612318381529982,1.3612318381529982,OWOOWWOW,OOOOWWOW,OWOOOWOW,OOOOOWOW
3,ddelta,478,496,478-496,24,1.5035575883698324,1.5035575883698324,WWWWWOOW,WOWWWOOW,WWWWOOOW,WOWWOOOW
3,ddelta,478,496,478-496,25,-1.5406193337491,1.5406193337491,OWWWWOOW,OOWWWOOW,OWWWOOOW,OOWWOOOW
3,ddelta,478,496,478-496,26,2.7557307058387015,2.7557307058387015,WWOWWOOW,WOOWWOOW,WWOWOOOW,WOOWOOOW
3,ddelta,478,496,478-496,27,2.0044887756355996,2.0044887756355996,OWOWWOOW,OOOWWOOW,OWOWOOOW,OOOWOOOW
3,ddelta,478,496,478-496,28,1.3134655401475877,1.3134655401475877,WWWOWOOW,WOWOWOOW,WWWOOOOW,WOWOOOOW
3,ddelta,478,496,478-496,29,1.6421127302304548,1.6421127302304548,OWWOWOOW,OOWOWOOW,OWWOOOOW,OOWOOOOW
3,ddelta,478,496,478-496,30,-4.625354924544295,4.625354924544295,WWOOWOOW,WOOOWOOW,WWOOOOOW,WOOOOOOW
3,ddelta,478,496,478-496,31,-5.984773068614501,5.984773068614501,OWOOWOOW,OOOOWOOW,OWOOOOOW,OOOOOOOW
3,ddelta,478,496,478-496,32,-1.493314134972595,1.493314134972595,WWWWWWWO,WOWWWWWO,WWWWOWWO,WOWWOWWO
3,ddelta,478,496,478-496,33,-2.367764561024812,2.367764561024812,OWWWWWWO,OOWWWWWO,OWWWOWWO,OOWWOWWO
3,ddelta,478,496,478-496,34,0.44763707555756355,0.44763707555756355,WWOWWWWO,WOOWWWWO,WWOWOWWO,WOOWOWWO
3,ddelta,478,496,478-496,35,4.516899622394366,4.516899622394366,OWOWWWWO,OOOWWWWO,OWOWOWWO,OOOWOWWO
3,ddelta,478,496,478-496,36,-1.2161300129272448,1.2161300129272448,WWWOWWWO,WOWOWWWO,WWWOOWWO,WOWOOWWO
3,ddelta,478,496,478-496,37,-2.5743927764652943,2.5743927764652943,OWWOWWWO,OOWOWWWO,OWWOOWWO,OOWOOWWO
3,ddelta,478,496,478-496,38,-2.7426995359061466,2.7426995359061466,WWOOWWWO,WOOOWWWO,WWOOOWWO,WOOOOWWO
3,ddelta,478,496,478-496,39,0.18287791956892352,0.18287791956892352,OWOOWWWO,OOOOWWWO,OWOOOWWO,OOOOOWWO
3,ddelta,478,496,478-496,40,-0.8267771898385069,0.8267771898385069,WWWWWOWO,WOWWWOWO,WWWWOOWO,WOWWOOWO
3,ddelta,478,496,478-496,41,-2.4639277223379454,2.4639277223379454,OWWWWOWO,OOWWWOWO,OWWWOOWO,OOWWOOWO
3,ddelta,478,496,478-496,42,-4.2309796701025695,4.2309796701025695,WWOWWOWO,WOOWWOWO,WWOWOOWO,WOOWOOWO
3,ddelta,478,496,478-496,43,2.7040670225784185,2.7040670225784185,OWOWWOWO,OOOWWOWO,OWOWOOWO,OOOWOOWO
3,ddelta,478,496,478-496,44,0.29160499611793267,0.29160499611793267,WWWOWOWO,WOWOWOWO,WWWOOOWO,WOWOOOWO
3,ddelta,478,496,478-496,45,-1.5362332237025496,1.5362332237025496,OWWOWOWO,OOWOWOWO,OWWOOOWO,OOWOOOWO
3,ddelta,478,496,478-496,46,-3.785275170060569,3.785275170060569,WWOOWOWO,WOOOWOWO,WWOOOOWO,WOOOOOWO
3,ddelta,478,496,478-496,47,2.660376590562187,2.660376590562187,OWOOWOWO,OOOOWOWO,OWOOOOWO,OOOOOOWO
3,ddelta,478,496,478-496,48,0.8627070230735915,0.8627070230735915,WWWWWWOO,WOWWWWOO,WWWWOWOO,WOWWOWOO
3,ddelta,478,496,478-496,49,2.5484098512444793,2.5484098512444793,OWWWWWOO,OOWWWWOO,OWWWOWOO,OOWWOWOO
3,ddelta,478,496,478-496,50,2.408581253462287,2.408581253462287,WWOWWWOO,WOOWWWOO,WWOWOWOO,WOOWOWOO
3,ddelta,478,496,478-496,51,0.9829407459145938,0.9829407459145938,OWOWWWOO,OOOWWWOO,OWOWOWOO,OOOWOWOO
3,ddelta,478,496,478-496,52,4.713671727637028,4.713671727637028,WWWOWWOO,WOWOWWOO,WWWOOWOO,WOWOOWOO
3,ddelta,478,496,478-496,53,-4.052207978260158,4.052207978260158,OWWOWWOO,OOWOWWOO,OWWOOWOO,OOWOOWOO
3,ddelta,478,496,478-496,54,4.784415364585698,4.784415364585698,WWOOWWOO,WOOOWWOO,WWOOOWOO,WOOOOWOO
3,ddelta,478,496,478-496,55,2.8185406145965164,2.8185406145965164,OWOOWWOO,OOOOWWOO,OWOOOWOO,OOOOOWOO
3,ddelta,478,496,478-496,56,-0.6762218444266572,0.6762218444266572,WWWWWOOO,WOWWWOOO,WWWWOOOO,WOWWOOOO
3,ddelta,478,496,478-496,57,3.360176187439592,3.360176187439592,OWWWWOOO,OOWWWOOO,OWWWOOOO,OOWWOOOO
3,ddelta,478,496,478-496,58,0.2900353419909649,0.2900353419909649,WWOWWOOO,WOOWWOOO,WWOWOOOO,WOOWOOOO
3,ddelta,478,496,478-496,59,0.09155275868313717,0.09155275868313717,OWOWWOOO,OOOWWOOO,OWOWOOOO,OOOWOOOO
3,ddelta,478,496,478-496,60,2.147468122078678,2.147468122078678,WWWOWOOO,WOWOWOOO,WWWOOOOO,WOWOOOOO
3,ddelta,478,496,478-496,61,-0.19722209798420343,0.19722209798420343,OWWOWOOO,OOWOWOOO,OWWOOOOO,OOWOOOOO
3,ddelta,478,496,478-496,62,-2.0996339073830574,2.0996339073830574,WWOOWOOO,WOOOWOOO,WWOOOOOO,WOOOOOOO
3,ddelta,478,496,478-496,63,2.6454358950354626,2.6454358950354626,OWOOWOOO,OOOOWOOO,OWOOOOOO,OOOOOOOO
3,ddelta,478,498,478-498,0,0.27137286854969944,0.27137286854969944,WWWWWWWW,WOWWWWWW,WWWWWOWW,WOWWWOWW
3,ddelta,478,498,478-498,1,-2.1649642191796907,2.1649642191796907,OWWWWWWW,OOWWWWWW,OWWWWOWW,OOWWWOWW
3,ddelta,478,498,478-498,2,-0.28490388082958895,0.28490388082958895,WWOWWWWW,WOOWWWWW,WWOWWOWW,WOOWWOWW
3,ddelta,478,498,478-498,3,-0.1925822532387772,0.1925822532387772,OWOWWWWW,OOOWWWWW,OWOWWOWW,OOOWWOWW
3,ddelta,478,498,478-498,4,-0.42818849214130705,0.42818849214130705,WWWOWWWW,WOWOWWWW,WWWOWOWW,WOWOWOWW
3,ddelta,478,498,478-498,5,2.4531635205222555,2.4531635205222555,OWWOWWWW,OOWOWWWW,OWWOWOWW,OOWOWOWW
3,ddelta,478,498,478-498,6,0.3545373100125606,0.3545373100125606,WWOOWWWW,WOOOWWWW,WWOOWOWW,WOOOWOWW
3,ddelta,478,498,478-498,7,2.175307834696746,2.175307834696746,OWOOWWWW,OOOOWWWW,OWOOWOWW,OOOOWOWW
3,ddelta,478,498,478-498,8,-3.546464621391978,3.546464621391978,WWWWOWWW,WOWWOWWW,WWWWOOWW,WOWWOOWW
3,ddelta,478,498,478-498,9,-1.1219968225141606,1.1219968225141606,OWWWOWWW,OOWWOWWW,OWWWOOWW,OOWWOOWW
3,ddelta,478,498,478-498,10,0.6045787815811017,0.6045787815811017,WWOWOWWW,WOOWOWWW,WWOWOOWW,WOOWOOWW
3,ddelta,478,498,478-498,11,1.5085628783369613,1.5085628783369613,OWOWOWWW,OOOWOWWW,OWOWOOWW,OOOWOOWW
3,ddelta,478,498,478-498,12,1.8531378331098827,1.8531378331098827,WWWOOWWW,WOWOOWWW,WWWOOOWW,WOWOOOWW
3,ddelta,478,498,478-498,13,2.1575625578986126,2.1575625578986126,OWWOOWWW,OOWOOWWW,OWWOOOWW,OOWOOOWW
3,ddelta,478,498,478-498,14,0.7372091753850096,0.7372091753850096,WWOOOWWW,WOOOOWWW,WWOOOOWW,WOOOOOWW
3,ddelta,478,498,478-498,15,-0.4247320993970156,0.4247320993970156,OWOOOWWW,OOOOOWWW,OWOOOOWW,OOOOOOWW
3,ddelta,478,498,478-498,16,0.5261475811550483,0.5261475811550483,WWWWWWOW,WOWWWWOW,WWWWWOOW,WOWWWOOW
3,ddelta,478,498,478-498,17,2.3222509841397314,2.3222509841397314,OWWWWWOW,OOWWWWOW,OWWWWOOW,OOWWWOOW
3,ddelta,478,498,478-498,18,-1.1654738071326867,1.1654738071326867,WWOWWWOW,WOOWWWOW,WWOWWOOW,WOOWWOOW
3,ddelta,478,498,478-498,19,-0.09984637815505638,0.09984637815505638,OWOWWWOW,OOOWWWOW,OWOWWOOW,OOOWWOOW
3,ddelta,478,498,478-498,20,-1.0850515724301646,1.0850515724301646,WWWOWWOW,WOWOWWOW,WWWOWOOW,WOWOWOOW
3,ddelta,478,498,478-498,21,2.1486944962333347,2.1486944962333347,OWWOWWOW,OOWOWWOW,OWWOWOOW,OOWOWOOW
3,ddelta,478,498,478-498,22,-0.054519725109051786,0.054519725109051786,WWOOWWOW,WOOOWWOW,WWOOWOOW,WOOOWOOW
3,ddelta,478,498,478-498,23,-1.677763977012752,1.677763977012752,OWOOWWOW,OOOOWWOW,OWOOWOOW,OOOOWOOW
3,ddelta,478,498,478-498,24,-0.49766946575846593,0.49766946575846593,WWWWOWOW,WOWWOWOW,WWWWOOOW,WOWWOOOW
3,ddelta,478,498,478-498,25,1.4047821053543383,1.4047821053543383,OWWWOWOW,OOWWOWOW,OWWWOOOW,OOWWOOOW
3,ddelta,478,498,478-498,26,-1.8128752871234375,1.8128752871234375,WWOWOWOW,WOOWOWOW,WWOWOOOW,WOOWOOOW
3,ddelta,478,498,478-498,27,1.362528809057047,1.362528809057047,OWOWOWOW,OOOWOWOW,OWOWOOOW,OOOWOOOW
3,ddelta,478,498,478-498,28,3.095588905573837,3.095588905573837,WWWOOWOW,WOWOOWOW,WWWOOOOW,WOWOOOOW
3,ddelta,478,498,478-498,29,1.836327330792498,1.836327330792498,OWWOOWOW,OOWOOWOW,OWWOOOOW,OOWOOOOW
3,ddelta,478,498,478-498,30,-4.213662810235309,4.213662810235309,WWOOOWOW,WOOOOWOW,WWOOOOOW,WOOOOOOW
3,ddelta,478,498,478-498,31,-6.301305207474255,6.301305207474255,OWOOOWOW,OOOOOWOW,OWOOOOOW,OOOOOOOW
3,ddelta,478,498,478-498,32,1.6103875391106008,1.6103875391106008,WWWWWWWO,WOWWWWWO,WWWWWOWO,WOWWWOWO
3,ddelta,478,498,478-498,33,1.2533872041943177,1.2533872041943177,OWWWWWWO,OOWWWWWO,OWWWWOWO,OOWWWOWO
3,ddelta,478,498,478-498,34,5.949477370362814,5.949477370362814,WWOWWWWO,WOOWWWWO,WWOWWOWO,WOOWWOWO
3,ddelta,478,498,478-498,35,1.3980513470555933,1.3980513470555933,OWOWWWWO,OOOWWWWO,OWOWWOWO,OOOWWOWO
3,ddelta,478,498,478-498,36,-1.3591604605909295,1.3591604605909295,WWWOWWWO,WOWOWWWO,WWWOWOWO,WOWOWOWO
3,ddelta,478,498,478-498,37,-1.3111180801637268,1.3111180801637268,OWWOWWWO,OOWOWWWO,OWWOWOWO,OOWOWOWO
3,ddelta,478,498,478-498,38,1.6577878138746254,1.6577878138746254,WWOOWWWO,WOOOWWWO,WWOOWOWO,WOOOWOWO
3,ddelta,478,498,478-498,39,-1.6807521284565627,1.6807521284565627,OWOOWWWO,OOOOWWWO,OWOOWOWO,OOOOWOWO
3,ddelta,478,498,478-498,40,2.276924484244689,2.276924484244689,WWWWOWWO,WOWWOWWO,WWWWOOWO,WOWWOOWO
3,ddelta,478,498,478-498,41,1.1572240428811846,1.1572240428811846,OWWWOWWO,OOWWOWWO,OWWWOOWO,OOWWOOWO
3,ddelta,478,498,478-498,42,1.2708606247026824,1.2708606247026824,WWOWOWWO,WOOWOWWO,WWOWOOWO,WOOWOOWO
3,ddelta,478,498,478-498,43,-0.41478125276035405,0.41478125276035405,OWOWOWWO,OOOWOWWO,OWOWOOWO,OOOWOOWO
3,ddelta,478,498,478-498,44,0.14857454845424756,0.14857454845424756,WWWOOWWO,WOWOOWWO,WWWOOOWO,WOWOOOWO
3,ddelta,478,498,478-498,45,-0.27295852740098203,0.27295852740098203,OWWOOWWO,OOWOOWWO,OWWOOOWO,OOWOOOWO
3,ddelta,478,498,478-498,46,0.6152121797202029,0.6152121797202029,WWOOOWWO,WOOOOWWO,WWOOOOWO,WOOOOOWO
3,ddelta,478,498,478-498,47,0.7967465425367006,0.7967465425367006,OWOOOWWO,OOOOOWWO,OWOOOOWO,OOOOOOWO
3,ddelta,478,498,478-498,48,4.864857121118168,4.864857121118168,WWWWWWOO,WOWWWWOO,WWWWWOOO,WOWWWOOO
3,ddelta,478,498,478-498,49,-0.13835016687088741,0.13835016687088741,OWWWWWOO,OOWWWWOO,OWWWWOOO,OOWWWOOO
3,ddelta,478,498,478-498,50,2.497135817187191,2.497135817187191,WWOWWWOO,WOOWWWOO,WWOWWOOO,WOOWWOOO
3,ddelta,478,498,478-498,51,-1.4183984295678562,1.4183984295678562,OWOWWWOO,OOOWWWOO,OWOWWOOO,OOOWWOOO
3,ddelta,478,498,478-498,52,0.12795387788607204,0.12795387788607204,WWWOWWOO,WOWOWWOO,WWWOWOOO,WOWOWOOO
3,ddelta,478,498,478-498,53,-0.25318510993710786,0.25318510993710786,OWWOWWOO,OOWOWWOO,OWWOWOOO,OOWOWOOO
3,ddelta,478,498,478-498,54,3.682504701318599,3.682504701318599,WWOOWWOO,WOOOWWOO,WWOOWOOO,WOOOWOOO
3,ddelta,478,498,478-498,55,1.3947748159428797,1.3947748159428797,OWOOWWOO,OOOOWWOO,OWOOWOOO,OOOOWOOO
3,ddelta,478,498,478-498,56,3.3259282536179193,3.3259282536179193,WWWWOWOO,WOWWOWOO,WWWWOOOO,WOWWOOOO
3,ddelta,478,498,478-498,57,0.6734161693242249,0.6734161693242249,OWWWOWOO,OOWWOWOO,OWWWOOOO,OOWWOOOO
3,ddelta,478,498,478-498,58,0.3785899057158688,0.3785899057158688,WWOWOWOO,WOOWOWOO,WWOWOOOO,WOOWOOOO
3,ddelta,478,498,478-498,59,-2.309786416799313,2.309786416799313,OWOWOWOO,OOOWOWOO,OWOWOOOO,OOOWOOOO
3,ddelta,478,498,478-498,60,-2.4382497276722774,2.4382497276722774,WWWOOWOO,WOWOOWOO,WWWOOOOO,WOWOOOOO
3,ddelta,478,498,478-498,61,3.6018007703388477,3.6018007703388477,OWWOOWOO,OOWOOWOO,OWWOOOOO,OOWOOOOO
3,ddelta,478,498,478-498,62,-3.2015445706501557,3.2015445706501557,WWOOOWOO,WOOOOWOO,WWOOOOOO,WOOOOOOO
3,ddelta,478,498,478-498,63,1.221670096381826,1.221670096381826,OWOOOWOO,OOOOOWOO,OWOOOOOO,OOOOOOOO
3,ddelta,478,501,478-501,0,-1.1240608232969824,1.1240608232969824,WWWWWWWW,WOWWWWWW,WWWWWWOW,WOWWWWOW
3,ddelta,478,501,478-501,1,-1.7682328087297403,1.7682328087297403,OWWWWWWW,OOWWWWWW,OWWWWWOW,OOWWWWOW
3,ddelta,478,501,478-501,2,-4.075568541134922,4.075568541134922,WWOWWWWW,WOOWWWWW,WWOWWWOW,WOOWWWOW
3,ddelta,478,501,478-501,3,-0.9106072272786777,0.9106072272786777,OWOWWWWW,OOOWWWWW,OWOWWWOW,OOOWWWOW
3,ddelta,478,501,478-501,4,3.055678691611754,3.055678691611754,WWWOWWWW,WOWOWWWW,WWWOWWOW,WOWOWWOW
3,ddelta,478,501,478-501,5,0.3731242617761872,0.3731242617761872,OWWOWWWW,OOWOWWWW,OWWOWWOW,OOWOWWOW
3,ddelta,478,501,478-501,6,-0.7283483516810909,0.7283483516810909,WWOOWWWW,WOOOWWWW,WWOOWWOW,WOOOWWOW
3,ddelta,478,501,478-501,7,3.26187311136323,3.26187311136323,OWOOWWWW,OOOOWWWW,OWOOWWOW,OOOOWWOW
3,ddelta,478,501,478-501,8,0.8285998670478236,0.8285998670478236,WWWWOWWW,WOWWOWWW,WWWWOWOW,WOWWOWOW
3,ddelta,478,501,478-501,9,-2.8675133191664055,2.8675133191664055,OWWWOWWW,OOWWOWWW,OWWWOWOW,OOWWOWOW
3,ddelta,478,501,478-501,10,0.548528731971734,0.548528731971734,WWOWOWWW,WOOWOWWW,WWOWOWOW,WOOWOWOW
3,ddelta,478,501,478-501,11,0.24744354316520933,0.24744354316520933,OWOWOWWW,OOOWOWWW,OWOWOWOW,OOOWOWOW
3,ddelta,478,501,478-501,12,-1.7957466770147918,1.7957466770147918,WWWOOWWW,WOWOOWWW,WWWOOWOW,WOWOOWOW
3,ddelta,478,501,478-501,13,0.7065049445469618,0.7065049445469618,OWWOOWWW,OOWOOWWW,OWWOOWOW,OOWOOWOW
3,ddelta,478,501,478-501,14,-0.28726295164880833,0.28726295164880833,WWOOOWWW,WOOOOWWW,WWOOOWOW,WOOOOWOW
3,ddelta,478,501,478-501,15,0.052705580524164075,0.052705580524164075,OWOOOWWW,OOOOOWWW,OWOOOWOW,OOOOOWOW
3,ddelta,478,501,478-501,16,-0.8692861106916334,0.8692861106916334,WWWWWOWW,WOWWWOWW,WWWWWOOW,WOWWWOOW
3,ddelta,478,501,478-501,17,2.7189823945896823,2.7189823945896823,OWWWWOWW,OOWWWOWW,OWWWWOOW,OOWWWOOW
3,ddelta,478,501,478-501,18,-4.95613846743802,4.95613846743802,WWOWWOWW,WOOWWOWW,WWOWWOOW,WOOWWOOW
3,ddelta,478,501,478-501,19,-0.8178713521949568,0.8178713521949568,OWOWWOWW,OOOWWOWW,OWOWWOOW,OOOWWOOW
3,ddelta,478,501,478-501,20,2.3988156113228967,2.3988156113228967,WWWOWOWW,WOWOWOWW,WWWOWOOW,WOWOWOOW
3,ddelta,478,501,478-501,21,0.06865523748726626,0.06865523748726626,OWWOWOWW,OOWOWOWW,OWWOWOOW,OOWOWOOW
3,ddelta,478,501,478-501,22,-1.1374053868027034,1.1374053868027034,WWOOWOWW,WOOOWOWW,WWOOWOOW,WOOOWOOW
3,ddelta,478,501,478-501,23,-0.5911987003462673,0.5911987003462673,OWOOWOWW,OOOOWOWW,OWOOWOOW,OOOOWOOW
3,ddelta,478,501,478-501,24,3.8773950226813367,3.8773950226813367,WWWWOOWW,WOWWOOWW,WWWWOOOW,WOWWOOOW
3,ddelta,478,501,478-501,25,-0.3407343912979065,0.3407343912979065,OWWWOOWW,OOWWOOWW,OWWWOOOW,OOWWOOOW
3,ddelta,478,501,478-501,26,-1.8689253367328051,1.8689253367328051,WWOWOOWW,WOOWOOWW,WWOWOOOW,WOOWOOOW
3,ddelta,478,501,478-501,27,0.10140947388529509,0.10140947388529509,OWOWOOWW,OOOWOOWW,OWOWOOOW,OOOWOOOW
3,ddelta,478,501,478-501,28,-0.5532956045508377,0.5532956045508377,WWWOOOWW,WOWOOOWW,WWWOOOOW,WOWOOOOW
3,ddelta,478,501,478-501,29,0.3852697174408468,0.3852697174408468,OWWOOOWW,OOWOOOWW,OWWOOOOW,OOWOOOOW
3,ddelta,478,501,478-501,30,-5.238134937269128,5.238134937269128,WWOOOOWW,WOOOOOWW,WWOOOOOW,WOOOOOOW
3,ddelta,478,501,478-501,31,-5.823867527553075,5.823867527553075,OWOOOOWW,OOOOOOWW,OWOOOOOW,OOOOOOOW
3,ddelta,478,501,478-501,32,0.3928996078235541,0.3928996078235541,WWWWWWWO,WOWWWWWO,WWWWWWOO,WOWWWWOO
3,ddelta,478,501,478-501,33,0.08792167331755851,0.08792167331755851,OWWWWWWO,OOWWWWWO,OWWWWWOO,OOWWWWOO
3,ddelta,478,501,478-501,34,-1.9898373805216878,1.9898373805216878,WWOWWWWO,WOOWWWWO,WWOWWWOO,WOOWWWOO
3,ddelta,478,501,478-501,35,2.5310756550025983,2.5310756550025983,OWOWWWWO,OOOWWWWO,OWOWWWOO,OOOWWWOO
3,ddelta,478,501,478-501,36,-2.4133069525167237,2.4133069525167237,WWWOWWWO,WOWOWWWO,WWWOWWOO,WOWOWWOO
3,ddelta,478,501,478-501,37,-2.213758652085816,2.213758652085816,OWWOWWWO,OOWOWWWO,OWWOWWOO,OOWOWWOO
3,ddelta,478,501,478-501,38,-2.6097215559696805,2.6097215559696805,WWOOWWWO,WOOOWWWO,WWOOWWOO,WOOOWWOO
3,ddelta,478,501,478-501,39,-2.6841542028859537,2.6841542028859537,OWOOWWWO,OOOOWWWO,OWOOWWOO,OOOOWWOO
3,ddelta,478,501,478-501,40,2.7489207658697405,2.7489207658697405,WWWWOWWO,WOWWOWWO,WWWWOWOO,WOWWOWOO
3,ddelta,478,501,478-501,41,5.00409608558685,5.00409608558685,OWWWOWWO,OOWWOWWO,OWWWOWOO,OOWWOWOO
3,ddelta,478,501,478-501,42,-0.028893202616964597,0.028893202616964597,WWOWOWWO,WOOWOWWO,WWOWOWOO,WOOWOWOO
3,ddelta,478,501,478-501,43,-1.0028832214771737,1.0028832214771737,OWOWOWWO,OOOWOWWO,OWOWOWOO,OOOWOWOO
3,ddelta,478,501,478-501,44,3.5164947880475497,3.5164947880475497,WWWOOWWO,WOWOOWWO,WWWOOWOO,WOWOOWOO
3,ddelta,478,501,478-501,45,-3.691573853880681,3.691573853880681,OWWOOWWO,OOWOOWWO,OWWOOWOO,OOWOOWOO
3,ddelta,478,501,478-501,46,4.917393344522164,4.917393344522164,WWOOOWWO,WOOOOWWO,WWOOOWOO,WOOOOWOO
3,ddelta,478,501,478-501,47,-0.04849150785836098,0.04849150785836098,OWOOOWWO,OOOOOWWO,OWOOOWOO,OOOOOWOO
3,ddelta,478,501,478-501,48,3.6473691898311213,3.6473691898311213,WWWWWOWO,WOWWWOWO,WWWWWOOO,WOWWWOOO
3,ddelta,478,501,478-501,49,-1.3038156977476465,1.3038156977476465,OWWWWOWO,OOWWWOWO,OWWWWOOO,OOWWWOOO
3,ddelta,478,501,478-501,50,-5.442178933697312,5.442178933697312,WWOWWOWO,WOOWWOWO,WWOWWOOO,WOOWWOOO
3,ddelta,478,501,478-501,51,-0.2853741216208512,0.2853741216208512,OWOWWOWO,OOOWWOWO,OWOWWOOO,OOOWWOOO
3,ddelta,478,501,478-501,52,-0.926192614039722,0.926192614039722,WWWOWOWO,WOWOWOWO,WWWOWOOO,WOWOWOOO
3,ddelta,478,501,478-501,53,-1.1558256818591968,1.1558256818591968,OWWOWOWO,OOWOWOWO,OWWOWOOO,OOWOWOOO
3,ddelta,478,501,478-501,54,-0.5850046685257069,0.5850046685257069,WWOOWOWO,WOOOWOWO,WWOOWOOO,WOOOWOOO
3,ddelta,478,501,478-501,55,0.3913727415134888,0.3913727415134888,OWOOWOWO,OOOOWOWO,OWOOWOOO,OOOOWOOO
3,ddelta,478,501,478-501,56,3.79792453524297,3.79792453524297,WWWWOOWO,WOWWOOWO,WWWWOOOO,WOWWOOOO
3,ddelta,478,501,478-501,57,4.52028821202989,4.52028821202989,OWWWOOWO,OOWWOOWO,OWWWOOOO,OOWWOOOO
3,ddelta,478,501,478-501,58,-0.9211639216037779,0.9211639216037779,WWOWOOWO,WOOWOOWO,WWOWOOOO,WOOWOOOO
3,ddelta,478,501,478-501,59,-2.897888385516133,2.897888385516133,OWOWOOWO,OOOWOOWO,OWOWOOOO,OOOWOOOO
3,ddelta,478,501,478-501,60,0.9296705119210238,0.9296705119210238,WWWOOOWO,WOWOOOWO,WWWOOOOO,WOWOOOOO
3,ddelta,478,501,478-501,61,0.18318544385914914,0.18318544385914914,OWWOOOWO,OOWOOOWO,OWWOOOOO,OOWOOOOO
3,ddelta,478,501,478-501,62,1.1006365941518053,1.1006365941518053,WWOOOOWO,WOOOOOWO,WWOOOOOO,WOOOOOOO
3,ddelta,478,501,478-501,63,0.37643204598676416,0.37643204598676416,OWOOOOWO,OOOOOOWO,OWOOOOOO,OOOOOOOO
3,ddelta,478,505,478-505,0,-1.2630683430508334,1.2630683430508334,WWWWWWWW,WOWWWWWW,WWWWWWWO,WOWWWWWO
3,ddelta,478,505,478-505,1,-2.1673174582065275,2.1673174582065275,OWWWWWWW,OOWWWWWW,OWWWWWWO,OOWWWWWO
3,ddelta,478,505,478-505,2,-2.149932817850684,2.149932817850684,WWOWWWWW,WOOWWWWW,WWOWWWWO,WOOWWWWO
3,ddelta,478,505,478-505,3,-2.4266293047103678,2.4266293047103678,OWOWWWWW,OOOWWWWW,OWOWWWWO,OOOWWWWO
3,ddelta,478,505,478-505,4,1.8556183900167909,1.8556183900167909,WWWOWWWW,WOWOWWWW,WWWOWWWO,WOWOWWWO
3,ddelta,478,505,478-505,5,2.9615401842420175,2.9615401842420175,OWWOWWWW,OOWOWWWW,OWWOWWWO,OOWOWWWO
3,ddelta,478,505,478-505,6,-0.6391132789980292,0.6391132789980292,WWOOWWWW,WOOOWWWW,WWOOWWWO,WOOOWWWO
3,ddelta,478,505,478-505,7,2.0506926766172886,2.0506926766172886,OWOOWWWW,OOOOWWWW,OWOOWWWO,OOOOWWWO
3,ddelta,478,505,478-505,8,-3.3310964229619686,3.3310964229619686,WWWWOWWW,WOWWOWWW,WWWWOWWO,WOWWOWWO
3,ddelta,478,505,478-505,9,-5.011212074704298,5.011212074704298,OWWWOWWW,OOWWOWWW,OWWWOWWO,OOWWOWWO
3,ddelta,478,505,478-505,10,-0.4813306550159171,0.4813306550159171,WWOWOWWW,WOOWOWWW,WWOWOWWO,WOOWOWWO
3,ddelta,478,505,478-505,11,2.706207499704389,2.706207499704389,OWOWOWWW,OOOWOWWW,OWOWOWWO,OOOWOWWO
3,ddelta,478,505,478-505,12,-1.344762053680586,1.344762053680586,WWWOOWWW,WOWOOWWW,WWWOOWWO,WOWOOWWO
3,ddelta,478,505,478-505,13,-1.2339518051237939,1.2339518051237939,OWWOOWWW,OOWOOWWW,OWWOOWWO,OOWOOWWO
3,ddelta,478,505,478-505,14,-2.4745155754538555,2.4745155754538555,WWOOOWWW,WOOOOWWW,WWOOOWWO,WOOOOWWO
3,ddelta,478,505,478-505,15,0.38563490350014384,0.38563490350014384,OWOOOWWW,OOOOOWWW,OWOOOWWO,OOOOOWWO
3,ddelta,478,505,478-505,16,0.0759463275100683,0.0759463275100683,WWWWWOWW,WOWWWOWW,WWWWWOWO,WOWWWOWO
3,ddelta,478,505,478-505,17,1.2510339651674809,1.2510339651674809,OWWWWOWW,OOWWWOWW,OWWWWOWO,OOWWWOWO
3,ddelta,478,505,478-505,18,4.08444843334172,4.08444843334172,WWOWWOWW,WOOWWOWW,WWOWWOWO,WOOWWOWO
3,ddelta,478,505,478-505,19,-0.8359957044159976,0.8359957044159976,OWOWWOWW,OOOWWOWW,OWOWWOWO,OOOWWOWO
3,ddelta,478,505,478-505,20,0.9246464215671684,0.9246464215671684,WWWOWOWW,WOWOWOWW,WWWOWOWO,WOWOWOWO
3,ddelta,478,505,478-505,21,-0.802741416443965,0.802741416443965,OWWOWOWW,OOWOWOWW,OWWOWOWO,OOWOWOWO
3,ddelta,478,505,478-505,22,0.6641372248640356,0.6641372248640356,WWOOWOWW,WOOOWOWW,WWOOWOWO,WOOOWOWO
3,ddelta,478,505,478-505,23,-1.8053672865360202,1.8053672865360202,OWOOWOWW,OOOOWOWW,OWOOWOWO,OOOOWOWO
3,ddelta,478,505,478-505,24,2.4922926826746985,2.4922926826746985,WWWWOOWW,WOWWOOWW,WWWWOOWO,WOWWOOWO
3,ddelta,478,505,478-505,25,-2.7319912093089527,2.7319912093089527,OWWWOOWW,OOWWOOWW,OWWWOOWO,OOWWOOWO
3,ddelta,478,505,478-505,26,0.18495118810566336,0.18495118810566336,WWOWOOWW,WOOWOOWW,WWOWOOWO,WOOWOOWO
3,ddelta,478,505,478-505,27,0.7828633686070734,0.7828633686070734,OWOWOOWW,OOOWOOWW,OWOWOOWO,OOOWOOWO
3,ddelta,478,505,478-505,28,-3.049325338336221,3.049325338336221,WWWOOOWW,WOWOOOWW,WWWOOOWO,WOWOOOWO
3,ddelta,478,505,478-505,29,-3.6644728904233888,3.6644728904233888,OWWOOOWW,OOWOOOWW,OWWOOOWO,OOWOOOWO
3,ddelta,478,505,478-505,30,-2.5965125711186623,2.5965125711186623,WWOOOOWW,WOOOOOWW,WWOOOOWO,WOOOOOWO
3,ddelta,478,505,478-505,31,1.60711354543386,1.60711354543386,OWOOOOWW,OOOOOOWW,OWOOOOWO,OOOOOOWO
3,ddelta,478,505,478-505,32,0.2538920880697032,0.2538920880697032,WWWWWWOW,WOWWWWOW,WWWWWWOO,WOWWWWOO
3,ddelta,478,505,478-505,33,-0.31116297615922883,0.31116297615922883,OWWWWWOW,OOWWWWOW,OWWWWWOO,OOWWWWOO
3,ddelta,478,505,478-505,34,-0.06420165723745011,0.06420165723745011,WWOWWWOW,WOOWWWOW,WWOWWWOO,WOOWWWOO
3,ddelta,478,505,478-505,35,1.0150535775709082,1.0150535775709082,OWOWWWOW,OOOWWWOW,OWOWWWOO,OOOWWWOO
3,ddelta,478,505,478-505,36,-3.6133672541116866,3.6133672541116866,WWWOWWOW,WOWOWWOW,WWWOWWOO,WOWOWWOO
3,ddelta,478,505,478-505,37,0.37465727038001484,0.37465727038001484,OWWOWWOW,OOWOWWOW,OWWOWWOO,OOWOWWOO
3,ddelta,478,505,478-505,38,-2.5204864832866187,2.5204864832866187,WWOOWWOW,WOOOWWOW,WWOOWWOO,WOOOWWOO
3,ddelta,478,505,478-505,39,-3.895334637631896,3.895334637631896,OWOOWWOW,OOOOWWOW,OWOOWWOO,OOOOWWOO
3,ddelta,478,505,478-505,40,-1.4107755241400521,1.4107755241400521,WWWWOWOW,WOWWOWOW,WWWWOWOO,WOWWOWOO
3,ddelta,478,505,478-505,41,2.860397330048958,2.860397330048958,OWWWOWOW,OOWWOWOW,OWWWOWOO,OOWWOWOO
3,ddelta,478,505,478-505,42,-1.0587525896046155,1.0587525896046155,WWOWOWOW,WOOWOWOW,WWOWOWOO,WOOWOWOO
3,ddelta,478,505,478-505,43,1.4558807350620058,1.4558807350620058,OWOWOWOW,OOOWOWOW,OWOWOWOO,OOOWOWOO
3,ddelta,478,505,478-505,44,3.967479411381755,3.967479411381755,WWWOOWOW,WOWOOWOW,WWWOOWOO,WOWOOWOO
3,ddelta,478,505,478-505,45,-5.632030603551437,5.632030603551437,OWWOOWOW,OOWOOWOW,OWWOOWOO,OOWOOWOO
3,ddelta,478,505,478-505,46,2.7301407207171167,2.7301407207171167,WWOOOWOW,WOOOOWOW,WWOOOWOO,WOOOOWOO
3,ddelta,478,505,478-505,47,0.2844378151176188,0.2844378151176188,OWOOOWOW,OOOOOWOW,OWOOOWOO,OOOOOWOO
3,ddelta,478,505,478-505,48,4.592601628032823,4.592601628032823,WWWWWOOW,WOWWWOOW,WWWWWOOO,WOWWWOOO
3,ddelta,478,505,478-505,49,-2.771764127169848,2.771764127169848,OWWWWOOW,OOWWWOOW,OWWWWOOO,OOWWWOOO
3,ddelta,478,505,478-505,50,3.5984079670824274,3.5984079670824274,WWOWWOOW,WOOWWOOW,WWOWWOOO,WOOWWOOO
3,ddelta,478,505,478-505,51,-0.30349847384189177,0.30349847384189177,OWOWWOOW,OOOWWOOW,OWOWWOOO,OOOWWOOO
3,ddelta,478,505,478-505,52,-2.40036180379545,2.40036180379545,WWWOWOOW,WOWOWOOW,WWWOWOOO,WOWOWOOO
3,ddelta,478,505,478-505,53,-2.027222335790428,2.027222335790428,OWWOWOOW,OOWOWOOW,OWWOWOOO,OOWOWOOO
3,ddelta,478,505,478-505,54,1.2165379431410326,1.2165379431410326,WWOOWOOW,WOOOWOOW,WWOOWOOO,WOOOWOOO
3,ddelta,478,505,478-505,55,-0.8227958446762642,0.8227958446762642,OWOOWOOW,OOOOWOOW,OWOOWOOO,OOOOWOOO
3,ddelta,478,505,478-505,56,2.4128221952363327,2.4128221952363327,WWWWOOOW,WOWWOOOW,WWWWOOOO,WOWWOOOO
3,ddelta,478,505,478-505,57,2.129031394018844,2.129031394018844,OWWWOOOW,OOWWOOOW,OWWWOOOO,OOWWOOOO
3,ddelta,478,505,478-505,58,1.1327126032346906,1.1327126032346906,WWOWOOOW,WOOWOOOW,WWOWOOOO,WOOWOOOO
3,ddelta,478,505,478-505,59,-2.216434490794354,2.216434490794354,OWOWOOOW,OOOWOOOW,OWOWOOOO,OOOWOOOO
3,ddelta,478,505,478-505,60,-1.5663592218643596,1.5663592218643596,WWWOOOOW,WOWOOOOW,WWWOOOOO,WOWOOOOO
3,ddelta,478,505,478-505,61,-3.866557164005086,3.866557164005086,OWWOOOOW,OOWOOOOW,OWWOOOOO,OOWOOOOO
3,ddelta,478,505,478-505,62,3.742258960302271,3.742258960302271,WWOOOOOW,WOOOOOOW,WWOOOOOO,WOOOOOOO
3,ddelta,478,505,478-505,63,7.8074131189737,7.8074131189737,OWOOOOOW,OOOOOOOW,OWOOOOOO,OOOOOOOO
3,ddelta,484,493,484-493,0,-3.0829127079829175,3.0829127079829175,WWWWWWWW,WWOWWWWW,WWWOWWWW,WWOOWWWW
3,ddelta,484,493,484-493,1,-0.21035446126943583,0.21035446126943583,OWWWWWWW,OWOWWWWW,OWWOWWWW,OWOOWWWW
3,ddelta,484,493,484-493,2,-2.527560359916567,2.527560359916567,WOWWWWWW,WOOWWWWW,WOWOWWWW,WOOOWWWW
3,ddelta,484,493,484-493,3,1.315386545579611,1.315386545579611,OOWWWWWW,OOOWWWWW,OOWOWWWW,OOOOWWWW
3,ddelta,484,493,484-493,4,-3.079109818592006,3.079109818592006,WWWWOWWW,WWOWOWWW,WWWOOWWW,WWOOOWWW
3,ddelta,484,493,484-493,5,-2.245967542460969,2.245967542460969,OWWWOWWW,OWOWOWWW,OWWOOWWW,OWOOOWWW
3,ddelta,484,493,484-493,6,-3.619626108530365,3.619626108530365,WOWWOWWW,WOOWOWWW,WOWOOWWW,WOOOOWWW
3,ddelta,484,493,484-493,7,0.5986771816669783,0.5986771816669783,OOWWOWWW,OOOWOWWW,OOWOOWWW,OOOOOWWW
3,ddelta,484,493,484-493,8,-2.523577626350686,2.523577626350686,WWWWWOWW,WWOWWOWW,WWWOWOWW,WWOOWOWW
3,ddelta,484,493,484-493,9,-1.9235952033753367,1.9235952033753367,OWWWWOWW,OWOWWOWW,OWWOWOWW,OWOOWOWW
3,ddelta,484,493,484-493,10,-0.62922272675118,0.62922272675118,WOWWWOWW,WOOWWOWW,WOWOWOWW,WOOOWOWW
3,ddelta,484,493,484-493,11,-2.648091848292713,2.648091848292713,OOWWWOWW,OOOWWOWW,OOWOWOWW,OOOOWOWW
3,ddelta,484,493,484-493,12,4.487706079228196,4.487706079228196,WWWWOOWW,WWOWOOWW,WWWOOOWW,WWOOOOWW
3,ddelta,484,493,484-493,13,0.7654859059722355,0.7654859059722355,OWWWOOWW,OWOWOOWW,OWWOOOWW,OWOOOOWW
3,ddelta,484,493,484-493,14,-1.319782271408116,1.319782271408116,WOWWOOWW,WOOWOOWW,WOWOOOWW,WOOOOOWW
3,ddelta,484,493,484-493,15,-1.6027237280465678,1.6027237280465678,OOWWOOWW,OOOWOOWW,OOWOOOWW,OOOOOOWW
3,ddelta,484,493,484-493,16,-1.0915102968141777,1.0915102968141777,WWWWWWOW,WWOWWWOW,WWWOWWOW,WWOOWWOW
3,ddelta,484,493,484-493,17,-2.4810414092132014,2.4810414092132014,OWWWWWOW,OWOWWWOW,OWWOWWOW,OWOOWWOW
3,ddelta,484,493,484-493,18,-1.368677274202733,1.368677274202733,WOWWWWOW,WOOWWWOW,WOWOWWOW,WOOOWWOW
3,ddelta,484,493,484-493,19,1.0758228657718267,1.0758228657718267,OOWWWWOW,OOOWWWOW,OOWOWWOW,OOOOWWOW
3,ddelta,484,493,484-493,20,0.6849947882836439,0.6849947882836439,WWWWOWOW,WWOWOWOW,WWWOOWOW,WWOOOWOW
3,ddelta,484,493,484-493,21,0.8795844647731126,0.8795844647731126,OWWWOWOW,OWOWOWOW,OWWOOWOW,OWOOOWOW
3,ddelta,484,493,484-493,22,1.9330333587873585,1.9330333587873585,WOWWOWOW,WOOWOWOW,WOWOOWOW,WOOOOWOW
3,ddelta,484,493,484-493,23,-0.0445270374533524,0.0445270374533524,OOWWOWOW,OOOWOWOW,OOWOOWOW,OOOOOWOW
3,ddelta,484,493,484-493,24,-2.811002792964893,2.811002792964893,WWWWWOOW,WWOWWOOW,WWWOWOOW,WWOOWOOW
3,ddelta,484,493,484-493,25,0.695894930985195,0.695894930985195,OWWWWOOW,OWOWWOOW,OWWOWOOW,OWOOWOOW
3,ddelta,484,493,484-493,26,-0.3660165347446007,0.3660165347446007,WOWWWOOW,WOOWWOOW,WOWOWOOW,WOOOWOOW
3,ddelta,484,493,484-493,27,2.848398095018924,2.848398095018924,OOWWWOOW,OOOWWOOW,OOWOWOOW,OOOOWOOW
3,ddelta,484,493,484-493,28,1.543751633108947,1.543751633108947,WWWWOOOW,WWOWOOOW,WWWOOOOW,WWOOOOOW
3,ddelta,484,493,484-493,29,7.70465348337492,7.70465348337492,OWWWOOOW,OWOWOOOW,OWWOOOOW,OWOOOOOW
3,ddelta,484,493,484-493,30,-3.2022556908315134,3.2022556908315134,WOWWOOOW,WOOWOOOW,WOWOOOOW,WOOOOOOW
3,ddelta,484,493,484-493,31,-1.3148372608210068,1.3148372608210068,OOWWOOOW,OOOWOOOW,OOWOOOOW,OOOOOOOW
3,ddelta,484,493,484-493,32,-0.021728731583054273,0.021728731583054273,WWWWWWWO,WWOWWWWO,WWWOWWWO,WWOOWWWO
3,ddelta,484,493,484-493,33,1.3262304708460324,1.3262304708460324,OWWWWWWO,OWOWWWWO,OWWOWWWO,OWOOWWWO
3,ddelta,484,493,484-493,34,-1.0742435777316737,1.0742435777316737,WOWWWWWO,WOOWWWWO,WOWOWWWO,WOOOWWWO
3,ddelta,484,493,484-493,35,2.200435816574191,2.200435816574191,OOWWWWWO,OOOWWWWO,OOWOWWWO,OOOOWWWO
3,ddelta,484,493,484-493,36,6.0566365349070805,6.0566365349070805,WWWWOWWO,WWOWOWWO,WWWOOWWO,WWOOOWWO
3,ddelta,484,493,484-493,37,1.0714403777020658,1.0714403777020658,OWWWOWWO,OWOWOWWO,OWWOOWWO,OWOOOWWO
3,ddelta,484,493,484-493,38,1.5366009552494009,1.5366009552494009,WOWWOWWO,WOOWOWWO,WOWOOWWO,WOOOOWWO
3,ddelta,484,493,484-493,39,-2.1817477639547356,2.1817477639547356,OOWWOWWO,OOOWOWWO,OOWOOWWO,OOOOOWWO
3,ddelta,484,493,484-493,40,-1.2966404824314925,1.2966404824314925,WWWWWOWO,WWOWWOWO,WWWOWOWO,WWOOWOWO
3,ddelta,484,493,484-493,41,0.11399620473185101,0.11399620473185101,OWWWWOWO,OWOWWOWO,OWWOWOWO,OWOOWOWO
3,ddelta,484,493,484-493,42,-3.6712968853667696,3.6712968853667696,WOWWWOWO,WOOWWOWO,WOWOWOWO,WOOOWOWO
3,ddelta,484,493,484-493,43,0.47390335930589794,0.47390335930589794,OOWWWOWO,OOOWWOWO,OOWOWOWO,OOOOWOWO
3,ddelta,484,493,484-493,44,1.0893177174177155,1.0893177174177155,WWWWOOWO,WWOWOOWO,WWWOOOWO,WWOOOOWO
3,ddelta,484,493,484-493,45,2.0487850889040473,2.0487850889040473,OWWWOOWO,OWOWOOWO,OWWOOOWO,OWOOOOWO
3,ddelta,484,493,484-493,46,-1.958016371432002,1.958016371432002,WOWWOOWO,WOOWOOWO,WOWOOOWO,WOOOOOWO
3,ddelta,484,493,484-493,47,1.437307312826467,1.437307312826467,OOWWOOWO,OOOWOOWO,OOWOOOWO,OOOOOOWO
3,ddelta,484,493,484-493,48,-0.5651126396187551,0.5651126396187551,WWWWWWOO,WWOWWWOO,WWWOWWOO,WWOOWWOO
3,ddelta,484,493,484-493,49,2.348722291458478,2.348722291458478,OWWWWWOO,OWOWWWOO,OWWOWWOO,OWOOWWOO
3,ddelta,484,493,484-493,50,0.5686948991249108,0.5686948991249108,WOWWWWOO,WOOWWWOO,WOWOWWOO,WOOOWWOO
3,ddelta,484,493,484-493,51,0.309378104701459,0.309378104701459,OOWWWWOO,OOOWWWOO,OOWOWWOO,OOOOWWOO
3,ddelta,484,493,484-493,52,-2.7879024329993287,2.7879024329993287,WWWWOWOO,WWOWOWOO,WWWOOWOO,WWOOOWOO
3,ddelta,484,493,484-493,53,-2.6295197648046758,2.6295197648046758,OWWWOWOO,OWOWOWOO,OWWOOWOO,OWOOOWOO
3,ddelta,484,493,484-493,54,-3.129225487695688,3.129225487695688,WOWWOWOO,WOOWOWOO,WOWOOWOO,WOOOOWOO
3,ddelta,484,493,484-493,55,3.767353746624866,3.767353746624866,OOWWOWOO,OOOWOWOO,OOWOOWOO,OOOOOWOO
3,ddelta,484,493,484-493,56,0.2816749029173502,0.2816749029173502,WWWWWOOO,WWOWWOOO,WWWOWOOO,WWOOWOOO
3,ddelta,484,493,484-493,57,1.6505501150419977,1.6505501150419977,OWWWWOOO,OWOWWOOO,OWWOWOOO,OWOOWOOO
3,ddelta,484,493,484-493,58,7.33775456902452,7.33775456902452,WOWWWOOO,WOOWWOOO,WOWOWOOO,WOOOWOOO
3,ddelta,484,493,484-493,59,2.5392141168619347,2.5392141168619347,OOWWWOOO,OOOWWOOO,OOWOWOOO,OOOOWOOO
3,ddelta,484,493,484-493,60,1.684580242310253,1.684580242310253,WWWWOOOO,WWOWOOOO,WWWOOOOO,WWOOOOOO
3,ddelta,484,493,484-493,61,-4.806844962496221,4.806844962496221,OWWWOOOO,OWOWOOOO,OWWOOOOO,OWOOOOOO
3,ddelta,484,493,484-493,62,3.5273006925380654,3.5273006925380654,WOWWOOOO,WOOWOOOO,WOWOOOOO,WOOOOOOO
3,ddelta,484,493,484-493,63,2.1931004610998355,2.1931004610998355,OOWWOOOO,OOOWOOOO,OOWOOOOO,OOOOOOOO
3,ddelta,484,496,484-496,0,2.238289568839153,2.238289568839153,WWWWWWWW,WWOWWWWW,WWWWOWWW,WWOWOWWW
3,ddelta,484,496,484-496,1,3.53169153540484,3.53169153540484,OWWWWWWW,OWOWWWWW,OWWWOWWW,OWOWOWWW
3,ddelta,484,496,484-496,2,0.4426105366234093,0.4426105366234093,WOWWWWWW,WOOWWWWW,WOWWOWWW,WOOWOWWW
3,ddelta,484,496,484-496,3,2.439624297911491,2.439624297911491,OOWWWWWW,OOOWWWWW,OOWWOWWW,OOOWOWWW
3,ddelta,484,496,484-496,4,2.2420924582300645,2.2420924582300645,WWWOWWWW,WWOOWWWW,WWWOOWWW,WWOOOWWW
3,ddelta,484,496,484-496,5,1.496078454213307,1.496078454213307,OWWOWWWW,OWOOWWWW,OWWOOWWW,OWOOOWWW
3,ddelta,484,496,484-496,6,-0.649455211990388,0.649455211990388,WOWOWWWW,WOOOWWWW,WOWOOWWW,WOOOOWWW
3,ddelta,484,496,484-496,7,1.7229149339988579,1.7229149339988579,OOWOWWWW,OOOOWWWW,OOWOOWWW,OOOOOWWW
3,ddelta,484,496,484-496,8,-1.7533974672560073,1.7533974672560073,WWWWWOWW,WWOWWOWW,WWWWOOWW,WWOWOOWW
3,ddelta,484,496,484-496,9,-1.3071744428683276,1.3071744428683276,OWWWWOWW,OWOWWOWW,OWWWOOWW,OWOWOOWW
3,ddelta,484,496,484-496,10,1.1582436528806173,1.1582436528806173,WOWWWOWW,WOOWWOWW,WOWWOOWW,WOOWOOWW
3,ddelta,484,496,484-496,11,-1.7410639454514687,1.7410639454514687,OOWWWOWW,OOOWWOWW,OOWWOOWW,OOOWOOWW
3,ddelta,484,496,484-496,12,5.257886238322874,5.257886238322874,WWWOWOWW,WWOOWOWW,WWWOOOWW,WWOOOOWW
3,ddelta,484,496,484-496,13,1.3819066664792443,1.3819066664792443,OWWOWOWW,OWOOWOWW,OWWOOOWW,OWOOOOWW
3,ddelta,484,496,484-496,14,0.4676841082236811,0.4676841082236811,WOWOWOWW,WOOOWOWW,WOWOOOWW,WOOOOOWW
3,ddelta,484,496,484-496,15,-0.6956958252053234,0.6956958252053234,OOWOWOWW,OOOOWOWW,OOWOOOWW,OOOOOOWW
3,ddelta,484,496,484-496,16,-1.2775577815284072,1.2775577815284072,WWWWWWOW,WWOWWWOW,WWWWOWOW,WWOWOWOW
3,ddelta,484,496,484-496,17,-0.9978929225125117,0.9978929225125117,OWWWWWOW,OWOWWWOW,OWWWOWOW,OWOWOWOW
3,ddelta,484,496,484-496,18,-0.40180023098230155,0.40180023098230155,WOWWWWOW,WOOWWWOW,WOWWOWOW,WOOWOWOW
3,ddelta,484,496,484-496,19,0.16737112087469153,0.16737112087469153,OOWWWWOW,OOOWWWOW,OOWWOWOW,OOOWOWOW
3,ddelta,484,496,484-496,20,0.4989473035694142,0.4989473035694142,WWWOWWOW,WWOOWWOW,WWWOOWOW,WWOOOWOW
3,ddelta,484,496,484-496,21,2.3627329514738022,2.3627329514738022,OWWOWWOW,OWOOWWOW,OWWOOWOW,OWOOOWOW
3,ddelta,484,496,484-496,22,2.8999104020077904,2.8999104020077904,WOWOWWOW,WOOOWWOW,WOWOOWOW,WOOOOWOW
3,ddelta,484,496,484-496,23,-0.9529787823504877,0.9529787823504877,OOWOWWOW,OOOOWWOW,OOWOOWOW,OOOOOWOW
3,ddelta,484,496,484-496,24,-0.06406954898835349,0.06406954898835349,WWWWWOOW,WWOWWOOW,WWWWOOOW,WWOWOOOW
3,ddelta,484,496,484-496,25,-0.8405272458946829,0.8405272458946829,OWWWWOOW,OWOWWOOW,OWWWOOOW,OWOWOOOW
3,ddelta,484,496,484-496,26,1.1881035684805155,1.1881035684805155,WOWWWOOW,WOOWWOOW,WOWWOOOW,WOOWOOOW
3,ddelta,484,496,484-496,27,2.7045808634900173,2.7045808634900173,OOWWWOOW,OOOWWOOW,OOWWOOOW,OOOWOOOW
3,ddelta,484,496,484-496,28,4.290684877085487,4.290684877085487,WWWOWOOW,WWOOWOOW,WWWOOOOW,WWOOOOOW
3,ddelta,484,496,484-496,29,6.168231306495042,6.168231306495042,OWWOWOOW,OWOOWOOW,OWWOOOOW,OWOOOOOW
3,ddelta,484,496,484-496,30,-1.648135587606397,1.648135587606397,WOWOWOOW,WOOOWOOW,WOWOOOOW,WOOOOOOW
3,ddelta,484,496,484-496,31,-1.4586544923499138,1.4586544923499138,OOWOWOOW,OOOOWOOW,OOWOOOOW,OOOOOOOW
3,ddelta,484,496,484-496,32,-4.040736947425943,4.040736947425943,WWWWWWWO,WWOWWWWO,WWWWOWWO,WWOWOWWO
3,ddelta,484,496,484-496,33,-4.382182865645268,4.382182865645268,OWWWWWWO,OWOWWWWO,OWWWOWWO,OWOWOWWO
3,ddelta,484,496,484-496,34,-2.099785736895785,2.099785736895785,WOWWWWWO,WOOWWWWO,WOWWOWWO,WOOWOWWO
3,ddelta,484,496,484-496,35,2.5024813177739103,2.5024813177739103,OOWWWWWO,OOOWWWWO,OOWWOWWO,OOOWOWWO
3,ddelta,484,496,484-496,36,2.0376283190641913,2.0376283190641913,WWWOWWWO,WWOOWWWO,WWWOOWWO,WWOOOWWO
3,ddelta,484,496,484-496,37,-4.636972958789235,4.636972958789235,OWWOWWWO,OWOOWWWO,OWWOOWWO,OWOOOWWO
3,ddelta,484,496,484-496,38,0.5110587960852893,0.5110587960852893,WOWOWWWO,WOOOWWWO,WOWOOWWO,WOOOOWWO
3,ddelta,484,496,484-496,39,-1.8797022627550164,1.8797022627550164,OOWOWWWO,OOOOWWWO,OOWOOWWO,OOOOOWWO
3,ddelta,484,496,484-496,40,0.0375434721185256,0.0375434721185256,WWWWWOWO,WWOWWOWO,WWWWOOWO,WWOWOOWO
3,ddelta,484,496,484-496,41,-4.1059447207631035,4.1059447207631035,OWWWWOWO,OWOWWOWO,OWWWOOWO,OWOWOOWO
3,ddelta,484,496,484-496,42,-3.3666590081455365,3.3666590081455365,WOWWWOWO,WOOWWOWO,WOWWOOWO,WOOWOOWO
3,ddelta,484,496,484-496,43,1.0620500241532604,1.0620500241532604,OOWWWOWO,OOOWWOWO,OOWWOOWO,OOOWOOWO
3,ddelta,484,496,484-496,44,2.4235016719677334,2.4235016719677334,WWWOWOWO,WWOOWOWO,WWWOOOWO,WWOOOOWO
3,ddelta,484,496,484-496,45,-2.171155836590907,2.171155836590907,OWWOWOWO,OWOOWOWO,OWWOOOWO,OWOOOOWO
3,ddelta,484,496,484-496,46,-1.6533784942107683,1.6533784942107683,WOWOWOWO,WOOOWOWO,WOWOOOWO,WOOOOOWO
3,ddelta,484,496,484-496,47,2.0254539776738296,2.0254539776738296,OOWOWOWO,OOOOWOWO,OOWOOOWO,OOOOOOWO
3,ddelta,484,496,484-496,48,0.7701940146282283,0.7701940146282283,WWWWWWOO,WWOWWWOO,WWWWOWOO,WWOWOWOO
3,ddelta,484,496,484-496,49,0.8797770146607884,0.8797770146607884,OWWWWWOO,OWOWWWOO,OWWWOWOO,OWOWOWOO
3,ddelta,484,496,484-496,50,2.316068245016924,2.316068245016924,WOWWWWOO,WOOWWWOO,WOWWOWOO,WOOWOWOO
3,ddelta,484,496,484-496,51,-0.6856920906690971,0.6856920906690971,OOWWWWOO,OOOWWWOO,OOWWOWOO,OOOWOWOO
3,ddelta,484,496,484-496,52,-1.4525957787523458,1.4525957787523458,WWWOWWOO,WWOOWWOO,WWWOOWOO,WWOOOWOO
3,ddelta,484,496,484-496,53,-4.098465041602365,4.098465041602365,OWWOWWOO,OWOOWWOO,OWWOOWOO,OWOOOWOO
3,ddelta,484,496,484-496,54,-1.3818521418036755,1.3818521418036755,WOWOWWOO,WOOOWWOO,WOWOOWOO,WOOOOWOO
3,ddelta,484,496,484-496,55,2.7722835512543096,2.7722835512543096,OOWOWWOO,OOOOWWOO,OOWOOWOO,OOOOOWOO
3,ddelta,484,496,484-496,56,-2.433758776448987,2.433758776448987,WWWWWOOO,WWOWWOOO,WWWWOOOO,WWOWOOOO
3,ddelta,484,496,484-496,57,2.519746662105292,2.519746662105292,OWWWWOOO,OWOWWOOO,OWWWOOOO,OWOWOOOO
3,ddelta,484,496,484-496,58,-1.467501590031365,1.467501590031365,WOWWWOOO,WOOWWOOO,WOWWOOOO,WOOWOOOO
3,ddelta,484,496,484-496,59,-0.7488767666511627,0.7488767666511627,OOWWWOOO,OOOWWOOO,OOWWOOOO,OOOWOOOO
3,ddelta,484,496,484-496,60,-1.0308534370560842,1.0308534370560842,WWWOWOOO,WWOOWOOO,WWWOOOOO,WWOOOOOO
3,ddelta,484,496,484-496,61,-3.9376484154329283,3.9376484154329283,OWWOWOOO,OWOOWOOO,OWWOOOOO,OWOOOOOO
3,ddelta,484,496,484-496,62,-5.277955466517819,5.277955466517819,WOWOWOOO,WOOOWOOO,WOWOOOOO,WOOOOOOO
3,ddelta,484,496,484-496,63,-1.0949904224132618,1.0949904224132618,OOWOWOOO,OOOOWOOO,OOWOOOOO,OOOOOOOO
3,ddelta,484,498,484-498,0,-0.7789398790327906,0.7789398790327906,WWWWWWWW,WWOWWWWW,WWWWWOWW,WWOWWOWW
3,ddelta,484,498,484-498,1,1.3906012563345058,1.3906012563345058,OWWWWWWW,OWOWWWWW,OWWWWOWW,OWOWWOWW
3,ddelta,484,498,484-498,2,-1.3352166284120788,1.3352166284120788,WOWWWWWW,WOOWWWWW,WOWWWOWW,WOOWWOWW
3,ddelta,484,498,484-498,3,3.3629832222754192,3.3629832222754192,OOWWWWWW,OOOWWWWW,OOWWWOWW,OOOWWOWW
3,ddelta,484,498,484-498,4,-0.21960479740055905,0.21960479740055905,WWWOWWWW,WWOOWWWW,WWWOWOWW,WWOOWOWW
3,ddelta,484,498,484-498,5,-0.322639485771395,0.322639485771395,OWWOWWWW,OWOOWWWW,OWWOWOWW,OWOOWOWW
3,ddelta,484,498,484-498,6,0.5631210047533084,0.5631210047533084,WOWOWWWW,WOOOWWWW,WOWOWOWW,WOOOWOWW
3,ddelta,484,498,484-498,7,-0.6004951715969047,0.6004951715969047,OOWOWWWW,OOOOWWWW,OOWOWOWW,OOOOWOWW
3,ddelta,484,498,484-498,8,-4.770626915127951,4.770626915127951,WWWWOWWW,WWOWOWWW,WWWWOOWW,WWOWOOWW
3,ddelta,484,498,484-498,9,-3.4482647219386617,3.4482647219386617,OWWWOWWW,OWOWOWWW,OWWWOOWW,OWOWOOWW
3,ddelta,484,498,484-498,10,-0.6195835121548711,0.6195835121548711,WOWWOWWW,WOOWOWWW,WOWWOOWW,WOOWOOWW
3,ddelta,484,498,484-498,11,-0.8177050210875397,0.8177050210875397,OOWWOWWW,OOOWOWWW,OOWWOOWW,OOOWOOWW
3,ddelta,484,498,484-498,12,2.79618898269225,2.79618898269225,WWWOOWWW,WWOOOWWW,WWWOOOWW,WWOOOOWW
3,ddelta,484,498,484-498,13,-0.43681127350545745,0.43681127350545745,OWWOOWWW,OWOOOWWW,OWWOOOWW,OWOOOOWW
3,ddelta,484,498,484-498,14,1.6802603249673775,1.6802603249673775,WOWOOWWW,WOOOOWWW,WOWOOOWW,WOOOOOWW
3,ddelta,484,498,484-498,15,-3.0191059308010857,3.0191059308010857,OOWOOWWW,OOOOOWWW,OOWOOOWW,OOOOOOWW
3,ddelta,484,498,484-498,16,2.3981037097980322,2.3981037097980322,WWWWWWOW,WWOWWWOW,WWWWWOOW,WWOWWOOW
3,ddelta,484,498,484-498,17,-0.7840993132783904,0.7840993132783904,OWWWWWOW,OWOWWWOW,OWWWWOOW,OWOWWOOW
3,ddelta,484,498,484-498,18,0.7064823215102972,0.7064823215102972,WOWWWWOW,WOOWWWOW,WOWWWOOW,WOOWWOOW
3,ddelta,484,498,484-498,19,-3.206196675573178,3.206196675573178,OOWWWWOW,OOOWWWOW,OOWWWOOW,OOOWWOOW
3,ddelta,484,498,484-498,20,0.6786112136473168,0.6786112136473168,WWWOWWOW,WWOOWWOW,WWWOWOOW,WWOOWOOW
3,ddelta,484,498,484-498,21,2.392837026920006,2.392837026920006,OWWOWWOW,OWOOWWOW,OWWOWOOW,OWOOWOOW
3,ddelta,484,498,484-498,22,1.7091430609684295,1.7091430609684295,WOWOWWOW,WOOOWWOW,WOWOWOOW,WOOOWOOW
3,ddelta,484,498,484-498,23,-1.433621446326081,1.433621446326081,OOWOWWOW,OOOOWWOW,OOWOWOOW,OOOOWOOW
3,ddelta,484,498,484-498,24,3.6115919423380864,3.6115919423380864,WWWWOWOW,WWOWOWOW,WWWWOOOW,WWOWOOOW
3,ddelta,484,498,484-498,25,-0.6267336366605614,0.6267336366605614,OWWWOWOW,OWOWOWOW,OWWWOOOW,OWOWOOOW
3,ddelta,484,498,484-498,26,2.2963861209731142,2.2963861209731142,WOWWOWOW,WOOWOWOW,WOWWOOOW,WOOWOOOW
3,ddelta,484,498,484-498,27,-0.6689869329578524,0.6689869329578524,OOWWOWOW,OOOWOWOW,OOWWOOOW,OOOWOOOW
3,ddelta,484,498,484-498,28,4.470348787163389,4.470348787163389,WWWOOWOW,WWOOOWOW,WWWOOOOW,WWOOOOOW
3,ddelta,484,498,484-498,29,6.198335381941246,6.198335381941246,OWWOOWOW,OWOOOWOW,OWWOOOOW,OWOOOOOW
3,ddelta,484,498,484-498,30,-2.8389029286457577,2.8389029286457577,WOWOOWOW,WOOOOWOW,WOWOOOOW,WOOOOOOW
3,ddelta,484,498,484-498,31,-1.9392971563255066,1.9392971563255066,OOWOOWOW,OOOOOWOW,OOWOOOOW,OOOOOOOW
3,ddelta,484,498,484-498,32,-0.9553574388372426,0.9553574388372426,WWWWWWWO,WWOWWWWO,WWWWWOWO,WWOWWOWO
3,ddelta,484,498,484-498,33,0.7797452444031268,0.7797452444031268,OWWWWWWO,OWOWWWWO,OWWWWOWO,OWOWWOWO
3,ddelta,484,498,484-498,34,3.3837323924149714,3.3837323924149714,WOWWWWWO,WOOWWWWO,WOWWWOWO,WOOWWOWO
3,ddelta,484,498,484-498,35,0.9244093872644024,0.9244093872644024,OOWWWWWO,OOOWWWWO,OOWWWOWO,OOOWWOWO
3,ddelta,484,498,484-498,36,-2.2302691896856803,2.2302691896856803,WWWOWWWO,WWOOWWWO,WWWOWOWO,WWOOWOWO
3,ddelta,484,498,484-498,37,-0.43248902171105486,0.43248902171105486,OWWOWWWO,OWOOWWWO,OWWOWOWO,OWOOWOWO
3,ddelta,484,498,484-498,38,0.7866790847798746,0.7866790847798746,WOWOWWWO,WOOOWWWO,WOWOWOWO,WOOOWOWO
3,ddelta,484,498,484-498,39,-0.8021230700038908,0.8021230700038908,OOWOWWWO,OOOOWWWO,OOWOWOWO,OOOOWOWO
3,ddelta,484,498,484-498,40,3.1229229807072265,3.1229229807072265,WWWWOWWO,WWOWOWWO,WWWWOOWO,WWOWOOWO
3,ddelta,484,498,484-498,41,1.055983389285291,1.055983389285291,OWWWOWWO,OWOWOWWO,OWWWOOWO,OWOWOOWO
3,ddelta,484,498,484-498,42,2.11685912116522,2.11685912116522,WOWWOWWO,WOOWOWWO,WOWWOOWO,WOOWOOWO
3,ddelta,484,498,484-498,43,-0.5160219063562475,0.5160219063562475,OOWWOWWO,OOOWOWWO,OOWWOOWO,OOOWOOWO
3,ddelta,484,498,484-498,44,-1.8443958367821383,1.8443958367821383,WWWOOWWO,WWOOOWWO,WWWOOOWO,WWOOOOWO
3,ddelta,484,498,484-498,45,2.0333281004872727,2.0333281004872727,OWWOOWWO,OWOOOWWO,OWWOOOWO,OWOOOOWO
3,ddelta,484,498,484-498,46,-1.377758205516183,1.377758205516183,WOWOOWWO,WOOOOWWO,WOWOOOWO,WOOOOOWO
3,ddelta,484,498,484-498,47,3.1030331704249554,3.1030331704249554,OOWOOWWO,OOOOOWWO,OOWOOOWO,OOOOOOWO
3,ddelta,484,498,484-498,48,0.7233663440498855,0.7233663440498855,WWWWWWOO,WWOWWWOO,WWWWWOOO,WWOWWOOO
3,ddelta,484,498,484-498,49,1.2108762961906674,1.2108762961906674,OWWWWWOO,OWOWWWOO,OWWWWOOO,OWOWWOOO
3,ddelta,484,498,484-498,50,-1.6443549598810916,1.6443549598810916,WOWWWWOO,WOOWWWOO,WOWWWOOO,WOOWWOOO
3,ddelta,484,498,484-498,51,-0.06917196650630175,0.06917196650630175,OOWWWWOO,OOOWWWOO,OOWWWOOO,OOOWWOOO
3,ddelta,484,498,484-498,52,1.5701538865859908,1.5701538865859908,WWWOWWOO,WWOOWWOO,WWWOWOOO,WWOOWOOO
3,ddelta,484,498,484-498,53,0.5127041197741864,0.5127041197741864,OWWOWWOO,OWOOWWOO,OWWOWOOO,OWOOWOOO
3,ddelta,484,498,484-498,54,5.124704710018518,5.124704710018518,WOWOWWOO,WOOOWWOO,WOWOWOOO,WOOOWOOO
3,ddelta,484,498,484-498,55,2.160664045654174,2.160664045654174,OOWOWWOO,OOOOWWOO,OOWOWOOO,OOOOWOOO
3,ddelta,484,498,484-498,56,-2.4805864470273296,2.4805864470273296,WWWWOWOO,WWOWOWOO,WWWWOOOO,WWOWOOOO
3,ddelta,484,498,484-498,57,2.85084594363517,2.85084594363517,OWWWOWOO,OWOWOWOO,OWWWOOOO,OWOWOOOO
3,ddelta,484,498,484-498,58,-5.42792479492938,5.42792479492938,WOWWOWOO,WOOWOWOO,WOWWOOOO,WOOWOOOO
3,ddelta,484,498,484-498,59,-0.13235664248836754,0.13235664248836754,OOWWOWOO,OOOWOWOO,OOWWOOOO,OOOWOOOO
3,ddelta,484,498,484-498,60,1.9918962282822525,1.9918962282822525,WWWOOWOO,WWOOOWOO,WWWOOOOO,WWOOOOOO
3,ddelta,484,498,484-498,61,0.6735207459436241,0.6735207459436241,OWWOOWOO,OWOOOWOO,OWWOOOOO,OWOOOOOO
3,ddelta,484,498,484-498,62,1.228601385304374,1.228601385304374,WOWOOWOO,WOOOOWOO,WOWOOOOO,WOOOOOOO
3,ddelta,484,498,484-498,63,-1.7066099280133975,1.7066099280133975,OOWOOWOO,OOOOOWOO,OOWOOOOO,OOOOOOOO
3,ddelta,484,501,484-501,0,0.14056932072021672,0.14056932072021672,WWWWWWWW,WWOWWWWW,WWWWWWOW,WWOWWWOW
3,ddelta,484,501,484-501,1,0.3444100501260168,0.3444100501260168,OWWWWWWW,OWOWWWWW,OWWWWWOW,OWOWWWOW
3,ddelta,484,501,484-501,2,-2.810938397117723,2.810938397117723,WOWWWWWW,WOOWWWWW,WOWWWWOW,WOOWWWOW
3,ddelta,484,501,484-501,3,1.2020356315770793,1.2020356315770793,OOWWWWWW,OOOWWWWW,OOWWWWOW,OOOWWWOW
3,ddelta,484,501,484-501,4,2.1319717318889566,2.1319717318889566,WWWOWWWW,WWOOWWWW,WWWOWWOW,WWOOWWOW
3,ddelta,484,501,484-501,5,-1.9262768978177485,1.9262768978177485,OWWOWWWW,OWOOWWWW,OWWOWWOW,OWOOWWOW
3,ddelta,484,501,484-501,6,-1.6520553114038887,1.6520553114038887,WOWOWWWW,WOOOWWWW,WOWOWWOW,WOOOWWOW
3,ddelta,484,501,484-501,7,0.962471951769295,0.962471951769295,OOWOWWWW,OOOOWWWW,OOWOWWOW,OOOOWWOW
3,ddelta,484,501,484-501,8,-3.375278029647344,3.375278029647344,WWWWOWWW,WWOWOWWW,WWWWOWOW,WWOWOWOW
3,ddelta,484,501,484-501,9,-4.185174407791335,4.185174407791335,OWWWOWWW,OWOWOWWW,OWWWOWOW,OWOWOWOW
3,ddelta,484,501,484-501,10,-3.6553491647234337,3.6553491647234337,WOWWOWWW,WOOWOWWW,WOWWOWOW,WOOWOWOW
3,ddelta,484,501,484-501,11,-1.0702175454597198,1.0702175454597198,OOWWOWWW,OOOWOWWW,OOWWOWOW,OOOWOWOW
3,ddelta,484,501,484-501,12,0.38882657722830616,0.38882657722830616,WWWOOWWW,WWOOOWWW,WWWOOWOW,WWOOOWOW
3,ddelta,484,501,484-501,13,-1.0596224005572534,1.0596224005572534,OWWOOWWW,OWOOOWWW,OWWOOWOW,OWOOOWOW
3,ddelta,484,501,484-501,14,1.8973103025942897,1.8973103025942897,WOWOOWWW,WOOOOWWW,WOWOOWOW,WOOOOWOW
3,ddelta,484,501,484-501,15,-1.7134217645800507,1.7134217645800507,OOWOOWWW,OOOOOWWW,OOWOOWOW,OOOOOWOW
3,ddelta,484,501,484-501,16,3.31761290955104,3.31761290955104,WWWWWOWW,WWOWWOWW,WWWWWOOW,WWOWWOOW
3,ddelta,484,501,484-501,17,-1.8302905194868793,1.8302905194868793,OWWWWOWW,OWOWWOWW,OWWWWOOW,OWOWWOOW
3,ddelta,484,501,484-501,18,-0.7692394471953466,0.7692394471953466,WOWWWOWW,WOOWWOWW,WOWWWOOW,WOOWWOOW
3,ddelta,484,501,484-501,19,-5.367144266271518,5.367144266271518,OOWWWOWW,OOOWWOWW,OOWWWOOW,OOOWWOOW
3,ddelta,484,501,484-501,20,3.0301877429368327,3.0301877429368327,WWWOWOWW,WWOOWOWW,WWWOWOOW,WWOOWOOW
3,ddelta,484,501,484-501,21,0.7891996148736522,0.7891996148736522,OWWOWOWW,OWOOWOWW,OWWOWOOW,OWOOWOOW
3,ddelta,484,501,484-501,22,-0.5060332551887674,0.5060332551887674,WOWOWOWW,WOOOWOWW,WOWOWOOW,WOOOWOOW
3,ddelta,484,501,484-501,23,0.1293456770401186,0.1293456770401186,OOWOWOWW,OOOOWOWW,OOWOWOOW,OOOOWOOW
3,ddelta,484,501,484-501,24,5.006940827818694,5.006940827818694,WWWWOOWW,WWOWOOWW,WWWWOOOW,WWOWOOOW
3,ddelta,484,501,484-501,25,-1.3636433225132343,1.3636433225132343,OWWWOOWW,OWOWOOWW,OWWWOOOW,OWOWOOOW
3,ddelta,484,501,484-501,26,-0.7393795315954481,0.7393795315954481,WOWWOOWW,WOOWOOWW,WOWWOOOW,WOOWOOOW
3,ddelta,484,501,484-501,27,-0.9214994573300328,0.9214994573300328,OOWWOOWW,OOOWOOWW,OOWWOOOW,OOOWOOOW
3,ddelta,484,501,484-501,28,2.0629863816994445,2.0629863816994445,WWWOOOWW,WWOOOOWW,WWWOOOOW,WWOOOOOW
3,ddelta,484,501,484-501,29,5.57552425488945,5.57552425488945,OWWOOOWW,OWOOOOWW,OWWOOOOW,OWOOOOOW
3,ddelta,484,501,484-501,30,-2.6218529510188455,2.6218529510188455,WOWOOOWW,WOOOOOWW,WOWOOOOW,WOOOOOOW
3,ddelta,484,501,484-501,31,-0.6336129901044717,0.6336129901044717,OOWOOOWW,OOOOOOWW,OOWOOOOW,OOOOOOOW
3,ddelta,484,501,484-501,32,-0.08314951566002399,0.08314951566002399,WWWWWWWO,WWOWWWWO,WWWWWWOO,WWOWWWOO
3,ddelta,484,501,484-501,33,-1.681734460462692,1.681734460462692,OWWWWWWO,OWOWWWWO,OWWWWWOO,OWOWWWOO
3,ddelta,484,501,484-501,34,-2.465886504005266,2.465886504005266,WOWWWWWO,WOOWWWWO,WOWWWWOO,WOOWWWOO
3,ddelta,484,501,484-501,35,0.7614195212223476,0.7614195212223476,OOWWWWWO,OOOWWWWO,OOWWWWOO,OOOWWWOO
3,ddelta,484,501,484-501,36,-0.626533423695725,0.626533423695725,WWWOWWWO,WWOOWWWO,WWWOWWOO,WWOOWWOO
3,ddelta,484,501,484-501,37,-0.6592426398502464,0.6592426398502464,OWWOWWWO,OWOOWWWO,OWWOWWOO,OWOOWWOO
3,ddelta,484,501,484-501,38,-0.8229480271486818,0.8229480271486818,WOWOWWWO,WOOOWWWO,WOWOWWOO,WOOOWWOO
3,ddelta,484,501,484-501,39,-1.1296381906503845,1.1296381906503845,OOWOWWWO,OOOOWWWO,OOWOWWOO,OOOOWWOO
3,ddelta,484,501,484-501,40,4.727781446394148,4.727781446394148,WWWWOWWO,WWOWOWWO,WWWWOWOO,WWOWOWOO
3,ddelta,484,501,484-501,41,3.5802254198433636,3.5802254198433636,OWWWOWWO,OWOWOWWO,OWWWOWOO,OWOWOWOO
3,ddelta,484,501,484-501,42,1.9499674779074427,1.9499674779074427,WOWWOWWO,WOOWOWWO,WOWWOWOO,WOOWOWOO
3,ddelta,484,501,484-501,43,-2.42675388722066,2.42675388722066,OOWWOWWO,OOOWOWWO,OOWWOWOO,OOOWOWOO
3,ddelta,484,501,484-501,44,-4.116757521512262,4.116757521512262,WWWOOWWO,WWOOOWWO,WWWOOWOO,WWOOOWOO
3,ddelta,484,501,484-501,45,-0.12073472266337792,0.12073472266337792,OWWOOWWO,OWOOOWWO,OWWOOWOO,OWOOOWOO
3,ddelta,484,501,484-501,46,-2.7158589650376466,2.7158589650376466,WOWOOWWO,WOOOOWWO,WOWOOWOO,WOOOOWOO
3,ddelta,484,501,484-501,47,3.5223476233589417,3.5223476233589417,OOWOOWWO,OOOOOWWO,OOWOOWOO,OOOOOWOO
3,ddelta,484,501,484-501,48,1.595574267227104,1.595574267227104,WWWWWOWO,WWOWWOWO,WWWWWOOO,WWOWWOOO
3,ddelta,484,501,484-501,49,-1.2506034086751519,1.2506034086751519,OWWWWOWO,OWOWWOWO,OWWWWOOO,OWOWWOOO
3,ddelta,484,501,484-501,50,-7.493973856301329,7.493973856301329,WOWWWOWO,WOOWWOWO,WOWWWOOO,WOOWWOOO
3,ddelta,484,501,484-501,51,-0.23216183254835654,0.23216183254835654,OOWWWOWO,OOOWWOWO,OOWWWOOO,OOOWWOOO
3,ddelta,484,501,484-501,52,3.173889652575946,3.173889652575946,WWWOWOWO,WWOOWOWO,WWWOWOOO,WWOOWOOO
3,ddelta,484,501,484-501,53,0.2859505016349946,0.2859505016349946,OWWOWOWO,OWOOWOWO,OWWOWOOO,OWOOWOOO
3,ddelta,484,501,484-501,54,3.515077598089961,3.515077598089961,WOWOWOWO,WOOOWOWO,WOWOWOOO,WOOOWOOO
3,ddelta,484,501,484-501,55,1.8331489250076802,1.8331489250076802,OOWOWOWO,OOOOWOWO,OOWOWOOO,OOOOWOOO
3,ddelta,484,501,484-501,56,-0.8757279813404086,0.8757279813404086,WWWWOOWO,WWOWOOWO,WWWWOOOO,WWOWOOOO
3,ddelta,484,501,484-501,57,5.375087974193243,5.375087974193243,OWWWOOWO,OWOWOOWO,OWWWOOOO,OWOWOOOO
3,ddelta,484,501,484-501,58,-5.5948164381871575,5.5948164381871575,WOWWOOWO,WOOWOOWO,WOWWOOOO,WOOWOOOO
3,ddelta,484,501,484-501,59,-2.0430886233527796,2.0430886233527796,OOWWOOWO,OOOWOOWO,OOWWOOOO,OOOWOOOO
3,ddelta,484,501,484-501,60,-0.28046545644787113,0.28046545644787113,WWWOOOWO,WWOOOOWO,WWWOOOOO,WWOOOOOO
3,ddelta,484,501,484-501,61,-1.4805420772070266,1.4805420772070266,OWWOOOWO,OWOOOOWO,OWWOOOOO,OWOOOOOO
3,ddelta,484,501,484-501,62,-0.10949937421708955,0.10949937421708955,WOWOOOWO,WOOOOOWO,WOWOOOOO,WOOOOOOO
3,ddelta,484,501,484-501,63,-1.2872954750794117,1.2872954750794117,OOWOOOWO,OOOOOOWO,OOWOOOOO,OOOOOOOO
3,ddelta,484,505,484-505,0,0.8904623114143471,0.8904623114143471,WWWWWWWW,WWOWWWWW,WWWWWWWO,WWOWWWWO
3,ddelta,484,505,484-505,1,0.8430456283651276,0.8430456283651276,OWWWWWWW,OWOWWWWW,OWWWWWWO,OWOWWWWO
3,ddelta,484,505,484-505,2,0.003597836614496308,0.003597836614496308,WOWWWWWW,WOOWWWWW,WOWWWWWO,WOOWWWWO
3,ddelta,484,505,484-505,3,0.5837337818612871,0.5837337818612871,OOWWWWWW,OOOWWWWW,OOWWWWWO,OOOWWWWO
3,ddelta,484,505,484-505,4,3.95164628781421,3.95164628781421,WWWOWWWW,WWOOWWWW,WWWOWWWO,WWOOWWWO
3,ddelta,484,505,484-505,5,2.379630560480596,2.379630560480596,OWWOWWWW,OWOOWWWW,OWWOWWWO,OWOOWWWO
3,ddelta,484,505,484-505,6,1.4569146187993902,1.4569146187993902,WOWOWWWW,WOOOWWWW,WOWOWWWO,WOOOWWWO
3,ddelta,484,505,484-505,7,1.4687830528558672,1.4687830528558672,OOWOWWWW,OOOOWWWW,OOWOWWWO,OOOOWWWO
3,ddelta,484,505,484-505,8,-5.388564204850749,5.388564204850749,WWWWOWWW,WWOWOWWW,WWWWOWWO,WWOWOWWO
3,ddelta,484,505,484-505,9,-7.07082877268498,7.07082877268498,OWWWOWWW,OWOWOWWW,OWWWOWWO,OWOWOWWO
3,ddelta,484,505,484-505,10,-2.538798436904698,2.538798436904698,WOWWOWWW,WOOWOWWW,WOWWOWWO,WOOWOWWO
3,ddelta,484,505,484-505,11,0.6465908017237068,0.6465908017237068,OOWWOWWW,OOOWOWWW,OOWWOWWO,OOOWOWWO
3,ddelta,484,505,484-505,12,3.7471821486483368,3.7471821486483368,WWWOOWWW,WWOOOWWW,WWWOOWWO,WWOOOWWO
3,ddelta,484,505,484-505,13,-3.7534208525219452,3.7534208525219452,OWWOOWWW,OWOOOWWW,OWWOOWWO,OWOOOWWO
3,ddelta,484,505,484-505,14,2.6174286268750677,2.6174286268750677,WOWOOWWW,WOOOOWWW,WOWOOWWO,WOOOOWWO
3,ddelta,484,505,484-505,15,-2.133834143898007,2.133834143898007,OOWOOWWW,OOOOOWWW,OOWOOWWO,OOOOOWWO
3,ddelta,484,505,484-505,16,0.7140447516098953,0.7140447516098953,WWWWWOWW,WWOWWOWW,WWWWWOWO,WWOWWOWO
3,ddelta,484,505,484-505,17,0.23218961643374847,0.23218961643374847,OWWWWOWW,OWOWWOWW,OWWWWOWO,OWOWWOWO
3,ddelta,484,505,484-505,18,4.722546857441546,4.722546857441546,WOWWWOWW,WOOWWOWW,WOWWWOWO,WOOWWOWO
3,ddelta,484,505,484-505,19,-1.8548400531497302,1.8548400531497302,OOWWWOWW,OOOWWOWW,OOWWWOWO,OOOWWOWO
3,ddelta,484,505,484-505,20,1.940981895529089,1.940981895529089,WWWOWOWW,WWOOWOWW,WWWOWOWO,WWOOWOWO
3,ddelta,484,505,484-505,21,2.2697810245409364,2.2697810245409364,OWWOWOWW,OWOOWOWW,OWWOWOWO,OWOOWOWO
3,ddelta,484,505,484-505,22,1.6804726988259564,1.6804726988259564,WOWOWOWW,WOOOWOWW,WOWOWOWO,WOOOWOWO
3,ddelta,484,505,484-505,23,1.2671551544488808,1.2671551544488808,OOWOWOWW,OOOOWOWW,OOWOWOWO,OOOOWOWO
3,ddelta,484,505,484-505,24,2.5049856909844284,2.5049856909844284,WWWWOOWW,WWOWOOWW,WWWWOOWO,WWOWOOWO
3,ddelta,484,505,484-505,25,-2.566580661461027,2.566580661461027,OWWWOOWW,OWOWOOWW,OWWWOOWO,OWOWOOWO
3,ddelta,484,505,484-505,26,0.19764419641539288,0.19764419641539288,WOWWOOWW,WOOWOOWW,WOWWOOWO,WOOWOOWO
3,ddelta,484,505,484-505,27,0.948273916454999,0.948273916454999,OOWWOOWW,OOOWOOWW,OOWWOOWO,OOOWOOWO
3,ddelta,484,505,484-505,28,-0.8934026708260521,0.8934026708260521,WWWOOOWW,WWOOOOWW,WWWOOOWO,WWOOOOWO
3,ddelta,484,505,484-505,29,-1.283281478529215,1.283281478529215,OWWOOOWW,OWOOOOWW,OWWOOOWO,OWOOOOWO
3,ddelta,484,505,484-505,30,-0.44058990360849304,0.44058990360849304,WOWOOOWW,WOOOOOWW,WOWOOOWO,WOOOOOWO
3,ddelta,484,505,484-505,31,3.9883049573280336,3.9883049573280336,OOWOOOWW,OOOOOOWW,OOWOOOWO,OOOOOOWO
3,ddelta,484,505,484-505,32,0.6667434750341065,0.6667434750341065,WWWWWWOW,WWOWWWOW,WWWWWWOO,WWOWWWOO
3,ddelta,484,505,484-505,33,-1.1830988822235817,1.1830988822235817,OWWWWWOW,OWOWWWOW,OWWWWWOO,OWOWWWOO
3,ddelta,484,505,484-505,34,0.34864972972695313,0.34864972972695313,WOWWWWOW,WOOWWWOW,WOWWWWOO,WOOWWWOO
3,ddelta,484,505,484-505,35,0.14311767150655547,0.14311767150655547,OOWWWWOW,OOOWWWOW,OOWWWWOO,OOOWWWOO
3,ddelta,484,505,484-505,36,1.1931411322295284,1.1931411322295284,WWWOWWOW,WWOOWWOW,WWWOWWOO,WWOOWWOO
3,ddelta,484,505,484-505,37,3.646664818448098,3.646664818448098,OWWOWWOW,OWOOWWOW,OWWOWWOO,OWOOWWOO
3,ddelta,484,505,484-505,38,2.286021903054597,2.286021903054597,WOWOWWOW,WOOOWWOW,WOWOWWOO,WOOOWWOO
3,ddelta,484,505,484-505,39,-0.6233270895638124,0.6233270895638124,OOWOWWOW,OOOOWWOW,OOWOWWOO,OOOOWWOO
3,ddelta,484,505,484-505,40,2.714495271190742,2.714495271190742,WWWWOWOW,WWOWOWOW,WWWWOWOO,WWOWOWOO
3,ddelta,484,505,484-505,41,0.6945710549497186,0.6945710549497186,OWWWOWOW,OWOWOWOW,OWWWOWOO,OWOWOWOO
3,ddelta,484,505,484-505,42,3.0665182057261786,3.0665182057261786,WOWWOWOW,WOOWOWOW,WOWWOWOO,WOOWOWOO
3,ddelta,484,505,484-505,43,-0.7099455400372332,0.7099455400372332,OOWWOWOW,OOOWOWOW,OOWWOWOO,OOOWOWOO
3,ddelta,484,505,484-505,44,-0.7584019500922311,0.7584019500922311,WWWOOWOW,WWOOOWOW,WWWOOWOO,WWOOOWOO
3,ddelta,484,505,484-505,45,-2.81453317462807,2.81453317462807,OWWOOWOW,OWOOOWOW,OWWOOWOO,OWOOOWOO
3,ddelta,484,505,484-505,46,-1.995740640756869,1.995740640756869,WOWOOWOW,WOOOOWOW,WOWOOWOO,WOOOOWOO
3,ddelta,484,505,484-505,47,3.101935244040985,3.101935244040985,OOWOOWOW,OOOOOWOW,OOWOOWOO,OOOOOWOO
3,ddelta,484,505,484-505,48,-1.0079938907140407,1.0079938907140407,WWWWWOOW,WWOWWOOW,WWWWWOOO,WWOWWOOO
3,ddelta,484,505,484-505,49,0.8118767272454759,0.8118767272454759,OWWWWOOW,OWOWWOOW,OWWWWOOO,OWOWWOOO
3,ddelta,484,505,484-505,50,-2.002187551664436,2.002187551664436,WOWWWOOW,WOOWWOOW,WOWWWOOO,WOOWWOOO
3,ddelta,484,505,484-505,51,3.280142380573432,3.280142380573432,OOWWWOOW,OOOWWOOW,OOWWWOOO,OOOWWOOO
3,ddelta,484,505,484-505,52,2.0846838051682024,2.0846838051682024,WWWOWOOW,WWOOWOOW,WWWOWOOO,WWOOWOOO
3,ddelta,484,505,484-505,53,1.7665319113022784,1.7665319113022784,OWWOWOOW,OWOOWOOW,OWWOWOOO,OWOOWOOO
3,ddelta,484,505,484-505,54,5.701583552104686,5.701583552104686,WOWOWOOW,WOOOWOOW,WOWOWOOO,WOOOWOOO
3,ddelta,484,505,484-505,55,2.9709584024164424,2.9709584024164424,OOWOWOOW,OOOOWOOW,OOWOWOOO,OOOOWOOO
3,ddelta,484,505,484-505,56,-3.377683118174674,3.377683118174674,WWWWOOOW,WWOWOOOW,WWWWOOOO,WWOWOOOO
3,ddelta,484,505,484-505,57,4.17215063524545,4.17215063524545,OWWWOOOW,OWOWOOOW,OWWWOOOO,OWOWOOOO
3,ddelta,484,505,484-505,58,-4.657792710176316,4.657792710176316,WOWWOOOW,WOOWOOOW,WOWWOOOO,WOOWOOOO
3,ddelta,484,505,484-505,59,-0.17331524956774813,0.17331524956774813,OOWWOOOW,OOOWOOOW,OOWWOOOO,OOOWOOOO
3,ddelta,484,505,484-505,60,-3.2368545089733676,3.2368545089733676,WWWOOOOW,WWOOOOOW,WWWOOOOO,WWOOOOOO
3,ddelta,484,505,484-505,61,-8.339347810625693,8.339347810625693,OWWOOOOW,OWOOOOOW,OWWOOOOO,OWOOOOOO
3,ddelta,484,505,484-505,62,2.0717636731932627,2.0717636731932627,WOWOOOOW,WOOOOOOW,WOWOOOOO,WOOOOOOO
3,ddelta,484,505,484-505,63,3.334622472353095,3.334622472353095,OOWOOOOW,OOOOOOOW,OOWOOOOO,OOOOOOOO
3,ddelta,493,496,493-496,0,0.4212191154459957,0.4212191154459957,WWWWWWWW,WWWOWWWW,WWWWOWWW,WWWOOWWW
3,ddelta,493,496,493-496,1,-2.2152762225443716,2.2152762225443716,OWWWWWWW,OWWOWWWW,OWWWOWWW,OWWOOWWW
3,ddelta,493,496,493-496,2,1.8307556012775876,1.8307556012775876,WOWWWWWW,WOWOWWWW,WOWWOWWW,WOWOOWWW
3,ddelta,493,496,493-496,3,-1.0703070651168132,1.0703070651168132,OOWWWWWW,OOWOWWWW,OOWWOWWW,OOWOOWWW
3,ddelta,493,496,493-496,4,0.4250220048369071,0.4250220048369071,WWOWWWWW,WWOOWWWW,WWOWOWWW,WWOOOWWW
3,ddelta,493,496,493-496,5,-4.250889303735905,4.250889303735905,OWOWWWWW,OWOOWWWW,OWOWOWWW,OWOOOWWW
3,ddelta,493,496,493-496,6,0.7386898526637902,0.7386898526637902,WOOWWWWW,WOOOWWWW,WOOWOWWW,WOOOOWWW
3,ddelta,493,496,493-496,7,-1.7870164290294457,1.7870164290294457,OOOWWWWW,OOOOWWWW,OOOWOWWW,OOOOOWWW
3,ddelta,493,496,493-496,8,-5.745942362650187,5.745942362650187,WWWWWOWW,WWWOWOWW,WWWWOOWW,WWWOOOWW
3,ddelta,493,496,493-496,9,0.22400963917413075,0.22400963917413075,OWWWWOWW,OWWOWOWW,OWWWOOWW,OWWOOOWW
3,ddelta,493,496,493-496,10,1.7627579383742726,1.7627579383742726,WOWWWOWW,WOWOWOWW,WOWWOOWW,WOWOOOWW
3,ddelta,493,496,493-496,11,0.03041043731251658,0.03041043731251658,OOWWWOWW,OOWOWOWW,OOWWOOWW,OOWOOOWW
3,ddelta,493,496,493-496,12,1.265341342928695,1.265341342928695,WWOWWOWW,WWOOWOWW,WWOWOOWW,WWOOOOWW
3,ddelta,493,496,493-496,13,2.913090748521703,2.913090748521703,OWOWWOWW,OWOOWOWW,OWOWOOWW,OWOOOOWW
3,ddelta,493,496,493-496,14,1.0721983937173365,1.0721983937173365,WOOWWOWW,WOOOWOWW,WOOWOOWW,WOOOOOWW
3,ddelta,493,496,493-496,15,1.0757785575586616,1.0757785575586616,OOOWWOWW,OOOOWOWW,OOOWOOWW,OOOOOOWW
3,ddelta,493,496,493-496,16,0.0015557940722117358,0.0015557940722117358,WWWWWWOW,WWWOWWOW,WWWWOWOW,WWWOOWOW
3,ddelta,493,496,493-496,17,-3.7949084567741886,3.7949084567741886,OWWWWWOW,OWWOWWOW,OWWWOWOW,OWWOOWOW
3,ddelta,493,496,493-496,18,-5.392993779067549,5.392993779067549,WOWWWWOW,WOWOWWOW,WOWWOWOW,WOWOOWOW
3,ddelta,493,496,493-496,19,-1.2172781061391893,1.2172781061391893,OOWWWWOW,OOWOWWOW,OOWWOWOW,OOWOOWOW
3,ddelta,493,496,493-496,20,1.7780608791700332,1.7780608791700332,WWOWWWOW,WWOOWWOW,WWOWOWOW,WWOOOWOW
3,ddelta,493,496,493-496,21,-0.43428258278787396,0.43428258278787396,OWOWWWOW,OWOOWWOW,OWOWOWOW,OWOOOWOW
3,ddelta,493,496,493-496,22,-2.0912831460774566,2.0912831460774566,WOOWWWOW,WOOOWWOW,WOOWOWOW,WOOOOWOW
3,ddelta,493,496,493-496,23,-2.3376280093643684,2.3376280093643684,OOOWWWOW,OOOOWWOW,OOOWOWOW,OOOOOWOW
3,ddelta,493,496,493-496,24,0.8835903617198259,0.8835903617198259,WWWWWOOW,WWWOWOOW,WWWWOOOW,WWWOOOOW
3,ddelta,493,496,493-496,25,-1.3481896613234048,1.3481896613234048,OWWWWOOW,OWWOWOOW,OWWWOOOW,OWWOOOOW
3,ddelta,493,496,493-496,26,0.6934983134975811,0.6934983134975811,WOWWWOOW,WOWOWOOW,WOWWOOOW,WOWOOOOW
3,ddelta,493,496,493-496,27,1.83454240265615,1.83454240265615,OOWWWOOW,OOWOWOOW,OOWWOOOW,OOWOOOOW
3,ddelta,493,496,493-496,28,5.2383447877936655,5.2383447877936655,WWOWWOOW,WWOOWOOW,WWOWOOOW,WWOOOOOW
3,ddelta,493,496,493-496,29,5.66056889106632,5.66056889106632,OWOWWOOW,OWOOWOOW,OWOWOOOW,OWOOOOOW
3,ddelta,493,496,493-496,30,-2.1427408425893315,2.1427408425893315,WOOWWOOW,WOOOWOOW,WOOWOOOW,WOOOOOOW
3,ddelta,493,496,493-496,31,-2.3286929531837806,2.3286929531837806,OOOWWOOW,OOOOWOOW,OOOWOOOW,OOOOOOOW
3,ddelta,493,496,493-496,32,-2.926831183608748,2.926831183608748,WWWWWWWO,WWWOWWWO,WWWWOWWO,WWWOOWWO
3,ddelta,493,496,493-496,33,1.7169704897156892,1.7169704897156892,OWWWWWWO,OWWOWWWO,OWWWOWWO,OWWOOWWO
3,ddelta,493,496,493-496,34,-2.649647061563398,2.649647061563398,WOWWWWWO,WOWOWWWO,WOWWOWWO,WOWOOWWO
3,ddelta,493,496,493-496,35,1.510342274275207,1.510342274275207,OOWWWWWO,OOWOWWWO,OOWWOWWO,OOWOOWWO
3,ddelta,493,496,493-496,36,3.151534082881387,3.151534082881387,WWOWWWWO,WWOOWWWO,WWOWOWWO,WWOOOWWO
3,ddelta,493,496,493-496,37,1.4621803965717224,1.4621803965717224,OWOWWWWO,OWOOWWWO,OWOWOWWO,OWOOOWWO
3,ddelta,493,496,493-496,38,-0.03880252858232336,0.03880252858232336,WOOWWWWO,WOOOWWWO,WOOWOWWO,WOOOOWWO
3,ddelta,493,496,493-496,39,-2.87184130625372,2.87184130625372,OOOWWWWO,OOOOWWWO,OOOWOWWO,OOOOOWWO
3,ddelta,493,496,493-496,40,1.441390127449262,1.441390127449262,WWWWWOWO,WWWOWOWO,WWWWOOWO,WWWOOOWO
3,ddelta,493,496,493-496,41,-0.25252083663800007,0.25252083663800007,OWWWWOWO,OWWOWOWO,OWWWOOWO,OWWOOOWO
3,ddelta,493,496,493-496,42,2.5597723134057015,2.5597723134057015,WOWWWOWO,WOWOWOWO,WOWWOOWO,WOWOOOWO
3,ddelta,493,496,493-496,43,0.6751736619973958,0.6751736619973958,OOWWWOWO,OOWOWOWO,OOWWOOWO,OOWOOOWO
3,ddelta,493,496,493-496,44,3.82734832729847,3.82734832729847,WWOWWOWO,WWOOWOWO,WWOWOOWO,WWOOOOWO
3,ddelta,493,496,493-496,45,1.6822680475341965,1.6822680475341965,OWOWWOWO,OWOOWOWO,OWOWOOWO,OWOOOOWO
3,ddelta,493,496,493-496,46,4.273052827340469,4.273052827340469,WOOWWOWO,WOOOWOWO,WOOWOOWO,WOOOOOWO
3,ddelta,493,496,493-496,47,1.638577615517965,1.638577615517965,OOOWWOWO,OOOOWOWO,OOOWOOWO,OOOOOOWO
3,ddelta,493,496,493-496,48,-3.6905779831664347,3.6905779831664347,WWWWWWOO,WWWOWWOO,WWWWOWOO,WWWOOWOO
3,ddelta,493,496,493-496,49,2.926500631413318,2.926500631413318,OWWWWWOO,OWWOWWOO,OWWWOWOO,OWWOOWOO
3,ddelta,493,496,493-496,50,0.1603867213970021,0.1603867213970021,WOWWWWOO,WOWOWWOO,WOWWOWOO,WOWOOWOO
3,ddelta,493,496,493-496,51,-3.6741171980913205,3.6741171980913205,OOWWWWOO,OOWOWWOO,OOWWOWOO,OOWOOWOO
3,ddelta,493,496,493-496,52,-5.913367776547008,5.913367776547008,WWOWWWOO,WWOOWWOO,WWOWOWOO,WWOOOWOO
3,ddelta,493,496,493-496,53,-2.051741424849836,2.051741424849836,OWOWWWOO,OWOOWWOO,OWOWOWOO,OWOOOWOO
3,ddelta,493,496,493-496,54,-3.537533665423597,3.537533665423597,WOOWWWOO,WOOOWWOO,WOOWOWOO,WOOOOWOO
3,ddelta,493,496,493-496,55,-0.21614155616791375,0.21614155616791375,OOOWWWOO,OOOOWWOO,OOOWOWOO,OOOOOWOO
3,ddelta,493,496,493-496,56,-2.109130280948631,2.109130280948631,WWWWWOOO,WWWOWOOO,WWWWOOOO,WWWOOOOO
3,ddelta,493,496,493-496,57,4.250679078707879,4.250679078707879,OWWWWOOO,OWWOWOOO,OWWWOOOO,OWWOOOOO
3,ddelta,493,496,493-496,58,0.7145596855567047,0.7145596855567047,WOWWWOOO,WOWOWOOO,WOWWOOOO,WOWOOOOO
3,ddelta,493,496,493-496,59,0.6932807932840842,0.6932807932840842,OOWWWOOO,OOWOWOOO,OOWWOOOO,OOWOOOOO
3,ddelta,493,496,493-496,60,-0.706224941555728,0.706224941555728,WWOWWOOO,WWOOWOOO,WWOWOOOO,WWOOOOOO
3,ddelta,493,496,493-496,61,-2.20671599883034,2.20671599883034,OWOWWOOO,OWOOWOOO,OWOWOOOO,OWOOOOOO
3,ddelta,493,496,493-496,62,-3.0958941909297497,3.0958941909297497,WOOWWOOO,WOOOWOOO,WOOWOOOO,WOOOOOOO
3,ddelta,493,496,493-496,63,0.34716713752198514,0.34716713752198514,OOOWWOOO,OOOOWOOO,OOOWOOOO,OOOOOOOO
3,ddelta,493,498,493-498,0,-0.3725299777017865,0.3725299777017865,WWWWWWWW,WWWOWWWW,WWWWWOWW,WWWOWOWW
3,ddelta,493,498,493-498,1,-2.475371765297411,2.475371765297411,OWWWWWWW,OWWOWWWW,OWWWWOWW,OWWOWOWW
3,ddelta,493,498,493-498,2,-1.0720913383927928,1.0720913383927928,WOWWWWWW,WOWOWWWW,WOWWWOWW,WOWOWOWW
3,ddelta,493,498,493-498,3,2.1427559744045355,2.1427559744045355,OOWWWWWW,OOWOWWWW,OOWWWOWW,OOWOWOWW
3,ddelta,493,498,493-498,4,0.1868051039304448,0.1868051039304448,WWOWWWWW,WWOOWWWW,WWOWWOWW,WWOOWOWW
3,ddelta,493,498,493-498,5,-4.188612507403312,4.188612507403312,OWOWWWWW,OWOOWWWW,OWOWWOWW,OWOOWOWW
3,ddelta,493,498,493-498,6,0.8262462947725944,0.8262462947725944,WOOWWWWW,WOOOWWWW,WOOWWOWW,WOOOWOWW
3,ddelta,493,498,493-498,7,-1.8207224194677885,1.8207224194677885,OOOWWWWW,OOOOWWWW,OOOWWOWW,OOOOWOWW
3,ddelta,493,498,493-498,8,-6.539691455797969,6.539691455797969,WWWWOWWW,WWWOOWWW,WWWWOOWW,WWWOOOWW
3,ddelta,493,498,493-498,9,-0.03608590357890851,0.03608590357890851,OWWWOWWW,OWWOOWWW,OWWWOOWW,OWWOOOWW
3,ddelta,493,498,493-498,10,-1.1400890012961078,1.1400890012961078,WOWWOWWW,WOWOOWWW,WOWWOOWW,WOWOOOWW
3,ddelta,493,498,493-498,11,3.2434734768338647,3.2434734768338647,OOWWOWWW,OOWOOWWW,OOWWOOWW,OOWOOOWW
3,ddelta,493,498,493-498,12,1.0271244420222327,1.0271244420222327,WWOWOWWW,WWOOOWWW,WWOWOOWW,WWOOOOWW
3,ddelta,493,498,493-498,13,2.9753675448542953,2.9753675448542953,OWOWOWWW,OWOOOWWW,OWOWOOWW,OWOOOOWW
3,ddelta,493,498,493-498,14,1.1597548358261407,1.1597548358261407,WOOWOWWW,WOOOOWWW,WOOWOOWW,WOOOOOWW
3,ddelta,493,498,493-498,15,1.0420725671203188,1.0420725671203188,OOOWOWWW,OOOOOWWW,OOOWOOWW,OOOOOOWW
3,ddelta,493,498,493-498,16,-0.3001478296931276,0.3001478296931276,WWWWWWOW,WWWOWWOW,WWWWWOOW,WWWOWOOW
3,ddelta,493,498,493-498,17,-2.3842364494090065,2.3842364494090065,OWWWWWOW,OWWOWWOW,OWWWWOOW,OWWOWOOW
3,ddelta,493,498,493-498,18,-1.9113469832783407,1.9113469832783407,WOWWWWOW,WOWOWWOW,WOWWWOOW,WOWOWOOW
3,ddelta,493,498,493-498,19,-2.5577929373154027,2.5577929373154027,OOWWWWOW,OOWOWWOW,OOWWWOOW,OOWOWOOW
3,ddelta,493,498,493-498,20,-2.019640325843843,2.019640325843843,WWOWWWOW,WWOOWWOW,WWOWWOOW,WWOOWOOW
3,ddelta,493,498,493-498,21,0.79269989078939,0.79269989078939,OWOWWWOW,OWOOWWOW,OWOWWOOW,OWOOWOOW
3,ddelta,493,498,493-498,22,-0.9086862438202084,0.9086862438202084,WOOWWWOW,WOOOWWOW,WOOWWOOW,WOOOWOOW
3,ddelta,493,498,493-498,23,-0.7852177080683056,0.7852177080683056,OOOWWWOW,OOOOWWOW,OOOWWOOW,OOOOWOOW
3,ddelta,493,498,493-498,24,0.5818867379544864,0.5818867379544864,WWWWOWOW,WWWOOWOW,WWWWOOOW,WWWOOOOW
3,ddelta,493,498,493-498,25,0.062482346041776715,0.062482346041776715,OWWWOWOW,OWWOOWOW,OWWWOOOW,OWWOOOOW
3,ddelta,493,498,493-498,26,4.175145109286789,4.175145109286789,WOWWOWOW,WOWOOWOW,WOWWOOOW,WOWOOOOW
3,ddelta,493,498,493-498,27,0.49402757147993637,0.49402757147993637,OOWWOWOW,OOWOOWOW,OOWWOOOW,OOWOOOOW
3,ddelta,493,498,493-498,28,1.4406435827797892,1.4406435827797892,WWOWOWOW,WWOOOWOW,WWOWOOOW,WWOOOOOW
3,ddelta,493,498,493-498,29,6.887551364643584,6.887551364643584,OWOWOWOW,OWOOOWOW,OWOWOOOW,OWOOOOOW
3,ddelta,493,498,493-498,30,-0.9601439403320832,0.9601439403320832,WOOWOWOW,WOOOOWOW,WOOWOOOW,WOOOOOOW
3,ddelta,493,498,493-498,31,-0.7762826518877178,0.7762826518877178,OOOWOWOW,OOOOOWOW,OOOWOOOW,OOOOOOOW
3,ddelta,493,498,493-498,32,0.1549613111613976,0.1549613111613976,WWWWWWWO,WWWOWWWO,WWWWWOWO,WWWOWOWO
3,ddelta,493,498,493-498,33,2.722021613294839,2.722021613294839,OWWWWWWO,OWWOWWWO,OWWWWOWO,OWWOWOWO
3,ddelta,493,498,493-498,34,-2.814586688540133,2.814586688540133,WOWWWWWO,WOWOWWWO,WOWWWOWO,WOWOWOWO
3,ddelta,493,498,493-498,35,0.15751632893679457,0.15751632893679457,OOWWWWWO,OOWOWWWO,OOWWWOWO,OOWOWOWO
3,ddelta,493,498,493-498,36,-1.1199504396870406,1.1199504396870406,WWOWWWWO,WWOOWWWO,WWOWWOWO,WWOOWOWO
3,ddelta,493,498,493-498,37,1.5097873471806575,1.5097873471806575,OWOWWWWO,OWOOWWWO,OWOWWOWO,OWOOWOWO
3,ddelta,493,498,493-498,38,-5.4116399961752295,5.4116399961752295,WOOWWWWO,WOOOWWWO,WOOWWOWO,WOOOWOWO
3,ddelta,493,498,493-498,39,-1.5690161283314987,1.5690161283314987,OOOWWWWO,OOOOWWWO,OOOWWOWO,OOOOWOWO
3,ddelta,493,498,493-498,40,4.523182622219407,4.523182622219407,WWWWOWWO,WWWOOWWO,WWWWOOWO,WWWOOOWO
3,ddelta,493,498,493-498,41,0.7525302869411499,0.7525302869411499,OWWWOWWO,OWWOOWWO,OWWWOOWO,OWWOOOWO
3,ddelta,493,498,493-498,42,2.394832686428966,2.394832686428966,WOWWOWWO,WOWOOWWO,WOWWOOWO,WOWOOOWO
3,ddelta,493,498,493-498,43,-0.6776522833410167,0.6776522833410167,OOWWOWWO,OOWOOWWO,OOWWOOWO,OOWOOOWO
3,ddelta,493,498,493-498,44,-0.4441361952699574,0.4441361952699574,WWOWOWWO,WWOOOWWO,WWOWOOWO,WWOOOOWO
3,ddelta,493,498,493-498,45,1.7298749981431318,1.7298749981431318,OWOWOWWO,OWOOOWWO,OWOWOOWO,OWOOOOWO
3,ddelta,493,498,493-498,46,-1.0997846402524367,1.0997846402524367,WOOWOWWO,WOOOOWWO,WOOWOOWO,WOOOOOWO
3,ddelta,493,498,493-498,47,2.941402793440186,2.941402793440186,OOOWOWWO,OOOOOWWO,OOOWOOWO,OOOOOOWO
3,ddelta,493,498,493-498,48,-0.3977979735592699,0.3977979735592699,WWWWWWOO,WWWOWWOO,WWWWWOOO,WWWOWOOO
3,ddelta,493,498,493-498,49,-0.8269323329092851,0.8269323329092851,OWWWWWOO,OWWOWWOO,OWWWWOOO,OWWOWOOO
3,ddelta,493,498,493-498,50,-5.134701216791366,5.134701216791366,WOWWWWOO,WOWOWWOO,WOWWWOOO,WOWOWOOO
3,ddelta,493,498,493-498,51,-0.9417672759755056,0.9417672759755056,OOWWWWOO,OOWOWWOO,OOWWWOOO,OOWOWOOO
3,ddelta,493,498,493-498,52,0.4489895689768354,0.4489895689768354,WWOWWWOO,WWOOWWOO,WWOWWOOO,WWOOWOOO
3,ddelta,493,498,493-498,53,-1.5251045093257658,1.5251045093257658,OWOWWWOO,OWOOWWOO,OWOWWOOO,OWOOWOOO
3,ddelta,493,498,493-498,54,1.6343584531082436,1.6343584531082436,WOOWWWOO,WOOOWWOO,WOOWWOOO,WOOOWOOO
3,ddelta,493,498,493-498,55,1.2880687361849703,1.2880687361849703,OOOWWWOO,OOOOWWOO,OOOWWOOO,OOOOWOOO
3,ddelta,493,498,493-498,56,1.1836497286585335,1.1836497286585335,WWWWOWOO,WWWOOWOO,WWWWOOOO,WWWOOOOO
3,ddelta,493,498,493-498,57,0.49724611438527627,0.49724611438527627,OWWWOWOO,OWWOOWOO,OWWWOOOO,OWWOOOOO
3,ddelta,493,498,493-498,58,-4.580528252631663,4.580528252631663,WOWWOWOO,WOWOOWOO,WOWWOOOO,WOWOOOOO
3,ddelta,493,498,493-498,59,3.4256307153998993,3.4256307153998993,OOWWOWOO,OOWOOWOO,OOWWOOOO,OOWOOOOO
3,ddelta,493,498,493-498,60,5.656132403968115,5.656132403968115,WWOWOWOO,WWOOOWOO,WWOWOOOO,WWOOOOOO
3,ddelta,493,498,493-498,61,-1.68007908330627,1.68007908330627,OWOWOWOO,OWOOOWOO,OWOWOOOO,OWOOOOOO
3,ddelta,493,498,493-498,62,2.075997927602091,2.075997927602091,WOOWOWOO,WOOOOWOO,WOOWOOOO,WOOOOOOO
3,ddelta,493,498,493-498,63,1.851377429874869,1.851377429874869,OOOWOWOO,OOOOOWOO,OOOWOOOO,OOOOOOOO
3,ddelta,493,501,493-501,0,-1.843259583100547,1.843259583100547,WWWWWWWW,WWWOWWWW,WWWWWWOW,WWWOWWOW
3,ddelta,493,501,493-501,1,0.1922036681859379,0.1922036681859379,OWWWWWWW,OWWOWWWW,OWWWWWOW,OWWOWWOW
3,ddelta,493,501,493-501,2,2.3364799318081895,2.3364799318081895,WOWWWWWW,WOWOWWWW,WOWWWWOW,WOWOWWOW
3,ddelta,493,501,493-501,3,2.3335607386918653,2.3335607386918653,OOWWWWWW,OOWOWWWW,OOWWWWOW,OOWOWWOW
3,ddelta,493,501,493-501,4,0.1481428280681929,0.1481428280681929,WWOWWWWW,WWOOWWWW,WWOWWWOW,WWOOWWOW
3,ddelta,493,501,493-501,5,-2.0784832797578274,2.0784832797578274,OWOWWWWW,OWOOWWWW,OWOWWWOW,OWOOWWOW
3,ddelta,493,501,493-501,6,3.4953630175220236,3.4953630175220236,WOOWWWWW,WOOOWWWW,WOOWWWOW,WOOOWWOW
3,ddelta,493,501,493-501,7,2.093997058884081,2.093997058884081,OOOWWWWW,OOOOWWWW,OOOWWWOW,OOOOWWOW
3,ddelta,493,501,493-501,8,-2.2629229044743306,2.2629229044743306,WWWWOWWW,WWWOOWWW,WWWWOWOW,WWWOOWOW
3,ddelta,493,501,493-501,9,-1.3874285660438783,1.3874285660438783,OWWWOWWW,OWWOOWWW,OWWWOWOW,OWWOOWOW
3,ddelta,493,501,493-501,10,-4.887269448536946,4.887269448536946,WOWWOWWW,WOWOOWWW,WOWWOWOW,WOWOOWOW
3,ddelta,493,501,493-501,11,2.186589697669489,2.186589697669489,OOWWOWWW,OOWOOWWW,OOWWOWOW,OOWOOWOW
3,ddelta,493,501,493-501,12,1.501181702401319,1.501181702401319,WWOWOWWW,WWOOOWWW,WWOWOWOW,WWOOOWOW
3,ddelta,493,501,493-501,13,1.7381234411902033,1.7381234411902033,OWOWOWWW,OWOOOWWW,OWOWOWOW,OWOOOWOW
3,ddelta,493,501,493-501,14,0.6653900187807769,0.6653900187807769,WOOWOWWW,WOOOOWWW,WOOWOWOW,WOOOOWOW
3,ddelta,493,501,493-501,15,1.5433854785491583,1.5433854785491583,OOOWOWWW,OOOOOWWW,OOOWOWOW,OOOOOWOW
3,ddelta,493,501,493-501,16,-1.7708774350918883,1.7708774350918883,WWWWWOWW,WWWOWOWW,WWWWWOOW,WWWOWOOW
3,ddelta,493,501,493-501,17,0.28333898407434277,0.28333898407434277,OWWWWOWW,OWWOWOWW,OWWWWOOW,OWWOWOOW
3,ddelta,493,501,493-501,18,1.4972242869226418,1.4972242869226418,WOWWWOWW,WOWOWOWW,WOWWWOOW,WOWOWOOW
3,ddelta,493,501,493-501,19,-2.366988173028073,2.366988173028073,OOWWWOWW,OOWOWOWW,OOWWWOOW,OOWOWOOW
3,ddelta,493,501,493-501,20,-2.058302601706095,2.058302601706095,WWOWWOWW,WWOOWOWW,WWOWWOOW,WWOOWOOW
3,ddelta,493,501,493-501,21,2.902829118434874,2.902829118434874,OWOWWOWW,OWOOWOWW,OWOWWOOW,OWOOWOOW
3,ddelta,493,501,493-501,22,1.760430478929221,1.760430478929221,WOOWWOWW,WOOOWOWW,WOOWWOOW,WOOOWOOW
3,ddelta,493,501,493-501,23,3.1295017702835644,3.1295017702835644,OOOWWOWW,OOOOWOWW,OOOWWOOW,OOOOWOOW
3,ddelta,493,501,493-501,24,4.858655289278124,4.858655289278124,WWWWOOWW,WWWOOOWW,WWWWOOOW,WWWOOOOW
3,ddelta,493,501,493-501,25,-1.2888603164231929,1.2888603164231929,OWWWOOWW,OWWOOOWW,OWWWOOOW,OWWOOOOW
3,ddelta,493,501,493-501,26,0.4279646620459502,0.4279646620459502,WOWWOOWW,WOWOOOWW,WOWWOOOW,WOWOOOOW
3,ddelta,493,501,493-501,27,-0.5628562076844394,0.5628562076844394,OOWWOOWW,OOWOOOWW,OOWWOOOW,OOWOOOOW
3,ddelta,493,501,493-501,28,1.9147008431588752,1.9147008431588752,WWOWOOWW,WWOOOOWW,WWOWOOOW,WWOOOOOW
3,ddelta,493,501,493-501,29,5.650307260979491,5.650307260979491,OWOWOOWW,OWOOOOWW,OWOWOOOW,OWOOOOOW
3,ddelta,493,501,493-501,30,-1.454508757377447,1.454508757377447,WOOWOOWW,WOOOOOWW,WOOWOOOW,WOOOOOOW
3,ddelta,493,501,493-501,31,-0.2749697404588784,0.2749697404588784,OOOWOOWW,OOOOOOWW,OOOWOOOW,OOOOOOOW
3,ddelta,493,501,493-501,32,2.889102207825199,2.889102207825199,WWWWWWWO,WWWOWWWO,WWWWWWOO,WWWOWWOO
3,ddelta,493,501,493-501,33,2.9585214617199664,2.9585214617199664,OWWWWWWO,OWWOWWWO,OWWWWWOO,OWWOWWOO
3,ddelta,493,501,493-501,34,0.0828956474849214,0.0828956474849214,WOWWWWWO,WOWOWWWO,WOWWWWOO,WOWOWWOO
3,ddelta,493,501,493-501,35,0.6568411363165921,0.6568411363165921,OOWWWWWO,OOWOWWWO,OOWWWWOO,OOWOWWOO
3,ddelta,493,501,493-501,36,2.3457182997894983,2.3457182997894983,WWOWWWWO,WWOOWWWO,WWOWWWOO,WWOOWWOO
3,ddelta,493,501,493-501,37,3.9810132823324125,3.9810132823324125,OWOWWWWO,OWOOWWWO,OWOWWWOO,OWOOWWOO
3,ddelta,493,501,493-501,38,1.7258341243415058,1.7258341243415058,WOOWWWWO,WOOOWWWO,WOOWWWOO,WOOOWWOO
3,ddelta,493,501,493-501,39,-1.23421657555614,1.23421657555614,OOOWWWWO,OOOOWWWO,OOOWWWOO,OOOOWWOO
3,ddelta,493,501,493-501,40,2.1253554082675126,2.1253554082675126,WWWWOWWO,WWWOOWWO,WWWWOWOO,WWWOOWOO
3,ddelta,493,501,493-501,41,4.168051603417595,4.168051603417595,OWWWOWWO,OWWOOWWO,OWWWOWOO,OWWOOWOO
3,ddelta,493,501,493-501,42,2.8929294304453217,2.8929294304453217,WOWWOWWO,WOWOOWWO,WOWWOWOO,WOWOOWOO
3,ddelta,493,501,493-501,43,-4.527618336049935,4.527618336049935,OOWWOWWO,OOWOOWWO,OOWWOWOO,OOWOOWOO
3,ddelta,493,501,493-501,44,-6.719183559638897,6.719183559638897,WWOWOWWO,WWOOOWWO,WWOWOWOO,WWOOOWOO
3,ddelta,493,501,493-501,45,0.4670914609108534,0.4670914609108534,OWOWOWWO,OWOOOWWO,OWOWOWOO,OWOOOWOO
3,ddelta,493,501,493-501,46,-1.772897012499768,1.772897012499768,WOOWOWWO,WOOOOWWO,WOOWOWOO,WOOOOWOO
3,ddelta,493,501,493-501,47,1.421483174529666,1.421483174529666,OOOWOWWO,OOOOOWWO,OOOWOWOO,OOOOOWOO
3,ddelta,493,501,493-501,48,2.3363429231045316,2.3363429231045316,WWWWWOWO,WWWOWOWO,WWWWWOOO,WWWOWOOO
3,ddelta,493,501,493-501,49,-0.5904324844841579,0.5904324844841579,OWWWWOWO,OWWOWOWO,OWWWWOOO,OWWOWOOO
3,ddelta,493,501,493-501,50,-2.2372188807663114,2.2372188807663114,WOWWWOWO,WOWOWOWO,WOWWWOOO,WOWOWOOO
3,ddelta,493,501,493-501,51,-0.4424424685957079,0.4424424685957079,OOWWWOWO,OOWOWOWO,OOWWWOOO,OOWOWOOO
3,ddelta,493,501,493-501,52,3.914658308453374,3.914658308453374,WWOWWOWO,WWOOWOWO,WWOWWOOO,WWOOWOOO
3,ddelta,493,501,493-501,53,0.9461214258259887,0.9461214258259887,OWOWWOWO,OWOOWOWO,OWOWWOOO,OWOOWOOO
3,ddelta,493,501,493-501,54,8.771832573624978,8.771832573624978,WOOWWOWO,WOOOWOWO,WOOWWOOO,WOOOWOOO
3,ddelta,493,501,493-501,55,1.6228682889603288,1.6228682889603288,OOOWWOWO,OOOOWOWO,OOOWWOOO,OOOOWOOO
3,ddelta,493,501,493-501,56,-1.2141774852933613,1.2141774852933613,WWWWOOWO,WWWOOOWO,WWWWOOOO,WWWOOOOO
3,ddelta,493,501,493-501,57,3.912767430861721,3.912767430861721,OWWWOOWO,OWWOOOWO,OWWWOOOO,OWWOOOOO
3,ddelta,493,501,493-501,58,-4.082431508615308,4.082431508615308,WOWWOOWO,WOWOOOWO,WOWWOOOO,WOWOOOOO
3,ddelta,493,501,493-501,59,-0.4243353373090196,0.4243353373090196,OOWWOOWO,OOWOOOWO,OOWWOOOO,OOWOOOOO
3,ddelta,493,501,493-501,60,-0.6189149604008238,0.6189149604008238,WWOWOOWO,WWOOOOWO,WWOWOOOO,WWOOOOOO
3,ddelta,493,501,493-501,61,-2.9428626205385484,2.9428626205385484,OWOWOOWO,OWOOOOWO,OWOWOOOO,OWOOOOOO
3,ddelta,493,501,493-501,62,1.4028855553547595,1.4028855553547595,WOOWOOWO,WOOOOOWO,WOOWOOOO,WOOOOOOO
3,ddelta,493,501,493-501,63,0.3314578109643488,0.3314578109643488,OOOWOOWO,OOOOOOWO,OOOWOOOO,OOOOOOOO
3,ddelta,493,505,493-505,0,-2.415669664046119,2.415669664046119,WWWWWWWW,WWWOWWWW,WWWWWWWO,WWWOWWWO
3,ddelta,493,505,493-505,1,-4.79750170178616,4.79750170178616,OWWWWWWW,OWWOWWWW,OWWWWWWO,OWWOWWWO
3,ddelta,493,505,493-505,2,0.7030170690215053,0.7030170690215053,WOWWWWWW,WOWOWWWW,WOWWWWWO,WOWOWWWO
3,ddelta,493,505,493-505,3,0.33135594066238494,0.33135594066238494,OOWWWWWW,OOWOWWWW,OOWWWWWO,OOWOWWWO
3,ddelta,493,505,493-505,4,0.6455143123537443,0.6455143123537443,WWOWWWWW,WWOOWWWW,WWOWWWWO,WWOOWWWO
3,ddelta,493,505,493-505,5,-3.260916769670692,3.260916769670692,OWOWWWWW,OWOOWWWW,OWOWWWWO,OWOOWWWO
3,ddelta,493,505,493-505,6,2.156333851206399,2.156333851206399,WOOWWWWW,WOOOWWWW,WOOWWWWO,WOOOWWWO
3,ddelta,493,505,493-505,7,1.2164052116569648,1.2164052116569648,OOOWWWWW,OOOOWWWW,OOOWWWWO,OOOOWWWO
3,ddelta,493,505,493-505,8,-5.763719963100862,5.763719963100862,WWWWOWWW,WWWOOWWW,WWWWOWWO,WWWOOWWO
3,ddelta,493,505,493-505,9,-0.865254989526099,0.865254989526099,OWWWOWWW,OWWOOWWW,OWWWOWWO,OWWOOWWO
3,ddelta,493,505,493-505,10,-3.77738559381948,3.77738559381948,WOWWOWWW,WOWOOWWW,WOWWOWWO,WOWOOWWO
3,ddelta,493,505,493-505,11,2.912005280054405,2.912005280054405,OOWWOWWW,OOWOOWWW,OOWWOWWO,OOWOOWWO
3,ddelta,493,505,493-505,12,3.372026390398224,3.372026390398224,WWOWOWWW,WWOOOWWW,WWOWOWWO,WWOOOWWO
3,ddelta,493,505,493-505,13,2.4521529306369354,2.4521529306369354,OWOWOWWW,OWOOOWWW,OWOWOWWO,OWOOOWWO
3,ddelta,493,505,493-505,14,1.3788414699602856,1.3788414699602856,WOOWOWWW,WOOOOWWW,WOOWOWWO,WOOOOWWO
3,ddelta,493,505,493-505,15,0.13158033443269068,0.13158033443269068,OOOWOWWW,OOOOOWWW,OOOWOWWO,OOOOOWWO
3,ddelta,493,505,493-505,16,-1.8881783751829349,1.8881783751829349,WWWWWOWW,WWWOWOWW,WWWWWOWO,WWWOWOWO
3,ddelta,493,505,493-505,17,0.3998916768060899,0.3998916768060899,OWWWWOWW,OWWOWOWW,OWWWWOWO,OWWOWOWO
3,ddelta,493,505,493-505,18,-1.0394782811258345,1.0394782811258345,WOWWWOWW,WOWOWOWW,WOWWWOWO,WOWOWOWO
3,ddelta,493,505,493-505,19,-1.6538837048053563,1.6538837048053563,OOWWWOWW,OOWOWOWW,OOWWWOWO,OOWOWOWO
3,ddelta,493,505,493-505,20,-0.661241231263741,0.661241231263741,WWOWWOWW,WWOOWOWW,WWOWWOWO,WWOOWOWO
3,ddelta,493,505,493-505,21,2.4374830849132776,2.4374830849132776,OWOWWOWW,OWOOWOWW,OWOWWOWO,OWOOWOWO
3,ddelta,493,505,493-505,22,-4.081552439741425,4.081552439741425,WOOWWOWW,WOOOWOWW,WOOWWOWO,WOOOWOWO
3,ddelta,493,505,493-505,23,1.4681115027932548,1.4681115027932548,OOOWWOWW,OOOOWOWW,OOOWWOWO,OOOOWOWO
3,ddelta,493,505,493-505,24,5.299154114916514,5.299154114916514,WWWWOOWW,WWWOOOWW,WWWWOOWO,WWWOOOWO
3,ddelta,493,505,493-505,25,-0.07663879900604054,0.07663879900604054,OWWWOOWW,OWWOOOWW,OWWWOOWO,OWWOOOWO
3,ddelta,493,505,493-505,26,-0.24246390609440593,0.24246390609440593,WOWWOOWW,WOWOOOWW,WOWWOOWO,WOWOOOWO
3,ddelta,493,505,493-505,27,-1.009120480120477,1.009120480120477,OOWWOOWW,OOWOOOWW,OOWWOOWO,OOWOOOWO
3,ddelta,493,505,493-505,28,1.9007657531060336,1.9007657531060336,WWOWOOWW,WWOOOOWW,WWOWOOWO,WWOOOOWO
3,ddelta,493,505,493-505,29,1.2066603839257712,1.2066603839257712,OWOWOOWW,OWOOOOWW,OWOWOOWO,OWOOOOWO
3,ddelta,493,505,493-505,30,-0.8806980061182919,0.8806980061182919,WOOWOOWW,WOOOOOWW,WOOWOOWO,WOOOOOWO
3,ddelta,493,505,493-505,31,2.0309105607525577,2.0309105607525577,OOOWOOWW,OOOOOOWW,OOOWOOWO,OOOOOOWO
3,ddelta,493,505,493-505,32,2.316692126879627,2.316692126879627,WWWWWWOW,WWWOWWOW,WWWWWWOO,WWWOWWOO
3,ddelta,493,505,493-505,33,-2.0311839082521317,2.0311839082521317,OWWWWWOW,OWWOWWOW,OWWWWWOO,OWWOWWOO
3,ddelta,493,505,493-505,34,-1.550567215301763,1.550567215301763,WOWWWWOW,WOWOWWOW,WOWWWWOO,WOWOWWOO
3,ddelta,493,505,493-505,35,-1.3453636617128883,1.3453636617128883,OOWWWWOW,OOWOWWOW,OOWWWWOO,OOWOWWOO
3,ddelta,493,505,493-505,36,2.8430897840750493,2.8430897840750493,WWOWWWOW,WWOOWWOW,WWOWWWOO,WWOOWWOO
3,ddelta,493,505,493-505,37,2.7985797924195475,2.7985797924195475,OWOWWWOW,OWOOWWOW,OWOWWWOO,OWOOWWOO
3,ddelta,493,505,493-505,38,0.386804958025881,0.386804958025881,WOOWWWOW,WOOOWWOW,WOOWWWOO,WOOOWWOO
3,ddelta,493,505,493-505,39,-2.1118084227832563,2.1118084227832563,OOOWWWOW,OOOOWWOW,OOOWWWOO,OOOOWWOO
3,ddelta,493,505,493-505,40,-1.3754416503590188,1.3754416503590188,WWWWOWOW,WWWOOWOW,WWWWOWOO,WWWOOWOO
3,ddelta,493,505,493-505,41,4.690225179935374,4.690225179935374,OWWWOWOW,OWWOOWOW,OWWWOWOO,OWWOOWOO
3,ddelta,493,505,493-505,42,4.002813285162787,4.002813285162787,WOWWOWOW,WOWOOWOW,WOWWOWOO,WOWOOWOO
3,ddelta,493,505,493-505,43,-3.8022027536650196,3.8022027536650196,OOWWOWOW,OOWOOWOW,OOWWOWOO,OOWOOWOO
3,ddelta,493,505,493-505,44,-4.8483388716419915,4.8483388716419915,WWOWOWOW,WWOOOWOW,WWOWOWOO,WWOOOWOO
3,ddelta,493,505,493-505,45,1.1811209503575852,1.1811209503575852,OWOWOWOW,OWOOOWOW,OWOWOWOO,OWOOOWOO
3,ddelta,493,505,493-505,46,-1.0594455613202594,1.0594455613202594,WOOWOWOW,WOOOOWOW,WOOWOWOO,WOOOOWOO
3,ddelta,493,505,493-505,47,0.009678030413198369,0.009678030413198369,OOOWOWOW,OOOOOWOW,OOOWOWOO,OOOOOWOO
3,ddelta,493,505,493-505,48,2.219041983013485,2.219041983013485,WWWWWOOW,WWWOWOOW,WWWWWOOO,WWWOWOOO
3,ddelta,493,505,493-505,49,-0.4738797917524107,0.4738797917524107,OWWWWOOW,OWWOWOOW,OWWWWOOO,OWWOWOOO
3,ddelta,493,505,493-505,50,-4.773921448814788,4.773921448814788,WOWWWOOW,WOWOWOOW,WOWWWOOO,WOWOWOOO
3,ddelta,493,505,493-505,51,0.27066199962700876,0.27066199962700876,OOWWWOOW,OOWOWOOW,OOWWWOOO,OOWOWOOO
3,ddelta,493,505,493-505,52,5.311719678895728,5.311719678895728,WWOWWOOW,WWOOWOOW,WWOWWOOO,WWOOWOOO
3,ddelta,493,505,493-505,53,0.4807753923043918,0.4807753923043918,OWOWWOOW,OWOOWOOW,OWOWWOOO,OWOOWOOO
3,ddelta,493,505,493-505,54,2.9298496549543334,2.9298496549543334,WOOWWOOW,WOOOWOOW,WOOWWOOO,WOOOWOOO
3,ddelta,493,505,493-505,55,-0.03852197852998063,0.03852197852998063,OOOWWOOW,OOOOWOOW,OOOWWOOO,OOOOWOOO
3,ddelta,493,505,493-505,56,-0.7736786596549718,0.7736786596549718,WWWWOOOW,WWWOOOOW,WWWWOOOO,WWWOOOOO
3,ddelta,493,505,493-505,57,5.124988948278873,5.124988948278873,OWWWOOOW,OWWOOOOW,OWWWOOOO,OWWOOOOO
3,ddelta,493,505,493-505,58,-4.752860076755664,4.752860076755664,WOWWOOOW,WOWOOOOW,WOWWOOOO,WOWOOOOO
3,ddelta,493,505,493-505,59,-0.8705996097450571,0.8705996097450571,OOWWOOOW,OOWOOOOW,OOWWOOOO,OOWOOOOO
3,ddelta,493,505,493-505,60,-0.6328500504536656,0.6328500504536656,WWOWOOOW,WWOOOOOW,WWOWOOOO,WWOOOOOO
3,ddelta,493,505,493-505,61,-7.386509497592268,7.386509497592268,OWOWOOOW,OWOOOOOW,OWOWOOOO,OWOOOOOO
3,ddelta,493,505,493-505,62,1.9766963066139147,1.9766963066139147,WOOWOOOW,WOOOOOOW,WOOWOOOO,WOOOOOOO
3,ddelta,493,505,493-505,63,2.6373381121757857,2.6373381121757857,OOOWOOOW,OOOOOOOW,OOOWOOOO,OOOOOOOO
3,ddelta,496,498,496-498,0,3.833885592791368,3.833885592791368,WWWWWWWW,WWWWOWWW,WWWWWOWW,WWWWOOWW
3,ddelta,496,498,496-498,1,0.9973936823314965,0.9973936823314965,OWWWWWWW,OWWWOWWW,OWWWWOWW,OWWWOOWW
3,ddelta,496,498,496-498,2,0.01604810284969005,0.01604810284969005,WOWWWWWW,WOWWOWWW,WOWWWOWW,WOWWOOWW
3,ddelta,496,498,496-498,3,2.0403610789970266,2.0403610789970266,OOWWWWWW,OOWWOWWW,OOWWWOWW,OOWWOOWW
3,ddelta,496,498,496-498,4,-0.15780144330379264,0.15780144330379264,WWOWWWWW,WWOWOWWW,WWOWWOWW,WWOWOOWW
3,ddelta,496,498,496-498,5,-3.841472295941671,3.841472295941671,OWOWWWWW,OWOWOWWW,OWOWWOWW,OWOWOOWW
3,ddelta,496,498,496-498,6,0.731681219106898,0.731681219106898,WOOWWWWW,WOOWOWWW,WOOWWOWW,WOOWOOWW
3,ddelta,496,498,496-498,7,-2.1403271643659325,2.1403271643659325,OOOWWWWW,OOOWOWWW,OOOWWOWW,OOOWOOWW
3,ddelta,496,498,496-498,8,-2.333275885304815,2.333275885304815,WWWOWWWW,WWWOOWWW,WWWOWOWW,WWWOOOWW
3,ddelta,496,498,496-498,9,3.436679544049999,3.436679544049999,OWWOWWWW,OWWOOWWW,OWWOWOWW,OWWOOOWW
3,ddelta,496,498,496-498,10,-0.05194956005362483,0.05194956005362483,WOWOWWWW,WOWOOWWW,WOWOWOWW,WOWOOOWW
3,ddelta,496,498,496-498,11,3.141078581426356,3.141078581426356,OOWOWWWW,OOWOOWWW,OOWOWOWW,OOWOOOWW
3,ddelta,496,498,496-498,12,0.6825178947879951,0.6825178947879951,WWOOWWWW,WWOOOWWW,WWOOWOWW,WWOOOOWW
3,ddelta,496,498,496-498,13,3.322507756315936,3.322507756315936,OWOOWWWW,OWOOOWWW,OWOOWOWW,OWOOOOWW
3,ddelta,496,498,496-498,14,1.0651897601604443,1.0651897601604443,WOOOWWWW,WOOOOWWW,WOOOWOWW,WOOOOOWW
3,ddelta,496,498,496-498,15,0.7224678222221748,0.7224678222221748,OOOOWWWW,OOOOOWWW,OOOOWOWW,OOOOOOWW
3,ddelta,496,498,496-498,16,-1.2071582150482425,1.2071582150482425,WWWWWWOW,WWWWOWOW,WWWWWOOW,WWWWOOOW
3,ddelta,496,498,496-498,17,-2.028952860540082,2.028952860540082,OWWWWWOW,OWWWOWOW,OWWWWOOW,OWWWOOOW
3,ddelta,496,498,496-498,18,-2.230975261961757,2.230975261961757,WOWWWWOW,WOWWOWOW,WOWWWOOW,WOWWOOOW
3,ddelta,496,498,496-498,19,-2.9464217393254755,2.9464217393254755,OOWWWWOW,OOWWOWOW,OOWWWOOW,OOWWOOOW
3,ddelta,496,498,496-498,20,0.006330017491811252,0.006330017491811252,WWOWWWOW,WWOWOWOW,WWOWWOOW,WWOWOOOW
3,ddelta,496,498,496-498,21,-1.871587183922253,1.871587183922253,OWOWWWOW,OWOWOWOW,OWOWWOOW,OWOWOOOW
3,ddelta,496,498,496-498,22,-0.6410714624989398,0.6410714624989398,WOOWWWOW,WOOWOWOW,WOOWWOOW,WOOWOOOW
3,ddelta,496,498,496-498,23,-0.4092119967101498,0.4092119967101498,OOOWWWOW,OOOWOWOW,OOOWWOOW,OOOWOOOW
3,ddelta,496,498,496-498,24,-0.3251236474006286,0.3251236474006286,WWWOWWOW,WWWOOWOW,WWWOWOOW,WWWOOOOW
3,ddelta,496,498,496-498,25,0.4177659349107006,0.4177659349107006,OWWOWWOW,OWWOOWOW,OWWOWOOW,OWWOOOOW
3,ddelta,496,498,496-498,26,3.8555168306033725,3.8555168306033725,WOWOWWOW,WOWOOWOW,WOWOWOOW,WOWOOOOW
3,ddelta,496,498,496-498,27,0.10539876946986382,0.10539876946986382,OOWOWWOW,OOWOOWOW,OOWOWOOW,OOWOOOOW
3,ddelta,496,498,496-498,28,3.4666139261154427,3.4666139261154427,WWOOWWOW,WWOOOWOW,WWOOWOOW,WWOOOOOW
3,ddelta,496,498,496-498,29,4.22326428993194,4.22326428993194,OWOOWWOW,OWOOOWOW,OWOOWOOW,OWOOOOOW
3,ddelta,496,498,496-498,30,-0.6925291590108147,0.6925291590108147,WOOOWWOW,WOOOOWOW,WOOOWOOW,WOOOOOOW
3,ddelta,496,498,496-498,31,-0.4002769405295623,0.4002769405295623,OOOOWWOW,OOOOOWOW,OOOOWOOW,OOOOOOOW
3,ddelta,496,498,496-498,32,-3.502398756442733,3.502398756442733,WWWWWWWO,WWWWOWWO,WWWWWOWO,WWWWOOWO
3,ddelta,496,498,496-498,33,0.4808035743588064,0.4808035743588064,OWWWWWWO,OWWWOWWO,OWWWWOWO,OWWWOOWO
3,ddelta,496,498,496-498,34,-2.8358618113086447,2.8358618113086447,WOWWWWWO,WOWWOWWO,WOWWWOWO,WOWWOOWO
3,ddelta,496,498,496-498,35,0.3846404130456732,0.3846404130456732,OOWWWWWO,OOWWOWWO,OOWWWOWO,OOWWOOWO
3,ddelta,496,498,496-498,36,0.5758816631017367,0.5758816631017367,WWOWWWWO,WWOWOWWO,WWOWWOWO,WWOWOOWO
3,ddelta,496,498,496-498,37,0.7570417192409706,0.7570417192409706,OWOWWWWO,OWOWOWWO,OWOWWOWO,OWOWOOWO
3,ddelta,496,498,496-498,38,-4.102735082558396,4.102735082558396,WOOWWWWO,WOOWOWWO,WOOWWOWO,WOOWOOWO
3,ddelta,496,498,496-498,39,-1.0557908805749765,1.0557908805749765,OOOWWWWO,OOOWOWWO,OOOWWOWO,OOOWOOWO
3,ddelta,496,498,496-498,40,0.8658225546152774,0.8658225546152774,WWWOWWWO,WWWOOWWO,WWWOWOWO,WWWOOOWO
3,ddelta,496,498,496-498,41,-1.488687751994883,1.488687751994883,OWWOWWWO,OWWOOWWO,OWWOWOWO,OWWOOOWO
3,ddelta,496,498,496-498,42,2.3735575636604547,2.3735575636604547,WOWOWWWO,WOWOOWWO,WOWOWOWO,WOWOOOWO
3,ddelta,496,498,496-498,43,-0.450528199232138,0.450528199232138,OOWOWWWO,OOWOOWWO,OOWOWOWO,OOWOOOWO
3,ddelta,496,498,496-498,44,1.2516959075188199,1.2516959075188199,WWOOWWWO,WWOOOWWO,WWOOWOWO,WWOOOOWO
3,ddelta,496,498,496-498,45,0.9771293702034448,0.9771293702034448,OWOOWWWO,OWOOOWWO,OWOOWOWO,OWOOOOWO
3,ddelta,496,498,496-498,46,0.2091202733643971,0.2091202733643971,WOOOWWWO,WOOOOWWO,WOOOWOWO,WOOOOOWO
3,ddelta,496,498,496-498,47,3.4546280411967083,3.4546280411967083,OOOOWWWO,OOOOOWWO,OOOOWOWO,OOOOOOWO
3,ddelta,496,498,496-498,48,1.7199653813379052,1.7199653813379052,WWWWWWOO,WWWWOWOO,WWWWWOOO,WWWWOOOO
3,ddelta,496,498,496-498,49,-2.8241365534810066,2.8241365534810066,OWWWWWOO,OWWWOWOO,OWWWWOOO,OWWWOOOO
3,ddelta,496,498,496-498,50,0.18103651383765645,0.18103651383765645,WOWWWWOO,WOWWOWOO,WOWWWOOO,WOWWOOOO
3,ddelta,496,498,496-498,51,-2.012370217285894,2.012370217285894,OOWWWWOO,OOWWOWOO,OOWWWOOO,OOWWOOOO
3,ddelta,496,498,496-498,52,-1.48398740973931,1.48398740973931,WWOWWWOO,WWOWOWOO,WWOWWOOO,WWOWOOOO
3,ddelta,496,498,496-498,53,-1.184166906036503,1.184166906036503,OWOWWWOO,OWOWOWOO,OWOWWOOO,OWOWOOOO
3,ddelta,496,498,496-498,54,-3.602533321210632,3.602533321210632,WOOWWWOO,WOOWOWOO,WOOWWOOO,WOOWOOOO
3,ddelta,496,498,496-498,55,-2.0755548932679595,2.0755548932679595,OOOWWWOO,OOOWOWOO,OOOWWOOO,OOOWOOOO
3,ddelta,496,498,496-498,56,3.3014130835557083,3.3014130835557083,WWWOWWOO,WWWOOWOO,WWWOWOOO,WWWOOOOO
3,ddelta,496,498,496-498,57,-1.499958106186445,1.499958106186445,OWWOWWOO,OWWOOWOO,OWWOWOOO,OWWOOOOO
3,ddelta,496,498,496-498,58,0.735209477997359,0.735209477997359,WOWOWWOO,WOWOOWOO,WOWOWOOO,WOWOOOOO
3,ddelta,496,498,496-498,59,2.355027774089511,2.355027774089511,OOWOWWOO,OOWOOWOO,OOWOWOOO,OOWOOOOO
3,ddelta,496,498,496-498,60,3.72315542525197,3.72315542525197,WWOOWWOO,WWOOOWOO,WWOOWOOO,WWOOOOOO
3,ddelta,496,498,496-498,61,-1.339141480017007,1.339141480017007,OWOOWWOO,OWOOOWOO,OWOOWOOO,OWOOOOOO
3,ddelta,496,498,496-498,62,-3.160893846716785,3.160893846716785,WOOOWWOO,WOOOOWOO,WOOOWOOO,WOOOOOOO
3,ddelta,496,498,496-498,63,-1.5122461995780605,1.5122461995780605,OOOOWWOO,OOOOOWOO,OOOOWOOO,OOOOOOOO
3,ddelta,496,501,496-501,0,2.1529149298758856,2.1529149298758856,WWWWWWWW,WWWWOWWW,WWWWWWOW,WWWWOWOW
3,ddelta,496,501,496-501,1,3.2407915404680616,3.2407915404680616,OWWWWWWW,OWWWOWWW,OWWWWWOW,OWWWOWOW
3,ddelta,496,501,496-501,2,4.105575620220692,4.105575620220692,WOWWWWWW,WOWWOWWW,WOWWWWOW,WOWWOWOW
3,ddelta,496,501,496-501,3,2.1415110300313964,2.1415110300313964,OOWWWWWW,OOWWOWWW,OOWWWWOW,OOWWOWOW
3,ddelta,496,501,496-501,4,-1.3629324204916748,1.3629324204916748,WWOWWWWW,WWOWOWWW,WWOWWWOW,WWOWOWOW
3,ddelta,496,501,496-501,5,-1.2887929174492896,1.2887929174492896,OWOWWWWW,OWOWOWWW,OWOWWWOW,OWOWOWOW
3,ddelta,496,501,496-501,6,3.261164852614981,3.261164852614981,WOOWWWWW,WOOWOWWW,WOOWWWOW,WOOWOWOW
3,ddelta,496,501,496-501,7,-0.1307421470054025,0.1307421470054025,OOOWWWWW,OOOWOWWW,OOOWWWOW,OOOWOWOW
3,ddelta,496,501,496-501,8,1.7332516085021017,1.7332516085021017,WWWOWWWW,WWWOOWWW,WWWOWWOW,WWWOOWOW
3,ddelta,496,501,496-501,9,1.6611593062382457,1.6611593062382457,OWWOWWWW,OWWOOWWW,OWWOWWOW,OWWOOWOW
3,ddelta,496,501,496-501,10,-3.118173760124444,3.118173760124444,WOWOWWWW,WOWOOWWW,WOWOWWOW,WOWOOWOW
3,ddelta,496,501,496-501,11,1.9945399890090203,1.9945399890090203,OOWOWWWW,OOWOOWWW,OOWOWWOW,OOWOOWOW
3,ddelta,496,501,496-501,12,-0.00989354615854876,0.00989354615854876,WWOOWWWW,WWOOOWWW,WWOOWWOW,WWOOOWOW
3,ddelta,496,501,496-501,13,2.527813803498741,2.527813803498741,OWOOWWWW,OWOOOWWW,OWOOWWOW,OWOOOWOW
3,ddelta,496,501,496-501,14,0.43119185387373404,0.43119185387373404,WOOOWWWW,WOOOOWWW,WOOOWWOW,WOOOOWOW
3,ddelta,496,501,496-501,15,-0.6813537273403254,0.6813537273403254,OOOOWWWW,OOOOOWWW,OOOOWWOW,OOOOOWOW
3,ddelta,496,501,496-501,16,-2.8881288779637253,2.8881288779637253,WWWWWOWW,WWWWOOWW,WWWWWOOW,WWWWOOOW
3,ddelta,496,501,496-501,17,0.21444499759648306,0.21444499759648306,OWWWWOWW,OWWWOOWW,OWWWWOOW,OWWWOOOW
3,ddelta,496,501,496-501,18,1.8585522554092448,1.8585522554092448,WOWWWOWW,WOWWOOWW,WOWWWOOW,WOWWOOOW
3,ddelta,496,501,496-501,19,-2.8452717882911056,2.8452717882911056,OOWWWOWW,OOWWOOWW,OOWWWOOW,OOWWOOOW
3,ddelta,496,501,496-501,20,-1.198800959696071,1.198800959696071,WWOWWOWW,WWOWOOWW,WWOWWOOW,WWOWOOOW
3,ddelta,496,501,496-501,21,0.6810921945701282,0.6810921945701282,OWOWWOWW,OWOWOOWW,OWOWWOOW,OWOWOOOW
3,ddelta,496,501,496-501,22,1.8884121710091433,1.8884121710091433,WOOWWOWW,WOOWOOWW,WOOWWOOW,WOOWOOOW
3,ddelta,496,501,496-501,23,1.6003730206503801,1.6003730206503801,OOOWWOWW,OOOWOOWW,OOOWWOOW,OOOWOOOW
3,ddelta,496,501,496-501,24,3.7414038464062873,3.7414038464062873,WWWOWOWW,WWWOOOWW,WWWOWOOW,WWWOOOOW
3,ddelta,496,501,496-501,25,-1.3577543029010526,1.3577543029010526,OWWOWOWW,OWWOOOWW,OWWOWOOW,OWWOOOOW
3,ddelta,496,501,496-501,26,0.7892926305325529,0.7892926305325529,WOWOWOWW,WOWOOOWW,WOWOWOOW,WOWOOOOW
3,ddelta,496,501,496-501,27,-1.041139822947472,1.041139822947472,OOWOWOWW,OOWOOOWW,OOWOWOOW,OOWOOOOW
3,ddelta,496,501,496-501,28,2.774202485168899,2.774202485168899,WWOOWOWW,WWOOOOWW,WWOOWOOW,WWOOOOOW
3,ddelta,496,501,496-501,29,3.4285703371147447,3.4285703371147447,OWOOWOWW,OWOOOOWW,OWOOWOOW,OWOOOOOW
3,ddelta,496,501,496-501,30,-1.326527065297525,1.326527065297525,WOOOWOWW,WOOOOOWW,WOOOWOOW,WOOOOOOW
3,ddelta,496,501,496-501,31,-1.8040984900920622,1.8040984900920622,OOOOWOWW,OOOOOOWW,OOOOWOOW,OOOOOOOW
3,ddelta,496,501,496-501,32,-2.3119607440649603,2.3119607440649603,WWWWWWWO,WWWWOWWO,WWWWWWOO,WWWWOWOO
3,ddelta,496,501,496-501,33,-1.4864547740725849,1.4864547740725849,OWWWWWWO,OWWWOWWO,OWWWWWOO,OWWWOWOO
3,ddelta,496,501,496-501,34,0.04406041398122573,0.04406041398122573,WOWWWWWO,WOWWOWWO,WOWWWWOO,WOWWOWOO
3,ddelta,496,501,496-501,35,3.429719638196706,3.429719638196706,OOWWWWWO,OOWWOWWO,OOWWWWOO,OOWWOWOO
3,ddelta,496,501,496-501,36,2.4989702179892115,2.4989702179892115,WWOWWWWO,WWOWOWWO,WWOWWWOO,WWOWOWOO
3,ddelta,496,501,496-501,37,3.775505106233471,3.775505106233471,OWOWWWWO,OWOWOWWO,OWOWWWOO,OWOWOWOO
3,ddelta,496,501,496-501,38,4.459914395893935,4.459914395893935,WOOWWWWO,WOOWOWWO,WOOWWWOO,WOOWOWOO
3,ddelta,496,501,496-501,39,0.241546229753699,0.241546229753699,OOOWWWWO,OOOWOWWO,OOOWWWOO,OOOWOWOO
3,ddelta,496,501,496-501,40,-3.075707543622647,3.075707543622647,WWWOWWWO,WWWOOWWO,WWWOWWOO,WWWOOWOO
3,ddelta,496,501,496-501,41,-0.27692463237495657,0.27692463237495657,OWWOWWWO,OWWOOWWO,OWWOWWOO,OWWOOWOO
3,ddelta,496,501,496-501,42,2.8540941969416256,2.8540941969416256,WOWOWWWO,WOWOOWWO,WOWOWWOO,WOWOOWOO
3,ddelta,496,501,496-501,43,-1.754739834169821,1.754739834169821,OOWOWWWO,OOWOOWWO,OOWOWWOO,OOWOOWOO
3,ddelta,496,501,496-501,44,-6.5659316414391835,6.5659316414391835,WWOOWWWO,WWOOOWWO,WWOOWWOO,WWOOOWOO
3,ddelta,496,501,496-501,45,0.2615832848119123,0.2615832848119123,OWOOWWWO,OWOOOWWO,OWOOWWOO,OWOOOWOO
3,ddelta,496,501,496-501,46,0.9611832590526608,0.9611832590526608,WOOOWWWO,WOOOOWWO,WOOOWWOO,WOOOOWOO
3,ddelta,496,501,496-501,47,2.897245979839505,2.897245979839505,OOOOWWWO,OOOOOWWO,OOOOWWOO,OOOOOWOO
3,ddelta,496,501,496-501,48,2.910403393715677,2.910403393715677,WWWWWOWO,WWWWOOWO,WWWWWOOO,WWWWOOOO
3,ddelta,496,501,496-501,49,-4.791394901912398,4.791394901912398,OWWWWOWO,OWWWOOWO,OWWWWOOO,OWWWOOOO
3,ddelta,496,501,496-501,50,3.0609587391275266,3.0609587391275266,WOWWWOWO,WOWWOOWO,WOWWWOOO,WOWWOOOO
3,ddelta,496,501,496-501,51,1.0327090078651393,1.0327090078651393,OOWWWOWO,OOWWOOWO,OOWWWOOO,OOWWOOOO
3,ddelta,496,501,496-501,52,0.4391011451481643,0.4391011451481643,WWOWWOWO,WWOWOOWO,WWOWWOOO,WWOWOOOO
3,ddelta,496,501,496-501,53,1.8342964809559974,1.8342964809559974,OWOWWOWO,OWOWOOWO,OWOWWOOO,OWOWOOOO
3,ddelta,496,501,496-501,54,4.960116157241698,4.960116157241698,WOOWWOWO,WOOWOOWO,WOOWWOOO,WOOWOOOO
3,ddelta,496,501,496-501,55,-0.778217782939284,0.778217782939284,OOOWWOWO,OOOWOOWO,OOOWWOOO,OOOWOOOO
3,ddelta,496,501,496-501,56,-0.6401170146822159,0.6401170146822159,WWWOWOWO,WWWOOOWO,WWWOWOOO,WWWOOOOO
3,ddelta,496,501,496-501,57,-0.28819498656651843,0.28819498656651843,OWWOWOWO,OWWOOOWO,OWWOWOOO,OWWOOOOO
3,ddelta,496,501,496-501,58,1.2157461112785297,1.2157461112785297,WOWOWOWO,WOWOOOWO,WOWOWOOO,WOWOOOOO
3,ddelta,496,501,496-501,59,1.0508161391518276,1.0508161391518276,OOWOWOWO,OOWOOOWO,OOWOWOOO,OOWOOOOO
3,ddelta,496,501,496-501,60,-4.0944721237060335,4.0944721237060335,WWOOWOWO,WWOOOOWO,WWOOWOOO,WWOOOOOO
3,ddelta,496,501,496-501,61,-2.0546875654085395,2.0546875654085395,OWOOWOWO,OWOOOOWO,OWOOWOOO,OWOOOOOO
3,ddelta,496,501,496-501,62,-2.408830861028521,2.408830861028521,WOOOWOWO,WOOOOOWO,WOOOWOOO,WOOOOOOO
3,ddelta,496,501,496-501,63,-2.069628260935264,2.069628260935264,OOOOWOWO,OOOOOOWO,OOOOWOOO,OOOOOOOO
3,ddelta,496,505,496-505,0,5.065211399561595,5.065211399561595,WWWWWWWW,WWWWOWWW,WWWWWWWO,WWWWOWWO
3,ddelta,496,505,496-505,1,3.0414575324402118,3.0414575324402118,OWWWWWWW,OWWWOWWW,OWWWWWWO,OWWWOWWO
3,ddelta,496,505,496-505,2,2.9971833196504605,2.9971833196504605,WOWWWWWW,WOWWOWWW,WOWWWWWO,WOWWOWWO
3,ddelta,496,505,496-505,3,0.19756291594244124,0.19756291594244124,OOWWWWWW,OOWWOWWW,OOWWWWWO,OOWWOWWO
3,ddelta,496,505,496-505,4,-1.2138151167035012,1.2138151167035012,WWOWWWWW,WWOWOWWW,WWOWWWWO,WWOWOWWO
3,ddelta,496,505,496-505,5,-4.872416868609896,4.872416868609896,OWOWWWWW,OWOWOWWW,OWOWWWWO,OWOWOWWO
3,ddelta,496,505,496-505,6,0.45478704613126564,0.45478704613126564,WOOWWWWW,WOOWOWWW,WOOWWWWO,WOOWOWWO
3,ddelta,496,505,496-505,7,0.2604199358048608,0.2604199358048608,OOOWWWWW,OOOWOWWW,OOOWWWWO,OOOWOWWO
3,ddelta,496,505,496-505,8,1.717161100506852,1.717161100506852,WWWOWWWW,WWWOOWWW,WWWOWWWO,WWWOOWWO
3,ddelta,496,505,496-505,9,6.973704244700273,6.973704244700273,OWWOWWWW,OWWOOWWW,OWWOWWWO,OWWOOWWO
3,ddelta,496,505,496-505,10,-1.483219343190525,1.483219343190525,WOWOWWWW,WOWOOWWW,WOWOWWWO,WOWOOWWO
3,ddelta,496,505,496-505,11,2.7782122553344615,2.7782122553344615,OOWOWWWW,OOWOOWWW,OOWOWWWO,OOWOOWWO
3,ddelta,496,505,496-505,12,1.5126969613409784,1.5126969613409784,WWOOWWWW,WWOOOWWW,WWOOWWWO,WWOOOWWO
3,ddelta,496,505,496-505,13,0.8406528316977312,0.8406528316977312,OWOOWWWW,OWOOOWWW,OWOOWWWO,OWOOOWWO
3,ddelta,496,505,496-505,14,-0.3227053351148479,0.3227053351148479,WOOOWWWW,WOOOOWWW,WOOOWWWO,WOOOOWWO
3,ddelta,496,505,496-505,15,-0.8244049414194133,0.8244049414194133,OOOOWWWW,OOOOOWWW,OOOOWWWO,OOOOOWWO
3,ddelta,496,505,496-505,16,-2.271072949672505,2.271072949672505,WWWWWOWW,WWWWOOWW,WWWWWOWO,WWWWOOWO
3,ddelta,496,505,496-505,17,2.524867424467521,2.524867424467521,OWWWWOWW,OWWWOOWW,OWWWWOWO,OWWWOOWO
3,ddelta,496,505,496-505,18,0.14527340549212564,0.14527340549212564,WOWWWOWW,WOWWOOWW,WOWWWOWO,WOWWOOWO
3,ddelta,496,505,496-505,19,-1.4581577500089122,1.4581577500089122,OOWWWOWW,OOWWOOWW,OOWWWOWO,OOWWOOWO
3,ddelta,496,505,496-505,20,-0.4801320102979718,0.4801320102979718,WWOWWOWW,WWOWOOWW,WWOWWOWO,WWOWOOWO
3,ddelta,496,505,496-505,21,-0.2739028534272543,0.2739028534272543,OWOWWOWW,OWOWOOWW,OWOWWOWO,OWOWOOWO
3,ddelta,496,505,496-505,22,-4.379629255534028,4.379629255534028,WOOWWOWW,WOOWOOWW,WOOWWOWO,WOOWOOWO
3,ddelta,496,505,496-505,23,1.3449562195958167,1.3449562195958167,OOOWWOWW,OOOWOOWW,OOOWWOWO,OOOWOOWO
3,ddelta,496,505,496-505,24,4.916259540426944,4.916259540426944,WWWOWOWW,WWWOOOWW,WWWOWOWO,WWWOOOWO
3,ddelta,496,505,496-505,25,2.048336948655391,2.048336948655391,OWWOWOWW,OWWOOOWW,OWWOWOWO,OWWOOOWO
3,ddelta,496,505,496-505,26,0.9422877805235544,0.9422877805235544,WOWOWOWW,WOWOOOWW,WOWOWOWO,WOWOOOWO
3,ddelta,496,505,496-505,27,-0.8133945253240331,0.8133945253240331,OOWOWOWW,OOWOOOWW,OOWOWOWO,OOWOOOWO
3,ddelta,496,505,496-505,28,2.0818749740718023,2.0818749740718023,WWOOWOWW,WWOOOOWW,WWOOWOWO,WWOOOOWO
3,ddelta,496,505,496-505,29,-1.5047255544147604,1.5047255544147604,OWOOWOWW,OWOOOOWW,OWOOWOWO,OWOOOOWO
3,ddelta,496,505,496-505,30,-1.178774821910895,1.178774821910895,WOOOWOWW,WOOOOOWW,WOOOWOWO,WOOOOOWO
3,ddelta,496,505,496-505,31,1.9077552775551199,1.9077552775551199,OOOOWOWW,OOOOOOWW,OOOOWOWO,OOOOOOWO
3,ddelta,496,505,496-505,32,0.6003357256207493,0.6003357256207493,WWWWWWOW,WWWWOWOW,WWWWWWOO,WWWWOWOO
3,ddelta,496,505,496-505,33,-1.6857887821004354,1.6857887821004354,OWWWWWOW,OWWWOWOW,OWWWWWOO,OWWWOWOO
3,ddelta,496,505,496-505,34,-1.064331886589006,1.064331886589006,WOWWWWOW,WOWWOWOW,WOWWWWOO,WOWWOWOO
3,ddelta,496,505,496-505,35,1.485771524107751,1.485771524107751,OOWWWWOW,OOWWOWOW,OOWWWWOO,OOWWOWOO
3,ddelta,496,505,496-505,36,2.648087521777385,2.648087521777385,WWOWWWOW,WWOWOWOW,WWOWWWOO,WWOWOWOO
3,ddelta,496,505,496-505,37,0.19188115507286474,0.19188115507286474,OWOWWWOW,OWOWOWOW,OWOWWWOO,OWOWOWOO
3,ddelta,496,505,496-505,38,1.6535365894102192,1.6535365894102192,WOOWWWOW,WOOWOWOW,WOOWWWOO,WOOWOWOO
3,ddelta,496,505,496-505,39,0.6327083125639621,0.6327083125639621,OOOWWWOW,OOOWOWOW,OOOWWWOO,OOOWOWOO
3,ddelta,496,505,496-505,40,-3.0917980516178964,3.0917980516178964,WWWOWWOW,WWWOOWOW,WWWOWWOO,WWWOOWOO
3,ddelta,496,505,496-505,41,5.03562030608707,5.03562030608707,OWWOWWOW,OWWOOWOW,OWWOWWOO,OWWOOWOO
3,ddelta,496,505,496-505,42,4.4890486138755445,4.4890486138755445,WOWOWWOW,WOWOOWOW,WOWOWWOO,WOWOOWOO
3,ddelta,496,505,496-505,43,-0.9710675678443804,0.9710675678443804,OOWOWWOW,OOWOOWOW,OOWOWWOO,OOWOOWOO
3,ddelta,496,505,496-505,44,-5.0433411339396566,5.0433411339396566,WWOOWWOW,WWOOOWOW,WWOOWWOO,WWOOOWOO
3,ddelta,496,505,496-505,45,-1.4255776869890977,1.4255776869890977,OWOOWWOW,OWOOOWOW,OWOOWWOO,OWOOOWOO
3,ddelta,496,505,496-505,46,0.20728607006407884,0.20728607006407884,WOOOWWOW,WOOOOWOW,WOOOWWOO,WOOOOWOO
3,ddelta,496,505,496-505,47,2.754194765760417,2.754194765760417,OOOOWWOW,OOOOOWOW,OOOOWWOO,OOOOOWOO
3,ddelta,496,505,496-505,48,3.527459322006897,3.527459322006897,WWWWWOOW,WWWWOOOW,WWWWWOOO,WWWWOOOO
3,ddelta,496,505,496-505,49,-2.4809724750413595,2.4809724750413595,OWWWWOOW,OWWWOOOW,OWWWWOOO,OWWWOOOO
3,ddelta,496,505,496-505,50,1.3476798892104072,1.3476798892104072,WOWWWOOW,WOWWOOOW,WOWWWOOO,WOWWOOOO
3,ddelta,496,505,496-505,51,2.4198230461473322,2.4198230461473322,OOWWWOOW,OOWWOOOW,OOWWWOOO,OOWWOOOO
3,ddelta,496,505,496-505,52,1.1577700945462637,1.1577700945462637,WWOWWOOW,WWOWOOOW,WWOWWOOO,WWOWOOOO
3,ddelta,496,505,496-505,53,0.8793014329586147,0.8793014329586147,OWOWWOOW,OWOWOOOW,OWOWWOOO,OWOWOOOO
3,ddelta,496,505,496-505,54,-1.3079252693014731,1.3079252693014731,WOOWWOOW,WOOWOOOW,WOOWWOOO,WOOWOOOO
3,ddelta,496,505,496-505,55,-1.0336345839938477,1.0336345839938477,OOOWWOOW,OOOWOOOW,OOOWWOOO,OOOWOOOO
3,ddelta,496,505,496-505,56,0.5347386793384404,0.5347386793384404,WWWOWOOW,WWWOOOOW,WWWOWOOO,WWWOOOOO
3,ddelta,496,505,496-505,57,3.117896264989925,3.117896264989925,OWWOWOOW,OWWOOOOW,OWWOWOOO,OWWOOOOO
3,ddelta,496,505,496-505,58,1.368741261269531,1.368741261269531,WOWOWOOW,WOWOOOOW,WOWOWOOO,WOWOOOOO
3,ddelta,496,505,496-505,59,1.2785614367752665,1.2785614367752665,OOWOWOOW,OOWOOOOW,OOWOWOOO,OOWOOOOO
3,ddelta,496,505,496-505,60,-4.78679963480313,4.78679963480313,WWOOWOOW,WWOOOOOW,WWOOWOOO,WWOOOOOO
3,ddelta,496,505,496-505,61,-6.987983456938045,6.987983456938045,OWOOWOOW,OWOOOOOW,OWOOWOOO,OWOOOOOO
3,ddelta,496,505,496-505,62,-2.2610786176418913,2.2610786176418913,WOOOWOOW,WOOOOOOW,WOOOWOOO,WOOOOOOO
3,ddelta,496,505,496-505,63,1.6422255067119185,1.6422255067119185,OOOOWOOW,OOOOOOOW,OOOOWOOO,OOOOOOOO
3,ddelta,498,501,498-501,0,0.1992591181121363,0.1992591181121363,WWWWWWWW,WWWWWOWW,WWWWWWOW,WWWWWOOW
3,ddelta,498,501,498-501,1,0.1288581725032559,0.1288581725032559,OWWWWWWW,OWWWWOWW,OWWWWWOW,OWWWWOOW
3,ddelta,498,501,498-501,2,0.45403383071748527,0.45403383071748527,WOWWWWWW,WOWWWOWW,WOWWWWOW,WOWWWOOW
3,ddelta,498,501,498-501,3,4.616073375822678,4.616073375822678,OOWWWWWW,OOWWWOWW,OOWWWWOW,OOWWWOOW
3,ddelta,498,501,498-501,4,3.3763027069429596,3.3763027069429596,WWOWWWWW,WWOWWOWW,WWOWWWOW,WWOWWOOW
3,ddelta,498,501,498-501,5,-2.04584239710964,2.04584239710964,OWOWWWWW,OWOWWOWW,OWOWWWOW,OWOWWOOW
3,ddelta,498,501,498-501,6,2.4957327806398615,2.4957327806398615,WOOWWWWW,WOOWWOWW,WOOWWWOW,WOOWWOOW
3,ddelta,498,501,498-501,7,-1.9531065220259194,1.9531065220259194,OOOWWWWW,OOOWWOWW,OOOWWWOW,OOOWWOOW
3,ddelta,498,501,498-501,8,0.2716412661207952,0.2716412661207952,WWWOWWWW,WWWOWOWW,WWWOWWOW,WWWOWOOW
3,ddelta,498,501,498-501,9,0.21999348839166077,0.21999348839166077,OWWOWWWW,OWWOWOWW,OWWOWWOW,OWWOWOOW
3,ddelta,498,501,498-501,10,-0.38522181416806234,0.38522181416806234,WOWOWWWW,WOWOWOWW,WOWOWWOW,WOWOWOOW
3,ddelta,498,501,498-501,11,-0.08447553589726015,0.08447553589726015,OOWOWWWW,OOWOWOWW,OOWOWWOW,OOWOWOOW
3,ddelta,498,501,498-501,12,1.169857277168671,1.169857277168671,WWOOWWWW,WWOOWOWW,WWOOWWOW,WWOOWOOW
3,ddelta,498,501,498-501,13,2.935470001083061,2.935470001083061,OWOOWWWW,OWOOWOWW,OWOOWWOW,OWOOWOOW
3,ddelta,498,501,498-501,14,0.7608002420470588,0.7608002420470588,WOOOWWWW,WOOOWOWW,WOOOWWOW,WOOOWOOW
3,ddelta,498,501,498-501,15,-0.9176018106264365,0.9176018106264365,OOOOWWWW,OOOOWOWW,OOOOWWOW,OOOOWOOW
3,ddelta,498,501,498-501,16,-4.841784689727475,4.841784689727475,WWWWOWWW,WWWWOOWW,WWWWOWOW,WWWWOOOW
3,ddelta,498,501,498-501,17,-2.8974883703683227,2.8974883703683227,OWWWOWWW,OWWWOOWW,OWWWOWOW,OWWWOOOW
3,ddelta,498,501,498-501,18,-1.7929895340939617,1.7929895340939617,WOWWOWWW,WOWWOOWW,WOWWOWOW,WOWWOOOW
3,ddelta,498,501,498-501,19,-0.37070944249982396,0.37070944249982396,OOWWOWWW,OOWWOOWW,OOWWOWOW,OOWWOOOW
3,ddelta,498,501,498-501,20,3.5404341677385633,3.5404341677385633,WWOWOWWW,WWOWOOWW,WWOWOWOW,WWOWOOOW
3,ddelta,498,501,498-501,21,-0.07595728509022237,0.07595728509022237,OWOWOWWW,OWOWOOWW,OWOWOWOW,OWOWOOOW
3,ddelta,498,501,498-501,22,1.1229800990340237,1.1229800990340237,WOOWOWWW,WOOWOOWW,WOOWOWOW,WOOWOOOW
3,ddelta,498,501,498-501,23,-0.22199135437013684,0.22199135437013684,OOOWOWWW,OOOWOOWW,OOOWOWOW,OOOWOOOW
3,ddelta,498,501,498-501,24,2.2797935040249806,2.2797935040249806,WWWOOWWW,WWWOOOWW,WWWOOWOW,WWWOOOOW
3,ddelta,498,501,498-501,25,-2.7989201207476375,2.7989201207476375,OWWOOWWW,OWWOOOWW,OWWOOWOW,OWWOOOOW
3,ddelta,498,501,498-501,26,3.522244576488935,3.522244576488935,WOWOOWWW,WOWOOOWW,WOWOOWOW,WOWOOOOW
3,ddelta,498,501,498-501,27,-3.1201553478537525,3.1201553478537525,OOWOOWWW,OOWOOOWW,OOWOOWOW,OOWOOOOW
3,ddelta,498,501,498-501,28,3.9539533084961187,3.9539533084961187,WWOOOWWW,WWOOOOWW,WWOOOWOW,WWOOOOOW
3,ddelta,498,501,498-501,29,3.8362265346990654,3.8362265346990654,OWOOOWWW,OWOOOOWW,OWOOOWOW,OWOOOOOW
3,ddelta,498,501,498-501,30,-0.9969186771242001,0.9969186771242001,WOOOOWWW,WOOOOOWW,WOOOOWOW,WOOOOOOW
3,ddelta,498,501,498-501,31,-2.0403465733781734,2.0403465733781734,OOOOOWWW,OOOOOOWW,OOOOOWOW,OOOOOOOW
3,ddelta,498,501,498-501,32,-1.923119594241333,1.923119594241333,WWWWWWWO,WWWWWOWO,WWWWWWOO,WWWWWOOO
3,ddelta,498,501,498-501,33,1.4996027074687253,1.4996027074687253,OWWWWWWO,OWWWWOWO,OWWWWWOO,OWWWWOOO
3,ddelta,498,501,498-501,34,1.3313499877662336,1.3313499877662336,WOWWWWWO,WOWWWOWO,WOWWWWOO,WOWWWOOO
3,ddelta,498,501,498-501,35,0.10786533640352025,0.10786533640352025,OOWWWWWO,OOWWWOWO,OOWWWWOO,OOWWWOOO
3,ddelta,498,501,498-501,36,-0.2443958113542051,0.2443958113542051,WWOWWWWO,WWOWWOWO,WWOWWWOO,WWOWWOOO
3,ddelta,498,501,498-501,37,1.930733759256266,1.930733759256266,OWOWWWWO,OWOWWOWO,OWOWWWOO,OWOWWOOO
3,ddelta,498,501,498-501,38,-3.696737364529829,3.696737364529829,WOOWWWWO,WOOWWOWO,WOOWWWOO,WOOWWOOO
3,ddelta,498,501,498-501,39,-0.8857160173671839,0.8857160173671839,OOOWWWWO,OOOWWOWO,OOOWWWOO,OOOWWOOO
3,ddelta,498,501,498-501,40,-2.4758788789620008,2.4758788789620008,WWWOWWWO,WWWOWOWO,WWWOWWOO,WWWOWOOO
3,ddelta,498,501,498-501,41,-2.0493512387353987,2.0493512387353987,OWWOWWWO,OWWOWOWO,OWWOWWOO,OWWOWOOO
3,ddelta,498,501,498-501,42,-0.9887645404849991,0.9887645404849991,WOWOWWWO,WOWOWOWO,WOWOWWOO,WOWOWOOO
3,ddelta,498,501,498-501,43,-0.9914182685087799,0.9914182685087799,OOWOWWWO,OOWOWOWO,OOWOWWOO,OOWOWOOO
3,ddelta,498,501,498-501,44,1.3245441973096708,1.3245441973096708,WWOOWWWO,WWOOWOWO,WWOOWWOO,WWOOWOOO
3,ddelta,498,501,498-501,45,-1.1041580972501577,1.1041580972501577,OWOOWWWO,OWOOWOWO,OWOOWWOO,OWOOWOOO
3,ddelta,498,501,498-501,46,3.3492610847536444,3.3492610847536444,WOOOWWWO,WOOOWOWO,WOOOWWOO,WOOOWOOO
3,ddelta,498,501,498-501,47,1.971368847149285,1.971368847149285,OOOOWWWO,OOOOWOWO,OOOOWWOO,OOOOWOOO
3,ddelta,498,501,498-501,48,3.2992445435393045,3.2992445435393045,WWWWOWWO,WWWWOOWO,WWWWOWOO,WWWWOOOO
3,ddelta,498,501,498-501,49,-1.805337420371088,1.805337420371088,OWWWOWWO,OWWWOOWO,OWWWOWOO,OWWWOOOO
3,ddelta,498,501,498-501,50,4.348248312912535,4.348248312912535,WOWWOWWO,WOWWOOWO,WOWWOWOO,WOWWOOOO
3,ddelta,498,501,498-501,51,-2.2891452939280468,2.2891452939280468,OOWWOWWO,OOWWOOWO,OOWWOWOO,OOWWOOOO
3,ddelta,498,501,498-501,52,-2.304264884195252,2.304264884195252,WWOWOWWO,WWOWOOWO,WWOWOWOO,WWOWOOOO
3,ddelta,498,501,498-501,53,-0.010474866021207951,0.010474866021207951,OWOWOWWO,OWOWOOWO,OWOWOWOO,OWOWOOOO
3,ddelta,498,501,498-501,54,-3.196535603182065,3.196535603182065,WOOWOWWO,WOOWOOWO,WOOWOWOO,WOOWOOOO
3,ddelta,498,501,498-501,55,-1.905480030060167,1.905480030060167,OOOWOWWO,OOOWOOWO,OOOWOWOO,OOOWOOOO
3,ddelta,498,501,498-501,56,-0.04028835002156961,0.04028835002156961,WWWOOWWO,WWWOOOWO,WWWOOWOO,WWWOOOOO
3,ddelta,498,501,498-501,57,-2.060621592926961,2.060621592926961,OWWOOWWO,OWWOOOWO,OWWOOWOO,OWWOOOOO
3,ddelta,498,501,498-501,58,-2.6271126261480946,2.6271126261480946,WOWOOWWO,WOWOOOWO,WOWOOWOO,WOWOOOOO
3,ddelta,498,501,498-501,59,1.8141377048128688,1.8141377048128688,OOWOOWWO,OOWOOOWO,OOWOOWOO,OOWOOOOO
3,ddelta,498,501,498-501,60,3.7960037150428207,3.7960037150428207,WWOOOWWO,WWOOOOWO,WWOOOWOO,WWOOOOOO
3,ddelta,498,501,498-501,61,-3.4204289474706098,3.4204289474706098,OWOOOWWO,OWOOOOWO,OWOOOWOO,OWOOOOOO
3,ddelta,498,501,498-501,62,-0.020753035327537805,0.020753035327537805,WOOOOWWO,WOOOOOWO,WOOOOWOO,WOOOOOOO
3,ddelta,498,501,498-501,63,-2.995505393625484,2.995505393625484,OOOOOWWO,OOOOOOWO,OOOOOWOO,OOOOOOOO
3,ddelta,498,505,498-505,0,1.0983092878949638,1.0983092878949638,WWWWWWWW,WWWWWOWW,WWWWWWWO,WWWWWOWO
3,ddelta,498,505,498-505,1,-1.0815648673840625,1.0815648673840625,OWWWWWWW,OWWWWOWW,OWWWWWWO,OWWWWOWO
3,ddelta,498,505,498-505,2,2.4373239584558655,2.4373239584558655,WOWWWWWW,WOWWWOWW,WOWWWWWO,WOWWWOWO
3,ddelta,498,505,498-505,3,2.336786555989946,2.336786555989946,OOWWWWWW,OOWWWOWW,OOWWWWWO,OOWWWOWO
3,ddelta,498,505,498-505,4,0.9218917280905121,0.9218917280905121,WWOWWWWW,WWOWWOWW,WWOWWWWO,WWOWWOWO
3,ddelta,498,505,498-505,5,-1.6924208793154416,1.6924208793154416,OWOWWWWW,OWOWWOWW,OWOWWWWO,OWOWWOWO
3,ddelta,498,505,498-505,6,7.156272979282916,7.156272979282916,WOOWWWWW,WOOWWOWW,WOOWWWWO,WOOWWOWO
3,ddelta,498,505,498-505,7,-0.1017872790210711,0.1017872790210711,OOOWWWWW,OOOWWOWW,OOOWWWWO,OOOWWOWO
3,ddelta,498,505,498-505,8,1.625800576758148,1.625800576758148,WWWOWWWW,WWWOWOWW,WWWOWWWO,WWWOWOWO
3,ddelta,498,505,498-505,9,4.115828511208187,4.115828511208187,OWWOWWWW,OWWOWOWW,OWWOWWWO,OWWOWOWO
3,ddelta,498,505,498-505,10,0.6948286083085254,0.6948286083085254,WOWOWWWW,WOWOWOWW,WOWOWWWO,WOWOWOWO
3,ddelta,498,505,498-505,11,0.35154691052220516,0.35154691052220516,OOWOWWWW,OOWOWOWW,OOWOWWWO,OOWOWOWO
3,ddelta,498,505,498-505,12,-0.38486381552697324,0.38486381552697324,WWOOWWWW,WWOOWOWW,WWOOWWWO,WWOOWOWO
3,ddelta,498,505,498-505,13,4.005978975268528,4.005978975268528,OWOOWWWW,OWOOWOWW,OWOOWWWO,OWOOWOWO
3,ddelta,498,505,498-505,14,0.9183866883350917,0.9183866883350917,WOOOWWWW,WOOOWOWW,WOOOWWWO,WOOOWOWO
3,ddelta,498,505,498-505,15,0.1499190121152188,0.1499190121152188,OOOOWWWW,OOOOWOWW,OOOOWWWO,OOOOWOWO
3,ddelta,498,505,498-505,16,-6.237975061339136,6.237975061339136,WWWWOWWW,WWWWOOWW,WWWWOWWO,WWWWOOWO
3,ddelta,498,505,498-505,17,-1.5981549753567528,1.5981549753567528,OWWWOWWW,OWWWOOWW,OWWWOWWO,OWWWOOWO
3,ddelta,498,505,498-505,18,-0.41458595570246903,0.41458595570246903,WOWWOWWW,WOWWOOWW,WOWWOWWO,WOWWOOWO
3,ddelta,498,505,498-505,19,0.6810658900385926,0.6810658900385926,OOWWOWWW,OOWWOOWW,OOWWOWWO,OOWWOOWO
3,ddelta,498,505,498-505,20,1.6555748344960413,1.6555748344960413,WWOWOWWW,WWOWOOWW,WWOWOWWO,WWOWOOWO
3,ddelta,498,505,498-505,21,2.9060931358672004,2.9060931358672004,OWOWOWWW,OWOWOOWW,OWOWOWWO,OWOWOOWO
3,ddelta,498,505,498-505,22,2.321856677617622,2.321856677617622,WOOWOWWW,WOOWOOWW,WOOWOWWO,WOOWOOWO
3,ddelta,498,505,498-505,23,0.9827490047698848,0.9827490047698848,OOOWOWWW,OOOWOOWW,OOOWOWWO,OOOWOOWO
3,ddelta,498,505,498-505,24,4.8248990166782395,4.8248990166782395,WWWOOWWW,WWWOOOWW,WWWOOWWO,WWWOOOWO
3,ddelta,498,505,498-505,25,-0.809538784836694,0.809538784836694,OWWOOWWW,OWWOOOWW,OWWOOWWO,OWWOOOWO
3,ddelta,498,505,498-505,26,3.120335732022605,3.120335732022605,WOWOOWWW,WOWOOOWW,WOWOOWWO,WOWOOOWO
3,ddelta,498,505,498-505,27,-3.240059870136289,3.240059870136289,OOWOOWWW,OOWOOOWW,OOWOOWWO,OOWOOOWO
3,ddelta,498,505,498-505,28,0.18431419720385112,0.18431419720385112,WWOOOWWW,WWOOOOWW,WWOOOWWO,WWOOOOWO
3,ddelta,498,505,498-505,29,1.6606005891560358,1.6606005891560358,OWOOOWWW,OWOOOOWW,OWOOOWWO,OWOOOOWO
3,ddelta,498,505,498-505,30,0.06231720153904452,0.06231720153904452,WOOOOWWW,WOOOOOWW,WOOOOWWO,WOOOOOWO
3,ddelta,498,505,498-505,31,2.882079231089752,2.882079231089752,OOOOOWWW,OOOOOOWW,OOOOOWWO,OOOOOOWO
3,ddelta,498,505,498-505,32,-1.0240694244585056,1.0240694244585056,WWWWWWOW,WWWWWOOW,WWWWWWOO,WWWWWOOO
3,ddelta,498,505,498-505,33,0.289179667581407,0.289179667581407,OWWWWWOW,OWWWWOOW,OWWWWWOO,OWWWWOOO
3,ddelta,498,505,498-505,34,3.314640115504614,3.314640115504614,WOWWWWOW,WOWWWOOW,WOWWWWOO,WOWWWOOO
3,ddelta,498,505,498-505,35,-2.171421483429212,2.171421483429212,OOWWWWOW,OOWWWOOW,OOWWWWOO,OOWWWOOO
3,ddelta,498,505,498-505,36,-2.6988067902066524,2.6988067902066524,WWOWWWOW,WWOWWOOW,WWOWWWOO,WWOWWOOO
3,ddelta,498,505,498-505,37,2.284155277050464,2.284155277050464,OWOWWWOW,OWOWWOOW,OWOWWWOO,OWOWWOOO
3,ddelta,498,505,498-505,38,0.963802834113225,0.963802834113225,WOOWWWOW,WOOWWOOW,WOOWWWOO,WOOWWOOO
3,ddelta,498,505,498-505,39,0.9656032256376643,0.9656032256376643,OOOWWWOW,OOOWWOOW,OOOWWWOO,OOOWWOOO
3,ddelta,498,505,498-505,40,-1.121719568324648,1.121719568324648,WWWOWWOW,WWWOWOOW,WWWOWWOO,WWWOWOOO
3,ddelta,498,505,498-505,41,1.8464837840811281,1.8464837840811281,OWWOWWOW,OWWOWOOW,OWWOWWOO,OWWOWOOO
3,ddelta,498,505,498-505,42,0.09128588199158871,0.09128588199158871,WOWOWWOW,WOWOWOOW,WOWOWWOO,WOWOWOOO
3,ddelta,498,505,498-505,43,-0.5553958220893146,0.5553958220893146,OOWOWWOW,OOWOWOOW,OOWOWWOO,OOWOWOOO
3,ddelta,498,505,498-505,44,-0.23017689538597375,0.23017689538597375,WWOOWWOW,WWOOWOOW,WWOOWWOO,WWOOWOOO
3,ddelta,498,505,498-505,45,-0.033649123064691366,0.033649123064691366,OWOOWWOW,OWOOWOOW,OWOOWWOO,OWOOWOOO
3,ddelta,498,505,498-505,46,3.5068475310416773,3.5068475310416773,WOOOWWOW,WOOOWOOW,WOOOWWOO,WOOOWOOO
3,ddelta,498,505,498-505,47,3.0388896698909402,3.0388896698909402,OOOOWWOW,OOOOWOOW,OOOOWWOO,OOOOWOOO
3,ddelta,498,505,498-505,48,1.9030541719276421,1.9030541719276421,WWWWOWOW,WWWWOOOW,WWWWOWOO,WWWWOOOO
3,ddelta,498,505,498-505,49,-0.506004025359517,0.506004025359517,OWWWOWOW,OWWWOOOW,OWWWOWOO,OWWWOOOO
3,ddelta,498,505,498-505,50,5.7266518913040265,5.7266518913040265,WOWWOWOW,WOWWOOOW,WOWWOWOO,WOWWOOOO
3,ddelta,498,505,498-505,51,-1.2373699613896305,1.2373699613896305,OOWWOWOW,OOWWOOOW,OOWWOWOO,OOWWOOOO
3,ddelta,498,505,498-505,52,-4.189124217437773,4.189124217437773,WWOWOWOW,WWOWOOOW,WWOWOWOO,WWOWOOOO
3,ddelta,498,505,498-505,53,2.971575554936215,2.971575554936215,OWOWOWOW,OWOWOOOW,OWOWOWOO,OWOWOOOO
3,ddelta,498,505,498-505,54,-1.9976590245984673,1.9976590245984673,WOOWOWOW,WOOWOOOW,WOOWOWOO,WOOWOOOO
3,ddelta,498,505,498-505,55,-0.7007396709201453,0.7007396709201453,OOOWOWOW,OOOWOOOW,OOOWOWOO,OOOWOOOO
3,ddelta,498,505,498-505,56,2.504817162631689,2.504817162631689,WWWOOWOW,WWWOOOOW,WWWOOWOO,WWWOOOOO
3,ddelta,498,505,498-505,57,-0.07124025701601717,0.07124025701601717,OWWOOWOW,OWWOOOOW,OWWOOWOO,OWWOOOOO
3,ddelta,498,505,498-505,58,-3.029021470614425,3.029021470614425,WOWOOWOW,WOWOOOOW,WOWOOWOO,WOWOOOOO
3,ddelta,498,505,498-505,59,1.6942331825303323,1.6942331825303323,OOWOOWOW,OOWOOOOW,OOWOOWOO,OOWOOOOO
3,ddelta,498,505,498-505,60,0.026364603750552718,0.026364603750552718,WWOOOWOW,WWOOOOOW,WWOOOWOO,WWOOOOOO
3,ddelta,498,505,498-505,61,-5.596054893013639,5.596054893013639,OWOOOWOW,OWOOOOOW,OWOOOWOO,OWOOOOOO
3,ddelta,498,505,498-505,62,1.0384828433357067,1.0384828433357067,WOOOOWOW,WOOOOOOW,WOOOOWOO,WOOOOOOO
3,ddelta,498,505,498-505,63,1.9269204108424418,1.9269204108424418,OOOOOWOW,OOOOOOOW,OOOOOWOO,OOOOOOOO
3,ddelta,501,505,501-505,0,0.05294339972866535,0.05294339972866535,WWWWWWWW,WWWWWWOW,WWWWWWWO,WWWWWWOO
3,ddelta,501,505,501-505,1,-0.8181140254439301,0.8181140254439301,OWWWWWWW,OWWWWWOW,OWWWWWWO,OWWWWWOO
3,ddelta,501,505,501-505,2,1.569903830849202,1.569903830849202,WOWWWWWW,WOWWWWOW,WOWWWWWO,WOWWWWOO
3,ddelta,501,505,501-505,3,1.0380404566033685,1.0380404566033685,OOWWWWWW,OOWWWWOW,OOWWWWWO,OOWWWWOO
3,ddelta,501,505,501-505,4,-0.17077543665157535,0.17077543665157535,WWOWWWWW,WWOWWWOW,WWOWWWWO,WWOWWWOO
3,ddelta,501,505,501-505,5,-2.844258536032639,2.844258536032639,OWOWWWWW,OWOWWWOW,OWOWWWWO,OWOWWWOO
3,ddelta,501,505,501-505,6,1.9149557239616586,1.9149557239616586,WOOWWWWW,WOOWWWOW,WOOWWWWO,WOOWWWOO
3,ddelta,501,505,501-505,7,0.5974243462486369,0.5974243462486369,OOOWWWWW,OOOWWWOW,OOOWWWWO,OOOWWWOO
3,ddelta,501,505,501-505,8,4.7853051906544115,4.7853051906544115,WWWOWWWW,WWWOWWOW,WWWOWWWO,WWWOWWOO
3,ddelta,501,505,501-505,9,1.9482037680900983,1.9482037680900983,OWWOWWWW,OWWOWWOW,OWWOWWWO,OWWOWWOO
3,ddelta,501,505,501-505,10,-0.6836804534740664,0.6836804534740664,WOWOWWWW,WOWOWWOW,WOWOWWWO,WOWOWWOO
3,ddelta,501,505,501-505,11,-0.6386791457719045,0.6386791457719045,OOWOWWWW,OOWOWWOW,OOWOWWWO,OOWOWWOO
3,ddelta,501,505,501-505,12,2.0268000350697295,2.0268000350697295,WWOOWWWW,WWOOWWOW,WWOOWWWO,WWOOWWOO
3,ddelta,501,505,501-505,13,3.2152380260576,3.2152380260576,OWOOWWWW,OWOOWWOW,OWOOWWWO,OWOOWWOO
3,ddelta,501,505,501-505,14,0.1454268307811405,0.1454268307811405,WOOOWWWW,WOOOWWOW,WOOOWWWO,WOOOWWOO
3,ddelta,501,505,501-505,15,-2.730789288191584,2.730789288191584,OOOOWWWW,OOOOWWOW,OOOOWWWO,OOOOWWOO
3,ddelta,501,505,501-505,16,-4.411932274212181,4.411932274212181,WWWWOWWW,WWWWOWOW,WWWWOWWO,WWWWOWOO
3,ddelta,501,505,501-505,17,-5.545360339984577,5.545360339984577,OWWWOWWW,OWWWOWOW,OWWWOWWO,OWWWOWOO
3,ddelta,501,505,501-505,18,-2.4916113753902644,2.4916113753902644,WOWWOWWW,WOWWOWOW,WOWWOWWO,WOWWOWOO
3,ddelta,501,505,501-505,19,2.3262490647686787,2.3262490647686787,OOWWOWWW,OOWWOWOW,OOWWOWWO,OOWWOWOO
3,ddelta,501,505,501-505,20,3.691127201829311,3.691127201829311,WWOWOWWW,WWOWOWOW,WWOWOWWO,WWOWOWOO
3,ddelta,501,505,501-505,21,2.2200394876501215,2.2200394876501215,OWOWOWWW,OWOWOWOW,OWOWOWWO,OWOWOWOO
3,ddelta,501,505,501-505,22,3.1137052672406123,3.1137052672406123,WOOWOWWW,WOOWOWOW,WOOWOWWO,WOOWOWOO
3,ddelta,501,505,501-505,23,0.9697127230077384,0.9697127230077384,OOOWOWWW,OOOWOWOW,OOOWOWWO,OOOWOWOO
3,ddelta,501,505,501-505,24,-0.02365396147033713,0.02365396147033713,WWWOOWWW,WWWOOWOW,WWWOOWWO,WWWOOWOO
3,ddelta,501,505,501-505,25,0.010119829476896047,0.010119829476896047,OWWOOWWW,OWWOOWOW,OWWOOWWO,OWWOOWOO
3,ddelta,501,505,501-505,26,5.288587503592003,5.288587503592003,WOWOOWWW,WOWOOWOW,WOWOOWWO,WOWOOWOO
3,ddelta,501,505,501-505,27,-4.387958968950746,4.387958968950746,OOWOOWWW,OOWOOWOW,OOWOOWWO,OOWOOWOO
3,ddelta,501,505,501-505,28,-4.529238060210905,4.529238060210905,WWOOOWWW,WWOOOWOW,WWOOOWWO,WWOOOWOO
3,ddelta,501,505,501-505,29,0.9490075073707713,0.9490075073707713,OWOOOWWW,OWOOOWOW,OWOOOWWO,OWOOOWOO
3,ddelta,501,505,501-505,30,0.6754182359600673,0.6754182359600673,WOOOOWWW,WOOOOWOW,WOOOOWWO,WOOOOWOO
3,ddelta,501,505,501-505,31,0.847810418988246,0.847810418988246,OOOOOWWW,OOOOOWOW,OOOOOWWO,OOOOOWOO
3,ddelta,501,505,501-505,32,-2.069435312624804,2.069435312624804,WWWWWOWW,WWWWWOOW,WWWWWOWO,WWWWWOOO
3,ddelta,501,505,501-505,33,0.5526305095215394,0.5526305095215394,OWWWWOWW,OWWWWOOW,OWWWWOWO,OWWWWOOO
3,ddelta,501,505,501-505,34,2.4472199878979506,2.4472199878979506,WOWWWOWW,WOWWWOOW,WOWWWOWO,WOWWWOOO
3,ddelta,501,505,501-505,35,-3.4701675828157894,3.4701675828157894,OOWWWOWW,OOWWWOOW,OOWWWOWO,OOWWWOOO
3,ddelta,501,505,501-505,36,-3.79147395494874,3.79147395494874,WWOWWOWW,WWOWWOOW,WWOWWOWO,WWOWWOOO
3,ddelta,501,505,501-505,37,1.1323176203332668,1.1323176203332668,OWOWWOWW,OWOWWOOW,OWOWWOWO,OWOWWOOO
3,ddelta,501,505,501-505,38,-4.277514421208032,4.277514421208032,WOOWWOWW,WOOWWOOW,WOOWWOWO,WOOWWOOO
3,ddelta,501,505,501-505,39,1.6648148509073726,1.6648148509073726,OOOWWOWW,OOOWWOOW,OOOWWOWO,OOOWWOOO
3,ddelta,501,505,501-505,40,2.0377850455716153,2.0377850455716153,WWWOWOWW,WWWOWOOW,WWWOWOWO,WWWOWOOO
3,ddelta,501,505,501-505,41,-0.32114095903696127,0.32114095903696127,OWWOWOWW,OWWOWOOW,OWWOWOWO,OWWOWOOO
3,ddelta,501,505,501-505,42,-1.2872231797910032,1.2872231797910032,WOWOWOWW,WOWOWOOW,WOWOWOWO,WOWOWOOO
3,ddelta,501,505,501-505,43,-1.5456218783834241,1.5456218783834241,OOWOWOWW,OOWOWOOW,OOWOWOWO,OOWOWOOO
3,ddelta,501,505,501-505,44,2.181486955210729,2.181486955210729,WWOOWOWW,WWOOWOOW,WWOOWOWO,WWOOWOOO
3,ddelta,501,505,501-505,45,-0.8243900722756188,0.8243900722756188,OWOOWOWW,OWOOWOOW,OWOOWOWO,OWOOWOOO
3,ddelta,501,505,501-505,46,2.733887673487726,2.733887673487726,WOOOWOWW,WOOOWOOW,WOOOWOWO,WOOOWOOO
3,ddelta,501,505,501-505,47,0.1581813695841372,0.1581813695841372,OOOOWOWW,OOOOWOOW,OOOOWOWO,OOOOWOOO
3,ddelta,501,505,501-505,48,3.7290969590545977,3.7290969590545977,WWWWOOWW,WWWWOOOW,WWWWOOWO,WWWWOOOO
3,ddelta,501,505,501-505,49,-4.453209389987341,4.453209389987341,OWWWOOWW,OWWWOOOW,OWWWOOWO,OWWWOOOO
3,ddelta,501,505,501-505,50,3.649626471616232,3.649626471616232,WOWWOOWW,WOWWOOOW,WOWWOOWO,WOWWOOOO
3,ddelta,501,505,501-505,51,0.40781321334045534,0.40781321334045534,OOWWOOWW,OOWWOOOW,OOWWOOWO,OOWWOOOO
3,ddelta,501,505,501-505,52,-2.1535718501045045,2.1535718501045045,WWOWOOWW,WWOWOOOW,WWOWOOWO,WWOWOOOO
3,ddelta,501,505,501-505,53,2.2855219067191355,2.2855219067191355,OWOWOOWW,OWOWOOOW,OWOWOOWO,OWOWOOOO
3,ddelta,501,505,501-505,54,-1.205810434975477,1.205810434975477,WOOWOOWW,WOOWOOOW,WOOWOOWO,WOOWOOOO
3,ddelta,501,505,501-505,55,-0.7137759526822918,0.7137759526822918,OOOWOOWW,OOOWOOOW,OOOWOOWO,OOOWOOOO
3,ddelta,501,505,501-505,56,-2.343735815516888,2.343735815516888,WWWOOOWW,WWWOOOOW,WWWOOOWO,WWWOOOOO
3,ddelta,501,505,501-505,57,0.7484183572975731,0.7484183572975731,OWWOOOWW,OWWOOOOW,OWWOOOWO,OWWOOOOO
3,ddelta,501,505,501-505,58,-0.8607696990450264,0.8607696990450264,WOWOOOWW,WOWOOOOW,WOWOOOWO,WOWOOOOO
3,ddelta,501,505,501-505,59,0.5463340837158752,0.5463340837158752,OOWOOOWW,OOWOOOOW,OOWOOOWO,OOWOOOOO
3,ddelta,501,505,501-505,60,-4.687187653664203,4.687187653664203,WWOOOOWW,WWOOOOOW,WWOOOOWO,WWOOOOOO
3,ddelta,501,505,501-505,61,-6.307647974798903,6.307647974798903,OWOOOOWW,OWOOOOOW,OWOOOOWO,OWOOOOOO
3,ddelta,501,505,501-505,62,1.6515838777567295,1.6515838777567295,WOOOOOWW,WOOOOOOW,WOOOOOWO,WOOOOOOO
3,ddelta,501,505,501-505,63,-0.10734840125906442,0.10734840125906442,OOOOOOWW,OOOOOOOW,OOOOOOWO,OOOOOOOO
