library_id,condition,wo,umi_count,total_cond,freq
1,Neg,OOOOOOOO,267650,44988518,0.005949295773646067
1,Neg,OOOOOOOW,60609,44988518,0.0013472104148885278
1,Neg,OOOOOOWO,156821,44988518,0.0034858005324825327
1,Neg,OOOOOOWW,144830,44988518,0.0032192658580129266
1,Neg,OOOOOWOO,30680,44988518,0.0006819517815634647
1,Neg,OOOOOWOW,107132,44988518,0.0023813187178115093
1,Neg,OOOOOWWO,125426,44988518,0.0027879558068572073
1,Neg,OOOOOWWW,156331,44988518,0.003474908864524055
1,Neg,OOOOWOOO,74627,44988518,0.001658801030076163
1,Neg,OOOOWOOW,250355,44988518,0.005564864350499387
1,Neg,OOOOWOWO,391446,44988518,0.008701020113620991
1,Neg,OOOOWOWW,82492,44988518,0.0018336234147566274
1,Neg,OOOOWWOO,327484,44988518,0.007279279570845165
1,Neg,OOOOWWOW,273437,44988518,0.006077928595025068
1,Neg,OOOOWWWO,199820,44988518,0.004441577737679645
1,Neg,OOOOWWWW,107469,44988518,0.0023888095180196866
1,Neg,OOOWOOOO,50187,44988518,0.0011155513057798437
1,Neg,OOOWOOOW,116771,44988518,0.002595573386080422
1,Neg,OOOWOOWO,220817,44988518,0.004908296823647314
1,Neg,OOOWOOWW,100812,44988518,0.002240838429040939
1,Neg,OOOWOWOO,211987,44988518,0.004712024521456786
1,Neg,OOOWOWOW,420184,44988518,0.009339805325438816
1,Neg,OOOWOWWO,165618,44988518,0.0036813393141778977
1,Neg,OOOWOWWW,32526,44988518,0.0007229844735049952
1,Neg,OOOWWOOO,114189,44988518,0.002538180964307382
1,Neg,OOOWWOOW,83931,44988518,0.0018656093539244835
1,Neg,OOOWWOWO,141419,44988518,0.003143446512285646
1,Neg,OOOWWOWW,143121,44988518,0.0031812783875210114
1,Neg,OOOWWWOO,220277,44988518,0.004896293760999195
1,Neg,OOOWWWOW,120039,44988518,0.0026682141429953303
1,Neg,OOOWWWWO,78931,44988518,0.0017544698849604249
1,Neg,OOOWWWWW,87100,44988518,0.001936049549353904
1,Neg,OOWOOOOO,629083,44988518,0.013983190110863398
1,Neg,OOWOOOOW,55912,44988518,0.0012428059977436909
1,Neg,OOWOOOWO,229499,44988518,0.005101279397556505
1,Neg,OOWOOOWW,149038,44988518,0.0033128008350930787
1,Neg,OOWOOWOO,27004,44988518,0.0006002420439810887
1,Neg,OOWOOWOW,303653,44988518,0.006749566633868669
1,Neg,OOWOOWWO,205496,44988518,0.004567743262847645
1,Neg,OOWOOWWW,51675,44988518,0.0011486264117435475
1,Neg,OOWOWOOO,30113,44988518,0.0006693485657829404
1,Neg,OOWOWOOW,188037,44988518,0.0041796664651189445
1,Neg,OOWOWOWO,200406,44988518,0.004454603283442233
1,Neg,OOWOWOWW,219255,44988518,0.004873576853542942
1,Neg,OOWOWWOO,529817,44988518,0.011776716005626147
1,Neg,OOWOWWOW,219843,44988518,0.004886646855093115
1,Neg,OOWOWWWO,114423,44988518,0.0025433822914548996
1,Neg,OOWOWWWW,125262,44988518,0.0027843104322751865
1,Neg,OOWWOOOO,301231,44988518,0.006695730675102479
1,Neg,OOWWOOOW,260150,44988518,0.0057825865701999785
1,Neg,OOWWOOWO,418309,44988518,0.009298128024577293
1,Neg,OOWWOOWW,116222,44988518,0.002583370272388168
1,Neg,OOWWOWOO,478710,44988518,0.010640715037556916
1,Neg,OOWWOWOW,230060,44988518,0.005113749245974273
1,Neg,OOWWOWWO,186643,44988518,0.0041486807811717645
1,Neg,OOWWOWWW,207648,44988518,0.004615577690289776
1,Neg,OOWWWOOO,343691,44988518,0.007639527045545266
1,Neg,OOWWWOOW,245653,44988518,0.005460348793885587
1,Neg,OOWWWOWO,257216,44988518,0.005717369929811869
1,Neg,OOWWWOWW,178330,44988518,0.003963900300072121
1,Neg,OOWWWWOO,341033,44988518,0.007580445303843972
1,Neg,OOWWWWOW,319676,44988518,0.007105724176110891
1,Neg,OOWWWWWO,235530,44988518,0.005235335825020953
1,Neg,OOWWWWWW,228727,44988518,0.005084119463548455
1,Neg,OWOOOOOO,119403,44988518,0.0026540772025431024
1,Neg,OWOOOOOW,52809,44988518,0.0011738328433045962
1,Neg,OWOOOOWO,324289,44988518,0.007208261450177132
1,Neg,OWOOOOWW,151781,44988518,0.003373771947766761
1,Neg,OWOOOWOO,52116,44988518,0.0011584289129061775
1,Neg,OWOOOWOW,76540,44988518,0.001701322990901812
1,Neg,OWOOOWWO,52014,44988518,0.0011561616677393106
1,Neg,OWOOOWWW,46951,44988518,0.0010436218414663048
1,Neg,OWOOWOOO,88420,44988518,0.0019653903691604154
1,Neg,OWOOWOOW,87946,44988518,0.001954854347502623
1,Neg,OWOOWOWO,196574,44988518,0.004369425994428178
1,Neg,OWOOWOWW,94554,44988518,0.002101736269685523
1,Neg,OWOOWWOO,172701,44988518,0.0038387794859123833
1,Neg,OWOOWWOW,91797,44988518,0.0020404539664987406
1,Neg,OWOOWWWO,213639,44988518,0.0047487450020025105
1,Neg,OWOOWWWW,81332,44988518,0.0018078390579569657
1,Neg,OWOWOOOO,69682,44988518,0.0015488840952707088
1,Neg,OWOWOOOW,99600,44988518,0.002213898221764051
1,Neg,OWOWOOWO,186188,44988518,0.004138567089496036
1,Neg,OWOWOOWW,133965,44988518,0.002977759791954027
1,Neg,OWOWOWOO,249068,44988518,0.005536257051188038
1,Neg,OWOWOWOW,136357,44988518,0.0030309289139064327
1,Neg,OWOWOWWO,25383,44988518,0.0005642106281429409
1,Neg,OWOWOWWW,130397,44988518,0.0028984506669012746
1,Neg,OWOWWOOO,192324,44988518,0.004274957445808729
1,Neg,OWOWWOOW,55451,44988518,0.0012325589387052046
1,Neg,OWOWWOWO,112576,44988518,0.002502327371619576
1,Neg,OWOWWOWW,114159,44988518,0.0025375141274935975
1,Neg,OWOWWWOO,182917,44988518,0.004065859648899748
1,Neg,OWOWWWOW,151048,44988518,0.0033574789016166304
1,Neg,OWOWWWWO,161520,44988518,0.003590249405414955
1,Neg,OWOWWWWW,120243,44988518,0.002672748633329064
1,Neg,OWWOOOOO,428856,44988518,0.009532565620410079
1,Neg,OWWOOOOW,45024,44988518,0.0010007886901275565
1,Neg,OWWOOOWO,229470,44988518,0.0051006347886365135
1,Neg,OWWOOOWW,94061,44988518,0.0020907779180456667
1,Neg,OWWOOWOO,22388,44988518,0.0004976380862334696
1,Neg,OWWOOWOW,78968,44988518,0.0017552923170307587
1,Neg,OWWOOWWO,125655,44988518,0.002793045994535761
1,Neg,OWWOOWWW,62722,44988518,0.001394177954472739
1,Neg,OWWOWOOO,103816,44988518,0.0023076110219945453
1,Neg,OWWOWOOW,176102,44988518,0.003914376552701736
1,Neg,OWWOWOWO,143624,44988518,0.003192459018098796
1,Neg,OWWOWOWW,81017,44988518,0.0018008372714122302
1,Neg,OWWOWWOO,329405,44988518,0.007321979354821157
1,Neg,OWWOWWOW,112975,44988518,0.002511196301242908
1,Neg,OWWOWWWO,113949,44988518,0.002532846269797107
1,Neg,OWWOWWWW,260406,44988518,0.005788276911010939
1,Neg,OWWWOOOO,6574,44988518,0.0001461261737939445
1,Neg,OWWWOOOW,169644,44988518,0.003770828814587758
1,Neg,OWWWOOWO,279504,44988518,0.006212785226666058
1,Neg,OWWWOOWW,76963,44988518,0.0017107253899761713
1,Neg,OWWWOWOO,317245,44988518,0.007051688166300566
1,Neg,OWWWOWOW,289817,44988518,0.006442021495351325
1,Neg,OWWWOWWO,94223,44988518,0.002094378836840102
1,Neg,OWWWOWWW,58593,44988518,0.0013023989810022193
1,Neg,OWWWWOOO,78371,44988518,0.0017420222644364501
1,Neg,OWWWWOOW,289913,44988518,0.0064441553731554345
1,Neg,OWWWWOWO,177530,44988518,0.0039461179850378714
1,Neg,OWWWWOWW,117200,44988518,0.002605109152517538
1,Neg,OWWWWWOO,248089,44988518,0.005514495943164876
1,Neg,OWWWWWOW,332772,44988518,0.007396820673221554
1,Neg,OWWWWWWO,319736,44988518,0.00710705784973846
1,Neg,OWWWWWWW,81227,44988518,0.0018055051291087207
1,Neg,WOOOOOOO,371902,44988518,0.008266598157334278
1,Neg,WOOOOOOW,37042,44988518,0.0008233656418733331
1,Neg,WOOOOOWO,305365,44988518,0.006787620788041962
1,Neg,WOOOOOWW,115024,44988518,0.0025567412556243797
1,Neg,WOOOOWOO,105908,44988518,0.0023541117758091074
1,Neg,WOOOOWOW,122946,44988518,0.0027328306302510344
1,Neg,WOOOOWWO,88066,44988518,0.0019575216947577603
1,Neg,WOOOOWWW,121641,44988518,0.002703823228851415
1,Neg,WOOOWOOO,28979,44988518,0.000644142134221892
1,Neg,WOOOWOOW,185120,44988518,0.004114827698925312
1,Neg,WOOOWOWO,367349,44988518,0.008165394556895605
1,Neg,WOOOWOWW,114507,44988518,0.002545249434533496
1,Neg,WOOOWWOO,482604,44988518,0.010727270455986124
1,Neg,WOOOWWOW,210388,44988518,0.00467648211928208
1,Neg,WOOOWWWO,209095,44988518,0.004647741452607974
1,Neg,WOOOWWWW,141927,44988518,0.0031547382823323943
1,Neg,WOOWOOOO,109078,44988518,0.002424574199132321
1,Neg,WOOWOOOW,108651,44988518,0.00241508288848279
1,Neg,WOOWOOWO,270251,44988518,0.00600711052540117
1,Neg,WOOWOOWW,109131,44988518,0.00242575227750334
1,Neg,WOOWOWOO,260808,44988518,0.0057972125243156486
1,Neg,WOOWOWOW,241345,44988518,0.0053645910274261535
1,Neg,WOOWOWWO,156927,44988518,0.0034881566892245707
1,Neg,WOOWOWWW,78015,44988518,0.0017341091342462092
1,Neg,WOOWWOOO,266114,44988518,0.005915153728780308
1,Neg,WOOWWOOW,174334,44988518,0.003875077636476045
1,Neg,WOOWWOWO,161238,44988518,0.003583981139365382
1,Neg,WOOWWOWW,97745,44988518,0.0021726654787783853
1,Neg,WOOWWWOO,155218,44988518,0.003450169218732655
1,Neg,WOOWWWOW,92053,44988518,0.002046144307309701
1,Neg,WOOWWWWO,137596,44988518,0.0030584692743157267
1,Neg,WOOWWWWW,163749,44988518,0.0036397953806791322
1,Neg,WOWOOOOO,783489,44988518,0.01741531027983629
1,Neg,WOWOOOOW,32920,44988518,0.0007317422636593631
1,Neg,WOWOOOWO,215996,44988518,0.004801136147672168
1,Neg,WOWOOOWW,135935,44988518,0.0030215487427258663
1,Neg,WOWOOWOO,10817,44988518,0.00024043912715684477
1,Neg,WOWOOWOW,77510,44988518,0.0017228840478808393
1,Neg,WOWOOWWO,17626,44988518,0.0003917888559921
1,Neg,WOWOOWWW,107900,44988518,0.0023983897402443887
1,Neg,WOWOWOOO,71227,44988518,0.0015832261911806031
1,Neg,WOWOWOOW,390337,44988518,0.008676369379404763
1,Neg,WOWOWOWO,320074,44988518,0.00711457087784043
1,Neg,WOWOWOWW,126027,44988518,0.0028013147710266874
1,Neg,WOWOWWOO,288571,44988518,0.0064143255396854814
1,Neg,WOWOWWOW,263290,44988518,0.005852382156709407
1,Neg,WOWOWWWO,300661,44988518,0.006683060775640575
1,Neg,WOWOWWWW,172454,44988518,0.0038332891961455587
1,Neg,WOWWOOOO,156600,44988518,0.003480888167954321
1,Neg,WOWWOOOW,336806,44988518,0.007486487996781757
1,Neg,WOWWOOWO,252967,44988518,0.005622923609086211
1,Neg,WOWWOOWW,76187,44988518,0.0016934765443929493
1,Neg,WOWWOWOO,350342,44988518,0.007787364767161256
1,Neg,WOWWOWOW,192611,44988518,0.004281336851327265
1,Neg,WOWWOWWO,179580,44988518,0.003991685167313136
1,Neg,WOWWOWWW,197845,44988518,0.004397677647438842
1,Neg,WOWWWOOO,203178,44988518,0.004516219005035908
1,Neg,WOWWWOOW,112392,44988518,0.002498237439161699
1,Neg,WOWWWOWO,155795,44988518,0.0034629947134511077
1,Neg,WOWWWOWW,167622,44988518,0.003725884013338692
1,Neg,WOWWWWOO,372661,44988518,0.008283469128723022
1,Neg,WOWWWWOW,418250,44988518,0.009296816578843518
1,Neg,WOWWWWWO,91022,44988518,0.0020232273488093116
1,Neg,WOWWWWWW,145026,44988518,0.003223622525196318
1,Neg,WWOOOOOO,255444,44988518,0.005677982102011006
1,Neg,WWOOOOOW,23225,44988518,0.0005162428333380531
1,Neg,WWOOOOWO,327038,44988518,0.007269365930213571
1,Neg,WWOOOOWW,87056,44988518,0.0019350715220270204
1,Neg,WWOOOWOO,28072,44988518,0.0006239814345518116
1,Neg,WWOOOWOW,104965,44988518,0.002333150871962486
1,Neg,WWOOOWWO,198222,44988518,0.004406057563398732
1,Neg,WWOOOWWW,56160,44988518,0.0012483185154043082
1,Neg,WWOOWOOO,8043,44988518,0.00017877894977558496
1,Neg,WWOOWOOW,105654,44988518,0.0023484658907857335
1,Neg,WWOOWOWO,72202,44988518,0.0016048983876285944
1,Neg,WWOOWOWW,34949,44988518,0.000776842660164978
1,Neg,WWOOWWOO,117168,44988518,0.002604397859916168
1,Neg,WWOOWWOW,155425,44988518,0.0034547703927477673
1,Neg,WWOOWWWO,113864,44988518,0.002530956898824718
1,Neg,WWOOWWWW,45582,44988518,0.0010131918548639456
1,Neg,WWOWOOOO,41975,44988518,0.0009330158419532735
1,Neg,WWOWOOOW,119070,44988518,0.002646675313910096
1,Neg,WWOWOOWO,68757,44988518,0.001528323293512358
1,Neg,WWOWOOWW,54440,44988518,0.001210086538080672
1,Neg,WWOWOWOO,144645,44988518,0.0032151536976612566
1,Neg,WWOWOWOW,144616,44988518,0.003214509088741265
1,Neg,WWOWOWWO,36778,44988518,0.0008174974779120308
1,Neg,WWOWOWWW,40091,44988518,0.0008911384900476162
1,Neg,WWOWWOOO,139600,44988518,0.003103013973476521
1,Neg,WWOWWOOW,146878,44988518,0.0032647885845006053
1,Neg,WWOWWOWO,86715,44988518,0.0019274918102436716
1,Neg,WWOWWOWW,73455,44988518,0.0016327499385509875
1,Neg,WWOWWWOO,115554,44988518,0.0025685220393345696
1,Neg,WWOWWWOW,274481,44988518,0.0061011345161447635
1,Neg,WWOWWWWO,91715,44988518,0.0020386312792077302
1,Neg,WWOWWWWW,168926,44988518,0.0037548691868445187
1,Neg,WWWOOOOO,907886,44988518,0.020180393583980695
1,Neg,WWWOOOOW,30627,44988518,0.0006807737031924456
1,Neg,WWWOOOWO,89808,44988518,0.001996242685744838
1,Neg,WWWOOOWW,67395,44988518,0.0014980489021665484
1,Neg,WWWOOWOO,22758,44988518,0.0005058624069368099
1,Neg,WWWOOWOW,157268,44988518,0.0034957364010079193
1,Neg,WWWOOWWO,69746,44988518,0.0015503066804734488
1,Neg,WWWOOWWW,191428,44988518,0.004255041252970369
1,Neg,WWWOWOOO,38900,44988518,0.0008646650685403774
1,Neg,WWWOWOOW,234189,44988518,0.005205528219444792
1,Neg,WWWOWOWO,109526,44988518,0.0024345322955515005
1,Neg,WWWOWOWW,181666,44988518,0.0040380525537649405
1,Neg,WWWOWWOO,232536,44988518,0.005168785511005275
1,Neg,WWWOWWOW,273096,44988518,0.00607034888324172
1,Neg,WWWOWWWO,103969,44988518,0.0023110118897448455
1,Neg,WWWOWWWW,273045,44988518,0.006069215260658286
1,Neg,WWWWOOOO,53569,44988518,0.001190726042587133
1,Neg,WWWWOOOW,160205,44988518,0.0035610197250774077
1,Neg,WWWWOOWO,134027,44988518,0.0029791379213691812
1,Neg,WWWWOOWW,192235,44988518,0.004272979163261168
1,Neg,WWWWOWOO,277995,44988518,0.006179243334932704
1,Neg,WWWWOWOW,187813,44988518,0.004174687416909354
1,Neg,WWWWOWWO,128037,44988518,0.002845992837550239
1,Neg,WWWWOWWW,53662,44988518,0.0011927932367098645
1,Neg,WWWWWOOO,177410,44988518,0.003943450637782734
1,Neg,WWWWWOOW,252406,44988518,0.0056104537606684445
1,Neg,WWWWWOWO,211292,44988518,0.004696576135270782
1,Neg,WWWWWOWW,123872,44988518,0.002753413659903178
1,Neg,WWWWWWOO,236043,44988518,0.005246738734536666
1,Neg,WWWWWWOW,242997,44988518,0.005401311507971879
1,Neg,WWWWWWWO,140238,44988518,0.0031171953697163354
1,Neg,WWWWWWWW,1576829,44988518,0.03504958754142557
1,Pos,OOOOOOOO,229466,26690098,0.008597420661400344
1,Pos,OOOOOOOW,36354,26690098,0.0013620781759587394
1,Pos,OOOOOOWO,37137,26690098,0.0013914148985140482
1,Pos,OOOOOOWW,4517,26690098,0.0001692387941025919
1,Pos,OOOOOWOO,9062,26690098,0.0003395266664063954
1,Pos,OOOOOWOW,112052,26690098,0.0041982610929341664
1,Pos,OOOOOWWO,15694,26690098,0.000588008331779074
1,Pos,OOOOOWWW,23563,26690098,0.0008828367733981344
1,Pos,OOOOWOOO,38447,26690098,0.001440496771499303
1,Pos,OOOOWOOW,123919,26690098,0.00464288291485479
1,Pos,OOOOWOWO,188181,26690098,0.007050592320792528
1,Pos,OOOOWOWW,26772,26690098,0.0010030686286727011
1,Pos,OOOOWWOO,170660,26690098,0.0063941316363844
1,Pos,OOOOWWOW,116330,26690098,0.004358545255247845
1,Pos,OOOOWWWO,60444,26690098,0.00226466009978682
1,Pos,OOOOWWWW,75292,26690098,0.002820971283057859
1,Pos,OOOWOOOO,1547,26690098,5.7961570616938164e-05
1,Pos,OOOWOOOW,64541,26690098,0.0024181627208712383
1,Pos,OOOWOOWO,37792,26690098,0.0014159558350066756
1,Pos,OOOWOOWW,34330,26690098,0.0012862448088425903
1,Pos,OOOWOWOO,154267,26690098,0.005779933816653652
1,Pos,OOOWOWOW,244001,26690098,0.009142004649064983
1,Pos,OOOWOWWO,12313,26690098,0.0004613321389827793
1,Pos,OOOWOWWW,9125,26690098,0.00034188709235912136
1,Pos,OOOWWOOO,103488,26690098,0.0038773930316778906
1,Pos,OOOWWOOW,163077,26690098,0.0061100187792491436
1,Pos,OOOWWOWO,60422,26690098,0.0022638358240572964
1,Pos,OOOWWOWW,24433,26690098,0.0009154331317929218
1,Pos,OOOWWWOO,113043,26690098,0.004235390967841332
1,Pos,OOOWWWOW,70680,26690098,0.0026481731164868707
1,Pos,OOOWWWWO,49540,26690098,0.0018561190745721504
1,Pos,OOOWWWWW,20006,26690098,0.0007495663747656528
1,Pos,OOWOOOOO,819051,26690098,0.0306874482064472
1,Pos,OOWOOOOW,63568,26690098,0.002381707253379137
1,Pos,OOWOOOWO,199637,26690098,0.00747981517340251
1,Pos,OOWOOOWW,33468,26690098,0.0012539481870767204
1,Pos,OOWOOWOO,12870,26690098,0.00048220130177116624
1,Pos,OOWOOWOW,182892,26690098,0.006852428941999389
1,Pos,OOWOOWWO,44209,26690098,0.001656382078477194
1,Pos,OOWOOWWW,13490,26690098,0.0005054308905122791
1,Pos,OOWOWOOO,16152,26690098,0.0006051682537846059
1,Pos,OOWOWOOW,282829,26690098,0.010596776377516486
1,Pos,OOWOWOWO,153989,26690098,0.005769517968798766
1,Pos,OOWOWOWW,26855,26690098,0.001006178396197721
1,Pos,OOWOWWOO,304682,26690098,0.011415544446483485
1,Pos,OOWOWWOW,192058,26690098,0.007195852184581713
1,Pos,OOWOWWWO,33244,26690098,0.001245555561467028
1,Pos,OOWOWWWW,97664,26690098,0.0036591847658258877
1,Pos,OOWWOOOO,359272,26690098,0.013460872268059863
1,Pos,OOWWOOOW,58655,26690098,0.002197631496145125
1,Pos,OOWWOOWO,263194,26690098,0.009861110288916886
1,Pos,OOWWOOWW,55078,26690098,0.0020636117559403493
1,Pos,OOWWOWOO,319746,26690098,0.0119799485187353
1,Pos,OOWWOWOW,213843,26690098,0.008012072492202914
1,Pos,OOWWOWWO,59431,26690098,0.0022267059491501307
1,Pos,OOWWOWWW,129971,26690098,0.004869633674630944
1,Pos,OOWWWOOO,322947,26690098,0.012099880637380949
1,Pos,OOWWWOOW,200706,26690098,0.007519867480441623
1,Pos,OOWWWOWO,66810,26690098,0.0025031755222479886
1,Pos,OOWWWOWW,66240,26690098,0.0024818192874376107
1,Pos,OOWWWWOO,393504,26690098,0.014743445303198212
1,Pos,OOWWWWOW,377141,26690098,0.014130371495825906
1,Pos,OOWWWWWO,66973,26690098,0.0025092826560621844
1,Pos,OOWWWWWW,247275,26690098,0.009264671864449505
1,Pos,OWOOOOOO,65294,26690098,0.0024463754310681063
1,Pos,OWOOOOOW,29337,26690098,0.001099171685319402
1,Pos,OWOOOOWO,47051,26690098,0.0017628635159001665
1,Pos,OWOOOOWW,3218,26690098,0.0001205690589820989
1,Pos,OWOOOWOO,11522,26690098,0.000431695679798553
1,Pos,OWOOOWOW,104590,26690098,0.003918681752311288
1,Pos,OWOOOWWO,22822,26690098,0.000855073668144643
1,Pos,OWOOOWWW,10572,26690098,0.0003961019551145897
1,Pos,OWOOWOOO,83281,26690098,0.0031202957741106835
1,Pos,OWOOWOOW,64807,26690098,0.0024281289637827484
1,Pos,OWOOWOWO,21821,26690098,0.0008175691224513301
1,Pos,OWOOWOWW,40969,26690098,0.0015349887437655719
1,Pos,OWOOWWOO,144501,26690098,0.005414030326902509
1,Pos,OWOOWWOW,56857,26690098,0.002130265688795897
1,Pos,OWOOWWWO,119629,26690098,0.004482149147597735
1,Pos,OWOOWWWW,37582,26690098,0.001408087748497589
1,Pos,OWOWOOOO,83379,26690098,0.0031239675478149237
1,Pos,OWOWOOOW,74970,26690098,0.0028089068837439265
1,Pos,OWOWOOWO,30891,26690098,0.001157395525486643
1,Pos,OWOWOOWW,21069,26690098,0.000789393879333077
1,Pos,OWOWOWOO,53449,26690098,0.0020025778848770056
1,Pos,OWOWOWOW,82415,26690098,0.0030878492840303545
1,Pos,OWOWOWWO,4978,26690098,0.00018651111734396778
1,Pos,OWOWOWWW,10639,26690098,0.00039861224938177447
1,Pos,OWOWWOOO,164328,26690098,0.00615689009459613
1,Pos,OWOWWOOW,22669,26690098,0.0008493412051165942
1,Pos,OWOWWOWO,10594,26690098,0.00039692623084411306
1,Pos,OWOWWOWW,6720,26690098,0.0002517787682907721
1,Pos,OWOWWWOO,29187,26690098,0.0010935516235271972
1,Pos,OWOWWWOW,37968,26690098,0.0014225500408428624
1,Pos,OWOWWWWO,11452,26690098,0.0004290729842955241
1,Pos,OWOWWWWW,66659,26690098,0.0024975179933771695
1,Pos,OWWOOOOO,463910,26690098,0.017381352440144656
1,Pos,OWWOOOOW,23133,26690098,0.0008667259295938142
1,Pos,OWWOOOWO,43224,26690098,0.0016194770060417162
1,Pos,OWWOOOWW,2654,26690098,9.94376266434091e-05
1,Pos,OWWOOWOO,6532,26690098,0.00024473495751120886
1,Pos,OWWOOWOW,86861,26690098,0.003254427915551303
1,Pos,OWWOOWWO,1594,26690098,5.972252331182898e-05
1,Pos,OWWOOWWW,1810,26690098,6.78154122926038e-05
1,Pos,OWWOWOOO,60480,26690098,0.002266008914616949
1,Pos,OWWOWOOW,93517,26690098,0.0035038087908107344
1,Pos,OWWOWOWO,102527,26690098,0.0038413871691291655
1,Pos,OWWOWOWW,18734,26690098,0.0007019082507677566
1,Pos,OWWOWWOO,318060,26690098,0.011916779024190919
1,Pos,OWWOWWOW,93098,26690098,0.0034881100848711756
1,Pos,OWWOWWWO,37117,26690098,0.0013906655569417541
1,Pos,OWWOWWWW,151728,26690098,0.005684804904050933
1,Pos,OWWWOOOO,46775,26690098,0.0017525226022025097
1,Pos,OWWWOOOW,193375,26690098,0.0072451963271172705
1,Pos,OWWWOOWO,169573,26690098,0.006353404921930223
1,Pos,OWWWOOWW,45005,26690098,0.0016862058730544938
1,Pos,OWWWOWOO,179253,26690098,0.006716086242920502
1,Pos,OWWWOWOW,124497,26690098,0.004664538886294085
1,Pos,OWWWOWWO,24436,26690098,0.0009155455330287659
1,Pos,OWWWOWWW,14256,26690098,0.000534130672731138
1,Pos,OWWWWOOO,117648,26690098,0.0044079268648620175
1,Pos,OWWWWOOW,223628,26690098,0.008378687856447737
1,Pos,OWWWWOWO,92979,26690098,0.0034836515025160266
1,Pos,OWWWWOWW,155383,26690098,0.005821747076387655
1,Pos,OWWWWWOO,89593,26690098,0.0033567879743266584
1,Pos,OWWWWWOW,252470,26690098,0.009459313337852862
1,Pos,OWWWWWWO,97422,26690098,0.003650117732801131
1,Pos,OWWWWWWW,55402,26690098,0.0020757510894115114
1,Pos,WOOOOOOO,289051,26690098,0.010829896540657137
1,Pos,WOOOOOOW,57690,26690098,0.002161475765281941
1,Pos,WOOOOOWO,104375,26690098,0.0039106263304091275
1,Pos,WOOOOOWW,3114,26690098,0.00011667248280617028
1,Pos,WOOOOWOO,23961,26690098,0.0008977486706867843
1,Pos,WOOOOWOW,168386,26690098,0.0063089314996145765
1,Pos,WOOOOWWO,760,26690098,2.8474979747170656e-05
1,Pos,WOOOOWWW,3278,26690098,0.0001228170836989808
1,Pos,WOOOWOOO,183849,26690098,0.0068882849362336546
1,Pos,WOOOWOOW,161313,26690098,0.006043926852572816
1,Pos,WOOOWOWO,90832,26690098,0.00340320968473027
1,Pos,WOOOWOWW,12751,26690098,0.0004777427194160171
1,Pos,WOOOWWOO,294737,26690098,0.011042934349660312
1,Pos,WOOOWWOW,101709,26690098,0.0038107390988223423
1,Pos,WOOOWWWO,26037,26690098,0.0009755303258908978
1,Pos,WOOOWWWW,50219,26690098,0.0018815592209515304
1,Pos,WOOWOOOO,166196,26690098,0.006226878597448387
1,Pos,WOOWOOOW,75537,26690098,0.0028301507173184603
1,Pos,WOOWOOWO,112987,26690098,0.004233292811438909
1,Pos,WOOWOOWW,5494,26690098,0.00020584412990915207
1,Pos,WOOWOWOO,91871,26690098,0.0034421379794109413
1,Pos,WOOWOWOW,304289,26690098,0.01140081988458791
1,Pos,WOOWOWWO,5792,26690098,0.00021700931933633214
1,Pos,WOOWOWWW,74484,26690098,0.002790697883537183
1,Pos,WOOWWOOO,259746,26690098,0.009731923801853407
1,Pos,WOOWWOOW,77226,26690098,0.0028934326130986856
1,Pos,WOOWWOWO,29866,26690098,0.0011189917699065772
1,Pos,WOOWWOWW,48714,26690098,0.0018251712676364096
1,Pos,WOOWWWOO,76686,26690098,0.0028732003906467483
1,Pos,WOOWWWOW,28519,26690098,0.0010685236150125789
1,Pos,WOOWWWWO,21501,26690098,0.0008055796572946267
1,Pos,WOOWWWWW,87279,26690098,0.0032700891544122468
1,Pos,WOWOOOOO,353298,26690098,0.013237043940415655
1,Pos,WOWOOOOW,24919,26690098,0.0009336421319996651
1,Pos,WOWOOOWO,24978,26690098,0.0009358526896379324
1,Pos,WOWOOOWW,6826,26690098,0.00025575027862393014
1,Pos,WOWOOWOO,1597,26690098,5.983492454767308e-05
1,Pos,WOWOOWOW,122765,26690098,0.004599645906133428
1,Pos,WOWOOWWO,725,26690098,2.7163631995656218e-05
1,Pos,WOWOOWWW,2871,26690098,0.00010756798270279862
1,Pos,WOWOWOOO,75371,26690098,0.0028239311822684204
1,Pos,WOWOWOOW,261089,26690098,0.009782242088432947
1,Pos,WOWOWOWO,69345,26690098,0.0025981545665362486
1,Pos,WOWOWOWW,32594,26690098,0.001221201960367474
1,Pos,WOWOWWOO,121308,26690098,0.004545056372591813
1,Pos,WOWOWWOW,169460,26690098,0.006349171142046762
1,Pos,WOWOWWWO,6147,26690098,0.00023031013224455
1,Pos,WOWOWWWW,91227,26690098,0.0034180091807830756
1,Pos,WOWWOOOO,376609,26690098,0.014110439010002886
1,Pos,WOWWOOOW,329067,26690098,0.012329179158502903
1,Pos,WOWWOOWO,134864,26690098,0.005052960090292662
1,Pos,WOWWOOWW,23565,26690098,0.0008829117075553638
1,Pos,WOWWOWOO,389724,26690098,0.014601819746034653
1,Pos,WOWWOWOW,234431,26690098,0.008783444706722321
1,Pos,WOWWOWWO,16059,26690098,0.0006016838154734389
1,Pos,WOWWOWWW,56692,26690098,0.0021240836208244723
1,Pos,WOWWWOOO,275832,26690098,0.010334619228449441
1,Pos,WOWWWOOW,110657,26690098,0.004145994518266662
1,Pos,WOWWWOWO,119435,26690098,0.004474880534346483
1,Pos,WOWWWOWW,76313,26690098,0.0028592251703234662
1,Pos,WOWWWWOO,217835,26690098,0.00816164107003279
1,Pos,WOWWWWOW,448530,26690098,0.016805108771050598
1,Pos,WOWWWWWO,45384,26690098,0.0017004058958494644
1,Pos,WOWWWWWW,203100,26690098,0.00760956366664521
1,Pos,WWOOOOOO,123450,26690098,0.004625310854984497
1,Pos,WWOOOOOW,24851,26690098,0.0009310943706538657
1,Pos,WWOOOOWO,76832,26690098,0.0028786705841244943
1,Pos,WWOOOOWW,30177,26690098,0.0011306440313557484
1,Pos,WWOOOWOO,36499,26690098,0.0013675109023578707
1,Pos,WWOOOWOW,62246,26690098,0.002332175775450506
1,Pos,WWOOOWWO,802,26690098,3.0048597048987982e-05
1,Pos,WWOOOWWW,2263,26690098,8.47879989050621e-05
1,Pos,WWOOWOOO,12719,26690098,0.0004765437729003468
1,Pos,WWOOWOOW,50997,26690098,0.0019107086081137656
1,Pos,WWOOWOWO,28699,26690098,0.0010752676891632245
1,Pos,WWOOWOWW,10292,26690098,0.0003856111731024742
1,Pos,WWOOWWOO,107621,26690098,0.004032244467592438
1,Pos,WWOOWWOW,100698,26690098,0.0037728598823428823
1,Pos,WWOOWWWO,9579,26690098,0.00035889714605019435
1,Pos,WWOOWWWW,54130,26690098,0.0020280929654136154
1,Pos,WWOWOOOO,34113,26690098,0.0012781144527832008
1,Pos,WWOWOOOW,149620,26690098,0.005605824302331149
1,Pos,WWOWOOWO,26901,26690098,0.001007901881813997
1,Pos,WWOWOOWW,20336,26690098,0.0007619305107085032
1,Pos,WWOWOWOO,48677,26690098,0.0018237849857276657
1,Pos,WWOWOWOW,106561,26690098,0.003992529364260858
1,Pos,WWOWOWWO,3535,26690098,0.00013244612290295825
1,Pos,WWOWOWWW,26349,26690098,0.0009872200544186836
1,Pos,WWOWWOOO,160205,26690098,0.00600241332946773
1,Pos,WWOWWOOW,26362,26690098,0.0009877071264406748
1,Pos,WWOWWOWO,31323,26690098,0.0011735813034481927
1,Pos,WWOWWOWW,12662,26690098,0.000474408149419309
1,Pos,WWOWWWOO,52331,26690098,0.001960689690985773
1,Pos,WWOWWWOW,110956,26690098,0.0041571971747724566
1,Pos,WWOWWWWO,45637,26690098,0.0017098850667389832
1,Pos,WWOWWWWW,54881,26690098,0.0020562307414532534
1,Pos,WWWOOOOO,498225,26690098,0.018667035242808026
1,Pos,WWWOOOOW,32492,26690098,0.001217380318348775
1,Pos,WWWOOOWO,7217,26690098,0.0002703999063622771
1,Pos,WWWOOOWW,5469,26690098,0.00020490745294378463
1,Pos,WWWOOWOO,6035,26690098,0.00022611381943970382
1,Pos,WWWOOWOW,175299,26690098,0.006567941414077985
1,Pos,WWWOOWWO,879,26690098,3.2933562102319746e-05
1,Pos,WWWOOWWW,4343,26690098,0.0001627195224236344
1,Pos,WWWOWOOO,121236,26690098,0.004542358742931555
1,Pos,WWWOWOOW,249227,26690098,0.009337807601905395
1,Pos,WWWOWOWO,38040,26690098,0.0014252476705031206
1,Pos,WWWOWOWW,22683,26690098,0.0008498657442171999
1,Pos,WWWOWWOO,346745,26690098,0.012991522174253537
1,Pos,WWWOWWOW,110770,26690098,0.004150228298150123
1,Pos,WWWOWWWO,47731,26690098,0.0017883411293581613
1,Pos,WWWOWWWW,103550,26690098,0.0038797159905520017
1,Pos,WWWWOOOO,7150,26690098,0.0002678896120950923
1,Pos,WWWWOOOW,101352,26690098,0.003797363351756895
1,Pos,WWWWOOWO,72190,26690098,0.0027047484051950653
1,Pos,WWWWOOWW,76125,26690098,0.002852181359543903
1,Pos,WWWWOWOO,120800,26690098,0.004526023096655546
1,Pos,WWWWOWOW,213896,26690098,0.008014058247369492
1,Pos,WWWWOWWO,1863,26690098,6.98011674591828e-05
1,Pos,WWWWOWWW,14964,26690098,0.0005606573643903443
1,Pos,WWWWWOOO,210111,26690098,0.00787224535481286
1,Pos,WWWWWOOW,143552,26690098,0.00537847406929716
1,Pos,WWWWWOWO,84171,26690098,0.003153641474077765
1,Pos,WWWWWOWW,36041,26690098,0.001350350980352339
1,Pos,WWWWWWOO,261008,26690098,0.009779207255065156
1,Pos,WWWWWWOW,241189,26690098,0.009036647224000452
1,Pos,WWWWWWWO,43216,26690098,0.0016191772694127988
1,Pos,WWWWWWWW,1119526,26690098,0.04194536865319865
1,Pre,OOOOOOOO,101082,31043500,0.003256140576932369
1,Pre,OOOOOOOW,55744,31043500,0.0017956738125533525
1,Pre,OOOOOOWO,87505,31043500,0.0028187865414660072
1,Pre,OOOOOOWW,147978,31043500,0.004766794981236008
1,Pre,OOOOOWOO,14425,31043500,0.00046467054294779906
1,Pre,OOOOOWOW,89183,31043500,0.0028728397249021534
1,Pre,OOOOOWWO,107848,31043500,0.003474092805257139
1,Pre,OOOOOWWW,161888,31043500,0.005214875899946849
1,Pre,OOOOWOOO,33585,31043500,0.001081868990287822
1,Pre,OOOOWOOW,138022,31043500,0.004446083721229887
1,Pre,OOOOWOWO,187732,31043500,0.006047385120878767
1,Pre,OOOOWOWW,204408,31043500,0.00658456681753024
1,Pre,OOOOWWOO,199517,31043500,0.006427013706573035
1,Pre,OOOOWWOW,131223,31043500,0.0042270684684394474
1,Pre,OOOOWWWO,145214,31043500,0.004677758629020568
1,Pre,OOOOWWWW,108577,31043500,0.0034975759820896485
1,Pre,OOOWOOOO,10629,31043500,0.00034239051653325175
1,Pre,OOOWOOOW,77793,31043500,0.0025059352199333193
1,Pre,OOOWOOWO,164289,31043500,0.005292218983039928
1,Pre,OOOWOOWW,155236,31043500,0.005000595937958026
1,Pre,OOOWOWOO,181009,31043500,0.005830818045645626
1,Pre,OOOWOWOW,283011,31043500,0.009116594456166346
1,Pre,OOOWOWWO,172877,31043500,0.005568863047014673
1,Pre,OOOWOWWW,70037,31043500,0.002256092257638475
1,Pre,OOOWWOOO,113019,31043500,0.003640665517741234
1,Pre,OOOWWOOW,131605,31043500,0.0042393737819511335
1,Pre,OOOWWOWO,112910,31043500,0.0036371543157182663
1,Pre,OOOWWOWW,141469,31043500,0.004557121458598419
1,Pre,OOOWWWOO,185775,31043500,0.005984344548778327
1,Pre,OOOWWWOW,149353,31043500,0.004811087667305555
1,Pre,OOOWWWWO,94179,31043500,0.003033775186431942
1,Pre,OOOWWWWW,92020,31043500,0.0029642276160871035
1,Pre,OOWOOOOO,163152,31043500,0.005255592958268236
1,Pre,OOWOOOOW,53281,31043500,0.0017163335319793193
1,Pre,OOWOOOWO,177463,31043500,0.005716591234880088
1,Pre,OOWOOOWW,173505,31043500,0.005589092724724983
1,Pre,OOWOOWOO,9878,31043500,0.00031819865672362975
1,Pre,OOWOOWOW,136090,31043500,0.004383848470694348
1,Pre,OOWOOWWO,124130,31043500,0.003998582634045775
1,Pre,OOWOOWWW,64303,31043500,0.0020713837035128127
1,Pre,OOWOWOOO,40704,31043500,0.0013111923591089922
1,Pre,OOWOWOOW,155517,31043500,0.005009647752347512
1,Pre,OOWOWOWO,171576,31043500,0.005526954112777232
1,Pre,OOWOWOWW,166085,31043500,0.005350073284262406
1,Pre,OOWOWWOO,206332,31043500,0.00664654436516501
1,Pre,OOWOWWOW,148248,31043500,0.0047754924541369365
1,Pre,OOWOWWWO,137223,31043500,0.004420345644015655
1,Pre,OOWOWWWW,153297,31043500,0.004938135197384315
1,Pre,OOWWOOOO,80695,31043500,0.0025994169471870118
1,Pre,OOWWOOOW,58884,31043500,0.0018968222011049012
1,Pre,OOWWOOWO,205858,31043500,0.00663127546829449
1,Pre,OOWWOOWW,172838,31043500,0.005567606745373428
1,Pre,OOWWOWOO,145605,31043500,0.004690353858295617
1,Pre,OOWWOWOW,131319,31043500,0.004230160903248667
1,Pre,OOWWOWWO,151978,31043500,0.004895646431620146
1,Pre,OOWWOWWW,199487,31043500,0.006426047320695153
1,Pre,OOWWWOOO,136646,31043500,0.004401758822297743
1,Pre,OOWWWOOW,127160,31043500,0.00409618760771176
1,Pre,OOWWWOWO,147586,31043500,0.0047541675390983616
1,Pre,OOWWWOWW,158636,31043500,0.005110119670784544
1,Pre,OOWWWWOO,176375,31043500,0.005681543640375602
1,Pre,OOWWWWOW,177321,31043500,0.0057120170083914505
1,Pre,OOWWWWWO,92870,31043500,0.002991608549293733
1,Pre,OOWWWWWW,176445,31043500,0.005683798540757325
1,Pre,OWOOOOOO,69089,31043500,0.002225554463897434
1,Pre,OWOOOOOW,30481,31043500,0.0009818802647897306
1,Pre,OWOOOOWO,195547,31043500,0.0062991286420667775
1,Pre,OWOOOOWW,120313,31043500,0.0038756261375167103
1,Pre,OWOOOWOO,52379,31043500,0.0016872775299176961
1,Pre,OWOOOWOW,97975,31043500,0.0031560552128464896
1,Pre,OWOOOWWO,145112,31043500,0.004674472917035773
1,Pre,OWOOOWWW,80124,31043500,0.002581023402644676
1,Pre,OWOOWOOO,58033,31043500,0.0018694090550356757
1,Pre,OWOOWOOW,61447,31043500,0.0019793837679385378
1,Pre,OWOOWOWO,99039,31043500,0.0031903296986486706
1,Pre,OWOOWOWW,203923,31043500,0.006568943579171163
1,Pre,OWOOWWOO,141499,31043500,0.004558087844476299
1,Pre,OWOOWWOW,42057,31043500,0.001354776362201427
1,Pre,OWOOWWWO,149019,31043500,0.0048003285711984795
1,Pre,OWOOWWWW,73355,31043500,0.002362974535732118
1,Pre,OWOWOOOO,89872,31043500,0.002895034387230821
1,Pre,OWOWOOOW,90726,31043500,0.0029225441718878347
1,Pre,OWOWOOWO,184322,31043500,0.005937539259426289
1,Pre,OWOWOOWW,135710,31043500,0.004371607582907855
1,Pre,OWOWOWOO,82079,31043500,0.0026439995490199234
1,Pre,OWOWOWOW,100861,31043500,0.0032490215342986456
1,Pre,OWOWOWWO,73465,31043500,0.0023665179506176816
1,Pre,OWOWOWWW,82222,31043500,0.0026486059883711567
1,Pre,OWOWWOOO,178341,31043500,0.005744874128239406
1,Pre,OWOWWOOW,51226,31043500,0.0016501360993444682
1,Pre,OWOWWOWO,77725,31043500,0.002503744745276789
1,Pre,OWOWWOWW,62214,31043500,0.0020040910335496964
1,Pre,OWOWWWOO,148294,31043500,0.004776974245816354
1,Pre,OWOWWWOW,151772,31043500,0.004889010581925363
1,Pre,OWOWWWWO,127776,31043500,0.004116030731070917
1,Pre,OWOWWWWW,113755,31043500,0.0036643741846119154
1,Pre,OWWOOOOO,143871,31043500,0.004634496754554094
1,Pre,OWWOOOOW,25455,31043500,0.0008199784173820606
1,Pre,OWWOOOWO,127361,31043500,0.004102662393093562
1,Pre,OWWOOOWW,82266,31043500,0.002650023354325382
1,Pre,OWWOOWOO,8361,31043500,0.00026933174416544524
1,Pre,OWWOOWOW,66795,31043500,0.002151658157102131
1,Pre,OWWOOWWO,90348,31043500,0.0029103677098265336
1,Pre,OWWOOWWW,97857,31043500,0.0031522540950601574
1,Pre,OWWOWOOO,44129,31043500,0.0014215214135004108
1,Pre,OWWOWOOW,98039,31043500,0.003158116836052636
1,Pre,OWWOWOWO,92506,31043500,0.002979883067308776
1,Pre,OWWOWOWW,116614,31043500,0.0037564707587739786
1,Pre,OWWOWWOO,206526,31043500,0.006652793660508641
1,Pre,OWWOWWOW,75941,31043500,0.002446276998405463
1,Pre,OWWOWWWO,135609,31043500,0.004368354083785656
1,Pre,OWWOWWWW,209281,31043500,0.006741540096960716
1,Pre,OWWWOOOO,18867,31043500,0.0006077600785993848
1,Pre,OWWWOOOW,93433,31043500,0.0030097443909353006
1,Pre,OWWWOOWO,160786,31043500,0.005179377325366019
1,Pre,OWWWOOWW,78998,31043500,0.002544751719361541
1,Pre,OWWWOWOO,164690,31043500,0.005305136340940938
1,Pre,OWWWOWOW,125928,31043500,0.004056501360993445
1,Pre,OWWWOWWO,97972,31043500,0.0031559585742587013
1,Pre,OWWWOWWW,44731,31043500,0.0014409135567832235
1,Pre,OWWWWOOO,76272,31043500,0.0024569394559247506
1,Pre,OWWWWOOW,158816,31043500,0.005115917986051831
1,Pre,OWWWWOWO,149112,31043500,0.004803324367419911
1,Pre,OWWWWOWW,148128,31043500,0.004771626910625413
1,Pre,OWWWWWOO,118153,31043500,0.0038060463543092755
1,Pre,OWWWWWOW,158841,31043500,0.005116723307616732
1,Pre,OWWWWWWO,195024,31043500,0.006282281314929051
1,Pre,OWWWWWWW,46332,31043500,0.0014924863497994749
1,Pre,WOOOOOOO,96158,31043500,0.0030975244415094947
1,Pre,WOOOOOOW,62377,31043500,0.00200934173015285
1,Pre,WOOOOOWO,132498,31043500,0.004268139868249392
1,Pre,WOOOOOWW,146146,31043500,0.0047077810169600725
1,Pre,WOOOOWOO,65773,31043500,0.0021187366115289837
1,Pre,WOOOOWOW,117581,31043500,0.003787620596904344
1,Pre,WOOOOWWO,116135,31043500,0.0037410407975904778
1,Pre,WOOOOWWW,213629,31043500,0.006881601623528275
1,Pre,WOOOWOOO,33379,31043500,0.0010752331405930388
1,Pre,WOOOWOOW,143873,31043500,0.004634561180279285
1,Pre,WOOOWOWO,128026,31043500,0.004124083946719925
1,Pre,WOOOWOWW,186881,31043500,0.006019971974809541
1,Pre,WOOOWWOO,210734,31043500,0.006788345386312755
1,Pre,WOOOWWOW,163303,31043500,0.005260457100520238
1,Pre,WOOOWWWO,177151,31043500,0.005706540821750125
1,Pre,WOOOWWWW,107461,31043500,0.0034616264274324737
1,Pre,WOOWOOOO,78570,31043500,0.002530964614170438
1,Pre,WOOWOOOW,89717,31043500,0.002890041393528436
1,Pre,WOOWOOWO,222041,31043500,0.007152576223686118
1,Pre,WOOWOOWW,91977,31043500,0.0029628424629954742
1,Pre,WOOWOWOO,109075,31043500,0.0035136179876624736
1,Pre,WOOWOWOW,192011,31043500,0.006185223959927199
1,Pre,WOOWOWWO,117305,31043500,0.0037787298468278385
1,Pre,WOOWOWWW,139299,31043500,0.004487219546765024
1,Pre,WOOWWOOO,190115,31043500,0.0061241483724451175
1,Pre,WOOWWOOW,118942,31043500,0.0038314623028975468
1,Pre,WOOWWOWO,99723,31043500,0.003212363296664358
1,Pre,WOOWWOWW,94581,31043500,0.0030467247571955482
1,Pre,WOOWWWOO,203527,31043500,0.006556187285583133
1,Pre,WOOWWWOW,93611,31043500,0.0030154782804773946
1,Pre,WOOWWWWO,108174,31043500,0.0034845941984634463
1,Pre,WOOWWWWW,104166,31043500,0.00335548504517854
1,Pre,WOWOOOOO,93773,31043500,0.003020696764217952
1,Pre,WOWOOOOW,20853,31043500,0.0006717348237151095
1,Pre,WOWOOOWO,124091,31043500,0.003997326332404529
1,Pre,WOWOOOWW,142548,31043500,0.00459187913733954
1,Pre,WOWOOWOO,2048,31043500,6.597194259667886e-05
1,Pre,WOWOOWOW,48414,31043500,0.001559553529724419
1,Pre,WOWOOWWO,74750,31043500,0.0024079114790535863
1,Pre,WOWOOWWW,151958,31043500,0.0048950021743682254
1,Pre,WOWOWOOO,39749,31043500,0.0012804290753297791
1,Pre,WOWOWOOW,142420,31043500,0.0045877558909272476
1,Pre,WOWOWOWO,125972,31043500,0.00405791872694767
1,Pre,WOWOWOWW,117157,31043500,0.003773962343163625
1,Pre,WOWOWWOO,136514,31043500,0.004397506724435067
1,Pre,WOWOWWOW,101610,31043500,0.003273148968383075
1,Pre,WOWOWWWO,158179,31043500,0.005095398392578157
1,Pre,WOWOWWWW,148419,31043500,0.004781000853640859
1,Pre,WOWWOOOO,71245,31043500,0.002295005395654485
1,Pre,WOWWOOOW,158062,31043500,0.005091629487654421
1,Pre,WOWWOOWO,110028,31043500,0.0035443168457164947
1,Pre,WOWWOOWW,80165,31043500,0.0025823441300111133
1,Pre,WOWWOWOO,156972,31043500,0.005056517467424743
1,Pre,WOWWOWOW,111367,31043500,0.003587449868732585
1,Pre,WOWWOWWO,105356,31043500,0.003393818351667821
1,Pre,WOWWOWWW,118123,31043500,0.003805079968431395
1,Pre,WOWWWOOO,125180,31043500,0.004032406139771611
1,Pre,WOWWWOOW,65489,31043500,0.00210958815855171
1,Pre,WOWWWOWO,119017,31043500,0.0038338782675922498
1,Pre,WOWWWOWW,157556,31043500,0.005075329779180827
1,Pre,WOWWWWOO,213948,31043500,0.00689187752669641
1,Pre,WOWWWWOW,196348,31043500,0.006324931145006201
1,Pre,WOWWWWWO,65058,31043500,0.002095704414772819
1,Pre,WOWWWWWW,99162,31043500,0.0031942918807479825
1,Pre,WWOOOOOO,71911,31043500,0.002316459162143444
1,Pre,WWOOOOOW,13007,31043500,0.000418992703786622
1,Pre,WWOOOOWO,150417,31043500,0.004845362153107736
1,Pre,WWOOOOWW,145459,31043500,0.004685650780356597
1,Pre,WWOOOWOO,34444,31043500,0.0011095398392578157
1,Pre,WWOOOWOW,117887,31043500,0.0037974777328587304
1,Pre,WWOOOWWO,84837,31043500,0.002732842624059787
1,Pre,WWOOOWWW,72186,31043500,0.002325317699357353
1,Pre,WWOOWOOO,23668,31043500,0.0007624140319229468
1,Pre,WWOOWOOW,78772,31043500,0.002537471612414837
1,Pre,WWOOWOWO,108644,31043500,0.0034997342438835826
1,Pre,WWOOWOWW,113784,31043500,0.0036653083576272004
1,Pre,WWOOWWOO,115122,31043500,0.003708409167780695
1,Pre,WWOOWWOW,158472,31043500,0.005104836761318794
1,Pre,WWOOWWWO,153833,31043500,0.00495540129173579
1,Pre,WWOOWWWW,90260,31043500,0.002907532977918083
1,Pre,WWOWOOOO,18333,31043500,0.0005905584099731023
1,Pre,WWOWOOOW,95157,31043500,0.0030652793660508643
1,Pre,WWOWOOWO,96833,31043500,0.003119268123761818
1,Pre,WWOWOOWW,139490,31043500,0.004493372203520866
1,Pre,WWOWOWOO,75303,31043500,0.002425725192069193
1,Pre,WWOWOWOW,139356,31043500,0.0044890556799329975
1,Pre,WWOWOWWO,60998,31043500,0.0019649201926329185
1,Pre,WWOWOWWW,63364,31043500,0.0020411358255351363
1,Pre,WWOWWOOO,241966,31043500,0.007794417510912107
1,Pre,WWOWWOOW,106268,31043500,0.0034231964823554046
1,Pre,WWOWWOWO,147767,31043500,0.004759998067228244
1,Pre,WWOWWOWW,70839,31043500,0.002281926973440495
1,Pre,WWOWWWOO,122172,31043500,0.003935509849082738
1,Pre,WWOWWWOW,158881,31043500,0.005118011822120573
1,Pre,WWOWWWWO,169202,31043500,0.005450480776974246
1,Pre,WWOWWWWW,92940,31043500,0.0029938634496754555
1,Pre,WWWOOOOO,245840,31043500,0.007919210140609145
1,Pre,WWWOOOOW,35812,31043500,0.001153607035289191
1,Pre,WWWOOOWO,66086,31043500,0.0021288192375215425
1,Pre,WWWOOOWW,108558,31043500,0.0034969639377003237
1,Pre,WWWOOWOO,18705,31043500,0.0006025415948588271
1,Pre,WWWOOWOW,133213,31043500,0.004291172065005557
1,Pre,WWWOOWWO,44803,31043500,0.001443232882890138
1,Pre,WWWOOWWW,164040,31043500,0.0052841979802535155
1,Pre,WWWOWOOO,35409,31043500,0.001140625251662989
1,Pre,WWWOWOOW,173426,31043500,0.005586547908579896
1,Pre,WWWOWOWO,122721,31043500,0.003953194710647962
1,Pre,WWWOWOWW,182725,31043500,0.005886095317860422
1,Pre,WWWOWWOO,154249,31043500,0.00496880184257574
1,Pre,WWWOWWOW,103073,31043500,0.003320276386361074
1,Pre,WWWOWWWO,175859,31043500,0.005664921803276048
1,Pre,WWWOWWWW,117675,31043500,0.0037906486059883712
1,Pre,WWWWOOOO,11430,31043500,0.00036819301947267543
1,Pre,WWWWOOOW,87790,31043500,0.002827967207305877
1,Pre,WWWWOOWO,114760,31043500,0.00369674811152093
1,Pre,WWWWOOWW,192150,31043500,0.006189701547828047
1,Pre,WWWWOWOO,107577,31043500,0.0034653631194936137
1,Pre,WWWWOWOW,153363,31043500,0.004940261246315654
1,Pre,WWWWOWWO,61713,31043500,0.001987952389389083
1,Pre,WWWWOWWW,106726,31043500,0.0034379499734243884
1,Pre,WWWWWOOO,94125,31043500,0.003032035691851756
1,Pre,WWWWWOOW,140694,31043500,0.004532156490086491
1,Pre,WWWWWOWO,113380,31043500,0.0036522943611384025
1,Pre,WWWWWOWW,113214,31043500,0.003646947025947461
1,Pre,WWWWWWOO,144119,31043500,0.00464248554447791
1,Pre,WWWWWWOW,124180,31043500,0.004000193277175576
1,Pre,WWWWWWWO,140061,31043500,0.004511765748063202
1,Pre,WWWWWWWW,1092559,31043500,0.03519445294506096
2,Neg,OOOOOOOO,81466,26845007,0.0030346797823520774
2,Neg,OOOOOOOW,35518,26845007,0.0013230765780765116
2,Neg,OOOOOOWO,62703,26845007,0.002335741614818726
2,Neg,OOOOOOWW,211354,26845007,0.007873121433717637
2,Neg,OOOOOWOO,4235,26845007,0.00015775745560431406
2,Neg,OOOOOWOW,38163,26845007,0.001421605142438592
2,Neg,OOOOOWWO,79247,26845007,0.0029520200907379164
2,Neg,OOOOOWWW,175309,26845007,0.006530413644518699
2,Neg,OOOOWOOO,9823,26845007,0.00036591534507701934
2,Neg,OOOOWOOW,172272,26845007,0.006417282737158534
2,Neg,OOOOWOWO,126035,26845007,0.004694914030009379
2,Neg,OOOOWOWW,125634,26845007,0.004679976429136338
2,Neg,OOOOWWOO,310169,26845007,0.011554066646359972
2,Neg,OOOOWWOW,126794,26845007,0.004723187444130672
2,Neg,OOOOWWWO,248374,26845007,0.009252148826036812
2,Neg,OOOOWWWW,87852,26845007,0.003272563870070885
2,Neg,OOOWOOOO,16615,26845007,0.0006189232880438437
2,Neg,OOOWOOOW,83662,26845007,0.0031164827038413514
2,Neg,OOOWOOWO,115740,26845007,0.004311416271934666
2,Neg,OOOWOOWW,67737,26845007,0.0025232625195441374
2,Neg,OOOWOWOO,90624,26845007,0.003375823295557345
2,Neg,OOOWOWOW,156016,26845007,0.0058117325132379365
2,Neg,OOOWOWWO,129951,26845007,0.004840788456490251
2,Neg,OOOWOWWW,55705,26845007,0.0020750599916029076
2,Neg,OOOWWOOO,76012,26845007,0.002831513510128718
2,Neg,OOOWWOOW,72268,26845007,0.0026920462341470056
2,Neg,OOOWWOWO,85747,26845007,0.003194150778206167
2,Neg,OOOWWOWW,209197,26845007,0.0077927712963531725
2,Neg,OOOWWWOO,67492,26845007,0.0025141360551703337
2,Neg,OOOWWWOW,132801,26845007,0.004946953450226331
2,Neg,OOOWWWWO,100831,26845007,0.0037560429766324887
2,Neg,OOOWWWWW,53654,26845007,0.001998658446987926
2,Neg,OOWOOOOO,141652,26845007,0.005276660944808098
2,Neg,OOWOOOOW,46290,26845007,0.0017243430035238955
2,Neg,OOWOOOWO,124382,26845007,0.004633338333642454
2,Neg,OOWOOOWW,100289,26845007,0.0037358530023851363
2,Neg,OOWOOWOO,9978,26845007,0.00037168923070126226
2,Neg,OOWOOWOW,94202,26845007,0.0035091069262898683
2,Neg,OOWOOWWO,60132,26845007,0.002239969615206284
2,Neg,OOWOOWWW,80332,26845007,0.0029924372901076165
2,Neg,OOWOWOOO,16772,26845007,0.0006247716754180768
2,Neg,OOWOWOOW,75622,26845007,0.002816985668880623
2,Neg,OOWOWOWO,77841,26845007,0.002899645360494784
2,Neg,OOWOWOWW,157505,26845007,0.0058671990661056635
2,Neg,OOWOWWOO,221200,26845007,0.008239893548919543
2,Neg,OOWOWWOW,135417,26845007,0.005044401739213553
2,Neg,OOWOWWWO,109216,26845007,0.004068391563466532
2,Neg,OOWOWWWW,132546,26845007,0.004937454477102576
2,Neg,OOWWOOOO,73857,26845007,0.002751237874514244
2,Neg,OOWWOOOW,108817,26845007,0.004053528464343481
2,Neg,OOWWOOWO,148543,26845007,0.0055333567243994386
2,Neg,OOWWOOWW,116735,26845007,0.004348480892554805
2,Neg,OOWWOWOO,122628,26845007,0.004568000298901021
2,Neg,OOWWOWOW,63476,26845007,0.00236453654118995
2,Neg,OOWWOWWO,145252,26845007,0.005410764094790513
2,Neg,OOWWOWWW,145639,26845007,0.005425180183413624
2,Neg,OOWWWOOO,129768,26845007,0.004833971546366145
2,Neg,OOWWWOOW,47324,26845007,0.001762860408268845
2,Neg,OOWWWOWO,46288,26845007,0.0017242685017739053
2,Neg,OOWWWOWW,98665,26845007,0.003675357581393069
2,Neg,OOWWWWOO,264668,26845007,0.009859114583207224
2,Neg,OOWWWWOW,148339,26845007,0.005525757545900435
2,Neg,OOWWWWWO,40542,26845007,0.0015102249740519718
2,Neg,OOWWWWWW,67722,26845007,0.0025227037564192105
2,Neg,OWOOOOOO,30546,26845007,0.0011378652276007974
2,Neg,OWOOOOOW,13803,26845007,0.0005141738275575789
2,Neg,OWOOOOWO,156938,26845007,0.0058460778199834335
2,Neg,OWOOOOWW,37522,26845007,0.001397727331566723
2,Neg,OWOOOWOO,26077,26845007,0.0009713910672476264
2,Neg,OWOOOWOW,28641,26845007,0.0010669023107351024
2,Neg,OWOOOWWO,111654,26845007,0.004159209196704624
2,Neg,OWOOOWWW,39820,26845007,0.0014833298423054984
2,Neg,OWOOWOOO,22905,26845007,0.00085323129176312
2,Neg,OWOOWOOW,61805,26845007,0.0023022903290731123
2,Neg,OWOOWOWO,106744,26845007,0.003976307400478607
2,Neg,OWOOWOWW,188925,26845007,0.007037621558452192
2,Neg,OWOOWWOO,149657,26845007,0.005574854199143997
2,Neg,OWOOWWOW,87214,26845007,0.0032487978118240016
2,Neg,OWOOWWWO,191191,26845007,0.007122032041191124
2,Neg,OWOOWWWW,74169,26845007,0.00276286014751272
2,Neg,OWOWOOOO,48018,26845007,0.001788712515515455
2,Neg,OWOWOOOW,79543,26845007,0.0029630463497364707
2,Neg,OWOWOOWO,121471,26845007,0.004524901036531672
2,Neg,OWOWOOWW,206484,26845007,0.007691709672491424
2,Neg,OWOWOWOO,71094,26845007,0.0026483137069027397
2,Neg,OWOWOWOW,82896,26845007,0.0030879485335950927
2,Neg,OWOWOWWO,84139,26845007,0.003134251371214021
2,Neg,OWOWOWWW,121548,26845007,0.004527769353906296
2,Neg,OWOWWOOO,175722,26845007,0.006545798255891682
2,Neg,OWOWWOOW,72255,26845007,0.002691561972772069
2,Neg,OWOWWOWO,112326,26845007,0.004184241784701341
2,Neg,OWOWWOWW,64787,26845007,0.0024133724383085466
2,Neg,OWOWWWOO,139418,26845007,0.00519344249006901
2,Neg,OWOWWWOW,59471,26845007,0.0022153467868345125
2,Neg,OWOWWWWO,88553,26845007,0.003298676733442461
2,Neg,OWOWWWWW,124323,26845007,0.004631140532017742
2,Neg,OWWOOOOO,111114,26845007,0.004139093724207261
2,Neg,OWWOOOOW,30007,26845007,0.0011177870059784303
2,Neg,OWWOOOWO,90755,26845007,0.0033807031601817052
2,Neg,OWWOOOWW,169300,26845007,0.006306573136673051
2,Neg,OWWOOWOO,5968,26845007,0.00022231322197084917
2,Neg,OWWOOWOW,82722,26845007,0.0030814668813459426
2,Neg,OWWOOWWO,107309,26845007,0.003997354144850847
2,Neg,OWWOOWWW,104980,26845007,0.003910596856987223
2,Neg,OWWOWOOO,17994,26845007,0.0006702922446621079
2,Neg,OWWOWOOW,79679,26845007,0.0029681124687358064
2,Neg,OWWOWOWO,92730,26845007,0.0034542736382970583
2,Neg,OWWOWOWW,88336,26845007,0.003290593293568521
2,Neg,OWWOWWOO,190633,26845007,0.007101246052943849
2,Neg,OWWOWWOW,52886,26845007,0.0019700497749916774
2,Neg,OWWOWWWO,171023,26845007,0.006370756394289635
2,Neg,OWWOWWWW,137342,26845007,0.0051161096735791506
2,Neg,OWWWOOOO,1241,26845007,4.622833586893831e-05
2,Neg,OWWWOOOW,127738,26845007,0.004758352270126061
2,Neg,OWWWOOWO,137236,26845007,0.005112161080829668
2,Neg,OWWWOOWW,84915,26845007,0.003163158050210231
2,Neg,OWWWOWOO,154813,26845007,0.005766919710618813
2,Neg,OWWWOWOW,52176,26845007,0.0019436016537451451
2,Neg,OWWWOWWO,95790,26845007,0.003568261315782112
2,Neg,OWWWOWWW,38811,26845007,0.0014457437094354268
2,Neg,OWWWWOOO,107254,26845007,0.003995305346726116
2,Neg,OWWWWOOW,69088,26845007,0.002573588451662538
2,Neg,OWWWWOWO,292085,26845007,0.010880421822948304
2,Neg,OWWWWOWW,114771,26845007,0.004275320174064398
2,Neg,OWWWWWOO,101129,26845007,0.003767143737381033
2,Neg,OWWWWWOW,120099,26845007,0.004473792836038374
2,Neg,OWWWWWWO,140280,26845007,0.0052255527443147995
2,Neg,OWWWWWWW,57174,26845007,0.0021297815269707325
2,Neg,WOOOOOOO,250695,26845007,0.009338608106900475
2,Neg,WOOOOOOW,57708,26845007,0.0021496734942181243
2,Neg,WOOOOOWO,166016,26845007,0.006184241263189091
2,Neg,WOOOOOWW,283849,26845007,0.010573623616488533
2,Neg,WOOOOWOO,177177,26845007,0.006599998279009575
2,Neg,WOOOOWOW,166763,26845007,0.006212067666810443
2,Neg,WOOOOWWO,93143,26845007,0.003469658249670041
2,Neg,WOOOOWWW,170970,26845007,0.006368782097914893
2,Neg,WOOOWOOO,4994,26845007,0.0001860308697256067
2,Neg,WOOOWOOW,224188,26845007,0.00835119916340495
2,Neg,WOOOWOWO,93137,26845007,0.0034694347444200703
2,Neg,WOOOWOWW,221548,26845007,0.008252856853417844
2,Neg,WOOOWWOO,163092,26845007,0.006075319704703374
2,Neg,WOOOWWOW,77122,26845007,0.002872861981373296
2,Neg,WOOOWWWO,176188,26845007,0.006563157163639406
2,Neg,WOOOWWWW,85028,26845007,0.003167367399084679
2,Neg,WOOWOOOO,47218,26845007,0.0017589118155193627
2,Neg,WOOWOOOW,127902,26845007,0.00476446141362526
2,Neg,WOOWOOWO,114736,26845007,0.004274016393439569
2,Neg,WOOWOOWW,111764,26845007,0.004163306792954086
2,Neg,WOOWOWOO,84484,26845007,0.0031471029230873363
2,Neg,WOOWOWOW,189119,26845007,0.007044848228201245
2,Neg,WOOWOWWO,100267,26845007,0.0037350334831352436
2,Neg,WOOWOWWW,137370,26845007,0.005117152698079014
2,Neg,WOOWWOOO,163830,26845007,0.006102810850449769
2,Neg,WOOWWOOW,72911,26845007,0.002715998546768865
2,Neg,WOOWWOWO,28804,26845007,0.0010729742033593062
2,Neg,WOOWWOWW,39197,26845007,0.0014601225471835414
2,Neg,WOOWWWOO,127182,26845007,0.004737640783628777
2,Neg,WOOWWWOW,71309,26845007,0.0026563226450266896
2,Neg,WOOWWWWO,85992,26845007,0.0032032772425799705
2,Neg,WOOWWWWW,101900,26845007,0.0037958641620022674
2,Neg,WOWOOOOO,127767,26845007,0.00475943254550092
2,Neg,WOWOOOOW,7200,26845007,0.00026820629996483146
2,Neg,WOWOOOWO,187962,26845007,0.007001748965831896
2,Neg,WOWOOOWW,166646,26845007,0.006207709314436014
2,Neg,WOWOOWOO,893,26845007,3.326503137063812e-05
2,Neg,WOWOOWOW,112686,26845007,0.004197652099699583
2,Neg,WOWOOWWO,57216,26845007,0.0021313460637205272
2,Neg,WOWOOWWW,22053,26845007,0.0008214935462672817
2,Neg,WOWOWOOO,24398,26845007,0.0009088468481308274
2,Neg,WOWOWOOW,52193,26845007,0.0019442349186200622
2,Neg,WOWOWOWO,178932,26845007,0.006665373564626003
2,Neg,WOWOWOWW,77245,26845007,0.002877443838997695
2,Neg,WOWOWWOO,88069,26845007,0.0032806473099448253
2,Neg,WOWOWWOW,91655,26845007,0.003414228947677309
2,Neg,WOWOWWWO,116242,26845007,0.004330116211182213
2,Neg,WOWOWWWW,133731,26845007,0.004981596763971788
2,Neg,WOWWOOOO,12629,26845007,0.0004704413003133134
2,Neg,WOWWOOOW,47522,26845007,0.0017702360815178779
2,Neg,WOWWOOWO,106919,26845007,0.0039828263036027515
2,Neg,WOWWOOWW,101919,26845007,0.0037965719286271746
2,Neg,WOWWOWOO,67377,26845007,0.0025098522045458958
2,Neg,WOWWOWOW,73635,26845007,0.0027429681802653284
2,Neg,WOWWOWWO,251173,26845007,0.009356414025148141
2,Neg,WOWWOWWW,85559,26845007,0.003187147613707085
2,Neg,WOWWWOOO,61175,26845007,0.0022788222778261894
2,Neg,WOWWWOOW,102389,26845007,0.0038140798398748786
2,Neg,WOWWWOWO,57848,26845007,0.0021548886167174403
2,Neg,WOWWWOWW,115696,26845007,0.004309777233434881
2,Neg,WOWWWWOO,149159,26845007,0.00555630326339643
2,Neg,WOWWWWOW,111390,26845007,0.004149374965705914
2,Neg,WOWWWWWO,104737,26845007,0.00390154489436341
2,Neg,WOWWWWWW,142613,26845007,0.005312459035678404
2,Neg,WWOOOOOO,32366,26845007,0.0012056618200919076
2,Neg,WWOOOOOW,8144,26845007,0.0003033711259602205
2,Neg,WWOOOOWO,104776,26845007,0.0039029976784882192
2,Neg,WWOOOOWW,128929,26845007,0.004802718062245244
2,Neg,WWOOOWOO,22074,26845007,0.000822275814642179
2,Neg,WWOOOWOW,132349,26845007,0.0049301160547285386
2,Neg,WWOOOWWO,67673,26845007,0.0025208784635444496
2,Neg,WWOOOWWW,49043,26845007,0.0018268946623854485
2,Neg,WWOOWOOO,3202,26845007,0.00011927730173435976
2,Neg,WWOOWOOW,44283,26845007,0.0016495804974086987
2,Neg,WWOOWOWO,177832,26845007,0.006624397602131376
2,Neg,WWOOWOWW,134753,26845007,0.005019667158216796
2,Neg,WWOOWWOO,32992,26845007,0.0012289808678388498
2,Neg,WWOOWWOW,114172,26845007,0.004253006899942325
2,Neg,WWOOWWWO,187546,26845007,0.006986252601833927
2,Neg,WWOOWWWW,22927,26845007,0.0008540508110130126
2,Neg,WWOWOOOO,19090,26845007,0.0007111192036567545
2,Neg,WWOWOOOW,79333,26845007,0.0029552236659874964
2,Neg,WWOWOOWO,186123,26845007,0.006933244606715878
2,Neg,WWOWOOWW,84115,26845007,0.0031333573502141383
2,Neg,WWOWOWOO,49018,26845007,0.0018259633905105706
2,Neg,WWOWOWOW,110538,26845007,0.0041176372202100745
2,Neg,WWOWOWWO,126864,26845007,0.00472579500538033
2,Neg,WWOWOWWW,132580,26845007,0.00493872100685241
2,Neg,WWOWWOOO,65081,26845007,0.0024243241955571107
2,Neg,WWOWWOOW,76778,26845007,0.002860047680374976
2,Neg,WWOWWOWO,104728,26845007,0.003901209636488454
2,Neg,WWOWWOWW,97787,26845007,0.0036426513131473572
2,Neg,WWOWWWOO,82214,26845007,0.003062543436848424
2,Neg,WWOWWWOW,216369,26845007,0.008059934571818141
2,Neg,WWOWWWWO,127301,26845007,0.004742073637753195
2,Neg,WWOWWWWW,85895,26845007,0.003199663907705444
2,Neg,WWWOOOOO,207069,26845007,0.007713501434363567
2,Neg,WWWOOOOW,28110,26845007,0.001047122096112696
2,Neg,WWWOOOWO,50885,26845007,0.001895510774126451
2,Neg,WWWOOOWW,115415,26845007,0.004299309737561253
2,Neg,WWWOOWOO,11000,26845007,0.0004097596249462703
2,Neg,WWWOOWOW,42460,26845007,0.0015816721522926033
2,Neg,WWWOOWWO,92918,26845007,0.00346127680279614
2,Neg,WWWOOWWW,101991,26845007,0.003799253991626823
2,Neg,WWWOWOOO,10057,26845007,0.00037463204982587635
2,Neg,WWWOWOOW,137578,26845007,0.005124900880077997
2,Neg,WWWOWOWO,122492,26845007,0.004562934179901685
2,Neg,WWWOWOWW,104526,26845007,0.0038936849597394404
2,Neg,WWWOWWOO,108583,26845007,0.004044811759594624
2,Neg,WWWOWWOW,92078,26845007,0.003429986067800243
2,Neg,WWWOWWWO,173491,26845007,0.00646269155377758
2,Neg,WWWOWWWW,106330,26845007,0.003960885538230629
2,Neg,WWWWOOOO,12562,26845007,0.00046794549168864064
2,Neg,WWWWOOOW,95983,26845007,0.003575450734656169
2,Neg,WWWWOOWO,42174,26845007,0.0015710184020440003
2,Neg,WWWWOOWW,170302,26845007,0.006343898513418157
2,Neg,WWWWOWOO,162005,26845007,0.006034828003583684
2,Neg,WWWWOWOW,53147,26845007,0.0019797722533654023
2,Neg,WWWWOWWO,121946,26845007,0.004542595202154352
2,Neg,WWWWOWWW,54585,26845007,0.002033339011608378
2,Neg,WWWWWOOO,136577,26845007,0.005087612754207887
2,Neg,WWWWWOOW,137643,26845007,0.00512732218695268
2,Neg,WWWWWOWO,69269,26845007,0.002580330860036654
2,Neg,WWWWWOWW,123184,26845007,0.004588711785398305
2,Neg,WWWWWWOO,159226,26845007,0.005931307821972257
2,Neg,WWWWWWOW,126956,26845007,0.00472922208587988
2,Neg,WWWWWWWO,115124,26845007,0.004288469732937675
2,Neg,WWWWWWWW,832559,26845007,0.031013551235058348
2,Pos,OOOOOOOO,328668,53008295,0.006200312611450718
2,Pos,OOOOOOOW,166738,53008295,0.003145507698370604
2,Pos,OOOOOOWO,113286,53008295,0.002137137215977235
2,Pos,OOOOOOWW,43987,53008295,0.0008298135225817016
2,Pos,OOOOOWOO,16074,53008295,0.00030323555964212773
2,Pos,OOOOOWOW,162362,53008295,0.0030629545809764303
2,Pos,OOOOOWWO,16300,53008295,0.00030749904331010835
2,Pos,OOOOOWWW,57512,53008295,0.0010849622686411626
2,Pos,OOOOWOOO,126604,53008295,0.002388380912836378
2,Pos,OOOOWOOW,525656,53008295,0.009916485712283332
2,Pos,OOOOWOWO,268159,53008295,0.005058812021778856
2,Pos,OOOOWOWW,70356,53008295,0.001327263968780735
2,Pos,OOOOWWOO,646590,53008295,0.01219790223398055
2,Pos,OOOOWWOW,159681,53008295,0.003012377591092111
2,Pos,OOOOWWWO,254167,53008295,0.0047948533338037
2,Pos,OOOOWWWW,163332,53008295,0.003081253603799179
2,Pos,OOOWOOOO,35966,53008295,0.0006784975823123532
2,Pos,OOOWOOOW,201284,53008295,0.0037972170204682116
2,Pos,OOOWOOWO,85704,53008295,0.0016168035587637746
2,Pos,OOOWOOWW,56395,53008295,0.0010638900949370284
2,Pos,OOOWOWOO,269772,53008295,0.005089241221586169
2,Pos,OOOWOWOW,565607,53008295,0.010670160207944814
2,Pos,OOOWOWWO,17148,53008295,0.0003234965395510269
2,Pos,OOOWOWWW,71991,53008295,0.001358108197971657
2,Pos,OOOWWOOO,164704,53008295,0.0031071363453587784
2,Pos,OOOWWOOW,171823,53008295,0.0032414360809001684
2,Pos,OOOWWOWO,131510,53008295,0.002480932465381126
2,Pos,OOOWWOWW,77938,53008295,0.0014702981863498911
2,Pos,OOOWWWOO,157271,53008295,0.0029669130086149723
2,Pos,OOOWWWOW,190171,53008295,0.003587570586829854
2,Pos,OOOWWWWO,53916,53008295,0.0010171238293931167
2,Pos,OOOWWWWW,136459,53008295,0.002574295211721109
2,Pos,OOWOOOOO,1025364,53008295,0.019343463131572144
2,Pos,OOWOOOOW,117704,53008295,0.002220482662194662
2,Pos,OOWOOOWO,264170,53008295,0.004983559648541799
2,Pos,OOWOOOWW,79843,53008295,0.001506235957976011
2,Pos,OOWOOWOO,55799,53008295,0.001052646571635628
2,Pos,OOWOOWOW,522180,53008295,0.009850911069673151
2,Pos,OOWOOWWO,27376,53008295,0.0005164474729851243
2,Pos,OOWOOWWW,24968,53008295,0.00047102062045195
2,Pos,OOWOWOOO,90708,53008295,0.0017112038785627797
2,Pos,OOWOWOOW,421882,53008295,0.007958792109800928
2,Pos,OOWOWOWO,207896,53008295,0.003921952215214619
2,Pos,OOWOWOWW,132348,53008295,0.002496741311902222
2,Pos,OOWOWWOO,989552,53008295,0.01866787075494505
2,Pos,OOWOWWOW,391558,53008295,0.007386730699412233
2,Pos,OOWOWWWO,153379,53008295,0.0028934905376601905
2,Pos,OOWOWWWW,266654,53008295,0.005030420238945622
2,Pos,OOWWOOOO,358480,53008295,0.006762715156184518
2,Pos,OOWWOOOW,509151,53008295,0.00960511934971687
2,Pos,OOWWOOWO,504364,53008295,0.009514812728838005
2,Pos,OOWWOOWW,258512,53008295,0.004876821637066426
2,Pos,OOWWOWOO,721970,53008295,0.013619943821999934
2,Pos,OOWWOWOW,397099,53008295,0.007491261509165688
2,Pos,OOWWOWWO,93253,53008295,0.0017592152322575174
2,Pos,OOWWOWWW,219756,53008295,0.004145690782923692
2,Pos,OOWWWOOO,454758,53008295,0.008578996928688236
2,Pos,OOWWWOOW,299367,53008295,0.005647550067399828
2,Pos,OOWWWOWO,171311,53008295,0.003231777215245274
2,Pos,OOWWWOWW,258892,53008295,0.004883990326419667
2,Pos,OOWWWWOO,589896,53008295,0.01112837151242084
2,Pos,OOWWWWOW,745935,53008295,0.014072042875553723
2,Pos,OOWWWWWO,112238,53008295,0.0021173667253398735
2,Pos,OOWWWWWW,399582,53008295,0.007538103234597529
2,Pos,OWOOOOOO,250696,53008295,0.0047293730160534305
2,Pos,OWOOOOOW,32638,53008295,0.0006157149555555409
2,Pos,OWOOOOWO,86027,53008295,0.00162289694471403
2,Pos,OWOOOOWW,18152,53008295,0.000342436971421171
2,Pos,OWOOOWOO,54146,53008295,0.0010214627729490263
2,Pos,OWOOOWOW,84766,53008295,0.0015991082150444568
2,Pos,OWOOOWWO,4786,53008295,9.028775590688212e-05
2,Pos,OWOOOWWW,27905,53008295,0.0005264270431637162
2,Pos,OWOOWOOO,95507,53008295,0.0018017368791054306
2,Pos,OWOOWOOW,122309,53008295,0.0023073558581727634
2,Pos,OWOOWOWO,154173,53008295,0.0029084693254140697
2,Pos,OWOOWOWW,99304,53008295,0.0018733671777219018
2,Pos,OWOOWWOO,353466,53008295,0.006668126186665691
2,Pos,OWOOWWOW,184770,53008295,0.003485680873153909
2,Pos,OWOOWWWO,167955,53008295,0.00316846636927296
2,Pos,OWOOWWWW,216709,53008295,0.0040882092132938815
2,Pos,OWOWOOOO,65430,53008295,0.0012343351167963428
2,Pos,OWOWOOOW,137555,53008295,0.002594971221013617
2,Pos,OWOWOOWO,86022,53008295,0.001622802619854119
2,Pos,OWOWOOWW,118577,53008295,0.002236951782735136
2,Pos,OWOWOWOO,172226,53008295,0.003249038664609001
2,Pos,OWOWOWOW,183191,53008295,0.003455893082393991
2,Pos,OWOWOWWO,17889,53008295,0.00033747548378984836
2,Pos,OWOWOWWW,162486,53008295,0.003065293837502225
2,Pos,OWOWWOOO,196130,53008295,0.0036999869548718744
2,Pos,OWOWWOOW,107956,53008295,0.002036586915312028
2,Pos,OWOWWOWO,35326,53008295,0.0006664240002437355
2,Pos,OWOWWOWW,43964,53008295,0.0008293796282261107
2,Pos,OWOWWWOO,205316,53008295,0.0038732805875005033
2,Pos,OWOWWWOW,111766,53008295,0.002108462458564268
2,Pos,OWOWWWWO,77519,53008295,0.001462393763089343
2,Pos,OWOWWWWW,176479,53008295,0.0033292713904493625
2,Pos,OWWOOOOO,518849,53008295,0.009788071848000393
2,Pos,OWWOOOOW,90483,53008295,0.0017069592598667812
2,Pos,OWWOOOWO,97181,53008295,0.0018333168422036588
2,Pos,OWWOOOWW,26997,53008295,0.0005092976486038648
2,Pos,OWWOOWOO,19870,53008295,0.00037484699328661677
2,Pos,OWWOOWOW,152300,53008295,0.0028731352328913804
2,Pos,OWWOOWWO,10178,53008295,0.00019200768483498669
2,Pos,OWWOOWWW,69922,53008295,0.0013190765709404537
2,Pos,OWWOWOOO,114363,53008295,0.002157454790802081
2,Pos,OWWOWOOW,258192,53008295,0.004870784846032116
2,Pos,OWWOWOWO,66886,53008295,0.0012618025160024483
2,Pos,OWWOWOWW,53510,53008295,0.0010094646507683373
2,Pos,OWWOWWOO,725285,53008295,0.013682481204120977
2,Pos,OWWOWWOW,349861,53008295,0.006600117962669805
2,Pos,OWWOWWWO,116987,53008295,0.0022069564772834137
2,Pos,OWWOWWWW,286285,53008295,0.005400758503928489
2,Pos,OWWWOOOO,31588,53008295,0.0005959067349742148
2,Pos,OWWWOOOW,559799,53008295,0.010560592450672108
2,Pos,OWWWOOWO,264340,53008295,0.004986766693778776
2,Pos,OWWWOOWW,72337,53008295,0.0013646354782775036
2,Pos,OWWWOWOO,555317,53008295,0.010476039646247819
2,Pos,OWWWOWOW,326488,53008295,0.006159186972529488
2,Pos,OWWWOWWO,21984,53008295,0.00041472754405701975
2,Pos,OWWWOWWW,91925,53008295,0.0017341625494651355
2,Pos,OWWWWOOO,233150,53008295,0.004398368217653483
2,Pos,OWWWWOOW,351017,53008295,0.006621925870281245
2,Pos,OWWWWOWO,164374,53008295,0.0031009109046046474
2,Pos,OWWWWOWW,67354,53008295,0.001270631322890125
2,Pos,OWWWWWOO,275272,53008295,0.005192998567488352
2,Pos,OWWWWWOW,517963,53008295,0.00977135748282415
2,Pos,OWWWWWWO,206652,53008295,0.003898484190068743
2,Pos,OWWWWWWW,228132,53008295,0.0043037037882467264
2,Pos,WOOOOOOO,648575,53008295,0.012235349203365246
2,Pos,WOOOOOOW,61692,53008295,0.0011638178515268223
2,Pos,WOOOOOWO,67319,53008295,0.0012699710488707475
2,Pos,WOOOOOWW,10342,53008295,0.00019510154024006998
2,Pos,WOOOOWOO,225129,53008295,0.004247052277384134
2,Pos,WOOOOWOW,258797,53008295,0.004882198154081356
2,Pos,WOOOOWWO,6153,53008295,0.00011607617260657034
2,Pos,WOOOOWWW,53436,53008295,0.0010080686428416534
2,Pos,WOOOWOOO,27064,53008295,0.0005105616017266731
2,Pos,WOOOWOOW,336146,53008295,0.0063413848719337225
2,Pos,WOOOWOWO,79383,53008295,0.001497558070864192
2,Pos,WOOOWOWW,53773,53008295,0.00101442613839966
2,Pos,WOOOWWOO,440933,53008295,0.00831818869103411
2,Pos,WOOOWWOW,319783,53008295,0.006032697335388735
2,Pos,WOOOWWWO,52506,53008295,0.0009905242188981932
2,Pos,WOOOWWWW,95721,53008295,0.0018057739831096246
2,Pos,WOOWOOOO,140970,53008295,0.002659395100332882
2,Pos,WOOWOOOW,205099,53008295,0.0038691868885803627
2,Pos,WOOWOOWO,94333,53008295,0.00177958940199831
2,Pos,WOOWOOWW,33915,53008295,0.0006398055247768298
2,Pos,WOOWOWOO,236719,53008295,0.004465697302658008
2,Pos,WOOWOWOW,401248,53008295,0.007569532277919899
2,Pos,WOOWOWWO,23817,53008295,0.0004493070377004203
2,Pos,WOOWOWWW,97218,53008295,0.0018340148461670007
2,Pos,WOOWWOOO,358762,53008295,0.0067680350782835024
2,Pos,WOOWWOOW,226726,53008295,0.004277179637639732
2,Pos,WOOWWOWO,19518,53008295,0.00036820652314887697
2,Pos,WOOWWOWW,27101,53008295,0.0005112596056900151
2,Pos,WOOWWWOO,212437,53008295,0.004007618052985858
2,Pos,WOOWWWOW,202313,53008295,0.003816629076637911
2,Pos,WOOWWWWO,49824,53008295,0.0009399283640418919
2,Pos,WOOWWWWW,176500,53008295,0.0033296675548609893
2,Pos,WOWOOOOO,732975,53008295,0.013827552838664213
2,Pos,WOWOOOOW,38226,53008295,0.0007211324189921596
2,Pos,WOWOOOWO,104002,53008295,0.001961994816094349
2,Pos,WOWOOOWW,22347,53008295,0.00042157552888656387
2,Pos,WOWOOWOO,49507,53008295,0.0009339481679235297
2,Pos,WOWOOWOW,178676,53008295,0.0033707177338942896
2,Pos,WOWOOWWO,1738,53008295,3.278732130509008e-05
2,Pos,WOWOOWWW,32733,53008295,0.0006175071278938513
2,Pos,WOWOWOOO,105066,53008295,0.001982067146283426
2,Pos,WOWOWOOW,365903,53008295,0.006902749843208502
2,Pos,WOWOWOWO,124419,53008295,0.0023471609490552377
2,Pos,WOWOWOWW,53675,53008295,0.0010125773711454028
2,Pos,WOWOWWOO,503492,53008295,0.009498362473269514
2,Pos,WOWOWWOW,310772,53008295,0.005862705072856993
2,Pos,WOWOWWWO,78557,53008295,0.0014819756040068822
2,Pos,WOWOWWWW,167562,53008295,0.0031610524352839496
2,Pos,WOWWOOOO,199075,53008295,0.003755544297359498
2,Pos,WOWWOOOW,593416,53008295,0.011194776213798236
2,Pos,WOWWOOWO,252915,53008295,0.004771234388881967
2,Pos,WOWWOOWW,97205,53008295,0.001833769601531232
2,Pos,WOWWOWOO,434711,53008295,0.008200810835360768
2,Pos,WOWWOWOW,435898,53008295,0.008223203557103657
2,Pos,WOWWOWWO,56249,53008295,0.0010611358090276248
2,Pos,WOWWOWWW,111090,53008295,0.0020957097375042906
2,Pos,WOWWWOOO,264087,53008295,0.004981993855867275
2,Pos,WOWWWOOW,283674,53008295,0.005351502062082925
2,Pos,WOWWWOWO,149220,53008295,0.0028150311191861574
2,Pos,WOWWWOWW,150210,53008295,0.0028337074414485504
2,Pos,WOWWWWOO,749747,53008295,0.014143956148749927
2,Pos,WOWWWWOW,519448,53008295,0.00979937196621774
2,Pos,WOWWWWWO,133200,53008295,0.0025128142680310695
2,Pos,WOWWWWWW,256581,53008295,0.004840393376168767
2,Pos,WWOOOOOO,270716,53008295,0.0051070497551373795
2,Pos,WWOOOOOW,42283,53008295,0.0007976676103240069
2,Pos,WWOOOOWO,27728,53008295,0.0005230879431228641
2,Pos,WWOOOOWW,13540,53008295,0.0002554317206391943
2,Pos,WWOOOWOO,30474,53008295,0.0005748911561860271
2,Pos,WWOOOWOW,260733,53008295,0.004918720739838925
2,Pos,WWOOOWWO,23081,53008295,0.00043542241832150984
2,Pos,WWOOOWWW,10853,53008295,0.00020474154092298195
2,Pos,WWOOWOOO,45509,53008295,0.0008585260099386332
2,Pos,WWOOWOOW,118562,53008295,0.0022366688081554027
2,Pos,WWOOWOWO,86244,53008295,0.0016269906436341707
2,Pos,WWOOWOWW,18962,53008295,0.0003577175987267653
2,Pos,WWOOWWOO,151961,53008295,0.0028667400073894094
2,Pos,WWOOWWOW,301706,53008295,0.00569167523686623
2,Pos,WWOOWWWO,50391,53008295,0.000950624803155808
2,Pos,WWOOWWWW,111261,53008295,0.0020989356477132495
2,Pos,WWOWOOOO,75204,53008295,0.0014187213529505147
2,Pos,WWOWOOOW,229280,53008295,0.004325360776082309
2,Pos,WWOWOOWO,96403,53008295,0.0018186398940014954
2,Pos,WWOWOOWW,22319,53008295,0.0004210473096710619
2,Pos,WWOWOWOO,122356,53008295,0.0023082425118559273
2,Pos,WWOWOWOW,281982,53008295,0.005319582529489017
2,Pos,WWOWOWWO,5524,53008295,0.00010421010522975696
2,Pos,WWOWOWWW,47076,53008295,0.0008880874210347644
2,Pos,WWOWWOOO,144138,53008295,0.00271915933157254
2,Pos,WWOWWOOW,100654,53008295,0.0018988348898978924
2,Pos,WWOWWOWO,74479,53008295,0.0014050442482634086
2,Pos,WWOWWOWW,50961,53008295,0.0009613778371856706
2,Pos,WWOWWWOO,159376,53008295,0.0030066237746375355
2,Pos,WWOWWWOW,208595,53008295,0.003935138830630187
2,Pos,WWOWWWWO,63694,53008295,0.0012015855254352173
2,Pos,WWOWWWWW,185929,53008295,0.0035075453756812968
2,Pos,WWWOOOOO,1237125,53008295,0.023338328463498023
2,Pos,WWWOOOOW,68942,53008295,0.0013005888983978829
2,Pos,WWWOOOWO,43101,53008295,0.0008130991574054589
2,Pos,WWWOOOWW,19538,53008295,0.0003685838225885213
2,Pos,WWWOOWOO,41750,53008295,0.0007876125802574861
2,Pos,WWWOOWOW,275662,53008295,0.0052003559065614165
2,Pos,WWWOOWWO,2842,53008295,5.3614250373455704e-05
2,Pos,WWWOOWWW,25362,53008295,0.00047845341941294285
2,Pos,WWWOWOOO,84494,53008295,0.0015939769426652941
2,Pos,WWWOWOOW,349146,53008295,0.006586629507702521
2,Pos,WWWOWOWO,46515,53008295,0.0008775041717527417
2,Pos,WWWOWOWW,60105,53008295,0.0011338791409910467
2,Pos,WWWOWWOO,410834,53008295,0.0077503718993414145
2,Pos,WWWOWWOW,424612,53008295,0.008010293483312376
2,Pos,WWWOWWWO,30414,53008295,0.0005737592578670942
2,Pos,WWWOWWWW,155144,53008295,0.0029267872132088006
2,Pos,WWWWOOOO,96704,53008295,0.0018243182505681423
2,Pos,WWWWOOOW,284162,53008295,0.005360708168410246
2,Pos,WWWWOOWO,111336,53008295,0.0021003505206119155
2,Pos,WWWWOOWW,40224,53008295,0.0007588246330126257
2,Pos,WWWWOWOO,689320,53008295,0.013004002486780606
2,Pos,WWWWOWOW,271956,53008295,0.005130442320395326
2,Pos,WWWWOWWO,5108,53008295,9.636227688515543e-05
2,Pos,WWWWOWWW,128742,53008295,0.002428714222934354
2,Pos,WWWWWOOO,243763,53008295,0.004598582165300733
2,Pos,WWWWWOOW,496009,53008295,0.009357195887926597
2,Pos,WWWWWOWO,56406,53008295,0.0010640976096288326
2,Pos,WWWWWOWW,117243,53008295,0.0022117859101108608
2,Pos,WWWWWWOO,452742,53008295,0.00854096514517209
2,Pos,WWWWWWOW,466265,53008295,0.008796076161287587
2,Pos,WWWWWWWO,188229,53008295,0.0035509348112403917
2,Pos,WWWWWWWW,2703840,53008295,0.05100786584439285
2,Pre,OOOOOOOO,29721,15388474,0.0019313805904341132
2,Pre,OOOOOOOW,23516,15388474,0.0015281567230123012
2,Pre,OOOOOOWO,44226,15388474,0.0028739691797900167
2,Pre,OOOOOOWW,96678,15388474,0.006282494287607725
2,Pre,OOOOOWOO,4978,15388474,0.0003234888657575793
2,Pre,OOOOOWOW,50798,15388474,0.003301042065639517
2,Pre,OOOOOWWO,62058,15388474,0.004032758543829622
2,Pre,OOOOOWWW,104884,15388474,0.0068157505416066595
2,Pre,OOOOWOOO,11594,15388474,0.0007534210344703445
2,Pre,OOOOWOOW,120188,15388474,0.007810261108411399
2,Pre,OOOOWOWO,80804,15388474,0.005250943010983416
2,Pre,OOOOWOWW,82853,15388474,0.005384094615229555
2,Pre,OOOOWWOO,119799,15388474,0.0077849824485520785
2,Pre,OOOOWWOW,63891,15388474,0.004151873668565187
2,Pre,OOOOWWWO,74804,15388474,0.004861040802356361
2,Pre,OOOOWWWW,50701,15388474,0.0032947386466000463
2,Pre,OOOWOOOO,10157,15388474,0.000660039455504165
2,Pre,OOOWOOOW,67762,15388474,0.004403425576831075
2,Pre,OOOWOOWO,69071,15388474,0.004488489242013211
2,Pre,OOOWOOWW,56375,15388474,0.0036634561685583637
2,Pre,OOOWOWOO,88192,15388474,0.005731042597206195
2,Pre,OOOWOWOW,122390,15388474,0.007953355218977528
2,Pre,OOOWOWWO,67251,15388474,0.004370218905396337
2,Pre,OOOWOWWW,43830,15388474,0.0028482356340206313
2,Pre,OOOWWOOO,56756,15388474,0.003688214958806182
2,Pre,OOOWWOOW,67948,15388474,0.004415512545298514
2,Pre,OOOWWOWO,64051,15388474,0.004162271060795242
2,Pre,OOOWWOWW,83255,15388474,0.005410218063207567
2,Pre,OOOWWWOO,67138,15388474,0.004362875747133861
2,Pre,OOOWWWOW,84081,15388474,0.005463894600595225
2,Pre,OOOWWWWO,37664,15388474,0.002447546130954895
2,Pre,OOOWWWWW,47411,15388474,0.003080942268869545
2,Pre,OOWOOOOO,51349,15388474,0.0033368480851317683
2,Pre,OOWOOOOW,22368,15388474,0.0014535554337616581
2,Pre,OOWOOOWO,88957,15388474,0.005780755128806144
2,Pre,OOWOOOWW,89691,15388474,0.00582845316566152
2,Pre,OOWOOWOO,8583,15388474,0.0005577551094410011
2,Pre,OOWOOWOW,77869,15388474,0.005060215847263348
2,Pre,OOWOOWWO,73332,15388474,0.004765384793839857
2,Pre,OOWOOWWW,55251,15388474,0.003590414488142229
2,Pre,OOWOWOOO,15231,15388474,0.0009897667565997772
2,Pre,OOWOWOOW,57154,15388474,0.003714078471978443
2,Pre,OOWOWOWO,72679,15388474,0.004722950436800946
2,Pre,OOWOWOWW,87474,15388474,0.005684384299573824
2,Pre,OOWOWWOO,93614,15388474,0.006083384226402176
2,Pre,OOWOWWOW,63010,15388474,0.004094623027598448
2,Pre,OOWOWWWO,63956,15388474,0.004156097609158647
2,Pre,OOWOWWWW,77389,15388474,0.0050290236705731834
2,Pre,OOWWOOOO,30266,15388474,0.001966796707717737
2,Pre,OOWWOOOW,47548,15388474,0.003089845035966529
2,Pre,OOWWOOWO,108087,15388474,0.007023893337312069
2,Pre,OOWWOOWW,84416,15388474,0.005485664140576902
2,Pre,OOWWOWOO,62080,15388474,0.0040341881852612544
2,Pre,OOWWOWOW,48542,15388474,0.0031544388351957445
2,Pre,OOWWOWWO,75842,15388474,0.004928493884448841
2,Pre,OOWWOWWW,70855,15388474,0.004604420165378322
2,Pre,OOWWWOOO,67961,15388474,0.004416357333417205
2,Pre,OOWWWOOW,60718,15388474,0.003945680383902913
2,Pre,OOWWWOWO,46443,15388474,0.0030180380458777133
2,Pre,OOWWWOWW,91389,15388474,0.005938795490702977
2,Pre,OOWWWWOO,78120,15388474,0.005076526756324246
2,Pre,OOWWWWOW,91873,15388474,0.005970247602198893
2,Pre,OOWWWWWO,42954,15388474,0.0027913099115610815
2,Pre,OOWWWWWW,64628,15388474,0.004199766656524877
2,Pre,OWOOOOOO,30254,15388474,0.001966016903300483
2,Pre,OWOOOOOW,8627,15388474,0.0005606143923042662
2,Pre,OWOOOOWO,78035,15388474,0.00507100314170203
2,Pre,OWOOOOWW,54874,15388474,0.0035659156327001625
2,Pre,OWOOOWOO,21795,15388474,0.0014163197728377745
2,Pre,OWOOOWOW,31724,15388474,0.0020615429444141116
2,Pre,OWOOOWWO,70554,15388474,0.004584860071245531
2,Pre,OWOOOWWW,47144,15388474,0.003063591620585641
2,Pre,OWOOWOOO,18677,15388474,0.001213700591754582
2,Pre,OWOOWOOW,35808,15388474,0.0023269363810862597
2,Pre,OWOOWOWO,59696,15388474,0.0038792670410334384
2,Pre,OWOOWOWW,95853,15388474,0.006228882733921505
2,Pre,OWOOWWOO,72868,15388474,0.0047352323563726985
2,Pre,OWOOWWOW,34011,15388474,0.002210160669602457
2,Pre,OWOOWWWO,96853,15388474,0.006293866435359348
2,Pre,OWOOWWWW,48841,15388474,0.0031738689619256596
2,Pre,OWOWOOOO,18652,15388474,0.001212075999218636
2,Pre,OWOWOOOW,43162,15388474,0.0028048265214601527
2,Pre,OWOWOOWO,79223,15388474,0.005148203779010187
2,Pre,OWOWOOWW,83509,15388474,0.005426723923372779
2,Pre,OWOWOWOO,61716,15388474,0.00401053411793788
2,Pre,OWOWOWOW,41531,15388474,0.0026988381044150316
2,Pre,OWOWOWWO,44400,15388474,0.0028852763438402015
2,Pre,OWOWOWWW,69547,15388474,0.004519421483897623
2,Pre,OWOWWOOO,70140,15388474,0.004557956818850264
2,Pre,OWOWWOOW,34723,15388474,0.002256429065026201
2,Pre,OWOWWOWO,42346,15388474,0.002751799821086873
2,Pre,OWOWWOWW,41414,15388474,0.0026912350113468043
2,Pre,OWOWWWOO,76817,15388474,0.004991852993350737
2,Pre,OWOWWWOW,52997,15388474,0.0034439412251013324
2,Pre,OWOWWWWO,62393,15388474,0.004054528083811299
2,Pre,OWOWWWWW,54567,15388474,0.0035459656363587447
2,Pre,OWWOOOOO,53152,15388474,0.003454013698824198
2,Pre,OWWOOOOW,13931,15388474,0.0009052879447305821
2,Pre,OWWOOOWO,72997,15388474,0.00474361525385818
2,Pre,OWWOOOWW,70396,15388474,0.004574592646418352
2,Pre,OWWOOWOO,5893,15388474,0.00038294895257320514
2,Pre,OWWOOWOW,30762,15388474,0.0019990286236309072
2,Pre,OWWOOWWO,55195,15388474,0.00358677540086171
2,Pre,OWWOOWWW,82162,15388474,0.005339190877536005
2,Pre,OWWOWOOO,20775,15388474,0.0013500363973711752
2,Pre,OWWOWOOW,51322,15388474,0.0033350935251929463
2,Pre,OWWOWOWO,52610,15388474,0.0034187925326448873
2,Pre,OWWOWOWW,58622,15388474,0.003809474545689196
2,Pre,OWWOWWOO,98794,15388474,0.0064199997998502
2,Pre,OWWOWWOW,37471,15388474,0.002435004276577392
2,Pre,OWWOWWWO,75602,15388474,0.00491289779610376
2,Pre,OWWOWWWW,81735,15388474,0.005311442837022047
2,Pre,OWWWOOOO,2095,15388474,0.00013614085451227976
2,Pre,OWWWOOOW,66807,15388474,0.004341366141957935
2,Pre,OWWWOOWO,80650,15388474,0.0052409355209619875
2,Pre,OWWWOOWW,46007,15388474,0.0029897051520508143
2,Pre,OWWWOWOO,85582,15388474,0.005561435136453426
2,Pre,OWWWOWOW,48158,15388474,0.003129485093843613
2,Pre,OWWWOWWO,43861,15388474,0.0028502501287652046
2,Pre,OWWWOWWW,30833,15388474,0.002003642466432994
2,Pre,OWWWWOOO,35437,15388474,0.0023028274278528204
2,Pre,OWWWWOOW,60210,15388474,0.00391266866357249
2,Pre,OWWWWOWO,78026,15388474,0.005070418288389089
2,Pre,OWWWWOWW,56602,15388474,0.0036782074687847542
2,Pre,OWWWWWOO,55061,15388474,0.003578067584869039
2,Pre,OWWWWWOW,80584,15388474,0.00523664659666709
2,Pre,OWWWWWWO,82999,15388474,0.005393582235639479
2,Pre,OWWWWWWW,38913,15388474,0.0025287107740507605
2,Pre,WOOOOOOO,52357,15388474,0.0034023516561811134
2,Pre,WOOOOOOW,16317,15388474,0.001060339056361274
2,Pre,WOOOOOWO,82240,15388474,0.005344259606248157
2,Pre,WOOOOOWW,86441,15388474,0.005617256135988533
2,Pre,WOOOOWOO,42878,15388474,0.0027863711502518055
2,Pre,WOOOOWOW,67302,15388474,0.0043735330741696676
2,Pre,WOOOOWWO,55562,15388474,0.003610624419289398
2,Pre,WOOOOWWW,84814,15388474,0.005511527653749163
2,Pre,WOOOWOOO,3337,15388474,0.00021685061169808
2,Pre,WOOOWOOW,79888,15388474,0.005191417940466352
2,Pre,WOOOWOWO,60365,15388474,0.003922741137295355
2,Pre,WOOOWOWW,95164,15388474,0.006184108963630832
2,Pre,WOOOWWOO,103032,15388474,0.0066954007265437755
2,Pre,WOOOWWOW,77714,15388474,0.005050143373540482
2,Pre,WOOOWWWO,100845,15388474,0.006553281371499214
2,Pre,WOOOWWWW,64608,15388474,0.004198466982496121
2,Pre,WOOWOOOO,25847,15388474,0.001679633731063912
2,Pre,WOOWOOOW,57515,15388474,0.003737537588197504
2,Pre,WOOWOOWO,86955,15388474,0.0056506577585275835
2,Pre,WOOWOOWW,68500,15388474,0.004451383548492203
2,Pre,WOOWOWOO,65482,15388474,0.004255262737552794
2,Pre,WOOWOWOW,93350,15388474,0.006066228529222586
2,Pre,WOOWOWWO,88361,15388474,0.00574202484274919
2,Pre,WOOWOWWW,79224,15388474,0.005148268762711624
2,Pre,WOOWWOOO,96192,15388474,0.006250912208708934
2,Pre,WOOWWOOW,72748,15388474,0.004727434312200157
2,Pre,WOOWWOWO,33819,15388474,0.0021976837989263914
2,Pre,WOOWWOWW,34163,15388474,0.002220038192221009
2,Pre,WOOWWWOO,90664,15388474,0.0058916823071605414
2,Pre,WOOWWWOW,65485,15388474,0.004255457688657108
2,Pre,WOOWWWWO,47762,15388474,0.0031037515480742276
2,Pre,WOOWWWWW,53228,15388474,0.003458952460133474
2,Pre,WOWOOOOO,37051,15388474,0.002407711121973498
2,Pre,WOWOOOOW,6291,15388474,0.0004088124657454664
2,Pre,WOWOOOWO,82122,15388474,0.005336591529478491
2,Pre,WOWOOOWW,65345,15388474,0.00424635997045581
2,Pre,WOWOOWOO,2906,15388474,0.00018884263637836994
2,Pre,WOWOOWOW,34202,15388474,0.002222572556577085
2,Pre,WOWOOWWO,39882,15388474,0.0025916799807440298
2,Pre,WOWOOWWW,56137,15388474,0.0036479900476161574
2,Pre,WOWOWOOO,10649,15388474,0.0006920114366115834
2,Pre,WOWOWOOW,45677,15388474,0.0029682605305763263
2,Pre,WOWOWOWO,98484,15388474,0.006399854852404468
2,Pre,WOWOWOWW,71458,15388474,0.00464360533734534
2,Pre,WOWOWWOO,72217,15388474,0.0046929279667366625
2,Pre,WOWOWWOW,40061,15388474,0.002603312063301403
2,Pre,WOWOWWWO,93712,15388474,0.006089752629143084
2,Pre,WOWOWWWW,80728,15388474,0.005246004249674139
2,Pre,WOWWOOOO,12823,15388474,0.0008332860035374528
2,Pre,WOWWOOOW,64130,15388474,0.004167404773208832
2,Pre,WOWWOOWO,74844,15388474,0.004863640150413875
2,Pre,WOWWOOWW,37027,15388474,0.0024061515131389897
2,Pre,WOWWOWOO,41222,15388474,0.0026787581406707383
2,Pre,WOWWOWOW,52185,15388474,0.0033911744595338045
2,Pre,WOWWOWWO,71604,15388474,0.004653092957755265
2,Pre,WOWWOWWW,63036,15388474,0.0040963126038358316
2,Pre,WOWWWOOO,41987,15388474,0.0027284706722706877
2,Pre,WOWWWOOW,29752,15388474,0.0019333950851786862
2,Pre,WOWWWOWO,43892,15388474,0.0028522646235097774
2,Pre,WOWWWOWW,56451,15388474,0.00366839492986764
2,Pre,WOWWWWOO,100012,15388474,0.006499149948201491
2,Pre,WOWWWWOW,69240,15388474,0.004499471487556206
2,Pre,WOWWWWWO,50877,15388474,0.0033061757780531065
2,Pre,WOWWWWWW,47770,15388474,0.00310427141768573
2,Pre,WWOOOOOO,25883,15388474,0.0016819731443156742
2,Pre,WWOOOOOW,7694,15388474,0.0004999845988627593
2,Pre,WWOOOOWO,72661,15388474,0.004721780730175065
2,Pre,WWOOOOWW,84713,15388474,0.005504964299903941
2,Pre,WWOOOWOO,9253,15388474,0.0006012941894043555
2,Pre,WWOOOWOW,64714,15388474,0.004205355254848531
2,Pre,WWOOOWWO,46074,15388474,0.0029940590600471494
2,Pre,WWOOOWWW,47353,15388474,0.00307717321418615
2,Pre,WWOOWOOO,2845,15388474,0.00018487863059066156
2,Pre,WWOOWOOW,40218,15388474,0.0026135145044271445
2,Pre,WWOOWOWO,73357,15388474,0.004767009386375803
2,Pre,WWOOWOWW,78217,15388474,0.0050828301753637175
2,Pre,WWOOWWOO,38496,15388474,0.00250161257055118
2,Pre,WWOOWWOW,61137,15388474,0.003972908554805369
2,Pre,WWOOWWWO,74475,15388474,0.004839661164583311
2,Pre,WWOOWWWW,42949,15388474,0.002790984993053892
2,Pre,WWOWOOOO,14161,15388474,0.0009202341960612858
2,Pre,WWOWOOOW,41724,15388474,0.0027113799587925353
2,Pre,WWOWOOWO,69364,15388474,0.004507529466534498
2,Pre,WWOWOOWW,59979,15388474,0.003897657428540348
2,Pre,WWOWOWOO,46008,15388474,0.002989770135752252
2,Pre,WWOWOWOW,70111,15388474,0.004556072291508567
2,Pre,WWOWOWWO,41177,15388474,0.0026758338741060357
2,Pre,WWOWOWWW,59528,15388474,0.003868349779191881
2,Pre,WWOWWOOO,82249,15388474,0.005344844459561097
2,Pre,WWOWWOOW,52858,15388474,0.003434908490601472
2,Pre,WWOWWOWO,64103,15388474,0.00416565021327001
2,Pre,WWOWWOWW,61142,15388474,0.003973233473312558
2,Pre,WWOWWWOO,52115,15388474,0.0033866256004331553
2,Pre,WWOWWWOW,80583,15388474,0.005236581612965652
2,Pre,WWOWWWWO,81484,15388474,0.005295131927961148
2,Pre,WWOWWWWW,38388,15388474,0.002494594330795893
2,Pre,WWWOOOOO,97050,15388474,0.006306668224542602
2,Pre,WWWOOOOW,19788,15388474,0.0012858974840520248
2,Pre,WWWOOOWO,45335,15388474,0.002946036104684584
2,Pre,WWWOOOWW,74558,15388474,0.004845054811802652
2,Pre,WWWOOWOO,9757,15388474,0.0006340459749290281
2,Pre,WWWOOWOW,48470,15388474,0.00314976000869222
2,Pre,WWWOOWWO,36221,15388474,0.0023537746497800886
2,Pre,WWWOOWWW,82312,15388474,0.005348938432751682
2,Pre,WWWOWOOO,12596,15388474,0.0008185347033110626
2,Pre,WWWOWOOW,68440,15388474,0.0044474845264059325
2,Pre,WWWOWOWO,63518,15388474,0.004127634747928872
2,Pre,WWWOWOWW,74151,15388474,0.00481860644531745
2,Pre,WWWOWWOO,56544,15388474,0.003674438414101359
2,Pre,WWWOWWOW,43734,15388474,0.0028419971986825983
2,Pre,WWWOWWWO,92394,15388474,0.006004104110648009
2,Pre,WWWOWWWW,69214,15388474,0.004497781911318822
2,Pre,WWWWOOOO,9741,15388474,0.0006330062357060226
2,Pre,WWWWOOOW,50528,15388474,0.0032834964662512996
2,Pre,WWWWOOWO,50244,15388474,0.0032650410950429525
2,Pre,WWWWOOWW,74676,15388474,0.004852722888572318
2,Pre,WWWWOWOO,80493,15388474,0.0052307330798362466
2,Pre,WWWWOWOW,49481,15388474,0.0032154585308458786
2,Pre,WWWWOWWO,28834,15388474,0.001873740047258747
2,Pre,WWWWOWWW,60293,15388474,0.003918062310791831
2,Pre,WWWWWOOO,41631,15388474,0.002705336474558816
2,Pre,WWWWWOOW,74731,15388474,0.004856296992151399
2,Pre,WWWWWOWO,49563,15388474,0.0032207871943637817
2,Pre,WWWWWOWW,71660,15388474,0.004656732045035784
2,Pre,WWWWWWOO,70290,15388474,0.00456770437406594
2,Pre,WWWWWWOW,67523,15388474,0.0043878944721874305
2,Pre,WWWWWWWO,91206,15388474,0.0059269034733398515
2,Pre,WWWWWWWW,552103,15388474,0.03587769651493709
3,Neg,OOOOOOOO,9078,3668159,0.0024748109337681384
3,Neg,OOOOOOOW,14125,3668159,0.003850705490138241
3,Neg,OOOOOOWO,3074,3668159,0.0008380225611812356
3,Neg,OOOOOOWW,19933,3668159,0.005434061064419508
3,Neg,OOOOOWOO,1233,3668159,0.0003361359199533063
3,Neg,OOOOOWOW,7223,3668159,0.0019691076640898065
3,Neg,OOOOOWWO,23166,3668159,0.0063154296201446015
3,Neg,OOOOOWWW,27219,3668159,0.0074203435565361265
3,Neg,OOOOWOOO,2380,3668159,0.0006488268365684258
3,Neg,OOOOWOOW,16790,3668159,0.004577227977304146
3,Neg,OOOOWOWO,30871,3668159,0.008415938349455409
3,Neg,OOOOWOWW,12003,3668159,0.0032722136635843758
3,Neg,OOOOWWOO,35321,3668159,0.009629080964047633
3,Neg,OOOOWWOW,7393,3668159,0.0020154524381304083
3,Neg,OOOOWWWO,13107,3668159,0.0035731820785304016
3,Neg,OOOOWWWW,11864,3668159,0.0032343199953982367
3,Neg,OOOWOOOO,4873,3668159,0.0013284593170579575
3,Neg,OOOWOOOW,11701,3668159,0.003189883535582836
3,Neg,OOOWOOWO,9717,3668159,0.0026490127608972238
3,Neg,OOOWOOWW,7360,3668159,0.002006456099640174
3,Neg,OOOWOWOO,6499,3668159,0.0017717334499404197
3,Neg,OOOWOWOW,21788,3668159,0.005939764334097841
3,Neg,OOOWOWWO,8921,3668159,0.002432010171860053
3,Neg,OOOWOWWW,1481,3668159,0.00040374476678900777
3,Neg,OOOWWOOO,8100,3668159,0.002208192174875735
3,Neg,OOOWWOOW,12778,3668159,0.003483491309945943
3,Neg,OOOWWOWO,7907,3668159,0.0021555772255237573
3,Neg,OOOWWOWW,5347,3668159,0.0014576794517358709
3,Neg,OOOWWWOO,21687,3668159,0.005912230085991365
3,Neg,OOOWWWOW,12661,3668159,0.0034515952007532933
3,Neg,OOOWWWWO,11042,3668159,0.0030102293820960324
3,Neg,OOOWWWWW,8627,3668159,0.0023518609744016005
3,Neg,OOWOOOOO,45272,3668159,0.012341885943330156
3,Neg,OOWOOOOW,2584,3668159,0.000704440565417148
3,Neg,OOWOOOWO,23035,3668159,0.0062797168825015496
3,Neg,OOWOOOWW,6602,3668159,0.0017998129306826666
3,Neg,OOWOOWOO,7554,3668159,0.002059343665310037
3,Neg,OOWOOWOW,16150,3668159,0.004402753533857174
3,Neg,OOWOOWWO,22278,3668159,0.006073346329861928
3,Neg,OOWOOWWW,22658,3668159,0.006176940530658567
3,Neg,OOWOWOOO,4355,3668159,0.0011872440643930647
3,Neg,OOWOWOOW,7188,3668159,0.0019595660929638
3,Neg,OOWOWOWO,19328,3668159,0.005269128192098543
3,Neg,OOWOWOWW,16450,3668159,0.0044845384292229425
3,Neg,OOWOWWOO,56633,3668159,0.015439079930831788
3,Neg,OOWOWWOW,9237,3668159,0.002518156928311995
3,Neg,OOWOWWWO,16269,3668159,0.004435194875685596
3,Neg,OOWOWWWW,10808,3668159,0.0029464371637107334
3,Neg,OOWWOOOO,13333,3668159,0.0036347933663726135
3,Neg,OOWWOOOW,13303,3668159,0.0036266148768360367
3,Neg,OOWWOOWO,34384,3668159,0.00937363947418855
3,Neg,OOWWOOWW,8521,3668159,0.002322963644705696
3,Neg,OOWWOWOO,7395,3668159,0.00201599767076618
3,Neg,OOWWOWOW,9769,3668159,0.0026631888094272903
3,Neg,OOWWOWWO,27096,3668159,0.007386811749436162
3,Neg,OOWWOWWW,16086,3668159,0.0043853060895124776
3,Neg,OOWWWOOO,18769,3668159,0.005116735670400329
3,Neg,OOWWWOOW,2933,3668159,0.0007995836603593247
3,Neg,OOWWWOWO,12951,3668159,0.0035306539329402024
3,Neg,OOWWWOWW,21676,3668159,0.0059092313064946205
3,Neg,OOWWWWOO,26740,3668159,0.007289760340268783
3,Neg,OOWWWWOW,24661,3668159,0.006722991015384011
3,Neg,OOWWWWWO,15867,3668159,0.004325603115895467
3,Neg,OOWWWWWW,7126,3668159,0.0019426638812548747
3,Neg,OWOOOOOO,19901,3668159,0.00542533734224716
3,Neg,OWOOOOOW,253,3668159,6.897192842513097e-05
3,Neg,OWOOOOWO,24284,3668159,0.0066202146635410295
3,Neg,OWOOOOWW,25285,3668159,0.006893103597744809
3,Neg,OWOOOWOO,4412,3668159,0.0012027831945125606
3,Neg,OWOOOWOW,9041,3668159,0.00246472413000636
3,Neg,OWOOOWWO,20299,3668159,0.005533838636765745
3,Neg,OWOOOWWW,12897,3668159,0.0035159326517743643
3,Neg,OWOOWOOO,2249,3668159,0.0006131140989253738
3,Neg,OWOOWOOW,8254,3668159,0.002250175087830162
3,Neg,OWOOWOWO,9152,3668159,0.002494984541291694
3,Neg,OWOOWOWW,28839,3668159,0.007861981991511273
3,Neg,OWOOWWOO,5428,3668159,0.0014797613734846282
3,Neg,OWOOWWOW,10896,3668159,0.002970427399684692
3,Neg,OWOOWWWO,27262,3668159,0.0074320660582052195
3,Neg,OWOOWWWW,4030,3668159,0.0010986437610801495
3,Neg,OWOWOOOO,4416,3668159,0.0012038736597841041
3,Neg,OWOWOOOW,30751,3668159,0.008383224391309101
3,Neg,OWOWOOWO,40265,3668159,0.010976896039675488
3,Neg,OWOWOOWW,28174,3668159,0.007680692140117154
3,Neg,OWOWOWOO,25083,3668159,0.0068380351015318586
3,Neg,OWOWOWOW,8539,3668159,0.0023278707384276416
3,Neg,OWOWOWWO,8514,3668159,0.0023210553304804944
3,Neg,OWOWOWWW,5979,3668159,0.0016299729646397552
3,Neg,OWOWWOOO,8589,3668159,0.0023415015543219366
3,Neg,OWOWWOOW,6246,3668159,0.0017027615215152888
3,Neg,OWOWWOWO,4869,3668159,0.0013273688517864137
3,Neg,OWOWWOWW,5682,3668159,0.001549005918227645
3,Neg,OWOWWWOO,28799,3668159,0.007851077338795837
3,Neg,OWOWWWOW,13189,3668159,0.003595536616597045
3,Neg,OWOWWWWO,6552,3668159,0.001786182114788372
3,Neg,OWOWWWWW,18749,3668159,0.005111283344042611
3,Neg,OWWOOOOO,10495,3668159,0.0028611082562124486
3,Neg,OWWOOOOW,10040,3668159,0.0027370678315743672
3,Neg,OWWOOOWO,7053,3668159,0.0019227628900492044
3,Neg,OWWOOOWW,15854,3668159,0.00432205910376295
3,Neg,OWWOOWOO,175,3668159,4.770785563003131e-05
3,Neg,OWWOOWOW,5929,3668159,0.0016163421487454606
3,Neg,OWWOOWWO,5004,3668159,0.0013641720547010094
3,Neg,OWWOOWWW,24005,3668159,0.006544154710850865
3,Neg,OWWOWOOO,5915,3668159,0.0016125255202950582
3,Neg,OWWOWOOW,10887,3668159,0.002967973852823719
3,Neg,OWWOWOWO,12282,3668159,0.0033482736162745398
3,Neg,OWWOWOWW,9342,3668159,0.002546781641690014
3,Neg,OWWOWWOO,16518,3668159,0.004503076338839183
3,Neg,OWWOWWOW,1712,3668159,0.0004667191362206491
3,Neg,OWWOWWWO,36343,3668159,0.009907694840927015
3,Neg,OWWOWWWW,6338,3668159,0.001727842222760791
3,Neg,OWWWOOOO,1591,3668159,0.000433732561756456
3,Neg,OWWWOOOW,11834,3668159,0.00322614150586166
3,Neg,OWWWOOWO,5971,3668159,0.001627792034096668
3,Neg,OWWWOOWW,9639,3668159,0.0026277486881021244
3,Neg,OWWWOWOO,18009,3668159,0.00490954726880705
3,Neg,OWWWOWOW,6392,3668159,0.001742563503926629
3,Neg,OWWWOWWO,1581,3668159,0.0004310063985775971
3,Neg,OWWWOWWW,17224,3668159,0.004695543459266624
3,Neg,OWWWWOOO,2449,3668159,0.0006676373625025524
3,Neg,OWWWWOOW,13738,3668159,0.0037452029751164004
3,Neg,OWWWWOWO,12716,3668159,0.0034665890982370174
3,Neg,OWWWWOWW,8600,3668159,0.0023445003338186813
3,Neg,OWWWWWOO,12310,3668159,0.003355906873175345
3,Neg,OWWWWWOW,20139,3668159,0.0054902200259040026
3,Neg,OWWWWWWO,12743,3668159,0.0034739497388199367
3,Neg,OWWWWWWW,6766,3668159,0.001844522006815953
3,Neg,WOOOOOOO,22586,3668159,0.006157312155770783
3,Neg,WOOOOOOW,6725,3668159,0.0018333447377826316
3,Neg,WOOOOOWO,40945,3668159,0.011162275135837896
3,Neg,WOOOOOWW,14408,3668159,0.003927855908099949
3,Neg,WOOOOWOO,10010,3668159,0.0027288893420377904
3,Neg,WOOOOWOW,16604,3668159,0.00452652134217737
3,Neg,WOOOOWWO,18971,3668159,0.005171804166613279
3,Neg,WOOOOWWW,23247,3668159,0.006337511541893359
3,Neg,WOOOWOOO,201,3668159,5.4795879895064524e-05
3,Neg,WOOOWOOW,18836,3668159,0.005135000963698684
3,Neg,WOOOWOWO,31556,3668159,0.008602680527207245
3,Neg,WOOOWOWW,20691,3668159,0.0056407042333770155
3,Neg,WOOOWWOO,49248,3668159,0.013425808423244466
3,Neg,WOOOWWOW,26541,3668159,0.00723550969300949
3,Neg,WOOOWWWO,24702,3668159,0.006734168284417333
3,Neg,WOOOWWWW,18757,3668159,0.005113464274585698
3,Neg,WOOWOOOO,8016,3668159,0.0021852924041733195
3,Neg,WOOWOOOW,6092,3668159,0.0016607786085608611
3,Neg,WOOWOOWO,17032,3668159,0.004643201126232533
3,Neg,WOOWOOWW,11434,3668159,0.0031170949787073026
3,Neg,WOOWOWOO,7168,3668159,0.0019541137666060824
3,Neg,WOOWOWOW,19908,3668159,0.0054272456564723615
3,Neg,WOOWOWWO,33148,3668159,0.009036685705281588
3,Neg,WOOWOWWW,5745,3668159,0.0015661807462544561
3,Neg,WOOWWOOO,20599,3668159,0.0056156235321315135
3,Neg,WOOWWOOW,24303,3668159,0.006625394373580861
3,Neg,WOOWWOWO,333,3668159,9.078123385600243e-05
3,Neg,WOOWWOWW,7197,3668159,0.001962019639824773
3,Neg,WOOWWWOO,53483,3668159,0.014580338529491225
3,Neg,WOOWWWOW,29107,3668159,0.007935043164704692
3,Neg,WOOWWWWO,16939,3668159,0.004617847808669144
3,Neg,WOOWWWWW,4965,3668159,0.0013535400183034595
3,Neg,WOWOOOOO,19509,3668159,0.00531847174563589
3,Neg,WOWOOOOW,538,3668159,0.00014666757902261052
3,Neg,WOWOOOWO,12848,3668159,0.0035025744521979553
3,Neg,WOWOOOWW,10246,3668159,0.0027932267930588614
3,Neg,WOWOOWOO,171,3668159,4.661739035848773e-05
3,Neg,WOWOOWOW,7489,3668159,0.002041623604647454
3,Neg,WOWOOWWO,4188,3668159,0.0011417171393061207
3,Neg,WOWOOWWW,3819,3668159,0.001041121718006226
3,Neg,WOWOWOOO,8422,3668159,0.0022959746292349923
3,Neg,WOWOWOOW,12222,3668159,0.003331916637201386
3,Neg,WOWOWOWO,38030,3668159,0.010367598569200517
3,Neg,WOWOWOWW,10058,3668159,0.0027419749252963134
3,Neg,WOWOWWOO,13552,3668159,0.0036944963399896244
3,Neg,WOWOWWOW,3101,3668159,0.0008453832017641548
3,Neg,WOWOWWWO,29279,3668159,0.007981933171381066
3,Neg,WOWOWWWW,6689,3668159,0.0018235305503387395
3,Neg,WOWWOOOO,411,3668159,0.0001120453066511021
3,Neg,WOWWOOOW,16728,3668159,0.0045603257655952205
3,Neg,WOWWOOWO,27320,3668159,0.007447877804642601
3,Neg,WOWWOOWW,12507,3668159,0.0034096122877988657
3,Neg,WOWWOWOO,14853,3668159,0.004049170169559171
3,Neg,WOWWOWOW,2917,3668159,0.0007952217992731504
3,Neg,WOWWOWWO,15455,3668159,0.004213285192926479
3,Neg,WOWWOWWW,33545,3668159,0.009144914383482286
3,Neg,WOWWWOOO,1529,3668159,0.00041683035004753065
3,Neg,WOWWWOOW,6308,3668159,0.0017196637332242142
3,Neg,WOWWWOWO,5804,3668159,0.001582265109009724
3,Neg,WOWWWOWW,8447,3668159,0.0023027900371821396
3,Neg,WOWWWWOO,39799,3668159,0.010849856835540662
3,Neg,WOWWWWOW,33019,3668159,0.009001518200274306
3,Neg,WOWWWWWO,18845,3668159,0.005137454510559657
3,Neg,WOWWWWWW,7538,3668159,0.002054981804223863
3,Neg,WWOOOOOO,10495,3668159,0.0028611082562124486
3,Neg,WWOOOOOW,212,3668159,5.779465939180935e-05
3,Neg,WWOOOOWO,14355,3668159,0.0039134072432519965
3,Neg,WWOOOOWW,20554,3668159,0.0056033557978266485
3,Neg,WWOOOWOO,16723,3668159,0.004558962684005792
3,Neg,WWOOOWOW,13394,3668159,0.003651422961763653
3,Neg,WWOOOWWO,8964,3668159,0.002443732673529146
3,Neg,WWOOOWWW,12651,3668159,0.0034488690375744347
3,Neg,WWOOWOOO,174,3668159,4.743523931214541e-05
3,Neg,WWOOWOOW,13749,3668159,0.003748201754613145
3,Neg,WWOOWOWO,28288,3668159,0.0077117704003561455
3,Neg,WWOOWOWW,18424,3668159,0.005022683040729696
3,Neg,WWOOWWOO,2790,3668159,0.0007605995269016419
3,Neg,WWOOWWOW,26084,3668159,0.007110924035735638
3,Neg,WWOOWWWO,19410,3668159,0.005291482730165186
3,Neg,WWOOWWWW,12810,3668159,0.0034922150321182914
3,Neg,WWOWOOOO,4422,3668159,0.0012055093576914197
3,Neg,WWOWOOOW,4239,3668159,0.0011556205715183012
3,Neg,WWOWOOWO,11659,3668159,0.0031784336502316286
3,Neg,WWOWOOWW,14159,3668159,0.0038599744449463614
3,Neg,WWOWOWOO,4429,3668159,0.0012074176719166208
3,Neg,WWOWOWOW,26951,3668159,0.007347282383342707
3,Neg,WWOWOWWO,8585,3668159,0.002340411089050393
3,Neg,WWOWOWWW,4603,3668159,0.0012548529112287661
3,Neg,WWOWWOOO,12562,3668159,0.00342460618528259
3,Neg,WWOWWOOW,2018,3668159,0.0005501397294937324
3,Neg,WWOWWOWO,9099,3668159,0.002480535876443742
3,Neg,WWOWWOWW,16033,3668159,0.0043708574246645255
3,Neg,WWOWWWOO,8499,3668159,0.002316966085712206
3,Neg,WWOWWWOW,19755,3668159,0.0053855353598358194
3,Neg,WWOWWWWO,9376,3668159,0.0025560505964981346
3,Neg,WWOWWWWW,18955,3668159,0.005167442305527105
3,Neg,WWWOOOOO,38709,3668159,0.010552705049045038
3,Neg,WWWOOOOW,2698,3668159,0.0007355188256561398
3,Neg,WWWOOOWO,4770,3668159,0.0013003798363157104
3,Neg,WWWOOOWW,37888,3668159,0.01032888705206072
3,Neg,WWWOOWOO,3561,3668159,0.0009707867079916656
3,Neg,WWWOOWOW,8936,3668159,0.0024360994166283414
3,Neg,WWWOOWWO,14230,3668159,0.0038793302035162597
3,Neg,WWWOOWWW,14660,3668159,0.003996555220207194
3,Neg,WWWOWOOO,1744,3668159,0.0004754428583929977
3,Neg,WWWOWOOW,15453,3668159,0.004212739960290707
3,Neg,WWWOWOWO,9786,3668159,0.0026678232868313505
3,Neg,WWWOWOWW,5820,3668159,0.0015866269700958982
3,Neg,WWWOWWOO,3969,3668159,0.00108201416568911
3,Neg,WWWOWWOW,14282,3668159,0.0038935062520463262
3,Neg,WWWOWWWO,19164,3668159,0.005224419115965257
3,Neg,WWWOWWWW,5747,3668159,0.0015667259788902281
3,Neg,WWWWOOOO,1800,3668159,0.0004907093721946077
3,Neg,WWWWOOOW,19167,3668159,0.005225236964918914
3,Neg,WWWWOOWO,13418,3668159,0.0036579657533929145
3,Neg,WWWWOOWW,5195,3668159,0.001416241771417215
3,Neg,WWWWOWOO,15220,3668159,0.004149220358223294
3,Neg,WWWWOWOW,9598,3668159,0.0026165714190688025
3,Neg,WWWWOWWO,2157,3668159,0.0005880333976798715
3,Neg,WWWWOWWW,17724,3668159,0.00483185161820957
3,Neg,WWWWWOOO,28155,3668159,0.0076755124300773225
3,Neg,WWWWWOOW,12184,3668159,0.0033215572171217222
3,Neg,WWWWWOWO,13129,3668159,0.0035791796375238914
3,Neg,WWWWWOWW,9878,3668159,0.0026929039880768525
3,Neg,WWWWWWOO,18117,3668159,0.004938989831138727
3,Neg,WWWWWWOW,11377,3668159,0.0031015558485878066
3,Neg,WWWWWWWO,15829,3668159,0.004315243695815803
3,Neg,WWWWWWWW,105938,3668159,0.02888042748419575
3,Pos,OOOOOOOO,90346,15444019,0.00584990215306003
3,Pos,OOOOOOOW,21752,15444019,0.0014084416757063041
3,Pos,OOOOOOWO,53687,15444019,0.0034762324495974783
3,Pos,OOOOOOWW,49994,15444019,0.003237110754655249
3,Pos,OOOOOWOO,10562,15444019,0.0006838893425344789
3,Pos,OOOOOWOW,36391,15444019,0.002356316707458078
3,Pos,OOOOOWWO,43539,15444019,0.0028191496008908045
3,Pos,OOOOOWWW,54245,15444019,0.0035123629412784326
3,Pos,OOOOWOOO,25085,15444019,0.0016242533760156602
3,Pos,OOOOWOOW,85545,15444019,0.005539037474636622
3,Pos,OOOOWOWO,135848,15444019,0.008796155974685086
3,Pos,OOOOWOWW,28432,15444019,0.0018409715761162947
3,Pos,OOOOWWOO,112062,15444019,0.007256012829303046
3,Pos,OOOOWWOW,93298,15444019,0.006041044109049594
3,Pos,OOOOWWWO,68147,15444019,0.004412517234017907
3,Pos,OOOOWWWW,36908,15444019,0.0023897924497502886
3,Pos,OOOWOOOO,17259,15444019,0.0011175199926910216
3,Pos,OOOWOOOW,39945,15444019,0.0025864381544726148
3,Pos,OOOWOOWO,75915,15444019,0.004915495118207249
3,Pos,OOOWOOWW,33766,15444019,0.0021863479965933737
3,Pos,OOOWOWOO,71359,15444019,0.004620494186131214
3,Pos,OOOWOWOW,141928,15444019,0.009189835884040288
3,Pos,OOOWOWWO,57680,15444019,0.003734779140067103
3,Pos,OOOWOWWW,11105,15444019,0.0007190485844390635
3,Pos,OOOWWOOO,38592,15444019,0.0024988314246440647
3,Pos,OOOWWOOW,28629,15444019,0.0018537273231792838
3,Pos,OOOWWOWO,48490,15444019,0.0031397267770779096
3,Pos,OOOWWOWW,48977,15444019,0.0031712600198173803
3,Pos,OOOWWWOO,76047,15444019,0.004924042116239303
3,Pos,OOOWWWOW,40806,15444019,0.0026421878916362378
3,Pos,OOOWWWWO,26950,15444019,0.0017450120982109643
3,Pos,OOOWWWWW,29307,15444019,0.0018976278130711961
3,Pos,OOWOOOOO,215988,15444019,0.013985219779903146
3,Pos,OOWOOOOW,19265,15444019,0.0012474084627842013
3,Pos,OOWOOOWO,78922,15444019,0.005110198323376836
3,Pos,OOWOOOWW,51621,15444019,0.00334245898039882
3,Pos,OOWOOWOO,9479,15444019,0.0006137651086805837
3,Pos,OOWOOWOW,102646,15444019,0.006646326969683215
3,Pos,OOWOOWWO,70690,15444019,0.004577176446105123
3,Pos,OOWOOWWW,17342,15444019,0.001122894241453601
3,Pos,OOWOWOOO,10273,15444019,0.0006651765968430886
3,Pos,OOWOWOOW,64416,15444019,0.004170935039642207
3,Pos,OOWOWOWO,67974,15444019,0.004401315486597109
3,Pos,OOWOWOWW,75181,15444019,0.0048679686291502235
3,Pos,OOWOWWOO,180336,15444019,0.01167675331142755
3,Pos,OOWOWWOW,75905,15444019,0.004914847618356336
3,Pos,OOWOWWWO,38739,15444019,0.002508349672452488
3,Pos,OOWOWWWW,42667,15444019,0.002762687613891177
3,Pos,OOWWOOOO,103528,15444019,0.006703436456533756
3,Pos,OOWWOOOW,88339,15444019,0.0057199489329817586
3,Pos,OOWWOOWO,142906,15444019,0.009253161369459594
3,Pos,OOWWOOWW,40121,15444019,0.0025978341518486867
3,Pos,OOWWOWOO,162525,15444019,0.010523491326966122
3,Pos,OOWWOWOW,77823,15444019,0.0050390380897614795
3,Pos,OOWWOWWO,65171,15444019,0.00421982127838615
3,Pos,OOWWOWWW,70364,15444019,0.004556067950965355
3,Pos,OOWWWOOO,116737,15444019,0.007558719009604948
3,Pos,OOWWWOOW,83548,15444019,0.0054097317544092634
3,Pos,OOWWWOWO,88243,15444019,0.0057137329344129914
3,Pos,OOWWWOWW,60947,15444019,0.0039463173413604325
3,Pos,OOWWWWOO,116633,15444019,0.007551985011155451
3,Pos,OOWWWWOW,109272,15444019,0.007075360370898275
3,Pos,OOWWWWWO,81748,15444019,0.005293181781244895
3,Pos,OOWWWWWW,76553,15444019,0.004956805608695509
3,Pos,OWOOOOOO,40629,15444019,0.002630727144275075
3,Pos,OWOOOOOW,18195,15444019,0.0011781259787364935
3,Pos,OWOOOOWO,112963,15444019,0.007314352565870322
3,Pos,OWOOOOWW,51538,15444019,0.0033370847316362405
3,Pos,OWOOOWOO,18054,15444019,0.0011689962308386178
3,Pos,OWOOOWOW,26539,15444019,0.0017183998543384336
3,Pos,OWOOOWWO,17618,15444019,0.0011407652373388042
3,Pos,OWOOOWWW,15522,15444019,0.0010050492685874058
3,Pos,OWOOWOOO,30465,15444019,0.00197260829580694
3,Pos,OWOOWOOW,30538,15444019,0.0019773350447186058
3,Pos,OWOOWOWO,67888,15444019,0.004395746987879256
3,Pos,OWOOWOWW,32938,15444019,0.0021327350089377643
3,Pos,OWOOWWOO,58187,15444019,0.0037676073825084
3,Pos,OWOOWWOW,31222,15444019,0.002021624034521066
3,Pos,OWOOWWWO,74501,15444019,0.004823938639288128
3,Pos,OWOOWWWW,27342,15444019,0.0017703940923667603
3,Pos,OWOWOOOO,23831,15444019,0.00154305689471115
3,Pos,OWOWOOOW,34440,15444019,0.0022299894865449206
3,Pos,OWOWOOWO,64351,15444019,0.004166726290611272
3,Pos,OWOWOOWW,45551,15444019,0.002949426570894532
3,Pos,OWOWOWOO,84774,15444019,0.005489115236131217
3,Pos,OWOWOWOW,46960,15444019,0.003040659299888196
3,Pos,OWOWOWWO,8419,15444019,0.0005451301244837888
3,Pos,OWOWOWWW,45053,15444019,0.0029171810783190566
3,Pos,OWOWWOOO,66536,15444019,0.004308205008035797
3,Pos,OWOWWOOW,18453,15444019,0.001194831474890053
3,Pos,OWOWWOWO,39850,15444019,0.00258028690588894
3,Pos,OWOWWOWW,38912,15444019,0.0025195514198732855
3,Pos,OWOWWWOO,61410,15444019,0.003976296584457711
3,Pos,OWOWWWOW,52279,15444019,0.0033850644705889056
3,Pos,OWOWWWWO,56292,15444019,0.0036449061607603567
3,Pos,OWOWWWWW,41670,15444019,0.002698131878755135
3,Pos,OWWOOOOO,145545,15444019,0.009424036580115577
3,Pos,OWWOOOOW,14906,15444019,0.0009651632777711553
3,Pos,OWWOOOWO,79810,15444019,0.005167696310137924
3,Pos,OWWOOOWW,32271,15444019,0.0020895467688818565
3,Pos,OWWOOWOO,7906,15444019,0.0005119133821319437
3,Pos,OWWOOWOW,26791,15444019,0.0017347168505814452
3,Pos,OWWOOWWO,43387,15444019,0.002809307603156924
3,Pos,OWWOOWWW,21343,15444019,0.001381958931803956
3,Pos,OWWOWOOO,35455,15444019,0.0022957107214126066
3,Pos,OWWOWOOW,60723,15444019,0.003931813344699977
3,Pos,OWWOWOWO,49161,15444019,0.0031831740170741828
3,Pos,OWWOWOWW,27805,15444019,0.0018003733354640394
3,Pos,OWWOWWOO,111880,15444019,0.007244228332016427
3,Pos,OWWOWWOW,38870,15444019,0.0025168319204994503
3,Pos,OWWOWWWO,39696,15444019,0.002570315408184877
3,Pos,OWWOWWWW,89498,15444019,0.0057949941657025935
3,Pos,OWWWOOOO,2067,15444019,0.00013383821918375004
3,Pos,OWWWOOOW,57971,15444019,0.003753621385728676
3,Pos,OWWWOOWO,96117,15444019,0.006223574317022014
3,Pos,OWWWOOWW,26470,15444019,0.0017139321053671328
3,Pos,OWWWOWOO,106430,15444019,0.006891340913268755
3,Pos,OWWWOWOW,99550,15444019,0.006445861015840501
3,Pos,OWWWOWWO,32873,15444019,0.0021285262599068286
3,Pos,OWWWOWWW,20169,15444019,0.0013059424493067511
3,Pos,OWWWWOOO,26392,15444019,0.00170888160653001
3,Pos,OWWWWOOW,99181,15444019,0.006421968271341806
3,Pos,OWWWWOWO,60775,15444019,0.003935180343924725
3,Pos,OWWWWOWW,40365,15444019,0.0026136331482109676
3,Pos,OWWWWWOO,84521,15444019,0.005472733489903114
3,Pos,OWWWWWOW,113226,15444019,0.007331381811949338
3,Pos,OWWWWWWO,109786,15444019,0.007108641863235211
3,Pos,OWWWWWWW,27077,15444019,0.0017532353463175616
3,Pos,WOOOOOOO,129304,15444019,0.008372432072247516
3,Pos,WOOOOOOW,13143,15444019,0.0008510090540551653
3,Pos,WOOOOOWO,105696,15444019,0.006843814424211728
3,Pos,WOOOOOWW,39954,15444019,0.002587020904338437
3,Pos,WOOOOWOO,36378,15444019,0.002355474957651891
3,Pos,WOOOOWOW,42417,15444019,0.002746500117618348
3,Pos,WOOOOWWO,30633,15444019,0.001983486293302281
3,Pos,WOOOOWWW,42130,15444019,0.0027279168718971404
3,Pos,WOOOWOOO,9568,15444019,0.0006195278573537108
3,Pos,WOOOWOOW,63087,15444019,0.004084882309455848
3,Pos,WOOOWOWO,125759,15444019,0.008142893375098801
3,Pos,WOOOWOWW,39102,15444019,0.0025318539170406354
3,Pos,WOOOWWOO,164110,15444019,0.010626120053335858
3,Pos,WOOOWWOW,71768,15444019,0.004646976930033562
3,Pos,WOOOWWWO,71204,15444019,0.004610457938442059
3,Pos,WOOOWWWW,48564,15444019,0.003144518275974667
3,Pos,WOOWOOOO,37297,15444019,0.0024149801939508104
3,Pos,WOOWOOOW,38202,15444019,0.0024735789304584513
3,Pos,WOOWOOWO,94531,15444019,0.0061208808406671865
3,Pos,WOOWOOWW,37065,15444019,0.002399958197409625
3,Pos,WOOWOWOO,89387,15444019,0.005787806917357457
3,Pos,WOOWOWOW,83694,15444019,0.005419185252232596
3,Pos,WOOWOWWO,53739,15444019,0.003479599448822227
3,Pos,WOOWOWWW,27153,15444019,0.0017581563451845015
3,Pos,WOOWWOOO,91897,15444019,0.00595032937993666
3,Pos,WOOWWOOW,59001,15444019,0.0038203138703727314
3,Pos,WOOWWOWO,55761,15444019,0.0036105239186768677
3,Pos,WOOWWOWW,33444,15444019,0.0021654985013939703
3,Pos,WOOWWWOO,52554,15444019,0.0034028707164890175
3,Pos,WOOWWWOW,30378,15444019,0.0019669750471039953
3,Pos,WOOWWWWO,47706,15444019,0.0030889627887663177
3,Pos,WOOWWWWW,56022,15444019,0.003627423664785701
3,Pos,WOWOOOOO,270824,15444019,0.017535849962370547
3,Pos,WOWOOOOW,10796,15444019,0.0006990408390458469
3,Pos,WOWOOOWO,74505,15444019,0.004824197639228494
3,Pos,WOWOOOWW,47059,15444019,0.0030470695484122365
3,Pos,WOWOOWOO,3594,15444019,0.00023271144641818947
3,Pos,WOWOOWOW,27271,15444019,0.0017657968434252767
3,Pos,WOWOOWWO,5809,15444019,0.00037613266339545423
3,Pos,WOWOOWWW,36761,15444019,0.002380274201941865
3,Pos,WOWOWOOO,24683,15444019,0.001598223882008951
3,Pos,WOWOWOOW,133189,15444019,0.008623985764327277
3,Pos,WOWOWOWO,108260,15444019,0.007009833385985863
3,Pos,WOWOWOWW,43577,15444019,0.0028216101003242745
3,Pos,WOWOWWOO,98457,15444019,0.006375089282135693
3,Pos,WOWOWWOW,89265,15444019,0.005779907419176317
3,Pos,WOWOWWWO,104053,15444019,0.006737430198706697
3,Pos,WOWOWWWW,58596,15444019,0.0037940901264107486
3,Pos,WOWWOOOO,53931,15444019,0.0034920314459597596
3,Pos,WOWWOOOW,116181,15444019,0.007522718017894176
3,Pos,WOWWOOWO,87735,15444019,0.005680839941986603
3,Pos,WOWWOOWW,26877,15444019,0.0017402853492992983
3,Pos,WOWWOWOO,120271,15444019,0.007787545456917659
3,Pos,WOWWOWOW,66812,15444019,0.004326076003921
3,Pos,WOWWOWWO,62882,15444019,0.004071608562512129
3,Pos,WOWWOWWW,68580,15444019,0.004440553977562447
3,Pos,WOWWWOOO,69103,15444019,0.004474418219765205
3,Pos,WOWWWOOW,38652,15444019,0.0025027164237495436
3,Pos,WOWWWOWO,53937,15444019,0.0034924199458703075
3,Pos,WOWWWOWW,58097,15444019,0.0037617798838501817
3,Pos,WOWWWWOO,126618,15444019,0.00819851361229224
3,Pos,WOWWWWOW,142007,15444019,0.009194951132862502
3,Pos,WOWWWWWO,31054,15444019,0.002010746037025725
3,Pos,WOWWWWWW,49864,15444019,0.0032286932565933775
3,Pos,WWOOOOOO,87528,15444019,0.005667436695072701
3,Pos,WWOOOOOW,8220,15444019,0.000532244877450617
3,Pos,WWOOOOWO,115765,15444019,0.007495782024096189
3,Pos,WWOOOOWW,29413,15444019,0.0019044913114908755
3,Pos,WWOOOWOO,9599,15444019,0.0006215351068915416
3,Pos,WWOOOWOW,35940,15444019,0.0023271144641818947
3,Pos,WWOOOWWO,69356,15444019,0.004490799965993308
3,Pos,WWOOOWWW,19728,15444019,0.0012773877058814807
3,Pos,WWOOWOOO,2808,15444019,0.00018181795813641515
3,Pos,WWOOWOOW,36361,15444019,0.0023543742079053386
3,Pos,WWOOWOWO,25500,15444019,0.0016511246198285562
3,Pos,WWOOWOWW,12453,15444019,0.0008063315643421573
3,Pos,WWOOWWOO,40570,15444019,0.0026269068951546874
3,Pos,WWOOWWOW,53620,15444019,0.0034718942005963604
3,Pos,WWOOWWWO,39956,15444019,0.0025871504043086194
3,Pos,WWOOWWWW,15179,15444019,0.0009828400237010845
3,Pos,WWOWOOOO,14397,15444019,0.0009322055353596755
3,Pos,WWOWOOOW,40778,15444019,0.002640374892053681
3,Pos,WWOWOOWO,23881,15444019,0.0015462943939657159
3,Pos,WWOWOOWW,19228,15444019,0.0012450127133358227
3,Pos,WWOWOWOO,50229,15444019,0.003252327001151708
3,Pos,WWOWOWOW,49458,15444019,0.0032024047626463036
3,Pos,WWOWOWWO,12376,15444019,0.000801345815490126
3,Pos,WWOWOWWW,13887,15444019,0.0008991830429631043
3,Pos,WWOWWOOO,47848,15444019,0.003098157286649285
3,Pos,WWOWWOOW,50825,15444019,0.003290917992266132
3,Pos,WWOWWOWO,29595,15444019,0.0019162758087774951
3,Pos,WWOWWOWW,24848,15444019,0.0016089076295490183
3,Pos,WWOWWWOO,40351,15444019,0.002612726648419689
3,Pos,WWOWWWOW,95272,15444019,0.006168860579619851
3,Pos,WWOWWWWO,32067,15444019,0.002076337771923228
3,Pos,WWOWWWWW,58542,15444019,0.003790593627215817
3,Pos,WWWOOOOO,310139,15444019,0.02008149562623563
3,Pos,WWWOOOOW,10495,15444019,0.0006795510935333607
3,Pos,WWWOOOWO,30426,15444019,0.0019700830463883785
3,Pos,WWWOOOWW,23095,15444019,0.0014954009056839415
3,Pos,WWWOOWOO,7822,15444019,0.0005064743833842733
3,Pos,WWWOOWOW,54204,15444019,0.003509708191889689
3,Pos,WWWOOWWO,24230,15444019,0.001568892138762585
3,Pos,WWWOOWWW,67732,15444019,0.0043856459902050105
3,Pos,WWWOWOOO,13071,15444019,0.0008463470551285906
3,Pos,WWWOWOOW,81528,15444019,0.005278936784524805
3,Pos,WWWOWOWO,37464,15444019,0.0024257934414610603
3,Pos,WWWOWOWW,64422,15444019,0.004171323539552755
3,Pos,WWWOWWOO,80615,15444019,0.005219820048136434
3,Pos,WWWOWWOW,93830,15444019,0.006075491101118174
3,Pos,WWWOWWWO,35653,15444019,0.002308531218460687
3,Pos,WWWOWWWW,95668,15444019,0.006194501573716013
3,Pos,WWWWOOOO,18125,15444019,0.0011735934797801012
3,Pos,WWWWOOOW,54775,15444019,0.00354668043337683
3,Pos,WWWWOOWO,46286,15444019,0.0029970178099366493
3,Pos,WWWWOOWW,67576,15444019,0.004375544992530765
3,Pos,WWWWOWOO,95510,15444019,0.006184271076071585
3,Pos,WWWWOWOW,63998,15444019,0.0041438695458740375
3,Pos,WWWWOWWO,45779,15444019,0.0029641895674953522
3,Pos,WWWWOWWW,18694,15444019,0.00121043622129706
3,Pos,WWWWWOOO,61414,15444019,0.0039765555843980765
3,Pos,WWWWWOOW,87137,15444019,0.005642119450901996
3,Pos,WWWWWOWO,73910,15444019,0.00478567139809916
3,Pos,WWWWWOWW,43407,15444019,0.0028106026028587505
3,Pos,WWWWWWOO,81220,15444019,0.00525899378911668
3,Pos,WWWWWWOW,82242,15444019,0.0053251682738800045
3,Pos,WWWWWWWO,48239,15444019,0.0031234745308199893
3,Pos,WWWWWWWW,540352,15444019,0.034987783944062746
3,Pre,OOOOOOOO,62105,29012211,0.002140650362704173
3,Pre,OOOOOOOW,46678,29012211,0.0016089087453555332
3,Pre,OOOOOOWO,83889,29012211,0.0028915066142321936
3,Pre,OOOOOOWW,182296,29012211,0.006283423211005876
3,Pre,OOOOOWOO,9393,29012211,0.00032376022634055706
3,Pre,OOOOOWOW,96006,29012211,0.0033091583402588653
3,Pre,OOOOOWWO,119152,29012211,0.004106960341629944
3,Pre,OOOOOWWW,189154,29012211,0.006519806435986557
3,Pre,OOOOWOOO,23279,29012211,0.000802386277971024
3,Pre,OOOOWOOW,222186,29012211,0.007658361508538595
3,Pre,OOOOWOWO,149614,29012211,0.005156932024243171
3,Pre,OOOOWOWW,157304,29012211,0.00542199282915735
3,Pre,OOOOWWOO,223416,29012211,0.007700757450026818
3,Pre,OOOOWWOW,125284,29012211,0.004318319620659039
3,Pre,OOOOWWWO,145324,29012211,0.005009063252711074
3,Pre,OOOOWWWW,100024,29012211,0.0034476517491203963
3,Pre,OOOWOOOO,21719,29012211,0.0007486158155957159
3,Pre,OOOWOOOW,130632,29012211,0.004502655795520031
3,Pre,OOOWOOWO,125505,29012211,0.004325937102828874
3,Pre,OOOWOOWW,108934,29012211,0.003754763813071675
3,Pre,OOOWOWOO,164864,29012211,0.00568257276220692
3,Pre,OOOWOWOW,237272,29012211,0.008178349454303914
3,Pre,OOOWOWWO,127658,29012211,0.004400147234555822
3,Pre,OOOWOWWW,86593,29012211,0.002984708749016061
3,Pre,OOOWWOOO,106569,29012211,0.0036732464133809035
3,Pre,OOOWWOOW,128957,29012211,0.0044449214849568
3,Pre,OOOWWOWO,120243,29012211,0.004144565197047547
3,Pre,OOOWWOWW,161123,29012211,0.005553627057241518
3,Pre,OOOWWWOO,134554,29012211,0.004637840252850774
3,Pre,OOOWWWOW,164008,29012211,0.005653067944390726
3,Pre,OOOWWWWO,72574,29012211,0.0025014984207856476
3,Pre,OOOWWWWW,96419,29012211,0.0033233937254902772
3,Pre,OOWOOOOO,97414,29012211,0.003357689629377092
3,Pre,OOWOOOOW,42607,29012211,0.0014685885195030465
3,Pre,OOWOOOWO,165551,29012211,0.005706252446599123
3,Pre,OOWOOOWW,168174,29012211,0.005796662653528888
3,Pre,OOWOOWOO,16588,29012211,0.0005717592499241095
3,Pre,OOWOOWOW,145451,29012211,0.005013440719840346
3,Pre,OOWOOWWO,140878,29012211,0.004855817434941446
3,Pre,OOWOOWWW,103772,29012211,0.003576838731801585
3,Pre,OOWOWOOO,29722,29012211,0.001024465181230069
3,Pre,OOWOWOOW,111908,29012211,0.0038572723740358844
3,Pre,OOWOWOWO,142809,29012211,0.0049223756162534455
3,Pre,OOWOWOWW,168118,29012211,0.005794732431802595
3,Pre,OOWOWWOO,181790,29012211,0.006265982278979013
3,Pre,OOWOWWOW,120661,29012211,0.004158972923504521
3,Pre,OOWOWWWO,125505,29012211,0.004325937102828874
3,Pre,OOWOWWWW,154121,29012211,0.005312280404964655
3,Pre,OOWWOOOO,61034,29012211,0.002103734872188817
3,Pre,OOWWOOOW,87773,29012211,0.0030253812782486656
3,Pre,OOWWOOWO,204415,29012211,0.007045826324646543
3,Pre,OOWWOOWW,159220,29012211,0.005488033986792665
3,Pre,OOWWOWOO,121260,29012211,0.004179619402326834
3,Pre,OOWWOWOW,93022,29012211,0.0032063050968435323
3,Pre,OOWWOWWO,141830,29012211,0.004888631204288429
3,Pre,OOWWOWWW,144530,29012211,0.004981695466091847
3,Pre,OOWWWOOO,129934,29012211,0.004478596960431592
3,Pre,OOWWWOOW,116025,29012211,0.003999178139163541
3,Pre,OOWWWOWO,89428,29012211,0.0030824262239096496
3,Pre,OOWWWOWW,171471,29012211,0.005910304457664395
3,Pre,OOWWWWOO,154282,29012211,0.005317829792427747
3,Pre,OOWWWWOW,182303,29012211,0.0062836644887216625
3,Pre,OOWWWWWO,86842,29012211,0.0029932913420490427
3,Pre,OOWWWWWW,133577,29012211,0.004604164777375981
3,Pre,OWOOOOOO,57463,29012211,0.001980648768892519
3,Pre,OWOOOOOW,16418,29012211,0.0005658996482550055
3,Pre,OWOOOOWO,143169,29012211,0.004934784184493901
3,Pre,OWOOOOWW,103208,29012211,0.0035573986415582044
3,Pre,OWOOOWOO,41560,29012211,0.0014325002668703877
3,Pre,OWOOOWOW,58733,29012211,0.0020244234401852377
3,Pre,OWOOOWWO,133799,29012211,0.0046118167277909294
3,Pre,OWOOOWWW,93046,29012211,0.0032071323347262295
3,Pre,OWOOWOOO,36422,29012211,0.0012554024234829948
3,Pre,OWOOWOOW,65225,29012211,0.002248191287454789
3,Pre,OWOOWOWO,117630,29012211,0.0040544996725689056
3,Pre,OWOOWOWW,187972,29012211,0.0064790649702637275
3,Pre,OWOOWWOO,134573,29012211,0.004638495149507909
3,Pre,OWOOWWOW,64087,29012211,0.0022089664245169044
3,Pre,OWOOWWWO,189105,29012211,0.006518117491976051
3,Pre,OWOOWWWW,92901,29012211,0.003202134439184935
3,Pre,OWOWOOOO,35958,29012211,0.0012394091577508518
3,Pre,OWOWOOOW,79152,29012211,0.002728230537134864
3,Pre,OWOWOOWO,149425,29012211,0.005150417525916932
3,Pre,OWOWOOWW,161834,29012211,0.005578133979516418
3,Pre,OWOWOWOO,118071,29012211,0.004069700168663464
3,Pre,OWOWOWOW,82752,29012211,0.0028523162195394206
3,Pre,OWOWOWWO,88917,29012211,0.003064812950657225
3,Pre,OWOWOWWW,135009,29012211,0.004653523304376905
3,Pre,OWOWWOOO,129531,29012211,0.0044647062576513045
3,Pre,OWOWWOOW,70038,29012211,0.0024140869511806596
3,Pre,OWOWWOWO,82117,29012211,0.0028304288838930615
3,Pre,OWOWWOWW,78933,29012211,0.002720681991455253
3,Pre,OWOWWWOO,146131,29012211,0.0050368791265167625
3,Pre,OWOWWWOW,102278,29012211,0.003525343173603694
3,Pre,OWOWWWWO,117654,29012211,0.004055326910451603
3,Pre,OWOWWWWW,111920,29012211,0.003857685992977233
3,Pre,OWWOOOOO,99498,29012211,0.0034295214521912858
3,Pre,OWWOOOOW,25883,29012211,0.0008921415882436537
3,Pre,OWWOOOWO,133055,29012211,0.004586172353427321
3,Pre,OWWOOOWW,131215,29012211,0.004522750782420547
3,Pre,OWWOOWOO,13434,29012211,0.0004630464048396725
3,Pre,OWWOOWOW,56797,29012211,0.001957692917647676
3,Pre,OWWOOWWO,103300,29012211,0.003560569720108543
3,Pre,OWWOOWWW,150488,29012211,0.0051870572704713885
3,Pre,OWWOWOOO,37717,29012211,0.001300038800903523
3,Pre,OWWOWOOW,97104,29012211,0.0033470044733922553
3,Pre,OWWOWOWO,101594,29012211,0.003501766893946828
3,Pre,OWWOWOWW,112232,29012211,0.0038684400854522944
3,Pre,OWWOWWOO,187107,29012211,0.006449249938241522
3,Pre,OWWOWWOW,76282,29012211,0.0026293066736623417
3,Pre,OWWOWWWO,147803,29012211,0.0050945100323446565
3,Pre,OWWOWWWW,165914,29012211,0.005718764419574916
3,Pre,OWWWOOOO,4677,29012211,0.0001612079823905872
3,Pre,OWWWOOOW,128473,29012211,0.004428238854322409
3,Pre,OWWWOOWO,153988,29012211,0.005307696128364708
3,Pre,OWWWOOWW,90454,29012211,0.0031177906433949485
3,Pre,OWWWOWOO,160753,29012211,0.005540873806549939
3,Pre,OWWWOWOW,92812,29012211,0.003199066765369933
3,Pre,OWWWOWWO,87000,29012211,0.0029987373247767984
3,Pre,OWWWOWWW,62712,29012211,0.002161572587487386
3,Pre,OWWWWOOO,67709,29012211,0.002333810408313934
3,Pre,OWWWWOOW,109321,29012211,0.0037681030239301652
3,Pre,OWWWWOWO,145305,29012211,0.005008408356053939
3,Pre,OWWWWOWW,111073,29012211,0.0038284913893670497
3,Pre,OWWWWWOO,111065,29012211,0.0038282156434061507
3,Pre,OWWWWWOW,160568,29012211,0.005534497181204149
3,Pre,OWWWWWWO,159735,29012211,0.0055057851330255385
3,Pre,OWWWWWWW,78940,29012211,0.0027209232691710397
3,Pre,WOOOOOOO,95507,29012211,0.0032919586859477892
3,Pre,WOOOOOOW,31695,29012211,0.0010924710288367887
3,Pre,WOOOOOWO,147783,29012211,0.005093820667442409
3,Pre,WOOOOOWW,162219,29012211,0.005591404253884684
3,Pre,WOOOOWOO,75713,29012211,0.002609694242193399
3,Pre,WOOOOWOW,125044,29012211,0.004310047241832068
3,Pre,WOOOOWWO,102409,29012211,0.0035298585137134154
3,Pre,WOOOOWWW,151847,29012211,0.005233899615579109
3,Pre,WOOOWOOO,7526,29012211,0.0002594080127157492
3,Pre,WOOOWOOW,148197,29012211,0.005108090520918933
3,Pre,WOOOWOWO,111000,29012211,0.003825975207473846
3,Pre,WOOOWOWW,180240,29012211,0.006212556499054829
3,Pre,WOOOWWOO,186910,29012211,0.006442459693954384
3,Pre,WOOOWWOW,144447,29012211,0.0049788346017475196
3,Pre,WOOOWWWO,190028,29012211,0.006549931682214775
3,Pre,WOOOWWWW,121019,29012211,0.004171312555254751
3,Pre,WOOWOOOO,49256,29012211,0.001697767881255241
3,Pre,WOOWOOOW,108139,29012211,0.0037273615582073356
3,Pre,WOOWOOWO,160579,29012211,0.005534876331900385
3,Pre,WOOWOOWW,128012,29012211,0.004412348993325603
3,Pre,WOOWOWOO,122457,29012211,0.0042208778917263495
3,Pre,WOOWOWOW,176153,29012211,0.0060716847812805445
3,Pre,WOOWOWWO,165760,29012211,0.00571345630982761
3,Pre,WOOWOWWW,152494,29012211,0.005256200570166817
3,Pre,WOOWWOOO,184338,29012211,0.00635380736752535
3,Pre,WOOWWOOW,134034,29012211,0.004619916765392338
3,Pre,WOOWWOWO,64717,29012211,0.002230681418937702
3,Pre,WOOWWOWW,63533,29012211,0.0021898710167246476
3,Pre,WOOWWWOO,174242,29012211,0.006005815964870792
3,Pre,WOOWWWOW,128116,29012211,0.004415933690817291
3,Pre,WOOWWWWO,94190,29012211,0.003246564007134789
3,Pre,WOOWWWWW,104519,29012211,0.0036025865109005307
3,Pre,WOWOOOOO,69749,29012211,0.0024041256283431826
3,Pre,WOWOOOOW,13354,29012211,0.00046028894523068235
3,Pre,WOWOOOWO,146661,29012211,0.005055147296426322
3,Pre,WOWOOOWW,123305,29012211,0.004250106963581645
3,Pre,WOWOOWOO,6376,29012211,0.0002197695308365157
3,Pre,WOWOOWOW,62422,29012211,0.0021515767964047964
3,Pre,WOWOOWWO,75615,29012211,0.0026063163541723863
3,Pre,WOWOOWWW,107733,29012211,0.0037133674506917105
3,Pre,WOWOWOOO,21218,29012211,0.000731347224794415
3,Pre,WOWOWOOW,88541,29012211,0.003051852890494971
3,Pre,WOWOWOWO,174649,29012211,0.006019844540631529
3,Pre,WOWOWOWW,129995,29012211,0.004480699523383447
3,Pre,WOWOWWOO,142286,29012211,0.004904348724059673
3,Pre,WOWOWWOW,74199,29012211,0.0025575093190932604
3,Pre,WOWOWWWO,176062,29012211,0.006068548170975318
3,Pre,WOWOWWWW,150632,29012211,0.0051920206977675715
3,Pre,WOWWOOOO,27534,29012211,0.0009490486609241881
3,Pre,WOWWOOOW,117543,29012211,0.004051500935244129
3,Pre,WOWWOOWO,138217,29012211,0.004764097434697411
3,Pre,WOWWOOWW,66221,29012211,0.002282521659586717
3,Pre,WOWWOWOO,77264,29012211,0.002663154490362696
3,Pre,WOWWOWOW,100692,29012211,0.003470676536855464
3,Pre,WOWWOWWO,132501,29012211,0.004567076945635064
3,Pre,WOWWOWWW,118446,29012211,0.004082625760580605
3,Pre,WOWWWOOO,77891,29012211,0.0026847660800481564
3,Pre,WOWWWOOW,60396,29012211,0.0020817441318071207
3,Pre,WOWWWOWO,81858,29012211,0.0028215016084089557
3,Pre,WOWWWOWW,108895,29012211,0.0037534195515122925
3,Pre,WOWWWWOO,183963,29012211,0.006340881775608208
3,Pre,WOWWWWOW,131650,29012211,0.004537744469044431
3,Pre,WOWWWWWO,99726,29012211,0.003437380212076908
3,Pre,WOWWWWWW,89210,29012211,0.0030749121464751514
3,Pre,WWOOOOOO,47226,29012211,0.001627797343677116
3,Pre,WWOOOOOW,16270,29012211,0.0005607983479783737
3,Pre,WWOOOOWO,125868,29012211,0.0043384490758046675
3,Pre,WWOOOOWW,152815,29012211,0.00526726487684789
3,Pre,WWOOOWOO,17427,29012211,0.0006006781075733939
3,Pre,WWOOOWOW,120687,29012211,0.004159869097877442
3,Pre,WWOOOWWO,81619,29012211,0.0028132636978270976
3,Pre,WWOOOWWW,86544,29012211,0.0029830198050055544
3,Pre,WWOOWOOO,5757,29012211,0.00019843368711195433
3,Pre,WWOOWOOW,74702,29012211,0.002574846846384786
3,Pre,WWOOWOWO,129807,29012211,0.00447421949330232
3,Pre,WWOOWOWW,142932,29012211,0.004926615210402268
3,Pre,WWOOWWOO,71874,29012211,0.0024773706492069838
3,Pre,WWOOWWOW,115549,29012211,0.003982771254490049
3,Pre,WWOOWWWO,139338,29012211,0.004802736337468385
3,Pre,WWOOWWWW,80204,29012211,0.0027644911309930844
3,Pre,WWOWOOOO,25240,29012211,0.0008699785066363953
3,Pre,WWOWOOOW,74810,29012211,0.002578569416856923
3,Pre,WWOWOOWO,122536,29012211,0.004223600883090227
3,Pre,WWOWOOWW,114892,29012211,0.003960125617451217
3,Pre,WWOWOWOO,86902,29012211,0.002995359436755785
3,Pre,WWOWOWOW,131627,29012211,0.004536951699406847
3,Pre,WWOWOWWO,75282,29012211,0.0025948384285499645
3,Pre,WWOWOWWW,109822,29012211,0.003785371614731466
3,Pre,WWOWWOOO,149045,29012211,0.005137319592774229
3,Pre,WWOWWOOW,97254,29012211,0.003352174710159112
3,Pre,WWOWWOWO,117045,29012211,0.004034335749178165
3,Pre,WWOWWOWW,112799,29012211,0.0038879835804310125
3,Pre,WWOWWWOO,99507,29012211,0.0034298316663972975
3,Pre,WWOWWWOW,147490,29012211,0.005083721471624483
3,Pre,WWOWWWWO,151229,29012211,0.00521259824009966
3,Pre,WWOWWWWW,75136,29012211,0.002589806064763558
3,Pre,WWWOOOOO,172603,29012211,0.005949322511131606
3,Pre,WWWOOOOW,37530,29012211,0.0012935932390675084
3,Pre,WWWOOOWO,77704,29012211,0.0026783205182121417
3,Pre,WWWOOOWW,134892,29012211,0.004649490519698757
3,Pre,WWWOOWOO,17256,29012211,0.0005947840376591773
3,Pre,WWWOOWOW,88244,29012211,0.0030416158216965954
3,Pre,WWWOOWWO,65673,29012211,0.002263633061265134
3,Pre,WWWOOWWW,156547,29012211,0.005395900367607281
3,Pre,WWWOWOOO,26262,29012211,0.0009052050531412445
3,Pre,WWWOWOOW,125417,29012211,0.004322903897258985
3,Pre,WWWOWOWO,109307,29012211,0.0037676204684985917
3,Pre,WWWOWOWW,135912,29012211,0.004684648129713382
3,Pre,WWWOWWOO,107032,29012211,0.0036892052108679343
3,Pre,WWWOWWOW,82890,29012211,0.0028570728373649287
3,Pre,WWWOWWWO,170518,29012211,0.0058774562200723
3,Pre,WWWOWWWW,129143,29012211,0.004451332578547702
3,Pre,WWWWOOOO,17370,29012211,0.0005987134176019883
3,Pre,WWWWOOOW,93450,29012211,0.00322105750575163
3,Pre,WWWWOOWO,89312,29012211,0.0030784279074766137
3,Pre,WWWWOOWW,139406,29012211,0.0048050801781360265
3,Pre,WWWWOWOO,150373,29012211,0.005183093422283466
3,Pre,WWWWOWOW,90504,29012211,0.0031195140556505674
3,Pre,WWWWOWWO,58111,29012211,0.0020029841917253394
3,Pre,WWWWOWWW,107237,29012211,0.0036962712011159716
3,Pre,WWWWWOOO,73517,29012211,0.002534001975926619
3,Pre,WWWWWOOW,133013,29012211,0.004584724687132601
3,Pre,WWWWWOWO,85542,29012211,0.0029484826234029526
3,Pre,WWWWWOWW,129686,29012211,0.0044700488356437225
3,Pre,WWWWWWOO,131625,29012211,0.004536882762916621
3,Pre,WWWWWWOW,125089,29012211,0.004311598312862126
3,Pre,WWWWWWWO,167699,29012211,0.005780290237100509
3,Pre,WWWWWWWW,1013403,29012211,0.03493022300161818
