library_id,condition,wo,umi_count,total_cond,freq
1,Neg,OOOOOOOO,267700,45002366,0.005948576125975243
1,Neg,OOOOOOOW,60615,45002366,0.001346929181456815
1,Neg,OOOOOOWO,156880,45002366,0.0034860389340418234
1,Neg,OOOOOOWW,144912,45002366,0.003220097361103192
1,Neg,OOOOOWOO,30689,45002366,0.0006819419227869041
1,Neg,OOOOOWOW,107162,45002366,0.0023812525768089616
1,Neg,OOOOOWWO,125511,45002366,0.002788986694610679
1,Neg,OOOOOWWW,156411,45002366,0.0034756172597680754
1,Neg,OOOOWOOO,74661,45002366,0.0016590461043759343
1,Neg,OOOOWOOW,250396,45002366,0.005564063009487101
1,Neg,OOOOWOWO,391622,45002366,0.008702253565956955
1,Neg,OOOOWOWW,82512,45002366,0.0018335035984552456
1,Neg,OOOOWWOO,327556,45002366,0.007278639527530619
1,Neg,OOOOWWOW,273543,45002366,0.006078413743846268
1,Neg,OOOOWWWO,199919,45002366,0.0044424108723528
1,Neg,OOOOWWWW,107510,45002366,0.0023889855035621904
1,Neg,OOOWOOOO,50199,45002366,0.0011154746841532733
1,Neg,OOOWOOOW,116776,45002366,0.002594885788893855
1,Neg,OOOWOOWO,220929,45002366,0.004909275214552053
1,Neg,OOOWOOWW,100853,45002366,0.0022410599478258544
1,Neg,OOOWOWOO,212030,45002366,0.0047115300559975
1,Neg,OOOWOWOW,420268,45002366,0.00933879787564947
1,Neg,OOOWOWWO,165701,45002366,0.003682050850393066
1,Neg,OOOWOWWW,32535,45002366,0.0007229619882652392
1,Neg,OOOWWOOO,114217,45002366,0.002538022111992956
1,Neg,OOOWWOOW,83942,45002366,0.0018652797055159279
1,Neg,OOOWWOWO,141485,45002366,0.0031439458094269976
1,Neg,OOOWWOWW,143170,45002366,0.00318138828522927
1,Neg,OOOWWWOO,220360,45002366,0.004896631434889446
1,Neg,OOOWWWOW,120053,45002366,0.002667704182486761
1,Neg,OOOWWWWO,78969,45002366,0.0017547744045279753
1,Neg,OOOWWWWW,87119,45002366,0.0019358759937199747
1,Neg,OOWOOOOO,629226,45002366,0.013982064854101226
1,Neg,OOWOOOOW,55926,45002366,0.0012427346597732216
1,Neg,OOWOOOWO,229541,45002366,0.00510064293064058
1,Neg,OOWOOOWW,149109,45002366,0.0033133591242735993
1,Neg,OOWOOWOO,27004,45002366,0.0006000573392074541
1,Neg,OOWOOWOW,303706,45002366,0.006748667392287774
1,Neg,OOWOOWWO,205606,45002366,0.004568782005817206
1,Neg,OOWOOWWW,51697,45002366,0.0011487618228783792
1,Neg,OOWOWOOO,30121,45002366,0.0006693203641781857
1,Neg,OOWOWOOW,188056,45002366,0.00417880251007247
1,Neg,OOWOWOWO,200456,45002366,0.004454343578290973
1,Neg,OOWOWOWW,219361,45002366,0.004874432602054745
1,Neg,OOWOWWOO,529890,45002366,0.011774714245024362
1,Neg,OOWOWWOW,219872,45002366,0.004885787560591814
1,Neg,OOWOWWWO,114448,45002366,0.00254315517544122
1,Neg,OOWOWWWW,125305,45002366,0.0027844091575096297
1,Neg,OOWWOOOO,301325,45002366,0.006695759062979045
1,Neg,OOWWOOOW,260203,45002366,0.005781984884972492
1,Neg,OOWWOOWO,418416,45002366,0.009297644483847805
1,Neg,OOWWOOWW,116255,45002366,0.0025833086198179004
1,Neg,OOWWOWOO,478825,45002366,0.01063999612820357
1,Neg,OOWWOWOW,230085,45002366,0.0051127311839559725
1,Neg,OOWWOWWO,186711,45002366,0.004148915192592318
1,Neg,OOWWOWWW,207705,45002366,0.004615423997929353
1,Neg,OOWWWOOO,343725,45002366,0.007637931747855212
1,Neg,OOWWWOOW,245706,45002366,0.00545984626674962
1,Neg,OOWWWOWO,257328,45002366,0.005718099355042799
1,Neg,OOWWWOWW,178379,45002366,0.003963769371592596
1,Neg,OOWWWWOO,341093,45002366,0.007579445934020447
1,Neg,OOWWWWOW,319731,45002366,0.007104759780852411
1,Neg,OOWWWWWO,235641,45002366,0.005236191359360973
1,Neg,OOWWWWWW,228775,45002366,0.005083621603361921
1,Neg,OWOOOOOO,119428,45002366,0.002653816023806393
1,Neg,OWOOOOOW,52835,45002366,0.0011740493822035936
1,Neg,OWOOOOWO,324451,45002366,0.007209643155206551
1,Neg,OWOOOOWW,151862,45002366,0.0033745336856288847
1,Neg,OWOOOWOO,52121,45002366,0.001158183549727141
1,Neg,OWOOOWOW,76567,45002366,0.0017013994330875848
1,Neg,OWOOOWWO,52028,45002366,0.0011561169917155023
1,Neg,OWOOOWWW,46968,45002366,0.0010436784590392425
1,Neg,OWOOWOOO,88444,45002366,0.001965318890122355
1,Neg,OWOOWOOW,87963,45002366,0.0019546305632019436
1,Neg,OWOOWOWO,196661,45002366,0.004370014678783778
1,Neg,OWOOWOWW,94568,45002366,0.0021014006241360733
1,Neg,OWOOWWOO,172721,45002366,0.0038380426486909597
1,Neg,OWOOWWOW,91822,45002366,0.0020403816101580083
1,Neg,OWOOWWWO,213731,45002366,0.00474932806866199
1,Neg,OWOOWWWW,81332,45002366,0.0018072827548667107
1,Neg,OWOWOOOO,69712,45002366,0.001549074108681308
1,Neg,OWOWOOOW,99617,45002366,0.0022135947252195586
1,Neg,OWOWOOWO,186290,45002366,0.004139560128905222
1,Neg,OWOWOOWW,134015,45002366,0.0029779545368792387
1,Neg,OWOWOWOO,249172,45002366,0.005536864439527468
1,Neg,OWOWOWOW,136393,45002366,0.003030796203026303
1,Neg,OWOWOWWO,25387,45002366,0.0005641258950696058
1,Neg,OWOWOWWW,130466,45002366,0.0028990920166286367
1,Neg,OWOWWOOO,192394,45002366,0.004275197441841169
1,Neg,OWOWWOOW,55456,45002366,0.001232290764445585
1,Neg,OWOWWOWO,112621,45002366,0.0025025573099867683
1,Neg,OWOWWOWW,114213,45002366,0.0025379332277774016
1,Neg,OWOWWWOO,182960,45002366,0.004065564019456221
1,Neg,OWOWWWOW,151104,45002366,0.003357690126781334
1,Neg,OWOWWWWO,161584,45002366,0.0035905667715337456
1,Neg,OWOWWWWW,120269,45002366,0.002672503930126696
1,Neg,OWWOOOOO,428963,45002366,0.009532009939210752
1,Neg,OWWOOOOW,45029,45002366,0.0010005918355492688
1,Neg,OWWOOOWO,229561,45002366,0.005101087351718352
1,Neg,OWWOOOWW,94097,45002366,0.0020909345077545476
1,Neg,OWWOOWOO,22391,45002366,0.0004975516176193936
1,Neg,OWWOOWOW,78975,45002366,0.0017549077308513068
1,Neg,OWWOOWWO,125708,45002366,0.002793364242226731
1,Neg,OWWOOWWW,62727,45002366,0.0013938600472695147
1,Neg,OWWOWOOO,103825,45002366,0.0023071009199827405
1,Neg,OWWOWOOW,176134,45002366,0.003913883105612714
1,Neg,OWWOWOWO,143681,45002366,0.0031927432437663388
1,Neg,OWWOWOWW,81028,45002366,0.0018005275544845797
1,Neg,OWWOWWOO,329450,45002366,0.007320726203595606
1,Neg,OWWOWWOW,112993,45002366,0.0025108235420333233
1,Neg,OWWOWWWO,114001,45002366,0.0025332223643530207
1,Neg,OWWOWWWW,260481,45002366,0.00578816233795352
1,Neg,OWWWOOOO,6574,45002366,0.0001460812082635833
1,Neg,OWWWOOOW,169657,45002366,0.0037699573395763237
1,Neg,OWWWOOWO,279626,45002366,0.006213584414650554
1,Neg,OWWWOOWW,76979,45002366,0.0017105545072896833
1,Neg,OWWWOWOO,317304,45002366,0.007050829283064806
1,Neg,OWWWOWOW,289868,45002366,0.006441172448577482
1,Neg,OWWWOWWO,94259,45002366,0.002094534318484499
1,Neg,OWWWOWWW,58619,45002366,0.0013025759578951916
1,Neg,OWWWWOOO,78383,45002366,0.0017417528669492622
1,Neg,OWWWWOOW,289996,45002366,0.006444016743475221
1,Neg,OWWWWOWO,177596,45002366,0.003946370286397831
1,Neg,OWWWWOWW,117240,45002366,0.0026051963578981605
1,Neg,OWWWWWOO,248150,45002366,0.005514154522453331
1,Neg,OWWWWWOW,332848,45002366,0.007396233344709032
1,Neg,OWWWWWWO,319870,45002366,0.007107848507342925
1,Neg,OWWWWWWW,81239,45002366,0.001805216196855072
1,Neg,WOOOOOOO,371983,45002366,0.008265854288638958
1,Neg,WOOOOOOW,37048,45002366,0.0008232456044644409
1,Neg,WOOOOOWO,305536,45002366,0.006789331920903892
1,Neg,WOOOOOWW,115072,45002366,0.0025570211130676998
1,Neg,WOOOOWOO,105933,45002366,0.0023539429015798858
1,Neg,WOOOOWOW,122966,45002366,0.0027324341124642204
1,Neg,WOOOOWWO,88119,45002366,0.0019580970476085636
1,Neg,WOOOOWWW,121720,45002366,0.0027047466793190386
1,Neg,WOOOWOOO,28992,45002366,0.0006442327943379688
1,Neg,WOOOWOOW,185131,45002366,0.004113805927448348
1,Neg,WOOOWOWO,367525,45002366,0.008166792830403629
1,Neg,WOOOWOWW,114530,45002366,0.0025449773018600846
1,Neg,WOOOWWOO,482747,45002366,0.010727147101554617
1,Neg,WOOOWWOW,210453,45002366,0.004676487454015195
1,Neg,WOOOWWWO,209190,45002366,0.004648422262953908
1,Neg,WOOOWWWW,141982,45002366,0.0031549896732096265
1,Neg,WOOWOOOO,109085,45002366,0.002423983663436718
1,Neg,WOOWOOOW,108659,45002366,0.002414517494480179
1,Neg,WOOWOOWO,270398,45002366,0.006008528529366656
1,Neg,WOOWOOWW,109169,45002366,0.0024258502319633593
1,Neg,WOOWOWOO,260878,45002366,0.00579698409634729
1,Neg,WOOWOWOW,241397,45002366,0.005364095745543689
1,Neg,WOOWOWWO,157011,45002366,0.0034889498921012287
1,Neg,WOOWOWWW,78038,45002366,0.001734086603357699
1,Neg,WOOWWOOO,266214,45002366,0.0059155556398968
1,Neg,WOOWWOOW,174402,45002366,0.0038753962402776777
1,Neg,WOOWWOWO,161308,45002366,0.0035844337606604952
1,Neg,WOOWWOWW,97797,45002366,0.0021731524071423266
1,Neg,WOOWWWOO,155246,45002366,0.003449729731987869
1,Neg,WOOWWWOW,92055,45002366,0.002045559115714049
1,Neg,WOOWWWWO,137652,45002366,0.0030587725098720365
1,Neg,WOOWWWWW,163812,45002366,0.0036400752795975218
1,Neg,WOWOOOOO,783787,45002366,0.017416573164175414
1,Neg,WOWOOOOW,32920,45002366,0.000731517094012346
1,Neg,WOWOOOWO,216073,45002366,0.004801369776869065
1,Neg,WOWOOOWW,136009,45002366,0.003022263318333085
1,Neg,WOWOOWOO,10817,45002366,0.0002403651399128659
1,Neg,WOWOOWOW,77540,45002366,0.0017230205185211817
1,Neg,WOWOOWWO,17629,45002366,0.00039173495900193334
1,Neg,WOWOOWWW,107956,45002366,0.002398896093596501
1,Neg,WOWOWOOO,71235,45002366,0.0015829167737536288
1,Neg,WOWOWOOW,390545,45002366,0.008678321490918944
1,Neg,WOWOWOWO,320215,45002366,0.007115514770934488
1,Neg,WOWOWOWW,126099,45002366,0.002802052674297169
1,Neg,WOWOWWOO,288630,45002366,0.006413662783863409
1,Neg,WOWOWWOW,263391,45002366,0.0058528256047693135
1,Neg,WOWOWWWO,300837,45002366,0.006684915188681413
1,Neg,WOWOWWWW,172490,45002366,0.003832909585242696
1,Neg,WOWWOOOO,156639,45002366,0.0034806836600546737
1,Neg,WOWWOOOW,336828,45002366,0.007484673139185615
1,Neg,WOWWOOWO,253062,45002366,0.005623304339154079
1,Neg,WOWWOOWW,76222,45002366,0.0016937331694960216
1,Neg,WOWWOWOO,350450,45002366,0.007787368335255973
1,Neg,WOWWOWOW,192620,45002366,0.00428021940001999
1,Neg,WOWWOWWO,179661,45002366,0.003992256762677767
1,Neg,WOWWOWWW,197922,45002366,0.004398035427737288
1,Neg,WOWWWOOO,203254,45002366,0.004516518087071244
1,Neg,WOWWWOOW,112398,45002366,0.002497602014969613
1,Neg,WOWWWOWO,155859,45002366,0.003463351238021574
1,Neg,WOWWWOWW,167678,45002366,0.0037259818739308064
1,Neg,WOWWWWOO,372706,45002366,0.008281920110600407
1,Neg,WOWWWWOW,418355,45002366,0.0092962889995606
1,Neg,WOWWWWWO,91043,45002366,0.0020230714091787976
1,Neg,WOWWWWWW,145064,45002366,0.0032234749612942573
1,Neg,WWOOOOOO,255555,45002366,0.005678701426498331
1,Neg,WWOOOOOW,23227,45002366,0.0005161284186702539
1,Neg,WWOOOOWO,327240,45002366,0.007271617674501825
1,Neg,WWOOOOWW,87089,45002366,0.001935209362103317
1,Neg,WWOOOWOO,28085,45002366,0.0006240782984610187
1,Neg,WWOOOWOW,104984,45002366,0.002332855121439615
1,Neg,WWOOOWWO,198318,45002366,0.004406834965077169
1,Neg,WWOOOWWW,56181,45002366,0.001248401028514812
1,Neg,WWOOWOOO,8046,45002366,0.00017879059958758614
1,Neg,WWOOWOOW,105684,45002366,0.0023484098591616273
1,Neg,WWOOWOWO,72225,45002366,0.001604915617103332
1,Neg,WWOOWOWW,34951,45002366,0.0007766480544600699
1,Neg,WWOOWWOO,117202,45002366,0.002604351957850394
1,Neg,WWOOWWOW,155450,45002366,0.0034542628269811416
1,Neg,WWOOWWWO,113925,45002366,0.0025315335642574883
1,Neg,WWOOWWWW,45589,45002366,0.0010130356257268785
1,Neg,WWOWOOOO,41979,45002366,0.0009328176211890726
1,Neg,WWOWOOOW,119092,45002366,0.002646349749699827
1,Neg,WWOWOOWO,68771,45002366,0.0015281640969721458
1,Neg,WWOWOOWW,54468,45002366,0.0012103363632036592
1,Neg,WWOWOWOO,144701,45002366,0.0032154087187326996
1,Neg,WWOWOWOW,144644,45002366,0.00321414211866105
1,Neg,WWOWOWWO,36785,45002366,0.0008174014672917419
1,Neg,WWOWOWWW,40109,45002366,0.0008912642504174114
1,Neg,WWOWWOOO,139664,45002366,0.003103481270295877
1,Neg,WWOWWOOW,146933,45002366,0.00326500611101203
1,Neg,WWOWWOWO,86751,45002366,0.0019276986458889739
1,Neg,WWOWWOWW,73473,45002366,0.0016326474923562908
1,Neg,WWOWWWOO,115608,45002366,0.002568931597951983
1,Neg,WWOWWWOW,274599,45002366,0.006101879176752618
1,Neg,WWOWWWWO,91747,45002366,0.002038715031116364
1,Neg,WWOWWWWW,169005,45002366,0.0037554692124409637
1,Neg,WWWOOOOO,908135,45002366,0.020179716773113664
1,Neg,WWWOOOOW,30628,45002366,0.0006805864384997003
1,Neg,WWWOOOWO,89847,45002366,0.001996495028728045
1,Neg,WWWOOOWW,67417,45002366,0.0014980767900069965
1,Neg,WWWOOWOO,22758,45002366,0.0005057067443965058
1,Neg,WWWOOWOW,157340,45002366,0.003496260618830574
1,Neg,WWWOOWWO,69788,45002366,0.0015507629087768407
1,Neg,WWWOOWWW,191529,45002366,0.00425597623022754
1,Neg,WWWOWOOO,38902,45002366,0.0008644434383738846
1,Neg,WWWOWOOW,234253,45002366,0.005205348536563611
1,Neg,WWWOWOWO,109570,45002366,0.0024347608745726836
1,Neg,WWWOWOWW,181759,45002366,0.004038876533736026
1,Neg,WWWOWWOO,232597,45002366,0.005168550471324107
1,Neg,WWWOWWOW,273181,45002366,0.006070369722338599
1,Neg,WWWOWWWO,104010,45002366,0.0023112118149521293
1,Neg,WWWOWWWW,273161,45002366,0.006069925301260827
1,Neg,WWWWOOOO,53576,45002366,0.0011905151831350378
1,Neg,WWWWOOOW,160227,45002366,0.0035604128014069306
1,Neg,WWWWOOWO,134091,45002366,0.0029796433369747716
1,Neg,WWWWOOWW,192326,45002366,0.004273686410176745
1,Neg,WWWWOWOO,278015,45002366,0.006177786296836038
1,Neg,WWWWOWOW,187840,45002366,0.004174002762432535
1,Neg,WWWWOWWO,128103,45002366,0.0028465836662899015
1,Neg,WWWWOWWW,53672,45002366,0.0011926484043083424
1,Neg,WWWWWOOO,177445,45002366,0.003943014907260654
1,Neg,WWWWWOOW,252436,45002366,0.005609393959419822
1,Neg,WWWWWOWO,211391,45002366,0.004697330802562692
1,Neg,WWWWWOWW,123913,45002366,0.002753477450496714
1,Neg,WWWWWWOO,236107,45002366,0.0052465463704730545
1,Neg,WWWWWWOW,243022,45002366,0.005400204958112647
1,Neg,WWWWWWWO,140281,45002366,0.003117191660545137
1,Neg,WWWWWWWW,1577145,45002366,0.03504582403511851
1,Pos,OOOOOOOO,229466,26690098,0.008597420661400344
1,Pos,OOOOOOOW,36354,26690098,0.0013620781759587394
1,Pos,OOOOOOWO,37137,26690098,0.0013914148985140482
1,Pos,OOOOOOWW,4517,26690098,0.0001692387941025919
1,Pos,OOOOOWOO,9062,26690098,0.0003395266664063954
1,Pos,OOOOOWOW,112052,26690098,0.0041982610929341664
1,Pos,OOOOOWWO,15694,26690098,0.000588008331779074
1,Pos,OOOOOWWW,23563,26690098,0.0008828367733981344
1,Pos,OOOOWOOO,38447,26690098,0.001440496771499303
1,Pos,OOOOWOOW,123919,26690098,0.00464288291485479
1,Pos,OOOOWOWO,188181,26690098,0.007050592320792528
1,Pos,OOOOWOWW,26772,26690098,0.0010030686286727011
1,Pos,OOOOWWOO,170660,26690098,0.0063941316363844
1,Pos,OOOOWWOW,116330,26690098,0.004358545255247845
1,Pos,OOOOWWWO,60444,26690098,0.00226466009978682
1,Pos,OOOOWWWW,75292,26690098,0.002820971283057859
1,Pos,OOOWOOOO,1547,26690098,5.7961570616938164e-05
1,Pos,OOOWOOOW,64541,26690098,0.0024181627208712383
1,Pos,OOOWOOWO,37792,26690098,0.0014159558350066756
1,Pos,OOOWOOWW,34330,26690098,0.0012862448088425903
1,Pos,OOOWOWOO,154267,26690098,0.005779933816653652
1,Pos,OOOWOWOW,244001,26690098,0.009142004649064983
1,Pos,OOOWOWWO,12313,26690098,0.0004613321389827793
1,Pos,OOOWOWWW,9125,26690098,0.00034188709235912136
1,Pos,OOOWWOOO,103488,26690098,0.0038773930316778906
1,Pos,OOOWWOOW,163077,26690098,0.0061100187792491436
1,Pos,OOOWWOWO,60422,26690098,0.0022638358240572964
1,Pos,OOOWWOWW,24433,26690098,0.0009154331317929218
1,Pos,OOOWWWOO,113043,26690098,0.004235390967841332
1,Pos,OOOWWWOW,70680,26690098,0.0026481731164868707
1,Pos,OOOWWWWO,49540,26690098,0.0018561190745721504
1,Pos,OOOWWWWW,20006,26690098,0.0007495663747656528
1,Pos,OOWOOOOO,819051,26690098,0.0306874482064472
1,Pos,OOWOOOOW,63568,26690098,0.002381707253379137
1,Pos,OOWOOOWO,199637,26690098,0.00747981517340251
1,Pos,OOWOOOWW,33468,26690098,0.0012539481870767204
1,Pos,OOWOOWOO,12870,26690098,0.00048220130177116624
1,Pos,OOWOOWOW,182892,26690098,0.006852428941999389
1,Pos,OOWOOWWO,44209,26690098,0.001656382078477194
1,Pos,OOWOOWWW,13490,26690098,0.0005054308905122791
1,Pos,OOWOWOOO,16152,26690098,0.0006051682537846059
1,Pos,OOWOWOOW,282829,26690098,0.010596776377516486
1,Pos,OOWOWOWO,153989,26690098,0.005769517968798766
1,Pos,OOWOWOWW,26855,26690098,0.001006178396197721
1,Pos,OOWOWWOO,304682,26690098,0.011415544446483485
1,Pos,OOWOWWOW,192058,26690098,0.007195852184581713
1,Pos,OOWOWWWO,33244,26690098,0.001245555561467028
1,Pos,OOWOWWWW,97664,26690098,0.0036591847658258877
1,Pos,OOWWOOOO,359272,26690098,0.013460872268059863
1,Pos,OOWWOOOW,58655,26690098,0.002197631496145125
1,Pos,OOWWOOWO,263194,26690098,0.009861110288916886
1,Pos,OOWWOOWW,55078,26690098,0.0020636117559403493
1,Pos,OOWWOWOO,319746,26690098,0.0119799485187353
1,Pos,OOWWOWOW,213843,26690098,0.008012072492202914
1,Pos,OOWWOWWO,59431,26690098,0.0022267059491501307
1,Pos,OOWWOWWW,129971,26690098,0.004869633674630944
1,Pos,OOWWWOOO,322947,26690098,0.012099880637380949
1,Pos,OOWWWOOW,200706,26690098,0.007519867480441623
1,Pos,OOWWWOWO,66810,26690098,0.0025031755222479886
1,Pos,OOWWWOWW,66240,26690098,0.0024818192874376107
1,Pos,OOWWWWOO,393504,26690098,0.014743445303198212
1,Pos,OOWWWWOW,377141,26690098,0.014130371495825906
1,Pos,OOWWWWWO,66973,26690098,0.0025092826560621844
1,Pos,OOWWWWWW,247275,26690098,0.009264671864449505
1,Pos,OWOOOOOO,65294,26690098,0.0024463754310681063
1,Pos,OWOOOOOW,29337,26690098,0.001099171685319402
1,Pos,OWOOOOWO,47051,26690098,0.0017628635159001665
1,Pos,OWOOOOWW,3218,26690098,0.0001205690589820989
1,Pos,OWOOOWOO,11522,26690098,0.000431695679798553
1,Pos,OWOOOWOW,104590,26690098,0.003918681752311288
1,Pos,OWOOOWWO,22822,26690098,0.000855073668144643
1,Pos,OWOOOWWW,10572,26690098,0.0003961019551145897
1,Pos,OWOOWOOO,83281,26690098,0.0031202957741106835
1,Pos,OWOOWOOW,64807,26690098,0.0024281289637827484
1,Pos,OWOOWOWO,21821,26690098,0.0008175691224513301
1,Pos,OWOOWOWW,40969,26690098,0.0015349887437655719
1,Pos,OWOOWWOO,144501,26690098,0.005414030326902509
1,Pos,OWOOWWOW,56857,26690098,0.002130265688795897
1,Pos,OWOOWWWO,119629,26690098,0.004482149147597735
1,Pos,OWOOWWWW,37582,26690098,0.001408087748497589
1,Pos,OWOWOOOO,83379,26690098,0.0031239675478149237
1,Pos,OWOWOOOW,74970,26690098,0.0028089068837439265
1,Pos,OWOWOOWO,30891,26690098,0.001157395525486643
1,Pos,OWOWOOWW,21069,26690098,0.000789393879333077
1,Pos,OWOWOWOO,53449,26690098,0.0020025778848770056
1,Pos,OWOWOWOW,82415,26690098,0.0030878492840303545
1,Pos,OWOWOWWO,4978,26690098,0.00018651111734396778
1,Pos,OWOWOWWW,10639,26690098,0.00039861224938177447
1,Pos,OWOWWOOO,164328,26690098,0.00615689009459613
1,Pos,OWOWWOOW,22669,26690098,0.0008493412051165942
1,Pos,OWOWWOWO,10594,26690098,0.00039692623084411306
1,Pos,OWOWWOWW,6720,26690098,0.0002517787682907721
1,Pos,OWOWWWOO,29187,26690098,0.0010935516235271972
1,Pos,OWOWWWOW,37968,26690098,0.0014225500408428624
1,Pos,OWOWWWWO,11452,26690098,0.0004290729842955241
1,Pos,OWOWWWWW,66659,26690098,0.0024975179933771695
1,Pos,OWWOOOOO,463910,26690098,0.017381352440144656
1,Pos,OWWOOOOW,23133,26690098,0.0008667259295938142
1,Pos,OWWOOOWO,43224,26690098,0.0016194770060417162
1,Pos,OWWOOOWW,2654,26690098,9.94376266434091e-05
1,Pos,OWWOOWOO,6532,26690098,0.00024473495751120886
1,Pos,OWWOOWOW,86861,26690098,0.003254427915551303
1,Pos,OWWOOWWO,1594,26690098,5.972252331182898e-05
1,Pos,OWWOOWWW,1810,26690098,6.78154122926038e-05
1,Pos,OWWOWOOO,60480,26690098,0.002266008914616949
1,Pos,OWWOWOOW,93517,26690098,0.0035038087908107344
1,Pos,OWWOWOWO,102527,26690098,0.0038413871691291655
1,Pos,OWWOWOWW,18734,26690098,0.0007019082507677566
1,Pos,OWWOWWOO,318060,26690098,0.011916779024190919
1,Pos,OWWOWWOW,93098,26690098,0.0034881100848711756
1,Pos,OWWOWWWO,37117,26690098,0.0013906655569417541
1,Pos,OWWOWWWW,151728,26690098,0.005684804904050933
1,Pos,OWWWOOOO,46775,26690098,0.0017525226022025097
1,Pos,OWWWOOOW,193375,26690098,0.0072451963271172705
1,Pos,OWWWOOWO,169573,26690098,0.006353404921930223
1,Pos,OWWWOOWW,45005,26690098,0.0016862058730544938
1,Pos,OWWWOWOO,179253,26690098,0.006716086242920502
1,Pos,OWWWOWOW,124497,26690098,0.004664538886294085
1,Pos,OWWWOWWO,24436,26690098,0.0009155455330287659
1,Pos,OWWWOWWW,14256,26690098,0.000534130672731138
1,Pos,OWWWWOOO,117648,26690098,0.0044079268648620175
1,Pos,OWWWWOOW,223628,26690098,0.008378687856447737
1,Pos,OWWWWOWO,92979,26690098,0.0034836515025160266
1,Pos,OWWWWOWW,155383,26690098,0.005821747076387655
1,Pos,OWWWWWOO,89593,26690098,0.0033567879743266584
1,Pos,OWWWWWOW,252470,26690098,0.009459313337852862
1,Pos,OWWWWWWO,97422,26690098,0.003650117732801131
1,Pos,OWWWWWWW,55402,26690098,0.0020757510894115114
1,Pos,WOOOOOOO,289051,26690098,0.010829896540657137
1,Pos,WOOOOOOW,57690,26690098,0.002161475765281941
1,Pos,WOOOOOWO,104375,26690098,0.0039106263304091275
1,Pos,WOOOOOWW,3114,26690098,0.00011667248280617028
1,Pos,WOOOOWOO,23961,26690098,0.0008977486706867843
1,Pos,WOOOOWOW,168386,26690098,0.0063089314996145765
1,Pos,WOOOOWWO,760,26690098,2.8474979747170656e-05
1,Pos,WOOOOWWW,3278,26690098,0.0001228170836989808
1,Pos,WOOOWOOO,183849,26690098,0.0068882849362336546
1,Pos,WOOOWOOW,161313,26690098,0.006043926852572816
1,Pos,WOOOWOWO,90832,26690098,0.00340320968473027
1,Pos,WOOOWOWW,12751,26690098,0.0004777427194160171
1,Pos,WOOOWWOO,294737,26690098,0.011042934349660312
1,Pos,WOOOWWOW,101709,26690098,0.0038107390988223423
1,Pos,WOOOWWWO,26037,26690098,0.0009755303258908978
1,Pos,WOOOWWWW,50219,26690098,0.0018815592209515304
1,Pos,WOOWOOOO,166196,26690098,0.006226878597448387
1,Pos,WOOWOOOW,75537,26690098,0.0028301507173184603
1,Pos,WOOWOOWO,112987,26690098,0.004233292811438909
1,Pos,WOOWOOWW,5494,26690098,0.00020584412990915207
1,Pos,WOOWOWOO,91871,26690098,0.0034421379794109413
1,Pos,WOOWOWOW,304289,26690098,0.01140081988458791
1,Pos,WOOWOWWO,5792,26690098,0.00021700931933633214
1,Pos,WOOWOWWW,74484,26690098,0.002790697883537183
1,Pos,WOOWWOOO,259746,26690098,0.009731923801853407
1,Pos,WOOWWOOW,77226,26690098,0.0028934326130986856
1,Pos,WOOWWOWO,29866,26690098,0.0011189917699065772
1,Pos,WOOWWOWW,48714,26690098,0.0018251712676364096
1,Pos,WOOWWWOO,76686,26690098,0.0028732003906467483
1,Pos,WOOWWWOW,28519,26690098,0.0010685236150125789
1,Pos,WOOWWWWO,21501,26690098,0.0008055796572946267
1,Pos,WOOWWWWW,87279,26690098,0.0032700891544122468
1,Pos,WOWOOOOO,353298,26690098,0.013237043940415655
1,Pos,WOWOOOOW,24919,26690098,0.0009336421319996651
1,Pos,WOWOOOWO,24978,26690098,0.0009358526896379324
1,Pos,WOWOOOWW,6826,26690098,0.00025575027862393014
1,Pos,WOWOOWOO,1597,26690098,5.983492454767308e-05
1,Pos,WOWOOWOW,122765,26690098,0.004599645906133428
1,Pos,WOWOOWWO,725,26690098,2.7163631995656218e-05
1,Pos,WOWOOWWW,2871,26690098,0.00010756798270279862
1,Pos,WOWOWOOO,75371,26690098,0.0028239311822684204
1,Pos,WOWOWOOW,261089,26690098,0.009782242088432947
1,Pos,WOWOWOWO,69345,26690098,0.0025981545665362486
1,Pos,WOWOWOWW,32594,26690098,0.001221201960367474
1,Pos,WOWOWWOO,121308,26690098,0.004545056372591813
1,Pos,WOWOWWOW,169460,26690098,0.006349171142046762
1,Pos,WOWOWWWO,6147,26690098,0.00023031013224455
1,Pos,WOWOWWWW,91227,26690098,0.0034180091807830756
1,Pos,WOWWOOOO,376609,26690098,0.014110439010002886
1,Pos,WOWWOOOW,329067,26690098,0.012329179158502903
1,Pos,WOWWOOWO,134864,26690098,0.005052960090292662
1,Pos,WOWWOOWW,23565,26690098,0.0008829117075553638
1,Pos,WOWWOWOO,389724,26690098,0.014601819746034653
1,Pos,WOWWOWOW,234431,26690098,0.008783444706722321
1,Pos,WOWWOWWO,16059,26690098,0.0006016838154734389
1,Pos,WOWWOWWW,56692,26690098,0.0021240836208244723
1,Pos,WOWWWOOO,275832,26690098,0.010334619228449441
1,Pos,WOWWWOOW,110657,26690098,0.004145994518266662
1,Pos,WOWWWOWO,119435,26690098,0.004474880534346483
1,Pos,WOWWWOWW,76313,26690098,0.0028592251703234662
1,Pos,WOWWWWOO,217835,26690098,0.00816164107003279
1,Pos,WOWWWWOW,448530,26690098,0.016805108771050598
1,Pos,WOWWWWWO,45384,26690098,0.0017004058958494644
1,Pos,WOWWWWWW,203100,26690098,0.00760956366664521
1,Pos,WWOOOOOO,123450,26690098,0.004625310854984497
1,Pos,WWOOOOOW,24851,26690098,0.0009310943706538657
1,Pos,WWOOOOWO,76832,26690098,0.0028786705841244943
1,Pos,WWOOOOWW,30177,26690098,0.0011306440313557484
1,Pos,WWOOOWOO,36499,26690098,0.0013675109023578707
1,Pos,WWOOOWOW,62246,26690098,0.002332175775450506
1,Pos,WWOOOWWO,802,26690098,3.0048597048987982e-05
1,Pos,WWOOOWWW,2263,26690098,8.47879989050621e-05
1,Pos,WWOOWOOO,12719,26690098,0.0004765437729003468
1,Pos,WWOOWOOW,50997,26690098,0.0019107086081137656
1,Pos,WWOOWOWO,28699,26690098,0.0010752676891632245
1,Pos,WWOOWOWW,10292,26690098,0.0003856111731024742
1,Pos,WWOOWWOO,107621,26690098,0.004032244467592438
1,Pos,WWOOWWOW,100698,26690098,0.0037728598823428823
1,Pos,WWOOWWWO,9579,26690098,0.00035889714605019435
1,Pos,WWOOWWWW,54130,26690098,0.0020280929654136154
1,Pos,WWOWOOOO,34113,26690098,0.0012781144527832008
1,Pos,WWOWOOOW,149620,26690098,0.005605824302331149
1,Pos,WWOWOOWO,26901,26690098,0.001007901881813997
1,Pos,WWOWOOWW,20336,26690098,0.0007619305107085032
1,Pos,WWOWOWOO,48677,26690098,0.0018237849857276657
1,Pos,WWOWOWOW,106561,26690098,0.003992529364260858
1,Pos,WWOWOWWO,3535,26690098,0.00013244612290295825
1,Pos,WWOWOWWW,26349,26690098,0.0009872200544186836
1,Pos,WWOWWOOO,160205,26690098,0.00600241332946773
1,Pos,WWOWWOOW,26362,26690098,0.0009877071264406748
1,Pos,WWOWWOWO,31323,26690098,0.0011735813034481927
1,Pos,WWOWWOWW,12662,26690098,0.000474408149419309
1,Pos,WWOWWWOO,52331,26690098,0.001960689690985773
1,Pos,WWOWWWOW,110956,26690098,0.0041571971747724566
1,Pos,WWOWWWWO,45637,26690098,0.0017098850667389832
1,Pos,WWOWWWWW,54881,26690098,0.0020562307414532534
1,Pos,WWWOOOOO,498225,26690098,0.018667035242808026
1,Pos,WWWOOOOW,32492,26690098,0.001217380318348775
1,Pos,WWWOOOWO,7217,26690098,0.0002703999063622771
1,Pos,WWWOOOWW,5469,26690098,0.00020490745294378463
1,Pos,WWWOOWOO,6035,26690098,0.00022611381943970382
1,Pos,WWWOOWOW,175299,26690098,0.006567941414077985
1,Pos,WWWOOWWO,879,26690098,3.2933562102319746e-05
1,Pos,WWWOOWWW,4343,26690098,0.0001627195224236344
1,Pos,WWWOWOOO,121236,26690098,0.004542358742931555
1,Pos,WWWOWOOW,249227,26690098,0.009337807601905395
1,Pos,WWWOWOWO,38040,26690098,0.0014252476705031206
1,Pos,WWWOWOWW,22683,26690098,0.0008498657442171999
1,Pos,WWWOWWOO,346745,26690098,0.012991522174253537
1,Pos,WWWOWWOW,110770,26690098,0.004150228298150123
1,Pos,WWWOWWWO,47731,26690098,0.0017883411293581613
1,Pos,WWWOWWWW,103550,26690098,0.0038797159905520017
1,Pos,WWWWOOOO,7150,26690098,0.0002678896120950923
1,Pos,WWWWOOOW,101352,26690098,0.003797363351756895
1,Pos,WWWWOOWO,72190,26690098,0.0027047484051950653
1,Pos,WWWWOOWW,76125,26690098,0.002852181359543903
1,Pos,WWWWOWOO,120800,26690098,0.004526023096655546
1,Pos,WWWWOWOW,213896,26690098,0.008014058247369492
1,Pos,WWWWOWWO,1863,26690098,6.98011674591828e-05
1,Pos,WWWWOWWW,14964,26690098,0.0005606573643903443
1,Pos,WWWWWOOO,210111,26690098,0.00787224535481286
1,Pos,WWWWWOOW,143552,26690098,0.00537847406929716
1,Pos,WWWWWOWO,84171,26690098,0.003153641474077765
1,Pos,WWWWWOWW,36041,26690098,0.001350350980352339
1,Pos,WWWWWWOO,261008,26690098,0.009779207255065156
1,Pos,WWWWWWOW,241189,26690098,0.009036647224000452
1,Pos,WWWWWWWO,43216,26690098,0.0016191772694127988
1,Pos,WWWWWWWW,1119526,26690098,0.04194536865319865
1,Pre,OOOOOOOO,101311,31133073,0.0032541278530391136
1,Pre,OOOOOOOW,55914,31133073,0.001795967908468271
1,Pre,OOOOOOWO,87776,31133073,0.002819381177052455
1,Pre,OOOOOOWW,148411,31133073,0.004766988469143409
1,Pre,OOOOOWOO,14458,31133073,0.000464393604833034
1,Pre,OOOOOWOW,89445,31133073,0.0028729897623662143
1,Pre,OOOOOWWO,108220,31133073,0.0034760461969173427
1,Pre,OOOOOWWW,162442,31133073,0.005217666755864415
1,Pre,OOOOWOOO,33683,31133073,0.00108190412170363
1,Pre,OOOOWOOW,138414,31133073,0.004445883000370699
1,Pre,OOOOWOWO,188271,31133073,0.0060472989608189335
1,Pre,OOOOWOWW,205070,31133073,0.006586885913896132
1,Pre,OOOOWWOO,200100,31133073,0.0064272486047233434
1,Pre,OOOOWWOW,131620,31133073,0.004227658477529667
1,Pre,OOOOWWWO,145660,31133073,0.004678625845897063
1,Pre,OOOOWWWW,108926,31133073,0.0034987230460674407
1,Pre,OOOWOOOO,10662,31133073,0.00034246539042259017
1,Pre,OOOWOOOW,78008,31133073,0.0025056312301712075
1,Pre,OOOWOOWO,164849,31133073,0.005294980036182101
1,Pre,OOOWOOWW,155775,31133073,0.005003521496255766
1,Pre,OOOWOWOO,181577,31133073,0.005832286456271117
1,Pre,OOOWOWOW,283824,31133073,0.009116478800534724
1,Pre,OOOWOWWO,173466,31133073,0.005571759652508443
1,Pre,OOOWOWWW,70251,31133073,0.002256474971166515
1,Pre,OOOWWOOO,113353,31133073,0.0036409190959080717
1,Pre,OOOWWOOW,132012,31133073,0.0042402495892390705
1,Pre,OOOWWOWO,113259,31133073,0.0036378997987124495
1,Pre,OOOWWOWW,141916,31133073,0.00455836788099909
1,Pre,OOOWWWOO,186354,31133073,0.005985724570138001
1,Pre,OOOWWWOW,149804,31133073,0.004811731883967895
1,Pre,OOOWWWWO,94473,31133073,0.0030344900421490676
1,Pre,OOOWWWWW,92308,31133073,0.0029649498461009616
1,Pre,OOWOOOOO,163530,31133073,0.005252613514894595
1,Pre,OOWOOOOW,53421,31133073,0.0017158922924184195
1,Pre,OOWOOOWO,177982,31133073,0.005716814398630036
1,Pre,OOWOOOWW,174070,31133073,0.005591160242999462
1,Pre,OOWOOWOO,9914,31133073,0.0003184394935893415
1,Pre,OOWOOWOW,136484,31133073,0.0043838910473116485
1,Pre,OOWOOWWO,124540,31133073,0.004000247582370041
1,Pre,OOWOOWWW,64500,31133073,0.0020717517991237166
1,Pre,OOWOWOOO,40874,31133073,0.0013128803571687254
1,Pre,OOWOWOOW,155948,31133073,0.005009078287903029
1,Pre,OOWOWOWO,172085,31133073,0.005527401679879143
1,Pre,OOWOWOWW,166627,31133073,0.005352089721435465
1,Pre,OOWOWWOO,206845,31133073,0.0066438992386007
1,Pre,OOWOWWOW,148680,31133073,0.0047756287983521575
1,Pre,OOWOWWWO,137660,31133073,0.004421664382439857
1,Pre,OOWOWWWW,153782,31133073,0.00493950597167199
1,Pre,OOWWOOOO,80894,31133073,0.002598330078113394
1,Pre,OOWWOOOW,58989,31133073,0.0018947374709846342
1,Pre,OOWWOOWO,206399,31133073,0.00662957363701296
1,Pre,OOWWOOWW,173395,31133073,0.0055694791195202605
1,Pre,OOWWOWOO,145961,31133073,0.00468829402095964
1,Pre,OOWWOWOW,131694,31133073,0.004230035371066647
1,Pre,OOWWOWWO,152407,31133073,0.004895340720140283
1,Pre,OOWWOWWW,200121,31133073,0.006427923128564919
1,Pre,OOWWWOOO,137008,31133073,0.004400722023168095
1,Pre,OOWWWOOW,127534,31133073,0.0040964154100689
1,Pre,OOWWWOWO,148054,31133073,0.004755521563836631
1,Pre,OOWWWOWW,159104,31133073,0.005110449585236896
1,Pre,OOWWWWOO,176800,31133073,0.005678848342404234
1,Pre,OOWWWWOW,177857,31133073,0.005712799375763517
1,Pre,OOWWWWWO,93122,31133073,0.002991095675007732
1,Pre,OOWWWWWW,176940,31133073,0.005683345168014734
1,Pre,OWOOOOOO,69246,31133073,0.0022241941873197032
1,Pre,OWOOOOOW,30585,31133073,0.0009823957949798275
1,Pre,OWOOOOWO,196163,31133073,0.006300791444519466
1,Pre,OWOOOOWW,120707,31133073,0.0038771309211911077
1,Pre,OWOOOWOO,52542,31133073,0.001687658651621059
1,Pre,OWOOOWOW,98289,31133073,0.0031570606602181546
1,Pre,OWOOOWWO,145593,31133073,0.0046764737936406085
1,Pre,OWOOOWWW,80387,31133073,0.0025820451453667935
1,Pre,OWOOWOOO,58167,31133073,0.0018683346806144063
1,Pre,OWOOWOOW,61620,31133073,0.0019792456722791227
1,Pre,OWOOWOWO,99342,31133073,0.003190883212845709
1,Pre,OWOOWOWW,204530,31133073,0.006569541015112771
1,Pre,OWOOWWOO,141908,31133073,0.004558110919535633
1,Pre,OWOOWWOW,42158,31133073,0.0013541226720536067
1,Pre,OWOOWWWO,149510,31133073,0.004802288550185842
1,Pre,OWOOWWWW,73562,31133073,0.0023628248968548655
1,Pre,OWOWOOOO,90131,31133073,0.0028950242078576694
1,Pre,OWOWOOOW,91013,31133073,0.0029233542092038265
1,Pre,OWOWOOWO,184902,31133073,0.005939086064520518
1,Pre,OWOWOOWW,136155,31133073,0.004373323507126971
1,Pre,OWOWOWOO,82284,31133073,0.0026429771323890835
1,Pre,OWOWOWOW,101141,31133073,0.003248667421940648
1,Pre,OWOWOWWO,73713,31133073,0.0023676750444776204
1,Pre,OWOWOWWW,82454,31133073,0.002648437563487549
1,Pre,OWOWWOOO,178880,31133073,0.005745658322903107
1,Pre,OWOWWOOW,51390,31133073,0.0016506562008832214
1,Pre,OWOWWOWO,77951,31133073,0.0025038003797440748
1,Pre,OWOWWOWW,62392,31133073,0.002004042453502743
1,Pre,OWOWWWOO,148705,31133073,0.004776431802925462
1,Pre,OWOWWWOW,152215,31133073,0.00488917364501731
1,Pre,OWOWWWWO,128161,31133073,0.0041165547647673585
1,Pre,OWOWWWWW,114068,31133073,0.0036638850267045595
1,Pre,OWWOOOOO,144202,31133073,0.004631794619181987
1,Pre,OWWOOOOW,25548,31133073,0.0008206064335505846
1,Pre,OWWOOOWO,127740,31133073,0.004103032167752923
1,Pre,OWWOOOWW,82526,31133073,0.002650750216658664
1,Pre,OWWOOWOO,8387,31133073,0.00026939197425194746
1,Pre,OWWOOWOW,66990,31133073,0.0021517310546247713
1,Pre,OWWOOWWO,90624,31133073,0.0029108594580432197
1,Pre,OWWOOWWW,98181,31133073,0.003153591680461482
1,Pre,OWWOWOOO,44211,31133073,0.0014200654076133121
1,Pre,OWWOWOOW,98316,31133073,0.0031579279051573224
1,Pre,OWWOWOWO,92770,31133073,0.002979789370615615
1,Pre,OWWOWOWW,117005,31133073,0.0037582220039762857
1,Pre,OWWOWWOO,207056,31133073,0.006650676597199383
1,Pre,OWWOWWOW,76158,31133073,0.0024462088917467286
1,Pre,OWWOWWWO,136032,31133073,0.004369372724626316
1,Pre,OWWOWWWW,209895,31133073,0.0067418657965437594
1,Pre,OWWWOOOO,18931,31133073,0.0006080671830885438
1,Pre,OWWWOOOW,93697,31133073,0.003009564780193719
1,Pre,OWWWOOWO,161277,31133073,0.005180246742748459
1,Pre,OWWWOOWW,79229,31133073,0.0025448499735313632
1,Pre,OWWWOWOO,165162,31133073,0.0053050336534398645
1,Pre,OWWWOWOW,126297,31133073,0.004056682743781829
1,Pre,OWWWOWWO,98245,31133073,0.00315564737216914
1,Pre,OWWWOWWW,44856,31133073,0.0014407829256045492
1,Pre,OWWWWOOO,76502,31133073,0.0024572582346753884
1,Pre,OWWWWOOW,159273,31133073,0.00511587789615243
1,Pre,OWWWWOWO,149544,31133073,0.004803380636405535
1,Pre,OWWWWOWW,148583,31133073,0.004772513140607739
1,Pre,OWWWWWOO,118465,31133073,0.003805117471057226
1,Pre,OWWWWWOW,159254,31133073,0.005115267612676718
1,Pre,OWWWWWWO,195618,31133073,0.006283285944821445
1,Pre,OWWWWWWW,46473,31133073,0.0014927212614058369
1,Pre,WOOOOOOO,96358,31133073,0.0030950365869761715
1,Pre,WOOOOOOW,62564,31133073,0.002009567124967073
1,Pre,WOOOOOWO,132842,31133073,0.004266909341072755
1,Pre,WOOOOOWW,146577,31133073,0.004708080053645845
1,Pre,WOOOOWOO,65977,31133073,0.002119193309314503
1,Pre,WOOOOWOW,117957,31133073,0.003788800418127693
1,Pre,WOOOOWWO,116499,31133073,0.003741969191412618
1,Pre,WOOOOWWW,214369,31133073,0.006885571494982201
1,Pre,WOOOWOOO,33488,31133073,0.0010756406860318608
1,Pre,WOOOWOOW,144244,31133073,0.004633143666865137
1,Pre,WOOOWOWO,128367,31133073,0.004123171522451382
1,Pre,WOOOWOWW,187431,31133073,0.006020318007155927
1,Pre,WOOOWWOO,211310,31133073,0.006787315855392753
1,Pre,WOOOWWOW,163766,31133073,0.005260193878066582
1,Pre,WOOOWWWO,177668,31133073,0.005706728661189341
1,Pre,WOOOWWWW,107773,31133073,0.0034616884751466712
1,Pre,WOOWOOOO,78759,31133073,0.0025297534875532526
1,Pre,WOOWOOOW,89959,31133073,0.0028894995363933397
1,Pre,WOOWOOWO,222701,31133073,0.00715319685917288
1,Pre,WOOWOOWW,92259,31133073,0.002963375957137286
1,Pre,WOOWOWOO,109389,31133073,0.0035135946907650264
1,Pre,WOOWOWOW,192556,31133073,0.006184933944683199
1,Pre,WOOWOWWO,117646,31133073,0.0037788110412357947
1,Pre,WOOWOWWW,139750,31133073,0.004488795564768052
1,Pre,WOOWWOOO,190675,31133073,0.006124515880587824
1,Pre,WOOWWOOW,119272,31133073,0.0038310384586834716
1,Pre,WOOWWOWO,99998,31133073,0.0032119540528491998
1,Pre,WOOWWOWW,94869,31133073,0.0030472096345901993
1,Pre,WOOWWWOO,204098,31133073,0.006555665096086082
1,Pre,WOOWWWOW,93859,31133073,0.0030147682498287273
1,Pre,WOOWWWWO,108495,31133073,0.003484879247223684
1,Pre,WOOWWWWW,104443,31133073,0.0033547282659826096
1,Pre,WOWOOOOO,93945,31133073,0.003017530585560892
1,Pre,WOWOOOOW,20909,31133073,0.0006716009049283378
1,Pre,WOWOOOWO,124437,31133073,0.003996939203528029
1,Pre,WOWOOOWW,142965,31133073,0.004592061952894916
1,Pre,WOWOOWOO,2051,31133073,6.587849519384097e-05
1,Pre,WOWOOWOW,48553,31133073,0.00155953124190471
1,Pre,WOWOOWWO,74992,31133073,0.002408756758447841
1,Pre,WOWOOWWW,152435,31133073,0.004896240085262384
1,Pre,WOWOWOOO,39862,31133073,0.001280374732041389
1,Pre,WOWOWOOW,142849,31133073,0.004588336011674787
1,Pre,WOWOWOWO,126331,31133073,0.0040577748300015225
1,Pre,WOWOWOWW,117498,31133073,0.003774057254161836
1,Pre,WOWOWWOO,136859,31133073,0.004395936115911205
1,Pre,WOWOWWOW,101886,31133073,0.0032725969582251004
1,Pre,WOWOWWWO,158630,31133073,0.005095224618527057
1,Pre,WOWOWWWW,148814,31133073,0.0047799329028650655
1,Pre,WOWWOOOO,71425,31133073,0.0022941840659288595
1,Pre,WOWWOOOW,158432,31133073,0.0050888648223064905
1,Pre,WOWWOOWO,110340,31133073,0.003544140984733502
1,Pre,WOWWOOWW,80413,31133073,0.0025828802701230295
1,Pre,WOWWOWOO,157447,31133073,0.005057226442118323
1,Pre,WOWWOWOW,111676,31133073,0.003587053549130855
1,Pre,WOWWOWWO,105688,31133073,0.003394717893733137
1,Pre,WOWWOWWW,118462,31133073,0.0038050211105084292
1,Pre,WOWWWOOO,125523,31133073,0.0040318217221923455
1,Pre,WOWWWOOW,65650,31133073,0.0021086900094956897
1,Pre,WOWWWOWO,119384,31133073,0.003834635919171872
1,Pre,WOWWWOWW,158039,31133073,0.0050762415904141555
1,Pre,WOWWWWOO,214485,31133073,0.00688929743620233
1,Pre,WOWWWWOW,196822,31133073,0.006321958645071754
1,Pre,WOWWWWWO,65230,31133073,0.0020951995326641865
1,Pre,WOWWWWWW,99415,31133073,0.0031932279861997563
1,Pre,WWOOOOOO,72083,31133073,0.0023153191462982146
1,Pre,WWOOOOOW,13041,31133073,0.00041887930561817653
1,Pre,WWOOOOWO,150900,31133073,0.004846935604461532
1,Pre,WWOOOOWW,145909,31133073,0.004686623771447168
1,Pre,WWOOOWOO,34555,31133073,0.0011099129212204654
1,Pre,WWOOOWOW,118251,31133073,0.0037982437519097456
1,Pre,WWOOOWWO,85094,31133073,0.0027332348464284267
1,Pre,WWOOOWWW,72373,31133073,0.0023246339993485384
1,Pre,WWOOWOOO,23745,31133073,0.000762693743723917
1,Pre,WWOOWOOW,78995,31133073,0.00253733385072524
1,Pre,WWOOWOWO,108953,31133073,0.003499590291006609
1,Pre,WWOOWOWW,114148,31133073,0.0036664546413391315
1,Pre,WWOOWWOO,115395,31133073,0.003706508509455523
1,Pre,WWOOWWOW,158888,31133073,0.005103511625723551
1,Pre,WWOOWWWO,154263,31133073,0.004954955779662354
1,Pre,WWOOWWWW,90526,31133073,0.002907711680115869
1,Pre,WWOWOOOO,18385,31133073,0.0005905295632075895
1,Pre,WWOWOOOW,95463,31133073,0.0030662890232518968
1,Pre,WWOWOOWO,97115,31133073,0.0031193515654558096
1,Pre,WWOWOOWW,139886,31133073,0.0044931639096468245
1,Pre,WWOWOWOO,75495,31133073,0.0024249132104627127
1,Pre,WWOWOWOW,139752,31133073,0.0044888598051339166
1,Pre,WWOWOWWO,61191,31133073,0.00196546611380123
1,Pre,WWOWOWWW,63516,31133073,0.00204014553911848
1,Pre,WWOWWOOO,242695,31133073,0.0077954077967183006
1,Pre,WWOWWOOW,106574,31133073,0.0034231763758110225
1,Pre,WWOWWOWO,148179,31133073,0.0047595365867031504
1,Pre,WWOWWOWW,71040,31133073,0.0022818177954999816
1,Pre,WWOWWWOO,122481,31133073,0.003934112125712743
1,Pre,WWOWWWOW,159365,31133073,0.005118832952982187
1,Pre,WWOWWWWO,169670,31133073,0.005449831438097999
1,Pre,WWOWWWWW,93196,31133073,0.0029934725685447114
1,Pre,WWWOOOOO,246439,31133073,0.007915665761616272
1,Pre,WWWOOOOW,35917,31133073,0.0011536606103740546
1,Pre,WWWOOOWO,66276,31133073,0.002128797244011216
1,Pre,WWWOOOWW,108868,31133073,0.003496860075457376
1,Pre,WWWOOWOO,18766,31133073,0.000602767352904739
1,Pre,WWWOOWOW,133628,31133073,0.004292155804857426
1,Pre,WWWOOWWO,44949,31133073,0.0014437701026172392
1,Pre,WWWOOWWW,164528,31133073,0.005284669457460881
1,Pre,WWWOWOOO,35505,31133073,0.0011404270950060085
1,Pre,WWWOWOOW,173924,31133073,0.005586470696291368
1,Pre,WWWOWOWO,123107,31133073,0.003954219360228269
1,Pre,WWWOWOWW,183266,31133073,0.00588653744524352
1,Pre,WWWOWWOO,154658,31133073,0.004967643251920554
1,Pre,WWWOWWOW,103316,31133073,0.0033185288198180757
1,Pre,WWWOWWWO,176379,31133073,0.005665325745389798
1,Pre,WWWOWWWW,118021,31133073,0.003790856109835351
1,Pre,WWWWOOOO,11458,31133073,0.00036803305603658204
1,Pre,WWWWOOOW,88020,31133073,0.0028272185016878994
1,Pre,WWWWOOWO,115082,31133073,0.00369645489219776
1,Pre,WWWWOOWW,192723,31133073,0.006190298015232868
1,Pre,WWWWOWOO,107847,31133073,0.00346406536868365
1,Pre,WWWWOWOW,153757,31133073,0.004938702967098686
1,Pre,WWWWOWWO,61881,31133073,0.0019876290400244138
1,Pre,WWWWOWWW,107011,31133073,0.0034372128957523723
1,Pre,WWWWWOOO,94347,31133073,0.0030304428990996168
1,Pre,WWWWWOOW,141055,31133073,0.004530712403494509
1,Pre,WWWWWOWO,113674,31133073,0.0036512296746292923
1,Pre,WWWWWOWW,113547,31133073,0.003647150411396909
1,Pre,WWWWWWOO,144520,31133073,0.004642008837354411
1,Pre,WWWWWWOW,124505,31133073,0.0039991233759674154
1,Pre,WWWWWWWO,140472,31133073,0.004511986336845065
1,Pre,WWWWWWWW,1095396,31133073,0.035184319903146084
2,Neg,OOOOOOOO,81466,26845007,0.0030346797823520774
2,Neg,OOOOOOOW,35518,26845007,0.0013230765780765116
2,Neg,OOOOOOWO,62703,26845007,0.002335741614818726
2,Neg,OOOOOOWW,211354,26845007,0.007873121433717637
2,Neg,OOOOOWOO,4235,26845007,0.00015775745560431406
2,Neg,OOOOOWOW,38163,26845007,0.001421605142438592
2,Neg,OOOOOWWO,79247,26845007,0.0029520200907379164
2,Neg,OOOOOWWW,175309,26845007,0.006530413644518699
2,Neg,OOOOWOOO,9823,26845007,0.00036591534507701934
2,Neg,OOOOWOOW,172272,26845007,0.006417282737158534
2,Neg,OOOOWOWO,126035,26845007,0.004694914030009379
2,Neg,OOOOWOWW,125634,26845007,0.004679976429136338
2,Neg,OOOOWWOO,310169,26845007,0.011554066646359972
2,Neg,OOOOWWOW,126794,26845007,0.004723187444130672
2,Neg,OOOOWWWO,248374,26845007,0.009252148826036812
2,Neg,OOOOWWWW,87852,26845007,0.003272563870070885
2,Neg,OOOWOOOO,16615,26845007,0.0006189232880438437
2,Neg,OOOWOOOW,83662,26845007,0.0031164827038413514
2,Neg,OOOWOOWO,115740,26845007,0.004311416271934666
2,Neg,OOOWOOWW,67737,26845007,0.0025232625195441374
2,Neg,OOOWOWOO,90624,26845007,0.003375823295557345
2,Neg,OOOWOWOW,156016,26845007,0.0058117325132379365
2,Neg,OOOWOWWO,129951,26845007,0.004840788456490251
2,Neg,OOOWOWWW,55705,26845007,0.0020750599916029076
2,Neg,OOOWWOOO,76012,26845007,0.002831513510128718
2,Neg,OOOWWOOW,72268,26845007,0.0026920462341470056
2,Neg,OOOWWOWO,85747,26845007,0.003194150778206167
2,Neg,OOOWWOWW,209197,26845007,0.0077927712963531725
2,Neg,OOOWWWOO,67492,26845007,0.0025141360551703337
2,Neg,OOOWWWOW,132801,26845007,0.004946953450226331
2,Neg,OOOWWWWO,100831,26845007,0.0037560429766324887
2,Neg,OOOWWWWW,53654,26845007,0.001998658446987926
2,Neg,OOWOOOOO,141652,26845007,0.005276660944808098
2,Neg,OOWOOOOW,46290,26845007,0.0017243430035238955
2,Neg,OOWOOOWO,124382,26845007,0.004633338333642454
2,Neg,OOWOOOWW,100289,26845007,0.0037358530023851363
2,Neg,OOWOOWOO,9978,26845007,0.00037168923070126226
2,Neg,OOWOOWOW,94202,26845007,0.0035091069262898683
2,Neg,OOWOOWWO,60132,26845007,0.002239969615206284
2,Neg,OOWOOWWW,80332,26845007,0.0029924372901076165
2,Neg,OOWOWOOO,16772,26845007,0.0006247716754180768
2,Neg,OOWOWOOW,75622,26845007,0.002816985668880623
2,Neg,OOWOWOWO,77841,26845007,0.002899645360494784
2,Neg,OOWOWOWW,157505,26845007,0.0058671990661056635
2,Neg,OOWOWWOO,221200,26845007,0.008239893548919543
2,Neg,OOWOWWOW,135417,26845007,0.005044401739213553
2,Neg,OOWOWWWO,109216,26845007,0.004068391563466532
2,Neg,OOWOWWWW,132546,26845007,0.004937454477102576
2,Neg,OOWWOOOO,73857,26845007,0.002751237874514244
2,Neg,OOWWOOOW,108817,26845007,0.004053528464343481
2,Neg,OOWWOOWO,148543,26845007,0.0055333567243994386
2,Neg,OOWWOOWW,116735,26845007,0.004348480892554805
2,Neg,OOWWOWOO,122628,26845007,0.004568000298901021
2,Neg,OOWWOWOW,63476,26845007,0.00236453654118995
2,Neg,OOWWOWWO,145252,26845007,0.005410764094790513
2,Neg,OOWWOWWW,145639,26845007,0.005425180183413624
2,Neg,OOWWWOOO,129768,26845007,0.004833971546366145
2,Neg,OOWWWOOW,47324,26845007,0.001762860408268845
2,Neg,OOWWWOWO,46288,26845007,0.0017242685017739053
2,Neg,OOWWWOWW,98665,26845007,0.003675357581393069
2,Neg,OOWWWWOO,264668,26845007,0.009859114583207224
2,Neg,OOWWWWOW,148339,26845007,0.005525757545900435
2,Neg,OOWWWWWO,40542,26845007,0.0015102249740519718
2,Neg,OOWWWWWW,67722,26845007,0.0025227037564192105
2,Neg,OWOOOOOO,30546,26845007,0.0011378652276007974
2,Neg,OWOOOOOW,13803,26845007,0.0005141738275575789
2,Neg,OWOOOOWO,156938,26845007,0.0058460778199834335
2,Neg,OWOOOOWW,37522,26845007,0.001397727331566723
2,Neg,OWOOOWOO,26077,26845007,0.0009713910672476264
2,Neg,OWOOOWOW,28641,26845007,0.0010669023107351024
2,Neg,OWOOOWWO,111654,26845007,0.004159209196704624
2,Neg,OWOOOWWW,39820,26845007,0.0014833298423054984
2,Neg,OWOOWOOO,22905,26845007,0.00085323129176312
2,Neg,OWOOWOOW,61805,26845007,0.0023022903290731123
2,Neg,OWOOWOWO,106744,26845007,0.003976307400478607
2,Neg,OWOOWOWW,188925,26845007,0.007037621558452192
2,Neg,OWOOWWOO,149657,26845007,0.005574854199143997
2,Neg,OWOOWWOW,87214,26845007,0.0032487978118240016
2,Neg,OWOOWWWO,191191,26845007,0.007122032041191124
2,Neg,OWOOWWWW,74169,26845007,0.00276286014751272
2,Neg,OWOWOOOO,48018,26845007,0.001788712515515455
2,Neg,OWOWOOOW,79543,26845007,0.0029630463497364707
2,Neg,OWOWOOWO,121471,26845007,0.004524901036531672
2,Neg,OWOWOOWW,206484,26845007,0.007691709672491424
2,Neg,OWOWOWOO,71094,26845007,0.0026483137069027397
2,Neg,OWOWOWOW,82896,26845007,0.0030879485335950927
2,Neg,OWOWOWWO,84139,26845007,0.003134251371214021
2,Neg,OWOWOWWW,121548,26845007,0.004527769353906296
2,Neg,OWOWWOOO,175722,26845007,0.006545798255891682
2,Neg,OWOWWOOW,72255,26845007,0.002691561972772069
2,Neg,OWOWWOWO,112326,26845007,0.004184241784701341
2,Neg,OWOWWOWW,64787,26845007,0.0024133724383085466
2,Neg,OWOWWWOO,139418,26845007,0.00519344249006901
2,Neg,OWOWWWOW,59471,26845007,0.0022153467868345125
2,Neg,OWOWWWWO,88553,26845007,0.003298676733442461
2,Neg,OWOWWWWW,124323,26845007,0.004631140532017742
2,Neg,OWWOOOOO,111114,26845007,0.004139093724207261
2,Neg,OWWOOOOW,30007,26845007,0.0011177870059784303
2,Neg,OWWOOOWO,90755,26845007,0.0033807031601817052
2,Neg,OWWOOOWW,169300,26845007,0.006306573136673051
2,Neg,OWWOOWOO,5968,26845007,0.00022231322197084917
2,Neg,OWWOOWOW,82722,26845007,0.0030814668813459426
2,Neg,OWWOOWWO,107309,26845007,0.003997354144850847
2,Neg,OWWOOWWW,104980,26845007,0.003910596856987223
2,Neg,OWWOWOOO,17994,26845007,0.0006702922446621079
2,Neg,OWWOWOOW,79679,26845007,0.0029681124687358064
2,Neg,OWWOWOWO,92730,26845007,0.0034542736382970583
2,Neg,OWWOWOWW,88336,26845007,0.003290593293568521
2,Neg,OWWOWWOO,190633,26845007,0.007101246052943849
2,Neg,OWWOWWOW,52886,26845007,0.0019700497749916774
2,Neg,OWWOWWWO,171023,26845007,0.006370756394289635
2,Neg,OWWOWWWW,137342,26845007,0.0051161096735791506
2,Neg,OWWWOOOO,1241,26845007,4.622833586893831e-05
2,Neg,OWWWOOOW,127738,26845007,0.004758352270126061
2,Neg,OWWWOOWO,137236,26845007,0.005112161080829668
2,Neg,OWWWOOWW,84915,26845007,0.003163158050210231
2,Neg,OWWWOWOO,154813,26845007,0.005766919710618813
2,Neg,OWWWOWOW,52176,26845007,0.0019436016537451451
2,Neg,OWWWOWWO,95790,26845007,0.003568261315782112
2,Neg,OWWWOWWW,38811,26845007,0.0014457437094354268
2,Neg,OWWWWOOO,107254,26845007,0.003995305346726116
2,Neg,OWWWWOOW,69088,26845007,0.002573588451662538
2,Neg,OWWWWOWO,292085,26845007,0.010880421822948304
2,Neg,OWWWWOWW,114771,26845007,0.004275320174064398
2,Neg,OWWWWWOO,101129,26845007,0.003767143737381033
2,Neg,OWWWWWOW,120099,26845007,0.004473792836038374
2,Neg,OWWWWWWO,140280,26845007,0.0052255527443147995
2,Neg,OWWWWWWW,57174,26845007,0.0021297815269707325
2,Neg,WOOOOOOO,250695,26845007,0.009338608106900475
2,Neg,WOOOOOOW,57708,26845007,0.0021496734942181243
2,Neg,WOOOOOWO,166016,26845007,0.006184241263189091
2,Neg,WOOOOOWW,283849,26845007,0.010573623616488533
2,Neg,WOOOOWOO,177177,26845007,0.006599998279009575
2,Neg,WOOOOWOW,166763,26845007,0.006212067666810443
2,Neg,WOOOOWWO,93143,26845007,0.003469658249670041
2,Neg,WOOOOWWW,170970,26845007,0.006368782097914893
2,Neg,WOOOWOOO,4994,26845007,0.0001860308697256067
2,Neg,WOOOWOOW,224188,26845007,0.00835119916340495
2,Neg,WOOOWOWO,93137,26845007,0.0034694347444200703
2,Neg,WOOOWOWW,221548,26845007,0.008252856853417844
2,Neg,WOOOWWOO,163092,26845007,0.006075319704703374
2,Neg,WOOOWWOW,77122,26845007,0.002872861981373296
2,Neg,WOOOWWWO,176188,26845007,0.006563157163639406
2,Neg,WOOOWWWW,85028,26845007,0.003167367399084679
2,Neg,WOOWOOOO,47218,26845007,0.0017589118155193627
2,Neg,WOOWOOOW,127902,26845007,0.00476446141362526
2,Neg,WOOWOOWO,114736,26845007,0.004274016393439569
2,Neg,WOOWOOWW,111764,26845007,0.004163306792954086
2,Neg,WOOWOWOO,84484,26845007,0.0031471029230873363
2,Neg,WOOWOWOW,189119,26845007,0.007044848228201245
2,Neg,WOOWOWWO,100267,26845007,0.0037350334831352436
2,Neg,WOOWOWWW,137370,26845007,0.005117152698079014
2,Neg,WOOWWOOO,163830,26845007,0.006102810850449769
2,Neg,WOOWWOOW,72911,26845007,0.002715998546768865
2,Neg,WOOWWOWO,28804,26845007,0.0010729742033593062
2,Neg,WOOWWOWW,39197,26845007,0.0014601225471835414
2,Neg,WOOWWWOO,127182,26845007,0.004737640783628777
2,Neg,WOOWWWOW,71309,26845007,0.0026563226450266896
2,Neg,WOOWWWWO,85992,26845007,0.0032032772425799705
2,Neg,WOOWWWWW,101900,26845007,0.0037958641620022674
2,Neg,WOWOOOOO,127767,26845007,0.00475943254550092
2,Neg,WOWOOOOW,7200,26845007,0.00026820629996483146
2,Neg,WOWOOOWO,187962,26845007,0.007001748965831896
2,Neg,WOWOOOWW,166646,26845007,0.006207709314436014
2,Neg,WOWOOWOO,893,26845007,3.326503137063812e-05
2,Neg,WOWOOWOW,112686,26845007,0.004197652099699583
2,Neg,WOWOOWWO,57216,26845007,0.0021313460637205272
2,Neg,WOWOOWWW,22053,26845007,0.0008214935462672817
2,Neg,WOWOWOOO,24398,26845007,0.0009088468481308274
2,Neg,WOWOWOOW,52193,26845007,0.0019442349186200622
2,Neg,WOWOWOWO,178932,26845007,0.006665373564626003
2,Neg,WOWOWOWW,77245,26845007,0.002877443838997695
2,Neg,WOWOWWOO,88069,26845007,0.0032806473099448253
2,Neg,WOWOWWOW,91655,26845007,0.003414228947677309
2,Neg,WOWOWWWO,116242,26845007,0.004330116211182213
2,Neg,WOWOWWWW,133731,26845007,0.004981596763971788
2,Neg,WOWWOOOO,12629,26845007,0.0004704413003133134
2,Neg,WOWWOOOW,47522,26845007,0.0017702360815178779
2,Neg,WOWWOOWO,106919,26845007,0.0039828263036027515
2,Neg,WOWWOOWW,101919,26845007,0.0037965719286271746
2,Neg,WOWWOWOO,67377,26845007,0.0025098522045458958
2,Neg,WOWWOWOW,73635,26845007,0.0027429681802653284
2,Neg,WOWWOWWO,251173,26845007,0.009356414025148141
2,Neg,WOWWOWWW,85559,26845007,0.003187147613707085
2,Neg,WOWWWOOO,61175,26845007,0.0022788222778261894
2,Neg,WOWWWOOW,102389,26845007,0.0038140798398748786
2,Neg,WOWWWOWO,57848,26845007,0.0021548886167174403
2,Neg,WOWWWOWW,115696,26845007,0.004309777233434881
2,Neg,WOWWWWOO,149159,26845007,0.00555630326339643
2,Neg,WOWWWWOW,111390,26845007,0.004149374965705914
2,Neg,WOWWWWWO,104737,26845007,0.00390154489436341
2,Neg,WOWWWWWW,142613,26845007,0.005312459035678404
2,Neg,WWOOOOOO,32366,26845007,0.0012056618200919076
2,Neg,WWOOOOOW,8144,26845007,0.0003033711259602205
2,Neg,WWOOOOWO,104776,26845007,0.0039029976784882192
2,Neg,WWOOOOWW,128929,26845007,0.004802718062245244
2,Neg,WWOOOWOO,22074,26845007,0.000822275814642179
2,Neg,WWOOOWOW,132349,26845007,0.0049301160547285386
2,Neg,WWOOOWWO,67673,26845007,0.0025208784635444496
2,Neg,WWOOOWWW,49043,26845007,0.0018268946623854485
2,Neg,WWOOWOOO,3202,26845007,0.00011927730173435976
2,Neg,WWOOWOOW,44283,26845007,0.0016495804974086987
2,Neg,WWOOWOWO,177832,26845007,0.006624397602131376
2,Neg,WWOOWOWW,134753,26845007,0.005019667158216796
2,Neg,WWOOWWOO,32992,26845007,0.0012289808678388498
2,Neg,WWOOWWOW,114172,26845007,0.004253006899942325
2,Neg,WWOOWWWO,187546,26845007,0.006986252601833927
2,Neg,WWOOWWWW,22927,26845007,0.0008540508110130126
2,Neg,WWOWOOOO,19090,26845007,0.0007111192036567545
2,Neg,WWOWOOOW,79333,26845007,0.0029552236659874964
2,Neg,WWOWOOWO,186123,26845007,0.006933244606715878
2,Neg,WWOWOOWW,84115,26845007,0.0031333573502141383
2,Neg,WWOWOWOO,49018,26845007,0.0018259633905105706
2,Neg,WWOWOWOW,110538,26845007,0.0041176372202100745
2,Neg,WWOWOWWO,126864,26845007,0.00472579500538033
2,Neg,WWOWOWWW,132580,26845007,0.00493872100685241
2,Neg,WWOWWOOO,65081,26845007,0.0024243241955571107
2,Neg,WWOWWOOW,76778,26845007,0.002860047680374976
2,Neg,WWOWWOWO,104728,26845007,0.003901209636488454
2,Neg,WWOWWOWW,97787,26845007,0.0036426513131473572
2,Neg,WWOWWWOO,82214,26845007,0.003062543436848424
2,Neg,WWOWWWOW,216369,26845007,0.008059934571818141
2,Neg,WWOWWWWO,127301,26845007,0.004742073637753195
2,Neg,WWOWWWWW,85895,26845007,0.003199663907705444
2,Neg,WWWOOOOO,207069,26845007,0.007713501434363567
2,Neg,WWWOOOOW,28110,26845007,0.001047122096112696
2,Neg,WWWOOOWO,50885,26845007,0.001895510774126451
2,Neg,WWWOOOWW,115415,26845007,0.004299309737561253
2,Neg,WWWOOWOO,11000,26845007,0.0004097596249462703
2,Neg,WWWOOWOW,42460,26845007,0.0015816721522926033
2,Neg,WWWOOWWO,92918,26845007,0.00346127680279614
2,Neg,WWWOOWWW,101991,26845007,0.003799253991626823
2,Neg,WWWOWOOO,10057,26845007,0.00037463204982587635
2,Neg,WWWOWOOW,137578,26845007,0.005124900880077997
2,Neg,WWWOWOWO,122492,26845007,0.004562934179901685
2,Neg,WWWOWOWW,104526,26845007,0.0038936849597394404
2,Neg,WWWOWWOO,108583,26845007,0.004044811759594624
2,Neg,WWWOWWOW,92078,26845007,0.003429986067800243
2,Neg,WWWOWWWO,173491,26845007,0.00646269155377758
2,Neg,WWWOWWWW,106330,26845007,0.003960885538230629
2,Neg,WWWWOOOO,12562,26845007,0.00046794549168864064
2,Neg,WWWWOOOW,95983,26845007,0.003575450734656169
2,Neg,WWWWOOWO,42174,26845007,0.0015710184020440003
2,Neg,WWWWOOWW,170302,26845007,0.006343898513418157
2,Neg,WWWWOWOO,162005,26845007,0.006034828003583684
2,Neg,WWWWOWOW,53147,26845007,0.0019797722533654023
2,Neg,WWWWOWWO,121946,26845007,0.004542595202154352
2,Neg,WWWWOWWW,54585,26845007,0.002033339011608378
2,Neg,WWWWWOOO,136577,26845007,0.005087612754207887
2,Neg,WWWWWOOW,137643,26845007,0.00512732218695268
2,Neg,WWWWWOWO,69269,26845007,0.002580330860036654
2,Neg,WWWWWOWW,123184,26845007,0.004588711785398305
2,Neg,WWWWWWOO,159226,26845007,0.005931307821972257
2,Neg,WWWWWWOW,126956,26845007,0.00472922208587988
2,Neg,WWWWWWWO,115124,26845007,0.004288469732937675
2,Neg,WWWWWWWW,832559,26845007,0.031013551235058348
2,Pos,OOOOOOOO,328671,53008735,0.006200317740085667
2,Pos,OOOOOOOW,166739,53008735,0.0031455004538402964
2,Pos,OOOOOOWO,113287,53008735,0.002137138341445047
2,Pos,OOOOOOWW,43987,53008735,0.0008298066346989793
2,Pos,OOOOOWOO,16074,53008735,0.0003032330426296723
2,Pos,OOOOOWOW,162365,53008735,0.0030629857513106095
2,Pos,OOOOOWWO,16300,53008735,0.0003074964909085267
2,Pos,OOOOOWWW,57512,53008735,0.0010849532628914838
2,Pos,OOOOWOOO,126604,53008735,0.002388361088035774
2,Pos,OOOOWOOW,525665,53008735,0.009916573183646055
2,Pos,OOOOWOWO,268161,53008735,0.005058807760645486
2,Pos,OOOOWOWW,70357,53008735,0.0013272718166166388
2,Pos,OOOOWWOO,646597,53008735,0.012197933038771817
2,Pos,OOOOWWOW,159682,53008735,0.003012371451610758
2,Pos,OOOOWWWO,254169,53008735,0.004794851263664375
2,Pos,OOOOWWWW,163332,53008735,0.003081228027795796
2,Pos,OOOWOOOO,35966,53008735,0.0006784919504304338
2,Pos,OOOWOOOW,201287,53008735,0.0037972420960432278
2,Pos,OOOWOOWO,85704,53008735,0.0016167901384554829
2,Pos,OOOWOOWW,56395,53008735,0.0010638812640973228
2,Pos,OOOWOWOO,269778,53008735,0.005089312167136228
2,Pos,OOOWOWOW,565612,53008735,0.010670165964156661
2,Pos,OOOWOWWO,17148,53008735,0.00032349385436192734
2,Pos,OOOWOWWW,71992,53008735,0.0013581157897844573
2,Pos,OOOWWOOO,164704,53008735,0.0031071105545152134
2,Pos,OOOWWOOW,171825,53008735,0.003241446904929914
2,Pos,OOOWWOWO,131512,53008735,0.0024809496019854087
2,Pos,OOOWWOWW,77942,53008735,0.001470361441373766
2,Pos,OOOWWWOO,157272,53008735,0.00296690724651324
2,Pos,OOOWWWOW,190177,53008735,0.0035876539970252073
2,Pos,OOOWWWWO,53916,53008735,0.0010171153867376762
2,Pos,OOOWWWWW,136459,53008735,0.002574273843735377
2,Pos,OOWOOOOO,1025373,53008735,0.019343472354131825
2,Pos,OOWOOOOW,117704,53008735,0.0022204642310366396
2,Pos,OOWOOOWO,264171,53008735,0.004983537147226773
2,Pos,OOWOOOWW,79843,53008735,0.0015062234554361655
2,Pos,OOWOOWOO,55799,53008735,0.0010526378341229987
2,Pos,OOWOOWOW,522188,53008735,0.009850980220524032
2,Pos,OOWOOWWO,27376,53008735,0.0005164431862031795
2,Pos,OOWOOWWW,24968,53008735,0.0004710167107364475
2,Pos,OOWOWOOO,90709,53008735,0.0017112085394982543
2,Pos,OOWOWOOW,421884,53008735,0.007958763777328397
2,Pos,OOWOWOWO,207897,53008735,0.003921938525792023
2,Pos,OOWOWOWW,132349,53008735,0.0024967394524694846
2,Pos,OOWOWWOO,989561,53008735,0.018667885585271937
2,Pos,OOWOWWOW,391560,53008735,0.007386707115346178
2,Pos,OOWOWWWO,153379,53008735,0.0028934665201876633
2,Pos,OOWOWWWW,266656,53008735,0.005030416213478778
2,Pos,OOWWOOOO,358482,53008735,0.006762696751771194
2,Pos,OOWWOOOW,509155,53008735,0.009605115081504963
2,Pos,OOWWOOWO,504370,53008735,0.009514846939848687
2,Pos,OOWWOOWW,258515,53008735,0.0048768377513630536
2,Pos,OOWWOWOO,721976,53008735,0.013619943958292911
2,Pos,OOWWOWOW,397100,53008735,0.007491218192624291
2,Pos,OOWWOWWO,93253,53008735,0.0017592006298584565
2,Pos,OOWWOWWW,219756,53008735,0.004145656371539521
2,Pos,OOWWWOOO,454761,53008735,0.008578982313009355
2,Pos,OOWWWOOW,299371,53008735,0.005647578649066045
2,Pos,OOWWWOWO,171312,53008735,0.0032317692546332223
2,Pos,OOWWWOWW,258894,53008735,0.004883987516397062
2,Pos,OOWWWWOO,589899,53008735,0.011128335735610367
2,Pos,OOWWWWOW,745938,53008735,0.014071982664743838
2,Pos,OOWWWWWO,112238,53008735,0.0021173491500976207
2,Pos,OOWWWWWW,399593,53008735,0.0075382481773994415
2,Pos,OWOOOOOO,250699,53008735,0.004729390354250106
2,Pos,OWOOOOOW,32638,53008735,0.0006157098448019935
2,Pos,OWOOOOWO,86029,53008735,0.0016229212034582603
2,Pos,OWOOOOWW,18152,53008735,0.00034243412901666115
2,Pos,OWOOOWOO,54146,53008735,0.0010214542942781034
2,Pos,OWOOOWOW,84768,53008735,0.001599132671247484
2,Pos,OWOOOWWO,4786,53008735,9.028700647166924e-05
2,Pos,OWOOOWWW,27905,53008735,0.0005264226735461618
2,Pos,OWOOWOOO,95507,53008735,0.0018017219237546416
2,Pos,OWOOWOOW,122309,53008735,0.002307336705922147
2,Pos,OWOOWOWO,154174,53008735,0.0029084640484252264
2,Pos,OWOOWOWW,99304,53008735,0.0018733516278024744
2,Pos,OWOOWWOO,353466,53008735,0.006668070837759097
2,Pos,OWOOWWOW,184771,53008735,0.003485670805009778
2,Pos,OWOOWWWO,167958,53008735,0.0031684966638045597
2,Pos,OWOOWWWW,216710,53008735,0.004088194143851952
2,Pos,OWOWOOOO,65430,53008735,0.0012343248711745337
2,Pos,OWOWOOOW,137556,53008735,0.0025949685462216747
2,Pos,OWOWOOWO,86023,53008735,0.0016228080145659013
2,Pos,OWOWOOWW,118578,53008735,0.002236952079690262
2,Pos,OWOWOWOO,172227,53008735,0.0032490305607179647
2,Pos,OWOWOWOW,183191,53008735,0.0034558643966885834
2,Pos,OWOWOWWO,17889,53008735,0.00033747268256825974
2,Pos,OWOWOWWW,162486,53008735,0.003065268393973182
2,Pos,OWOWWOOO,196131,53008735,0.0036999751078760886
2,Pos,OWOWWOOW,107957,53008735,0.002036588875399498
2,Pos,OWOWWOWO,35328,53008735,0.000666456198209597
2,Pos,OWOWWOWW,43964,53008735,0.0008293727439449367
2,Pos,OWOWWWOO,205316,53008735,0.003873248437262274
2,Pos,OWOWWWOW,111767,53008735,0.002108463822047442
2,Pos,OWOWWWWO,77521,53008735,0.0014624193540932451
2,Pos,OWOWWWWW,176479,53008735,0.003329243755769686
2,Pos,OWWOOOOO,518854,53008735,0.009788084926003233
2,Pos,OWWOOOOW,90484,53008735,0.0017069639560347931
2,Pos,OWWOOOWO,97182,53008735,0.0018333204895381865
2,Pos,OWWOOOWW,26997,53008735,0.0005092934211691714
2,Pos,OWWOOWOO,19870,53008735,0.00037484388186211196
2,Pos,OWWOOWOW,152304,53008735,0.0028731868436400153
2,Pos,OWWOOWWO,10178,53008735,0.00019200609107159413
2,Pos,OWWOOWWW,69922,53008735,0.0013190656219206137
2,Pos,OWWOWOOO,114366,53008735,0.0021574934772542677
2,Pos,OWWOWOOW,258192,53008735,0.0048707444159910625
2,Pos,OWWOWOWO,66887,53008735,0.0012618109072023696
2,Pos,OWWOWOWW,53510,53008735,0.0010094562716880529
2,Pos,OWWOWWOO,725292,53008735,0.013682499686136634
2,Pos,OWWOWWOW,349862,53008735,0.006600082043082145
2,Pos,OWWOWWWO,116987,53008735,0.002206938158399743
2,Pos,OWWOWWWW,286290,53008735,0.005400807998908104
2,Pos,OWWWOOOO,31589,53008735,0.0005959206534545675
2,Pos,OWWWOOOW,559805,53008735,0.010560617981168575
2,Pos,OWWWOOWO,264344,53008735,0.00498680076028979
2,Pos,OWWWOOWW,72338,53008735,0.001364643015910491
2,Pos,OWWWOWOO,555321,53008735,0.01047602814894564
2,Pos,OWWWOWOW,326489,53008735,0.006159154712897789
2,Pos,OWWWOWWO,21984,53008735,0.0004147241016032546
2,Pos,OWWWOWWW,91925,53008735,0.0017341481550163383
2,Pos,OWWWWOOO,233155,53008735,0.004398426032992487
2,Pos,OWWWWOOW,351023,53008735,0.006621984093753605
2,Pos,OWWWWOWO,164375,53008735,0.0031009040302508633
2,Pos,OWWWWOWW,67356,53008735,0.0012706585056217622
2,Pos,OWWWWWOO,275276,53008735,0.005193030922167828
2,Pos,OWWWWWOW,517968,53008735,0.009771370699564892
2,Pos,OWWWWWWO,206654,53008735,0.0038984895602583234
2,Pos,OWWWWWWW,228134,53008735,0.004303705794903425
2,Pos,WOOOOOOO,648579,53008735,0.012235323102881062
2,Pos,WOOOOOOW,61692,53008735,0.0011638081912348974
2,Pos,WOOOOOWO,67319,53008735,0.0012699605074522151
2,Pos,WOOOOOWW,10342,53008735,0.00019509992079607257
2,Pos,WOOOOWOO,225131,53008735,0.004247054754277762
2,Pos,WOOOOWOW,258797,53008735,0.004882157629303925
2,Pos,WOOOOWWO,6153,53008735,0.00011607520911412053
2,Pos,WOOOOWWW,53438,53008735,0.0010080980049797454
2,Pos,WOOOWOOO,27064,53008735,0.0005105573638005133
2,Pos,WOOOWOOW,336148,53008735,0.006341369964780333
2,Pos,WOOOWOWO,79383,53008735,0.0014975456403553112
2,Pos,WOOOWOWW,53773,53008735,0.0010144177181364543
2,Pos,WOOOWWOO,440935,53008735,0.00831815737538351
2,Pos,WOOOWWOW,319786,53008735,0.00603270385531743
2,Pos,WOOOWWWO,52506,53008735,0.0009905159970333192
2,Pos,WOOOWWWW,95723,53008735,0.0018057967238795643
2,Pos,WOOWOOOO,140972,53008735,0.002659410755604713
2,Pos,WOOWOOOW,205100,53008735,0.003869173637137351
2,Pos,WOOWOOWO,94333,53008735,0.0017795746304830704
2,Pos,WOOWOOWW,33915,53008735,0.0006398002140590602
2,Pos,WOOWOWOO,236720,53008735,0.004465679099869106
2,Pos,WOOWOWOW,401251,53008735,0.007569526041321303
2,Pos,WOOWOWWO,23817,53008735,0.000449303308218919
2,Pos,WOOWOWWW,97220,53008735,0.0018340373525231265
2,Pos,WOOWWOOO,358763,53008735,0.0067679977648966725
2,Pos,WOOWWOOW,226727,53008735,0.004277162999645247
2,Pos,WOOWWOWO,19519,53008735,0.0003682223316591124
2,Pos,WOOWWOWW,27102,53008735,0.0005112742267854534
2,Pos,WOOWWWOO,212437,53008735,0.004007584787676975
2,Pos,WOOWWWOW,202314,53008735,0.0038166162614520042
2,Pos,WOOWWWWO,49824,53008735,0.0009399205621488609
2,Pos,WOOWWWWW,176501,53008735,0.0033296587817083353
2,Pos,WOWOOOOO,732983,53008735,0.013827588981325436
2,Pos,WOWOOOOW,38226,53008735,0.0007211264332189779
2,Pos,WOWOOOWO,104002,53008735,0.0019619785305195455
2,Pos,WOWOOOWW,22347,53008735,0.00042157202959097214
2,Pos,WOWOOWOO,49508,53008735,0.000933959280484622
2,Pos,WOWOOWOW,178676,53008735,0.003370689755188461
2,Pos,WOWOOWWO,1739,53008735,3.280591396870723e-05
2,Pos,WOWOOWWW,32733,53008735,0.0006175020022643438
2,Pos,WOWOWOOO,105066,53008735,0.001982050694097869
2,Pos,WOWOWOOW,365905,53008735,0.006902730276434629
2,Pos,WOWOWOWO,124419,53008735,0.002347141466401717
2,Pos,WOWOWOWW,53676,53008735,0.0010125878310433176
2,Pos,WOWOWWOO,503495,53008735,0.009498340226379671
2,Pos,WOWOWWOW,310776,53008735,0.005862731868625048
2,Pos,WOWOWWWO,78558,53008735,0.0014819821676559533
2,Pos,WOWOWWWW,167562,53008735,0.003161026196908868
2,Pos,WOWWOOOO,199075,53008735,0.003755513124393555
2,Pos,WOWWOOOW,593422,53008735,0.011194796480240474
2,Pos,WOWWOOWO,252919,53008735,0.004771270244422924
2,Pos,WOWWOOWW,97208,53008735,0.0018338109747384086
2,Pos,WOWWOWOO,434712,53008735,0.008200761629191868
2,Pos,WOWWOWOW,435904,53008735,0.008223248489140517
2,Pos,WOWWOWWO,56249,53008735,0.0010611270010499213
2,Pos,WOWWOWWW,111093,53008735,0.0020957489364724514
2,Pos,WOWWWOOO,264088,53008735,0.00498197136754914
2,Pos,WOWWWOOW,283676,53008735,0.005351495371470381
2,Pos,WOWWWOWO,149220,53008735,0.002815007752967506
2,Pos,WOWWWOWW,150211,53008735,0.002833702785022129
2,Pos,WOWWWWOO,749753,53008735,0.01414395193546875
2,Pos,WOWWWWOW,519454,53008735,0.00979940381523913
2,Pos,WOWWWWWO,133203,53008735,0.002512850004815244
2,Pos,WOWWWWWW,256582,53008735,0.004840372063208073
2,Pos,WWOOOOOO,270718,53008735,0.0051070450936057995
2,Pos,WWOOOOOW,42283,53008735,0.0007976609892690327
2,Pos,WWOOOOWO,27729,53008735,0.0005231024660369654
2,Pos,WWOOOOWW,13540,53008735,0.0002554296004234019
2,Pos,WWOOOWOO,30474,53008735,0.0005748863842911928
2,Pos,WWOOOWOW,260735,53008735,0.004918717641535872
2,Pos,WWOOOWWO,23081,53008735,0.0004354188040895524
2,Pos,WWOOOWWW,10853,53008735,0.00020473984146197793
2,Pos,WWOOWOOO,45510,53008735,0.0008585377485427637
2,Pos,WWOOWOOW,118564,53008735,0.0022366879722747583
2,Pos,WWOOWOWO,86245,53008735,0.0016269960035831831
2,Pos,WWOOWOWW,18963,53008735,0.0003577334943005148
2,Pos,WWOOWWOO,151962,53008735,0.0028667350767755543
2,Pos,WWOOWWOW,301708,53008735,0.005691665722639863
2,Pos,WWOOWWWO,50391,53008735,0.0009506169124767833
2,Pos,WWOOWWWW,111262,53008735,0.0020989370902738955
2,Pos,WWOWOOOO,75204,53008735,0.0014187095768272908
2,Pos,WWOWOOOW,229281,53008735,0.0043253437381593806
2,Pos,WWOWOOWO,96403,53008735,0.001818624798346914
2,Pos,WWOWOOWW,22320,53008735,0.0004210626795753568
2,Pos,WWOWOWOO,122357,53008735,0.0023082422170610183
2,Pos,WWOWOWOW,281984,53008735,0.005319576103825153
2,Pos,WWOWOWWO,5524,53008735,0.00010420924023182216
2,Pos,WWOWOWWW,47076,53008735,0.0008880800494484541
2,Pos,WWOWWOOO,144138,53008735,0.0027191367611394614
2,Pos,WWOWWOOW,100655,53008735,0.001898837993398635
2,Pos,WWOWWOWO,74479,53008735,0.001405032585667249
2,Pos,WWOWWOWW,50961,53008735,0.0009613698572508852
2,Pos,WWOWWWOO,159376,53008735,0.0030065988181004507
2,Pos,WWOWWWOW,208596,53008735,0.003935125031751843
2,Pos,WWOWWWWO,63695,53008735,0.0012015944164673993
2,Pos,WWOWWWWW,185929,53008735,0.0035075162612350588
2,Pos,WWWOOOOO,1237138,53008735,0.023338379985864594
2,Pos,WWWOOOOW,68942,53008735,0.0013005781028353157
2,Pos,WWWOOOWO,43102,53008735,0.0008131112730760317
2,Pos,WWWOOOWW,19538,53008735,0.0003685807631515825
2,Pos,WWWOOWOO,41750,53008735,0.0007876060426644778
2,Pos,WWWOOWOW,275663,53008735,0.005200331605724981
2,Pos,WWWOOWWO,2842,53008735,5.3613805347363975e-05
2,Pos,WWWOOWWW,25362,53008735,0.00047844944800135296
2,Pos,WWWOWOOO,84494,53008735,0.0015939637118297578
2,Pos,WWWOWOOW,349148,53008735,0.006586612564891427
2,Pos,WWWOWOWO,46515,53008735,0.0008774968880128907
2,Pos,WWWOWOWW,60107,53008735,0.001133907458836737
2,Pos,WWWOWWOO,410837,53008735,0.007750364161680146
2,Pos,WWWOWWOW,424612,53008735,0.008010226993720941
2,Pos,WWWOWWWO,30414,53008735,0.000573754495367603
2,Pos,WWWOWWWW,155149,53008735,0.0029268572434335586
2,Pos,WWWWOOOO,96704,53008735,0.0018243031077802554
2,Pos,WWWWOOOW,284168,53008735,0.005360776860643817
2,Pos,WWWWOOWO,111336,53008735,0.002100333086612989
2,Pos,WWWWOOWW,40224,53008735,0.0007588183343745139
2,Pos,WWWWOWOO,689326,53008735,0.0130040077357062
2,Pos,WWWWOWOW,271957,53008735,0.005130418599877925
2,Pos,WWWWOWWO,5108,53008735,9.636147702826713e-05
2,Pos,WWWWOWWW,128742,53008735,0.0024286940633463524
2,Pos,WWWWWOOO,243765,53008735,0.004598581724313927
2,Pos,WWWWWOOW,496014,53008735,0.009357212542423433
2,Pos,WWWWWOWO,56407,53008735,0.0010641076418820407
2,Pos,WWWWWOWW,117244,53008735,0.0022117864159557853
2,Pos,WWWWWWOO,452745,53008735,0.008540950845176743
2,Pos,WWWWWWOW,466269,53008735,0.008796078608553854
2,Pos,WWWWWWWO,188230,53008735,0.0035509242014547227
2,Pos,WWWWWWWW,2703864,53008735,0.05100789520821427
2,Pre,OOOOOOOO,29726,15390714,0.0019314243640678398
2,Pre,OOOOOOOW,23522,15390714,0.0015283241570209153
2,Pre,OOOOOOWO,44240,15390714,0.0028744605350992814
2,Pre,OOOOOOWW,96690,15390714,0.0062823596098270686
2,Pre,OOOOOWOO,4978,15390714,0.00032344178444222927
2,Pre,OOOOOWOW,50805,15390714,0.0033010164440714054
2,Pre,OOOOOWWO,62066,15390714,0.004032691400801808
2,Pre,OOOOOWWW,104900,15390714,0.006815798149455574
2,Pre,OOOOWOOO,11594,15390714,0.0007533113798359192
2,Pre,OOOOWOOW,120209,15390714,0.007810488844117304
2,Pre,OOOOWOWO,80815,15390714,0.005250893493310317
2,Pre,OOOOWOWW,82863,15390714,0.005383960744121423
2,Pre,OOOOWWOO,119826,15390714,0.007785603708833781
2,Pre,OOOOWWOW,63903,15390714,0.004152049086221731
2,Pre,OOOOWWWO,74816,15390714,0.004861113006193215
2,Pre,OOOOWWWW,50704,15390714,0.0032944540454718347
2,Pre,OOOWOOOO,10159,15390714,0.0006600733403271609
2,Pre,OOOWOOOW,67770,15390714,0.004403304486068678
2,Pre,OOOWOOWO,69085,15390714,0.004488745616350222
2,Pre,OOOWOOWW,56381,15390714,0.003663312826162581
2,Pre,OOOWOWOO,88199,15390714,0.005730663307758172
2,Pre,OOOWOWOW,122407,15390714,0.007953302231462426
2,Pre,OOOWOWWO,67261,15390714,0.004370232596096582
2,Pre,OOOWOWWW,43840,15390714,0.002848470837675237
2,Pre,OOOWWOOO,56766,15390714,0.0036883279099332233
2,Pre,OOOWWOOW,67959,15390714,0.004415584618101538
2,Pre,OOOWWOWO,64060,15390714,0.004162250042460668
2,Pre,OOOWWOWW,83263,15390714,0.005409950441545467
2,Pre,OOOWWWOO,67150,15390714,0.004363020455061409
2,Pre,OOOWWWOW,84092,15390714,0.005463814089456799
2,Pre,OOOWWWWO,37672,15390714,0.0024477097033964767
2,Pre,OOOWWWWW,47418,15390714,0.003080948681133312
2,Pre,OOWOOOOO,51357,15390714,0.0033368822265165865
2,Pre,OOWOOOOW,22376,15390714,0.0014538636739010288
2,Pre,OOWOOOWO,88959,15390714,0.005780043732863856
2,Pre,OOWOOOWW,89714,15390714,0.005829099286751739
2,Pre,OOWOOWOO,8584,15390714,0.0005577389067199872
2,Pre,OOWOOWOW,77884,15390714,0.005060453985435634
2,Pre,OOWOOWWO,73342,15390714,0.004765340971185613
2,Pre,OOWOOWWW,55256,15390714,0.0035902168021574566
2,Pre,OOWOWOOO,15232,15390714,0.0009896876779076007
2,Pre,OOWOWOOW,57160,15390714,0.0037139277618959067
2,Pre,OOWOWOWO,72689,15390714,0.00472291279014086
2,Pre,OOWOWOWW,87491,15390714,0.005684661543317614
2,Pre,OOWOWWOO,93630,15390714,0.006083538424533131
2,Pre,OOWOWWOW,63019,15390714,0.004094611854914594
2,Pre,OOWOWWWO,63967,15390714,0.004156207437809578
2,Pre,OOWOWWWW,77409,15390714,0.005029591219744581
2,Pre,OOWWOOOO,30269,15390714,0.0019667053783209796
2,Pre,OOWWOOOW,47552,15390714,0.0030896552297703665
2,Pre,OOWWOOWO,108101,15390714,0.007023780703091487
2,Pre,OOWWOOWW,84426,15390714,0.005485515486805875
2,Pre,OOWWOWOO,62093,15390714,0.004034445705377931
2,Pre,OOWWOWOW,48551,15390714,0.003154564499086917
2,Pre,OOWWOWWO,75848,15390714,0.004928166425547249
2,Pre,OOWWOWWW,70862,15390714,0.004604204847156538
2,Pre,OOWWWOOO,67965,15390714,0.004415974463562899
2,Pre,OOWWWOOW,60729,15390714,0.0039458208371619405
2,Pre,OOWWWOWO,46448,15390714,0.003017923664880005
2,Pre,OOWWWOWW,91396,15390714,0.005938385964419844
2,Pre,OOWWWWOO,78133,15390714,0.005076632572082101
2,Pre,OOWWWWOW,91886,15390714,0.0059702233437642985
2,Pre,OOWWWWWO,42966,15390714,0.002791683348803701
2,Pre,OOWWWWWW,64640,15390714,0.004199935103725532
2,Pre,OWOOOOOO,30260,15390714,0.0019661206101289387
2,Pre,OWOOOOOW,8628,15390714,0.0005605977734366319
2,Pre,OWOOOOWO,78046,15390714,0.005070979812892371
2,Pre,OWOOOOWW,54883,15390714,0.0035659814093095357
2,Pre,OWOOOWOO,21802,15390714,0.0014165684580975256
2,Pre,OWOOOWOW,31730,15390714,0.002061632748162301
2,Pre,OWOOOWWO,70571,15390714,0.004585297342280546
2,Pre,OWOOOWWW,47155,15390714,0.003063860455077003
2,Pre,OWOOWOOO,18680,15390714,0.001213718869702861
2,Pre,OWOOWOOW,35812,15390714,0.0023268576103746713
2,Pre,OWOOWOWO,59706,15390714,0.0038793521859999476
2,Pre,OWOOWOWW,95869,15390714,0.006229015755864218
2,Pre,OWOOWWOO,72878,15390714,0.004735192922173721
2,Pre,OWOOWWOW,34016,15390714,0.002210163868940713
2,Pre,OWOOWWWO,96865,15390714,0.0062937301024500875
2,Pre,OWOOWWWW,48849,15390714,0.0031739268236678298
2,Pre,OWOWOOOO,18654,15390714,0.0012120295393702983
2,Pre,OWOWOOOW,43164,15390714,0.0028045482490286025
2,Pre,OWOWOOWO,79235,15390714,0.005148234188485343
2,Pre,OWOWOOWW,83517,15390714,0.005426453899409735
2,Pre,OWOWOWOO,61723,15390714,0.00401040523526069
2,Pre,OWOWOWOW,41538,15390714,0.002698900128999863
2,Pre,OWOWOWWO,44410,15390714,0.0028855061565045003
2,Pre,OWOWOWWW,69557,15390714,0.004519413459310595
2,Pre,OWOWWOOO,70146,15390714,0.004557683288767499
2,Pre,OWOWWOOW,34730,15390714,0.002256555478842632
2,Pre,OWOWWOWO,42352,15390714,0.002751789163257793
2,Pre,OWOWWOWW,41422,15390714,0.0026913631167468904
2,Pre,OWOWWWOO,76826,15390714,0.004991711235749037
2,Pre,OWOWWWOW,53004,15390714,0.0034438948056600884
2,Pre,OWOWWWWO,62398,15390714,0.004054262849663765
2,Pre,OWOWWWWW,54575,15390714,0.0035459693422930216
2,Pre,OWWOOOOO,53159,15390714,0.0034539658134119054
2,Pre,OWWOOOOW,13934,15390714,0.0009053511097665774
2,Pre,OWWOOOWO,73009,15390714,0.004743704548080096
2,Pre,OWWOOOWW,70405,15390714,0.004574511617849568
2,Pre,OWWOOWOO,5894,15390714,0.0003829581915432903
2,Pre,OWWOOWOW,30768,15390714,0.001999127525857475
2,Pre,OWWOOWWO,55203,15390714,0.003586773167248771
2,Pre,OWWOOWWW,82173,15390714,0.005339128516064946
2,Pre,OWWOWOOO,20775,15390714,0.0013498399099612923
2,Pre,OWWOWOOW,51328,15390714,0.0033349979734533432
2,Pre,OWWOWOWO,52619,15390714,0.003418879721889446
2,Pre,OWWOWOWW,58635,15390714,0.0038097647711470696
2,Pre,OWWOWWOO,98812,15390714,0.006420234954661623
2,Pre,OWWOWWOW,37472,15390714,0.0024347148546844544
2,Pre,OWWOWWWO,75622,15390714,0.004913482246502664
2,Pre,OWWOWWWW,81747,15390714,0.005311449488308339
2,Pre,OWWWOOOO,2095,15390714,0.00013612104025843114
2,Pre,OWWWOOOW,66817,15390714,0.004341384031955892
2,Pre,OWWWOOWO,80660,15390714,0.0052408224855585
2,Pre,OWWWOOWW,46013,15390714,0.002989659868931357
2,Pre,OWWWOWOO,85595,15390714,0.005561470377527644
2,Pre,OWWWOWOW,48165,15390714,0.0031294844410727145
2,Pre,OWWWOWWO,43866,15390714,0.0028501601680078
2,Pre,OWWWOWWW,30837,15390714,0.0020036107486631227
2,Pre,OWWWWOOO,35439,15390714,0.0023026222175267503
2,Pre,OWWWWOOW,60218,15390714,0.003912618998702724
2,Pre,OWWWWOWO,78036,15390714,0.00507033007045677
2,Pre,OWWWWOWW,56614,15390714,0.0036784518249120867
2,Pre,OWWWWWOO,55067,15390714,0.003577936670124596
2,Pre,OWWWWWOW,80598,15390714,0.005236794082457773
2,Pre,OWWWWWWO,83012,15390714,0.005393641906411879
2,Pre,OWWWWWWW,38917,15390714,0.002528602636628814
2,Pre,WOOOOOOO,52362,15390714,0.0034021813412944977
2,Pre,WOOOOOOW,16319,15390714,0.0010603146806574405
2,Pre,WOOOOOWO,82260,15390714,0.0053447812752546765
2,Pre,WOOOOOWW,86452,15390714,0.005617153304258659
2,Pre,WOOOOWOO,42883,15390714,0.0027862904865882114
2,Pre,WOOOOWOW,67313,15390714,0.004373611256761707
2,Pre,WOOOOWWO,55570,15390714,0.0036106187146353313
2,Pre,WOOOOWWW,84822,15390714,0.005511245287255679
2,Pre,WOOOWOOO,3337,15390714,0.0002168190507600882
2,Pre,WOOOWOOW,79898,15390714,0.005191312111965695
2,Pre,WOOOWOWO,60378,15390714,0.003923014877672342
2,Pre,WOOOWOWW,95173,15390714,0.006183793682346381
2,Pre,WOOOWWOO,103046,15390714,0.00669533590189513
2,Pre,WOOOWWOW,77723,15390714,0.005049993132222456
2,Pre,WOOOWWWO,100860,15390714,0.006553302205472729
2,Pre,WOOOWWWW,64616,15390714,0.004198375721880089
2,Pre,WOOWOOOO,25851,15390714,0.0016796491702724123
2,Pre,WOOWOOOW,57520,15390714,0.0037373184895775464
2,Pre,WOOWOOWO,86968,15390714,0.0056506800139356755
2,Pre,WOOWOOWW,68520,15390714,0.00445203516873876
2,Pre,WOOWOWOO,65492,15390714,0.004255293159238747
2,Pre,WOOWOWOW,93366,15390714,0.006066385224233262
2,Pre,WOOWOWWO,88378,15390714,0.005742293697355431
2,Pre,WOOWOWWW,79237,15390714,0.005148364136972463
2,Pre,WOOWWOOO,96204,15390714,0.006250782127456855
2,Pre,WOOWWOOW,72758,15390714,0.004727396012946508
2,Pre,WOOWWOWO,33823,15390714,0.002197623839933612
2,Pre,WOOWWOWW,34171,15390714,0.0022202348766925304
2,Pre,WOOWWWOO,90679,15390714,0.005891799431787245
2,Pre,WOOWWWOW,65502,15390714,0.004255942901674348
2,Pre,WOOWWWWO,47770,15390714,0.003103819614866471
2,Pre,WOOWWWWW,53234,15390714,0.0034588388816789136
2,Pre,WOWOOOOO,37053,15390714,0.002407490646632768
2,Pre,WOWOOOOW,6294,15390714,0.0004089478889673345
2,Pre,WOWOOOWO,82130,15390714,0.005336334623591862
2,Pre,WOWOOOWW,65354,15390714,0.004246326713627451
2,Pre,WOWOOWOO,2906,15390714,0.00018881515178568065
2,Pre,WOWOOWOW,34208,15390714,0.0022226389237042544
2,Pre,WOWOOWWO,39890,15390714,0.0025918225756128015
2,Pre,WOWOOWWW,56142,15390714,0.0036477839819517143
2,Pre,WOWOWOOO,10650,15390714,0.000691975693915175
2,Pre,WOWOWOOW,45684,15390714,0.002968283342800081
2,Pre,WOWOWOWO,98500,15390714,0.006399962990670868
2,Pre,WOWOWOWW,71469,15390714,0.004643644212997526
2,Pre,WOWOWWOO,72230,15390714,0.00469308961234677
2,Pre,WOWOWWOW,40072,15390714,0.0026036478879407415
2,Pre,WOWOWWWO,93730,15390714,0.006090035848889142
2,Pre,WOWOWWWW,80739,15390714,0.005245955450799748
2,Pre,WOWWOOOO,12825,15390714,0.000833294673658415
2,Pre,WOWWOOOW,64136,15390714,0.004167188084971236
2,Pre,WOWWOOWO,74857,15390714,0.0048637769501791795
2,Pre,WOWWOOWW,37036,15390714,0.0024063860844922465
2,Pre,WOWWOWOO,41230,15390714,0.0026788880619833494
2,Pre,WOWWOWOW,52188,15390714,0.0033908758229150384
2,Pre,WOWWOWWO,71609,15390714,0.004652740607095941
2,Pre,WOWWOWWW,63050,15390714,0.004096626056464957
2,Pre,WOWWWOOO,41988,15390714,0.002728138538601913
2,Pre,WOWWWOOW,29754,15390714,0.001933243642887523
2,Pre,WOWWWOWO,43898,15390714,0.0028522393438017235
2,Pre,WOWWWOWW,56462,15390714,0.00366857573989095
2,Pre,WOWWWWOO,100028,15390714,0.006499243634830717
2,Pre,WOWWWWOW,69249,15390714,0.004499401392294081
2,Pre,WOWWWWWO,50886,15390714,0.0033062793577997747
2,Pre,WOWWWWWW,47775,15390714,0.0031041444860842714
2,Pre,WWOOOOOO,25887,15390714,0.0016819882430405763
2,Pre,WWOOOOOW,7695,15390714,0.000499976804195049
2,Pre,WWOOOOWO,72669,15390714,0.004721613305269658
2,Pre,WWOOOOWW,84725,15390714,0.005504942785630349
2,Pre,WWOOOWOO,9254,15390714,0.000601271649905261
2,Pre,WWOOOWOW,64725,15390714,0.004205457914428142
2,Pre,WWOOOWWO,46074,15390714,0.002993623297788524
2,Pre,WWOOOWWW,47362,15390714,0.0030773101234939457
2,Pre,WWOOWOOO,2845,15390714,0.0001848517229285139
2,Pre,WWOOWOOW,40220,15390714,0.0026132640759876377
2,Pre,WWOOWOWO,73367,15390714,0.004766965327274615
2,Pre,WWOOWOWW,78227,15390714,0.005082740150976752
2,Pre,WWOOWWOO,38510,15390714,0.0025021581194998492
2,Pre,WWOOWWOW,61149,15390714,0.003973110019457187
2,Pre,WWOOWWWO,74483,15390714,0.0048394765830876985
2,Pre,WWOOWWWW,42960,15390714,0.0027912935033423403
2,Pre,WWOWOOOO,14167,15390714,0.0009204901085160831
2,Pre,WWOWOOOW,41726,15390714,0.002711115286789164
2,Pre,WWOWOOWO,69377,15390714,0.004507718095469774
2,Pre,WWOWOOWW,59987,15390714,0.0038976099484403386
2,Pre,WWOWOWOO,46018,15390714,0.0029899847401491575
2,Pre,WWOWOWOW,70119,15390714,0.004555928984191377
2,Pre,WWOWOWWO,41178,15390714,0.0026755094013182234
2,Pre,WWOWOWWW,59539,15390714,0.0038685014873254095
2,Pre,WWOWWOOO,82254,15390714,0.005344391429793316
2,Pre,WWOWWOOW,52864,15390714,0.003434798411561673
2,Pre,WWOWWOWO,64114,15390714,0.004165758651612914
2,Pre,WWOWWOWW,61150,15390714,0.003973174993700747
2,Pre,WWOWWWOO,52123,15390714,0.003386652497083631
2,Pre,WWOWWWOW,80595,15390714,0.005236599159727092
2,Pre,WWOWWWWO,81498,15390714,0.005295270901661872
2,Pre,WWOWWWWW,38393,15390714,0.002494556133003316
2,Pre,WWWOOOOO,97057,15390714,0.006306205157213629
2,Pre,WWWOOOOW,19790,15390714,0.0012858402800545836
2,Pre,WWWOOOWO,45339,15390714,0.0029458672287718426
2,Pre,WWWOOOWW,74565,15390714,0.004844804471059627
2,Pre,WWWOOWOO,9760,15390714,0.0006341486171466769
2,Pre,WWWOOWOW,48476,15390714,0.003149691430819909
2,Pre,WWWOOWWO,36223,15390714,0.0023535620244778768
2,Pre,WWWOOWWW,82332,15390714,0.0053494594207910045
2,Pre,WWWOWOOO,12598,15390714,0.00081854552037027
2,Pre,WWWOWOOW,68448,15390714,0.004447357023202432
2,Pre,WWWOWOWO,63528,15390714,0.00412768374488669
2,Pre,WWWOWOWW,74164,15390714,0.004818749799392023
2,Pre,WWWOWWOO,56549,15390714,0.0036742284990806794
2,Pre,WWWOWWOW,43738,15390714,0.002841843464832106
2,Pre,WWWOWWWO,92412,15390714,0.006004399795876916
2,Pre,WWWOWWWW,69220,15390714,0.004497517139230837
2,Pre,WWWWOOOO,9742,15390714,0.000632979080762595
2,Pre,WWWWOOOW,50531,15390714,0.0032832135013359355
2,Pre,WWWWOOWO,50250,15390714,0.0032649557388955445
2,Pre,WWWWOOWW,74682,15390714,0.004852406457556161
2,Pre,WWWWOWOO,80503,15390714,0.0052306215293195625
2,Pre,WWWWOWOW,49484,15390714,0.0032151854683285
2,Pre,WWWWOWWO,28841,15390714,0.0018739221585171422
2,Pre,WWWWOWWW,60300,15390714,0.003917946886674653
2,Pre,WWWWWOOO,41635,15390714,0.002705202630625194
2,Pre,WWWWWOOW,74737,15390714,0.004855980040951966
2,Pre,WWWWWOWO,49570,15390714,0.0032207732532746696
2,Pre,WWWWWOWW,71668,15390714,0.004656574087465988
2,Pre,WWWWWWOO,70298,15390714,0.004567559373788637
2,Pre,WWWWWWOW,67538,15390714,0.0043882304615627315
2,Pre,WWWWWWWO,91221,15390714,0.0059270154717968255
2,Pre,WWWWWWWW,552176,15390714,0.03587721791204748
3,Neg,OOOOOOOO,9078,3668159,0.0024748109337681384
3,Neg,OOOOOOOW,14125,3668159,0.003850705490138241
3,Neg,OOOOOOWO,3074,3668159,0.0008380225611812356
3,Neg,OOOOOOWW,19933,3668159,0.005434061064419508
3,Neg,OOOOOWOO,1233,3668159,0.0003361359199533063
3,Neg,OOOOOWOW,7223,3668159,0.0019691076640898065
3,Neg,OOOOOWWO,23166,3668159,0.0063154296201446015
3,Neg,OOOOOWWW,27219,3668159,0.0074203435565361265
3,Neg,OOOOWOOO,2380,3668159,0.0006488268365684258
3,Neg,OOOOWOOW,16790,3668159,0.004577227977304146
3,Neg,OOOOWOWO,30871,3668159,0.008415938349455409
3,Neg,OOOOWOWW,12003,3668159,0.0032722136635843758
3,Neg,OOOOWWOO,35321,3668159,0.009629080964047633
3,Neg,OOOOWWOW,7393,3668159,0.0020154524381304083
3,Neg,OOOOWWWO,13107,3668159,0.0035731820785304016
3,Neg,OOOOWWWW,11864,3668159,0.0032343199953982367
3,Neg,OOOWOOOO,4873,3668159,0.0013284593170579575
3,Neg,OOOWOOOW,11701,3668159,0.003189883535582836
3,Neg,OOOWOOWO,9717,3668159,0.0026490127608972238
3,Neg,OOOWOOWW,7360,3668159,0.002006456099640174
3,Neg,OOOWOWOO,6499,3668159,0.0017717334499404197
3,Neg,OOOWOWOW,21788,3668159,0.005939764334097841
3,Neg,OOOWOWWO,8921,3668159,0.002432010171860053
3,Neg,OOOWOWWW,1481,3668159,0.00040374476678900777
3,Neg,OOOWWOOO,8100,3668159,0.002208192174875735
3,Neg,OOOWWOOW,12778,3668159,0.003483491309945943
3,Neg,OOOWWOWO,7907,3668159,0.0021555772255237573
3,Neg,OOOWWOWW,5347,3668159,0.0014576794517358709
3,Neg,OOOWWWOO,21687,3668159,0.005912230085991365
3,Neg,OOOWWWOW,12661,3668159,0.0034515952007532933
3,Neg,OOOWWWWO,11042,3668159,0.0030102293820960324
3,Neg,OOOWWWWW,8627,3668159,0.0023518609744016005
3,Neg,OOWOOOOO,45272,3668159,0.012341885943330156
3,Neg,OOWOOOOW,2584,3668159,0.000704440565417148
3,Neg,OOWOOOWO,23035,3668159,0.0062797168825015496
3,Neg,OOWOOOWW,6602,3668159,0.0017998129306826666
3,Neg,OOWOOWOO,7554,3668159,0.002059343665310037
3,Neg,OOWOOWOW,16150,3668159,0.004402753533857174
3,Neg,OOWOOWWO,22278,3668159,0.006073346329861928
3,Neg,OOWOOWWW,22658,3668159,0.006176940530658567
3,Neg,OOWOWOOO,4355,3668159,0.0011872440643930647
3,Neg,OOWOWOOW,7188,3668159,0.0019595660929638
3,Neg,OOWOWOWO,19328,3668159,0.005269128192098543
3,Neg,OOWOWOWW,16450,3668159,0.0044845384292229425
3,Neg,OOWOWWOO,56633,3668159,0.015439079930831788
3,Neg,OOWOWWOW,9237,3668159,0.002518156928311995
3,Neg,OOWOWWWO,16269,3668159,0.004435194875685596
3,Neg,OOWOWWWW,10808,3668159,0.0029464371637107334
3,Neg,OOWWOOOO,13333,3668159,0.0036347933663726135
3,Neg,OOWWOOOW,13303,3668159,0.0036266148768360367
3,Neg,OOWWOOWO,34384,3668159,0.00937363947418855
3,Neg,OOWWOOWW,8521,3668159,0.002322963644705696
3,Neg,OOWWOWOO,7395,3668159,0.00201599767076618
3,Neg,OOWWOWOW,9769,3668159,0.0026631888094272903
3,Neg,OOWWOWWO,27096,3668159,0.007386811749436162
3,Neg,OOWWOWWW,16086,3668159,0.0043853060895124776
3,Neg,OOWWWOOO,18769,3668159,0.005116735670400329
3,Neg,OOWWWOOW,2933,3668159,0.0007995836603593247
3,Neg,OOWWWOWO,12951,3668159,0.0035306539329402024
3,Neg,OOWWWOWW,21676,3668159,0.0059092313064946205
3,Neg,OOWWWWOO,26740,3668159,0.007289760340268783
3,Neg,OOWWWWOW,24661,3668159,0.006722991015384011
3,Neg,OOWWWWWO,15867,3668159,0.004325603115895467
3,Neg,OOWWWWWW,7126,3668159,0.0019426638812548747
3,Neg,OWOOOOOO,19901,3668159,0.00542533734224716
3,Neg,OWOOOOOW,253,3668159,6.897192842513097e-05
3,Neg,OWOOOOWO,24284,3668159,0.0066202146635410295
3,Neg,OWOOOOWW,25285,3668159,0.006893103597744809
3,Neg,OWOOOWOO,4412,3668159,0.0012027831945125606
3,Neg,OWOOOWOW,9041,3668159,0.00246472413000636
3,Neg,OWOOOWWO,20299,3668159,0.005533838636765745
3,Neg,OWOOOWWW,12897,3668159,0.0035159326517743643
3,Neg,OWOOWOOO,2249,3668159,0.0006131140989253738
3,Neg,OWOOWOOW,8254,3668159,0.002250175087830162
3,Neg,OWOOWOWO,9152,3668159,0.002494984541291694
3,Neg,OWOOWOWW,28839,3668159,0.007861981991511273
3,Neg,OWOOWWOO,5428,3668159,0.0014797613734846282
3,Neg,OWOOWWOW,10896,3668159,0.002970427399684692
3,Neg,OWOOWWWO,27262,3668159,0.0074320660582052195
3,Neg,OWOOWWWW,4030,3668159,0.0010986437610801495
3,Neg,OWOWOOOO,4416,3668159,0.0012038736597841041
3,Neg,OWOWOOOW,30751,3668159,0.008383224391309101
3,Neg,OWOWOOWO,40265,3668159,0.010976896039675488
3,Neg,OWOWOOWW,28174,3668159,0.007680692140117154
3,Neg,OWOWOWOO,25083,3668159,0.0068380351015318586
3,Neg,OWOWOWOW,8539,3668159,0.0023278707384276416
3,Neg,OWOWOWWO,8514,3668159,0.0023210553304804944
3,Neg,OWOWOWWW,5979,3668159,0.0016299729646397552
3,Neg,OWOWWOOO,8589,3668159,0.0023415015543219366
3,Neg,OWOWWOOW,6246,3668159,0.0017027615215152888
3,Neg,OWOWWOWO,4869,3668159,0.0013273688517864137
3,Neg,OWOWWOWW,5682,3668159,0.001549005918227645
3,Neg,OWOWWWOO,28799,3668159,0.007851077338795837
3,Neg,OWOWWWOW,13189,3668159,0.003595536616597045
3,Neg,OWOWWWWO,6552,3668159,0.001786182114788372
3,Neg,OWOWWWWW,18749,3668159,0.005111283344042611
3,Neg,OWWOOOOO,10495,3668159,0.0028611082562124486
3,Neg,OWWOOOOW,10040,3668159,0.0027370678315743672
3,Neg,OWWOOOWO,7053,3668159,0.0019227628900492044
3,Neg,OWWOOOWW,15854,3668159,0.00432205910376295
3,Neg,OWWOOWOO,175,3668159,4.770785563003131e-05
3,Neg,OWWOOWOW,5929,3668159,0.0016163421487454606
3,Neg,OWWOOWWO,5004,3668159,0.0013641720547010094
3,Neg,OWWOOWWW,24005,3668159,0.006544154710850865
3,Neg,OWWOWOOO,5915,3668159,0.0016125255202950582
3,Neg,OWWOWOOW,10887,3668159,0.002967973852823719
3,Neg,OWWOWOWO,12282,3668159,0.0033482736162745398
3,Neg,OWWOWOWW,9342,3668159,0.002546781641690014
3,Neg,OWWOWWOO,16518,3668159,0.004503076338839183
3,Neg,OWWOWWOW,1712,3668159,0.0004667191362206491
3,Neg,OWWOWWWO,36343,3668159,0.009907694840927015
3,Neg,OWWOWWWW,6338,3668159,0.001727842222760791
3,Neg,OWWWOOOO,1591,3668159,0.000433732561756456
3,Neg,OWWWOOOW,11834,3668159,0.00322614150586166
3,Neg,OWWWOOWO,5971,3668159,0.001627792034096668
3,Neg,OWWWOOWW,9639,3668159,0.0026277486881021244
3,Neg,OWWWOWOO,18009,3668159,0.00490954726880705
3,Neg,OWWWOWOW,6392,3668159,0.001742563503926629
3,Neg,OWWWOWWO,1581,3668159,0.0004310063985775971
3,Neg,OWWWOWWW,17224,3668159,0.004695543459266624
3,Neg,OWWWWOOO,2449,3668159,0.0006676373625025524
3,Neg,OWWWWOOW,13738,3668159,0.0037452029751164004
3,Neg,OWWWWOWO,12716,3668159,0.0034665890982370174
3,Neg,OWWWWOWW,8600,3668159,0.0023445003338186813
3,Neg,OWWWWWOO,12310,3668159,0.003355906873175345
3,Neg,OWWWWWOW,20139,3668159,0.0054902200259040026
3,Neg,OWWWWWWO,12743,3668159,0.0034739497388199367
3,Neg,OWWWWWWW,6766,3668159,0.001844522006815953
3,Neg,WOOOOOOO,22586,3668159,0.006157312155770783
3,Neg,WOOOOOOW,6725,3668159,0.0018333447377826316
3,Neg,WOOOOOWO,40945,3668159,0.011162275135837896
3,Neg,WOOOOOWW,14408,3668159,0.003927855908099949
3,Neg,WOOOOWOO,10010,3668159,0.0027288893420377904
3,Neg,WOOOOWOW,16604,3668159,0.00452652134217737
3,Neg,WOOOOWWO,18971,3668159,0.005171804166613279
3,Neg,WOOOOWWW,23247,3668159,0.006337511541893359
3,Neg,WOOOWOOO,201,3668159,5.4795879895064524e-05
3,Neg,WOOOWOOW,18836,3668159,0.005135000963698684
3,Neg,WOOOWOWO,31556,3668159,0.008602680527207245
3,Neg,WOOOWOWW,20691,3668159,0.0056407042333770155
3,Neg,WOOOWWOO,49248,3668159,0.013425808423244466
3,Neg,WOOOWWOW,26541,3668159,0.00723550969300949
3,Neg,WOOOWWWO,24702,3668159,0.006734168284417333
3,Neg,WOOOWWWW,18757,3668159,0.005113464274585698
3,Neg,WOOWOOOO,8016,3668159,0.0021852924041733195
3,Neg,WOOWOOOW,6092,3668159,0.0016607786085608611
3,Neg,WOOWOOWO,17032,3668159,0.004643201126232533
3,Neg,WOOWOOWW,11434,3668159,0.0031170949787073026
3,Neg,WOOWOWOO,7168,3668159,0.0019541137666060824
3,Neg,WOOWOWOW,19908,3668159,0.0054272456564723615
3,Neg,WOOWOWWO,33148,3668159,0.009036685705281588
3,Neg,WOOWOWWW,5745,3668159,0.0015661807462544561
3,Neg,WOOWWOOO,20599,3668159,0.0056156235321315135
3,Neg,WOOWWOOW,24303,3668159,0.006625394373580861
3,Neg,WOOWWOWO,333,3668159,9.078123385600243e-05
3,Neg,WOOWWOWW,7197,3668159,0.001962019639824773
3,Neg,WOOWWWOO,53483,3668159,0.014580338529491225
3,Neg,WOOWWWOW,29107,3668159,0.007935043164704692
3,Neg,WOOWWWWO,16939,3668159,0.004617847808669144
3,Neg,WOOWWWWW,4965,3668159,0.0013535400183034595
3,Neg,WOWOOOOO,19509,3668159,0.00531847174563589
3,Neg,WOWOOOOW,538,3668159,0.00014666757902261052
3,Neg,WOWOOOWO,12848,3668159,0.0035025744521979553
3,Neg,WOWOOOWW,10246,3668159,0.0027932267930588614
3,Neg,WOWOOWOO,171,3668159,4.661739035848773e-05
3,Neg,WOWOOWOW,7489,3668159,0.002041623604647454
3,Neg,WOWOOWWO,4188,3668159,0.0011417171393061207
3,Neg,WOWOOWWW,3819,3668159,0.001041121718006226
3,Neg,WOWOWOOO,8422,3668159,0.0022959746292349923
3,Neg,WOWOWOOW,12222,3668159,0.003331916637201386
3,Neg,WOWOWOWO,38030,3668159,0.010367598569200517
3,Neg,WOWOWOWW,10058,3668159,0.0027419749252963134
3,Neg,WOWOWWOO,13552,3668159,0.0036944963399896244
3,Neg,WOWOWWOW,3101,3668159,0.0008453832017641548
3,Neg,WOWOWWWO,29279,3668159,0.007981933171381066
3,Neg,WOWOWWWW,6689,3668159,0.0018235305503387395
3,Neg,WOWWOOOO,411,3668159,0.0001120453066511021
3,Neg,WOWWOOOW,16728,3668159,0.0045603257655952205
3,Neg,WOWWOOWO,27320,3668159,0.007447877804642601
3,Neg,WOWWOOWW,12507,3668159,0.0034096122877988657
3,Neg,WOWWOWOO,14853,3668159,0.004049170169559171
3,Neg,WOWWOWOW,2917,3668159,0.0007952217992731504
3,Neg,WOWWOWWO,15455,3668159,0.004213285192926479
3,Neg,WOWWOWWW,33545,3668159,0.009144914383482286
3,Neg,WOWWWOOO,1529,3668159,0.00041683035004753065
3,Neg,WOWWWOOW,6308,3668159,0.0017196637332242142
3,Neg,WOWWWOWO,5804,3668159,0.001582265109009724
3,Neg,WOWWWOWW,8447,3668159,0.0023027900371821396
3,Neg,WOWWWWOO,39799,3668159,0.010849856835540662
3,Neg,WOWWWWOW,33019,3668159,0.009001518200274306
3,Neg,WOWWWWWO,18845,3668159,0.005137454510559657
3,Neg,WOWWWWWW,7538,3668159,0.002054981804223863
3,Neg,WWOOOOOO,10495,3668159,0.0028611082562124486
3,Neg,WWOOOOOW,212,3668159,5.779465939180935e-05
3,Neg,WWOOOOWO,14355,3668159,0.0039134072432519965
3,Neg,WWOOOOWW,20554,3668159,0.0056033557978266485
3,Neg,WWOOOWOO,16723,3668159,0.004558962684005792
3,Neg,WWOOOWOW,13394,3668159,0.003651422961763653
3,Neg,WWOOOWWO,8964,3668159,0.002443732673529146
3,Neg,WWOOOWWW,12651,3668159,0.0034488690375744347
3,Neg,WWOOWOOO,174,3668159,4.743523931214541e-05
3,Neg,WWOOWOOW,13749,3668159,0.003748201754613145
3,Neg,WWOOWOWO,28288,3668159,0.0077117704003561455
3,Neg,WWOOWOWW,18424,3668159,0.005022683040729696
3,Neg,WWOOWWOO,2790,3668159,0.0007605995269016419
3,Neg,WWOOWWOW,26084,3668159,0.007110924035735638
3,Neg,WWOOWWWO,19410,3668159,0.005291482730165186
3,Neg,WWOOWWWW,12810,3668159,0.0034922150321182914
3,Neg,WWOWOOOO,4422,3668159,0.0012055093576914197
3,Neg,WWOWOOOW,4239,3668159,0.0011556205715183012
3,Neg,WWOWOOWO,11659,3668159,0.0031784336502316286
3,Neg,WWOWOOWW,14159,3668159,0.0038599744449463614
3,Neg,WWOWOWOO,4429,3668159,0.0012074176719166208
3,Neg,WWOWOWOW,26951,3668159,0.007347282383342707
3,Neg,WWOWOWWO,8585,3668159,0.002340411089050393
3,Neg,WWOWOWWW,4603,3668159,0.0012548529112287661
3,Neg,WWOWWOOO,12562,3668159,0.00342460618528259
3,Neg,WWOWWOOW,2018,3668159,0.0005501397294937324
3,Neg,WWOWWOWO,9099,3668159,0.002480535876443742
3,Neg,WWOWWOWW,16033,3668159,0.0043708574246645255
3,Neg,WWOWWWOO,8499,3668159,0.002316966085712206
3,Neg,WWOWWWOW,19755,3668159,0.0053855353598358194
3,Neg,WWOWWWWO,9376,3668159,0.0025560505964981346
3,Neg,WWOWWWWW,18955,3668159,0.005167442305527105
3,Neg,WWWOOOOO,38709,3668159,0.010552705049045038
3,Neg,WWWOOOOW,2698,3668159,0.0007355188256561398
3,Neg,WWWOOOWO,4770,3668159,0.0013003798363157104
3,Neg,WWWOOOWW,37888,3668159,0.01032888705206072
3,Neg,WWWOOWOO,3561,3668159,0.0009707867079916656
3,Neg,WWWOOWOW,8936,3668159,0.0024360994166283414
3,Neg,WWWOOWWO,14230,3668159,0.0038793302035162597
3,Neg,WWWOOWWW,14660,3668159,0.003996555220207194
3,Neg,WWWOWOOO,1744,3668159,0.0004754428583929977
3,Neg,WWWOWOOW,15453,3668159,0.004212739960290707
3,Neg,WWWOWOWO,9786,3668159,0.0026678232868313505
3,Neg,WWWOWOWW,5820,3668159,0.0015866269700958982
3,Neg,WWWOWWOO,3969,3668159,0.00108201416568911
3,Neg,WWWOWWOW,14282,3668159,0.0038935062520463262
3,Neg,WWWOWWWO,19164,3668159,0.005224419115965257
3,Neg,WWWOWWWW,5747,3668159,0.0015667259788902281
3,Neg,WWWWOOOO,1800,3668159,0.0004907093721946077
3,Neg,WWWWOOOW,19167,3668159,0.005225236964918914
3,Neg,WWWWOOWO,13418,3668159,0.0036579657533929145
3,Neg,WWWWOOWW,5195,3668159,0.001416241771417215
3,Neg,WWWWOWOO,15220,3668159,0.004149220358223294
3,Neg,WWWWOWOW,9598,3668159,0.0026165714190688025
3,Neg,WWWWOWWO,2157,3668159,0.0005880333976798715
3,Neg,WWWWOWWW,17724,3668159,0.00483185161820957
3,Neg,WWWWWOOO,28155,3668159,0.0076755124300773225
3,Neg,WWWWWOOW,12184,3668159,0.0033215572171217222
3,Neg,WWWWWOWO,13129,3668159,0.0035791796375238914
3,Neg,WWWWWOWW,9878,3668159,0.0026929039880768525
3,Neg,WWWWWWOO,18117,3668159,0.004938989831138727
3,Neg,WWWWWWOW,11377,3668159,0.0031015558485878066
3,Neg,WWWWWWWO,15829,3668159,0.004315243695815803
3,Neg,WWWWWWWW,105938,3668159,0.02888042748419575
3,Pos,OOOOOOOO,90384,15458642,0.005846826648809126
3,Pos,OOOOOOOW,21782,15458642,0.0014090500316910114
3,Pos,OOOOOOWO,53727,15458642,0.003475531679949636
3,Pos,OOOOOOWW,50073,15458642,0.003239159041266367
3,Pos,OOOOOWOO,10566,15458642,0.0006835011768821608
3,Pos,OOOOOWOW,36426,15458642,0.002356351871011697
3,Pos,OOOOOWWO,43593,15458642,0.0028199760367049057
3,Pos,OOOOOWWW,54330,15458642,0.0035145389873185496
3,Pos,OOOOWOOO,25101,15458642,0.0016237519440582167
3,Pos,OOOOWOOW,85594,15458642,0.005536967606857058
3,Pos,OOOOWOWO,135938,15458642,0.008793657295382092
3,Pos,OOOOWOWW,28527,15458642,0.001845375551099508
3,Pos,OOOOWWOO,112148,15458642,0.0072547122832652446
3,Pos,OOOOWWOW,93368,15458642,0.006039857834860268
3,Pos,OOOOWWWO,68205,15458642,0.004412095189215198
3,Pos,OOOOWWWW,36973,15458642,0.002391736609205388
3,Pos,OOOWOOOO,17261,15458642,0.0011165922595270659
3,Pos,OOOWOOOW,39971,15458642,0.002585673437550336
3,Pos,OOOWOOWO,76000,15458642,0.004916343880659116
3,Pos,OOOWOOWW,33842,15458642,0.0021891961790692868
3,Pos,OOOWOWOO,71440,15458642,0.004621363247819569
3,Pos,OOOWOWOW,142058,15458642,0.009189552355245694
3,Pos,OOOWOWWO,57768,15458642,0.0037369388591831027
3,Pos,OOOWOWWW,11154,15458642,0.0007215381532219971
3,Pos,OOOWWOOO,38642,15458642,0.002499702108374073
3,Pos,OOOWWOOW,28706,15458642,0.0018569548347131656
3,Pos,OOOWWOWO,48555,15458642,0.0031409615411237286
3,Pos,OOOWWOWW,49052,15458642,0.0031731118425538285
3,Pos,OOOWWWOO,76128,15458642,0.00492462403877391
3,Pos,OOOWWWOW,40882,15458642,0.0026446048753829736
3,Pos,OOOWWWWO,26995,15458642,0.0017462724086630638
3,Pos,OOOWWWWW,29359,15458642,0.001899196578845671
3,Pos,OOWOOOOO,216024,15458642,0.013974319348361906
3,Pos,OOWOOOOW,19291,15458642,0.0012479103921288817
3,Pos,OOWOOOWO,78999,15458642,0.005110345397739336
3,Pos,OOWOOOWW,51716,15458642,0.003345442633317985
3,Pos,OOWOOWOO,9482,15458642,0.0006133785878474965
3,Pos,OOWOOWOW,102699,15458642,0.006643468423681718
3,Pos,OOWOOWWO,70756,15458642,0.004577116152893637
3,Pos,OOWOOWWW,17380,15458642,0.0011242902190244136
3,Pos,OOWOWOOO,10291,15458642,0.0006657117746824075
3,Pos,OOWOWOOW,64490,15458642,0.004171776537680348
3,Pos,OOWOWOWO,68051,15458642,0.004402133123983336
3,Pos,OOWOWOWW,75261,15458642,0.004868538905293233
3,Pos,OOWOWWOO,180427,15458642,0.011671594438890558
3,Pos,OOWOWWOW,75976,15458642,0.004914791351012592
3,Pos,OOWOWWWO,38814,15458642,0.0025108285708408283
3,Pos,OOWOWWWW,42756,15458642,0.0027658315652823837
3,Pos,OOWWOOOO,103555,15458642,0.0066988419810744045
3,Pos,OOWWOOOW,88355,15458642,0.005715573204942582
3,Pos,OOWWOOWO,143017,15458642,0.00925158885237138
3,Pos,OOWWOOWW,40212,15458642,0.0026012634227508473
3,Pos,OOWWOWOO,162581,15458642,0.01051715926922947
3,Pos,OOWWOWOW,77884,15458642,0.005038217457911245
3,Pos,OOWWOWWO,65247,15458642,0.004220745910281123
3,Pos,OOWWOWWW,70467,15458642,0.004558421108400078
3,Pos,OOWWWOOO,116800,15458642,0.007555644279749799
3,Pos,OOWWWOOW,83606,15458642,0.005408366401136659
3,Pos,OOWWWOWO,88317,15458642,0.005713115033002252
3,Pos,OOWWWOWW,61024,15458642,0.003947565381228183
3,Pos,OOWWWWOO,116714,15458642,0.007550081048516422
3,Pos,OOWWWWOW,109345,15458642,0.007073389758298304
3,Pos,OOWWWWWO,81783,15458642,0.0052904388367361116
3,Pos,OOWWWWWW,76637,15458642,0.004957550605027272
3,Pos,OWOOOOOO,40678,15458642,0.00263140837338752
3,Pos,OWOOOOOW,18203,15458642,0.0011775290481531302
3,Pos,OWOOOOWO,113060,15458642,0.007313708409833154
3,Pos,OWOOOOWW,51589,15458642,0.0033372271639384625
3,Pos,OWOOOWOO,18082,15458642,0.0011697017111852387
3,Pos,OWOOOWOW,26592,15458642,0.0017202028483485159
3,Pos,OWOOOWWO,17683,15458642,0.0011438909058117783
3,Pos,OWOOOWWW,15568,15458642,0.001007074230711857
3,Pos,OWOOWOOO,30487,15458642,0.0019721654722322955
3,Pos,OWOOWOOW,30567,15458642,0.0019773405710540423
3,Pos,OWOOWOWO,67939,15458642,0.0043948879856328905
3,Pos,OWOOWOWW,33050,15458642,0.002137962700733997
3,Pos,OWOOWWOO,58262,15458642,0.0037688950944073873
3,Pos,OWOOWWOW,31233,15458642,0.0020204232687450812
3,Pos,OWOOWWWO,74576,15458642,0.0048242271216320295
3,Pos,OWOOWWWW,27369,15458642,0.0017704659956547283
3,Pos,OWOWOOOO,23874,15458642,0.0015443788658796808
3,Pos,OWOWOOOW,34478,15458642,0.002230338214702171
3,Pos,OWOWOOWO,64447,15458642,0.004168994922063659
3,Pos,OWOWOOWW,45616,15458642,0.0029508413481598187
3,Pos,OWOWOWOO,84816,15458642,0.0054866397708155734
3,Pos,OWOWOWOW,47001,15458642,0.003040435246511304
3,Pos,OWOWOWWO,8453,15458642,0.000546813879252783
3,Pos,OWOWOWWW,45089,15458642,0.002916750384671564
3,Pos,OWOWWOOO,66623,15458642,0.004309757610015162
3,Pos,OWOWWOOW,18484,15458642,0.0011957065827645145
3,Pos,OWOWWOWO,39893,15458642,0.0025806277161991333
3,Pos,OWOWWOWW,38947,15458642,0.0025194321726319815
3,Pos,OWOWWWOO,61482,15458642,0.003977192821982682
3,Pos,OWOWWWOW,52352,15458642,0.003386584668950869
3,Pos,OWOWWWWO,56342,15458642,0.003644692722685473
3,Pos,OWOWWWWW,41719,15458642,0.0026987493468054956
3,Pos,OWWOOOOO,145616,15458642,0.009419714875342867
3,Pos,OWWOOOOW,14919,15458642,0.0009650912415204389
3,Pos,OWWOOOWO,79866,15458642,0.005166430531220013
3,Pos,OWWOOOWW,32311,15458642,0.0020901577253681146
3,Pos,OWWOOWOO,7909,15458642,0.0005116232072649073
3,Pos,OWWOOWOW,26832,15458642,0.0017357281448137554
3,Pos,OWWOOWWO,43433,15458642,0.002809625839061413
3,Pos,OWWOOWWW,21388,15458642,0.0013835626699939103
3,Pos,OWWOWOOO,35471,15458642,0.002294574128827099
3,Pos,OWWOWOOW,60749,15458642,0.0039297759790284294
3,Pos,OWWOWOWO,49212,15458642,0.0031834620401973214
3,Pos,OWWOWOWW,27878,15458642,0.00180339256190809
3,Pos,OWWOWWOO,111970,15458642,0.007243197688386859
3,Pos,OWWOWWOW,38902,15458642,0.002516521179544749
3,Pos,OWWOWWWO,39761,15458642,0.0025720888031432517
3,Pos,OWWOWWWW,89611,15458642,0.005796822256444001
3,Pos,OWWWOOOO,2074,15458642,0.0001341644369537764
3,Pos,OWWWOOOW,58005,15458642,0.0037522700894425266
3,Pos,OWWWOOWO,96204,15458642,0.006223315088091179
3,Pos,OWWWOOWW,26503,15458642,0.0017144455509093231
3,Pos,OWWWOWOO,106504,15458642,0.0068896090613910325
3,Pos,OWWWOWOW,99609,15458642,0.006443580231691762
3,Pos,OWWWOWWO,32939,15458642,0.002130782251118824
3,Pos,OWWWOWWW,20192,15458642,0.001306194942608801
3,Pos,OWWWWOOO,26427,15458642,0.001709529207028664
3,Pos,OWWWWOOW,99252,15458642,0.006420486353199718
3,Pos,OWWWWOWO,60850,15458642,0.003936309541290884
3,Pos,OWWWWOWW,40446,15458642,0.0026164005868044553
3,Pos,OWWWWWOO,84588,15458642,0.0054718907391735966
3,Pos,OWWWWWOW,113296,15458642,0.007328974951357306
3,Pos,OWWWWWWO,109899,15458642,0.007109227317638897
3,Pos,OWWWWWWW,27093,15458642,0.001752611904719703
3,Pos,WOOOOOOO,129341,15458642,0.008366905708793825
3,Pos,WOOOOOOW,13175,15458642,0.0008522740872063666
3,Pos,WOOOOOWO,105760,15458642,0.006841480642348791
3,Pos,WOOOOOWW,40024,15458642,0.002589101940519743
3,Pos,WOOOOWOO,36411,15458642,0.0023553815399826195
3,Pos,WOOOOWOW,42466,15458642,0.002747071832053553
3,Pos,WOOOOWWO,30676,15458642,0.0019843916431986717
3,Pos,WOOOOWWW,42219,15458642,0.002731093714441411
3,Pos,WOOOWOOO,9592,15458642,0.000620494348727398
3,Pos,WOOOWOOW,63143,15458642,0.004084640811269192
3,Pos,WOOOWOWO,125827,15458642,0.008139589493048613
3,Pos,WOOOWOWW,39189,15458642,0.0025350868465677644
3,Pos,WOOOWWOO,164195,15458642,0.010621566887958204
3,Pos,WOOOWWOW,71834,15458642,0.004646850609516671
3,Pos,WOOOWWWO,71293,15458642,0.00461185400373461
3,Pos,WOOOWWWW,48607,15458642,0.0031443253553578637
3,Pos,WOOWOOOO,37339,15458642,0.0024154126863148782
3,Pos,WOOWOOOW,38241,15458642,0.0024737619255300694
3,Pos,WOOWOOWO,94635,15458642,0.006121818462449677
3,Pos,WOOWOOWW,37105,15458642,0.0024002755222612697
3,Pos,WOOWOWOO,89457,15458642,0.005786860191212139
3,Pos,WOOWOWOW,83799,15458642,0.005420851327044122
3,Pos,WOOWOWWO,53799,15458642,0.0034801892688892076
3,Pos,WOOWOWWW,27238,15458642,0.0017619917713341184
3,Pos,WOOWWOOO,91994,15458642,0.005950975512596773
3,Pos,WOOWWOOW,59060,15458642,0.0038205167051543077
3,Pos,WOOWWOWO,55810,15458642,0.0036102783155208588
3,Pos,WOOWWOWW,33490,15458642,0.002166425744253603
3,Pos,WOOWWWOO,52655,15458642,0.0034061853557382335
3,Pos,WOOWWWOW,30413,15458642,0.0019673785058221802
3,Pos,WOOWWWWO,47759,15458642,0.003089469307847352
3,Pos,WOOWWWWW,56066,15458642,0.0036268386317504474
3,Pos,WOWOOOOO,270850,15458642,0.017520943948375285
3,Pos,WOWOOOOW,10806,15458642,0.0006990264733474001
3,Pos,WOWOOOWO,74578,15458642,0.004824356499102573
3,Pos,WOWOOOWW,47131,15458642,0.003048844782096642
3,Pos,WOWOOWOO,3594,15458642,0.00023249131456695872
3,Pos,WOWOOWOW,27284,15458642,0.0017649674531566228
3,Pos,WOWOOWWO,5847,15458642,0.0003782350351343928
3,Pos,WOWOOWWW,36829,15458642,0.0023824214313262447
3,Pos,WOWOWOOO,24696,15458642,0.0015975530062731255
3,Pos,WOWOWOOW,133249,15458642,0.008619709286236139
3,Pos,WOWOWOWO,108313,15458642,0.007006630983497774
3,Pos,WOWOWOWW,43626,15458642,0.0028221107649688765
3,Pos,WOWOWWOO,98505,15458642,0.006372163867951661
3,Pos,WOWOWWOW,89325,15458642,0.005778321278156257
3,Pos,WOWOWWWO,104132,15458642,0.006736167381326251
3,Pos,WOWOWWWW,58660,15458642,0.0037946412110455756
3,Pos,WOWWOOOO,53969,15458642,0.003491186353885419
3,Pos,WOWWOOOW,116255,15458642,0.007520388919026652
3,Pos,WOWWOOWO,87781,15458642,0.005678441870896551
3,Pos,WOWWOOWW,26914,15458642,0.0017410326211060455
3,Pos,WOWWOWOO,120323,15458642,0.0077835426941124585
3,Pos,WOWWOWOW,66853,15458642,0.004324636019127683
3,Pos,WOWWOWWO,62932,15458642,0.004070991488126835
3,Pos,WOWWOWWW,68642,15458642,0.004440364166528987
3,Pos,WOWWWOOO,69164,15458642,0.004474131686340883
3,Pos,WOWWWOOW,38686,15458642,0.0025025484127260337
3,Pos,WOWWWOWO,53978,15458642,0.003491768552502865
3,Pos,WOWWWOWW,58191,15458642,0.0037643021942030874
3,Pos,WOWWWWOO,126707,15458642,0.008196515580087825
3,Pos,WOWWWWOW,142091,15458642,0.009191687083509663
3,Pos,WOWWWWWO,31088,15458642,0.0020110434021306657
3,Pos,WOWWWWWW,49924,15458642,0.0032295204197108646
3,Pos,WWOOOOOO,87557,15458642,0.005663951594195661
3,Pos,WWOOOOOW,8226,15458642,0.0005321295363460775
3,Pos,WWOOOOWO,115846,15458642,0.007493931226300473
3,Pos,WWOOOOWW,29483,15458642,0.0019072179820193778
3,Pos,WWOOOWOO,9619,15458642,0.0006222409445797374
3,Pos,WWOOOWOW,35990,15458642,0.002328147582433179
3,Pos,WWOOOWWO,69391,15458642,0.004488816029247588
3,Pos,WWOOOWWW,19775,15458642,0.0012792197400004477
3,Pos,WWOOWOOO,2819,15458642,0.00018235754473129012
3,Pos,WWOOWOOW,36398,15458642,0.0023545405864240855
3,Pos,WWOOWOWO,25544,15458642,0.0016524090537836376
3,Pos,WWOOWOWW,12518,15458642,0.0008097735881327739
3,Pos,WWOOWWOO,40629,15458642,0.0026282386253592004
3,Pos,WWOOWWOW,53686,15458642,0.003472879441803491
3,Pos,WWOOWWWO,40043,15458642,0.002590331026489908
3,Pos,WWOOWWWW,15229,15458642,0.0009851447494547063
3,Pos,WWOWOOOO,14402,15458642,0.0009316471653849025
3,Pos,WWOWOOOW,40819,15458642,0.0026405294850608482
3,Pos,WWOWOOWO,23917,15458642,0.0015471604814963694
3,Pos,WWOWOOWW,19283,15458642,0.001247392882246707
3,Pos,WWOWOWOO,50268,15458642,0.003251773344644374
3,Pos,WWOWOWOW,49509,15458642,0.003202674594573055
3,Pos,WWOWOWWO,12410,15458642,0.0008027872047234162
3,Pos,WWOWOWWW,13927,15458642,0.0009009200161307831
3,Pos,WWOWWOOO,47972,15458642,0.0031032480084602515
3,Pos,WWOWWOOW,50877,15458642,0.0032911687844249192
3,Pos,WWOWWOWO,29672,15458642,0.0019194441529857538
3,Pos,WWOWWOWW,24883,15458642,0.0016096497997689578
3,Pos,WWOWWWOO,40407,15458642,0.0026138777261288542
3,Pos,WWOWWWOW,95353,15458642,0.006168264974374851
3,Pos,WWOWWWWO,32132,15458642,0.002078578441754457
3,Pos,WWOWWWWW,58590,15458642,0.0037901129995765474
3,Pos,WWWOOOOO,310228,15458642,0.020068256965909425
3,Pos,WWWOOOOW,10506,15458642,0.000679619852765851
3,Pos,WWWOOOWO,30454,15458642,0.001970030743968325
3,Pos,WWWOOOWW,23138,15458642,0.0014967679567196134
3,Pos,WWWOOWOO,7831,15458642,0.0005065774859137045
3,Pos,WWWOOWOW,54259,15458642,0.0035099460871142497
3,Pos,WWWOOWWO,24251,15458642,0.001568766519077161
3,Pos,WWWOOWWW,67816,15458642,0.004386931271194455
3,Pos,WWWOWOOO,13095,15458642,0.00084709898838462
3,Pos,WWWOWOOW,81613,15458642,0.0052794417517399005
3,Pos,WWWOWOWO,37516,15458642,0.002426862592457992
3,Pos,WWWOWOWW,64524,15458642,0.00417397595467959
3,Pos,WWWOWWOO,80684,15458642,0.00521934591667237
3,Pos,WWWOWWOW,93867,15458642,0.0060721375137609114
3,Pos,WWWOWWWO,35754,15458642,0.0023128810409090267
3,Pos,WWWOWWWW,95721,15458642,0.006192070428954885
3,Pos,WWWWOOOO,18131,15458642,0.0011728714592135583
3,Pos,WWWWOOOW,54808,15458642,0.003545460202778485
3,Pos,WWWWOOWO,46340,15458642,0.0029976759924966244
3,Pos,WWWWOOWW,67663,15458642,0.004377033894697865
3,Pos,WWWWOWOO,95544,15458642,0.006180620522811771
3,Pos,WWWWOWOW,64057,15458642,0.004143766315307645
3,Pos,WWWWOWWO,45817,15458642,0.002963843783949457
3,Pos,WWWWOWWW,18764,15458642,0.001213819428640627
3,Pos,WWWWWOOO,61452,15458642,0.003975252159924526
3,Pos,WWWWWOOW,87185,15458642,0.00563988738467454
3,Pos,WWWWWOWO,73973,15458642,0.0047852198142631155
3,Pos,WWWWWOWW,43460,15458642,0.0028113724349137525
3,Pos,WWWWWWOO,81284,15458642,0.005258159157835469
3,Pos,WWWWWWOW,82279,15458642,0.00532252444943094
3,Pos,WWWWWWWO,48327,15458642,0.0031262125094817512
3,Pos,WWWWWWWW,540824,15458642,0.03498522056465245
3,Pre,OOOOOOOO,62105,29012677,0.0021406159796974267
3,Pre,OOOOOOOW,46678,29012677,0.0016088829031529906
3,Pre,OOOOOOWO,83889,29012677,0.0028914601710142086
3,Pre,OOOOOOWW,182303,29012677,0.006283563560853071
3,Pre,OOOOOWOO,9394,29012677,0.0003237894938133424
3,Pre,OOOOOWOW,96006,29012677,0.0033091051887421488
3,Pre,OOOOOWWO,119153,29012677,0.004106928843553457
3,Pre,OOOOOWWW,189160,29012677,0.00651990852136809
3,Pre,OOOOWOOO,23279,29012677,0.0008023733900873746
3,Pre,OOOOWOOW,222189,29012677,0.00765834190343759
3,Pre,OOOOWOWO,149616,29012677,0.0051569181292715595
3,Pre,OOOOWOWW,157304,29012677,0.005421905741410901
3,Pre,OOOOWWOO,223423,29012677,0.007700875034730508
3,Pre,OOOOWWOW,125285,29012677,0.004318284727741601
3,Pre,OOOOWWWO,145326,29012677,0.005009051732799424
3,Pre,OOOOWWWW,100027,29012677,0.0034476997762047257
3,Pre,OOOWOOOO,21720,29012677,0.0007486382590617198
3,Pre,OOOWOOOW,130634,29012677,0.004502652409496718
3,Pre,OOOWOOWO,125507,29012677,0.004325936555251347
3,Pre,OOOWOOWW,108934,29012677,0.0037547035042647045
3,Pre,OOOWOWOO,164865,29012677,0.005682515956731604
3,Pre,OOOWOWOW,237280,29012677,0.008178493835642951
3,Pre,OOOWOWWO,127658,29012677,0.004400076559636327
3,Pre,OOOWOWWW,86595,29012677,0.0029847297441735554
3,Pre,OOOWWOOO,106570,29012677,0.0036732218815933465
3,Pre,OOOWWOOW,128958,29012677,0.004444884558567277
3,Pre,OOOWWOWO,120245,29012677,0.004144567562655456
3,Pre,OOOWWOWW,161132,29012677,0.005553848064416806
3,Pre,OOOWWWOO,134557,29012677,0.00463786916319373
3,Pre,OOOWWWOW,164008,29012677,0.0056529771451286626
3,Pre,OOOWWWWO,72574,29012677,0.0025014582418575165
3,Pre,OOOWWWWW,96421,29012677,0.0033234092807085673
3,Pre,OOWOOOOO,97416,29012677,0.003357704633736487
3,Pre,OOWOOOOW,42607,29012677,0.0014685649311161463
3,Pre,OOWOOOWO,165554,29012677,0.005706264196165008
3,Pre,OOWOOOWW,168177,29012677,0.005796672950931071
3,Pre,OOWOOWOO,16588,29012677,0.000571750066358923
3,Pre,OOWOOWOW,145452,29012677,0.005013394661926578
3,Pre,OOWOOWWO,140885,29012677,0.004855980714913001
3,Pre,OOWOOWWW,103772,29012677,0.0035767812808173475
3,Pre,OOWOWOOO,29722,29012677,0.0010244487263274603
3,Pre,OOWOWOOW,111910,29012677,0.003857279354125095
3,Pre,OOWOWOWO,142813,29012677,0.004922434424096749
3,Pre,OOWOWOWW,168124,29012677,0.005794846163282347
3,Pre,OOWOWWOO,181790,29012677,0.006265881635121089
3,Pre,OOWOWWOW,120661,29012677,0.0041589061223133595
3,Pre,OOWOWWWO,125509,29012677,0.004326005490634318
3,Pre,OOWOWWWW,154121,29012677,0.005312195079413044
3,Pre,OOWWOOOO,61036,29012677,0.0021037700174995917
3,Pre,OOWWOOOW,87774,29012677,0.003025367152434779
3,Pre,OOWWOOWO,204420,29012677,0.007045885493434474
3,Pre,OOWWOOWW,159221,29012677,0.00548798030598831
3,Pre,OOWWOWOO,121264,29012677,0.0041796901402790234
3,Pre,OOWWOWOW,93024,29012677,0.0032063225327328463
3,Pre,OOWWOWWO,141830,29012677,0.004888552683366654
3,Pre,OOWWOWWW,144532,29012677,0.004981684385760059
3,Pre,OOWWWOOO,129934,29012677,0.004478525025456976
3,Pre,OOWWWOOW,116025,29012677,0.003999113904587295
3,Pre,OOWWWOWO,89428,29012677,0.0030823767141515412
3,Pre,OOWWWOWW,171472,29012677,0.005910243994375286
3,Pre,OOWWWWOO,154283,29012677,0.0053177788454336706
3,Pre,OOWWWWOW,182303,29012677,0.006283563560853071
3,Pre,OOWWWWWO,86846,29012677,0.0029933811347363777
3,Pre,OOWWWWWW,133582,29012677,0.0046042631639955185
3,Pre,OWOOOOOO,57464,29012677,0.001980651423513935
3,Pre,OWOOOOOW,16418,29012677,0.0005658905588064142
3,Pre,OWOOOOWO,143173,29012677,0.004934842793031474
3,Pre,OWOOOOWW,103209,29012677,0.0035573759705110975
3,Pre,OWOOOWOO,41560,29012677,0.0014324772581309887
3,Pre,OWOOOWOW,58734,29012677,0.002024425391700325
3,Pre,OWOOOWWO,133801,29012677,0.004611811588430809
3,Pre,OWOOOWWW,93047,29012677,0.0032071152896370092
3,Pre,OWOOWOOO,36424,29012677,0.0012554511946622506
3,Pre,OWOOWOOW,65226,29012677,0.0022481896448231925
3,Pre,OWOOWOWO,117631,29012677,0.004054469017112761
3,Pre,OWOOWOWW,187974,29012677,0.0064790298392664696
3,Pre,OWOOWWOO,134576,29012677,0.004638524049331952
3,Pre,OWOOWWOW,64087,29012677,0.002208930944221383
3,Pre,OWOOWWWO,189105,29012677,0.006518012798336396
3,Pre,OWOOWWWW,92904,29012677,0.003202186409754605
3,Pre,OWOWOOOO,35958,29012677,0.0012393892504300793
3,Pre,OWOWOOOW,79153,29012677,0.0027282211841396092
3,Pre,OWOWOOWO,149427,29012677,0.005150403735580829
3,Pre,OWOWOOWW,161836,29012677,0.0055781133192224905
3,Pre,OWOWOWOO,118073,29012677,0.004069703736749284
3,Pre,OWOWOWOW,82755,29012677,0.002852373808869826
3,Pre,OWOWOWWO,88917,29012677,0.0030647637238025295
3,Pre,OWOWOWWW,135014,29012677,0.004653620898202534
3,Pre,OWOWWOOO,129532,29012677,0.004464669013479866
3,Pre,OWOWWOOW,70039,29012677,0.0024140826439421636
3,Pre,OWOWWOWO,82117,29012677,0.002830383421702175
3,Pre,OWOWWOWW,78935,29012677,0.0027207072273958037
3,Pre,OWOWWWOO,146132,29012677,0.005036832692136613
3,Pre,OWOWWWOW,102279,29012677,0.0035253210174297257
3,Pre,OWOWWWWO,117656,29012677,0.004055330709399894
3,Pre,OWOWWWWW,111920,29012677,0.0038576240310399484
3,Pre,OWWOOOOO,99501,29012677,0.003429569770483434
3,Pre,OWWOOOOW,25884,29012677,0.0008921617264067014
3,Pre,OWWOOOWO,133055,29012677,0.0045860986905827406
3,Pre,OWWOOOWW,131216,29012677,0.0045227126059411895
3,Pre,OWWOOWOO,13434,29012677,0.00046303896741414107
3,Pre,OWWOOWOW,56797,29012677,0.001957661473293209
3,Pre,OWWOOWWO,103303,29012677,0.00356061593351072
3,Pre,OWWOOWWW,150490,29012677,0.005187042891629752
3,Pre,OWWOWOOO,37717,29012677,0.0013000179197528033
3,Pre,OWWOWOOW,97106,29012677,0.0033470196493760296
3,Pre,OWWOWOWO,101597,29012677,0.0035018140518367196
3,Pre,OWWOWOWW,112234,29012677,0.003868446886166347
3,Pre,OWWOWWOO,187108,29012677,0.00644918081844016
3,Pre,OWWOWWOW,76283,29012677,0.0026292989095766653
3,Pre,OWWOWWWO,147805,29012677,0.005094497139991597
3,Pre,OWWOWWWW,165918,29012677,0.005718810435865674
3,Pre,OWWWOOOO,4677,29012677,0.00016120539307696425
3,Pre,OWWWOOOW,128473,29012677,0.004428167728196884
3,Pre,OWWWOOWO,153991,29012677,0.0053077142795199496
3,Pre,OWWWOOWW,90455,29012677,0.003117775033306992
3,Pre,OWWWOWOO,160761,29012677,0.005541060550875743
3,Pre,OWWWOWOW,92813,29012677,0.0031990498498294384
3,Pre,OWWWOWWO,87001,29012677,0.0029987236269166063
3,Pre,OWWWOWWW,62714,29012677,0.0021616068038120026
3,Pre,OWWWWOOO,67709,29012677,0.002333772922781307
3,Pre,OWWWWOOW,109321,29012677,0.003768042500869534
3,Pre,OWWWWOWO,145306,29012677,0.005008362378969717
3,Pre,OWWWWOWW,111073,29012677,0.0038284298963518603
3,Pre,OWWWWWOO,111067,29012677,0.0038282230902029484
3,Pre,OWWWWWOW,160569,29012677,0.005534442754110557
3,Pre,OWWWWWWO,159741,29012677,0.00550590350556069
3,Pre,OWWWWWWW,78941,29012677,0.0027209140335447157
3,Pre,WOOOOOOO,95508,29012677,0.0032919402783824466
3,Pre,WOOOOOOW,31695,29012677,0.0010924534816280484
3,Pre,WOOOOOWO,147783,29012677,0.00509373885077892
3,Pre,WOOOOOWW,162221,29012677,0.005591383380444349
3,Pre,WOOOOWOO,75716,29012677,0.0026097557285044743
3,Pre,WOOOOWOW,125045,29012677,0.004310012481785117
3,Pre,WOOOOWWO,102410,29012677,0.003529836285014306
3,Pre,WOOOOWWW,151848,29012677,0.005233850016666852
3,Pre,WOOOWOOO,7526,29012677,0.00025940384611871563
3,Pre,WOOOWOOW,148201,29012677,0.005108146345819795
3,Pre,WOOOWOWO,111004,29012677,0.0038260516256393715
3,Pre,WOOOWOWW,180242,29012677,0.006212525648701773
3,Pre,WOOOWWOO,186917,29012677,0.006442597489366458
3,Pre,WOOOWWOW,144448,29012677,0.0049787890996752905
3,Pre,WOOOWWWO,190034,29012677,0.006550033283726283
3,Pre,WOOOWWWW,121020,29012677,0.004171280023556599
3,Pre,WOOWOOOO,49257,29012677,0.0016977750794936986
3,Pre,WOOWOOOW,108140,29012677,0.00372733615722534
3,Pre,WOOWOOWO,160581,29012677,0.0055348563664083805
3,Pre,WOOWOOWW,128012,29012677,0.00441227812242214
3,Pre,WOOWOWOO,122461,29012677,0.004220947966986983
3,Pre,WOOWOWOW,176154,29012677,0.006071621725909677
3,Pre,WOOWOWWO,165764,29012677,0.00571350241137693
3,Pre,WOOWOWWW,152496,29012677,0.005256185080749357
3,Pre,WOOWWOOO,184340,29012677,0.006353774248408721
3,Pre,WOOWWOOW,134039,29012677,0.004620014899004321
3,Pre,WOOWWOWO,64718,29012677,0.0022306800575486365
3,Pre,WOOWWOWW,63534,29012677,0.0021898703108299863
3,Pre,WOOWWWOO,174244,29012677,0.006005788435172666
3,Pre,WOOWWWOW,128120,29012677,0.004416000633102557
3,Pre,WOOWWWWO,94191,29012677,0.0032465463286962455
3,Pre,WOOWWWWW,104519,29012677,0.003602528646356901
3,Pre,WOWOOOOO,69752,29012677,0.0024041904164858693
3,Pre,WOWOOOOW,13354,29012677,0.00046028155209531336
3,Pre,WOWOOOWO,146665,29012677,0.005055203971698303
3,Pre,WOWOOOWW,123305,29012677,0.004250038698600615
3,Pre,WOWOOWOO,6377,29012677,0.0002198004686020528
3,Pre,WOWOOWOW,62423,29012677,0.002151576705589767
3,Pre,WOWOOWWO,75615,29012677,0.002606274491664454
3,Pre,WOWOOWWW,107736,29012677,0.00371341120986526
3,Pre,WOWOWOOO,21218,29012677,0.000731335477936076
3,Pre,WOWOWOOW,88543,29012677,0.00305187280718701
3,Pre,WOWOWOWO,174651,29012677,0.006019816785607202
3,Pre,WOWOWOWW,129996,29012677,0.004480662022329066
3,Pre,WOWOWWOO,142289,29012677,0.004904373353758428
3,Pre,WOWOWWOW,74200,29012677,0.002557502708212689
3,Pre,WOWOWWWO,176067,29012677,0.006068623036750452
3,Pre,WOWOWWWW,150633,29012677,0.005191971771512156
3,Pre,WOWWOOOO,27536,29012677,0.0009491023527404935
3,Pre,WOWWOOOW,117544,29012677,0.004051470327953536
3,Pre,WOWWOOWO,138219,29012677,0.0047640898494130685
3,Pre,WOWWOOWW,66222,29012677,0.0022825194655425973
3,Pre,WOWWOWOO,77266,29012677,0.002663180650306761
3,Pre,WOWWOWOW,100692,29012677,0.0034706207910424813
3,Pre,WOWWOWWO,132503,29012677,0.00456707252488283
3,Pre,WOWWOWWW,118447,29012677,0.004082594653364803
3,Pre,WOWWWOOO,77892,29012677,0.0026847574251765874
3,Pre,WOWWWOOW,60396,29012677,0.00208171069494897
3,Pre,WOWWWOWO,81859,29012677,0.002821490757298956
3,Pre,WOWWWOWW,108897,29012677,0.0037534281996797468
3,Pre,WOWWWWOO,183965,29012677,0.006340848864101717
3,Pre,WOWWWWOW,131653,29012677,0.004537774987120285
3,Pre,WOWWWWWO,99726,29012677,0.0034373250010676366
3,Pre,WOWWWWWW,89212,29012677,0.0030749316927907067
3,Pre,WWOOOOOO,47227,29012677,0.0016278056657784458
3,Pre,WWOOOOOW,16271,29012677,0.0005608238081580683
3,Pre,WWOOOOWO,125870,29012677,0.0043384483272605285
3,Pre,WWOOOOWW,152818,29012677,0.005267283677407638
3,Pre,WWOOOWOO,17427,29012677,0.0006006684595151285
3,Pre,WWOOOWOW,120688,29012677,0.004159836749983464
3,Pre,WWOOOWWO,81620,29012677,0.002813252979033958
3,Pre,WWOOOWWW,86545,29012677,0.002983006359599288
3,Pre,WWOOWOOO,5758,29012677,0.0001984649675726235
3,Pre,WWOOWOOW,74703,29012677,0.0025748399570298184
3,Pre,WWOOWOWO,129807,29012677,0.004474147628638336
3,Pre,WWOOWOWW,142933,29012677,0.004926570547074991
3,Pre,WWOOWWOO,71877,29012677,0.00247743426089223
3,Pre,WWOOWWOW,115549,29012677,0.00398270728344027
3,Pre,WWOOWWWO,139340,29012677,0.004802728131568142
3,Pre,WWOOWWWW,80205,29012677,0.0027644811955821933
3,Pre,WWOWOOOO,25240,29012677,0.0008699645330901385
3,Pre,WWOWOOOW,74810,29012677,0.0025785280000187503
3,Pre,WWOWOOWO,122539,29012677,0.00422363644692284
3,Pre,WWOWOOWW,114897,29012677,0.003960234348591824
3,Pre,WWOWOWOO,86903,29012677,0.002995345793151042
3,Pre,WWOWOWOW,131630,29012677,0.004536982230216122
3,Pre,WWOWOWWO,75282,29012677,0.0025947967503998338
3,Pre,WWOWOWWW,109825,29012677,0.003785414217378148
3,Pre,WWOWWOOO,149045,29012677,0.005137237077433427
3,Pre,WWOWWOOW,97255,29012677,0.0033521553354073463
3,Pre,WWOWWOWO,117047,29012677,0.004034339885285319
3,Pre,WWOWWOWW,112800,29012677,0.0038879555995470533
3,Pre,WWOWWWOO,99509,29012677,0.003429845512015317
3,Pre,WWOWWWOW,147492,29012677,0.005083708752556684
3,Pre,WWOWWWWO,151232,29012677,0.005212617918711879
3,Pre,WWOWWWWW,75136,29012677,0.0025897644674429733
3,Pre,WWWOOOOO,172605,29012677,0.005949295888828183
3,Pre,WWWOOOOW,37530,29012677,0.0012935724614450434
3,Pre,WWWOOOWO,77705,29012677,0.0026783119668688277
3,Pre,WWWOOOWW,134895,29012677,0.004649519242915778
3,Pre,WWWOOWOO,17256,29012677,0.0005947744842711343
3,Pre,WWWOOWOW,88248,29012677,0.003041704838198833
3,Pre,WWWOOWWO,65676,29012677,0.002263700105991598
3,Pre,WWWOOWWW,156555,29012677,0.005396089440488376
3,Pre,WWWOWOOO,26264,29012677,0.0009052594491711331
3,Pre,WWWOWOOW,125418,29012677,0.004322868930709152
3,Pre,WWWOWOWO,109308,29012677,0.0037675944208802243
3,Pre,WWWOWOWW,135915,29012677,0.004684676288230831
3,Pre,WWWOWWOO,107034,29012677,0.003689214890442547
3,Pre,WWWOWWOW,82891,29012677,0.0028570614149118333
3,Pre,WWWOWWWO,170520,29012677,0.005877430752081237
3,Pre,WWWOWWWW,129145,29012677,0.004451330016875037
3,Pre,WWWWOOOO,17370,29012677,0.0005987038011004638
3,Pre,WWWWOOOW,93452,29012677,0.0032210747046885744
3,Pre,WWWWOOWO,89315,29012677,0.0030784818650136975
3,Pre,WWWWOOWW,139407,29012677,0.00480503746689766
3,Pre,WWWWOWOO,150377,29012677,0.005183148042491908
3,Pre,WWWWOWOW,90504,29012677,0.003119463950189774
3,Pre,WWWWOWWO,58111,29012677,0.002002952019904954
3,Pre,WWWWOWWW,107238,29012677,0.0036962462995055573
3,Pre,WWWWWOOO,73518,29012677,0.002533995742619683
3,Pre,WWWWWOOW,133015,29012677,0.004584719982923327
3,Pre,WWWWWOWO,85544,29012677,0.0029485042004224566
3,Pre,WWWWWOWW,129688,29012677,0.00447004597335158
3,Pre,WWWWWWOO,131626,29012677,0.004536844359450181
3,Pre,WWWWWWOW,125089,29012677,0.004311529060210473
3,Pre,WWWWWWWO,167704,29012677,0.005780369732858502
3,Pre,WWWWWWWW,1013427,29012677,0.03493048917891996
