library_id,response_col,site_i,site_j,site_k,residue_triplet,background_bits,epsilon_3,abs_epsilon_3,g000,g111
1,ddelta,477,478,484,477-478-484,0,-1.6688216298856124,1.6688216298856124,WWWWWWWW,OOOWWWWW
1,ddelta,477,478,484,477-478-484,1,2.406022452281208,2.406022452281208,WWWOWWWW,OOOOWWWW
1,ddelta,477,478,484,477-478-484,2,-0.08142536835557457,0.08142536835557457,WWWWOWWW,OOOWOWWW
1,ddelta,477,478,484,477-478-484,3,-2.9190449742673934,2.9190449742673934,WWWOOWWW,OOOOOWWW
1,ddelta,477,478,484,477-478-484,4,2.483548742830995,2.483548742830995,WWWWWOWW,OOOWWOWW
1,ddelta,477,478,484,477-478-484,5,2.9531913781948154,2.9531913781948154,WWWOWOWW,OOOOWOWW
1,ddelta,477,478,484,477-478-484,6,3.9465170241605416,3.9465170241605416,WWWWOOWW,OOOWOOWW
1,ddelta,477,478,484,477-478-484,7,0.5476852610185237,0.5476852610185237,WWWOOOWW,OOOOOOWW
1,ddelta,477,478,484,477-478-484,8,1.0850076467613468,1.0850076467613468,WWWWWWOW,OOOWWWOW
1,ddelta,477,478,484,477-478-484,9,0.46215453227555736,0.46215453227555736,WWWOWWOW,OOOOWWOW
1,ddelta,477,478,484,477-478-484,10,-1.8499154471438946,1.8499154471438946,WWWWOWOW,OOOWOWOW
1,ddelta,477,478,484,477-478-484,11,-0.21744311361057378,0.21744311361057378,WWWOOWOW,OOOOOWOW
1,ddelta,477,478,484,477-478-484,12,1.6536898653755505,1.6536898653755505,WWWWWOOW,OOOWWOOW
1,ddelta,477,478,484,477-478-484,13,-3.598332405602787,3.598332405602787,WWWOWOOW,OOOOWOOW
1,ddelta,477,478,484,477-478-484,14,3.372943216249758,3.372943216249758,WWWWOOOW,OOOWOOOW
1,ddelta,477,478,484,477-478-484,15,-2.061818715218546,2.061818715218546,WWWOOOOW,OOOOOOOW
1,ddelta,477,478,484,477-478-484,16,5.606520367082829,5.606520367082829,WWWWWWWO,OOOWWWWO
1,ddelta,477,478,484,477-478-484,17,-5.770702241322214,5.770702241322214,WWWOWWWO,OOOOWWWO
1,ddelta,477,478,484,477-478-484,18,2.288101687662848,2.288101687662848,WWWWOWWO,OOOWOWWO
1,ddelta,477,478,484,477-478-484,19,-5.251539179849191,5.251539179849191,WWWOOWWO,OOOOOWWO
1,ddelta,477,478,484,477-478-484,20,5.098789627700981,5.098789627700981,WWWWWOWO,OOOWWOWO
1,ddelta,477,478,484,477-478-484,21,2.011063508122959,2.011063508122959,WWWOWOWO,OOOOWOWO
1,ddelta,477,478,484,477-478-484,22,-0.11757886091339631,0.11757886091339631,WWWWOOWO,OOOWOOWO
1,ddelta,477,478,484,477-478-484,23,-1.518936910553855,1.518936910553855,WWWOOOWO,OOOOOOWO
1,ddelta,477,478,484,477-478-484,24,-1.0367030017715115,1.0367030017715115,WWWWWWOO,OOOWWWOO
1,ddelta,477,478,484,477-478-484,25,-1.173286941320942,1.173286941320942,WWWOWWOO,OOOOWWOO
1,ddelta,477,478,484,477-478-484,26,2.8099988463319128,2.8099988463319128,WWWWOWOO,OOOWOWOO
1,ddelta,477,478,484,477-478-484,27,1.4016182591702186,1.4016182591702186,WWWOOWOO,OOOOOWOO
1,ddelta,477,478,484,477-478-484,28,1.1905128778961287,1.1905128778961287,WWWWWOOO,OOOWWOOO
1,ddelta,477,478,484,477-478-484,29,-4.315763024296323,4.315763024296323,WWWOWOOO,OOOOWOOO
1,ddelta,477,478,484,477-478-484,30,0.573577633268028,0.573577633268028,WWWWOOOO,OOOWOOOO
1,ddelta,477,478,484,477-478-484,31,-0.587875714506379,0.587875714506379,WWWOOOOO,OOOOOOOO
1,ddelta,477,478,493,477-478-493,0,0.25494105658952054,0.25494105658952054,WWWWWWWW,OOWOWWWW
1,ddelta,477,478,493,477-478-493,1,4.329785138756342,4.329785138756342,WWOWWWWW,OOOOWWWW
1,ddelta,477,478,493,477-478-493,2,1.6002205706770187,1.6002205706770187,WWWWOWWW,OOWOOWWW
1,ddelta,477,478,493,477-478-493,3,-1.2373990352347999,1.2373990352347999,WWOWOWWW,OOOOOWWW
1,ddelta,477,478,493,477-478-493,4,0.5133188062931111,0.5133188062931111,WWWWWOWW,OOWOWOWW
1,ddelta,477,478,493,477-478-493,5,0.9829614416569319,0.9829614416569319,WWOWWOWW,OOOOWOWW
1,ddelta,477,478,493,477-478-493,6,3.6204261705406022,3.6204261705406022,WWWWOOWW,OOWOOOWW
1,ddelta,477,478,493,477-478-493,7,0.22159440739858427,0.22159440739858427,WWOWOOWW,OOOOOOWW
1,ddelta,477,478,493,477-478-493,8,-1.1070445389521324,1.1070445389521324,WWWWWWOW,OOWOWWOW
1,ddelta,477,478,493,477-478-493,9,-1.7298976534379216,1.7298976534379216,WWOWWWOW,OOOOWWOW
1,ddelta,477,478,493,477-478-493,10,-2.3927337629615804,2.3927337629615804,WWWWOWOW,OOWOOWOW
1,ddelta,477,478,493,477-478-493,11,-0.7602614294282601,0.7602614294282601,WWOWOWOW,OOOOOWOW
1,ddelta,477,478,493,477-478-493,12,2.880644309709712,2.880644309709712,WWWWWOOW,OOWOWOOW
1,ddelta,477,478,493,477-478-493,13,-2.3713779612686254,2.3713779612686254,WWOWWOOW,OOOOWOOW
1,ddelta,477,478,493,477-478-493,14,4.5959138243341915,4.5959138243341915,WWWWOOOW,OOWOOOOW
1,ddelta,477,478,493,477-478-493,15,-0.8388481071341125,0.8388481071341125,WWOWOOOW,OOOOOOOW
1,ddelta,477,478,493,477-478-493,16,5.1125615740148485,5.1125615740148485,WWWWWWWO,OOWOWWWO
1,ddelta,477,478,493,477-478-493,17,-6.264661034390194,6.264661034390194,WWOWWWWO,OOOOWWWO
1,ddelta,477,478,493,477-478-493,18,4.653736693974992,4.653736693974992,WWWWOWWO,OOWOOWWO
1,ddelta,477,478,493,477-478-493,19,-2.885904173537048,2.885904173537048,WWOWOWWO,OOOOOWWO
1,ddelta,477,478,493,477-478-493,20,2.743223403476544,2.743223403476544,WWWWWOWO,OOWOWOWO
1,ddelta,477,478,493,477-478-493,21,-0.34450271610147754,0.34450271610147754,WWOWWOWO,OOOOWOWO
1,ddelta,477,478,493,477-478-493,22,1.6176140062250868,1.6176140062250868,WWWWOOWO,OOWOOOWO
1,ddelta,477,478,493,477-478-493,23,0.21625595658462848,0.21625595658462848,WWOWOOWO,OOOOOOWO
1,ddelta,477,478,493,477-478-493,24,-1.5162521411676093,1.5162521411676093,WWWWWWOO,OOWOWWOO
1,ddelta,477,478,493,477-478-493,25,-1.6528360807170404,1.6528360807170404,WWOWWWOO,OOOOWWOO
1,ddelta,477,478,493,477-478-493,26,2.650615427311094,2.650615427311094,WWWWOWOO,OOWOOWOO
1,ddelta,477,478,493,477-478-493,27,1.2422348401493992,1.2422348401493992,WWOWOWOO,OOOOOWOO
1,ddelta,477,478,493,477-478-493,28,2.3104317893345,2.3104317893345,WWWWWOOO,OOWOWOOO
1,ddelta,477,478,493,477-478-493,29,-3.1958441128579502,3.1958441128579502,WWOWWOOO,OOOOWOOO
1,ddelta,477,478,493,477-478-493,30,7.285788361257591,7.285788361257591,WWWWOOOO,OOWOOOOO
1,ddelta,477,478,493,477-478-493,31,6.124335013483185,6.124335013483185,WWOWOOOO,OOOOOOOO
1,ddelta,477,478,496,477-478-496,0,1.6391765046444502,1.6391765046444502,WWWWWWWW,OOWWOWWW
1,ddelta,477,478,496,477-478-496,1,3.226572766174488,3.226572766174488,WWOWWWWW,OOOWOWWW
1,ddelta,477,478,496,477-478-496,2,2.984456018731949,2.984456018731949,WWWOWWWW,OOWOOWWW
1,ddelta,477,478,496,477-478-496,3,-2.3406114078166524,2.3406114078166524,WWOOWWWW,OOOOOWWW
1,ddelta,477,478,496,477-478-496,4,2.5331092026137174,2.5331092026137174,WWWWWOWW,OOWWOOWW
1,ddelta,477,478,496,477-478-496,5,3.9960774839432647,3.9960774839432647,WWOWWOWW,OOOWOOWW
1,ddelta,477,478,496,477-478-496,6,5.640216566861208,5.640216566861208,WWWOWOWW,OOWOOOWW
1,ddelta,477,478,496,477-478-496,7,3.2347104496849175,3.2347104496849175,WWOOWOWW,OOOOOOWW
1,ddelta,477,478,496,477-478-496,8,0.49198857519589834,0.49198857519589834,WWWWWWOW,OOWWOWOW
1,ddelta,477,478,496,477-478-496,9,-2.4429345187093423,2.4429345187093423,WWOWWWOW,OOOWOWOW
1,ddelta,477,478,496,477-478-496,10,-0.7937006488135505,0.7937006488135505,WWWOWWOW,OOWOOWOW
1,ddelta,477,478,496,477-478-496,11,-1.473298294699681,1.473298294699681,WWOOWWOW,OOOOOWOW
1,ddelta,477,478,496,477-478-496,12,-2.2560432972742275,2.2560432972742275,WWWWWOOW,OOWWOOOW
1,ddelta,477,478,496,477-478-496,13,-0.5367899464000194,0.5367899464000194,WWOWWOOW,OOOWOOOW
1,ddelta,477,478,496,477-478-496,14,-0.5407737826497483,0.5407737826497483,WWWOWOOW,OOWOOOOW
1,ddelta,477,478,496,477-478-496,15,0.9957399077344928,0.9957399077344928,WWOOWOOW,OOOOOOOW
1,ddelta,477,478,496,477-478-496,16,-1.5125211085560837,1.5125211085560837,WWWWWWWO,OOWWOWWO
1,ddelta,477,478,496,477-478-496,17,-4.830939787976064,4.830939787976064,WWOWWWWO,OOOWOWWO
1,ddelta,477,478,496,477-478-496,18,-1.9713459885959401,1.9713459885959401,WWWOWWWO,OOWOOWWO
1,ddelta,477,478,496,477-478-496,19,-1.4521829271229176,1.4521829271229176,WWOOWWWO,OOOOOWWO
1,ddelta,477,478,496,477-478-496,20,2.0232745604945306,2.0232745604945306,WWWWWOWO,OOWWOOWO
1,ddelta,477,478,496,477-478-496,21,-3.193093928119845,3.193093928119845,WWOWWOWO,OOOWOOWO
1,ddelta,477,478,496,477-478-496,22,0.8976651632430737,0.8976651632430737,WWWOWOWO,OOWOOOWO
1,ddelta,477,478,496,477-478-496,23,-2.6323352554337394,2.6323352554337394,WWOOWOWO,OOOOOOWO
1,ddelta,477,478,496,477-478-496,24,-3.7093764259985362,3.7093764259985362,WWWWWWOO,OOWWOWOO
1,ddelta,477,478,496,477-478-496,25,0.13732542210488796,0.13732542210488796,WWOWWWOO,OOOWOWOO
1,ddelta,477,478,496,477-478-496,26,0.4574911424801671,0.4574911424801671,WWWOWWOO,OOWOOWOO
1,ddelta,477,478,496,477-478-496,27,3.0323963429713277,3.0323963429713277,WWOOWWOO,OOOOOWOO
1,ddelta,477,478,496,477-478-496,28,-5.8628271543954,5.8628271543954,WWWWWOOO,OOWWOOOO
1,ddelta,477,478,496,477-478-496,29,-6.4797623990235005,6.4797623990235005,WWOWWOOO,OOOWOOOO
1,ddelta,477,478,496,477-478-496,30,-0.8874705824723088,0.8874705824723088,WWWOWOOO,OOWOOOOO
1,ddelta,477,478,496,477-478-496,31,2.840416727317635,2.840416727317635,WWOOWOOO,OOOOOOOO
1,ddelta,477,478,498,477-478-498,0,-2.1652296280660477,2.1652296280660477,WWWWWWWW,OOWWWOWW
1,ddelta,477,478,498,477-478-498,1,1.9871407446505591,1.9871407446505591,WWOWWWWW,OOOWWOWW
1,ddelta,477,478,498,477-478-498,2,-1.9068518783624568,1.9068518783624568,WWWOWWWW,OOWOWOWW
1,ddelta,477,478,498,477-478-498,3,-1.3596829524488498,1.3596829524488498,WWOOWWWW,OOOOWOWW
1,ddelta,477,478,498,477-478-498,4,-1.2712969300967805,1.2712969300967805,WWWWOWWW,OOWWOOWW
1,ddelta,477,478,498,477-478-498,5,2.756645462419336,2.756645462419336,WWOWOWWW,OOOWOOWW
1,ddelta,477,478,498,477-478-498,6,0.7489086697668021,0.7489086697668021,WWWOOWWW,OOWOOOWW
1,ddelta,477,478,498,477-478-498,7,4.215638905052721,4.215638905052721,WWOOOWWW,OOOOOOWW
1,ddelta,477,478,498,477-478-498,8,-1.2340205436595375,1.2340205436595375,WWWWWWOW,OOWWWOOW
1,ddelta,477,478,498,477-478-498,9,-0.6653383250453333,0.6653383250453333,WWOWWWOW,OOOWWOOW
1,ddelta,477,478,498,477-478-498,10,2.753668305002307,2.753668305002307,WWWOWWOW,OOWOWOOW
1,ddelta,477,478,498,477-478-498,11,-1.3068186328760372,1.3068186328760372,WWOOWWOW,OOOOWOOW
1,ddelta,477,478,498,477-478-498,12,-3.982052416129662,3.982052416129662,WWWWOWOW,OOWWOOOW
1,ddelta,477,478,498,477-478-498,13,1.2408062472639896,1.2408062472639896,WWOWOWOW,OOOWOOOW
1,ddelta,477,478,498,477-478-498,14,3.006595171166109,3.006595171166109,WWWOOWOW,OOWOOOOW
1,ddelta,477,478,498,477-478-498,15,1.162219569558137,1.162219569558137,WWOOOWOW,OOOOOOOW
1,ddelta,477,478,498,477-478-498,16,-1.1621424665020434,1.1621424665020434,WWWWWWWO,OOWWWOWO
1,ddelta,477,478,498,477-478-498,17,-1.669873205883891,1.669873205883891,WWOWWWWO,OOOWWOWO
1,ddelta,477,478,498,477-478-498,18,-3.5314806370403473,3.5314806370403473,WWWOWWWO,OOWOWOWO
1,ddelta,477,478,498,477-478-498,19,4.250285112404825,4.250285112404825,WWOOWWWO,OOOOWOWO
1,ddelta,477,478,498,477-478-498,20,2.373653202548571,2.373653202548571,WWWWOWWO,OOWWOOWO
1,ddelta,477,478,498,477-478-498,21,-0.03202734602767343,0.03202734602767343,WWOWOWWO,OOOWOOWO
1,ddelta,477,478,498,477-478-498,22,-0.6624694852013331,0.6624694852013331,WWWOOWWO,OOWOOOWO
1,ddelta,477,478,498,477-478-498,23,3.070132784094004,3.070132784094004,WWOOOWWO,OOOOOOWO
1,ddelta,477,478,498,477-478-498,24,-3.4671519961780874,3.4671519961780874,WWWWWWOO,OOWWWOOO
1,ddelta,477,478,498,477-478-498,25,-1.239936116510448,1.239936116510448,WWOWWWOO,OOOWWOOO
1,ddelta,477,478,498,477-478-498,26,0.35953193432402175,0.35953193432402175,WWWOWWOO,OOWOWOOO
1,ddelta,477,478,498,477-478-498,27,-2.7829441486513584,2.7829441486513584,WWOOWWOO,OOOOWOOO
1,ddelta,477,478,498,477-478-498,28,-5.620602724574952,5.620602724574952,WWWWOWOO,OOWWOOOO
1,ddelta,477,478,498,477-478-498,29,-7.857023937638837,7.857023937638837,WWOWOWOO,OOOWOOOO
1,ddelta,477,478,498,477-478-498,30,-0.9854297906284537,0.9854297906284537,WWWOOWOO,OOWOOOOO
1,ddelta,477,478,498,477-478-498,31,-2.9749237643050512,2.9749237643050512,WWOOOWOO,OOOOOOOO
1,ddelta,477,478,501,477-478-501,0,0.8407800940635259,0.8407800940635259,WWWWWWWW,OOWWWWOW
1,ddelta,477,478,501,477-478-501,1,3.594609370710485,3.594609370710485,WWOWWWWW,OOOWWWOW
1,ddelta,477,478,501,477-478-501,2,-0.5212055014781269,0.5212055014781269,WWWOWWWW,OOWOWWOW
1,ddelta,477,478,501,477-478-501,3,-2.465073421483778,2.465073421483778,WWOOWWWW,OOOOWWOW
1,ddelta,477,478,501,477-478-501,4,-0.3064078353850266,0.3064078353850266,WWWWOWWW,OOWWOWOW
1,ddelta,477,478,501,477-478-501,5,-2.074897914173346,2.074897914173346,WWOWOWWW,OOOWOWOW
1,ddelta,477,478,501,477-478-501,6,-4.299362169023627,4.299362169023627,WWWOOWWW,OOWOOWOW
1,ddelta,477,478,501,477-478-501,7,-1.597760308366806,1.597760308366806,WWOOOWWW,OOOOOWOW
1,ddelta,477,478,501,477-478-501,8,1.7719891784700361,1.7719891784700361,WWWWWOWW,OOWWWOOW
1,ddelta,477,478,501,477-478-501,9,0.942130301014592,0.942130301014592,WWOWWOWW,OOOWWOOW
1,ddelta,477,478,501,477-478-501,10,4.139314681886637,4.139314681886637,WWWOWOWW,OOWOWOOW
1,ddelta,477,478,501,477-478-501,11,-2.4122091019109653,2.4122091019109653,WWOOWOWW,OOOOWOOW
1,ddelta,477,478,501,477-478-501,12,-3.0171633214179083,3.0171633214179083,WWWWOOWW,OOWWOOOW
1,ddelta,477,478,501,477-478-501,13,-3.590737129328693,3.590737129328693,WWOWOOWW,OOOWOOOW
1,ddelta,477,478,501,477-478-501,14,-2.04167566762432,2.04167566762432,WWWOOOWW,OOWOOOOW
1,ddelta,477,478,501,477-478-501,15,-4.65117964386139,4.65117964386139,WWOOOOWW,OOOOOOOW
1,ddelta,477,478,501,477-478-501,16,3.388723480182254,3.388723480182254,WWWWWWWO,OOWWWWOO
1,ddelta,477,478,501,477-478-501,17,-3.2544998886720844,3.2544998886720844,WWOWWWWO,OOOWWWOO
1,ddelta,477,478,501,477-478-501,18,-3.240090235000203,3.240090235000203,WWWOWWWO,OOWOWWOO
1,ddelta,477,478,501,477-478-501,19,1.3573250650010693,1.3573250650010693,WWOOWWWO,OOOOWWOO
1,ddelta,477,478,501,477-478-501,20,1.1918681627398016,1.1918681627398016,WWWWOWWO,OOWWOWOO
1,ddelta,477,478,501,477-478-501,21,1.7137653214088668,1.7137653214088668,WWOWOWWO,OOOWOWOO
1,ddelta,477,478,501,477-478-501,22,-0.8112531039240958,0.8112531039240958,WWWOOWWO,OOWOOWOO
1,ddelta,477,478,501,477-478-501,23,5.841904335095315,5.841904335095315,WWOOOWWO,OOOOOWOO
1,ddelta,477,478,501,477-478-501,24,1.0837139505062099,1.0837139505062099,WWWWWOWO,OOWWWOOO
1,ddelta,477,478,501,477-478-501,25,-2.8245627992986417,2.8245627992986417,WWOWWOWO,OOOWWOOO
1,ddelta,477,478,501,477-478-501,26,0.6509223363641663,0.6509223363641663,WWWOWOWO,OOWOWOOO
1,ddelta,477,478,501,477-478-501,27,-5.675904196055114,5.675904196055114,WWOOWOWO,OOOOWOOO
1,ddelta,477,478,501,477-478-501,28,-6.80238776438372,6.80238776438372,WWWWOOWO,OOWWOOOO
1,ddelta,477,478,501,477-478-501,29,-6.111231270202296,6.111231270202296,WWOWOOWO,OOOWOOOO
1,ddelta,477,478,501,477-478-501,30,-1.1342134093512164,1.1342134093512164,WWWOOOWO,OOWOOOOO
1,ddelta,477,478,501,477-478-501,31,-0.20315221330374067,0.20315221330374067,WWOOOOWO,OOOOOOOO
1,ddelta,477,478,505,477-478-505,0,-0.47841152408892335,0.47841152408892335,WWWWWWWW,OOWWWWWO
1,ddelta,477,478,505,477-478-505,1,6.7969304728795175,6.7969304728795175,WWOWWWWW,OOOWWWWO
1,ddelta,477,478,505,477-478-505,2,4.3792089933364045,4.3792089933364045,WWWOWWWW,OOWOWWWO
1,ddelta,477,478,505,477-478-505,3,-3.7975157002670192,3.7975157002670192,WWOOWWWW,OOOOWWWO
1,ddelta,477,478,505,477-478-505,4,-3.630109137289457,3.630109137289457,WWWWOWWW,OOWWOWWO
1,ddelta,477,478,505,477-478-505,5,-1.2605820812710349,1.2605820812710349,WWOWOWWW,OOOWOWWO
1,ddelta,477,478,505,477-478-505,6,-0.5765930139914852,0.5765930139914852,WWWOOWWW,OOWOOWWO
1,ddelta,477,478,505,477-478-505,7,-2.9090872195732835,2.9090872195732835,WWOOOWWW,OOOOOWWO
1,ddelta,477,478,505,477-478-505,8,0.5246756374750808,0.5246756374750808,WWWWWOWW,OOWWWOWO
1,ddelta,477,478,505,477-478-505,9,3.1399165223450654,3.1399165223450654,WWOWWOWW,OOOWWOWO
1,ddelta,477,478,505,477-478-505,10,2.7545802346585138,2.7545802346585138,WWWOWOWW,OOWOWOWO
1,ddelta,477,478,505,477-478-505,11,1.8124523645866568,1.8124523645866568,WWOOWOWW,OOOOWOWO
1,ddelta,477,478,505,477-478-505,12,0.014840995355894004,0.014840995355894004,WWWWOOWW,OOWWOOWO
1,ddelta,477,478,505,477-478-505,13,-4.0492548897180445,4.0492548897180445,WWOWOOWW,OOOWOOWO
1,ddelta,477,478,505,477-478-505,14,-1.9879711689596213,1.9879711689596213,WWWOOOWW,OOWOOOWO
1,ddelta,477,478,505,477-478-505,15,-4.054593340532,4.054593340532,WWOOOOWW,OOOOOOWO
1,ddelta,477,478,505,477-478-505,16,2.0695318620298053,2.0695318620298053,WWWWWWOW,OOWWWWOO
1,ddelta,477,478,505,477-478-505,17,-0.052178786503052965,0.052178786503052965,WWOWWWOW,OOOWWWOO
1,ddelta,477,478,505,477-478-505,18,1.6603242598143277,1.6603242598143277,WWWOWWOW,OOWOWWOO
1,ddelta,477,478,505,477-478-505,19,0.024882786217828495,0.024882786217828495,WWOOWWOW,OOOOWWOO
1,ddelta,477,478,505,477-478-505,20,-2.1318331391646295,2.1318331391646295,WWWWOWOW,OOWWOWOO
1,ddelta,477,478,505,477-478-505,21,2.528081154311178,2.528081154311178,WWOWOWOW,OOOWOWOO
1,ddelta,477,478,505,477-478-505,22,2.911516051108045,2.911516051108045,WWWOOWOW,OOWOOWOO
1,ddelta,477,478,505,477-478-505,23,4.530577423888836,4.530577423888836,WWOOOWOW,OOOOOWOO
1,ddelta,477,478,505,477-478-505,24,-0.16359959048874548,0.16359959048874548,WWWWWOOW,OOWWWOOO
1,ddelta,477,478,505,477-478-505,25,-0.6267765779681675,0.6267765779681675,WWOWWOOW,OOOWWOOO
1,ddelta,477,478,505,477-478-505,26,-0.7338121108639579,0.7338121108639579,WWWOWOOW,OOWOWOOO
1,ddelta,477,478,505,477-478-505,27,-1.4512427295574928,1.4512427295574928,WWOOWOOW,OOOOWOOO
1,ddelta,477,478,505,477-478-505,28,-3.770383447609918,3.770383447609918,WWWWOOOW,OOWWOOOO
1,ddelta,477,478,505,477-478-505,29,-6.569749030591648,6.569749030591648,WWOWOOOW,OOOWOOOO
1,ddelta,477,478,505,477-478-505,30,-1.080508910686518,1.080508910686518,WWWOOOOW,OOWOOOOO
1,ddelta,477,478,505,477-478-505,31,0.393434090025649,0.393434090025649,WWOOOOOW,OOOOOOOO
1,ddelta,477,484,493,477-484-493,0,-2.8091079637391094,2.8091079637391094,WWWWWWWW,OWOOWWWW
1,ddelta,477,484,493,477-484-493,1,1.2657361184277114,1.2657361184277114,WOWWWWWW,OOOOWWWW
1,ddelta,477,484,493,477-484-493,2,4.919444950820412,4.919444950820412,WWWWOWWW,OWOOOWWW
1,ddelta,477,484,493,477-484-493,3,2.0818253449085944,2.0818253449085944,WOWWOWWW,OOOOOWWW
1,ddelta,477,484,493,477-484-493,4,3.4004161881170756,3.4004161881170756,WWWWWOWW,OWOOWOWW
1,ddelta,477,484,493,477-484-493,5,3.870058823480896,3.870058823480896,WOWWWOWW,OOOOWOWW
1,ddelta,477,484,493,477-484-493,6,-0.6942308910533811,0.6942308910533811,WWWWOOWW,OWOOOOWW
1,ddelta,477,484,493,477-484-493,7,-4.093062654195399,4.093062654195399,WOWWOOWW,OOOOOOWW
1,ddelta,477,484,493,477-484-493,8,-0.7905787401777107,0.7905787401777107,WWWWWWOW,OWOOWWOW
1,ddelta,477,484,493,477-484-493,9,-1.4134318546634999,1.4134318546634999,WOWWWWOW,OOOOWWOW
1,ddelta,477,484,493,477-484-493,10,0.10183809024050594,0.10183809024050594,WWWWOWOW,OWOOOWOW
1,ddelta,477,484,493,477-484-493,11,1.7343104237738265,1.7343104237738265,WOWWOWOW,OOOOOWOW
1,ddelta,477,484,493,477-484-493,12,0.8646771701861208,0.8646771701861208,WWWWWOOW,OWOOWOOW
1,ddelta,477,484,493,477-484-493,13,-4.387345100792217,4.387345100792217,WOWWWOOW,OOOOWOOW
1,ddelta,477,484,493,477-484-493,14,1.688553470660204,1.688553470660204,WWWWOOOW,OWOOOOOW
1,ddelta,477,484,493,477-484-493,15,-3.7462084608081003,3.7462084608081003,WOWWOOOW,OOOOOOOW
1,ddelta,477,484,493,477-484-493,16,6.017911026005765,6.017911026005765,WWWWWWWO,OWOOWWWO
1,ddelta,477,484,493,477-484-493,17,-5.359311582399276,5.359311582399276,WOWWWWWO,OOOOWWWO
1,ddelta,477,484,493,477-484-493,18,9.835589918873898,9.835589918873898,WWWWOWWO,OWOOOWWO
1,ddelta,477,484,493,477-484-493,19,2.295949051361857,2.295949051361857,WOWWOWWO,OOOOOWWO
1,ddelta,477,484,493,477-484-493,20,-0.5456152972797768,0.5456152972797768,WWWWWOWO,OWOOWOWO
1,ddelta,477,484,493,477-484-493,21,-3.633341416857798,3.633341416857798,WOWWWOWO,OOOOWOWO
1,ddelta,477,484,493,477-484-493,22,-0.510412980491232,0.510412980491232,WWWWOOWO,OWOOOOWO
1,ddelta,477,484,493,477-484-493,23,-1.9117710301316904,1.9117710301316904,WOWWOOWO,OOOOOOWO
1,ddelta,477,484,493,477-484-493,24,0.3821963782836053,0.3821963782836053,WWWWWWOO,OWOOWWOO
1,ddelta,477,484,493,477-484-493,25,0.24561243873417501,0.24561243873417501,WOWWWWOO,OOOOWWOO
1,ddelta,477,484,493,477-484-493,26,-1.6616525795224557,1.6616525795224557,WWWWOWOO,OWOOOWOO
1,ddelta,477,484,493,477-484-493,27,-3.0700331666841496,3.0700331666841496,WOWWOWOO,OOOOOWOO
1,ddelta,477,484,493,477-484-493,28,2.4425856321975625,2.4425856321975625,WWWWWOOO,OWOOWOOO
1,ddelta,477,484,493,477-484-493,29,-3.063690269994888,3.063690269994888,WOWWWOOO,OOOOWOOO
1,ddelta,477,484,493,477-484-493,30,4.365260692354255,4.365260692354255,WWWWOOOO,OWOOOOOO
1,ddelta,477,484,493,477-484-493,31,3.203807344579849,3.203807344579849,WOWWOOOO,OOOOOOOO
1,ddelta,477,484,496,477-484-496,0,-3.638810443707721,3.638810443707721,WWWWWWWW,OWOWOWWW
1,ddelta,477,484,496,477-484-496,1,-2.0514141821776835,2.0514141821776835,WOWWWWWW,OOOWOWWW
1,ddelta,477,484,496,477-484-496,2,4.089742470851801,4.089742470851801,WWWOWWWW,OWOOOWWW
1,ddelta,477,484,496,477-484-496,3,-1.2353249556968007,1.2353249556968007,WOWOWWWW,OOOOOWWW
1,ddelta,477,484,496,477-484-496,4,1.9247850938016726,1.9247850938016726,WWWWWOWW,OWOWOOWW
1,ddelta,477,484,496,477-484-496,5,3.387753375131219,3.387753375131219,WOWWWOWW,OOOWOOWW
1,ddelta,477,484,496,477-484-496,6,-2.169861985368785,2.169861985368785,WWWOWOWW,OWOOOOWW
1,ddelta,477,484,496,477-484-496,7,-4.575368102545076,4.575368102545076,WOWOWOWW,OOOOOOWW
1,ddelta,477,484,496,477-484-496,8,1.4176641591218526,1.4176641591218526,WWWWWWOW,OWOWOWOW
1,ddelta,477,484,496,477-484-496,9,-1.5172589347833885,1.5172589347833885,WOWWWWOW,OOOWOWOW
1,ddelta,477,484,496,477-484-496,10,2.310080989540069,2.310080989540069,WWWOWWOW,OWOOOWOW
1,ddelta,477,484,496,477-484-496,11,1.6304833436539379,1.6304833436539379,WOWOWWOW,OOOOOWOW
1,ddelta,477,484,496,477-484-496,12,-2.3366840407532803,2.3366840407532803,WWWWWOOW,OWOWOOOW
1,ddelta,477,484,496,477-484-496,13,-0.617430689879073,0.617430689879073,WOWWWOOW,OOOWOOOW
1,ddelta,477,484,496,477-484-496,14,-1.5128077402791973,1.5128077402791973,WWWOWOOW,OWOOOOOW
1,ddelta,477,484,496,477-484-496,15,0.023705950105044005,0.023705950105044005,WOWOWOOW,OOOOOOOW
1,ddelta,477,484,496,477-484-496,16,-0.32021100850878437,0.32021100850878437,WWWWWWWO,OWOWOWWO
1,ddelta,477,484,496,477-484-496,17,-3.6386296879287636,3.6386296879287636,WOWWWWWO,OOOWOWWO
1,ddelta,477,484,496,477-484-496,18,3.4974678843593465,3.4974678843593465,WWWOWWWO,OWOOOWWO
1,ddelta,477,484,496,477-484-496,19,4.01663094583237,4.01663094583237,WOWOWWWO,OOOOOWWO
1,ddelta,477,484,496,477-484-496,20,0.9232843533435403,0.9232843533435403,WWWWWOWO,OWOWOOWO
1,ddelta,477,484,496,477-484-496,21,-4.293084135270836,4.293084135270836,WOWWWOWO,OOOWOOWO
1,ddelta,477,484,496,477-484-496,22,0.9584866701320851,0.9584866701320851,WWWOWOWO,OWOOOOWO
1,ddelta,477,484,496,477-484-496,23,-2.5715137485447284,2.5715137485447284,WOWOWOWO,OOOOOOWO
1,ddelta,477,484,496,477-484-496,24,-1.1379006810809147,1.1379006810809147,WWWWWWOO,OWOWOWOO
1,ddelta,477,484,496,477-484-496,25,2.7088011670225094,2.7088011670225094,WOWWWWOO,OOOWOWOO
1,ddelta,477,484,496,477-484-496,26,-3.1817496388869753,3.1817496388869753,WWWOWWOO,OWOOOWOO
1,ddelta,477,484,496,477-484-496,27,-0.6068444383958153,0.6068444383958153,WOWOWWOO,OOOOOWOO
1,ddelta,477,484,496,477-484-496,28,-4.398621991291656,4.398621991291656,WWWWWOOO,OWOWOOOO
1,ddelta,477,484,496,477-484-496,29,-5.015557235919757,5.015557235919757,WOWWWOOO,OOOWOOOO
1,ddelta,477,484,496,477-484-496,30,-2.475946931134964,2.475946931134964,WWWOWOOO,OWOOOOOO
1,ddelta,477,484,496,477-484-496,31,1.2519403786549794,1.2519403786549794,WOWOWOOO,OOOOOOOO
1,ddelta,477,484,498,477-484-498,0,-4.563466431835899,4.563466431835899,WWWWWWWW,OWOWWOWW
1,ddelta,477,484,498,477-484-498,1,-0.4110960591192919,0.4110960591192919,WOWWWWWW,OOOWWOWW
1,ddelta,477,484,498,477-484-498,2,1.6460577200202866,1.6460577200202866,WWWOWWWW,OWOOWOWW
1,ddelta,477,484,498,477-484-498,3,2.193226645933893,2.193226645933893,WOWOWWWW,OOOOWOWW
1,ddelta,477,484,498,477-484-498,4,1.0001291056734947,1.0001291056734947,WWWWOWWW,OWOWOOWW
1,ddelta,477,484,498,477-484-498,5,5.028071498189612,5.028071498189612,WOWWOWWW,OOOWOOWW
1,ddelta,477,484,498,477-484-498,6,-4.6135467362002975,4.6135467362002975,WWWOOWWW,OWOOOOWW
1,ddelta,477,484,498,477-484-498,7,-1.1468165009143814,1.1468165009143814,WOWOOWWW,OOOOOOWW
1,ddelta,477,484,498,477-484-498,8,1.0452736541460201,1.0452736541460201,WWWWWWOW,OWOWWOOW
1,ddelta,477,484,498,477-484-498,9,1.6139558727602243,1.6139558727602243,WOWWWWOW,OOOWWOOW
1,ddelta,477,484,498,477-484-498,10,2.7005295645098517,2.7005295645098517,WWWOWWOW,OWOOWOOW
1,ddelta,477,484,498,477-484-498,11,-1.3599573733684929,1.3599573733684929,WOWOWWOW,OOOOWOOW
1,ddelta,477,484,498,477-484-498,12,-2.7090745457291123,2.7090745457291123,WWWWOWOW,OWOWOOOW
1,ddelta,477,484,498,477-484-498,13,2.51378411766454,2.51378411766454,WOWWOWOW,OOOWOOOW
1,ddelta,477,484,498,477-484-498,14,-1.1223591653094145,1.1223591653094145,WWWOOWOW,OWOOOOOW
1,ddelta,477,484,498,477-484-498,15,-2.966734766917387,2.966734766917387,WOWOOWOW,OOOOOOOW
1,ddelta,477,484,498,477-484-498,16,0.458895222881033,0.458895222881033,WWWWWWWO,OWOWWOWO
1,ddelta,477,484,498,477-484-498,17,-0.04883551650081436,0.04883551650081436,WOWWWWWO,OOOWWOWO
1,ddelta,477,484,498,477-484-498,18,-6.104631100404509,6.104631100404509,WWWOWWWO,OWOOWOWO
1,ddelta,477,484,498,477-484-498,19,1.677134649040664,1.677134649040664,WOWOWWWO,OOOOWOWO
1,ddelta,477,484,498,477-484-498,20,1.7023905847333576,1.7023905847333576,WWWWOWWO,OWOWOOWO
1,ddelta,477,484,498,477-484-498,21,-0.7032899638428862,0.7032899638428862,WOWWOWWO,OOOWOOWO
1,ddelta,477,484,498,477-484-498,22,-8.64361231463177,8.64361231463177,WWWOOWWO,OWOOOOWO
1,ddelta,477,484,498,477-484-498,23,-4.911010045336433,4.911010045336433,WOWOOWWO,OOOOOOWO
1,ddelta,477,484,498,477-484-498,24,-0.8773642191299129,0.8773642191299129,WWWWWWOO,OWOWWOOO
1,ddelta,477,484,498,477-484-498,25,1.349851660537727,1.349851660537727,WOWWWWOO,OOOWWOOO
1,ddelta,477,484,498,477-484-498,26,1.183025034784044,1.183025034784044,WWWOWWOO,OWOOWOOO
1,ddelta,477,484,498,477-484-498,27,-1.9594510481913354,1.9594510481913354,WOWOWWOO,OOOOWOOO
1,ddelta,477,484,498,477-484-498,28,-4.138085529340654,4.138085529340654,WWWWOWOO,OWOWOOOO
1,ddelta,477,484,498,477-484-498,29,-6.374506742404539,6.374506742404539,WOWWOWOO,OOOWOOOO
1,ddelta,477,484,498,477-484-498,30,1.8888277425360562,1.8888277425360562,WWWOOWOO,OWOOOOOO
1,ddelta,477,484,498,477-484-498,31,-0.1006662311405413,0.1006662311405413,WOWOOWOO,OOOOOOOO
1,ddelta,477,484,501,477-484-501,0,-1.1260288211884764,1.1260288211884764,WWWWWWWW,OWOWWWOW
1,ddelta,477,484,501,477-484-501,1,1.6278004554584828,1.6278004554584828,WOWWWWWW,OOOWWWOW
1,ddelta,477,484,501,477-484-501,2,0.8925004023729219,0.8925004023729219,WWWOWWWW,OWOOWWOW
1,ddelta,477,484,501,477-484-501,3,-1.0513675176327288,1.0513675176327288,WOWOWWWW,OOOOWWOW
1,ddelta,477,484,501,477-484-501,4,3.930445781641097,3.930445781641097,WWWWOWWW,OWOWOWOW
1,ddelta,477,484,501,477-484-501,5,2.1619557028527776,2.1619557028527776,WOWWOWWW,OOOWOWOW
1,ddelta,477,484,501,477-484-501,6,-0.8871610789388091,0.8871610789388091,WWWOOWWW,OWOOOWOW
1,ddelta,477,484,501,477-484-501,7,1.8144407817180097,1.8144407817180097,WOWOOWWW,OOOOOWOW
1,ddelta,477,484,501,477-484-501,8,4.482711264793442,4.482711264793442,WWWWWOWW,OWOWWOOW
1,ddelta,477,484,501,477-484-501,9,3.6528523873379983,3.6528523873379983,WOWWWOWW,OOOWWOOW
1,ddelta,477,484,501,477-484-501,10,1.9469722468624873,1.9469722468624873,WWWOWOWW,OWOOWOOW
1,ddelta,477,484,501,477-484-501,11,-4.604551536935116,4.604551536935116,WOWOWOWW,OOOOWOOW
1,ddelta,477,484,501,477-484-501,12,0.2212421302384896,0.2212421302384896,WWWWOOWW,OWOWOOOW
1,ddelta,477,484,501,477-484-501,13,-0.352331677672294,0.352331677672294,WOWWOOWW,OOOWOOOW
1,ddelta,477,484,501,477-484-501,14,2.604026491952075,2.604026491952075,WWWOOOWW,OWOOOOOW
1,ddelta,477,484,501,477-484-501,15,-0.005477484284995171,0.005477484284995171,WOWOOOWW,OOOOOOOW
1,ddelta,477,484,501,477-484-501,16,2.901890382827578,2.901890382827578,WWWWWWWO,OWOWWWOO
1,ddelta,477,484,501,477-484-501,17,-3.7413329860267606,3.7413329860267606,WOWWWWWO,OOOWWWOO
1,ddelta,477,484,501,477-484-501,18,-2.7338242648945816,2.7338242648945816,WWWOWWWO,OWOOWWOO
1,ddelta,477,484,501,477-484-501,19,1.8635910351066909,1.8635910351066909,WOWOWWWO,OOOOWWOO
1,ddelta,477,484,501,477-484-501,20,2.084200710255448,2.084200710255448,WWWWOWWO,OWOWOWOO
1,ddelta,477,484,501,477-484-501,21,2.606097868924514,2.606097868924514,WOWWOWWO,OOOWOWOO
1,ddelta,477,484,501,477-484-501,22,-9.413041788140903,9.413041788140903,WWWOOWWO,OWOOOWOO
1,ddelta,477,484,501,477-484-501,23,-2.759884349121495,2.759884349121495,WOWOOWWO,OOOOOWOO
1,ddelta,477,484,501,477-484-501,24,1.5656309408166318,1.5656309408166318,WWWWWOWO,OWOWWOOO
1,ddelta,477,484,501,477-484-501,25,-2.342645808988219,2.342645808988219,WOWWWOWO,OOOWWOOO
1,ddelta,477,484,501,477-484-501,26,4.553831870293972,4.553831870293972,WWWOWOWO,OWOOWOOO
1,ddelta,477,484,501,477-484-501,27,-1.7729946621253094,1.7729946621253094,WOWOWOWO,OOOOWOOO
1,ddelta,477,484,501,477-484-501,28,-3.756275403818564,3.756275403818564,WWWWOOWO,OWOWOOOO
1,ddelta,477,484,501,477-484-501,29,-3.065118909637141,3.065118909637141,WOWWOOWO,OOOWOOOO
1,ddelta,477,484,501,477-484-501,30,1.1193982690269226,1.1193982690269226,WWWOOOWO,OWOOOOOO
1,ddelta,477,484,501,477-484-501,31,2.0504594650743986,2.0504594650743986,WOWOOOWO,OOOOOOOO
1,ddelta,477,484,505,477-484-505,0,-3.620534351764869,3.620534351764869,WWWWWWWW,OWOWWWWO
1,ddelta,477,484,505,477-484-505,1,3.6548076452035714,3.6548076452035714,WOWWWWWW,OOOWWWWO
1,ddelta,477,484,505,477-484-505,2,5.206484637980005,5.206484637980005,WWWOWWWW,OWOOWWWO
1,ddelta,477,484,505,477-484-505,3,-2.970240055623417,2.970240055623417,WOWOWWWW,OOOOWWWO
1,ddelta,477,484,505,477-484-505,4,-0.3019349165659322,0.3019349165659322,WWWWOWWW,OWOWOWWO
1,ddelta,477,484,505,477-484-505,5,2.0675921394524908,2.0675921394524908,WOWWOWWW,OOOWOWWO
1,ddelta,477,484,505,477-484-505,6,4.614210051487552,4.614210051487552,WWWOOWWW,OWOOOWWO
1,ddelta,477,484,505,477-484-505,7,2.2817158459057545,2.2817158459057545,WOWOOWWW,OOOOOWWO
1,ddelta,477,484,505,477-484-505,8,1.4018273029520631,1.4018273029520631,WWWWWOWW,OWOWWOWO
1,ddelta,477,484,505,477-484-505,9,4.017068187822048,4.017068187822048,WOWWWOWW,OOOWWOWO
1,ddelta,477,484,505,477-484-505,10,-2.5442041824447887,2.5442041824447887,WWWOWOWW,OWOOWOWO
1,ddelta,477,484,505,477-484-505,11,-3.4863320525166457,3.4863320525166457,WOWOWOWW,OOOOWOWO
1,ddelta,477,484,505,477-484-505,12,0.40032656249393095,0.40032656249393095,WWWWOOWW,OWOWOOWO
1,ddelta,477,484,505,477-484-505,13,-3.6637693225800074,3.6637693225800074,WOWWOOWW,OOOWOOWO
1,ddelta,477,484,505,477-484-505,14,0.5841444730560799,0.5841444730560799,WWWOOOWW,OWOOOOWO
1,ddelta,477,484,505,477-484-505,15,-1.482477698516298,1.482477698516298,WOWOOOWW,OOOOOOWO
1,ddelta,477,484,505,477-484-505,16,0.4073848522511858,0.4073848522511858,WWWWWWOW,OWOWWWOO
1,ddelta,477,484,505,477-484-505,17,-1.7143257962816723,1.7143257962816723,WOWWWWOW,OOOWWWOO
1,ddelta,477,484,505,477-484-505,18,1.5801599707125022,1.5801599707125022,WWWOWWOW,OWOOWWOO
1,ddelta,477,484,505,477-484-505,19,-0.05528150288399719,0.05528150288399719,WOWOWWOW,OOOOWWOO
1,ddelta,477,484,505,477-484-505,20,-2.1481799879515813,2.1481799879515813,WWWWOWOW,OWOWOWOO
1,ddelta,477,484,505,477-484-505,21,2.511734305524226,2.511734305524226,WOWWOWOW,OOOWOWOO
1,ddelta,477,484,505,477-484-505,22,-3.9116706577145424,3.9116706577145424,WWWOOWOW,OWOOOWOO
1,ddelta,477,484,505,477-484-505,23,-2.2926092849337505,2.2926092849337505,WOWOOWOW,OOOOOWOO
1,ddelta,477,484,505,477-484-505,24,-1.5152530210247475,1.5152530210247475,WWWWWOOW,OWOWWOOO
1,ddelta,477,484,505,477-484-505,25,-1.9784300085041697,1.9784300085041697,WOWWWOOW,OOOWWOOO
1,ddelta,477,484,505,477-484-505,26,0.06265544098669462,0.06265544098669462,WWWOWOOW,OWOOWOOO
1,ddelta,477,484,505,477-484-505,27,-0.6547751777068407,0.6547751777068407,WOWOWOOW,OOOOWOOO
1,ddelta,477,484,505,477-484-505,28,-3.577190971563123,3.577190971563123,WWWWOOOW,OWOWOOOO
1,ddelta,477,484,505,477-484-505,29,-6.3765565545448535,6.3765565545448535,WOWWOOOW,OOOWOOOO
1,ddelta,477,484,505,477-484-505,30,-0.9004837498690719,0.9004837498690719,WWWOOOOW,OWOOOOOO
1,ddelta,477,484,505,477-484-505,31,0.5734592508430948,0.5734592508430948,WOWOOOOW,OOOOOOOO
1,ddelta,477,493,496,477-493-496,0,-0.12132635113144014,0.12132635113144014,WWWWWWWW,OWWOOWWW
1,ddelta,477,493,496,477-493-496,1,1.223953162956058,1.223953162956058,WOWWWWWW,OOWOOWWW
1,ddelta,477,493,496,477-493-496,2,7.607226563428083,7.607226563428083,WWOWWWWW,OWOOOWWW
1,ddelta,477,493,496,477-493-496,3,2.0400423894369406,2.0400423894369406,WOOWWWWW,OOOOOWWW
1,ddelta,477,493,496,477-493-496,4,-0.7814004941880623,0.7814004941880623,WWWWWOWW,OWWOOOWW
1,ddelta,477,493,496,477-493-496,5,2.3257068700594283,2.3257068700594283,WOWWWOWW,OOWOOOWW
1,ddelta,477,493,496,477-493-496,6,-4.87604757335852,4.87604757335852,WWOWWOWW,OWOOOOWW
1,ddelta,477,493,496,477-493-496,7,-5.6374146076168685,5.6374146076168685,WOOWWOWW,OOOOOOWW
1,ddelta,477,493,496,477-493-496,8,-0.022737545912522306,0.022737545912522306,WWWWWWOW,OWWOOWOW
1,ddelta,477,493,496,477-493-496,9,-1.308426769921971,1.308426769921971,WOWWWWOW,OOWOOWOW
1,ddelta,477,493,496,477-493-496,10,0.8696792845056944,0.8696792845056944,WWOWWWOW,OWOOOWOW
1,ddelta,477,493,496,477-493-496,11,1.8393155085153556,1.8393155085153556,WOOWWWOW,OOOOOWOW
1,ddelta,477,493,496,477-493-496,12,-0.45239488234182124,0.45239488234182124,WWWWWOOW,OWWOOOOW
1,ddelta,477,493,496,477-493-496,13,1.2628746322826574,1.2628746322826574,WOWWWOOW,OOWOOOOW
1,ddelta,477,493,496,477-493-496,14,0.37148141813226165,0.37148141813226165,WWOWWOOW,OWOOOOOW
1,ddelta,477,493,496,477-493-496,15,1.9040112722667746,1.9040112722667746,WOOWWOOW,OOOOOOOW
1,ddelta,477,493,496,477-493-496,16,-3.6677089625760475,3.6677089625760475,WWWWWWWO,OWWOOWWO
1,ddelta,477,493,496,477-493-496,17,-4.126533842615906,4.126533842615906,WOWWWWWO,OOWOOWWO
1,ddelta,477,493,496,477-493-496,18,0.1499699302920834,0.1499699302920834,WWOWWWWO,OWOOOWWO
1,ddelta,477,493,496,477-493-496,19,3.528726791145228,3.528726791145228,WOOWWWWO,OOOOOWWO
1,ddelta,477,493,496,477-493-496,20,0.4092277957794209,0.4092277957794209,WWWWWOWO,OWWOOOWO
1,ddelta,477,493,496,477-493-496,21,-0.7163816014720359,0.7163816014720359,WOWWWOWO,OOWOOOWO
1,ddelta,477,493,496,477-493-496,22,0.4444301125679657,0.4444301125679657,WWOWWOWO,OWOOOOWO
1,ddelta,477,493,496,477-493-496,23,1.0051887852540717,1.0051887852540717,WOOWWOWO,OOOOOOWO
1,ddelta,477,493,496,477-493-496,24,-1.2289041416780382,1.2289041416780382,WWWWWWOO,OWWOOWOO
1,ddelta,477,493,496,477-493-496,25,2.9379634268006654,2.9379634268006654,WOWWWWOO,OOWOOWOO
1,ddelta,477,493,496,477-493-496,26,-3.2727530994840994,3.2727530994840994,WWOWWWOO,OWOOOWOO
1,ddelta,477,493,496,477-493-496,27,-0.3776821786176598,0.3776821786176598,WOOWWWOO,OOOOOWOO
1,ddelta,477,493,496,477-493-496,28,-1.984325500830621,1.984325500830621,WWWWWOOO,OWWOOOOO
1,ddelta,477,493,496,477-493-496,29,2.9910310710924706,2.9910310710924706,WOWWWOOO,OOWOOOOO
1,ddelta,477,493,496,477-493-496,30,-0.061650440673928886,0.061650440673928886,WWOWWOOO,OWOOOOOO
1,ddelta,477,493,496,477-493-496,31,9.258528685667207,9.258528685667207,WOOWWOOO,OOOOOOOO
1,ddelta,477,493,498,477-493-498,0,-1.9751430678835145,1.9751430678835145,WWWWWWWW,OWWOWOWW
1,ddelta,477,493,498,477-493-498,1,-1.7167653181799234,1.7167653181799234,WOWWWWWW,OOWOWOWW
1,ddelta,477,493,498,477-493-498,2,4.234381083972671,4.234381083972671,WWOWWWWW,OWOOWOWW
1,ddelta,477,493,498,477-493-498,3,0.8875573868732616,0.8875573868732616,WOOWWWWW,OOOOWOWW
1,ddelta,477,493,498,477-493-498,4,-2.6352172109401373,2.6352172109401373,WWWWOWWW,OWWOOOWW
1,ddelta,477,493,498,477-493-498,5,-0.6150116110765538,0.6150116110765538,WOWWOWWW,OOWOOOWW
1,ddelta,477,493,498,477-493-498,6,-8.24889305281393,8.24889305281393,WWOWOWWW,OWOOOOWW
1,ddelta,477,493,498,477-493-498,7,-6.789899610180547,6.789899610180547,WOOWOWWW,OOOOOOWW
1,ddelta,477,493,498,477-493-498,8,-2.8523208182635305,2.8523208182635305,WWWWWWOW,OWWOWOOW
1,ddelta,477,493,498,477-493-498,9,1.1353680303983134,1.1353680303983134,WOWWWWOW,OOWOWOOW
1,ddelta,477,493,498,477-493-498,10,-1.1970649078996998,1.1970649078996998,WWOWWWOW,OWOOWOOW
1,ddelta,477,493,498,477-493-498,11,-1.838545215730404,1.838545215730404,WOOWWWOW,OOOOWOOW
1,ddelta,477,493,498,477-493-498,12,-3.28197815469283,3.28197815469283,WWWWOWOW,OWWOOOOW
1,ddelta,477,493,498,477-493-498,13,3.7066694326029426,3.7066694326029426,WOWWOWOW,OOWOOOOW
1,ddelta,477,493,498,477-493-498,14,-1.6952627742731323,1.6952627742731323,WWOWOWOW,OWOOOOOW
1,ddelta,477,493,498,477-493-498,15,-1.773849451978985,1.773849451978985,WOOWOWOW,OOOOOOOW
1,ddelta,477,493,498,477-493-498,16,1.1222734714916687,1.1222734714916687,WWWWWWWO,OWWOWOWO
1,ddelta,477,493,498,477-493-498,17,-1.2470646990466356,1.2470646990466356,WOWWWWWO,OOWOWOWO
1,ddelta,477,493,498,477-493-498,18,-5.441252851793873,5.441252851793873,WWOWWWWO,OWOOWOWO
1,ddelta,477,493,498,477-493-498,19,0.47890546649484267,0.47890546649484267,WOOWWWWO,OOOOWOWO
1,ddelta,477,493,498,477-493-498,20,5.199210229847138,5.199210229847138,WWWWOWWO,OWWOOOWO
1,ddelta,477,493,498,477-493-498,21,2.1630875420972346,2.1630875420972346,WOWWOWWO,OOWOOOWO
1,ddelta,477,493,498,477-493-498,22,-5.146792669517991,5.146792669517991,WWOWOWWO,OWOOOOWO
1,ddelta,477,493,498,477-493-498,23,-2.0446325393963143,2.0446325393963143,WOOWOWWO,OOOOOOWO
1,ddelta,477,493,498,477-493-498,24,-3.7473312296109507,3.7473312296109507,WWWWWWOO,OWWOWOOO
1,ddelta,477,493,498,477-493-498,25,0.07935270089115828,0.07935270089115828,WOWWWWOO,OOWOWOOO
1,ddelta,477,493,498,477-493-498,26,-1.6869419756969943,1.6869419756969943,WWOWWWOO,OWOOWOOO
1,ddelta,477,493,498,477-493-498,27,-3.229950007837905,3.229950007837905,WOOWWWOO,OOOOWOOO
1,ddelta,477,493,498,477-493-498,28,-4.502752588763534,4.502752588763534,WWWWOWOO,OWWOOOOO
1,ddelta,477,493,498,477-493-498,29,0.1324203451829633,0.1324203451829633,WOWWOWOO,OOWOOOOO
1,ddelta,477,493,498,477-493-498,30,1.5241606831131764,1.5241606831131764,WWOWOWOO,OWOOOOOO
1,ddelta,477,493,498,477-493-498,31,6.406260856446962,6.406260856446962,WOOWOWOO,OOOOOOOO
1,ddelta,477,493,501,477-493-501,0,0.7328634838621784,0.7328634838621784,WWWWWWWW,OWWOWWOW
1,ddelta,477,493,501,477-493-501,1,-0.6291221116794745,0.6291221116794745,WOWWWWWW,OOWOWWOW
1,ddelta,477,493,501,477-493-501,2,2.7513927074235767,2.7513927074235767,WWOWWWWW,OWOOWWOW
1,ddelta,477,493,501,477-493-501,3,-3.308290084770686,3.308290084770686,WOOWWWWW,OOOOWWOW
1,ddelta,477,493,501,477-493-501,4,0.8314522890810948,0.8314522890810948,WWWWOWWW,OWWOOWOW
1,ddelta,477,493,501,477-493-501,5,-3.161502044557504,3.161502044557504,WOWWOWWW,OOWOOWOW
1,ddelta,477,493,501,477-493-501,6,-3.9861545714988105,3.9861545714988105,WWOWOWWW,OWOOOWOW
1,ddelta,477,493,501,477-493-501,7,-3.509016965692271,3.509016965692271,WOOWOWWW,OOOOOWOW
1,ddelta,477,493,501,477-493-501,8,-0.14431426651783852,0.14431426651783852,WWWWWOWW,OWWOWOOW
1,ddelta,477,493,501,477-493-501,9,2.2230112368987625,2.2230112368987625,WOWWWOWW,OOWOWOOW
1,ddelta,477,493,501,477-493-501,10,-2.6800532844487943,2.6800532844487943,WWOWWOWW,OWOOWOOW
1,ddelta,477,493,501,477-493-501,11,-6.034392687374352,6.034392687374352,WOOWWOWW,OOOOWOOW
1,ddelta,477,493,501,477-493-501,12,0.1846913453284026,0.1846913453284026,WWWWOOWW,OWWOOOOW
1,ddelta,477,493,501,477-493-501,13,1.1601789991219917,1.1601789991219917,WOWWOOWW,OOWOOOOW
1,ddelta,477,493,501,477-493-501,14,2.5674757070419876,2.5674757070419876,WWOWOOWW,OWOOOOOW
1,ddelta,477,493,501,477-493-501,15,1.5070331925092901,1.5070331925092901,WOOWOOWW,OOOOOOOW
1,ddelta,477,493,501,477-493-501,16,1.465566788202888,1.465566788202888,WWWWWWWO,OWWOWWOO
1,ddelta,477,493,501,477-493-501,17,-5.1632469269795696,5.1632469269795696,WOWWWWWO,OOWOWWOO
1,ddelta,477,493,501,477-493-501,18,-4.170147859519272,4.170147859519272,WWOWWWWO,OWOOWWOO
1,ddelta,477,493,501,477-493-501,19,0.4416770941538819,0.4416770941538819,WOOWWWWO,OOOOWWOO
1,ddelta,477,493,501,477-493-501,20,3.904371609100899,3.904371609100899,WWWWOWWO,OWWOOWOO
1,ddelta,477,493,501,477-493-501,21,1.9012503424370009,1.9012503424370009,WOWWOWWO,OOWOOWOO
1,ddelta,477,493,501,477-493-501,22,-7.592870889295454,7.592870889295454,WWOWOWWO,OWOOOWOO
1,ddelta,477,493,501,477-493-501,23,-3.464731875609006,3.464731875609006,WOOWOWWO,OOOOOWOO
1,ddelta,477,493,501,477-493-501,24,-3.404037912899731,3.404037912899731,WWWWWOWO,OWWOWOOO
1,ddelta,477,493,501,477-493-501,25,-3.836829527041776,3.836829527041776,WOWWWOWO,OOWOWOOO
1,ddelta,477,493,501,477-493-501,26,-0.4158369834223923,0.4158369834223923,WWOWWOWO,OWOOWOOO
1,ddelta,477,493,501,477-493-501,27,-3.2671783801788656,3.2671783801788656,WOOWWOWO,OOOOWOOO
1,ddelta,477,493,501,477-493-501,28,-5.797591209509774,5.797591209509774,WWWWOOWO,OWWOOOOO
1,ddelta,477,493,501,477-493-501,29,-0.12941685447726972,0.12941685447726972,WOWWOOWO,OOWOOOOO
1,ddelta,477,493,501,477-493-501,30,-0.9219175366642867,0.9219175366642867,WWOWOOWO,OWOOOOOO
1,ddelta,477,493,501,477-493-501,31,4.986161520234269,4.986161520234269,WOOWOOWO,OOOOOOOO
1,ddelta,477,493,505,477-493-505,0,-1.1556737347922053,1.1556737347922053,WWWWWWWW,OWWOWWWO
1,ddelta,477,493,505,477-493-505,1,3.701946782633123,3.701946782633123,WOWWWWWW,OOWOWWWO
1,ddelta,477,493,505,477-493-505,2,7.67134525495267,7.67134525495267,WWOWWWWW,OWOOWWWO
1,ddelta,477,493,505,477-493-505,3,-2.923100918193866,2.923100918193866,WOOWWWWW,OOOOWWWO
1,ddelta,477,493,505,477-493-505,4,-4.702056346236813,4.702056346236813,WWWWOWWW,OWWOOWWO
1,ddelta,477,493,505,477-493-505,5,-1.6485402229388415,1.6485402229388415,WOWWOWWW,OOWOOWWO
1,ddelta,477,493,505,477-493-505,6,0.21408862181667132,0.21408862181667132,WWOWOWWW,OWOOOWWO
1,ddelta,477,493,505,477-493-505,7,-1.4344165164855764,1.4344165164855764,WOOWOWWW,OOOOOWWO
1,ddelta,477,493,505,477-493-505,8,1.9417428045829774,1.9417428045829774,WWWWWOWW,OWWOWOWO
1,ddelta,477,493,505,477-493-505,9,4.1716474017664105,4.1716474017664105,WOWWWOWW,OOWOWOWO
1,ddelta,477,493,505,477-493-505,10,-2.0042886808138753,2.0042886808138753,WWOWWOWW,OWOOWOWO
1,ddelta,477,493,505,477-493-505,11,-3.3317528385722843,3.3317528385722843,WOOWWOWW,OOOOWOWO
1,ddelta,477,493,505,477-493-505,12,3.1323710945504613,3.1323710945504613,WWWWOOWW,OWWOOOWO
1,ddelta,477,493,505,477-493-505,13,1.129558930234946,1.129558930234946,WOWWOOWW,OOWOOOWO
1,ddelta,477,493,505,477-493-505,14,3.316189005112611,3.316189005112611,WWOWOOWW,OWOOOOWO
1,ddelta,477,493,505,477-493-505,15,3.3108505542986553,3.3108505542986553,WOOWOOWW,OOOOOOWO
1,ddelta,477,493,505,477-493-505,16,-0.4229704304514953,0.4229704304514953,WWWWWWOW,OWWOWWOO
1,ddelta,477,493,505,477-493-505,17,-0.8321780326669728,0.8321780326669728,WOWWWWOW,OOWOWWOO
1,ddelta,477,493,505,477-493-505,18,0.749804688009821,0.749804688009821,WWOWWWOW,OWOOWWOO
1,ddelta,477,493,505,477-493-505,19,0.8268662607307022,0.8268662607307022,WOOWWWOW,OOOOWWOO
1,ddelta,477,493,505,477-493-505,20,-1.6291370262170113,1.6291370262170113,WWWWOWOW,OWWOOWOO
1,ddelta,477,493,505,477-493-505,21,3.4142121640556633,3.4142121640556633,WOWWOWOW,OOWOOWOO
1,ddelta,477,493,505,477-493-505,22,-3.392627695979972,3.392627695979972,WWOWOWOW,OWOOOWOO
1,ddelta,477,493,505,477-493-505,23,-1.3901314264023135,1.3901314264023135,WOOWOWOW,OOOOOWOO
1,ddelta,477,493,505,477-493-505,24,-1.3179808417989156,1.3179808417989156,WWWWWOOW,OWWOWOOO
1,ddelta,477,493,505,477-493-505,25,-1.8881933621741283,1.8881933621741283,WOWWWOOW,OOWOWOOO
1,ddelta,477,493,505,477-493-505,26,0.25992762021252647,0.25992762021252647,WWOWWOOW,OWOOWOOO
1,ddelta,477,493,505,477-493-505,27,-0.5645385313767993,0.5645385313767993,WOOWWOOW,OOOOWOOO
1,ddelta,477,493,505,477-493-505,28,-2.849911460287715,2.849911460287715,WWWWOOOW,OWWOOOOO
1,ddelta,477,493,505,477-493-505,29,-0.16003692336431552,0.16003692336431552,WOWWOOOW,OOWOOOOO
1,ddelta,477,493,505,477-493-505,30,-0.17320423859366374,0.17320423859366374,WWOWOOOW,OWOOOOOO
1,ddelta,477,493,505,477-493-505,31,6.789978882023633,6.789978882023633,WOOWOOOW,OOOOOOOO
1,ddelta,477,496,498,477-496-498,0,-1.4855631873679107,1.4855631873679107,WWWWWWWW,OWWWOOWW
1,ddelta,477,496,498,477-496-498,1,-0.5916304893986434,0.5916304893986434,WOWWWWWW,OOWWOOWW
1,ddelta,477,496,498,477-496-498,2,4.078032350141483,4.078032350141483,WWOWWWWW,OWOWOOWW
1,ddelta,477,496,498,477-496-498,3,4.84753706791026,4.84753706791026,WOOWWWWW,OOOWOOWW
1,ddelta,477,496,498,477-496-498,4,-2.145637330424533,2.145637330424533,WWWOWWWW,OWWOOOWW
1,ddelta,477,496,498,477-496-498,5,0.5101232177047264,0.5101232177047264,WOWOWWWW,OOWOOOWW
1,ddelta,477,496,498,477-496-498,6,-8.405241786645119,8.405241786645119,WWOOWWWW,OWOOOOWW
1,ddelta,477,496,498,477-496-498,7,-2.829919929143549,2.829919929143549,WOOOWWWW,OOOOOOWW
1,ddelta,477,496,498,477-496-498,8,1.428691106080329,1.428691106080329,WWWWWWOW,OWWWOOOW
1,ddelta,477,496,498,477-496-498,9,-1.3193407663897965,1.3193407663897965,WOWWWWOW,OOWWOOOW
1,ddelta,477,496,498,477-496-498,10,-2.3256570937948036,2.3256570937948036,WWOWWWOW,OWOWOOOW
1,ddelta,477,496,498,477-496-498,11,-0.41951252148548124,0.41951252148548124,WOOWWWOW,OOOWOOOW
1,ddelta,477,496,498,477-496-498,12,0.9990337696510297,0.9990337696510297,WWWOWWOW,OWWOOOOW
1,ddelta,477,496,498,477-496-498,13,1.2519606358148316,1.2519606358148316,WOWOWWOW,OOWOOOOW
1,ddelta,477,496,498,477-496-498,14,-2.823854960168236,2.823854960168236,WWOOWWOW,OWOOOOOW
1,ddelta,477,496,498,477-496-498,15,-0.3548167577340625,0.3548167577340625,WOOOWWOW,OOOOOOOW
1,ddelta,477,496,498,477-496-498,16,-4.376600947949091,4.376600947949091,WWWWWWWO,OWWWOOWO
1,ddelta,477,496,498,477-496-498,17,-0.8408052788984768,0.8408052788984768,WOWWWWWO,OOWWOOWO
1,ddelta,477,496,498,477-496-498,18,-3.1331055860967667,3.1331055860967667,WWOWWWWO,OWOWOOWO
1,ddelta,477,496,498,477-496-498,19,-1.495259726240549,1.495259726240549,WOOWWWWO,OOOWOOWO
1,ddelta,477,496,498,477-496-498,20,-0.2996641895936225,0.2996641895936225,WWWOWWWO,OWWOOOWO
1,ddelta,477,496,498,477-496-498,21,2.569346962245393,2.569346962245393,WOWOWWWO,OOWOOOWO
1,ddelta,477,496,498,477-496-498,22,-2.838645403820884,2.838645403820884,WWOOWWWO,OWOOOOWO
1,ddelta,477,496,498,477-496-498,23,-4.018797732131706,4.018797732131706,WOOOWWWO,OOOOOOWO
1,ddelta,477,496,498,477-496-498,24,3.388805472453882,3.388805472453882,WWWWWWOO,OWWWOOOO
1,ddelta,477,496,498,477-496-498,25,1.235354744057019,1.235354744057019,WOWWWWOO,OOWWOOOO
1,ddelta,477,496,498,477-496-498,26,0.128084162243141,0.128084162243141,WWOWWWOO,OWOWOOOO
1,ddelta,477,496,498,477-496-498,27,-6.489003658885249,6.489003658885249,WOOWWWOO,OOOWOOOO
1,ddelta,477,496,498,477-496-498,28,2.6333841133012994,2.6333841133012994,WWWOWWOO,OWWOOOOO
1,ddelta,477,496,498,477-496-498,29,1.2884223883488235,1.2884223883488235,WOWOWWOO,OOWOOOOO
1,ddelta,477,496,498,477-496-498,30,3.3391868210533113,3.3391868210533113,WWOOWWOO,OWOOOOOO
1,ddelta,477,496,498,477-496-498,31,3.1472072053996185,3.1472072053996185,WOOOWWOO,OOOOOOOO
1,ddelta,477,496,501,477-496-501,0,-0.8796843521644091,0.8796843521644091,WWWWWWWW,OWWWOWOW
1,ddelta,477,496,501,477-496-501,1,-2.026872281612961,2.026872281612961,WOWWWWWW,OOWWOWOW
1,ddelta,477,496,501,477-496-501,2,4.176790250665165,4.176790250665165,WWOWWWWW,OWOWOWOW
1,ddelta,477,496,501,477-496-501,3,-1.4927170342186662,1.4927170342186662,WOOWWWWW,OOOWOWOW
1,ddelta,477,496,501,477-496-501,4,-0.7810955469454921,0.7810955469454921,WWWOWWWW,OWWOOWOW
1,ddelta,477,496,501,477-496-501,5,-4.559252214490991,4.559252214490991,WOWOWWWW,OOWOOWOW
1,ddelta,477,496,501,477-496-501,6,-2.560757028257223,2.560757028257223,WWOOWWWW,OWOOOWOW
1,ddelta,477,496,501,477-496-501,7,-1.6934439151402516,1.6934439151402516,WOOOWWWW,OOOOOWOW
1,ddelta,477,496,501,477-496-501,8,2.0345699412838307,2.0345699412838307,WWWWWOWW,OWWWOOOW
1,ddelta,477,496,501,477-496-501,9,-2.7545825586041146,2.7545825586041146,WOWWWOWW,OOWWOOOW
1,ddelta,477,496,501,477-496-501,10,-2.226899193271122,2.226899193271122,WWOWWOWW,OWOWOOOW
1,ddelta,477,496,501,477-496-501,11,-6.759766623614407,6.759766623614407,WOOWWOWW,OOOWOOOW
1,ddelta,477,496,501,477-496-501,12,2.3635755531300715,2.3635755531300715,WWWOWOWW,OWWOOOOW
1,ddelta,477,496,501,477-496-501,13,-3.8174147963808847,3.8174147963808847,WOWOWOWW,OOWOOOOW
1,ddelta,477,496,501,477-496-501,14,3.0206297982196597,3.0206297982196597,WWOOWOWW,OWOOOOOW
1,ddelta,477,496,501,477-496-501,15,0.7816592562692346,0.7816592562692346,WOOOWOWW,OOOOOOOW
1,ddelta,477,496,501,477-496-501,16,-2.160790335347139,2.160790335347139,WWWWWWWO,OWWWOWOO
1,ddelta,477,496,501,477-496-501,17,-4.357645652789592,4.357645652789592,WOWWWWWO,OOWWOWOO
1,ddelta,477,496,501,477-496-501,18,-2.9784800079192686,2.9784800079192686,WWOWWWWO,OWOWOWOO
1,ddelta,477,496,501,477-496-501,19,1.9897852021616815,1.9897852021616815,WOOWWWWO,OOOWOWOO
1,ddelta,477,496,501,477-496-501,20,0.2780144855508706,0.2780144855508706,WWWOWWWO,OWWOOWOO
1,ddelta,477,496,501,477-496-501,21,2.7068516166269787,2.7068516166269787,WOWOWWWO,OOWOOWOO
1,ddelta,477,496,501,477-496-501,22,-6.401203037695451,6.401203037695451,WWOOWWWO,OWOOOWOO
1,ddelta,477,496,501,477-496-501,23,-1.9166237676012057,1.9166237676012057,WOOOWWWO,OOOOOWOO
1,ddelta,477,496,501,477-496-501,24,5.604616085055834,5.604616085055834,WWWWWOWO,OWWWOOOO
1,ddelta,477,496,501,477-496-501,25,-2.2814856298340964,2.2814856298340964,WOWWWOWO,OOWWOOOO
1,ddelta,477,496,501,477-496-501,26,0.2827097404206379,0.2827097404206379,WWOWWOWO,OWOWOOOO
1,ddelta,477,496,501,477-496-501,27,-3.003958730483018,3.003958730483018,WOOWWOWO,OOOWOOOO
1,ddelta,477,496,501,477-496-501,28,3.2110627884457923,3.2110627884457923,WWWOWOWO,OWWOOOOO
1,ddelta,477,496,501,477-496-501,29,1.42592704273041,1.42592704273041,WOWOWOWO,OOWOOOOO
1,ddelta,477,496,501,477-496-501,30,-0.2233708128212566,0.2233708128212566,WWOOWOWO,OWOOOOOO
1,ddelta,477,496,501,477-496-501,31,5.249381169930118,5.249381169930118,WOOOWOWO,OOOOOOOO
1,ddelta,477,496,505,477-496-505,0,4.2924926352280925,4.2924926352280925,WWWWWWWW,OWWWOWWO
1,ddelta,477,496,505,477-496-505,1,1.140795022027558,1.140795022027558,WOWWWWWW,OOWWOWWO
1,ddelta,477,496,505,477-496-505,2,7.61109207042703,7.61109207042703,WWOWWWWW,OWOWOWWO
1,ddelta,477,496,505,477-496-505,3,-0.44642048372352283,0.44642048372352283,WOOWWWWW,OOOWOWWO
1,ddelta,477,496,505,477-496-505,4,0.7461100237834846,0.7461100237834846,WWWOWWWW,OWWOOWWO
1,ddelta,477,496,505,477-496-505,5,-4.209691983544406,4.209691983544406,WOWOWWWW,OOWOOWWO
1,ddelta,477,496,505,477-496-505,6,0.15383543729102978,0.15383543729102978,WWOOWWWW,OWOOOWWO
1,ddelta,477,496,505,477-496-505,7,1.042263917984766,1.042263917984766,WOOOWWWW,OOOOOWWO
1,ddelta,477,496,505,477-496-505,8,1.401454874646912,1.401454874646912,WWWWWOWW,OWWWOOWO
1,ddelta,477,496,505,477-496-505,9,0.8916202325277249,0.8916202325277249,WOWWWOWW,OOWWOOWO
1,ddelta,477,496,505,477-496-505,10,0.39995413418877956,0.39995413418877956,WWOWWOWW,OWOWOOWO
1,ddelta,477,496,505,477-496-505,11,-6.7892172778743305,6.7892172778743305,WOOWWOWW,OOOWOOWO
1,ddelta,477,496,505,477-496-505,12,2.592083164614395,2.592083164614395,WWWOWOWW,OWWOOOWO
1,ddelta,477,496,505,477-496-505,13,-2.150468239003739,2.150468239003739,WOWOWOWW,OOWOOOWO
1,ddelta,477,496,505,477-496-505,14,5.720431820115266,5.720431820115266,WWOOWOWW,OWOOOOWO
1,ddelta,477,496,505,477-496-505,15,-0.1466138850033918,0.1466138850033918,WOOOWOWW,OOOOOOWO
1,ddelta,477,496,505,477-496-505,16,3.0113866520453616,3.0113866520453616,WWWWWWOW,OWWWOWOO
1,ddelta,477,496,505,477-496-505,17,-1.1899783491490725,1.1899783491490725,WOWWWWOW,OOWWOWOO
1,ddelta,477,496,505,477-496-505,18,0.455821811842595,0.455821811842595,WWOWWWOW,OWOWOWOO
1,ddelta,477,496,505,477-496-505,19,3.036081752656826,3.036081752656826,WOOWWWOW,OOOWOWOO
1,ddelta,477,496,505,477-496-505,20,1.8052200562798466,1.8052200562798466,WWWOWWOW,OWWOOWOO
1,ddelta,477,496,505,477-496-505,21,3.056411847573563,3.056411847573563,WOWOWWOW,OOWOOWOO
1,ddelta,477,496,505,477-496-505,22,-3.6866105721471976,3.6866105721471976,WWOOWWOW,OWOOOWOO
1,ddelta,477,496,505,477-496-505,23,0.8190840655238102,0.8190840655238102,WOOOWWOW,OOOOOWOO
1,ddelta,477,496,505,477-496-505,24,4.971501018418915,4.971501018418915,WWWWWOOW,OWWWOOOO
1,ddelta,477,496,505,477-496-505,25,1.364717161297743,1.364717161297743,WOWWWOOW,OOWWOOOO
1,ddelta,477,496,505,477-496-505,26,2.9095630678805398,2.9095630678805398,WWOWWOOW,OWOWOOOO
1,ddelta,477,496,505,477-496-505,27,-3.033409384742941,3.033409384742941,WOOWWOOW,OOOWOOOO
1,ddelta,477,496,505,477-496-505,28,3.4395703999301164,3.4395703999301164,WWWOWOOW,OWWOOOOO
1,ddelta,477,496,505,477-496-505,29,3.0928736001075556,3.0928736001075556,WOWOWOOW,OOWOOOOO
1,ddelta,477,496,505,477-496-505,30,2.4764312090743497,2.4764312090743497,WWOOWOOW,OWOOOOOO
1,ddelta,477,496,505,477-496-505,31,4.321108028657491,4.321108028657491,WOOOWOOW,OOOOOOOO
1,ddelta,477,498,501,477-498-501,0,-1.4179217663526311,1.4179217663526311,WWWWWWWW,OWWWWOOW
1,ddelta,477,498,501,477-498-501,1,-0.48671268194612094,0.48671268194612094,WOWWWWWW,OOWWWOOW
1,ddelta,477,498,501,477-498-501,2,4.1908183196292885,4.1908183196292885,WWOWWWWW,OWOWWOOW
1,ddelta,477,498,501,477-498-501,3,1.5383392499333957,1.5383392499333957,WOOWWWWW,OOOWWOOW
1,ddelta,477,498,501,477-498-501,4,-2.2950995167326482,2.2950995167326482,WWWOWWWW,OWWOWOOW
1,ddelta,477,498,501,477-498-501,5,2.3654206666321165,2.3654206666321165,WOWOWWWW,OOWOWOOW
1,ddelta,477,498,501,477-498-501,6,-1.2406276722430827,1.2406276722430827,WWOOWWWW,OWOOWOOW
1,ddelta,477,498,501,477-498-501,7,-1.18776335267027,1.18776335267027,WOOOWWWW,OOOOWOOW
1,ddelta,477,498,501,477-498-501,8,1.4963325270956083,1.4963325270956083,WWWWOWWW,OWWWOOOW
1,ddelta,477,498,501,477-498-501,9,-1.2144229589372741,1.2144229589372741,WOWWOWWW,OOWWOOOW
1,ddelta,477,498,501,477-498-501,10,-2.2128711243069987,2.2128711243069987,WWOWOWWW,OWOWOOOW
1,ddelta,477,498,501,477-498-501,11,-3.728710339462345,3.728710339462345,WOOWOWWW,OOOWOOOW
1,ddelta,477,498,501,477-498-501,12,0.8495715833429149,0.8495715833429149,WWWOOWWW,OWWOOOOW
1,ddelta,477,498,501,477-498-501,13,3.107258084742221,3.107258084742221,WOWOOWWW,OOWOOOOW
1,ddelta,477,498,501,477-498-501,14,4.340759154233799,4.340759154233799,WWOOOWWW,OWOOOOOW
1,ddelta,477,498,501,477-498-501,15,1.2873398187392162,1.2873398187392162,WOOOOWWW,OOOOOOOW
1,ddelta,477,498,501,477-498-501,16,1.544363781171989,1.544363781171989,WWWWWWWO,OWWWWOOO
1,ddelta,477,498,501,477-498-501,17,-0.7606457485040552,0.7606457485040552,WOWWWWWO,OOWWWOOO
1,ddelta,477,498,501,477-498-501,18,0.20810433916104298,0.20810433916104298,WWOWWWWO,OWOWWOOO
1,ddelta,477,498,501,477-498-501,19,0.6380414285344862,0.6380414285344862,WOOWWWWO,OOOWWOOO
1,ddelta,477,498,501,477-498-501,20,-3.3252409199306308,3.3252409199306308,WWWOWWWO,OWWOWOOO
1,ddelta,477,498,501,477-498-501,21,0.5657716514337388,0.5657716514337388,WOWOWWWO,OOWOWOOO
1,ddelta,477,498,501,477-498-501,22,3.9624152152579226,3.9624152152579226,WWOOWWWO,OWOOWOOO
1,ddelta,477,498,501,477-498-501,23,-3.070814045798261,3.070814045798261,WOOOWWWO,OOOOWOOO
1,ddelta,477,498,501,477-498-501,24,9.309770201574963,9.309770201574963,WWWWOWWO,OWWWOOOO
1,ddelta,477,498,501,477-498-501,25,1.3155142744514403,1.3155142744514403,WOWWOWWO,OOWWOOOO
1,ddelta,477,498,501,477-498-501,26,3.4692940875009506,3.4692940875009506,WWOWOWWO,OWOWOOOO
1,ddelta,477,498,501,477-498-501,27,-4.355702504110214,4.355702504110214,WOOWOWWO,OOOWOOOO
1,ddelta,477,498,501,477-498-501,28,-0.3921926170357102,0.3921926170357102,WWWOOWWO,OWWOOOOO
1,ddelta,477,498,501,477-498-501,29,-0.7151529224628304,0.7151529224628304,WOWOOWWO,OOWOOOOO
1,ddelta,477,498,501,477-498-501,30,10.140247440132118,10.140247440132118,WWOOOWWO,OWOOOOOO
1,ddelta,477,498,501,477-498-501,31,4.095190891733062,4.095190891733062,WOOOOWWO,OOOOOOOO
1,ddelta,477,498,505,477-498-505,0,-1.8335203469759862,1.8335203469759862,WWWWWWWW,OWWWWOWO
1,ddelta,477,498,505,477-498-505,1,-0.8304331854119824,0.8304331854119824,WOWWWWWW,OOWWWOWO
1,ddelta,477,498,505,477-498-505,2,3.1888413077409457,3.1888413077409457,WWOWWWWW,OWOWWOWO
1,ddelta,477,498,505,477-498-505,3,-0.46817264279350446,0.46817264279350446,WOOWWWWW,OOOWWOWO
1,ddelta,477,498,505,477-498-505,4,1.2638961923991967,1.2638961923991967,WWWOWWWW,OWWOWOWO
1,ddelta,477,498,505,477-498-505,5,-0.3607325662786942,0.3607325662786942,WOWOWWWW,OOWOWOWO
1,ddelta,477,498,505,477-498-505,6,-6.486792628025599,6.486792628025599,WWOOWWWW,OWOOWOWO
1,ddelta,477,498,505,477-498-505,7,-0.8768245631719236,0.8768245631719236,WOOOWWWW,OOOOWOWO
1,ddelta,477,498,505,477-498-505,8,-4.724558107557167,4.724558107557167,WWWWOWWW,OWWWOOWO
1,ddelta,477,498,505,477-498-505,9,-1.0796079749118157,1.0796079749118157,WOWWOWWW,OOWWOOWO
1,ddelta,477,498,505,477-498-505,10,-4.022296628497303,4.022296628497303,WWOWOWWW,OWOWOOWO
1,ddelta,477,498,505,477-498-505,11,-6.810969436944313,6.810969436944313,WOOWOWWW,OOOWOOWO
1,ddelta,477,498,505,477-498-505,12,3.109869333230108,3.109869333230108,WWWOOWWW,OWWOOOWO
1,ddelta,477,498,505,477-498-505,13,1.6984911782619734,1.6984911782619734,WOWOOWWW,OOWOOOWO
1,ddelta,477,498,505,477-498-505,14,-0.9201962452013648,0.9201962452013648,WWOOOWWW,OWOOOOWO
1,ddelta,477,498,505,477-498-505,15,-2.065702366160079,2.065702366160079,WOOOOWWW,OOOOOOWO
1,ddelta,477,498,505,477-498-505,16,1.1287652005486344,1.1287652005486344,WWWWWWOW,OWWWWOOO
1,ddelta,477,498,505,477-498-505,17,-1.1043662519699167,1.1043662519699167,WOWWWWOW,OOWWWOOO
1,ddelta,477,498,505,477-498-505,18,-0.7938726727272993,0.7938726727272993,WWOWWWOW,OWOWWOOO
1,ddelta,477,498,505,477-498-505,19,-1.3684704641924137,1.3684704641924137,WOOWWWOW,OOOWWOOO
1,ddelta,477,498,505,477-498-505,20,0.23375478920121395,0.23375478920121395,WWWOWWOW,OWWOWOOO
1,ddelta,477,498,505,477-498-505,21,-2.160381581477072,2.160381581477072,WOWOWWOW,OOWOWOOO
1,ddelta,477,498,505,477-498-505,22,-1.2837497405245935,1.2837497405245935,WWOOWWOW,OWOOWOOO
1,ddelta,477,498,505,477-498-505,23,-2.7598752562999147,2.7598752562999147,WOOOWWOW,OOOOWOOO
1,ddelta,477,498,505,477-498-505,24,3.0888795669221882,3.0888795669221882,WWWWOWOW,OWWWOOOO
1,ddelta,477,498,505,477-498-505,25,1.450329258476899,1.450329258476899,WOWWOWOW,OOWWOOOO
1,ddelta,477,498,505,477-498-505,26,1.659868583310645,1.659868583310645,WWOWOWOW,OWOWOOOO
1,ddelta,477,498,505,477-498-505,27,-7.437961601592181,7.437961601592181,WOOWOWOW,OOOWOOOO
1,ddelta,477,498,505,477-498-505,28,1.868105132851484,1.868105132851484,WWWOOWOW,OWWOOOOO
1,ddelta,477,498,505,477-498-505,29,-2.1239198289430794,2.1239198289430794,WOWOOWOW,OOWOOOOO
1,ddelta,477,498,505,477-498-505,30,4.879292040696955,4.879292040696955,WWOOOWOW,OWOOOOOO
1,ddelta,477,498,505,477-498-505,31,0.7421487068337658,0.7421487068337658,WOOOOWOW,OOOOOOOO
1,ddelta,477,501,505,477-501-505,0,-1.2675331521637427,1.2675331521637427,WWWWWWWW,OWWWWWOO
1,ddelta,477,501,505,477-501-505,1,1.2804102339549857,1.2804102339549857,WOWWWWWW,OOWWWWOO
1,ddelta,477,501,505,477-501-505,2,2.7603860518523113,2.7603860518523113,WWOWWWWW,OWOWWWOO
1,ddelta,477,501,505,477-501-505,3,-4.088723207530258,4.088723207530258,WOOWWWWW,OOOWWWOO
1,ddelta,477,501,505,477-501-505,4,-0.5348298478230329,0.5348298478230329,WWWOWWWW,OWWOWWOO
1,ddelta,477,501,505,477-501-505,5,-3.253714581345109,3.253714581345109,WOWOWWWW,OOWOWWOO
1,ddelta,477,501,505,477-501-505,6,-4.161154515090537,4.161154515090537,WWOOWWWW,OWOOWWOO
1,ddelta,477,501,505,477-501-505,7,-0.33875602860568965,0.33875602860568965,WOOOWWWW,OOOOWWOO
1,ddelta,477,501,505,477-501-505,8,-2.548639135346473,2.548639135346473,WWWWOWWW,OWWWOWOO
1,ddelta,477,501,505,477-501-505,9,-1.0503631372216449,1.0503631372216449,WOWWOWWW,OOWWOWOO
1,ddelta,477,501,505,477-501-505,10,-4.394884206732121,4.394884206732121,WWOWOWWW,OWOWOWOO
1,ddelta,477,501,505,477-501-505,11,-0.6062209711499091,0.6062209711499091,WOOWOWWW,OOOWOWOO
1,ddelta,477,501,505,477-501-505,12,0.5242801846733292,0.5242801846733292,WWWOOWWW,OWWOOWOO
1,ddelta,477,501,505,477-501-505,13,4.01238924977286,4.01238924977286,WOWOOWWW,OOWOOWOO
1,ddelta,477,501,505,477-501-505,14,-8.001600524528765,8.001600524528765,WWOOOWWW,OWOOOWOO
1,ddelta,477,501,505,477-501-505,15,-0.5619358810666446,0.5619358810666446,WOOOOWWW,OOOOOWOO
1,ddelta,477,501,505,477-501-505,16,1.6947523953608776,1.6947523953608776,WWWWWOWW,OWWWWOOO
1,ddelta,477,501,505,477-501-505,17,1.0064771673970516,1.0064771673970516,WOWWWOWW,OOWWWOOO
1,ddelta,477,501,505,477-501-505,18,-1.2223279286159325,1.2223279286159325,WWOWWOWW,OWOWWOOO
1,ddelta,477,501,505,477-501-505,19,-4.989021028929166,4.989021028929166,WOOWWOWW,OOOWWOOO
1,ddelta,477,501,505,477-501-505,20,-1.5649712510210159,1.5649712510210159,WWWOWOWW,OWWOWOOO
1,ddelta,477,501,505,477-501-505,21,-5.0533635965434875,5.0533635965434875,WOWOWOWW,OOWOWOOO
1,ddelta,477,501,505,477-501-505,22,1.0418883724104682,1.0418883724104682,WWOOWOWW,OWOOWOOO
1,ddelta,477,501,505,477-501-505,23,-2.2218067217336808,2.2218067217336808,WOOOWOWW,OOOOWOOO
1,ddelta,477,501,505,477-501-505,24,5.264798539132881,5.264798539132881,WWWWOOWW,OWWWOOOO
1,ddelta,477,501,505,477-501-505,25,1.4795740961670694,1.4795740961670694,WOWWOOWW,OOWWOOOO
1,ddelta,477,501,505,477-501-505,26,1.2872810050758272,1.2872810050758272,WWOWOOWW,OWOWOOOO
1,ddelta,477,501,505,477-501-505,27,-1.233213135797778,1.233213135797778,WOOWOOWW,OOOWOOOO
1,ddelta,477,501,505,477-501-505,28,-0.7174840157052955,0.7174840157052955,WWWOOOWW,OWWOOOOO
1,ddelta,477,501,505,477-501-505,29,0.18997824256780804,0.18997824256780804,WOWOOOWW,OOWOOOOO
1,ddelta,477,501,505,477-501-505,30,-2.202112238630447,2.202112238630447,WWOOOOWW,OWOOOOOO
1,ddelta,477,501,505,477-501-505,31,2.2459151919272013,2.2459151919272013,WOOOOOWW,OOOOOOOO
1,ddelta,478,484,493,478-484-493,0,-1.9608827509437996,1.9608827509437996,WWWWWWWW,WOOOWWWW
1,ddelta,478,484,493,478-484-493,1,2.1139613312230203,2.1139613312230203,OWWWWWWW,OOOOWWWW
1,ddelta,478,484,493,478-484-493,2,-1.3204826601654398,1.3204826601654398,WWWWOWWW,WOOOOWWW
1,ddelta,478,484,493,478-484-493,3,-4.158102266077259,4.158102266077259,OWWWOWWW,OOOOOWWW
1,ddelta,478,484,493,478-484-493,4,-3.336184719297771,3.336184719297771,WWWWWOWW,WOOOWOWW
1,ddelta,478,484,493,478-484-493,5,-2.8665420839339504,2.8665420839339504,OWWWWOWW,OOOOWOWW
1,ddelta,478,484,493,478-484-493,6,-0.4440456120749309,0.4440456120749309,WWWWOOWW,WOOOOOWW
1,ddelta,478,484,493,478-484-493,7,-3.8428773752169483,3.8428773752169483,OWWWOOWW,OOOOOOWW
1,ddelta,478,484,493,478-484-493,8,-0.5942913610575211,0.5942913610575211,WWWWWWOW,WOOOWWOW
1,ddelta,478,484,493,478-484-493,9,-1.2171444755433103,1.2171444755433103,OWWWWWOW,OOOOWWOW
1,ddelta,478,484,493,478-484-493,10,0.02189284411480552,0.02189284411480552,WWWWOWOW,WOOOOWOW
1,ddelta,478,484,493,478-484-493,11,1.654365177648126,1.654365177648126,OWWWOWOW,OOOOOWOW
1,ddelta,478,484,493,478-484-493,12,1.0116774443207823,1.0116774443207823,WWWWWOOW,WOOOWOOW
1,ddelta,478,484,493,478-484-493,13,-4.240344826657555,4.240344826657555,OWWWWOOW,OOOOWOOW
1,ddelta,478,484,493,478-484-493,14,2.508669044971727,2.508669044971727,WWWWOOOW,WOOOOOOW
1,ddelta,478,484,493,478-484-493,15,-2.926092886496577,2.926092886496577,OWWWOOOW,OOOOOOOW
1,ddelta,478,484,493,478-484-493,16,7.410925506841841,7.410925506841841,WWWWWWWO,WOOOWWWO
1,ddelta,478,484,493,478-484-493,17,-3.9662971015632005,3.9662971015632005,OWWWWWWO,OOOOWWWO
1,ddelta,478,484,493,478-484-493,18,3.3673652799256795,3.3673652799256795,WWWWOWWO,WOOOOWWO
1,ddelta,478,484,493,478-484-493,19,-4.17227558758636,4.17227558758636,OWWWOWWO,OOOOOWWO
1,ddelta,478,484,493,478-484-493,20,1.903150167613279,1.903150167613279,WWWWWOWO,WOOOWOWO
1,ddelta,478,484,493,478-484-493,21,-1.1845759519647423,1.1845759519647423,OWWWWOWO,OOOOWOWO
1,ddelta,478,484,493,478-484-493,22,-0.09048092127508334,0.09048092127508334,WWWWOOWO,WOOOOOWO
1,ddelta,478,484,493,478-484-493,23,-1.491838970915542,1.491838970915542,OWWWOOWO,OOOOOOWO
1,ddelta,478,484,493,478-484-493,24,0.19250158956522068,0.19250158956522068,WWWWWWOO,WOOOWWOO
1,ddelta,478,484,493,478-484-493,25,0.05591765001579008,0.05591765001579008,OWWWWWOO,OOOOWWOO
1,ddelta,478,484,493,478-484-493,26,-0.3999725842047536,0.3999725842047536,WWWWOWOO,WOOOOWOO
1,ddelta,478,484,493,478-484-493,27,-1.8083531713664482,1.8083531713664482,OWWWOWOO,OOOOOWOO
1,ddelta,478,484,493,478-484-493,28,3.9947199502137423,3.9947199502137423,WWWWWOOO,WOOOWOOO
1,ddelta,478,484,493,478-484-493,29,-1.5115559519787085,1.5115559519787085,OWWWWOOO,OOOOWOOO
1,ddelta,478,484,493,478-484-493,30,4.2290278655557785,4.2290278655557785,WWWWOOOO,WOOOOOOO
1,ddelta,478,484,493,478-484-493,31,3.0675745177813734,3.0675745177813734,OWWWOOOO,OOOOOOOO
1,ddelta,478,484,496,478-484-496,0,0.766422373885784,0.766422373885784,WWWWWWWW,WOOWOWWW
1,ddelta,478,484,496,478-484-496,1,2.3538186354158213,2.3538186354158213,OWWWWWWW,OOOWOWWW
1,ddelta,478,484,496,478-484-496,2,1.4068224646641443,1.4068224646641443,WWWOWWWW,WOOOOWWW
1,ddelta,478,484,496,478-484-496,3,-3.9182449618844575,3.9182449618844575,OWWOWWWW,OOOOOWWW
1,ddelta,478,484,496,478-484-496,4,-3.413386383601151,3.413386383601151,WWWWWOWW,WOOWOOWW
1,ddelta,478,484,496,478-484-496,5,-1.9504181022716034,1.9504181022716034,OWWWWOWW,OOOWOOWW
1,ddelta,478,484,496,478-484-496,6,-0.5212472763783103,0.5212472763783103,WWWOWOWW,WOOOOOWW
1,ddelta,478,484,496,478-484-496,7,-2.926753393554602,2.926753393554602,OWWOWOWW,OOOOOOWW
1,ddelta,478,484,496,478-484-496,8,1.1729509297422405,1.1729509297422405,WWWWWWOW,WOOWOWOW
1,ddelta,478,484,496,478-484-496,9,-1.7619721641630006,1.7619721641630006,OWWWWWOW,OOOWOWOW
1,ddelta,478,484,496,478-484-496,10,1.7891351349145668,1.7891351349145668,WWWOWWOW,WOOOOWOW
1,ddelta,478,484,496,478-484-496,11,1.109537489028436,1.109537489028436,OWWOWWOW,OOOOOWOW
1,ddelta,478,484,496,478-484-496,12,-1.991535262755068,1.991535262755068,WWWWWOOW,WOOWOOOW
1,ddelta,478,484,496,478-484-496,13,-0.2722819118808606,0.2722819118808606,OWWWWOOW,OOOWOOOW
1,ddelta,478,484,496,478-484-496,14,-0.4945436621041234,0.4945436621041234,WWWOWOOW,WOOOOOOW
1,ddelta,478,484,496,478-484-496,15,1.0419700282801179,1.0419700282801179,OWWOWOOW,OOOOOOOW
1,ddelta,478,484,496,478-484-496,16,-1.6219861173964527,1.6219861173964527,WWWWWWWO,WOOWOWWO
1,ddelta,478,484,496,478-484-496,17,-4.9404047968164315,4.9404047968164315,OWWWWWWO,OOOWOWWO
1,ddelta,478,484,496,478-484-496,18,-5.665546344312615,5.665546344312615,WWWOWWWO,WOOOOWWO
1,ddelta,478,484,496,478-484-496,19,-5.146383282839592,5.146383282839592,OWWOWWWO,OOOOOWWO
1,ddelta,478,484,496,478-484-496,20,2.0169278543339972,2.0169278543339972,WWWWWOWO,WOOWOOWO
1,ddelta,478,484,496,478-484-496,21,-3.1994406342803794,3.1994406342803794,OWWWWOWO,OOOWOOWO
1,ddelta,478,484,496,478-484-496,22,0.023296765445634637,0.023296765445634637,WWWOWOWO,WOOOOOWO
1,ddelta,478,484,496,478-484-496,23,-3.5067036532311784,3.5067036532311784,OWWOWOWO,OOOOOOWO
1,ddelta,478,484,496,478-484-496,24,-2.334935641328837,2.334935641328837,WWWWWWOO,WOOWOWOO
1,ddelta,478,484,496,478-484-496,25,1.5117662067745878,1.5117662067745878,OWWWWWOO,OOOWOWOO
1,ddelta,478,484,496,478-484-496,26,-2.9274098150988115,2.9274098150988115,WWWOWWOO,WOOOOWOO
1,ddelta,478,484,496,478-484-496,27,-0.3525046146076508,0.3525046146076508,OWWOWWOO,OOOOOWOO
1,ddelta,478,484,496,478-484-496,28,-2.829842169970754,2.829842169970754,WWWWWOOO,WOOWOOOO
1,ddelta,478,484,496,478-484-496,29,-3.446777414598855,3.446777414598855,OWWWWOOO,OOOWOOOO
1,ddelta,478,484,496,478-484-496,30,-2.5955342546287175,2.5955342546287175,WWWOWOOO,WOOOOOOO
1,ddelta,478,484,496,478-484-496,31,1.1323530551612258,1.1323530551612258,OWWOWOOO,OOOOOOOO
1,ddelta,478,484,498,478-484-498,0,1.1493266851054738,1.1493266851054738,WWWWWWWW,WOOWWOWW
1,ddelta,478,484,498,478-484-498,1,5.30169705782208,5.30169705782208,OWWWWWWW,OOOWWOWW
1,ddelta,478,484,498,478-484-498,2,-0.22597528324849736,0.22597528324849736,WWWOWWWW,WOOOWOWW
1,ddelta,478,484,498,478-484-498,3,0.3211936426651099,0.3211936426651099,OWWOWWWW,OOOOWOWW
1,ddelta,478,484,498,478-484-498,4,-3.030482072381461,3.030482072381461,WWWWOWWW,WOOWOOWW
1,ddelta,478,484,498,478-484-498,5,0.9974603201346559,0.9974603201346559,OWWWOWWW,OOOWOOWW
1,ddelta,478,484,498,478-484-498,6,-2.1540450242909515,2.1540450242909515,WWWOOWWW,WOOOOOWW
1,ddelta,478,484,498,478-484-498,7,1.3126852109949656,1.3126852109949656,OWWOOWWW,OOOOOOWW
1,ddelta,478,484,498,478-484-498,8,1.0050328251043472,1.0050328251043472,WWWWWWOW,WOOWWOOW
1,ddelta,478,484,498,478-484-498,9,1.5737150437185514,1.5737150437185514,OWWWWWOW,OOOWWOOW
1,ddelta,478,484,498,478-484-498,10,2.611001630482651,2.611001630482651,WWWOWWOW,WOOOWOOW
1,ddelta,478,484,498,478-484-498,11,-1.449485307395694,1.449485307395694,OWWOWWOW,OOOOWOOW
1,ddelta,478,484,498,478-484-498,12,-2.1594533673929615,2.1594533673929615,WWWWOWOW,WOOWOOOW
1,ddelta,478,484,498,478-484-498,13,3.063405296000691,3.063405296000691,OWWWOWOW,OOOWOOOW
1,ddelta,478,484,498,478-484-498,14,0.32732283346395985,0.32732283346395985,WWWOOWOW,WOOOOOOW
1,ddelta,478,484,498,478-484-498,15,-1.517052768144012,1.517052768144012,OWWOOWOW,OOOOOOOW
1,ddelta,478,484,498,478-484-498,16,0.45649887703436726,0.45649887703436726,WWWWWWWO,WOOWWOWO
1,ddelta,478,484,498,478-484-498,17,-0.05123186234747967,0.05123186234747967,OWWWWWWO,OOOWWOWO
1,ddelta,478,484,498,478-484-498,18,-5.0512764621941955,5.0512764621941955,WWWOWWWO,WOOOWOWO
1,ddelta,478,484,498,478-484-498,19,2.7304892872509776,2.7304892872509776,OWWOWWWO,OOOOWOWO
1,ddelta,478,484,498,478-484-498,20,4.095412848764817,4.095412848764817,WWWWOWWO,WOOWOOWO
1,ddelta,478,484,498,478-484-498,21,1.689732300188573,1.689732300188573,OWWWOWWO,OOOWOOWO
1,ddelta,478,484,498,478-484-498,22,0.6375666475640536,0.6375666475640536,WWWOOWWO,WOOOOOWO
1,ddelta,478,484,498,478-484-498,23,4.370168916859391,4.370168916859391,OWWOOWWO,OOOOOOWO
1,ddelta,478,484,498,478-484-498,24,-1.4752619305017833,1.4752619305017833,WWWWWWOO,WOOWWOOO
1,ddelta,478,484,498,478-484-498,25,0.751953949165857,0.751953949165857,OWWWWWOO,OOOWWOOO
1,ddelta,478,484,498,478-484-498,26,2.326956430146738,2.326956430146738,WWWOWWOO,WOOOWOOO
1,ddelta,478,484,498,478-484-498,27,-0.8155196528286415,0.8155196528286415,OWWOWWOO,OOOOWOOO
1,ddelta,478,484,498,478-484-498,28,-1.9701684591437003,1.9701684591437003,WWWWOWOO,WOOWOOOO
1,ddelta,478,484,498,478-484-498,29,-4.206589672207586,4.206589672207586,OWWWOWOO,OOOWOOOO
1,ddelta,478,484,498,478-484-498,30,2.658831990616833,2.658831990616833,WWWOOWOO,WOOOOOOO
1,ddelta,478,484,498,478-484-498,31,0.6693380169402352,0.6693380169402352,OWWOOWOO,OOOOOOOO
1,ddelta,478,484,501,478-484-501,0,-0.2285412537849461,0.2285412537849461,WWWWWWWW,WOOWWWOW
1,ddelta,478,484,501,478-484-501,1,2.525288022862013,2.525288022862013,OWWWWWWW,OOOWWWOW
1,ddelta,478,484,501,478-484-501,2,1.1380501361013327,1.1380501361013327,WWWOWWWW,WOOOWWOW
1,ddelta,478,484,501,478-484-501,3,-0.8058177839043181,0.8058177839043181,OWWOWWWW,OOOOWWOW
1,ddelta,478,484,501,478-484-501,4,0.17798730207151048,0.17798730207151048,WWWWOWWW,WOOWOWOW
1,ddelta,478,484,501,478-484-501,5,-1.590502776716809,1.590502776716809,OWWWOWWW,OOOWOWOW
1,ddelta,478,484,501,478-484-501,6,1.5203628063517551,1.5203628063517551,WWWOOWWW,WOOOOWOW
1,ddelta,478,484,501,478-484-501,7,4.221964667008575,4.221964667008575,OWWOOWWW,OOOOOWOW
1,ddelta,478,484,501,478-484-501,8,-0.3728351137860726,0.3728351137860726,WWWWWOWW,WOOWWOOW
1,ddelta,478,484,501,478-484-501,9,-1.2026939912415164,1.2026939912415164,OWWWWOWW,OOOWWOOW
1,ddelta,478,484,501,478-484-501,10,3.9750270498324807,3.9750270498324807,WWWOWOWW,WOOOWOOW
1,ddelta,478,484,501,478-484-501,11,-2.576496733965122,2.576496733965122,OWWOWOWW,OOOOWOOW
1,ddelta,478,484,501,478-484-501,12,1.0490160070600099,1.0490160070600099,WWWWOOWW,WOOWOOOW
1,ddelta,478,484,501,478-484-501,13,0.47544219914922603,0.47544219914922603,OWWWOOWW,OOOWOOOW
1,ddelta,478,484,501,478-484-501,14,4.001730664106668,4.001730664106668,WWWOOOWW,WOOOOOOW
1,ddelta,478,484,501,478-484-501,15,1.3922266878695981,1.3922266878695981,OWWOOOWW,OOOOOOOW
1,ddelta,478,484,501,478-484-501,16,3.409153574021646,3.409153574021646,WWWWWWWO,WOOWWWOO
1,ddelta,478,484,501,478-484-501,17,-3.234069794832693,3.234069794832693,OWWWWWWO,OOOWWWOO
1,ddelta,478,484,501,478-484-501,18,-3.809270343254975,3.809270343254975,WWWOWWWO,WOOOWWOO
1,ddelta,478,484,501,478-484-501,19,0.7881449567462973,0.7881449567462973,OWWOWWWO,OOOOWWOO
1,ddelta,478,484,501,478-484-501,20,2.6962040500892615,2.6962040500892615,WWWWOWWO,WOOWOWOO
1,ddelta,478,484,501,478-484-501,21,3.218101208758327,3.218101208758327,OWWWOWWO,OOOWOWOO
1,ddelta,478,484,501,478-484-501,22,-1.0711338140411728,1.0711338140411728,WWWOOWWO,WOOOOWOO
1,ddelta,478,484,501,478-484-501,23,5.582023624978238,5.582023624978238,OWWOOWWO,OOOOOWOO
1,ddelta,478,484,501,478-484-501,24,1.4773927664854956,1.4773927664854956,WWWWWOWO,WOOWWOOO
1,ddelta,478,484,501,478-484-501,25,-2.430883983319356,2.430883983319356,OWWWWOWO,OOOWWOOO
1,ddelta,478,484,501,478-484-501,26,3.568962549085959,3.568962549085959,WWWOWOWO,WOOOWOOO
1,ddelta,478,484,501,478-484-501,27,-2.757863983333322,2.757863983333322,OWWOWOWO,OOOOWOOO
1,ddelta,478,484,501,478-484-501,28,-3.3693772578192553,3.3693772578192553,WWWWOOWO,WOOWOOOO
1,ddelta,478,484,501,478-484-501,29,-2.6782207636378326,2.6782207636378326,OWWWOOWO,OOOWOOOO
1,ddelta,478,484,501,478-484-501,30,0.9501315290116068,0.9501315290116068,WWWOOOWO,WOOOOOOO
1,ddelta,478,484,501,478-484-501,31,1.8811927250590827,1.8811927250590827,OWWOOOWO,OOOOOOOO
1,ddelta,478,484,505,478-484-505,0,-2.0983391505123317,2.0983391505123317,WWWWWWWW,WOOWWWWO
1,ddelta,478,484,505,478-484-505,1,5.177002846456109,5.177002846456109,OWWWWWWW,OOOWWWWO
1,ddelta,478,484,505,478-484-505,2,7.27346910727331,7.27346910727331,WWWOWWWW,WOOOWWWO
1,ddelta,478,484,505,478-484-505,3,-0.9032555863301129,0.9032555863301129,OWWOWWWW,OOOOWWWO
1,ddelta,478,484,505,478-484-505,4,-4.486747641794569,4.486747641794569,WWWWOWWW,WOOWOWWO
1,ddelta,478,484,505,478-484-505,5,-2.117220585776146,2.117220585776146,OWWWOWWW,OOOWOWWO
1,ddelta,478,484,505,478-484-505,6,0.2011002982965504,0.2011002982965504,WWWOOWWW,WOOOOWWO
1,ddelta,478,484,505,478-484-505,7,-2.131393907285247,2.131393907285247,OWWOOWWW,OOOOOWWO
1,ddelta,478,484,505,478-484-505,8,-2.791166958583438,2.791166958583438,WWWWWOWW,WOOWWOWO
1,ddelta,478,484,505,478-484-505,9,-0.17592607371345292,0.17592607371345292,OWWWWOWW,OOOWWOWO
1,ddelta,478,484,505,478-484-505,10,2.4481679283276114,2.4481679283276114,WWWOWOWW,WOOOWOWO
1,ddelta,478,484,505,478-484-505,11,1.506040058255755,1.506040058255755,OWWOWOWW,OOOOWOWO
1,ddelta,478,484,505,478-484-505,12,2.6391472793517092,2.6391472793517092,WWWWOOWW,WOOWOOWO
1,ddelta,478,484,505,478-484-505,13,-1.424948605722229,1.424948605722229,OWWWOOWW,OOOWOOWO
1,ddelta,478,484,505,478-484-505,14,2.992711970151556,2.992711970151556,WWWOOOWW,WOOOOOWO
1,ddelta,478,484,505,478-484-505,15,0.9260897985791785,0.9260897985791785,OWWOOOWW,OOOOOOWO
1,ddelta,478,484,505,478-484-505,16,1.53935567729426,1.53935567729426,WWWWWWOW,WOOWWWOO
1,ddelta,478,484,505,478-484-505,17,-0.582354971238598,0.582354971238598,OWWWWWOW,OOOWWWOO
1,ddelta,478,484,505,478-484-505,18,2.326148627917002,2.326148627917002,WWWOWWOW,WOOOWWOO
1,ddelta,478,484,505,478-484-505,19,0.6907071543205026,0.6907071543205026,OWWOWWOW,OOOOWWOO
1,ddelta,478,484,505,478-484-505,20,-1.968530893776817,1.968530893776817,WWWWOWOW,WOOWOWOO
1,ddelta,478,484,505,478-484-505,21,2.69138339969899,2.69138339969899,OWWWOWOW,OOOWOWOO
1,ddelta,478,484,505,478-484-505,22,-2.390396322096376,2.390396322096376,WWWOOWOW,WOOOOWOO
1,ddelta,478,484,505,478-484-505,23,-0.7713349493155843,0.7713349493155843,OWWOOWOW,OOOOOWOO
1,ddelta,478,484,505,478-484-505,24,-0.94093907831187,0.94093907831187,WWWWWOOW,WOOWWOOO
1,ddelta,478,484,505,478-484-505,25,-1.4041160657912926,1.4041160657912926,OWWWWOOW,OOOWWOOO
1,ddelta,478,484,505,478-484-505,26,2.0421034275810896,2.0421034275810896,WWWOWOOW,WOOOWOOO
1,ddelta,478,484,505,478-484-505,27,1.3246728088875548,1.3246728088875548,OWWOWOOW,OOOOWOOO
1,ddelta,478,484,505,478-484-505,28,-1.7792459855275562,1.7792459855275562,WWWWOOOW,WOOWOOOO
1,ddelta,478,484,505,478-484-505,29,-4.578611568509287,4.578611568509287,OWWWOOOW,OOOWOOOO
1,ddelta,478,484,505,478-484-505,30,-0.05888716494350377,0.05888716494350377,WWWOOOOW,WOOOOOOO
1,ddelta,478,484,505,478-484-505,31,1.415055835768663,1.415055835768663,OWWOOOOW,OOOOOOOO
1,ddelta,478,493,496,478-493-496,0,0.6956025776948871,0.6956025776948871,WWWWWWWW,WOWOOWWW
1,ddelta,478,493,496,478-493-496,1,2.040882091782386,2.040882091782386,OWWWWWWW,OOWOOWWW
1,ddelta,478,493,496,478-493-496,2,1.336002668473248,1.336002668473248,WWOWWWWW,WOOOOWWW
1,ddelta,478,493,496,478-493-496,3,-4.231181505517894,4.231181505517894,OWOWWWWW,OOOOOWWW
1,ddelta,478,493,496,478-493-496,4,-0.7421202074240043,0.7421202074240043,WWWWWOWW,WOWOOOWW
1,ddelta,478,493,496,478-493-496,5,2.364987156823486,2.364987156823486,OWWWWOWW,OOWOOOWW
1,ddelta,478,493,496,478-493-496,6,2.150018899798836,2.150018899798836,WWOWWOWW,WOOOOOWW
1,ddelta,478,493,496,478-493-496,7,1.3886518655404878,1.3886518655404878,OWOWWOWW,OOOOOOWW
1,ddelta,478,493,496,478-493-496,8,-0.14383127001108087,0.14383127001108087,WWWWWWOW,WOWOOWOW
1,ddelta,478,493,496,478-493-496,9,-1.429520494020529,1.429520494020529,OWWWWWOW,OOWOOWOW
1,ddelta,478,493,496,478-493-496,10,0.4723529351612456,0.4723529351612456,WWOWWWOW,WOOOOWOW
1,ddelta,478,493,496,478-493-496,11,1.441989159170907,1.441989159170907,OWOWWWOW,OOOOOWOW
1,ddelta,478,493,496,478-493-496,12,0.3483121363417374,0.3483121363417374,WWWWWOOW,WOWOOOOW
1,ddelta,478,493,496,478-493-496,13,2.063581650966216,2.063581650966216,OWWWWOOW,OOWOOOOW
1,ddelta,478,493,496,478-493-496,14,1.845303736992682,1.845303736992682,WWOWWOOW,WOOOOOOW
1,ddelta,478,493,496,478-493-496,15,3.3778335911271946,3.3778335911271946,OWOWWOOW,OOOOOOOW
1,ddelta,478,493,496,478-493-496,16,4.289076754094249,4.289076754094249,WWWWWWWO,WOWOOWWO
1,ddelta,478,493,496,478-493-496,17,3.830251874054391,3.830251874054391,OWWWWWWO,OOWOOWWO
1,ddelta,478,493,496,478-493-496,18,0.24551652717808592,0.24551652717808592,WWOWWWWO,WOOOOWWO
1,ddelta,478,493,496,478-493-496,19,3.6242733880312317,3.6242733880312317,OWOWWWWO,OOOOOWWO
1,ddelta,478,493,496,478-493-496,20,2.1617507769070805,2.1617507769070805,WWWWWOWO,WOWOOOWO
1,ddelta,478,493,496,478-493-496,21,1.0361413796556236,1.0361413796556236,OWWWWOWO,OOWOOOWO
1,ddelta,478,493,496,478-493-496,22,0.16811968801871813,0.16811968801871813,WWOWWOWO,WOOOOOWO
1,ddelta,478,493,496,478-493-496,23,0.7288783607048241,0.7288783607048241,OWOWWOWO,OOOOOOWO
1,ddelta,478,493,496,478-493-496,24,-1.279121698911122,1.279121698911122,WWWWWWOO,WOWOOWOO
1,ddelta,478,493,496,478-493-496,25,2.8877458695675804,2.8877458695675804,OWWWWWOO,OOWOOWOO
1,ddelta,478,493,496,478-493-496,26,-1.8715958726810968,1.8715958726810968,WWOWWWOO,WOOOOWOO
1,ddelta,478,493,496,478-493-496,27,1.0234750481853425,1.0234750481853425,OWOWWWOO,OOOOOWOO
1,ddelta,478,493,496,478-493-496,28,-2.6959081231243647,2.6959081231243647,WWWWWOOO,WOWOOOOO
1,ddelta,478,493,496,478-493-496,29,2.279448448798727,2.279448448798727,OWWWWOOO,OOWOOOOO
1,ddelta,478,493,496,478-493-496,30,-2.4616002077823276,2.4616002077823276,WWOWWOOO,WOOOOOOO
1,ddelta,478,493,496,478-493-496,31,6.858578918558809,6.858578918558809,OWOWWOOO,OOOOOOOO
1,ddelta,478,493,498,478-493-498,0,0.9036157657160804,0.9036157657160804,WWWWWWWW,WOWOWOWW
1,ddelta,478,493,498,478-493-498,1,1.1619935154196714,1.1619935154196714,OWWWWWWW,OOWOWOWW
1,ddelta,478,493,498,478-493-498,2,-0.47168620263789063,0.47168620263789063,WWOWWWWW,WOOOWOWW
1,ddelta,478,493,498,478-493-498,3,-3.8185098997373,3.8185098997373,OWOWWWWW,OOOOWOWW
1,ddelta,478,493,498,478-493-498,4,-0.5341070194028115,0.5341070194028115,WWWWOWWW,WOWOOOWW
1,ddelta,478,493,498,478-493-498,5,1.486098580460772,1.486098580460772,OWWWOWWW,OOWOOOWW
1,ddelta,478,493,498,478-493-498,6,0.3423300286876976,0.3423300286876976,WWOWOWWW,WOOOOOWW
1,ddelta,478,493,498,478-493-498,7,1.801323471321081,1.801323471321081,OWOWOWWW,OOOOOOWW
1,ddelta,478,493,498,478-493-498,8,-2.016279737809387,2.016279737809387,WWWWWWOW,WOWOWOOW
1,ddelta,478,493,498,478-493-498,9,1.9714091108524578,1.9714091108524578,OWWWWWOW,OOWOWOOW
1,ddelta,478,493,498,478-493-498,10,-0.41031093243108363,0.41031093243108363,WWOWWWOW,WOOOWOOW
1,ddelta,478,493,498,478-493-498,11,-1.0517912402617875,1.0517912402617875,OWOWWWOW,OOOOWOOW
1,ddelta,478,493,498,478-493-498,12,-1.5241363314565683,1.5241363314565683,WWWWOWOW,WOWOOOOW
1,ddelta,478,493,498,478-493-498,13,5.464511255839202,5.464511255839202,OWWWOWOW,OOWOOOOW
1,ddelta,478,493,498,478-493-498,14,0.9626398694003524,0.9626398694003524,WWOWOWOW,WOOOOOOW
1,ddelta,478,493,498,478-493-498,15,0.8840531916944999,0.8840531916944999,OWOWOWOW,OOOOOOOW
1,ddelta,478,493,498,478-493-498,16,3.5521656517097524,3.5521656517097524,WWWWWWWO,WOWOWOWO
1,ddelta,478,493,498,478-493-498,17,1.1828274811714485,1.1828274811714485,OWWWWWWO,OOWOWOWO
1,ddelta,478,493,498,478-493-498,18,-1.9556096875188103,1.9556096875188103,WWOWWWWO,WOOOWOWO
1,ddelta,478,493,498,478-493-498,19,3.9645486307699054,3.9645486307699054,OWOWWWWO,OOOOWOWO
1,ddelta,478,493,498,478-493-498,20,1.424839674522584,1.424839674522584,WWWWOWWO,WOWOOOWO
1,ddelta,478,493,498,478-493-498,21,-1.6112830132273197,1.6112830132273197,OWWWOWWO,OOWOOOWO
1,ddelta,478,493,498,478-493-498,22,-2.0330065266781787,2.0330065266781787,WWOWOWWO,WOOOOOWO
1,ddelta,478,493,498,478-493-498,23,1.0691536034434983,1.0691536034434983,OWOWOWWO,OOOOOOWO
1,ddelta,478,493,498,478-493-498,24,-0.8472545527978753,0.8472545527978753,WWWWWWOO,WOWOWOOO
1,ddelta,478,493,498,478-493-498,25,2.979429377704234,2.979429377704234,OWWWWWOO,OOWOWOOO
1,ddelta,478,493,498,478-493-498,26,2.9549638078506457,2.9549638078506457,WWOWWWOO,WOOOWOOO
1,ddelta,478,493,498,478-493-498,27,1.4119557757097356,1.4119557757097356,OWOWWWOO,OOOOWOOO
1,ddelta,478,493,498,478-493-498,28,-2.264040977011117,2.264040977011117,WWWWOWOO,WOWOOOOO
1,ddelta,478,493,498,478-493-498,29,2.3711319569353804,2.3711319569353804,OWWWOWOO,OOWOOOOO
1,ddelta,478,493,498,478-493-498,30,2.3649594727494154,2.3649594727494154,WWOWOWOO,WOOOOOOO
1,ddelta,478,493,498,478-493-498,31,7.247059646083203,7.247059646083203,OWOWOWOO,OOOOOOOO
1,ddelta,478,493,501,478-493-501,0,1.0537829754762984,1.0537829754762984,WWWWWWWW,WOWOWWOW
1,ddelta,478,493,501,478-493-501,1,-0.30820262006535426,0.30820262006535426,OWWWWWWW,OOWOWWOW
1,ddelta,478,493,501,478-493-501,2,2.4203743653625773,2.4203743653625773,WWOWWWWW,WOOOWWOW
1,ddelta,478,493,501,478-493-501,3,-3.639308426831685,3.639308426831685,OWOWWWWW,OOOOWWOW
1,ddelta,478,493,501,478-493-501,4,0.21434912777032944,0.21434912777032944,WWWWOWWW,WOWOOWOW
1,ddelta,478,493,501,478-493-501,5,-3.7786052058682693,3.7786052058682693,OWWWOWWW,OOWOOWOW
1,ddelta,478,493,501,478-493-501,6,1.5567246320505743,1.5567246320505743,WWOWOWWW,WOOOOWOW
1,ddelta,478,493,501,478-493-501,7,2.0338622378571145,2.0338622378571145,OWOWOWWW,OOOOOWOW
1,ddelta,478,493,501,478-493-501,8,-1.8661125280491688,1.8661125280491688,WWWWWOWW,WOWOWOOW
1,ddelta,478,493,501,478-493-501,9,0.5012129753674321,0.5012129753674321,OWWWWOWW,OOWOWOOW
1,ddelta,478,493,501,478-493-501,10,2.481749635569384,2.481749635569384,WWOWWOWW,WOOOWOOW
1,ddelta,478,493,501,478-493-501,11,-0.8725897673561729,0.8725897673561729,OWOWWOWW,OOOOWOOW
1,ddelta,478,493,501,478-493-501,12,-0.7756801842834274,0.7756801842834274,WWWWOOWW,WOWOOOOW
1,ddelta,478,493,501,478-493-501,13,0.19980746951016118,0.19980746951016118,OWWWOOWW,OOWOOOOW
1,ddelta,478,493,501,478-493-501,14,2.1770344727632303,2.1770344727632303,WWOWOOWW,WOOOOOOW
1,ddelta,478,493,501,478-493-501,15,1.116591958230533,1.116591958230533,OWOWOOWW,OOOOOOOW
1,ddelta,478,493,501,478-493-501,16,4.270401529502333,4.270401529502333,WWWWWWWO,WOWOWWOO
1,ddelta,478,493,501,478-493-501,17,-2.358412185680124,2.358412185680124,OWWWWWWO,OOWOWWOO
1,ddelta,478,493,501,478-493-501,18,-2.9480223877742877,2.9480223877742877,WWOWWWWO,WOOOWWOO
1,ddelta,478,493,501,478-493-501,19,1.6638025658988658,1.6638025658988658,OWOWWWWO,OOOOWWOO
1,ddelta,478,493,501,478-493-501,20,-1.2977969235030384,1.2977969235030384,WWWWOWWO,WOWOOWOO
1,ddelta,478,493,501,478-493-501,21,-3.300918190166935,3.300918190166935,OWWWOWWO,OOWOOWOO
1,ddelta,478,493,501,478-493-501,22,-5.065134787633473,5.065134787633473,WWOWOWWO,WOOOOWOO
1,ddelta,478,493,501,478-493-501,23,-0.9369957739470238,0.9369957739470238,OWOWOWWO,OOOOOWOO
1,ddelta,478,493,501,478-493-501,24,-0.1290186750052943,0.1290186750052943,WWWWWOWO,WOWOWOOO
1,ddelta,478,493,501,478-493-501,25,-0.5618102891473384,0.5618102891473384,OWWWWOWO,OOWOWOOO
1,ddelta,478,493,501,478-493-501,26,1.9625511075951685,1.9625511075951685,WWOWWOWO,WOOOWOOO
1,ddelta,478,493,501,478-493-501,27,-0.8887902891613044,0.8887902891613044,OWOWWOWO,OOOOWOOO
1,ddelta,478,493,501,478-493-501,28,-4.98667757503674,4.98667757503674,WWWWOOWO,WOWOOOOO
1,ddelta,478,493,501,478-493-501,29,0.6814967799957647,0.6814967799957647,OWWWOOWO,OOWOOOOO
1,ddelta,478,493,501,478-493-501,30,-0.667168788205877,0.667168788205877,WWOWOOWO,WOOOOOOO
1,ddelta,478,493,501,478-493-501,31,5.240910268692679,5.240910268692679,OWOWOOWO,OOOOOOOO
1,ddelta,478,493,505,478-493-505,0,-4.678083397973486,4.678083397973486,WWWWWWWW,WOWOWWWO
1,ddelta,478,493,505,478-493-505,1,0.17953711945184195,0.17953711945184195,OWWWWWWW,OOWOWWWO
1,ddelta,478,493,505,478-493-505,2,4.693724859812157,4.693724859812157,WWOWWWWW,WOOOWWWO
1,ddelta,478,493,505,478-493-505,3,-5.900721313334379,5.900721313334379,OWOWWWWW,OOOOWWWO
1,ddelta,478,493,505,478-493-505,4,-1.0846092215741248,1.0846092215741248,WWWWOWWW,WOWOOWWO
1,ddelta,478,493,505,478-493-505,5,1.9689069017238474,1.9689069017238474,OWWWOWWW,OOWOOWWO
1,ddelta,478,493,505,478-493-505,6,3.6032387185169945,3.6032387185169945,WWOWOWWW,WOOOOWWO
1,ddelta,478,493,505,478-493-505,7,1.9547335802147465,1.9547335802147465,OWOWOWWW,OOOOOWWO
1,ddelta,478,493,505,478-493-505,8,-2.029533511979813,2.029533511979813,WWWWWOWW,WOWOWOWO
1,ddelta,478,493,505,478-493-505,9,0.2003710852036198,0.2003710852036198,OWWWWOWW,OOWOWOWO
1,ddelta,478,493,505,478-493-505,10,3.209801374931237,3.209801374931237,WWOWWOWW,WOOOWOWO
1,ddelta,478,493,505,478-493-505,11,1.882337217172827,1.882337217172827,OWOWWOWW,OOOOWOWO
1,ddelta,478,493,505,478-493-505,12,0.874337472351272,0.874337472351272,WWWWOOWW,WOWOOOWO
1,ddelta,478,493,505,478-493-505,13,-1.128474691964244,1.128474691964244,OWWWOOWW,OOWOOOWO
1,ddelta,478,493,505,478-493-505,14,1.2279021631511189,1.2279021631511189,WWOWOOWW,WOOOOOWO
1,ddelta,478,493,505,478-493-505,15,1.2225637123371638,1.2225637123371638,OWOWOOWW,OOOOOOWO
1,ddelta,478,493,505,478-493-505,16,-1.4614648439474502,1.4614648439474502,WWWWWWOW,WOWOWWOO
1,ddelta,478,493,505,478-493-505,17,-1.8706724461629278,1.8706724461629278,OWWWWWOW,OOWOWWOO
1,ddelta,478,493,505,478-493-505,18,-0.6746718933247087,0.6746718933247087,WWOWWWOW,WOOOWWOO
1,ddelta,478,493,505,478-493-505,19,-0.5976103206038275,0.5976103206038275,OWOWWWOW,OOOOWWOO
1,ddelta,478,493,505,478-493-505,20,-2.5967552728474916,2.5967552728474916,WWWWOWOW,WOWOOWOO
1,ddelta,478,493,505,478-493-505,21,2.446593917425182,2.446593917425182,OWWWOWOW,OOWOOWOO
1,ddelta,478,493,505,478-493-505,22,-3.0186207011670505,3.0186207011670505,WWOWOWOW,WOOOOWOO
1,ddelta,478,493,505,478-493-505,23,-1.016124431589392,1.016124431589392,OWOWOWOW,OOOOOWOO
1,ddelta,478,493,505,478-493-505,24,-0.29243965893593904,0.29243965893593904,WWWWWOOW,WOWOWOOO
1,ddelta,478,493,505,478-493-505,25,-0.8626521793111509,0.8626521793111509,OWWWWOOW,OOWOWOOO
1,ddelta,478,493,505,478-493-505,26,2.690602846957021,2.690602846957021,WWOWWOOW,WOOOWOOO
1,ddelta,478,493,505,478-493-505,27,1.8661366953676957,1.8661366953676957,OWOWWOOW,OOOOWOOO
1,ddelta,478,493,505,478-493-505,28,-3.3366599184020407,3.3366599184020407,WWWWOOOW,WOWOOOOO
1,ddelta,478,493,505,478-493-505,29,-0.6467853814786405,0.6467853814786405,OWWWOOOW,OOWOOOOO
1,ddelta,478,493,505,478-493-505,30,-1.616301097817988,1.616301097817988,WWOWOOOW,WOOOOOOO
1,ddelta,478,493,505,478-493-505,31,5.34688202279931,5.34688202279931,OWOWOOOW,OOOOOOOO
1,ddelta,478,496,498,478-496-498,0,-0.059605289767500735,0.059605289767500735,WWWWWWWW,WOWWOOWW
1,ddelta,478,496,498,478-496-498,1,0.8343274082017661,0.8343274082017661,OWWWWWWW,OOWWOOWW
1,ddelta,478,496,498,478-496-498,2,-4.239414047254434,4.239414047254434,WWOWWWWW,WOOWOOWW
1,ddelta,478,496,498,478-496-498,3,-3.4699093294856587,3.4699093294856587,OWOWWWWW,OOOWOOWW
1,ddelta,478,496,498,478-496-498,4,-1.4973280748863929,1.4973280748863929,WWWOWWWW,WOWOOOWW
1,ddelta,478,496,498,478-496-498,5,1.158432473242867,1.158432473242867,OWWOWWWW,OOWOOOWW
1,ddelta,478,496,498,478-496-498,6,-3.4253978159288474,3.4253978159288474,WWOOWWWW,WOOOOOWW
1,ddelta,478,496,498,478-496-498,7,2.1499240415727225,2.1499240415727225,OWOOWWWW,OOOOOOWW
1,ddelta,478,496,498,478-496-498,8,-0.14907611132011378,0.14907611132011378,WWWWWWOW,WOWWOOOW
1,ddelta,478,496,498,478-496-498,9,-2.897107983790239,2.897107983790239,OWWWWWOW,OOWWOOOW
1,ddelta,478,496,498,478-496-498,10,-3.313562303817423,3.313562303817423,WWOWWWOW,WOOWOOOW
1,ddelta,478,496,498,478-496-498,11,-1.4074177315081,1.4074177315081,OWOWWWOW,OOOWOOOW
1,ddelta,478,496,498,478-496-498,12,0.3430672950327043,0.3430672950327043,WWWOWWOW,WOWOOOOW
1,ddelta,478,496,498,478-496-498,13,0.5959941611965061,0.5959941611965061,OWWOWWOW,OOWOOOOW
1,ddelta,478,496,498,478-496-498,14,-1.940611501985986,1.940611501985986,WWOOWWOW,WOOOOOOW
1,ddelta,478,496,498,478-496-498,15,0.528426700448188,0.528426700448188,OWOOWWOW,OOOOOOOW
1,ddelta,478,496,498,478-496-498,16,-2.866626456997381,2.866626456997381,WWWWWWWO,WOWWOOWO
1,ddelta,478,496,498,478-496-498,17,0.6691692120532338,0.6691692120532338,OWWWWWWO,OOWWOOWO
1,ddelta,478,496,498,478-496-498,18,0.7722875147330688,0.7722875147330688,WWOWWWWO,WOOWOOWO
1,ddelta,478,496,498,478-496-498,19,2.4101333745892863,2.4101333745892863,OWOWWWWO,OOOWOOWO
1,ddelta,478,496,498,478-496-498,20,-4.99395243418455,4.99395243418455,WWWOWWWO,WOWOOOWO
1,ddelta,478,496,498,478-496-498,21,-2.1249412823455343,2.1249412823455343,OWWOWWWO,OOWOOOWO
1,ddelta,478,496,498,478-496-498,22,0.6948906755736992,0.6948906755736992,WWOOWWWO,WOOOOOWO
1,ddelta,478,496,498,478-496-498,23,-0.4852616527371214,0.4852616527371214,OWOOWWWO,OOOOOOWO
1,ddelta,478,496,498,478-496-498,24,1.6950501337222175,1.6950501337222175,WWWWWWOO,WOWWOOOO
1,ddelta,478,496,498,478-496-498,25,-0.458400594674646,0.458400594674646,OWWWWWOO,OOWWOOOO
1,ddelta,478,496,498,478-496-498,26,1.2001436050803,1.2001436050803,WWOWWWOO,WOOWOOOO
1,ddelta,478,496,498,478-496-498,27,-5.41694421604809,5.41694421604809,OWOWWWOO,OOOWOOOO
1,ddelta,478,496,498,478-496-498,28,0.2782637095089753,0.2782637095089753,WWWOWWOO,WOWOOOOO
1,ddelta,478,496,498,478-496-498,29,-1.0666980154435004,1.0666980154435004,OWWOWWOO,OOWOOOOO
1,ddelta,478,496,498,478-496-498,30,0.6101392699790692,0.6101392699790692,WWOOWWOO,WOOOOOOO
1,ddelta,478,496,498,478-496-498,31,0.4181596543253765,0.4181596543253765,OWOOWWOO,OOOOOOOO
1,ddelta,478,496,501,478-496-501,0,0.9262843906767573,0.9262843906767573,WWWWWWWW,WOWWOWOW
1,ddelta,478,496,501,478-496-501,1,-0.22090353877179456,0.22090353877179456,OWWWWWWW,OOWWOWOW
1,ddelta,478,496,501,478-496-501,2,1.3328129465332141,1.3328129465332141,WWOWWWWW,WOOWOWOW
1,ddelta,478,496,501,478-496-501,3,-4.3366943383506165,4.3366943383506165,OWOWWWWW,OOOWOWOW
1,ddelta,478,496,501,478-496-501,4,0.08685054297078931,0.08685054297078931,WWWOWWWW,WOWOOWOW
1,ddelta,478,496,501,478-496-501,5,-3.6913061245747096,3.6913061245747096,OWWOWWWW,OOWOOWOW
1,ddelta,478,496,501,478-496-501,6,0.46916321322121113,0.46916321322121113,WWOOWWWW,WOOOOWOW
1,ddelta,478,496,501,478-496-501,7,1.3364763263381838,1.3364763263381838,OWOOWWWW,OOOOOWOW
1,ddelta,478,496,501,478-496-501,8,0.8368135691241447,0.8368135691241447,WWWWWOWW,WOWWOOOW
1,ddelta,478,496,501,478-496-501,9,-3.9523389307637995,3.9523389307637995,OWWWWOWW,OOWWOOOW
1,ddelta,478,496,501,478-496-501,10,2.258664689970227,2.258664689970227,WWOWWOWW,WOOWOOOW
1,ddelta,478,496,501,478-496-501,11,-2.274202740373058,2.274202740373058,OWOWWOWW,OOOWOOOW
1,ddelta,478,496,501,478-496-501,12,1.927245912889886,1.927245912889886,WWWOWOWW,WOWOOOOW
1,ddelta,478,496,501,478-496-501,13,-4.253744436621071,4.253744436621071,OWWOWOWW,OOWOOOOW
1,ddelta,478,496,501,478-496-501,14,1.953949527164073,1.953949527164073,WWOOWOWW,WOOOOOOW
1,ddelta,478,496,501,478-496-501,15,-0.2850210147863512,0.2850210147863512,OWOOWOWW,OOOOOOOW
1,ddelta,478,496,501,478-496-501,16,0.3672366883504967,0.3672366883504967,WWWWWWWO,WOWWOWOO
1,ddelta,478,496,501,478-496-501,17,-1.8296186290919563,1.8296186290919563,OWWWWWWO,OOWWOWOO
1,ddelta,478,496,501,478-496-501,18,-0.3457128355818876,0.3457128355818876,WWOWWWWO,WOOWOWOO
1,ddelta,478,496,501,478-496-501,19,4.6225523744990635,4.6225523744990635,OWOWWWWO,OOOWOWOO
1,ddelta,478,496,501,478-496-501,20,-5.200961764654874,5.200961764654874,WWWOWWWO,WOWOOWOO
1,ddelta,478,496,501,478-496-501,21,-2.7721246335787666,2.7721246335787666,OWWOWWWO,OOWOOWOO
1,ddelta,478,496,501,478-496-501,22,-2.4628252354410707,2.4628252354410707,WWOOWWWO,WOOOOWOO
1,ddelta,478,496,501,478-496-501,23,2.0217540346531737,2.0217540346531737,OWOOWWWO,OOOOOWOO
1,ddelta,478,496,501,478-496-501,24,4.928913279070095,4.928913279070095,WWWWWOWO,WOWWOOOO
1,ddelta,478,496,501,478-496-501,25,-2.957188435819836,2.957188435819836,OWWWWOWO,OOWWOOOO
1,ddelta,478,496,501,478-496-501,26,0.08214325476534368,0.08214325476534368,WWOWWOWO,WOOWOOOO
1,ddelta,478,496,501,478-496-501,27,-3.2045252161383115,3.2045252161383115,OWOWWOWO,OOOWOOOO
1,ddelta,478,496,501,478-496-501,28,0.07125437903864995,0.07125437903864995,WWWOWOWO,WOWOOOOO
1,ddelta,478,496,501,478-496-501,29,-1.7138813666767325,1.7138813666767325,OWWOWOWO,OOWOOOOO
1,ddelta,478,496,501,478-496-501,30,-2.547576641035702,2.547576641035702,WWOOWOWO,WOOOOOOO
1,ddelta,478,496,501,478-496-501,31,2.925175341715672,2.925175341715672,OWOOWOWO,OOOOOOOO
1,ddelta,478,496,505,478-496-505,0,2.849432251040963,2.849432251040963,WWWWWWWW,WOWWOWWO
1,ddelta,478,496,505,478-496-505,1,-0.30226536215957134,0.30226536215957134,OWWWWWWW,OOWWOWWO
1,ddelta,478,496,505,478-496-505,2,0.461023759758726,0.461023759758726,WWOWWWWW,WOOWOWWO
1,ddelta,478,496,505,478-496-505,3,-7.596488794391826,7.596488794391826,OWOWWWWW,OOOWOWWO
1,ddelta,478,496,505,478-496-505,4,6.442906427440325,6.442906427440325,WWWOWWWW,WOWOOWWO
1,ddelta,478,496,505,478-496-505,5,1.487104420112434,1.487104420112434,OWWOWWWW,OOWOOWWO
1,ddelta,478,496,505,478-496-505,6,-0.6294623815364349,0.6294623815364349,WWOOWWWW,WOOOOWWO
1,ddelta,478,496,505,478-496-505,7,0.2589660991573001,0.2589660991573001,OWOOWWWW,OOOOOWWO
1,ddelta,478,496,505,478-496-505,8,0.04241108381108283,0.04241108381108283,WWWWWOWW,WOWWOOWO
1,ddelta,478,496,505,478-496-505,9,-0.4674235583081039,0.4674235583081039,OWWWWOWW,OOWWOOWO
1,ddelta,478,496,505,478-496-505,10,5.472725321746231,5.472725321746231,WWOWWOWW,WOOWOOWO
1,ddelta,478,496,505,478-496-505,11,-1.7164460903168806,1.7164460903168806,OWOWWOWW,OOOWOOWO
1,ddelta,478,496,505,478-496-505,12,2.946282068142168,2.946282068142168,WWWOWOWW,WOWOOOWO
1,ddelta,478,496,505,478-496-505,13,-1.796269335475967,1.796269335475967,OWWOWOWW,OOWOOOWO
1,ddelta,478,496,505,478-496-505,14,3.490826109966112,3.490826109966112,WWOOWOWW,WOOOOOWO
1,ddelta,478,496,505,478-496-505,15,-2.376219595152544,2.376219595152544,OWOOWOWW,OOOOOOWO
1,ddelta,478,496,505,478-496-505,16,2.2903845487147017,2.2903845487147017,WWWWWWOW,WOWWOWOO
1,ddelta,478,496,505,478-496-505,17,-1.9109804524797327,1.9109804524797327,OWWWWWOW,OOWWOWOO
1,ddelta,478,496,505,478-496-505,18,-1.2175020223563757,1.2175020223563757,WWOWWWOW,WOOWOWOO
1,ddelta,478,496,505,478-496-505,19,1.3627579184578549,1.3627579184578549,OWOWWWOW,OOOWOWOO
1,ddelta,478,496,505,478-496-505,20,1.1550941198146605,1.1550941198146605,WWWOWWOW,WOWOOWOO
1,ddelta,478,496,505,478-496-505,21,2.406285911108377,2.406285911108377,OWWOWWOW,OOWOOWOO
1,ddelta,478,496,505,478-496-505,22,-3.561450830198718,3.561450830198718,WWOOWWOW,WOOOOWOO
1,ddelta,478,496,505,478-496-505,23,0.9442438074722905,0.9442438074722905,OWOOWWOW,OOOOOWOO
1,ddelta,478,496,505,478-496-505,24,4.134510793757032,4.134510793757032,WWWWWOOW,WOWWOOOO
1,ddelta,478,496,505,478-496-505,25,0.5277269366358603,0.5277269366358603,OWWWWOOW,OOWWOOOO
1,ddelta,478,496,505,478-496-505,26,3.2962038865413468,3.2962038865413468,WWOWWOOW,WOOWOOOO
1,ddelta,478,496,505,478-496-505,27,-2.6467685660821343,2.6467685660821343,OWOWWOOW,OOOWOOOO
1,ddelta,478,496,505,478-496-505,28,1.0902905342909313,1.0902905342909313,WWWOWOOW,WOWOOOOO
1,ddelta,478,496,505,478-496-505,29,0.7435937344683708,0.7435937344683708,OWWOWOOW,OOWOOOOO
1,ddelta,478,496,505,478-496-505,30,-1.0107000582336623,1.0107000582336623,WWOOWOOW,WOOOOOOO
1,ddelta,478,496,505,478-496-505,31,0.8339767613494791,0.8339767613494791,OWOOWOOW,OOOOOOOO
1,ddelta,478,498,501,478-498-501,0,1.0143238787236308,1.0143238787236308,WWWWWWWW,WOWWWOOW
1,ddelta,478,498,501,478-498-501,1,1.9455329631301412,1.9455329631301412,OWWWWWWW,OOWWWOOW
1,ddelta,478,498,501,478-498-501,2,0.8700300187225046,0.8700300187225046,WWOWWWWW,WOOWWOOW
1,ddelta,478,498,501,478-498-501,3,-1.7824490509733883,1.7824490509733883,OWOWWWWW,OOOWWOOW
1,ddelta,478,498,501,478-498-501,4,-1.9055716248018364,1.9055716248018364,WWWOWWWW,WOWOWOOW
1,ddelta,478,498,501,478-498-501,5,2.754948558562928,2.754948558562928,OWWOWWWW,OOWOWOOW
1,ddelta,478,498,501,478-498-501,6,0.9314052889293116,0.9314052889293116,WWOOWWWW,WOOOWOOW
1,ddelta,478,498,501,478-498-501,7,0.9842696085021241,0.9842696085021241,OWOOWWWW,OOOOWOOW
1,ddelta,478,498,501,478-498-501,8,0.924853057171018,0.924853057171018,WWWWOWWW,WOWWOOOW
1,ddelta,478,498,501,478-498-501,9,-1.7859024288618643,1.7859024288618643,OWWWOWWW,OOWWOOOW
1,ddelta,478,498,501,478-498-501,10,1.7958817621595171,1.7958817621595171,WWOWOWWW,WOOWOOOW
1,ddelta,478,498,501,478-498-501,11,0.28004254700417075,0.28004254700417075,OWOWOWWW,OOOWOOOW
1,ddelta,478,498,501,478-498-501,12,-0.06517625488273904,0.06517625488273904,WWWOOWWW,WOWOOOOW
1,ddelta,478,498,501,478-498-501,13,2.1925102465165667,2.1925102465165667,OWWOOWWW,OOWOOOOW
1,ddelta,478,498,501,478-498-501,14,2.416191602872173,2.416191602872173,WWOOOWWW,WOOOOOOW
1,ddelta,478,498,501,478-498-501,15,-0.637227732622411,0.637227732622411,OWOOOWWW,OOOOOOOW
1,ddelta,478,498,501,478-498-501,16,0.8658211300693157,0.8658211300693157,WWWWWWWO,WOWWWOOO
1,ddelta,478,498,501,478-498-501,17,-1.4391883996067287,1.4391883996067287,OWWWWWWO,OOWWWOOO
1,ddelta,478,498,501,478-498-501,18,-1.0659396774668348,1.0659396774668348,WWOWWWWO,WOOWWOOO
1,ddelta,478,498,501,478-498-501,19,-0.6360025880933917,0.6360025880933917,OWOWWWWO,OOOWWOOO
1,ddelta,478,498,501,478-498-501,20,-3.533599074438311,3.533599074438311,WWWOWWWO,WOWOWOOO
1,ddelta,478,498,501,478-498-501,21,0.3574134969260572,0.3574134969260572,OWWOWWWO,OOWOWOOO
1,ddelta,478,498,501,478-498-501,22,3.844633817902622,3.844633817902622,WWOOWWWO,WOOOWOOO
1,ddelta,478,498,501,478-498-501,23,-3.188595443153562,3.188595443153562,OWOOWWWO,OOOOWOOO
1,ddelta,478,498,501,478-498-501,24,5.427497720788914,5.427497720788914,WWWWOWWO,WOWWOOOO
1,ddelta,478,498,501,478-498-501,25,-2.566758206334609,2.566758206334609,OWWWOWWO,OOWWOOOO
1,ddelta,478,498,501,478-498-501,26,-0.6380835871196036,0.6380835871196036,WWOWOWWO,WOOWOOOO
1,ddelta,478,498,501,478-498-501,27,-8.463080178730767,8.463080178730767,OWOWOWWO,OOOWOOOO
1,ddelta,478,498,501,478-498-501,28,1.7386170692552123,1.7386170692552123,WWWOOWWO,WOWOOOOO
1,ddelta,478,498,501,478-498-501,29,1.4156567638280917,1.4156567638280917,OWWOOWWO,OOWOOOOO
1,ddelta,478,498,501,478-498-501,30,3.759882412307992,3.759882412307992,WWOOOWWO,WOOOOOOO
1,ddelta,478,498,501,478-498-501,31,-2.2851741360910642,2.2851741360910642,OWOOOWWO,OOOOOOOO
1,ddelta,478,498,505,478-498-505,0,0.5844131476798291,0.5844131476798291,WWWWWWWW,WOWWWOWO
1,ddelta,478,498,505,478-498-505,1,1.5875003092438338,1.5875003092438338,OWWWWWWW,OOWWWOWO
1,ddelta,478,498,505,478-498-505,2,-0.10841466039127712,0.10841466039127712,WWOWWWWW,WOOWWOWO
1,ddelta,478,498,505,478-498-505,3,-3.7654286109257273,3.7654286109257273,OWOWWWWW,OOOWWOWO
1,ddelta,478,498,505,478-498-505,4,3.232963033673502,3.232963033673502,WWWOWWWW,WOWOWOWO
1,ddelta,478,498,505,478-498-505,5,1.608334274995611,1.608334274995611,OWWOWWWW,OOWOWOWO
1,ddelta,478,498,505,478-498-505,6,-1.5923381452721974,1.5923381452721974,WWOOWWWW,WOOOWOWO
1,ddelta,478,498,505,478-498-505,7,4.017629919581479,4.017629919581479,OWOOWWWW,OOOOWOWO
1,ddelta,478,498,505,478-498-505,8,-2.2226080195500506,2.2226080195500506,WWWWOWWW,WOWWOOWO
1,ddelta,478,498,505,478-498-505,9,1.4223421130953005,1.4223421130953005,OWWWOWWW,OOWWOOWO
1,ddelta,478,498,505,478-498-505,10,4.9032869015962275,4.9032869015962275,WWOWOWWW,WOOWOOWO
1,ddelta,478,498,505,478-498-505,11,2.1146140931492177,2.1146140931492177,OWOWOWWW,OOOWOOWO
1,ddelta,478,498,505,478-498-505,12,-0.26366132562465516,0.26366132562465516,WWWOOWWW,WOWOOOWO
1,ddelta,478,498,505,478-498-505,13,-1.6750394805927904,1.6750394805927904,OWWOOWWW,OOWOOOWO
1,ddelta,478,498,505,478-498-505,14,2.52795034623035,2.52795034623035,WWOOOWWW,WOOOOOWO
1,ddelta,478,498,505,478-498-505,15,1.3824442252716356,1.3824442252716356,OWOOOWWW,OOOOOOWO
1,ddelta,478,498,505,478-498-505,16,0.435910399025514,0.435910399025514,WWWWWWOW,WOWWWOOO
1,ddelta,478,498,505,478-498-505,17,-1.7972210534930366,1.7972210534930366,OWWWWWOW,OOWWWOOO
1,ddelta,478,498,505,478-498-505,18,-2.0443843565806166,2.0443843565806166,WWOWWWOW,WOOWWOOO
1,ddelta,478,498,505,478-498-505,19,-2.6189821480457307,2.6189821480457307,OWOWWWOW,OOOWWOOO
1,ddelta,478,498,505,478-498-505,20,1.6049355840370256,1.6049355840370256,WWWOWWOW,WOWOWOOO
1,ddelta,478,498,505,478-498-505,21,-0.7892007866412603,0.7892007866412603,OWWOWWOW,OOWOWOOO
1,ddelta,478,498,505,478-498-505,22,1.3208903837011134,1.3208903837011134,WWOOWWOW,WOOOWOOO
1,ddelta,478,498,505,478-498-505,23,-0.15523513207420764,0.15523513207420764,OWOOWWOW,OOOOWOOO
1,ddelta,478,498,505,478-498-505,24,2.2800366440678452,2.2800366440678452,WWWWOWOW,WOWWOOOO
1,ddelta,478,498,505,478-498-505,25,0.6414863356225566,0.6414863356225566,OWWWOWOW,OOWWOOOO
1,ddelta,478,498,505,478-498-505,26,2.469321552317106,2.469321552317106,WWOWOWOW,WOOWOOOO
1,ddelta,478,498,505,478-498-505,27,-6.628508632585721,6.628508632585721,OWOWOWOW,OOOWOOOO
1,ddelta,478,498,505,478-498-505,28,1.540131998513297,1.540131998513297,WWWOOWOW,WOWOOOOO
1,ddelta,478,498,505,478-498-505,29,-2.4518929632812663,2.4518929632812663,OWWOOWOW,OOWOOOOO
1,ddelta,478,498,505,478-498-505,30,3.8716411556661687,3.8716411556661687,WWOOOWOW,WOOOOOOO
1,ddelta,478,498,505,478-498-505,31,-0.2655021781970188,0.2655021781970188,OWOOOWOW,OOOOOOOO
1,ddelta,478,501,505,478-501-505,0,-0.7451115220151749,0.7451115220151749,WWWWWWWW,WOWWWWOO
1,ddelta,478,501,505,478-501-505,1,1.8028318641035537,1.8028318641035537,OWWWWWWW,OOWWWWOO
1,ddelta,478,501,505,478-501-505,2,2.892583305791417,2.892583305791417,WWOWWWWW,WOOWWWOO
1,ddelta,478,501,505,478-501-505,3,-3.9565259535911514,3.9565259535911514,OWOWWWWW,OOOWWWOO
1,ddelta,478,501,505,478-501-505,4,2.4715070320108596,2.4715070320108596,WWWOWWWW,WOWOWWOO
1,ddelta,478,501,505,478-501-505,5,-0.24737770151121616,0.24737770151121616,OWWOWWWW,OOWOWWOO
1,ddelta,478,501,505,478-501-505,6,-2.4758134473454483,2.4758134473454483,WWOOWWWW,WOOOWWOO
1,ddelta,478,501,505,478-501-505,7,1.3465850391393992,1.3465850391393992,OWOOWWWW,OOOOWWOO
1,ddelta,478,501,505,478-501-505,8,-1.3041592243414355,1.3041592243414355,WWWWOWWW,WOWWOWOO
1,ddelta,478,501,505,478-501-505,9,0.19411677378339198,0.19411677378339198,OWWWOWWW,OOWWOWOO
1,ddelta,478,501,505,478-501-505,10,1.2140575236763156,1.2140575236763156,WWOWOWWW,WOOWOWOO
1,ddelta,478,501,505,478-501-505,11,5.002720759258528,5.002720759258528,OWOWOWWW,OOOWOWOO
1,ddelta,478,501,505,478-501-505,12,-2.816305275614803,2.816305275614803,WWWOOWWW,WOWOOWOO
1,ddelta,478,501,505,478-501-505,13,0.6718037894847271,0.6718037894847271,OWWOOWWW,OOWOOWOO
1,ddelta,478,501,505,478-501-505,14,-5.40780189600773,5.40780189600773,WWOOOWWW,WOOOOWOO
1,ddelta,478,501,505,478-501-505,15,2.0318627474543893,2.0318627474543893,OWOOOWWW,OOOOOWOO
1,ddelta,478,501,505,478-501-505,16,-0.8936142706694903,0.8936142706694903,WWWWWOWW,WOWWWOOO
1,ddelta,478,501,505,478-501-505,17,-1.5818894986333165,1.5818894986333165,OWWWWOWW,OOWWWOOO
1,ddelta,478,501,505,478-501-505,18,0.9566136096020783,0.9566136096020783,WWOWWOWW,WOOWWOOO
1,ddelta,478,501,505,478-501-505,19,-2.8100794907111553,2.8100794907111553,OWOWWOWW,OOOWWOOO
1,ddelta,478,501,505,478-501-505,20,0.8434795823743841,0.8434795823743841,WWWOWOWW,WOWOWOOO
1,ddelta,478,501,505,478-501-505,21,-2.6449127631480875,2.6449127631480875,OWWOWOWW,OOWOWOOO
1,ddelta,478,501,505,478-501-505,22,0.4374150816278628,0.4374150816278628,WWOOWOWW,WOOOWOOO
1,ddelta,478,501,505,478-501-505,23,-2.8262800125162872,2.8262800125162872,OWOOWOWW,OOOOWOOO
1,ddelta,478,501,505,478-501-505,24,3.19848543927646,3.19848543927646,WWWWOOWW,WOWWOOOO
1,ddelta,478,501,505,478-501-505,25,-0.5867390036893522,0.5867390036893522,OWWWOOWW,OOWWOOOO
1,ddelta,478,501,505,478-501-505,26,-1.2199078256028058,1.2199078256028058,WWOWOOWW,WOOWOOOO
1,ddelta,478,501,505,478-501-505,27,-3.7404019664764103,3.7404019664764103,OWOWOOWW,OOOWOOOO
1,ddelta,478,501,505,478-501-505,28,-1.012511951476852,1.012511951476852,WWWOOOWW,WOWOOOOO
1,ddelta,478,501,505,478-501-505,29,-0.1050496932037488,0.1050496932037488,OWWOOOWW,OOWOOOOO
1,ddelta,478,501,505,478-501-505,30,-4.064111086571913,4.064111086571913,WWOOOOWW,WOOOOOOO
1,ddelta,478,501,505,478-501-505,31,0.38391634398573515,0.38391634398573515,OWOOOOWW,OOOOOOOO
1,ddelta,484,493,496,484-493-496,0,-3.173019314788243,3.173019314788243,WWWWWWWW,WWOOOWWW
1,ddelta,484,493,496,484-493-496,1,4.5555335997712785,4.5555335997712785,OWWWWWWW,OWOOOWWW
1,ddelta,484,493,496,484-493-496,2,-2.532619224009884,2.532619224009884,WOWWWWWW,WOOOOWWW
1,ddelta,484,493,496,484-493-496,3,-1.7165299975290012,1.7165299975290012,OOWWWWWW,OOOOOWWW
1,ddelta,484,493,496,484-493-496,4,0.18036472196819264,0.18036472196819264,WWWWWOWW,WWOOOOWW
1,ddelta,484,493,496,484-493-496,5,-3.914282357202265,3.914282357202265,OWWWWOWW,OWOOOOWW
1,ddelta,484,493,496,484-493-496,6,3.072503829191032,3.072503829191032,WOWWWOWW,WOOOOOWW
1,ddelta,484,493,496,484-493-496,7,-4.890617648485263,4.890617648485263,OOWWWOWW,OOOOOOWW
1,ddelta,484,493,496,484-493-496,8,-2.2536285187768925,2.2536285187768925,WWWWWWOW,WWOOOWOW
1,ddelta,484,493,496,484-493-496,9,-1.3612116883586758,1.3612116883586758,OWWWWWOW,OWOOOWOW
1,ddelta,484,493,496,484-493-496,10,-1.6374443136045658,1.6374443136045658,WOWWWWOW,WOOOOWOW
1,ddelta,484,493,496,484-493-496,11,1.5102979648327604,1.5102979648327604,OOWWWWOW,OOOOOWOW
1,ddelta,484,493,496,484-493-496,12,-1.5006225378588158,1.5006225378588158,WWWWWOOW,WWOOOOOW
1,ddelta,484,493,496,484-493-496,13,-0.6767462373847324,0.6767462373847324,OWWWWOOW,OWOOOOOW
1,ddelta,484,493,496,484-493-496,14,-0.003630937207871221,0.003630937207871221,WOWWWOOW,WOOOOOOW
1,ddelta,484,493,496,484-493-496,15,0.6375057027762456,0.6375057027762456,OOWWWOOW,OOOOOOOW
1,ddelta,484,493,496,484-493-496,16,-1.2116039049922156,1.2116039049922156,WWWWWWWO,WWOOOWWO
1,ddelta,484,493,496,484-493-496,17,2.6060749878759157,2.6060749878759157,OWWWWWWO,OWOOOWWO
1,ddelta,484,493,496,484-493-496,18,-5.255164131908378,5.255164131908378,WOWWWWWO,WOOOOWWO
1,ddelta,484,493,496,484-493-496,19,2.4000965018527562,2.4000965018527562,OOWWWWWO,OOOOOWWO
1,ddelta,484,493,496,484-493-496,20,1.6678923763512095,1.6678923763512095,WWWWWOWO,WWOOOOWO
1,ddelta,484,493,496,484-493-496,21,1.703094693139754,1.703094693139754,OWWWWOWO,OWOOOOWO
1,ddelta,484,493,496,484-493-496,22,-0.32573871253715336,0.32573871253715336,WOWWWOWO,WOOOOOWO
1,ddelta,484,493,496,484-493-496,23,1.3958316741889545,1.3958316741889545,OOWWWOWO,OOOOOOWO
1,ddelta,484,493,496,484-493-496,24,2.0684501666915707,2.0684501666915707,WWWWWWOO,WWOOOWOO
1,ddelta,484,493,496,484-493-496,25,0.02460120888550965,0.02460120888550965,OWWWWWOO,OWOOOWOO
1,ddelta,484,493,496,484-493-496,26,1.4759759929215963,1.4759759929215963,WOWWWWOO,WOOOOWOO
1,ddelta,484,493,496,484-493-496,27,-1.8396696124967287,1.8396696124967287,OOWWWWOO,OOOOOWOO
1,ddelta,484,493,496,484-493-496,28,-1.848119879165186,1.848119879165186,WWWWWOOO,WWOOOOOO
1,ddelta,484,493,496,484-493-496,29,0.07455518099150638,0.07455518099150638,OWWWWOOO,OWOOOOOO
1,ddelta,484,493,496,484-493-496,30,-1.6138119638231494,1.6138119638231494,WOWWWOOO,WOOOOOOO
1,ddelta,484,493,496,484-493-496,31,4.653685650751588,4.653685650751588,OOWWWOOO,OOOOOOOO
1,ddelta,484,493,498,484-493-498,0,-0.7817003683089974,0.7817003683089974,WWWWWWWW,WWOOWOWW
1,ddelta,484,493,498,484-493-498,1,5.427823783547188,5.427823783547188,OWWWWWWW,OWOOWOWW
1,ddelta,484,493,498,484-493-498,2,-2.1570023366629685,2.1570023366629685,WOWWWWWW,WOOOWOWW
1,ddelta,484,493,498,484-493-498,3,0.44732036839021694,0.44732036839021694,OOWWWWWW,OOOOWOWW
1,ddelta,484,493,498,484-493-498,4,2.571683668447439,2.571683668447439,WWWWOWWW,WWOOOOWW
1,ddelta,484,493,498,484-493-498,5,-3.041992173426355,3.041992173426355,OWWWOWWW,OWOOOOWW
1,ddelta,484,493,498,484-493-498,6,3.4481207165379484,3.4481207165379484,WOWWOWWW,WOOOOOWW
1,ddelta,484,493,498,484-493-498,7,-2.726767282566045,2.726767282566045,OOWWOWWW,OOOOOOWW
1,ddelta,484,493,498,484-493-498,8,-1.4490537980925042,1.4490537980925042,WWWWWWOW,WWOOWOOW
1,ddelta,484,493,498,484-493-498,9,0.206202112271327,0.206202112271327,OWWWWWOW,OWOOWOOW
1,ddelta,484,493,498,484-493-498,10,0.156915007285799,0.156915007285799,WOWWWWOW,WOOOWOOW
1,ddelta,484,493,498,484-493-498,11,-2.8169982388429187,2.8169982388429187,OOWWWWOW,OOOOWOOW
1,ddelta,484,493,498,484-493-498,12,-0.6960478171744275,0.6960478171744275,WWWWOWOW,WWOOOOOW
1,ddelta,484,493,498,484-493-498,13,0.8906675632452701,0.8906675632452701,OWWWOWOW,OWOOOOOW
1,ddelta,484,493,498,484-493-498,14,1.7907283836824934,1.7907283836824934,WOWWOWOW,WOOOOOOW
1,ddelta,484,493,498,484-493-498,15,-3.6897905008994325,3.6897905008994325,OOWWOWOW,OOOOOOOW
1,ddelta,484,493,498,484-493-498,16,3.47161064682306,3.47161064682306,WWWWWWWO,WWOOWOWO
1,ddelta,484,493,498,484-493-498,17,-3.0919156764624818,3.0919156764624818,OWWWWWWO,OWOOWOWO
1,ddelta,484,493,498,484-493-498,18,-2.0361646924055026,2.0361646924055026,WOWWWWWO,WOOOWOWO
1,ddelta,484,493,498,484-493-498,19,-0.3101945268640247,0.3101945268640247,OOWWWWWO,OOOOWOWO
1,ddelta,484,493,498,484-493-498,20,6.351106928166484,6.351106928166484,WWWWOWWO,WWOOOOWO
1,ddelta,484,493,498,484-493-498,21,-3.994895971198644,3.994895971198644,OWWWOWWO,OWOOOOWO
1,ddelta,484,493,498,484-493-498,22,2.8932607269657216,2.8932607269657216,WOWWOWWO,WOOOOOWO
1,ddelta,484,493,498,484-493-498,23,-1.3144593545278265,1.3144593545278265,OOWWOWWO,OOOOOOWO
1,ddelta,484,493,498,484-493-498,24,-1.5258166681951755,1.5258166681951755,WWWWWWOO,WWOOWOOO
1,ddelta,484,493,498,484-493-498,25,0.5345725857187823,0.5345725857187823,OWWWWWOO,OWOOWOOO
1,ddelta,484,493,498,484-493-498,26,2.276401692453346,2.276401692453346,WOWWWWOO,WOOOWOOO
1,ddelta,484,493,498,484-493-498,27,-1.0329010162757166,1.0329010162757166,OOWWWWOO,OOOOWOOO
1,ddelta,484,493,498,484-493-498,28,-5.442386714051932,5.442386714051932,WWWWOWOO,WWOOOOOO
1,ddelta,484,493,498,484-493-498,29,0.5845265578247789,0.5845265578247789,OWWWOWOO,OWOOOOOO
1,ddelta,484,493,498,484-493-498,30,-0.8133862642913992,0.8133862642913992,WOWWOWOO,WOOOOOOO
1,ddelta,484,493,498,484-493-498,31,5.4604542469726,5.4604542469726,OOWWOWOO,OOOOOOOO
1,ddelta,484,493,501,484-493-501,0,-0.8023290969956511,0.8023290969956511,WWWWWWWW,WWOOWWOW
1,ddelta,484,493,501,484-493-501,1,1.2162001265657476,1.2162001265657476,OWWWWWWW,OWOOWWOW
1,ddelta,484,493,501,484-493-501,2,0.5642622928906276,0.5642622928906276,WOWWWWWW,WOOOWWOW
1,ddelta,484,493,501,484-493-501,3,-2.1149056802005837,2.1149056802005837,OOWWWWWW,OOOOWWOW
1,ddelta,484,493,501,484-493-501,4,0.11706169901570063,0.11706169901570063,WWWWOWWW,WWOOOWOW
1,ddelta,484,493,501,484-493-501,5,-4.7005451615642055,4.7005451615642055,OWWWOWWW,OWOOOWOW
1,ddelta,484,493,501,484-493-501,6,1.459437203295945,1.459437203295945,WOWWOWWW,WOOOOWOW
1,ddelta,484,493,501,484-493-501,7,1.1119222821611783,1.1119222821611783,OOWWOWWW,OOOOOWOW
1,ddelta,484,493,501,484-493-501,8,-1.469682526779158,1.469682526779158,WWWWWOWW,WWOOWOOW
1,ddelta,484,493,501,484-493-501,9,-4.005421544710114,4.005421544710114,OWWWWOWW,OWOOWOOW
1,ddelta,484,493,501,484-493-501,10,2.878179636839395,2.878179636839395,WOWWWOWW,WOOOWOOW
1,ddelta,484,493,501,484-493-501,11,-5.379224287433718,5.379224287433718,OOWWWOWW,OOOOWOOW
1,ddelta,484,493,501,484-493-501,12,-3.1506697866061666,3.1506697866061666,WWWWOOWW,WWOOOOOW
1,ddelta,484,493,501,484-493-501,13,-0.7678854248925814,0.7678854248925814,OWWWOOWW,OWOOOOOW
1,ddelta,484,493,501,484-493-501,14,-0.19795512955950945,0.19795512955950945,WOWWOOWW,WOOOOOOW
1,ddelta,484,493,501,484-493-501,15,0.1488990638277896,0.1488990638277896,OOWWOOWW,OOOOOOOW
1,ddelta,484,493,501,484-493-501,16,3.7247598208381723,3.7247598208381723,WWWWWWWO,WWOOWWOO
1,ddelta,484,493,501,484-493-501,17,-1.9109548268839873,1.9109548268839873,OWWWWWWO,OWOOWWOO
1,ddelta,484,493,501,484-493-501,18,-3.493664096438448,3.493664096438448,WOWWWWWO,WOOOWWOO
1,ddelta,484,493,501,484-493-501,19,2.111259924695003,2.111259924695003,OOWWWWWO,OOOOWWOO
1,ddelta,484,493,501,484-493-501,20,7.004813892521957,7.004813892521957,WWWWOWWO,WWOOOWOO
1,ddelta,484,493,501,484-493-501,21,-4.492428605874394,4.492428605874394,OWWWOWWO,OWOOOWOO
1,ddelta,484,493,501,484-493-501,22,3.2374760283915247,3.2374760283915247,WOWWOWWO,WOOOOWOO
1,ddelta,484,493,501,484-493-501,23,-2.1285061896544826,2.1285061896544826,OOWWOWWO,OOOOOWOO
1,ddelta,484,493,501,484-493-501,24,-1.2726674941800624,1.2726674941800624,WWWWWOWO,WWOOWOOO
1,ddelta,484,493,501,484-493-501,25,1.715533435297277,1.715533435297277,OWWWWOWO,OWOOWOOO
1,ddelta,484,493,501,484-493-501,26,0.8189022884203999,0.8189022884203999,WOWWWOWO,WOOOWOOO
1,ddelta,484,493,501,484-493-501,27,1.3885534352833107,1.3885534352833107,OOWWWOWO,OOOOWOOO
1,ddelta,484,493,501,484-493-501,28,-4.788679749696458,4.788679749696458,WWWWOOWO,WWOOOOOO
1,ddelta,484,493,501,484-493-501,29,0.0869939231490291,0.0869939231490291,OWWWOOWO,OWOOOOOO
1,ddelta,484,493,501,484-493-501,30,-0.4691709628655957,0.4691709628655957,WOWWOOWO,WOOOOOOO
1,ddelta,484,493,501,484-493-501,31,4.646407411845944,4.646407411845944,OOWWOOWO,OOOOOOOO
1,ddelta,484,493,505,484-493-505,0,-5.91026895110051,5.91026895110051,WWWWWWWW,WWOOWWWO
1,ddelta,484,493,505,484-493-505,1,2.9167500386443654,2.9167500386443654,OWWWWWWW,OWOOWWWO
1,ddelta,484,493,505,484-493-505,2,3.4615393066851325,3.4615393066851325,WOWWWWWW,WOOOWWWO
1,ddelta,484,493,505,484-493-505,3,-3.163508394141856,3.163508394141856,OOWWWWWW,OOOOWWWO
1,ddelta,484,493,505,484-493-505,4,-3.948853541304482,3.948853541304482,WWWWOWWW,WWOOOWWO
1,ddelta,484,493,505,484-493-505,5,0.9672914267490029,0.9672914267490029,OWWWOWWW,OWOOOWWO
1,ddelta,484,493,505,484-493-505,6,0.7389943987866381,0.7389943987866381,WOWWOWWW,WOOOOWWO
1,ddelta,484,493,505,484-493-505,7,0.9531181052399017,0.9531181052399017,OOWWOWWW,OOOOOWWO
1,ddelta,484,493,505,484-493-505,8,-1.6569579359684525,1.6569579359684525,WWWWWOWW,WWOOWOWO
1,ddelta,484,493,505,484-493-505,9,-5.602989421365305,5.602989421365305,OWWWWOWW,OWOOWOWO
1,ddelta,484,493,505,484-493-505,10,3.5823769509425984,3.5823769509425984,WOWWWOWW,WOOOWOWO
1,ddelta,484,493,505,484-493-505,11,-3.9210232893960972,3.9210232893960972,OOWWWOWW,OOOOWOWO
1,ddelta,484,493,505,484-493-505,12,-0.16943028158543605,0.16943028158543605,WWWWOOWW,WWOOOOWO
1,ddelta,484,493,505,484-493-505,13,0.014387628976713335,0.014387628976713335,OWWWOOWW,OWOOOOWO
1,ddelta,484,493,505,484-493-505,14,0.18413440921441115,0.18413440921441115,WOWWOOWW,WOOOOOWO
1,ddelta,484,493,505,484-493-505,15,2.36542603327812,2.36542603327812,OOWWOOWW,OOOOOOWO
1,ddelta,484,493,505,484-493-505,16,-1.383180033266686,1.383180033266686,WWWWWWOW,WWOOWWOO
1,ddelta,484,493,505,484-493-505,17,-0.21040491480536994,0.21040491480536994,OWWWWWOW,OWOOWWOO
1,ddelta,484,493,505,484-493-505,18,-0.5963870826439445,0.5963870826439445,WOWWWWOW,WOOOWWOO
1,ddelta,484,493,505,484-493-505,19,1.0626572107537307,1.0626572107537307,OOWWWWOW,OOOOWWOO
1,ddelta,484,493,505,484-493-505,20,2.938898652201777,2.938898652201777,WWWWOWOW,WWOOOWOO
1,ddelta,484,493,505,484-493-505,21,1.1754079824388157,1.1754079824388157,OWWWOWOW,OWOOOWOO
1,ddelta,484,493,505,484-493-505,22,2.517033223882218,2.517033223882218,WOWWOWOW,WOOOOWOO
1,ddelta,484,493,505,484-493-505,23,-2.287310366575759,2.287310366575759,OOWWOWOW,OOOOOWOO
1,ddelta,484,493,505,484-493-505,24,-1.4599429033693567,1.4599429033693567,WWWWWOOW,WWOOWOOO
1,ddelta,484,493,505,484-493-505,25,0.11796555864208524,0.11796555864208524,OWWWWOOW,OWOOWOOO
1,ddelta,484,493,505,484-493-505,26,1.5230996025236032,1.5230996025236032,WOWWWOOW,WOOOWOOO
1,ddelta,484,493,505,484-493-505,27,2.8467544333209323,2.8467544333209323,OOWWWOOW,OOOOWOOO
1,ddelta,484,493,505,484-493-505,28,-1.8074402446757272,1.8074402446757272,WWWWOOOW,WWOOOOOO
1,ddelta,484,493,505,484-493-505,29,0.8692669770183242,0.8692669770183242,OWWWOOOW,OWOOOOOO
1,ddelta,484,493,505,484-493-505,30,-0.08708142409167463,0.08708142409167463,WOWWOOOW,WOOOOOOO
1,ddelta,484,493,505,484-493-505,31,6.862934381296274,6.862934381296274,OOWWOOOW,OOOOOOOO
1,ddelta,484,496,498,484-496-498,0,-1.6931597915427652,1.6931597915427652,WWWWWWWW,WWOWOOWW
1,ddelta,484,496,498,484-496-498,1,3.8704357459666294,3.8704357459666294,OWWWWWWW,OWOWOOWW
1,ddelta,484,496,498,484-496-498,2,-5.872968549029699,5.872968549029699,WOWWWWWW,WOOWOOWW
1,ddelta,484,496,498,484-496-498,3,-0.4338009917207968,0.4338009917207968,OOWWWWWW,OOOWOOWW
1,ddelta,484,496,498,484-496-498,4,1.6602242452136708,1.6602242452136708,WWWOWWWW,WWOOOOWW
1,ddelta,484,496,498,484-496-498,5,-4.599380211006915,4.599380211006915,OWWOWWWW,OWOOOOWW
1,ddelta,484,496,498,484-496-498,6,-0.2678454958287837,0.2678454958287837,WOWOWWWW,WOOOOOWW
1,ddelta,484,496,498,484-496-498,7,-3.607888642677058,3.607888642677058,OOWOWWWW,OOOOOOWW
1,ddelta,484,496,498,484-496-498,8,1.984938443114552,1.984938443114552,WWWWWWOW,WWOWOOOW
1,ddelta,484,496,498,484-496-498,9,-1.7694097567605809,1.7694097567605809,OWWWWWOW,OWOWOOOW
1,ddelta,484,496,498,484-496-498,10,-1.1795477493827566,1.1795477493827566,WOWWWWOW,WOOWOOOW
1,ddelta,484,496,498,484-496-498,11,-0.27971950447844107,0.27971950447844107,OOWWWWOW,OOOWOOOW
1,ddelta,484,496,498,484-496-498,12,2.7379444240326283,2.7379444240326283,WWWOWWOW,WWOOOOOW
1,ddelta,484,496,498,484-496-498,13,-1.0849443057866381,1.0849443057866381,OWWOWWOW,OWOOOOOW
1,ddelta,484,496,498,484-496-498,14,0.4542656270139381,0.4542656270139381,WOWOWWOW,WOOOOOOW
1,ddelta,484,496,498,484-496-498,15,-1.152511766534956,1.152511766534956,OOWOWWOW,OOOOOOOW
1,ddelta,484,496,498,484-496-498,16,-2.3418891355101192,2.3418891355101192,WWWWWWWO,WWOWOOWO
1,ddelta,484,496,498,484-496-498,17,-1.0983937736577944,1.0983937736577944,OWWWWWWO,OWOWOOWO
1,ddelta,484,496,498,484-496-498,18,1.2970248362203307,1.2970248362203307,WOWWWWWO,WOOWOOWO
1,ddelta,484,496,498,484-496-498,19,0.6425703888782587,0.6425703888782587,OOWWWWWO,OOOWOOWO
1,ddelta,484,496,498,484-496-498,20,0.5376071458333049,0.5376071458333049,WWWOWWWO,WWOOOOWO
1,ddelta,484,496,498,484-496-498,21,-2.0013740683939565,2.0013740683939565,OWWOWWWO,OWOOOOWO
1,ddelta,484,496,498,484-496-498,22,6.226450255591555,6.226450255591555,WOWOWWWO,WOOOOOWO
1,ddelta,484,496,498,484-496-498,23,-0.3616944387855432,0.3616944387855432,OOWOWWWO,OOOOOOWO
1,ddelta,484,496,498,484-496-498,24,1.7286150263915174,1.7286150263915174,WWWWWWOO,WWOWOOOO
1,ddelta,484,496,498,484-496-498,25,-1.5321062838192243,1.5321062838192243,OWWWWWOO,OWOWOOOO
1,ddelta,484,496,498,484-496-498,26,1.2337084977496002,1.2337084977496002,WOWWWWOO,WOOWOOOO
1,ddelta,484,496,498,484-496-498,27,-6.490649905192667,6.490649905192667,OOWWWWOO,OOOWOOOO
1,ddelta,484,496,498,484-496-498,28,-2.187955019465239,2.187955019465239,WWWOWWOO,WWOOOOOO
1,ddelta,484,496,498,484-496-498,29,-1.4821523117132271,1.4821523117132271,OWWOWWOO,OWOOOOOO
1,ddelta,484,496,498,484-496-498,30,-1.8560794589951448,1.8560794589951448,WOWOWWOO,WOOOOOOO
1,ddelta,484,496,498,484-496-498,31,0.0027053580556496426,0.0027053580556496426,OOWOWWOO,OOOOOOOO
1,ddelta,484,496,501,484-496-501,0,-1.6948691467221837,1.6948691467221837,WWWWWWWW,WWOWOWOW
1,ddelta,484,496,501,484-496-501,1,3.3616054561073896,3.3616054561073896,OWWWWWWW,OWOWOWOW
1,ddelta,484,496,501,484-496-501,2,-1.288340590865727,1.288340590865727,WOWWWWWW,WOOWOWOW
1,ddelta,484,496,501,484-496-501,3,-0.7541853434714322,0.7541853434714322,OOWWWWWW,OOOWOWOW
1,ddelta,484,496,501,484-496-501,4,-0.7754783507108316,0.7754783507108316,WWWOWWWW,WWOOOWOW
1,ddelta,484,496,501,484-496-501,5,-2.555139832022564,2.555139832022564,OWWOWWWW,OWOOOWOW
1,ddelta,484,496,501,484-496-501,6,-0.39316568046040956,0.39316568046040956,WOWOWWWW,WOOOOWOW
1,ddelta,484,496,501,484-496-501,7,2.4726426188903297,2.4726426188903297,OOWOWWWW,OOOOOWOW
1,ddelta,484,496,501,484-496-501,8,1.9832290879351335,1.9832290879351335,WWWWWOWW,WWOWOOOW
1,ddelta,484,496,501,484-496-501,9,-2.2782400466198194,2.2782400466198194,OWWWWOWW,OWOWOOOW
1,ddelta,484,496,501,484-496-501,10,3.4050802087812158,3.4050802087812158,WOWWWOWW,WOOWOOOW
1,ddelta,484,496,501,484-496-501,11,-0.6001038562290768,0.6001038562290768,OOWWWOWW,OOOWOOOW
1,ddelta,484,496,501,484-496-501,12,0.30224182810812517,0.30224182810812517,WWWOWOWW,WWOOOOOW
1,ddelta,484,496,501,484-496-501,13,0.959296073197713,0.959296073197713,OWWOWOWW,OWOOOOOW
1,ddelta,484,496,501,484-496-501,14,0.3289454423823115,0.3289454423823115,WOWOWOWW,WOOOOOOW
1,ddelta,484,496,501,484-496-501,15,4.928019495032432,4.928019495032432,OOWOWOWW,OOOOOOOW
1,ddelta,484,496,501,484-496-501,16,-1.103445070979939,1.103445070979939,WWWWWWWO,WWOWOWOO
1,ddelta,484,496,501,484-496-501,17,-1.9211347435520691,1.9211347435520691,OWWWWWWO,OWOWOWOO
1,ddelta,484,496,501,484-496-501,18,-1.8163945949123232,1.8163945949123232,WOWWWWWO,WOOWOWOO
1,ddelta,484,496,501,484-496-501,19,4.531036260038951,4.531036260038951,OOWWWWWO,OOOWOWOO
1,ddelta,484,496,501,484-496-501,20,2.176609000703846,2.176609000703846,WWWOWWWO,WWOOOWOO
1,ddelta,484,496,501,484-496-501,21,-4.5026085225424755,4.5026085225424755,OWWOWWWO,OWOOOWOO
1,ddelta,484,496,501,484-496-501,22,4.91474552991765,4.91474552991765,WOWOWWWO,WOOOOWOO
1,ddelta,484,496,501,484-496-501,23,0.2912701456894653,0.2912701456894653,OOWOWWWO,OOOOOWOO
1,ddelta,484,496,501,484-496-501,24,2.9670590909216976,2.9670590909216976,WWWWWOWO,WWOWOOOO
1,ddelta,484,496,501,484-496-501,25,-2.354847253713499,2.354847253713499,OWWWWOWO,OWOWOOOO
1,ddelta,484,496,501,484-496-501,26,-1.8797109333830533,1.8797109333830533,WOWWWOWO,WOOWOOOO
1,ddelta,484,496,501,484-496-501,27,-2.6021840340319744,2.6021840340319744,OOWWWOWO,OOOWOOOO
1,ddelta,484,496,501,484-496-501,28,-0.5489531645946975,0.5489531645946975,WWWOWOWO,WWOOOOOO
1,ddelta,484,496,501,484-496-501,29,-3.9833867658617463,3.9833867658617463,OWWOWOWO,OWOOOOOO
1,ddelta,484,496,501,484-496-501,30,-3.1677841846690504,3.1677841846690504,WOWOWOWO,WOOOOOOO
1,ddelta,484,496,501,484-496-501,31,0.6556699425306582,0.6556699425306582,OOWOWOWO,OOOOOOOO
1,ddelta,484,496,505,484-496-505,0,-0.3405761561336517,0.3405761561336517,WWWWWWWW,WWOWOWWO
1,ddelta,484,496,505,484-496-505,1,2.978023279065285,2.978023279065285,OWWWWWWW,OWOWOWWO
1,ddelta,484,496,505,484-496-505,2,-2.7289846474158885,2.7289846474158885,WOWWWWWW,WOOWOWWO
1,ddelta,484,496,505,484-496-505,3,-4.316200153166969,4.316200153166969,OOWWWWWW,OOOWOWWO
1,ddelta,484,496,505,484-496-505,4,1.620839253662376,1.620839253662376,WWWOWWWW,WWOOOWWO
1,ddelta,484,496,505,484-496-505,5,1.028564667169922,1.028564667169922,OWWOWWWW,OWOOOWWO
1,ddelta,484,496,505,484-496-505,6,-5.451529555314383,5.451529555314383,WOWOWWWW,WOOOOWWO
1,ddelta,484,496,505,484-496-505,7,-0.1995736537852119,0.1995736537852119,OOWOWWWW,OOOOOWWO
1,ddelta,484,496,505,484-496-505,8,-0.989305500101006,0.989305500101006,WWWWWOWW,WWOWOOWO
1,ddelta,484,496,505,484-496-505,9,-1.9908062405591378,1.9908062405591378,OWWWWOWW,OWOWOOWO
1,ddelta,484,496,505,484-496-505,10,4.441008737834141,4.441008737834141,WOWWWOWW,WOOWOOWO
1,ddelta,484,496,505,484-496-505,11,-3.2398287725679147,3.2398287725679147,OOWWWOWW,OOOWOOWO
1,ddelta,484,496,505,484-496-505,12,0.49822215428201044,0.49822215428201044,WWWOWOWW,WWOOOOWO
1,ddelta,484,496,505,484-496-505,13,3.626570809782881,3.626570809782881,OWWOWOWW,OWOOOOWO
1,ddelta,484,496,505,484-496-505,14,1.0427661961059553,1.0427661961059553,WOWOWOWW,WOOOOOWO
1,ddelta,484,496,505,484-496-505,15,3.0466205501063026,3.0466205501063026,OOWOWOWW,OOOOOOWO
1,ddelta,484,496,505,484-496-505,16,0.2508479196085923,0.2508479196085923,WWWWWWOW,WWOWOWOO
1,ddelta,484,496,505,484-496-505,17,-2.3047169205941747,2.3047169205941747,OWWWWWOW,OWOWOWOO
1,ddelta,484,496,505,484-496-505,18,-3.257038651462485,3.257038651462485,WOWWWWOW,WOOWOWOO
1,ddelta,484,496,505,484-496-505,19,0.9690214503434131,0.9690214503434131,OOWWWWOW,OOOWOWOO
1,ddelta,484,496,505,484-496-505,20,4.572926605077055,4.572926605077055,WWWOWWOW,WWOOOWOO
1,ddelta,484,496,505,484-496-505,21,-0.918904023349989,0.918904023349989,OWWOWWOW,OWOOOWOO
1,ddelta,484,496,505,484-496-505,22,-0.14361834493632303,0.14361834493632303,WOWOWWOW,WOOOOWOO
1,ddelta,484,496,505,484-496-505,23,-2.380946126986076,2.380946126986076,OOWOWWOW,OOOOOWOO
1,ddelta,484,496,505,484-496-505,24,-0.005475497114442153,0.005475497114442153,WWWWWOOW,WWOWOOOO
1,ddelta,484,496,505,484-496-505,25,-2.0674134476528176,2.0674134476528176,OWWWWOOW,OWOWOOOO
1,ddelta,484,496,505,484-496-505,26,-0.8437824043301282,0.8437824043301282,WOWWWOOW,WOOWOOOO
1,ddelta,484,496,505,484-496-505,27,-5.241908950370813,5.241908950370813,OOWWWOOW,OOOWOOOO
1,ddelta,484,496,505,484-496-505,28,-0.3529728384208124,0.3529728384208124,WWWOWOOW,WWOOOOOO
1,ddelta,484,496,505,484-496-505,29,-1.3161120292765789,1.3161120292765789,OWWOWOOW,OWOOOOOO
1,ddelta,484,496,505,484-496-505,30,-2.4539634309454064,2.4539634309454064,WOWOWOOW,WOOOOOOO
1,ddelta,484,496,505,484-496-505,31,-1.2257290023954708,1.2257290023954708,OOWOWOOW,OOOOOOOO
1,ddelta,484,498,501,484-498-501,0,-0.7415315190060003,0.7415315190060003,WWWWWWWW,WWOWWOOW
1,ddelta,484,498,501,484-498-501,1,4.867208566975918,4.867208566975918,OWWWWWWW,OWOWWOOW
1,ddelta,484,498,501,484-498-501,2,-0.8858253790071268,0.8858253790071268,WOWWWWWW,WOOWWOOW
1,ddelta,484,498,501,484-498-501,3,1.13922655287239,1.13922655287239,OOWWWWWW,OOOWWOOW
1,ddelta,484,498,501,484-498-501,4,-1.4088849487895072,1.4088849487895072,WWWOWWWW,WWOOWOOW
1,ddelta,484,498,501,484-498-501,5,-0.3544131042999418,0.3544131042999418,OWWOWWWW,OWOOWOOW
1,ddelta,484,498,501,484-498-501,6,1.428091964941641,1.428091964941641,WOWOWWWW,WOOOWOOW
1,ddelta,484,498,501,484-498-501,7,-2.1250920543607457,2.1250920543607457,OOWOWWWW,OOOOWOOW
1,ddelta,484,498,501,484-498-501,8,2.936566715651317,2.936566715651317,WWWWOWWW,WWOWOOOW
1,ddelta,484,498,501,484-498-501,9,-0.7726369357512906,0.7726369357512906,OWWWOWWW,OWOWOOOW
1,ddelta,484,498,501,484-498-501,10,3.8075954206398155,3.8075954206398155,WOWWOWWW,WOOWOOOW
1,ddelta,484,498,501,484-498-501,11,1.2933080401147452,1.2933080401147452,OOWWOWWW,OOOWOOOW
1,ddelta,484,498,501,484-498-501,12,-0.3311647699705498,0.3311647699705498,WWWOOWWW,WWOOOOOW
1,ddelta,484,498,501,484-498-501,13,3.160022800920334,3.160022800920334,OWWOOWWW,OWOOOOOW
1,ddelta,484,498,501,484-498-501,14,2.1502030877843614,2.1502030877843614,WOWOOWWW,WOOOOOOW
1,ddelta,484,498,501,484-498-501,15,0.33028482178135654,0.33028482178135654,OOWOOWWW,OOOOOOOW
1,ddelta,484,498,501,484-498-501,16,2.073734574889854,2.073734574889854,WWWWWWWO,WWOWWOOO
1,ddelta,484,498,501,484-498-501,17,0.7374751328789075,0.7374751328789075,OWWWWWWO,OWOWWOOO
1,ddelta,484,498,501,484-498-501,18,0.14197376735370357,0.14197376735370357,WOWWWWWO,WOOWWOOO
1,ddelta,484,498,501,484-498-501,19,1.540660944392245,1.540660944392245,OOWWWWWO,OOOWWOOO
1,ddelta,484,498,501,484-498-501,20,-2.923692740128381,2.923692740128381,WWWOWWWO,WWOOWOOO
1,ddelta,484,498,501,484-498-501,21,4.363963395060172,4.363963395060172,OWWOWWWO,OWOOWOOO
1,ddelta,484,498,501,484-498-501,22,4.454540152212553,4.454540152212553,WOWOWWWO,WOOOWOOO
1,ddelta,484,498,501,484-498-501,23,0.8179544549805529,0.8179544549805529,OOWOWWWO,OOOOWOOO
1,ddelta,484,498,501,484-498-501,24,6.144238736791491,6.144238736791491,WWWWOWWO,WWOWOOOO
1,ddelta,484,498,501,484-498-501,25,0.303762622717479,0.303762622717479,OWWWOWWO,OWOWOOOO
1,ddelta,484,498,501,484-498-501,26,0.07865742888297378,0.07865742888297378,WOWWOWWO,WOOWOOOO
1,ddelta,484,498,501,484-498-501,27,-5.592559349678681,5.592559349678681,OOWWOWWO,OOOWOOOO
1,ddelta,484,498,501,484-498-501,28,-5.649254905426927,5.649254905426927,WWWOOWWO,WWOOOOOO
1,ddelta,484,498,501,484-498-501,29,4.883185151740902,4.883185151740902,OWWOOWWO,OWOOOOOO
1,ddelta,484,498,501,484-498-501,30,-3.6279895623741476,3.6279895623741476,WOWOOWWO,WOOOOOOO
1,ddelta,484,498,501,484-498-501,31,1.1823542518217454,1.1823542518217454,OOWOOWWO,OOOOOOOO
1,ddelta,484,498,505,484-498-505,0,-1.206196014242458,1.206196014242458,WWWWWWWW,WWOWWOWO
1,ddelta,484,498,505,484-498-505,1,3.816165640474474,3.816165640474474,OWWWWWWW,OWOWWOWO
1,ddelta,484,498,505,484-498-505,2,-1.8990238223135643,1.8990238223135643,WOWWWWWW,WOOWWOWO
1,ddelta,484,498,505,484-498-505,3,-1.5367632796950867,1.5367632796950867,OOWWWWWW,OOOWWOWO
1,ddelta,484,498,505,484-498-505,4,3.0471150008895993,3.0471150008895993,WWWOWWWW,WWOOWOWO
1,ddelta,484,498,505,484-498-505,5,-4.703573819535197,4.703573819535197,OWWOWWWW,OWOOWOWO
1,ddelta,484,498,505,484-498-505,6,-1.7781861780560986,1.7781861780560986,WOWOWWWW,WOOOWOWO
1,ddelta,484,498,505,484-498-505,7,-2.294278174949328,2.294278174949328,OOWOWWWW,OOOOWOWO
1,ddelta,484,498,505,484-498-505,8,-1.8549253582098122,1.8549253582098122,WWWWOWWW,WWOWOOWO
1,ddelta,484,498,505,484-498-505,9,-1.1526638791499484,1.1526638791499484,OWWWOWWW,OWOWOOWO
1,ddelta,484,498,505,484-498-505,10,5.2709695629364655,5.2709695629364655,WOWWOWWW,WOOWOOWO
1,ddelta,484,498,505,484-498-505,11,-0.46039189909603184,0.46039189909603184,OOWWOWWW,OOOWOOWO
1,ddelta,484,498,505,484-498-505,12,1.924497901509235,1.924497901509235,WWWOOWWW,WWOOOOWO
1,ddelta,484,498,505,484-498-505,13,-2.105567676922238,2.105567676922238,OWWOOWWW,OWOOOOWO
1,ddelta,484,498,505,484-498-505,14,4.716109573364238,4.716109573364238,WOWOOWWW,WOOOOOWO
1,ddelta,484,498,505,484-498-505,15,0.9519160289421873,0.9519160289421873,OOWOOWWW,OOOOOOWO
1,ddelta,484,498,505,484-498-505,16,1.609070079653396,1.609070079653396,WWWWWWOW,WWOWWOOO
1,ddelta,484,498,505,484-498-505,17,-0.3135677936225373,0.3135677936225373,OWWWWWOW,OWOWWOOO
1,ddelta,484,498,505,484-498-505,18,-0.8712246759527338,0.8712246759527338,WOWWWWOW,WOOWWOOO
1,ddelta,484,498,505,484-498-505,19,-1.135328888175231,1.135328888175231,OOWWWWOW,OOOWWOOO
1,ddelta,484,498,505,484-498-505,20,1.5323072095507255,1.5323072095507255,WWWOWWOW,WWOOWOOO
1,ddelta,484,498,505,484-498-505,21,0.014802679824917953,0.014802679824917953,OWWOWWOW,OWOOWOOO
1,ddelta,484,498,505,484-498-505,22,1.2482620092148138,1.2482620092148138,WOWOWWOW,WOOOWOOO
1,ddelta,484,498,505,484-498-505,23,0.6487683343919705,0.6487683343919705,OOWOWWOW,OOOOWOOO
1,ddelta,484,498,505,484-498-505,24,1.352746662930362,1.352746662930362,WWWWOWOW,WWOWOOOO
1,ddelta,484,498,505,484-498-505,25,-0.07626432068117989,0.07626432068117989,OWWWOWOW,OWOWOOOO
1,ddelta,484,498,505,484-498-505,26,1.5420315711796233,1.5420315711796233,WOWWOWOW,WOOWOOOO
1,ddelta,484,498,505,484-498-505,27,-7.346259288889457,7.346259288889457,OOWWOWOW,OOOWOOOO
1,ddelta,484,498,505,484-498-505,28,-3.393592233947142,3.393592233947142,WWWOOWOW,WWOOOOOO
1,ddelta,484,498,505,484-498-505,29,-0.3824053261016711,0.3824053261016711,OWWOOWOW,OWOOOOOO
1,ddelta,484,498,505,484-498-505,30,-1.0620830767942693,1.0620830767942693,WOWOOWOW,WOOOOOOO
1,ddelta,484,498,505,484-498-505,31,1.8039854589825761,1.8039854589825761,OOWOOWOW,OOOOOOOO
1,ddelta,484,501,505,484-501-505,0,-1.8105263757499455,1.8105263757499455,WWWWWWWW,WWOWWWOO
1,ddelta,484,501,505,484-501-505,1,2.217392828266109,2.217392828266109,OWWWWWWW,OWOWWWOO
1,ddelta,484,501,505,484-501-505,2,1.827168452056647,1.827168452056647,WOWWWWWW,WOOWWWOO
1,ddelta,484,501,505,484-501-505,3,-3.5419649894285965,3.5419649894285965,OOWWWWWW,OOOWWWOO
1,ddelta,484,501,505,484-501-505,4,2.716562542083878,2.716562542083878,WWWOWWWW,WWOOWWOO
1,ddelta,484,501,505,484-501-505,5,-0.9097621251836254,0.9097621251836254,OWWOWWWW,OWOOWWOO
1,ddelta,484,501,505,484-501-505,6,-2.23075793727243,2.23075793727243,WOWOWWWW,WOOOWWOO
1,ddelta,484,501,505,484-501-505,7,0.6842006154669897,0.6842006154669897,OOWOWWWW,OOOOWWOO
1,ddelta,484,501,505,484-501-505,8,-1.2191023000077013,1.2191023000077013,WWWWOWWW,WWOWOWOO
1,ddelta,484,501,505,484-501-505,9,-3.0653473713933503,3.0653473713933503,OWWWOWWW,OWOWOWOO
1,ddelta,484,501,505,484-501-505,10,1.29911444801005,1.29911444801005,WOWWOWWW,WOOWOWOO
1,ddelta,484,501,505,484-501-505,11,1.7432566140817858,1.7432566140817858,OOWWOWWW,OOOWOWOO
1,ddelta,484,501,505,484-501-505,12,5.668649893498556,5.668649893498556,WWWOOWWW,WWOOOWOO
1,ddelta,484,501,505,484-501-505,13,-2.857230815703537,2.857230815703537,OWWOOWWW,OWOOOWOO
1,ddelta,484,501,505,484-501-505,14,3.0771532731056306,3.0771532731056306,WOWOOWWW,WOOOOWOO
1,ddelta,484,501,505,484-501-505,15,-1.4971718577338744,1.4971718577338744,OOWOOWWW,OOOOOWOO
1,ddelta,484,501,505,484-501-505,16,1.0047397181459083,1.0047397181459083,WWWWWOWW,WWOWWOOO
1,ddelta,484,501,505,484-501-505,17,-1.9123406058309018,1.9123406058309018,OWWWWOWW,OWOWWOOO
1,ddelta,484,501,505,484-501-505,18,2.854967598417477,2.854967598417477,WOWWWOWW,WOOWWOOO
1,ddelta,484,501,505,484-501-505,19,-3.1405305979087412,3.1405305979087412,OOWWWOWW,OOOWWOOO
1,ddelta,484,501,505,484-501-505,20,1.2017547507450042,1.2017547507450042,WWWOWOWW,WWOOWOOO
1,ddelta,484,501,505,484-501-505,21,3.8086143741764884,3.8086143741764884,OWWOWOWW,OWOOWOOO
1,ddelta,484,501,505,484-501-505,22,0.795690249998483,0.795690249998483,WOWOWOWW,WOOOWOOO
1,ddelta,484,501,505,484-501-505,23,3.6272471248082883,3.6272471248082883,OOWOWOWW,OOOOWOOO
1,ddelta,484,501,505,484-501-505,24,1.9885697211324729,1.9885697211324729,WWWWOOWW,WWOWOOOO
1,ddelta,484,501,505,484-501-505,25,-1.988947812924581,1.988947812924581,OWWWOOWW,OWOWOOOO
1,ddelta,484,501,505,484-501-505,26,-2.4298235437467923,2.4298235437467923,WOWWOOWW,WOOWOOOO
1,ddelta,484,501,505,484-501-505,27,-5.14261077571164,5.14261077571164,OOWWOOWW,OOOWOOOO
1,ddelta,484,501,505,484-501-505,28,0.35055975804218154,0.35055975804218154,WWWOOOWW,WWOOOOOO
1,ddelta,484,501,505,484-501-505,29,-1.1340684648829704,1.1340684648829704,OWWOOOWW,OWOOOOOO
1,ddelta,484,501,505,484-501-505,30,-2.701039377052879,2.701039377052879,WOWOOOWW,WOOOOOOO
1,ddelta,484,501,505,484-501-505,31,-0.6451024276934856,0.6451024276934856,OOWOOOWW,OOOOOOOO
1,ddelta,493,496,498,493-496-498,0,1.6472316058437093,1.6472316058437093,WWWWWWWW,WWWOOOWW
1,ddelta,493,496,498,493-496-498,1,0.9871574627870866,0.9871574627870866,OWWWWWWW,OWWOOOWW
1,ddelta,493,496,498,493-496-498,2,0.2095088207248168,0.2095088207248168,WOWWWWWW,WOWOOOWW
1,ddelta,493,496,498,493-496-498,3,1.311262527828187,1.311262527828187,OOWWWWWW,OOWOOOWW
1,ddelta,493,496,498,493-496-498,4,5.000615642600145,5.000615642600145,WWOWWWWW,WWOOOOWW
1,ddelta,493,496,498,493-496-498,5,-7.482658494186456,7.482658494186456,OWOWWWWW,OWOOOOWW
1,ddelta,493,496,498,493-496-498,6,5.814631873925734,5.814631873925734,WOOWWWWW,WOOOOOWW
1,ddelta,493,496,498,493-496-498,7,-1.8628251231280748,1.8628251231280748,OOOWWWWW,OOOOOOWW
1,ddelta,493,496,498,493-496-498,8,-1.4181850925029411,1.4181850925029411,WWWWWWOW,WWWOOOOW
1,ddelta,493,496,498,493-496-498,9,-1.8478424289322404,1.8478424289322404,OWWWWWOW,OWWOOOOW
1,ddelta,493,496,498,493-496-498,10,-0.9260416861501227,0.9260416861501227,WOWWWWOW,WOWOOOOW
1,ddelta,493,496,498,493-496-498,11,1.6452597160545053,1.6452597160545053,OOWWWWOW,OOWOOOOW
1,ddelta,493,496,498,493-496-498,12,-0.6651791115848644,0.6651791115848644,WWOWWWOW,WWOOOOOW
1,ddelta,493,496,498,493-496-498,13,-1.1633769779582974,1.1633769779582974,OWOWWWOW,OWOOOOOW
1,ddelta,493,496,498,493-496-498,14,0.7077716902465718,0.7077716902465718,WOOWWWOW,WOOOOOOW
1,ddelta,493,496,498,493-496-498,15,0.7724674539979903,0.7724674539979903,OOOWWWOW,OOOOOOOW
1,ddelta,493,496,498,493-496-498,16,-1.7826849841856656,1.7826849841856656,WWWWWWWO,WWWOOOWO
1,ddelta,493,496,498,493-496-498,17,2.294251774169803,2.294251774169803,OWWWWWWO,OWWOOOWO
1,ddelta,493,496,498,493-496-498,18,-3.9100109613728344,3.9100109613728344,WOWWWWWO,WOWOOOWO
1,ddelta,493,496,498,493-496-498,19,-0.4998587202289644,0.4998587202289644,OOWWWWWO,OOWOOOWO
1,ddelta,493,496,498,493-496-498,20,1.0968112971577588,1.0968112971577588,WWOWWWWO,WWOOOOWO
1,ddelta,493,496,498,493-496-498,21,1.3912714794336414,1.3912714794336414,OWOWWWWO,OWOOOOWO
1,ddelta,493,496,498,493-496-498,22,1.019414457998389,1.019414457998389,WOOWWWWO,WOOOOOWO
1,ddelta,493,496,498,493-496-498,23,-1.5041235478927664,1.5041235478927664,OOOWWWWO,OOOOOOWO
1,ddelta,493,496,498,493-496-498,24,1.7806732193956032,1.7806732193956032,WWWWWWOO,WWWOOOOO
1,ddelta,493,496,498,493-496-498,25,1.0252518602430203,1.0252518602430203,OWWWWWOO,OWWOOOOO
1,ddelta,493,496,498,493-496-498,26,0.36388679518236167,0.36388679518236167,WOWWWWOO,WOWOOOOO
1,ddelta,493,496,498,493-496-498,27,0.4169544394741662,0.4169544394741662,OOWWWWOO,OOWOOOOO
1,ddelta,493,496,498,493-496-498,28,-2.135896826461153,2.135896826461153,WWOWWWOO,WWOOOOOO
1,ddelta,493,496,498,493-496-498,29,1.0752058323490172,1.0752058323490172,OWOWWWOO,OWOOOOOO
1,ddelta,493,496,498,493-496-498,30,-2.725901161562384,2.725901161562384,WOOWWWOO,WOOOOOOO
1,ddelta,493,496,498,493-496-498,31,6.910309702722482,6.910309702722482,OOOWWWOO,OOOOOOOO
1,ddelta,493,496,501,493-496-501,0,3.9677086797316323,3.9677086797316323,WWWWWWWW,WWWOOWOW
1,ddelta,493,496,501,493-496-501,1,4.0662974849505495,4.0662974849505495,OWWWWWWW,OWWOOWOW
1,ddelta,493,496,501,493-496-501,2,3.1282748320256646,3.1282748320256646,WOWWWWWW,WOWOOWOW
1,ddelta,493,496,501,493-496-501,3,0.5958948991476345,0.5958948991476345,OOWWWWWW,OOWOOWOW
1,ddelta,493,496,501,493-496-501,4,4.887099475742985,4.887099475742985,WWOWWWWW,WWOOOWOW
1,ddelta,493,496,501,493-496-501,5,-1.8504478031794034,1.8504478031794034,OWOWWWWW,OWOOOWOW
1,ddelta,493,496,501,493-496-501,6,4.023449742430981,4.023449742430981,WOOWWWWW,WOOOOWOW
1,ddelta,493,496,501,493-496-501,7,3.8227228615093964,3.8227228615093964,OOOWWWWW,OOOOOWOW
1,ddelta,493,496,501,493-496-501,8,0.9022919813849823,0.9022919813849823,WWWWWOWW,WWWOOOOW
1,ddelta,493,496,501,493-496-501,9,1.2312975932312236,1.2312975932312236,OWWWWOWW,OWWOOOOW
1,ddelta,493,496,501,493-496-501,10,1.9927243251507236,1.9927243251507236,WOWWWOWW,WOWOOOOW
1,ddelta,493,496,501,493-496-501,11,0.9298920873739527,0.9298920873739527,OOWWWOWW,OOWOOOOW
1,ddelta,493,496,501,493-496-501,12,-0.7786952784420262,0.7786952784420262,WWOWWOWW,WWOOOOOW
1,ddelta,493,496,501,493-496-501,13,4.468833713048755,4.468833713048755,OWOWWOWW,OWOOOOOW
1,ddelta,493,496,501,493-496-501,14,-1.0834104412481809,1.0834104412481809,WOOWWOWW,WOOOOOOW
1,ddelta,493,496,501,493-496-501,15,6.458015438635461,6.458015438635461,OOOWWOWW,OOOOOOOW
1,ddelta,493,496,501,493-496-501,16,-0.3803804732541636,0.3803804732541636,WWWWWWWO,WWWOOWOO
1,ddelta,493,496,501,493-496-501,17,2.0584243476438466,2.0584243476438466,OWWWWWWO,OWWOOWOO
1,ddelta,493,496,501,493-496-501,18,-5.948578926259535,5.948578926259535,WOWWWWWO,WOWOOWOO
1,ddelta,493,496,501,493-496-501,19,1.1159183431570359,1.1159183431570359,OOWWWWWO,OOWOOWOO
1,ddelta,493,496,501,493-496-501,20,2.8996735984296222,2.8996735984296222,WWOWWWWO,WWOOOWOO
1,ddelta,493,496,501,493-496-501,21,-0.5230494313465592,0.5230494313465592,OWOWWWWO,OWOOOWOO
1,ddelta,493,496,501,493-496-501,22,0.782561198570439,0.782561198570439,WOOWWWWO,WOOOOWOO
1,ddelta,493,496,501,493-496-501,23,-3.123847771192449,3.123847771192449,OOOWWWWO,OOOOOWOO
1,ddelta,493,496,501,493-496-501,24,3.1829777303271056,3.1829777303271056,WWWWWOWO,WWWOOOOO
1,ddelta,493,496,501,493-496-501,25,0.7894244337170637,0.7894244337170637,OWWWWOWO,OWWOOOOO
1,ddelta,493,496,501,493-496-501,26,-1.6746811697043396,1.6746811697043396,WOWWWOWO,WOWOOOOO
1,ddelta,493,496,501,493-496-501,27,2.032731502860167,2.032731502860167,OOWWWOWO,OOWOOOOO
1,ddelta,493,496,501,493-496-501,28,-0.3330345251892892,0.3330345251892892,WWOWWOWO,WWOOOOOO
1,ddelta,493,496,501,493-496-501,29,-0.8391150784311834,0.8391150784311834,OWOWWOWO,OWOOOOOO
1,ddelta,493,496,501,493-496-501,30,-2.9627544209903354,2.9627544209903354,WOOWWOWO,WOOOOOOO
1,ddelta,493,496,501,493-496-501,31,5.2905854794228,5.2905854794228,OOOWWOWO,OOOOOOOO
1,ddelta,493,496,505,493-496-505,0,1.9481162310749967,1.9481162310749967,WWWWWWWW,WWWOOWWO
1,ddelta,493,496,505,493-496-505,1,-1.5982663803696109,1.5982663803696109,OWWWWWWW,OWWOOWWO
1,ddelta,493,496,505,493-496-505,2,5.541590407474359,5.541590407474359,WOWWWWWW,WOWOOWWO
1,ddelta,493,496,505,493-496-505,3,0.19110340190239428,0.19110340190239428,OOWWWWWW,OOWOOWWO
1,ddelta,493,496,505,493-496-505,4,3.909531640871025,3.909531640871025,WWOWWWWW,WWOOOWWO
1,ddelta,493,496,505,493-496-505,5,-3.5477249922649734,3.5477249922649734,OWOWWWWW,OWOOOWWO
1,ddelta,493,496,505,493-496-505,6,2.8190454995758634,2.8190454995758634,WOOWWWWW,WOOOOWWO
1,ddelta,493,496,505,493-496-505,7,4.3077299012841515,4.3077299012841515,OOOWWWWW,OOOOOWWO
1,ddelta,493,496,505,493-496-505,8,-1.4818003589543778,1.4818003589543778,WWWWWOWW,WWWOOOWO
1,ddelta,493,496,505,493-496-505,9,-0.2911720689868944,0.2911720689868944,OWWWWOWW,OWWOOOWO
1,ddelta,493,496,505,493-496-505,10,1.4220706253767066,1.4220706253767066,WOWWWOWW,WOWOOOWO
1,ddelta,493,496,505,493-496-505,11,-1.6200178461547574,1.6200178461547574,OOWWWOWW,OOWOOOWO
1,ddelta,493,496,505,493-496-505,12,0.005727295428638701,0.005727295428638701,WWOWWOWW,WWOOOOWO
1,ddelta,493,496,505,493-496-505,13,5.326204981355124,5.326204981355124,OWOWWOWW,OWOOOOWO
1,ddelta,493,496,505,493-496-505,14,-1.9761719163514804,1.9761719163514804,WOOWWOWW,WOOOOOWO
1,ddelta,493,496,505,493-496-505,15,4.66643147651946,4.66643147651946,OOOWWOWW,OOOOOOWO
1,ddelta,493,496,505,493-496-505,16,-2.3999729219107984,2.3999729219107984,WWWWWWOW,WWWOOWOO
1,ddelta,493,496,505,493-496-505,17,-3.606139517676314,3.606139517676314,OWWWWWOW,OWWOOWOO
1,ddelta,493,496,505,493-496-505,18,-3.53526335081084,3.53526335081084,WOWWWWOW,WOWOOWOO
1,ddelta,493,496,505,493-496-505,19,0.7111268459117954,0.7111268459117954,OOWWWWOW,OOWOOWOO
1,ddelta,493,496,505,493-496-505,20,1.9221057635576642,1.9221057635576642,WWOWWWOW,WWOOOWOO
1,ddelta,493,496,505,493-496-505,21,-2.220326620432129,2.220326620432129,OWOWWWOW,OWOOOWOO
1,ddelta,493,496,505,493-496-505,22,-0.4218430442846782,0.4218430442846782,WOOWWWOW,WOOOOWOO
1,ddelta,493,496,505,493-496-505,23,-2.638840731417694,2.638840731417694,OOOWWWOW,OOOOOWOO
1,ddelta,493,496,505,493-496-505,24,0.7988853899877455,0.7988853899877455,WWWWWOOW,WWWOOOOO
1,ddelta,493,496,505,493-496-505,25,-0.7330452285010532,0.7330452285010532,OWWWWOOW,OWWOOOOO
1,ddelta,493,496,505,493-496-505,26,-2.245334869478356,2.245334869478356,WOWWWOOW,WOWOOOOO
1,ddelta,493,496,505,493-496-505,27,-0.5171784306685434,0.5171784306685434,OOWWWOOW,OOWOOOOO
1,ddelta,493,496,505,493-496-505,28,0.45138804868137505,0.45138804868137505,WWOWWOOW,WWOOOOOO
1,ddelta,493,496,505,493-496-505,29,0.01825618987518496,0.01825618987518496,OWOWWOOW,OWOOOOOO
1,ddelta,493,496,505,493-496-505,30,-3.8555158960936344,3.8555158960936344,WOOWWOOW,WOOOOOOO
1,ddelta,493,496,505,493-496-505,31,3.499001517306799,3.499001517306799,OOOWWOOW,OOOOOOOO
1,ddelta,493,498,501,493-498-501,0,2.5098288960417414,2.5098288960417414,WWWWWWWW,WWWOWOOW
1,ddelta,493,498,501,493-498-501,1,1.6326511456617248,1.6326511456617248,OWWWWWWW,OWWOWOOW
1,ddelta,493,498,501,493-498-501,2,-0.4100666074837258,0.4100666074837258,WOWWWWWW,WOWOWOOW
1,ddelta,493,498,501,493-498-501,3,2.4420667410945116,2.4420667410945116,OOWWWWWW,OOWOWOOW
1,ddelta,493,498,501,493-498-501,4,1.842475466258235,1.842475466258235,WWOWWWWW,WWOOWOOW
1,ddelta,493,498,501,493-498-501,5,-3.588970525614136,3.588970525614136,OWOWWWWW,OWOOWOOW
1,ddelta,493,498,501,493-498-501,6,1.9038507364650419,1.9038507364650419,WOOWWWWW,WOOOWOOW
1,ddelta,493,498,501,493-498-501,7,-0.822251866138624,0.822251866138624,OOOWWWWW,OOOOWOOW
1,ddelta,493,498,501,493-498-501,8,-0.5555878023049088,0.5555878023049088,WWWWOWWW,WWWOOOOW
1,ddelta,493,498,501,493-498-501,9,-1.2023487460576021,1.2023487460576021,OWWWOWWW,OWWOOOOW
1,ddelta,493,498,501,493-498-501,10,-1.5456171143586663,1.5456171143586663,WOWWOWWW,WOWOOOOW
1,ddelta,493,498,501,493-498-501,11,2.776063929320829,2.776063929320829,OOWWOWWW,OOWOOOOW
1,ddelta,493,498,501,493-498-501,12,-3.8233192879267754,3.8233192879267754,WWOWOWWW,WWOOOOOW
1,ddelta,493,498,501,493-498-501,13,2.730310990614022,2.730310990614022,OWOWOWWW,OWOOOOOW
1,ddelta,493,498,501,493-498-501,14,-3.2030094472141206,3.2030094472141206,WOOWOWWW,WOOOOOOW
1,ddelta,493,498,501,493-498-501,15,1.813040710987441,1.813040710987441,OOOWOWWW,OOOOOOOW
1,ddelta,493,498,501,493-498-501,16,1.7357941569768691,1.7357941569768691,WWWWWWWO,WWWOWOOO
1,ddelta,493,498,501,493-498-501,17,-3.133810544125751,3.133810544125751,OWWWWWWO,OWWOWOOO
1,ddelta,493,498,501,493-498-501,18,-2.6636260475307583,2.6636260475307583,WOWWWWWO,WOWOWOOO
1,ddelta,493,498,501,493-498-501,19,-1.3372086475929648,1.3372086475929648,OOWWWWWO,OOWOWOOO
1,ddelta,493,498,501,493-498-501,20,-3.2616331580413664,3.2616331580413664,WWOWWWWO,WWOOWOOO
1,ddelta,493,498,501,493-498-501,21,0.49267771805551286,0.49267771805551286,OWOWWWWO,OWOOWOOO
1,ddelta,493,498,501,493-498-501,22,1.6489403373280902,1.6489403373280902,WOOWWWWO,WOOOWOOO
1,ddelta,493,498,501,493-498-501,23,-2.059915137004657,2.059915137004657,OOOWWWWO,OOOOWOOO
1,ddelta,493,498,501,493-498-501,24,5.299152360558137,5.299152360558137,WWWWOWWO,WWWOOOOO
1,ddelta,493,498,501,493-498-501,25,-4.402810458052535,4.402810458052535,OWWWOWWO,OWWOOOOO
1,ddelta,493,498,501,493-498-501,26,1.6102717090244367,1.6102717090244367,WOWWOWWO,WOWOOOOO
1,ddelta,493,498,501,493-498-501,27,-0.42039548788983405,0.42039548788983405,OOWWOWWO,OOWOOOOO
1,ddelta,493,498,501,493-498-501,28,-6.494341281660279,6.494341281660279,WWOWOWWO,WWOOOOOO
1,ddelta,493,498,501,493-498-501,29,0.17661207097088893,0.17661207097088893,OWOWOWWO,OWOOOOOO
1,ddelta,493,498,501,493-498-501,30,-2.0963752822326835,2.0963752822326835,WOOWOWWO,WOOOOOOO
1,ddelta,493,498,501,493-498-501,31,6.354518113610592,6.354518113610592,OOOWOWWO,OOOOOOOO
1,ddelta,493,498,505,493-498-505,0,-0.45711277376730836,0.45711277376730836,WWWWWWWW,WWWOWOWO
1,ddelta,493,498,505,493-498-505,1,2.6403037656078743,2.6403037656078743,OWWWWWWW,OWWOWOWO
1,ddelta,493,498,505,493-498-505,2,2.191437112226364,2.191437112226364,WOWWWWWW,WOWOWOWO
1,ddelta,493,498,505,493-498-505,3,2.6611377313596516,2.6611377313596516,OOWWWWWW,OOWOWOWO
1,ddelta,493,498,505,493-498-505,4,3.796198241364749,3.796198241364749,WWOWWWWW,WWOOWOWO
1,ddelta,493,498,505,493-498-505,5,-5.879435694401796,5.879435694401796,OWOWWWWW,OWOOWOWO
1,ddelta,493,498,505,493-498-505,6,2.312274756483829,2.312274756483829,WOOWWWWW,WOOOWOWO
1,ddelta,493,498,505,493-498-505,7,1.9036228361054106,1.9036228361054106,OOOWWWWW,OOOOWOWO
1,ddelta,493,498,505,493-498-505,8,-3.8870293637966835,3.8870293637966835,WWWWOWWW,WWWOOOWO
1,ddelta,493,498,505,493-498-505,9,3.94739807699059,3.94739807699059,OWWWOWWW,OWWOOOWO
1,ddelta,493,498,505,493-498-505,10,-1.9280826698712878,1.9280826698712878,WOWWOWWW,WOWOOOWO
1,ddelta,493,498,505,493-498-505,11,0.8500164833025003,0.8500164833025003,OOWWOWWW,OOWOOOWO
1,ddelta,493,498,505,493-498-505,12,-0.10760610407763727,0.10760610407763727,WWOWOWWW,WWOOOOWO
1,ddelta,493,498,505,493-498-505,13,2.9944942792183014,2.9944942792183014,OWOWOWWW,OWOOOOWO
1,ddelta,493,498,505,493-498-505,14,-2.4829426594435136,2.4829426594435136,WOOWOWWW,WOOOOOWO
1,ddelta,493,498,505,493-498-505,15,2.2623244113407197,2.2623244113407197,OOOWOWWW,OOOOOOWO
1,ddelta,493,498,505,493-498-505,16,-1.2311475128321812,1.2311475128321812,WWWWWWOW,WWWOWOOO
1,ddelta,493,498,505,493-498-505,17,-2.126157924179601,2.126157924179601,OWWWWWOW,OWWOWOOO
1,ddelta,493,498,505,493-498-505,18,-0.06212232782066951,0.06212232782066951,WOWWWWOW,WOWOWOOO
1,ddelta,493,498,505,493-498-505,19,-1.1181376573278248,1.1181376573278248,OOWWWWOW,OOWOWOOO
1,ddelta,493,498,505,493-498-505,20,-1.3079103829348517,1.3079103829348517,WWOWWWOW,WWOOWOOO
1,ddelta,493,498,505,493-498-505,21,-1.7977874507321463,1.7977874507321463,OWOWWWOW,OWOOWOOO
1,ddelta,493,498,505,493-498-505,22,2.0573643573468776,2.0573643573468776,WOOWWWOW,WOOOWOOO
1,ddelta,493,498,505,493-498-505,23,0.6659595652393769,0.6659595652393769,OOOWWWOW,OOOOWOOO
1,ddelta,493,498,505,493-498-505,24,1.9677107990663631,1.9677107990663631,WWWWOWOW,WWWOOOOO
1,ddelta,493,498,505,493-498-505,25,0.7469363649956595,0.7469363649956595,OWWWOWOW,OWWOOOOO
1,ddelta,493,498,505,493-498-505,26,1.227806153511815,1.227806153511815,WOWWOWOW,WOWOOOOO
1,ddelta,493,498,505,493-498-505,27,-2.3464429339081634,2.3464429339081634,OOWWOWOW,OOWOOOOO
1,ddelta,493,498,505,493-498-505,28,-2.7786280978111404,2.7786280978111404,WWOWOWOW,WWOOOOOO
1,ddelta,493,498,505,493-498-505,29,0.4407953595751682,0.4407953595751682,OWOWOWOW,OWOOOOOO
1,ddelta,493,498,505,493-498-505,30,-1.3763084944620778,1.3763084944620778,WOOWOWOW,WOOOOOOO
1,ddelta,493,498,505,493-498-505,31,6.8038018139638705,6.8038018139638705,OOOWOWOW,OOOOOOOO
1,ddelta,493,501,505,493-501-505,0,0.24292985618877966,0.24292985618877966,WWWWWWWW,WWWOWWOO
1,ddelta,493,501,505,493-501-505,1,0.9756331605294896,0.9756331605294896,OWWWWWWW,OWWOWWOO
1,ddelta,493,501,505,493-501-505,2,3.4595484102148157,3.4595484102148157,WOWWWWWW,WOWOWWOO
1,ddelta,493,501,505,493-501-505,3,-1.0745764050852804,1.0745764050852804,OOWWWWWW,OOWOWWOO
1,ddelta,493,501,505,493-501-505,4,4.770018774022603,4.770018774022603,WWOWWWWW,WWOOWWOO
1,ddelta,493,501,505,493-501-505,5,-2.151521792920245,2.151521792920245,OWOWWWWW,OWOOWWOO
1,ddelta,493,501,505,493-501-505,6,-0.598377979114262,0.598377979114262,WOOWWWWW,WOOOWWOO
1,ddelta,493,501,505,493-501-505,7,3.151589199810306,3.151589199810306,OOOWWWWW,OOOOWWOO
1,ddelta,493,501,505,493-501-505,8,-4.105159296797016,4.105159296797016,WWWWOWWW,WWWOOWOO
1,ddelta,493,501,505,493-501-505,9,-1.032239976777214,1.032239976777214,OWWWOWWW,OWWOOWOO
1,ddelta,493,501,505,493-501-505,10,-5.617305348070384,5.617305348070384,WOWWOWWW,WOWOOWOO
1,ddelta,493,501,505,493-501-505,11,-0.5545529610758793,0.5545529610758793,OOWWOWWW,OOWOOWOO
1,ddelta,493,501,505,493-501-505,12,2.7825928967092413,2.7825928967092413,WWOWOWWW,WWOOOWOO
1,ddelta,493,501,505,493-501-505,13,-0.8241234210874007,0.8241234210874007,OWOWOWWW,OWOOOWOO
1,ddelta,493,501,505,493-501-505,14,-3.839266522974804,3.839266522974804,WOOWOWWW,WOOOOWOO
1,ddelta,493,501,505,493-501-505,15,-3.79498143289154,3.79498143289154,OOOWOWWW,OOOOOWOO
1,ddelta,493,501,505,493-501-505,16,-0.5311048828760929,0.5311048828760929,WWWWWOWW,WWWOWOOO
1,ddelta,493,501,505,493-501-505,17,-3.790828529257986,3.790828529257986,OWWWWOWW,OWWOWOOO
1,ddelta,493,501,505,493-501-505,18,1.2059889701677813,1.2059889701677813,WOWWWOWW,WOWOWOOO
1,ddelta,493,501,505,493-501-505,19,-4.853851793772757,4.853851793772757,OOWWWOWW,OOWOWOOO
1,ddelta,493,501,505,493-501-505,20,-0.3340898502769978,0.3340898502769978,WWOWWOWW,WWOOWOOO
1,ddelta,493,501,505,493-501-505,21,1.9301264507494034,1.9301264507494034,OWOWWOWW,OWOOWOOO
1,ddelta,493,501,505,493-501-505,22,-0.8532883782512128,0.8532883782512128,WOOWWOWW,WOOOWOOO
1,ddelta,493,501,505,493-501-505,23,1.9139259289442725,1.9139259289442725,OOOWWOWW,OOOOWOOO
1,ddelta,493,501,505,493-501-505,24,1.74958086606603,1.74958086606603,WWWWOOWW,WWWOOOOO
1,ddelta,493,501,505,493-501-505,25,-4.2327016887721465,4.2327016887721465,OWWWOOWW,OWWOOOOO
1,ddelta,493,501,505,493-501-505,26,-2.461416524687281,2.461416524687281,WOWWOOWW,WOWOOOOO
1,ddelta,493,501,505,493-501-505,27,-3.7510123782865437,3.7510123782865437,OOWWOOWW,OOWOOOOO
1,ddelta,493,501,505,493-501-505,28,0.11157090297573902,0.11157090297573902,WWOWOOWW,WWOOOOOO
1,ddelta,493,501,505,493-501-505,29,-3.3778223407305354,3.3778223407305354,OWOWOOWW,OWOOOOOO
1,ddelta,493,501,505,493-501-505,30,-2.7326323579933676,2.7326323579933676,WOOWOOWW,WOOOOOOO
1,ddelta,493,501,505,493-501-505,31,0.7464959697316109,0.7464959697316109,OOOWOOWW,OOOOOOOO
1,ddelta,496,498,501,496-498-501,0,-1.8357117498480273,1.8357117498480273,WWWWWWWW,WWWWOOOW
1,ddelta,496,498,501,496-498-501,1,1.0785425436002127,1.0785425436002127,OWWWWWWW,OWWWOOOW
1,ddelta,496,498,501,496-498-501,2,-1.9251825714006399,1.9251825714006399,WOWWWWWW,WOWWOOOW
1,ddelta,496,498,501,496-498-501,3,-2.652892848391793,2.652892848391793,OOWWWWWW,OOWWOOOW
1,ddelta,496,498,501,496-498-501,4,1.84238648480929,1.84238648480929,WWOWWWWW,WWOWOOOW
1,ddelta,496,498,501,496-498-501,5,-4.561302959126998,4.561302959126998,OWOWWWWW,OWOWOOOW
1,ddelta,496,498,501,496-498-501,6,2.7682382282463025,2.7682382282463025,WOOWWWWW,WOOWOOOW
1,ddelta,496,498,501,496-498-501,7,-2.4988113611494382,2.4988113611494382,OOOWWWWW,OOOWOOOW
1,ddelta,496,498,501,496-498-501,8,-4.901128448194678,4.901128448194678,WWWOWWWW,WWWOOOOW
1,ddelta,496,498,501,496-498-501,9,-1.7564573481191144,1.7564573481191144,OWWOWWWW,OWWOOOOW
1,ddelta,496,498,501,496-498-501,10,-3.06073307827558,3.06073307827558,WOWOWWWW,WOWOOOOW
1,ddelta,496,498,501,496-498-501,11,-2.318895660165475,2.318895660165475,OOWOWWWW,OOWOOOOW
1,ddelta,496,498,501,496-498-501,12,-3.8234082693757205,3.8234082693757205,WWOOWWWW,WWOOOOOW
1,ddelta,496,498,501,496-498-501,13,1.757978557101162,1.757978557101162,OWOOWWWW,OWOOOOOW
1,ddelta,496,498,501,496-498-501,14,-2.338621955432858,2.338621955432858,WOOOWWWW,WOOOOOOW
1,ddelta,496,498,501,496-498-501,15,0.1364812159766272,0.1364812159766272,OOOOWWWW,OOOOOOOW
1,ddelta,496,498,501,496-498-501,16,-6.618361528358622,6.618361528358622,WWWWWWWO,WWWWOOOO
1,ddelta,496,498,501,496-498-501,17,1.1470448920443514,1.1470448920443514,OWWWWWWO,OWWWOOOO
1,ddelta,496,498,501,496-498-501,18,-2.0566849376390235,2.0566849376390235,WOWWWWWO,WOWWOOOO
1,ddelta,496,498,501,496-498-501,19,0.01947508531647202,0.01947508531647202,OOWWWWWO,OOWWOOOO
1,ddelta,496,498,501,496-498-501,20,-2.5478573664569852,2.5478573664569852,WWOWWWWO,WWOWOOOO
1,ddelta,496,498,501,496-498-501,21,0.7133323818829225,0.7133323818829225,OWOWWWWO,OWOWOOOO
1,ddelta,496,498,501,496-498-501,22,-2.1200012761097535,2.1200012761097535,WOOWWWWO,WOOWOOOO
1,ddelta,496,498,501,496-498-501,23,-7.113745208754453,7.113745208754453,OOOWWWWO,OOOWOOOO
1,ddelta,496,498,501,496-498-501,24,-3.0550033247773523,3.0550033247773523,WWWOWWWO,WWWOOOOO
1,ddelta,496,498,501,496-498-501,25,-0.12195502188243124,0.12195502188243124,OWWOWWWO,OWWOOOOO
1,ddelta,496,498,501,496-498-501,26,2.217212818916172,2.217212818916172,WOWOWWWO,WOWOOOOO
1,ddelta,496,498,501,496-498-501,27,0.9362882450196031,0.9362882450196031,OOWOWWWO,OOWOOOOO
1,ddelta,496,498,501,496-498-501,28,-5.780565490075899,5.780565490075899,WWOOWWWO,WWOOOOOO
1,ddelta,496,498,501,496-498-501,29,0.3972667347982979,0.3972667347982979,OWOOWWWO,OWOOOOOO
1,ddelta,496,498,501,496-498-501,30,-5.865316895670528,5.865316895670528,WOOOWWWO,WOOOOOOO
1,ddelta,496,498,501,496-498-501,31,1.3006880418607953,1.3006880418607953,OOOOWWWO,OOOOOOOO
1,ddelta,496,498,505,496-498-505,0,3.0293324771911947,3.0293324771911947,WWWWWWWW,WWWWOOWO
1,ddelta,496,498,505,496-498-505,1,0.13829471661001494,0.13829471661001494,OWWWWWWW,OWWWOOWO
1,ddelta,496,498,505,496-498-505,2,0.22231130996131498,0.22231130996131498,WOWWWWWW,WOWWOOWO
1,ddelta,496,498,505,496-498-505,3,-0.026863479538517865,0.026863479538517865,OOWWWWWW,OOWWOOWO
1,ddelta,496,498,505,496-498-505,4,2.3806031332238407,2.3806031332238407,WWOWWWWW,WWOWOOWO
1,ddelta,496,498,505,496-498-505,5,-4.830534803014409,4.830534803014409,OWOWWWWW,OWOWOOWO
1,ddelta,496,498,505,496-498-505,6,7.392304695211346,7.392304695211346,WOOWWWWW,WOOWOOWO
1,ddelta,496,498,505,496-498-505,7,1.049507901060537,1.049507901060537,OOOWWWWW,OOOWOOWO
1,ddelta,496,498,505,496-498-505,8,-0.40058411283817974,0.40058411283817974,WWWOWWWW,WWWOOOWO
1,ddelta,496,498,505,496-498-505,9,1.445389027992731,1.445389027992731,OWWOWWWW,OWWOOOWO
1,ddelta,496,498,505,496-498-505,10,-3.897208472136336,3.897208472136336,WOWOWWWW,WOWOOOWO
1,ddelta,496,498,505,496-498-505,11,-1.8379847275956698,1.8379847275956698,OOWOWWWW,OOWOOOWO
1,ddelta,496,498,505,496-498-505,12,-1.523201212218545,1.523201212218545,WWOOWWWW,WWOOOOWO
1,ddelta,496,498,505,496-498-505,13,4.04339517060569,4.04339517060569,OWOOWWWW,OWOOOOWO
1,ddelta,496,498,505,496-498-505,14,2.5970872792840023,2.5970872792840023,WOOOWWWW,WOOOOOWO
1,ddelta,496,498,505,496-498-505,15,1.4082094762958457,1.4082094762958457,OOOOWWWW,OOOOOOWO
1,ddelta,496,498,505,496-498-505,16,-1.7533173013193992,1.7533173013193992,WWWWWWOW,WWWWOOOO
1,ddelta,496,498,505,496-498-505,17,0.20679706505415418,0.20679706505415418,OWWWWWOW,OWWWOOOO
1,ddelta,496,498,505,496-498-505,18,0.09080894372293191,0.09080894372293191,WOWWWWOW,WOWWOOOO
1,ddelta,496,498,505,496-498-505,19,2.6455044541697474,2.6455044541697474,OOWWWWOW,OOWWOOOO
1,ddelta,496,498,505,496-498-505,20,-2.0096407180424336,2.0096407180424336,WWOWWWOW,WWOWOOOO
1,ddelta,496,498,505,496-498-505,21,0.4441005379955112,0.4441005379955112,OWOWWWOW,OWOWOOOO
1,ddelta,496,498,505,496-498-505,22,2.5040651908552887,2.5040651908552887,WOOWWWOW,WOOWOOOO
1,ddelta,496,498,505,496-498-505,23,-3.565425946544479,3.565425946544479,OOOWWWOW,OOOWOOOO
1,ddelta,496,498,505,496-498-505,24,1.445541010579145,1.445541010579145,WWWOWWOW,WWWOOOOO
1,ddelta,496,498,505,496-498-505,25,3.0798913542294155,3.0798913542294155,OWWOWWOW,OWWOOOOO
1,ddelta,496,498,505,496-498-505,26,1.3807374250554165,1.3807374250554165,WOWOWWOW,WOWOOOOO
1,ddelta,496,498,505,496-498-505,27,1.4171991775894086,1.4171991775894086,OOWOWWOW,OOWOOOOO
1,ddelta,496,498,505,496-498-505,28,-3.480358432918722,3.480358432918722,WWOOWWOW,WWOOOOOO
1,ddelta,496,498,505,496-498-505,29,2.682683348302825,2.682683348302825,OWOOWWOW,OWOOOOOO
1,ddelta,496,498,505,496-498-505,30,-0.9296076609536669,0.9296076609536669,WOOOWWOW,WOOOOOOO
1,ddelta,496,498,505,496-498-505,31,2.5724163021800144,2.5724163021800144,OOOOWWOW,OOOOOOOO
1,ddelta,496,501,505,496-501-505,0,1.4931326395266882,1.4931326395266882,WWWWWWWW,WWWWOWOO
1,ddelta,496,501,505,496-501-505,1,0.21202665634395826,0.21202665634395826,OWWWWWWW,OWWWOWOO
1,ddelta,496,501,505,496-501-505,2,0.9340849372004276,0.9340849372004276,WOWWWWWW,WOWWOWOO
1,ddelta,496,501,505,496-501-505,3,-1.3966884339762036,1.3966884339762036,OOWWWWWW,OOWWOWOO
1,ddelta,496,501,505,496-501-505,4,2.0845567152689326,2.0845567152689326,WWOWWWWW,WWOWOWOO
1,ddelta,496,501,505,496-501-505,5,-5.070713543315501,5.070713543315501,OWOWWWWW,OWOWOWOO
1,ddelta,496,501,505,496-501-505,6,0.40603093315383076,0.40603093315383076,WOOWWWWW,WOOWOWOO
1,ddelta,496,501,505,496-501-505,7,3.888533169534179,3.888533169534179,OOOWWWWW,OOOWOWOO
1,ddelta,496,501,505,496-501-505,8,-2.8549565134591077,2.8549565134591077,WWWOWWWW,WWWOOWOO
1,ddelta,496,501,505,496-501-505,9,-1.795846480962745,1.795846480962745,OWWOWWWW,OWWOOWOO
1,ddelta,496,501,505,496-501-505,10,-8.14276882108477,8.14276882108477,WOWOWWWW,WOWOOWOO
1,ddelta,496,501,505,496-501-505,11,-0.8766649899668022,0.8766649899668022,OOWOWWWW,OOWOOWOO
1,ddelta,496,501,505,496-501-505,12,0.09713083795557043,0.09713083795557043,WWOOWWWW,WWOOOWOO
1,ddelta,496,501,505,496-501-505,13,-3.743315171482657,3.743315171482657,OWOOWWWW,OWOOOWOO
1,ddelta,496,501,505,496-501-505,14,-2.8348576107067114,2.8348576107067114,WOOOWWWW,WOOOOWOO
1,ddelta,496,501,505,496-501-505,15,-3.0580374631676666,3.0580374631676666,OOOOWWWW,OOOOOWOO
1,ddelta,496,501,505,496-501-505,16,-3.289517138983906,3.289517138983906,WWWWWOWW,WWWWOOOO
1,ddelta,496,501,505,496-501-505,17,0.2805290047880977,0.2805290047880977,OWWWWOWW,OWWWOOOO
1,ddelta,496,501,505,496-501-505,18,0.8025825709620439,0.8025825709620439,WOWWWOWW,WOWWOOOO
1,ddelta,496,501,505,496-501-505,19,1.2756794997320617,1.2756794997320617,OOWWWOWW,OOWWOOOO
1,ddelta,496,501,505,496-501-505,20,-2.305687135997342,2.305687135997342,WWOWWOWW,WWOWOOOO
1,ddelta,496,501,505,496-501-505,21,0.20392179769441832,0.20392179769441832,OWOWWOWW,OWOWOOOO
1,ddelta,496,501,505,496-501-505,22,-4.482208571202225,4.482208571202225,WOOWWOWW,WOOWOOOO
1,ddelta,496,501,505,496-501-505,23,-0.726400678070837,0.726400678070837,OOOWWOWW,OOOWOOOO
1,ddelta,496,501,505,496-501-505,24,-1.0088313900417827,1.0088313900417827,WWWOWOWW,WWWOOOOO
1,ddelta,496,501,505,496-501-505,25,-0.16134415472606167,0.16134415472606167,OWWOWOWW,OWWOOOOO
1,ddelta,496,501,505,496-501-505,26,-2.8648229238930187,2.8648229238930187,WOWOWOWW,WOWOOOOO
1,ddelta,496,501,505,496-501-505,27,2.378518915218276,2.378518915218276,OOWOWOWW,OOWOOOOO
1,ddelta,496,501,505,496-501-505,28,-1.8600263827446053,1.8600263827446053,WWOOWOWW,WWOOOOOO
1,ddelta,496,501,505,496-501-505,29,-5.104026993785522,5.104026993785522,OWOOWOWW,OWOOOOOO
1,ddelta,496,501,505,496-501-505,30,-6.361552550944382,6.361552550944382,WOOOWOWW,WOOOOOOO
1,ddelta,496,501,505,496-501-505,31,-1.8938306372834979,1.8938306372834979,OOOOWOWW,OOOOOOOO
1,ddelta,498,501,505,498-501-505,0,-0.7541498223319199,0.7541498223319199,WWWWWWWW,WWWWWOOO
1,ddelta,498,501,505,498-501-505,1,2.208135725192701,2.208135725192701,OWWWWWWW,OWWWWOOO
1,ddelta,498,501,505,498-501-505,2,-0.9026525709862352,0.9026525709862352,WOWWWWWW,WOWWWOOO
1,ddelta,498,501,505,498-501-505,3,-1.1765856375441694,1.1765856375441694,OOWWWWWW,OOWWWOOO
1,ddelta,498,501,505,498-501-505,4,2.061116271563934,2.061116271563934,WWOWWWWW,WWOWWOOO
1,ddelta,498,501,505,498-501-505,5,-1.9215977089043101,1.9215977089043101,OWOWWWWW,OWOWWOOO
1,ddelta,498,501,505,498-501-505,6,0.1251465753745957,0.1251465753745957,WOOWWWWW,WOOWWOOO
1,ddelta,498,501,505,498-501-505,7,-0.775151246024314,0.775151246024314,OOOWWWWW,OOOWWOOO
1,ddelta,498,501,505,498-501-505,8,-1.5281845613967924,1.5281845613967924,WWWOWWWW,WWWOWOOO
1,ddelta,498,501,505,498-501-505,9,-2.558325964594775,2.558325964594775,OWWOWWWW,OWWOWOOO
1,ddelta,498,501,505,498-501-505,10,-3.156212011033268,3.156212011033268,WOWOWWWW,WOWOWOOO
1,ddelta,498,501,505,498-501-505,11,-4.955861026231646,4.955861026231646,OOWOWWWW,OOWOWOOO
1,ddelta,498,501,505,498-501-505,12,-3.0429923527356664,3.0429923527356664,WWOOWWWW,WWOOWOOO
1,ddelta,498,501,505,498-501-505,13,2.1600505347653387,2.1600505347653387,OWOOWWWW,OWOOWOOO
1,ddelta,498,501,505,498-501-505,14,-0.1297638237623555,0.1297638237623555,WOOOWWWW,WOOOWOOO
1,ddelta,498,501,505,498-501-505,15,-2.0128145168903475,2.0128145168903475,OOOOWWWW,OOOOWOOO
1,ddelta,498,501,505,498-501-505,16,-5.536799600842514,5.536799600842514,WWWWOWWW,WWWWOOOO
1,ddelta,498,501,505,498-501-505,17,2.27663807363684,2.27663807363684,OWWWOWWW,OWWWOOOO
1,ddelta,498,501,505,498-501-505,18,-1.0341549372246186,1.0341549372246186,WOWWOWWW,WOWWOOOO
1,ddelta,498,501,505,498-501-505,19,1.4957822961640959,1.4957822961640959,OOWWOWWW,OOWWOOOO
1,ddelta,498,501,505,498-501-505,20,-2.32912757970234,2.32912757970234,WWOWOWWW,WWOWOOOO
1,ddelta,498,501,505,498-501-505,21,3.3530376321056092,3.3530376321056092,OWOWOWWW,OWOWOOOO
1,ddelta,498,501,505,498-501-505,22,-4.763092928981461,4.763092928981461,WOOWOWWW,WOOWOOOO
1,ddelta,498,501,505,498-501-505,23,-5.390085093629329,5.390085093629329,OOOWOWWW,OOOWOOOO
1,ddelta,498,501,505,498-501-505,24,0.31794056202053245,0.31794056202053245,WWWOOWWW,WWWOOOOO
1,ddelta,498,501,505,498-501-505,25,-0.9238236383580922,0.9238236383580922,OWWOOWWW,OWWOOOOO
1,ddelta,498,501,505,498-501-505,26,2.1217338861584842,2.1217338861584842,WOWOOWWW,WOWOOOOO
1,ddelta,498,501,505,498-501-505,27,-1.7006771210465677,1.7006771210465677,OOWOOWWW,OOWOOOOO
1,ddelta,498,501,505,498-501-505,28,-5.000149573435844,5.000149573435844,WWOOOWWW,WWOOOOOO
1,ddelta,498,501,505,498-501-505,29,0.7993387124624747,0.7993387124624747,OWOOOWWW,OWOOOOOO
1,ddelta,498,501,505,498-501-505,30,-3.656458764000024,3.656458764000024,WOOOOWWW,WOOOOOOO
1,ddelta,498,501,505,498-501-505,31,-0.8486076910061793,0.8486076910061793,OOOOOWWW,OOOOOOOO
2,ddelta,477,478,484,477-478-484,0,-0.2538709426272032,0.2538709426272032,WWWWWWWW,OOOWWWWW
2,ddelta,477,478,484,477-478-484,1,1.2860507772028198,1.2860507772028198,WWWOWWWW,OOOOWWWW
2,ddelta,477,478,484,477-478-484,2,-1.2533161721403003,1.2533161721403003,WWWWOWWW,OOOWOWWW
2,ddelta,477,478,484,477-478-484,3,2.0843991520924083,2.0843991520924083,WWWOOWWW,OOOOOWWW
2,ddelta,477,478,484,477-478-484,4,-2.9859327635750255,2.9859327635750255,WWWWWOWW,OOOWWOWW
2,ddelta,477,478,484,477-478-484,5,-0.890627812944724,0.890627812944724,WWWOWOWW,OOOOWOWW
2,ddelta,477,478,484,477-478-484,6,0.9784176681531358,0.9784176681531358,WWWWOOWW,OOOWOOWW
2,ddelta,477,478,484,477-478-484,7,-2.347468896778684,2.347468896778684,WWWOOOWW,OOOOOOWW
2,ddelta,477,478,484,477-478-484,8,-1.8260038306960342,1.8260038306960342,WWWWWWOW,OOOWWWOW
2,ddelta,477,478,484,477-478-484,9,-0.6499412996617003,0.6499412996617003,WWWOWWOW,OOOOWWOW
2,ddelta,477,478,484,477-478-484,10,1.1904683313763085,1.1904683313763085,WWWWOWOW,OOOWOWOW
2,ddelta,477,478,484,477-478-484,11,-2.755188154703319,2.755188154703319,WWWOOWOW,OOOOOWOW
2,ddelta,477,478,484,477-478-484,12,-1.2709439225218109,1.2709439225218109,WWWWWOOW,OOOWWOOW
2,ddelta,477,478,484,477-478-484,13,2.142638788741425,2.142638788741425,WWWOWOOW,OOOOWOOW
2,ddelta,477,478,484,477-478-484,14,3.3073767954357334,3.3073767954357334,WWWWOOOW,OOOWOOOW
2,ddelta,477,478,484,477-478-484,15,4.622475466193043,4.622475466193043,WWWOOOOW,OOOOOOOW
2,ddelta,477,478,484,477-478-484,16,-2.194647558334598,2.194647558334598,WWWWWWWO,OOOWWWWO
2,ddelta,477,478,484,477-478-484,17,0.9783368608896765,0.9783368608896765,WWWOWWWO,OOOOWWWO
2,ddelta,477,478,484,477-478-484,18,-2.2011800711113043,2.2011800711113043,WWWWOWWO,OOOWOWWO
2,ddelta,477,478,484,477-478-484,19,2.359477945433819,2.359477945433819,WWWOOWWO,OOOOOWWO
2,ddelta,477,478,484,477-478-484,20,1.2977858152033166,1.2977858152033166,WWWWWOWO,OOOWWOWO
2,ddelta,477,478,484,477-478-484,21,-1.270577354541472,1.270577354541472,WWWOWOWO,OOOOWOWO
2,ddelta,477,478,484,477-478-484,22,-1.578052517508428,1.578052517508428,WWWWOOWO,OOOWOOWO
2,ddelta,477,478,484,477-478-484,23,-0.4964573634972531,0.4964573634972531,WWWOOOWO,OOOOOOWO
2,ddelta,477,478,484,477-478-484,24,1.9868208480229348,1.9868208480229348,WWWWWWOO,OOOWWWOO
2,ddelta,477,478,484,477-478-484,25,0.9496856680848336,0.9496856680848336,WWWOWWOO,OOOOWWOO
2,ddelta,477,478,484,477-478-484,26,0.016048087565716962,0.016048087565716962,WWWWOWOO,OOOWOWOO
2,ddelta,477,478,484,477-478-484,27,4.067029990265069,4.067029990265069,WWWOOWOO,OOOOOWOO
2,ddelta,477,478,484,477-478-484,28,1.5581445458912986,1.5581445458912986,WWWWWOOO,OOOWWOOO
2,ddelta,477,478,484,477-478-484,29,2.281960590674442,2.281960590674442,WWWOWOOO,OOOOWOOO
2,ddelta,477,478,484,477-478-484,30,4.462671357331093,4.462671357331093,WWWWOOOO,OOOWOOOO
2,ddelta,477,478,484,477-478-484,31,-0.022865593396505624,0.022865593396505624,WWWOOOOO,OOOOOOOO
2,ddelta,477,478,493,477-478-493,0,-1.2478868843192785,1.2478868843192785,WWWWWWWW,OOWOWWWW
2,ddelta,477,478,493,477-478-493,1,0.2920348355107447,0.2920348355107447,WWOWWWWW,OOOOWWWW
2,ddelta,477,478,493,477-478-493,2,-3.8837052217187114,3.8837052217187114,WWWWOWWW,OOWOOWWW
2,ddelta,477,478,493,477-478-493,3,-0.5459898974860025,0.5459898974860025,WWOWOWWW,OOOOOWWW
2,ddelta,477,478,493,477-478-493,4,-1.5135771650917753,1.5135771650917753,WWWWWOWW,OOWOWOWW
2,ddelta,477,478,493,477-478-493,5,0.5817277855385248,0.5817277855385248,WWOWWOWW,OOOOWOWW
2,ddelta,477,478,493,477-478-493,6,3.2890857982530606,3.2890857982530606,WWWWOOWW,OOWOOOWW
2,ddelta,477,478,493,477-478-493,7,-0.03680076667875909,0.03680076667875909,WWOWOOWW,OOOOOOWW
2,ddelta,477,478,493,477-478-493,8,-0.6270699539027492,0.6270699539027492,WWWWWWOW,OOWOWWOW
2,ddelta,477,478,493,477-478-493,9,0.5489925771315846,0.5489925771315846,WWOWWWOW,OOOOWWOW
2,ddelta,477,478,493,477-478-493,10,3.833395194816541,3.833395194816541,WWWWOWOW,OOWOOWOW
2,ddelta,477,478,493,477-478-493,11,-0.1122612912630867,0.1122612912630867,WWOWOWOW,OOOOOWOW
2,ddelta,477,478,493,477-478-493,12,-1.377086580955432,1.377086580955432,WWWWWOOW,OOWOWOOW
2,ddelta,477,478,493,477-478-493,13,2.0364961303078033,2.0364961303078033,WWOWWOOW,OOOOWOOW
2,ddelta,477,478,493,477-478-493,14,0.6247223005241921,0.6247223005241921,WWWWOOOW,OOWOOOOW
2,ddelta,477,478,493,477-478-493,15,1.939820971281502,1.939820971281502,WWOWOOOW,OOOOOOOW
2,ddelta,477,478,493,477-478-493,16,-2.1797417703006094,2.1797417703006094,WWWWWWWO,OOWOWWWO
2,ddelta,477,478,493,477-478-493,17,0.9932426489236652,0.9932426489236652,WWOWWWWO,OOOOWWWO
2,ddelta,477,478,493,477-478-493,18,3.174365497848039,3.174365497848039,WWWWOWWO,OOWOOWWO
2,ddelta,477,478,493,477-478-493,19,7.735023514393163,7.735023514393163,WWOWOWWO,OOOOOWWO
2,ddelta,477,478,493,477-478-493,20,-0.03817017897894481,0.03817017897894481,WWWWWOWO,OOWOWOWO
2,ddelta,477,478,493,477-478-493,21,-2.606533348723734,2.606533348723734,WWOWWOWO,OOOOWOWO
2,ddelta,477,478,493,477-478-493,22,0.6265339537890737,0.6265339537890737,WWWWOOWO,OOWOOOWO
2,ddelta,477,478,493,477-478-493,23,1.7081291078002478,1.7081291078002478,WWOWOOWO,OOOOOOWO
2,ddelta,477,478,493,477-478-493,24,0.7484547311758382,0.7484547311758382,WWWWWWOO,OOWOWWOO
2,ddelta,477,478,493,477-478-493,25,-0.2886804487622631,0.2886804487622631,WWOWWWOO,OOOOWWOO
2,ddelta,477,478,493,477-478-493,26,-3.1952717008258738,3.1952717008258738,WWWWOWOO,OOWOOWOO
2,ddelta,477,478,493,477-478-493,27,0.8557102018734775,0.8557102018734775,WWOWOWOO,OOOOOWOO
2,ddelta,477,478,493,477-478-493,28,1.3142797865793503,1.3142797865793503,WWWWWOOO,OOWOWOOO
2,ddelta,477,478,493,477-478-493,29,2.0380958313624937,2.0380958313624937,WWOWWOOO,OOOOWOOO
2,ddelta,477,478,493,477-478-493,30,4.087280178878769,4.087280178878769,WWWWOOOO,OOWOOOOO
2,ddelta,477,478,493,477-478-493,31,-0.3982567718488288,0.3982567718488288,WWOWOOOO,OOOOOOOO
2,ddelta,477,478,496,477-478-496,0,-1.2058442020913303,1.2058442020913303,WWWWWWWW,OOWWOWWW
2,ddelta,477,478,496,477-478-496,1,-2.2052894316044274,2.2052894316044274,WWOWWWWW,OOOWOWWW
2,ddelta,477,478,496,477-478-496,2,-3.8416625394907635,3.8416625394907635,WWWOWWWW,OOWOOWWW
2,ddelta,477,478,496,477-478-496,3,-3.043314164601175,3.043314164601175,WWOOWWWW,OOOOOWWW
2,ddelta,477,478,496,477-478-496,4,-2.3467325380596904,2.3467325380596904,WWWWWOWW,OOWWOOWW
2,ddelta,477,478,496,477-478-496,5,1.6176178936684704,1.6176178936684704,WWOWWOWW,OOOWOOWW
2,ddelta,477,478,496,477-478-496,6,2.455930425285146,2.455930425285146,WWWOWOWW,OOWOOOWW
2,ddelta,477,478,496,477-478-496,7,0.9990893414511861,0.9990893414511861,WWOOWOWW,OOOOOOWW
2,ddelta,477,478,496,477-478-496,8,-0.08764413085719813,0.08764413085719813,WWWWWWOW,OOWWOWOW
2,ddelta,477,478,496,477-478-496,9,2.9288280312151445,2.9288280312151445,WWOWWWOW,OOOWOWOW
2,ddelta,477,478,496,477-478-496,10,4.372821017862091,4.372821017862091,WWWOWWOW,OOWOOWOW
2,ddelta,477,478,496,477-478-496,11,2.2675741628204724,2.2675741628204724,WWOOWWOW,OOOOOWOW
2,ddelta,477,478,496,477-478-496,12,-2.6767805391032575,2.6767805391032575,WWWWWOOW,OOWWOOOW
2,ddelta,477,478,496,477-478-496,13,1.9015401788542865,1.9015401788542865,WWOWWOOW,OOOWOOOW
2,ddelta,477,478,496,477-478-496,14,-0.6749716576236328,0.6749716576236328,WWWOWOOW,OOWOOOOW
2,ddelta,477,478,496,477-478-496,15,1.804865019827985,1.804865019827985,WWOOWOOW,OOOOOOOW
2,ddelta,477,478,496,477-478-496,16,-2.19573218661862,2.19573218661862,WWWWWWWO,OOWWOWWO
2,ddelta,477,478,496,477-478-496,17,-2.2022646993953274,2.2022646993953274,WWOWWWWO,OOOWOWWO
2,ddelta,477,478,496,477-478-496,18,3.1583750815300284,3.1583750815300284,WWWOWWWO,OOWOOWWO
2,ddelta,477,478,496,477-478-496,19,4.53951616607417,4.53951616607417,WWOOWWWO,OOOOOWWO
2,ddelta,477,478,496,477-478-496,20,-0.0782124303314502,0.0782124303314502,WWWWWOWO,OOWWOOWO
2,ddelta,477,478,496,477-478-496,21,-2.9540507630431954,2.9540507630431954,WWOWWOWO,OOOWOOWO
2,ddelta,477,478,496,477-478-496,22,0.5864917024365686,0.5864917024365686,WWWOWOWO,OOWOOOWO
2,ddelta,477,478,496,477-478-496,23,1.360611693480787,1.360611693480787,WWOOWOWO,OOOOOOWO
2,ddelta,477,478,496,477-478-496,24,1.2246243354152107,1.2246243354152107,WWWWWWOO,OOWWOWOO
2,ddelta,477,478,496,477-478-496,25,-0.7461484250420073,0.7461484250420073,WWOWWWOO,OOOWOWOO
2,ddelta,477,478,496,477-478-496,26,-2.719102096586502,2.719102096586502,WWWOWWOO,OOWOOWOO
2,ddelta,477,478,496,477-478-496,27,0.398242225593733,0.398242225593733,WWOOWWOO,OOOOOWOO
2,ddelta,477,478,496,477-478-496,28,-2.8111720527312816,2.8111720527312816,WWWWWOOO,OOWWOOOO
2,ddelta,477,478,496,477-478-496,29,0.09335475870851229,0.09335475870851229,WWOWWOOO,OOOWOOOO
2,ddelta,477,478,496,477-478-496,30,-0.038171660431862264,0.038171660431862264,WWWOWOOO,OOWOOOOO
2,ddelta,477,478,496,477-478-496,31,-2.3429978445028095,2.3429978445028095,WWOOWOOO,OOOOOOOO
2,ddelta,477,478,498,477-478-498,0,0.2955624110646875,0.2955624110646875,WWWWWWWW,OOWWWOWW
2,ddelta,477,478,498,477-478-498,1,-2.4364994098831345,2.4364994098831345,WWOWWWWW,OOOWWOWW
2,ddelta,477,478,498,477-478-498,2,0.029872130292190435,0.029872130292190435,WWWOWWWW,OOWOWOWW
2,ddelta,477,478,498,477-478-498,3,-2.1468064598553536,2.1468064598553536,WWOOWWWW,OOOOWOWW
2,ddelta,477,478,498,477-478-498,4,-0.8453259249036724,0.8453259249036724,WWWWOWWW,OOWWOOWW
2,ddelta,477,478,498,477-478-498,5,1.3864079153897637,1.3864079153897637,WWOWOWWW,OOOWOOWW
2,ddelta,477,478,498,477-478-498,6,6.327465095068099,6.327465095068099,WWWOOWWW,OOWOOOWW
2,ddelta,477,478,498,477-478-498,7,1.895597046197008,1.895597046197008,WWOOOWWW,OOOOOOWW
2,ddelta,477,478,498,477-478-498,8,0.8182073658254659,0.8182073658254659,WWWWWWOW,OOWWWOOW
2,ddelta,477,478,498,477-478-498,9,1.3732672739996894,1.3732672739996894,WWOWWWOW,OOOWWOOW
2,ddelta,477,478,498,477-478-498,10,0.06819073877278314,0.06819073877278314,WWWOWWOW,OOWOWOOW
2,ddelta,477,478,498,477-478-498,11,2.860770827175908,2.860770827175908,WWOOWWOW,OOOOWOOW
2,ddelta,477,478,498,477-478-498,12,-1.7709290424205935,1.7709290424205935,WWWWOWOW,OOWWOOOW
2,ddelta,477,478,498,477-478-498,13,0.34597942163883166,0.34597942163883166,WWOWOWOW,OOOWOOOW
2,ddelta,477,478,498,477-478-498,14,-4.9796019367129425,4.9796019367129425,WWWOOWOW,OOWOOOOW
2,ddelta,477,478,498,477-478-498,15,2.39806168418342,2.39806168418342,WWOOOWOW,OOOOOOOW
2,ddelta,477,478,498,477-478-498,16,-0.21800824715298328,0.21800824715298328,WWWWWWWO,OOWWWOWO
2,ddelta,477,478,498,477-478-498,17,3.274425126384931,3.274425126384931,WWOWWWWO,OOOWWOWO
2,ddelta,477,478,498,477-478-498,18,1.9235633441686804,1.9235633441686804,WWWOWWWO,OOWOWOWO
2,ddelta,477,478,498,477-478-498,19,-0.3253508712624682,0.3253508712624682,WWOOWWWO,OOOOWOWO
2,ddelta,477,478,498,477-478-498,20,1.8995115091341868,1.8995115091341868,WWWWOWWO,OOWWOOWO
2,ddelta,477,478,498,477-478-498,21,2.522639062737063,2.522639062737063,WWOWOWWO,OOOWOOWO
2,ddelta,477,478,498,477-478-498,22,-0.6483200349247786,0.6483200349247786,WWWOOWWO,OOWOOOWO
2,ddelta,477,478,498,477-478-498,23,-3.5042553438558506,3.5042553438558506,WWOOOWWO,OOOOOOWO
2,ddelta,477,478,498,477-478-498,24,0.5251318216553863,0.5251318216553863,WWWWWWOO,OOWWWOOO
2,ddelta,477,478,498,477-478-498,25,0.09645551952375024,0.09645551952375024,WWOWWWOO,OOOWWOOO
2,ddelta,477,478,498,477-478-498,26,1.0909568770588982,1.0909568770588982,WWWOWWOO,OOWOWOOO
2,ddelta,477,478,498,477-478-498,27,2.423231799648507,2.423231799648507,WWOOWWOO,OOOOWOOO
2,ddelta,477,478,498,477-478-498,28,-3.5106645664911076,3.5106645664911076,WWWWOWOO,OOWWOOOO
2,ddelta,477,478,498,477-478-498,29,0.9359587032742698,0.9359587032742698,WWOWOWOO,OOOWOOOO
2,ddelta,477,478,498,477-478-498,30,3.771887313213538,3.771887313213538,WWWOOWOO,OOWOOOOO
2,ddelta,477,478,498,477-478-498,31,-0.3180082704480365,0.3180082704480365,WWOOOWOO,OOOOOOOO
2,ddelta,477,478,501,477-478-501,0,-1.5393328457959057,1.5393328457959057,WWWWWWWW,OOWWWWOW
2,ddelta,477,478,501,477-478-501,1,-3.111465733864737,3.111465733864737,WWOWWWWW,OOOWWWOW
2,ddelta,477,478,501,477-478-501,2,-0.9185159153793765,0.9185159153793765,WWWOWWWW,OOWOWWOW
2,ddelta,477,478,501,477-478-501,3,-2.8545079922438967,2.8545079922438967,WWOOWWWW,OOOOWWOW
2,ddelta,477,478,501,477-478-501,4,-0.42113277456177306,0.42113277456177306,WWWWOWWW,OOWWOWOW
2,ddelta,477,478,501,477-478-501,5,2.022651728954835,2.022651728954835,WWOWOWWW,OOOWOWOW
2,ddelta,477,478,501,477-478-501,6,7.295967641973478,7.295967641973478,WWWOOWWW,OOWOOWOW
2,ddelta,477,478,501,477-478-501,7,2.4563803351777507,2.4563803351777507,WWOOOWWW,OOOOOWOW
2,ddelta,477,478,501,477-478-501,8,-1.0166878910351274,1.0166878910351274,WWWWWOWW,OOWWWOOW
2,ddelta,477,478,501,477-478-501,9,0.698300950018087,0.698300950018087,WWOWWOWW,OOOWWOOW
2,ddelta,477,478,501,477-478-501,10,-0.8801973068987847,0.8801973068987847,WWWOWOWW,OOWOWOOW
2,ddelta,477,478,501,477-478-501,11,2.153069294787365,2.153069294787365,WWOOWOWW,OOOOWOOW
2,ddelta,477,478,501,477-478-501,12,-1.3467358920786943,1.3467358920786943,WWWWOOWW,OOWWOOOW
2,ddelta,477,478,501,477-478-501,13,0.9822232352039029,0.9822232352039029,WWOWOOWW,OOOWOOOW
2,ddelta,477,478,501,477-478-501,14,-4.011099389807564,4.011099389807564,WWWOOOWW,OOWOOOOW
2,ddelta,477,478,501,477-478-501,15,2.9588449731641635,2.9588449731641635,WWOOOOWW,OOOOOOOW
2,ddelta,477,478,501,477-478-501,16,-2.382282206157532,2.382282206157532,WWWWWWWO,OOWWWWOO
2,ddelta,477,478,501,477-478-501,17,1.7991862002000012,1.7991862002000012,WWOWWWWO,OOOWWWOO
2,ddelta,477,478,501,477-478-501,18,0.5459142953189162,0.5459142953189162,WWWOWWWO,OOWOWWOO
2,ddelta,477,478,501,477-478-501,19,0.5172631025140726,0.5172631025140726,WWOOWWWO,OOOOWWOO
2,ddelta,477,478,501,477-478-501,20,1.0380743158762984,1.0380743158762984,WWWWOWWO,OOWWOWOO
2,ddelta,477,478,501,477-478-501,21,3.2553024745533206,3.2553024745533206,WWOWOWWO,OOOWOWOO
2,ddelta,477,478,501,477-478-501,22,-5.331562882797613,5.331562882797613,WWWOOWWO,OOWOOWOO
2,ddelta,477,478,501,477-478-501,23,-3.6240108379663645,3.6240108379663645,WWOOOWWO,OOOOOWOO
2,ddelta,477,478,501,477-478-501,24,-1.6391421373491613,1.6391421373491613,WWWWWOWO,OOWWWOOO
2,ddelta,477,478,501,477-478-501,25,-1.37878340666118,1.37878340666118,WWOWWOWO,OOOWWOOO
2,ddelta,477,478,501,477-478-501,26,-0.28669217179086637,0.28669217179086637,WWWOWOWO,OOWOWOOO
2,ddelta,477,478,501,477-478-501,27,3.2658457734250477,3.2658457734250477,WWOOWOWO,OOOOWOOO
2,ddelta,477,478,501,477-478-501,28,-4.372101759748992,4.372101759748992,WWWWOOWO,OOWWOOOO
2,ddelta,477,478,501,477-478-501,29,1.6686221150905278,1.6686221150905278,WWOWOOWO,OOOWOOOO
2,ddelta,477,478,501,477-478-501,30,-0.911355534659297,0.911355534659297,WWWOOOWO,OOWOOOOO
2,ddelta,477,478,501,477-478-501,31,-0.4377637645585497,0.4377637645585497,WWOOOOWO,OOOOOOOO
2,ddelta,477,478,505,477-478-505,0,-0.14427061087853177,0.14427061087853177,WWWWWWWW,OOWWWWWO
2,ddelta,477,478,505,477-478-505,1,-2.0850472265859263,2.0850472265859263,WWOWWWWW,OOOWWWWO
2,ddelta,477,478,505,477-478-505,2,-1.0761254968598626,1.0761254968598626,WWWOWWWW,OOWOWWWO
2,ddelta,477,478,505,477-478-505,3,-1.3838394131730056,1.3838394131730056,WWOOWWWW,OOOOWWWO
2,ddelta,477,478,505,477-478-505,4,-1.134158595405822,1.134158595405822,WWWWOWWW,OOWWOWWO
2,ddelta,477,478,505,477-478-505,5,-2.0820224943768255,2.0820224943768255,WWOWOWWW,OOOWOWWO
2,ddelta,477,478,505,477-478-505,6,5.923912124160928,5.923912124160928,WWWOOWWW,OOWOOWWO
2,ddelta,477,478,505,477-478-505,7,6.198990917502339,6.198990917502339,WWOOOWWW,OOOOOWWO
2,ddelta,477,478,505,477-478-505,8,-0.6578412690962028,0.6578412690962028,WWWWWOWW,OOWWWOWO
2,ddelta,477,478,505,477-478-505,9,3.6258773096821395,3.6258773096821395,WWOWWOWW,OOOWWOWO
2,ddelta,477,478,505,477-478-505,10,0.8175657170166277,0.8175657170166277,WWWOWOWW,OOWOWOWO
2,ddelta,477,478,505,477-478-505,11,0.43761617541987974,0.43761617541987974,WWOOWOWW,OOOOWOWO
2,ddelta,477,478,505,477-478-505,12,1.6106788386320374,1.6106788386320374,WWWWOOWW,OOWWOOWO
2,ddelta,477,478,505,477-478-505,13,-0.9457913470295267,0.9457913470295267,WWOWOOWW,OOOWOOWO
2,ddelta,477,478,505,477-478-505,14,-1.05187300583195,1.05187300583195,WWWOOOWW,OOWOOOWO
2,ddelta,477,478,505,477-478-505,15,0.7991385274494802,0.7991385274494802,WWOOOOWW,OOOOOOWO
2,ddelta,477,478,505,477-478-505,16,-0.9872199712401575,0.9872199712401575,WWWWWWOW,OOWWWWOO
2,ddelta,477,478,505,477-478-505,17,2.8256047074788118,2.8256047074788118,WWOWWWOW,OOOWWWOO
2,ddelta,477,478,505,477-478-505,18,0.3883047138384301,0.3883047138384301,WWWOWWOW,OOWOWWOO
2,ddelta,477,478,505,477-478-505,19,1.987931681584964,1.987931681584964,WWOOWWOW,OOOOWWOO
2,ddelta,477,478,505,477-478-505,20,0.3250484950322512,0.3250484950322512,WWWWOWOW,OOWWOWOO
2,ddelta,477,478,505,477-478-505,21,-0.8493717487783399,0.8493717487783399,WWOWOWOW,OOOWOWOO
2,ddelta,477,478,505,477-478-505,22,-6.703618400610164,6.703618400610164,WWWOOWOW,OOWOOWOO
2,ddelta,477,478,505,477-478-505,23,0.11859974435822422,0.11859974435822422,WWOOOWOW,OOOOOWOO
2,ddelta,477,478,505,477-478-505,24,-1.280295515410237,1.280295515410237,WWWWWOOW,OOWWWOOO
2,ddelta,477,478,505,477-478-505,25,1.5487929530028723,1.5487929530028723,WWOWWOOW,OOOWWOOO
2,ddelta,477,478,505,477-478-505,26,1.4110708521245454,1.4110708521245454,WWWOWOOW,OOWOWOOO
2,ddelta,477,478,505,477-478-505,27,1.5503926540575623,1.5503926540575623,WWOOWOOW,OOOOWOOO
2,ddelta,477,478,505,477-478-505,28,-1.4146870290382618,1.4146870290382618,WWWWOOOW,OOWWOOOO
2,ddelta,477,478,505,477-478-505,29,-0.2593924671429019,0.2593924671429019,WWOWOOOW,OOOWOOOO
2,ddelta,477,478,505,477-478-505,30,2.0478708493163165,2.0478708493163165,WWWOOOOW,OOWOOOOO
2,ddelta,477,478,505,477-478-505,31,-2.597470210273232,2.597470210273232,WWOOOOOW,OOOOOOOO
2,ddelta,477,484,493,477-484-493,0,-0.34031784193745135,0.34031784193745135,WWWWWWWW,OWOOWWWW
2,ddelta,477,484,493,477-484-493,1,1.1996038778925713,1.1996038778925713,WOWWWWWW,OOOOWWWW
2,ddelta,477,484,493,477-484-493,2,-1.6663619048714329,1.6663619048714329,WWWWOWWW,OWOOOWWW
2,ddelta,477,484,493,477-484-493,3,1.6713534193612758,1.6713534193612758,WOWWOWWW,OOOOOWWW
2,ddelta,477,484,493,477-484-493,4,0.7448171489947657,0.7448171489947657,WWWWWOWW,OWOOWOWW
2,ddelta,477,484,493,477-484-493,5,2.8401220996250656,2.8401220996250656,WOWWWOWW,OOOOWOWW
2,ddelta,477,484,493,477-484-493,6,3.027016032213241,3.027016032213241,WWWWOOWW,OWOOOOWW
2,ddelta,477,484,493,477-484-493,7,-0.2988705327185781,0.2988705327185781,WOWWOOWW,OOOOOOWW
2,ddelta,477,484,493,477-484-493,8,-1.5702128428628344,1.5702128428628344,WWWWWWOW,OWOOWWOW
2,ddelta,477,484,493,477-484-493,9,-0.3941503118285008,0.3941503118285008,WOWWWWOW,OOOOWWOW
2,ddelta,477,484,493,477-484-493,10,2.901465122371807,2.901465122371807,WWWWOWOW,OWOOOWOW
2,ddelta,477,484,493,477-484-493,11,-1.0441913637078204,1.0441913637078204,WOWWOWOW,OOOOOWOW
2,ddelta,477,484,493,477-484-493,12,-0.48149166603594123,0.48149166603594123,WWWWWOOW,OWOOWOOW
2,ddelta,477,484,493,477-484-493,13,2.9320910452272946,2.9320910452272946,WOWWWOOW,OOOOWOOW
2,ddelta,477,484,493,477-484-493,14,-0.12360711616242065,0.12360711616242065,WWWWOOOW,OWOOOOOW
2,ddelta,477,484,493,477-484-493,15,1.1914915545948892,1.1914915545948892,WOWWOOOW,OOOOOOOW
2,ddelta,477,484,493,477-484-493,16,-1.2113810646799799,1.2113810646799799,WWWWWWWO,OWOOWWWO
2,ddelta,477,484,493,477-484-493,17,1.9616033545442948,1.9616033545442948,WOWWWWWO,OOOOWWWO
2,ddelta,477,484,493,477-484-493,18,-4.428659714268662,4.428659714268662,WWWWOWWO,OWOOOWWO
2,ddelta,477,484,493,477-484-493,19,0.1319983022764606,0.1319983022764606,WOWWOWWO,OOOOOWWO
2,ddelta,477,484,493,477-484-493,20,1.2912430190787891,1.2912430190787891,WWWWWOWO,OWOOWOWO
2,ddelta,477,484,493,477-484-493,21,-1.2771201506660002,1.2771201506660002,WOWWWOWO,OOOOWOWO
2,ddelta,477,484,493,477-484-493,22,-0.19452028999272702,0.19452028999272702,WWWWOOWO,OWOOOOWO
2,ddelta,477,484,493,477-484-493,23,0.8870748640184476,0.8870748640184476,WOWWOOWO,OOOOOOWO
2,ddelta,477,484,493,477-484-493,24,-0.6375601726641452,0.6375601726641452,WWWWWWOO,OWOOWWOO
2,ddelta,477,484,493,477-484-493,25,-1.6746953526022466,1.6746953526022466,WOWWWWOO,OOOOWWOO
2,ddelta,477,484,493,477-484-493,26,0.5747650631061083,0.5747650631061083,WWWWOWOO,OWOOOWOO
2,ddelta,477,484,493,477-484-493,27,4.62574696580546,4.62574696580546,WOWWOWOO,OOOOOWOO
2,ddelta,477,484,493,477-484-493,28,-0.08579478912333927,0.08579478912333927,WWWWWOOO,OWOOWOOO
2,ddelta,477,484,493,477-484-493,29,0.6380212556598037,0.6380212556598037,WOWWWOOO,OOOOWOOO
2,ddelta,477,484,493,477-484-493,30,3.5576363739268015,3.5576363739268015,WWWWOOOO,OWOOOOOO
2,ddelta,477,484,493,477-484-493,31,-0.9279005768007966,0.9279005768007966,WOWWOOOO,OOOOOOOO
2,ddelta,477,484,496,477-484-496,0,2.8106437828142328,2.8106437828142328,WWWWWWWW,OWOWOWWW
2,ddelta,477,484,496,477-484-496,1,1.8111985533011348,1.8111985533011348,WOWWWWWW,OOOWOWWW
2,ddelta,477,484,496,477-484-496,2,1.484599719880251,1.484599719880251,WWWOWWWW,OWOOOWWW
2,ddelta,477,484,496,477-484-496,3,2.2829480947698397,2.2829480947698397,WOWOWWWW,OOOOOWWW
2,ddelta,477,484,496,477-484-496,4,-1.8163251329040804,1.8163251329040804,WWWWWOWW,OWOWOOWW
2,ddelta,477,484,496,477-484-496,5,2.1480252988240807,2.1480252988240807,WOWWWOWW,OOOWOOWW
2,ddelta,477,484,496,477-484-496,6,0.4658737503143964,0.4658737503143964,WWWOWOWW,OWOOOOWW
2,ddelta,477,484,496,477-484-496,7,-0.9909673335195635,0.9909673335195635,WOWOWOWW,OOOOOOWW
2,ddelta,477,484,496,477-484-496,8,-1.2283571156235729,1.2283571156235729,WWWWWWOW,OWOWOWOW
2,ddelta,477,484,496,477-484-496,9,1.7881150464487692,1.7881150464487692,WOWWWWOW,OOOWOWOW
2,ddelta,477,484,496,477-484-496,10,3.2433208496110684,3.2433208496110684,WWWOWWOW,OWOOOWOW
2,ddelta,477,484,496,477-484-496,11,1.1380739945694494,1.1380739945694494,WOWOWWOW,OOOOOWOW
2,ddelta,477,484,496,477-484-496,12,-0.9996561933117756,0.9996561933117756,WWWWWOOW,OWOWOOOW
2,ddelta,477,484,496,477-484-496,13,3.5786645246457685,3.5786645246457685,WOWWWOOW,OOOWOOOW
2,ddelta,477,484,496,477-484-496,14,-0.6417716434382547,0.6417716434382547,WWWOWOOW,OWOOOOOW
2,ddelta,477,484,496,477-484-496,15,1.8380650340133635,1.8380650340133635,WOWOWOOW,OOOOOOOW
2,ddelta,477,484,496,477-484-496,16,-1.1214196004311456,1.1214196004311456,WWWWWWWO,OWOWOWWO
2,ddelta,477,484,496,477-484-496,17,-1.1279521132078525,1.1279521132078525,WOWWWWWO,OOOWOWWO
2,ddelta,477,484,496,477-484-496,18,-4.338698250019829,4.338698250019829,WWWOWWWO,OWOOOWWO
2,ddelta,477,484,496,477-484-496,19,-2.957557165475687,2.957557165475687,WOWOWWWO,OOOOOWWO
2,ddelta,477,484,496,477-484-496,20,1.5481515121044487,1.5481515121044487,WWWWWOWO,OWOWOOWO
2,ddelta,477,484,496,477-484-496,21,-1.327686820607296,1.327686820607296,WOWWWOWO,OOOWOOWO
2,ddelta,477,484,496,477-484-496,22,0.062388203032933465,0.062388203032933465,WWWOWOWO,OWOOOOWO
2,ddelta,477,484,496,477-484-496,23,0.8365081940771517,0.8365081940771517,WOWOWOWO,OOOOOOWO
2,ddelta,477,484,496,477-484-496,24,0.5366916615740019,0.5366916615740019,WWWWWWOO,OWOWOWOO
2,ddelta,477,484,496,477-484-496,25,-1.4340810988832158,1.4340810988832158,WOWWWWOO,OOOWOWOO
2,ddelta,477,484,496,477-484-496,26,1.7490168973442555,1.7490168973442555,WWWOWWOO,OWOOOWOO
2,ddelta,477,484,496,477-484-496,27,4.8663612195244905,4.8663612195244905,WOWOWWOO,OOOOOWOO
2,ddelta,477,484,496,477-484-496,28,-1.956609288851938,1.956609288851938,WWWWWOOO,OWOWOOOO
2,ddelta,477,484,496,477-484-496,29,0.947917522587856,0.947917522587856,WOWWWOOO,OOOWOOOO
2,ddelta,477,484,496,477-484-496,30,1.6868218741982042,1.6868218741982042,WWWOWOOO,OWOOOOOO
2,ddelta,477,484,496,477-484-496,31,-0.6180043098727441,0.6180043098727441,WOWOWOOO,OOOOOOOO
2,ddelta,477,484,498,477-484-498,0,1.9832929750617645,1.9832929750617645,WWWWWWWW,OWOWWOWW
2,ddelta,477,484,498,477-484-498,1,-0.7487688458860576,0.7487688458860576,WOWWWWWW,OOOWWOWW
2,ddelta,477,484,498,477-484-498,2,3.0684279659939806,3.0684279659939806,WWWOWWWW,OWOOWOWW
2,ddelta,477,484,498,477-484-498,3,0.8917493758464362,0.8917493758464362,WOWOWWWW,OOOOWOWW
2,ddelta,477,484,498,477-484-498,4,-2.643675940656548,2.643675940656548,WWWWOWWW,OWOWOOWW
2,ddelta,477,484,498,477-484-498,5,-0.4119421003631122,0.4119421003631122,WOWWOWWW,OOOWOOWW
2,ddelta,477,484,498,477-484-498,6,2.049701996428126,2.049701996428126,WWWOOWWW,OWOOOOWW
2,ddelta,477,484,498,477-484-498,7,-2.382166052442966,2.382166052442966,WOWOOWWW,OOOOOOWW
2,ddelta,477,484,498,477-484-498,8,-1.0379355453770513,1.0379355453770513,WWWWWWOW,OWOWWOOW
2,ddelta,477,484,498,477-484-498,9,-0.4828756372028279,0.4828756372028279,WOWWWWOW,OOOWWOOW
2,ddelta,477,484,498,477-484-498,10,0.05078563144984183,0.05078563144984183,WWWOWWOW,OWOOWOOW
2,ddelta,477,484,498,477-484-498,11,2.8433657198529674,2.8433657198529674,WOWOWWOW,OOOOWOOW
2,ddelta,477,484,498,477-484-498,12,-0.8092346230652536,0.8092346230652536,WWWWOWOW,OWOWOOOW
2,ddelta,477,484,498,477-484-498,13,1.3076738409941715,1.3076738409941715,WOWWOWOW,OOOWOOOW
2,ddelta,477,484,498,477-484-498,14,-3.8343068615994813,3.8343068615994813,WWWOOWOW,OWOOOOOW
2,ddelta,477,484,498,477-484-498,15,3.5433567592968807,3.5433567592968807,WOWOOWOW,OOOOOOOW
2,ddelta,477,484,498,477-484-498,16,-1.5994459110833077,1.5994459110833077,WWWWWWWO,OWOWWOWO
2,ddelta,477,484,498,477-484-498,17,1.8929874624546068,1.8929874624546068,WOWWWWWO,OOOWWOWO
2,ddelta,477,484,498,477-484-498,18,0.9031781726754597,0.9031781726754597,WWWOWWWO,OWOOWOWO
2,ddelta,477,484,498,477-484-498,19,-1.3457360427556884,1.3457360427556884,WOWOWWWO,OOOOWOWO
2,ddelta,477,484,498,477-484-498,20,1.0701252014522868,1.0701252014522868,WWWWOWWO,OWOWOOWO
2,ddelta,477,484,498,477-484-498,21,1.6932527550551635,1.6932527550551635,WOWWOWWO,OOOWOOWO
2,ddelta,477,484,498,477-484-498,22,5.304264625728222,5.304264625728222,WWWOOWWO,OWOOOOWO
2,ddelta,477,484,498,477-484-498,23,2.4483293167971514,2.4483293167971514,WOWOOWWO,OOOOOOWO
2,ddelta,477,484,498,477-484-498,24,-0.9393121546922691,0.9393121546922691,WWWWWWOO,OWOWWOOO
2,ddelta,477,484,498,477-484-498,25,-1.3679884568239054,1.3679884568239054,WOWWWWOO,OOOWWOOO
2,ddelta,477,484,498,477-484-498,26,-0.38754677115146396,0.38754677115146396,WWWOWWOO,OWOOWOOO
2,ddelta,477,484,498,477-484-498,27,0.9447281514381451,0.9447281514381451,WOWOWWOO,OOOOWOOO
2,ddelta,477,484,498,477-484-498,28,-3.43261310511821,3.43261310511821,WWWWOWOO,OWOWOOOO
2,ddelta,477,484,498,477-484-498,29,1.0140101646471669,1.0140101646471669,WOWWOWOO,OOOWOOOO
2,ddelta,477,484,498,477-484-498,30,-0.44974179429751526,0.44974179429751526,WWWOOWOO,OWOOOOOO
2,ddelta,477,484,498,477-484-498,31,-4.53963737795909,4.53963737795909,WOWOOWOO,OOOOOOOO
2,ddelta,477,484,501,477-484-501,0,1.6363621190891766,1.6363621190891766,WWWWWWWW,OWOWWWOW
2,ddelta,477,484,501,477-484-501,1,0.0642292310203452,0.0642292310203452,WOWWWWWW,OOOWWWOW
2,ddelta,477,484,501,477-484-501,2,0.40646711816379394,0.40646711816379394,WWWOWWWW,OWOOWWOW
2,ddelta,477,484,501,477-484-501,3,-1.5295249587007271,1.5295249587007271,WOWOWWWW,OOOOWWOW
2,ddelta,477,484,501,477-484-501,4,-2.4026387793486292,2.4026387793486292,WWWWOWWW,OWOWOWOW
2,ddelta,477,484,501,477-484-501,5,0.0411457241679799,0.0411457241679799,WOWWOWWW,OOOWOWOW
2,ddelta,477,484,501,477-484-501,6,2.1651882478946116,2.1651882478946116,WWWOOWWW,OWOOOWOW
2,ddelta,477,484,501,477-484-501,7,-2.6743990589011166,2.6743990589011166,WOWOOWWW,OOOOOWOW
2,ddelta,477,484,501,477-484-501,8,-1.3848664013496392,1.3848664013496392,WWWWWOWW,OWOWWOOW
2,ddelta,477,484,501,477-484-501,9,0.33012243970357535,0.33012243970357535,WOWWWOWW,OOOWWOOW
2,ddelta,477,484,501,477-484-501,10,-2.611175216380346,2.611175216380346,WWWOWOWW,OWOOWOOW
2,ddelta,477,484,501,477-484-501,11,0.4220913853058037,0.4220913853058037,WOWOWOWW,OOOOWOOW
2,ddelta,477,484,501,477-484-501,12,-0.5681974617573338,0.5681974617573338,WWWWOOWW,OWOWOOOW
2,ddelta,477,484,501,477-484-501,13,1.760761665525263,1.760761665525263,WOWWOOWW,OOOWOOOW
2,ddelta,477,484,501,477-484-501,14,-3.718820610132996,3.718820610132996,WWWOOOWW,OWOOOOOW
2,ddelta,477,484,501,477-484-501,15,3.2511237528387307,3.2511237528387307,WOWOOOWW,OOOOOOOW
2,ddelta,477,484,501,477-484-501,16,-1.2905583025160623,1.2905583025160623,WWWWWWWO,OWOWWWOO
2,ddelta,477,484,501,477-484-501,17,2.8909101038414695,2.8909101038414695,WOWWWWWO,OOOWWWOO
2,ddelta,477,484,501,477-484-501,18,-0.7167374105002269,0.7167374105002269,WWWOWWWO,OWOOWWOO
2,ddelta,477,484,501,477-484-501,19,-0.745388603305071,0.745388603305071,WOWOWWWO,OOOOWWOO
2,ddelta,477,484,501,477-484-501,20,0.3675529594890854,0.3675529594890854,WWWWOWWO,OWOWOWOO
2,ddelta,477,484,501,477-484-501,21,2.584781118166107,2.584781118166107,WOWWOWWO,OOOWOWOO
2,ddelta,477,484,501,477-484-501,22,5.370977736863857,5.370977736863857,WWWOOWWO,OWOOOWOO
2,ddelta,477,484,501,477-484-501,23,7.0785297816951065,7.0785297816951065,WOWOOWWO,OOOOOWOO
2,ddelta,477,484,501,477-484-501,24,-0.6304245461250235,0.6304245461250235,WWWWWOWO,OWOWWOOO
2,ddelta,477,484,501,477-484-501,25,-0.3700658154370418,0.3700658154370418,WOWWWOWO,OOOWWOOO
2,ddelta,477,484,501,477-484-501,26,-2.0074623543271524,2.0074623543271524,WWWOWOWO,OWOOWOOO
2,ddelta,477,484,501,477-484-501,27,1.5450755908887621,1.5450755908887621,WOWOWOWO,OOOOWOOO
2,ddelta,477,484,501,477-484-501,28,-4.13518534708141,4.13518534708141,WWWWOOWO,OWOWOOOO
2,ddelta,477,484,501,477-484-501,29,1.9055385277581103,1.9055385277581103,WOWWOOWO,OOOWOOOO
2,ddelta,477,484,501,477-484-501,30,-0.38302868316188143,0.38302868316188143,WWWOOOWO,OWOOOOOO
2,ddelta,477,484,501,477-484-501,31,0.0905630869388665,0.0905630869388665,WOWOOOWO,OOOOOOOO
2,ddelta,477,484,505,477-484-505,0,1.8623360150393256,1.8623360150393256,WWWWWWWW,OWOWWWWO
2,ddelta,477,484,505,477-484-505,1,-0.07844060066806899,0.07844060066806899,WOWWWWWW,OOOWWWWO
2,ddelta,477,484,505,477-484-505,2,0.9912727922967968,0.9912727922967968,WWWOWWWW,OWOOWWWO
2,ddelta,477,484,505,477-484-505,3,0.6835588759836538,0.6835588759836538,WOWOWWWW,OOOOWWWO
2,ddelta,477,484,505,477-484-505,4,-2.0697273682060526,2.0697273682060526,WWWWOWWW,OWOWOWWO
2,ddelta,477,484,505,477-484-505,5,-3.017591267177057,3.017591267177057,WOWWOWWW,OOOWOWWO
2,ddelta,477,484,505,477-484-505,6,-4.832025177603282,4.832025177603282,WWWOOWWW,OWOOOWWO
2,ddelta,477,484,505,477-484-505,7,-4.556946384261872,4.556946384261872,WOWOOWWW,OOOOOWWO
2,ddelta,477,484,505,477-484-505,8,-1.7204028711057473,1.7204028711057473,WWWWWOWW,OWOWWOWO
2,ddelta,477,484,505,477-484-505,9,2.563315707672595,2.563315707672595,WOWWWOWW,OOOWWOWO
2,ddelta,477,484,505,477-484-505,10,-1.1739770010217228,1.1739770010217228,WWWOWOWW,OWOOWOWO
2,ddelta,477,484,505,477-484-505,11,-1.5539265426184712,1.5539265426184712,WOWOWOWW,OOOOWOWO
2,ddelta,477,484,505,477-484-505,12,1.6440737739027826,1.6440737739027826,WWWWOOWW,OWOWOOWO
2,ddelta,477,484,505,477-484-505,13,-0.9123964117587813,0.9123964117587813,WOWWOOWW,OOOWOOWO
2,ddelta,477,484,505,477-484-505,14,-1.577462548303186,1.577462548303186,WWWOOOWW,OWOOOOWO
2,ddelta,477,484,505,477-484-505,15,0.27354898497824465,0.27354898497824465,WOWOOOWW,OOOOOOWO
2,ddelta,477,484,505,477-484-505,16,-1.0645844065659134,1.0645844065659134,WWWWWWOW,OWOWWWOO
2,ddelta,477,484,505,477-484-505,17,2.7482402721530557,2.7482402721530557,WOWWWWOW,OOOWWWOO
2,ddelta,477,484,505,477-484-505,18,-0.13193173636722388,0.13193173636722388,WWWOWWOW,OWOOWWOO
2,ddelta,477,484,505,477-484-505,19,1.46769523137931,1.46769523137931,WOWOWWOW,OOOOWWOO
2,ddelta,477,484,505,477-484-505,20,0.7004643706316618,0.7004643706316618,WWWWOWOW,OWOWOWOO
2,ddelta,477,484,505,477-484-505,21,-0.4739558731789293,0.4739558731789293,WOWWOWOW,OOOWOWOO
2,ddelta,477,484,505,477-484-505,22,-1.626235688634037,1.626235688634037,WWWOOWOW,OWOOOWOO
2,ddelta,477,484,505,477-484-505,23,5.195982456334351,5.195982456334351,WOWOOWOW,OOOOOWOO
2,ddelta,477,484,505,477-484-505,24,-0.9659610158811313,0.9659610158811313,WWWWWOOW,OWOWWOOO
2,ddelta,477,484,505,477-484-505,25,1.8631274525319779,1.8631274525319779,WOWWWOOW,OOOWWOOO
2,ddelta,477,484,505,477-484-505,26,-0.5702641389685292,0.5702641389685292,WWWOWOOW,OWOOWOOO
2,ddelta,477,484,505,477-484-505,27,-0.43094233703551277,0.43094233703551277,WOWOWOOW,OOOOWOOO
2,ddelta,477,484,505,477-484-505,28,-1.9229141114212935,1.9229141114212935,WWWWOOOW,OWOWOOOO
2,ddelta,477,484,505,477-484-505,29,-0.7676195495259341,0.7676195495259341,WOWWOOOW,OOOWOOOO
2,ddelta,477,484,505,477-484-505,30,1.7583293786679286,1.7583293786679286,WWWOOOOW,OWOOOOOO
2,ddelta,477,484,505,477-484-505,31,-2.8870116809216193,2.8870116809216193,WOWOOOOW,OOOOOOOO
2,ddelta,477,493,496,477-493-496,0,1.1957354236030124,1.1957354236030124,WWWWWWWW,OWWOOWWW
2,ddelta,477,493,496,477-493-496,1,-1.4400829137964204,1.4400829137964204,WOWWWWWW,OOWOOWWW
2,ddelta,477,493,496,477-493-496,2,-0.13030863933096895,0.13030863933096895,WWOWWWWW,OWOOOWWW
2,ddelta,477,493,496,477-493-496,3,-0.9683333723277164,0.9683333723277164,WOOWWWWW,OOOOOWWW
2,ddelta,477,493,496,477-493-496,4,-2.709108468265134,2.709108468265134,WWWWWOWW,OWWOOOWW
2,ddelta,477,493,496,477-493-496,5,2.093554495079702,2.093554495079702,WOWWWOWW,OOWOOOWW
2,ddelta,477,493,496,477-493-496,6,-0.42690958504665755,0.42690958504665755,WWOWWOWW,OWOOOOWW
2,ddelta,477,493,496,477-493-496,7,-1.0454381372639412,1.0454381372639412,WOOWWOWW,OOOOOOWW
2,ddelta,477,493,496,477-493-496,8,-2.396214600835035,2.396214600835035,WWWWWWOW,OWWOOWOW
2,ddelta,477,493,496,477-493-496,9,2.0642505478842543,2.0642505478842543,WOWWWWOW,OOWOOWOW
2,ddelta,477,493,496,477-493-496,10,2.075463364399606,2.075463364399606,WWOWWWOW,OWOOOWOW
2,ddelta,477,493,496,477-493-496,11,1.4142094960049345,1.4142094960049345,WOOWWWOW,OOOOOWOW
2,ddelta,477,493,496,477-493-496,12,-0.12498719096779365,0.12498719096779365,WWWWWOOW,OWWOOOOW
2,ddelta,477,493,496,477-493-496,13,1.8768216905118307,1.8768216905118307,WOWWWOOW,OOWOOOOW
2,ddelta,477,493,496,477-493-496,14,0.23289735890572716,0.23289735890572716,WWOWWOOW,OWOOOOOW
2,ddelta,477,493,496,477-493-496,15,0.13622219987942552,0.13622219987942552,WOOWWOOW,OOOOOOOW
2,ddelta,477,493,496,477-493-496,16,-2.941513771519356,2.941513771519356,WWWWWWWO,OWWOOWWO
2,ddelta,477,493,496,477-493-496,17,2.4125934966292917,2.4125934966292917,WOWWWWWO,OOWOOWWO
2,ddelta,477,493,496,477-493-496,18,-6.158792421108039,6.158792421108039,WWOWWWWO,OWOOOWWO
2,ddelta,477,493,496,477-493-496,19,0.5829884443614575,0.5829884443614575,WOOWWWWO,OOOOOWWO
2,ddelta,477,493,496,477-493-496,20,-0.6664890927883214,0.6664890927883214,WWWWWOWO,OWWOOOWO
2,ddelta,477,493,496,477-493-496,21,-0.0017849600203026506,0.0017849600203026506,WOWWWOWO,OOWOOOWO
2,ddelta,477,493,496,477-493-496,22,-2.152252401859837,2.152252401859837,WWOWWOWO,OWOOOOWO
2,ddelta,477,493,496,477-493-496,23,2.162410054664145,2.162410054664145,WOOWWOWO,OOOOOOWO
2,ddelta,477,493,496,477-493-496,24,-0.014648950948826012,0.014648950948826012,WWWWWWOO,OWWOOWOO
2,ddelta,477,493,496,477-493-496,25,-3.9583753829505386,3.9583753829505386,WOWWWWOO,OOWOOWOO
2,ddelta,477,493,496,477-493-496,26,1.1976762848214273,1.1976762848214273,WWOWWWOO,OWOOOWOO
2,ddelta,477,493,496,477-493-496,27,2.3420669354571677,2.3420669354571677,WOOWWWOO,OOOOOWOO
2,ddelta,477,493,496,477-493-496,28,-1.3692435746738216,1.3692435746738216,WWWWWOOO,OWWOOOOO
2,ddelta,477,493,496,477-493-496,29,1.403756817625598,1.403756817625598,WOWWWOOO,OOWOOOOO
2,ddelta,477,493,496,477-493-496,30,2.27418758837632,2.27418758837632,WWOWWOOO,OWOOOOOO
2,ddelta,477,493,496,477-493-496,31,-0.16216501483500265,0.16216501483500265,WOOWWOOO,OOOOOOOO
2,ddelta,477,493,498,477-493-498,0,0.5545451525359564,0.5545451525359564,WWWWWWWW,OWWOWOWW
2,ddelta,477,493,498,477-493-498,1,0.28885487176345925,0.28885487176345925,WOWWWWWW,OOWOWOWW
2,ddelta,477,493,498,477-493-498,2,1.6396801434681727,1.6396801434681727,WWOWWWWW,OWOOWOWW
2,ddelta,477,493,498,477-493-498,3,1.9293730934959534,1.9293730934959534,WOOWWWWW,OOOOWOWW
2,ddelta,477,493,498,477-493-498,4,-3.3502987393321906,3.3502987393321906,WWWWOWWW,OWWOOOWW
2,ddelta,477,493,498,477-493-498,5,3.8224922806395822,3.8224922806395822,WOWWOWWW,OOWOOOWW
2,ddelta,477,493,498,477-493-498,6,1.3430791977524845,1.3430791977524845,WWOWOWWW,OWOOOOWW
2,ddelta,477,493,498,477-493-498,7,1.8522683285597283,1.8522683285597283,WOOWOWWW,OOOOOOWW
2,ddelta,477,493,498,477-493-498,8,-0.4315041383502751,0.4315041383502751,WWWWWWOW,OWWOWOOW
2,ddelta,477,493,498,477-493-498,9,-1.1815207654029583,1.1815207654029583,WOWWWWOW,OOWOWOOW
2,ddelta,477,493,498,477-493-498,10,0.657217038476618,0.657217038476618,WWOWWWOW,OWOOWOOW
2,ddelta,477,493,498,477-493-498,11,2.144720591652837,2.144720591652837,WOOWWWOW,OOOOWOOW
2,ddelta,477,493,498,477-493-498,12,1.8397232715169667,1.8397232715169667,WWWWOWOW,OWWOOOOW
2,ddelta,477,493,498,477-493-498,13,-1.3689496227753821,1.3689496227753821,WOWWOWOW,OOWOOOOW
2,ddelta,477,493,498,477-493-498,14,-1.185348967017261,1.185348967017261,WWOWOWOW,OWOOOOOW
2,ddelta,477,493,498,477-493-498,15,0.8667332955273275,0.8667332955273275,WOOWOWOW,OOOOOOOW
2,ddelta,477,493,498,477-493-498,16,-0.6541923052747737,0.6541923052747737,WWWWWWWO,OWWOWOWO
2,ddelta,477,493,498,477-493-498,17,1.4873792860468906,1.4873792860468906,WOWWWWWO,OOWOWOWO
2,ddelta,477,493,498,477-493-498,18,1.8484317784839945,1.8484317784839945,WWOWWWWO,OWOOWOWO
2,ddelta,477,493,498,477-493-498,19,-1.7513442191634045,1.7513442191634045,WOOWWWWO,OOOOWOWO
2,ddelta,477,493,498,477-493-498,20,1.6208323734562615,1.6208323734562615,WWWWOWWO,OWWOOOWO
2,ddelta,477,493,498,477-493-498,21,-0.9269991706027039,0.9269991706027039,WOWWOWWO,OOWOOOWO
2,ddelta,477,493,498,477-493-498,22,5.854971797732198,5.854971797732198,WWOWOWWO,OWOOOOWO
2,ddelta,477,493,498,477-493-498,23,-0.17192260886071642,0.17192260886071642,WOOWOWWO,OOOOOOWO
2,ddelta,477,493,498,477-493-498,24,-0.7565784193965798,0.7565784193965798,WWWWWWOO,OWWOWOOO
2,ddelta,477,493,498,477-493-498,25,-0.19075336399306786,0.19075336399306786,WOWWWWOO,OOWOWOOO
2,ddelta,477,493,498,477-493-498,26,-0.20481303585577443,0.20481303585577443,WWOWWWOO,OWOOWOOO
2,ddelta,477,493,498,477-493-498,27,2.1219632442689824,2.1219632442689824,WOOWWWOO,OOOOWOOO
2,ddelta,477,493,498,477-493-498,28,-2.1111730431215756,2.1111730431215756,WWWWOWOO,OWWOOOOO
2,ddelta,477,493,498,477-493-498,29,5.171378836583068,5.171378836583068,WOWWOWOO,OOWOOOOO
2,ddelta,477,493,498,477-493-498,30,0.8716982676991181,0.8716982676991181,WWOWOWOO,OWOOOOOO
2,ddelta,477,493,498,477-493-498,31,-0.38226870602318785,0.38226870602318785,WOOWOWOO,OOOOOOOO
2,ddelta,477,493,501,477-493-501,0,0.07084041357079784,0.07084041357079784,WWWWWWWW,OWWOWWOW
2,ddelta,477,493,501,477-493-501,1,0.6916573439873269,0.6916573439873269,WOWWWWWW,OOWOWWOW
2,ddelta,477,493,501,477-493-501,2,-1.1590545873545852,1.1590545873545852,WWOWWWWW,OWOOWWOW
2,ddelta,477,493,501,477-493-501,3,-0.9020968457337456,0.9020968457337456,WOOWWWWW,OOOOWWOW
2,ddelta,477,493,501,477-493-501,4,-3.5211096108672506,3.5211096108672506,WWWWOWWW,OWWOOWOW
2,ddelta,477,493,501,477-493-501,5,4.195990805668002,4.195990805668002,WOWWOWWW,OOWOOWOW
2,ddelta,477,493,501,477-493-501,6,1.0467174163759907,1.0467174163759907,WWOWOWWW,OWOOOWOW
2,ddelta,477,493,501,477-493-501,7,1.480446022598906,1.480446022598906,WOOWOWWW,OOOOOWOW
2,ddelta,477,493,501,477-493-501,8,-0.9152088773154337,0.9152088773154337,WWWWWOWW,OWWOWOOW
2,ddelta,477,493,501,477-493-501,9,-0.7787182931790906,0.7787182931790906,WOWWWOWW,OOWOWOOW
2,ddelta,477,493,501,477-493-501,10,-2.1415176923461403,2.1415176923461403,WWOWWOWW,OWOOWOOW
2,ddelta,477,493,501,477-493-501,11,-0.6867493475768616,0.6867493475768616,WOOWWOWW,OOOOWOOW
2,ddelta,477,493,501,477-493-501,12,1.6689123999819069,1.6689123999819069,WWWWOOWW,OWWOOOOW
2,ddelta,477,493,501,477-493-501,13,-0.9954510977469622,0.9954510977469622,WOWWOOWW,OOWOOOOW
2,ddelta,477,493,501,477-493-501,14,-1.4817107483937555,1.4817107483937555,WWOWOOWW,OWOOOOOW
2,ddelta,477,493,501,477-493-501,15,0.4949109895665056,0.4949109895665056,WOOWOOWW,OOOOOOOW
2,ddelta,477,493,501,477-493-501,16,-2.0416846517736538,2.0416846517736538,WWWWWWWO,OWWOWWOO
2,ddelta,477,493,501,477-493-501,17,0.886511849702794,0.886511849702794,WOWWWWWO,OOWOWWOO
2,ddelta,477,493,501,477-493-501,18,-1.4678637597578192,1.4678637597578192,WWOWWWWO,OWOOWWOO
2,ddelta,477,493,501,477-493-501,19,-2.7497868574437474,2.7497868574437474,WOOWWWWO,OOOOWWOO
2,ddelta,477,493,501,477-493-501,20,0.885180168796877,0.885180168796877,WWWWOWWO,OWWOOWOO
2,ddelta,477,493,501,477-493-501,21,-5.484457029877037,5.484457029877037,WOWWOWWO,OOWOOWOO
2,ddelta,477,493,501,477-493-501,22,5.888604946171648,5.888604946171648,WWOWOWWO,OWOOOWOO
2,ddelta,477,493,501,477-493-501,23,-0.9907083663480374,0.9907083663480374,WOOWOWWO,OOOOOWOO
2,ddelta,477,493,501,477-493-501,24,-2.14407076589546,2.14407076589546,WWWWWOWO,OWWOWOOO
2,ddelta,477,493,501,477-493-501,25,-0.7916208003371645,0.7916208003371645,WOWWWOWO,OOWOWOOO
2,ddelta,477,493,501,477-493-501,26,-3.521108574097588,3.521108574097588,WWOWWOWO,OWOOWOOO
2,ddelta,477,493,501,477-493-501,27,1.1235206059886396,1.1235206059886396,WOOWWOWO,OOOOWOOO
2,ddelta,477,493,501,477-493-501,28,-2.8468252477809606,2.8468252477809606,WWWWOOWO,OWWOOOOO
2,ddelta,477,493,501,477-493-501,29,0.6139209773087357,0.6139209773087357,WOWWOOWO,OOWOOOOO
2,ddelta,477,493,501,477-493-501,30,0.9053314161385688,0.9053314161385688,WWOWOOWO,OWOOOOOO
2,ddelta,477,493,501,477-493-501,31,-1.2010544635105078,1.2010544635105078,WOOWOOWO,OOOOOOOO
2,ddelta,477,493,505,477-493-505,0,1.8949983226788107,1.8949983226788107,WWWWWWWW,OWWOWWWO
2,ddelta,477,493,505,477-493-505,1,0.9631434366974794,0.9631434366974794,WOWWWWWW,OOWOWWWO
2,ddelta,477,493,505,477-493-505,2,1.0239350999362822,1.0239350999362822,WWOWWWWW,OWOOWWWO
2,ddelta,477,493,505,477-493-505,3,1.7251429133492036,1.7251429133492036,WOOWWWWW,OOOOWWWO
2,ddelta,477,493,505,477-493-505,4,-2.242250872443558,2.242250872443558,WWWWOWWW,OWWOOWWO
2,ddelta,477,493,505,477-493-505,5,4.815819847123193,4.815819847123193,WOWWOWWW,OOWOOWWO
2,ddelta,477,493,505,477-493-505,6,-5.004548681840788,5.004548681840788,WWOWOWWW,OWOOOWWO
2,ddelta,477,493,505,477-493-505,7,3.2764647300383767,3.2764647300383767,WOOWOWWW,OOOOOWWO
2,ddelta,477,493,505,477-493-505,8,0.6862608648680812,0.6862608648680812,WWWWWOWW,OWWOWOWO
2,ddelta,477,493,505,477-493-505,9,2.161667850980911,2.161667850980911,WOWWWOWW,OOWOWOWO
2,ddelta,477,493,505,477-493-505,10,1.2326867349521036,1.2326867349521036,WWOWWOWW,OWOOWOWO
2,ddelta,477,493,505,477-493-505,11,-1.9555743993101553,1.9555743993101553,WOOWWOWW,OOOOWOWO
2,ddelta,477,493,505,477-493-505,12,2.7288802403448935,2.7288802403448935,WWWWOOWW,OWWOOOWO
2,ddelta,477,493,505,477-493-505,13,0.066328395880906,0.066328395880906,WOWWOOWW,OOWOOOWO
2,ddelta,477,493,505,477-493-505,14,-0.492656081861075,0.492656081861075,WWOWOOWW,OWOOOOWO
2,ddelta,477,493,505,477-493-505,15,1.2522737926179324,1.2522737926179324,WOOWOOWW,OOOOOOWO
2,ddelta,477,493,505,477-493-505,16,-0.21752674266564087,0.21752674266564087,WWWWWWOW,OWWOWWOO
2,ddelta,477,493,505,477-493-505,17,1.1579979424129467,1.1579979424129467,WOWWWWOW,OOWOWWOO
2,ddelta,477,493,505,477-493-505,18,0.7151259275330484,0.7151259275330484,WWOWWWOW,OWOOWWOO
2,ddelta,477,493,505,477-493-505,19,-0.12254709836079924,0.12254709836079924,WOOWWWOW,OOOOWWOO
2,ddelta,477,493,505,477-493-505,20,2.1640389072205686,2.1640389072205686,WWWWOWOW,OWWOOWOO
2,ddelta,477,493,505,477-493-505,21,-4.864627988421846,4.864627988421846,WOWWOWOW,OOWOOWOO
2,ddelta,477,493,505,477-493-505,22,-0.1626611520451304,0.1626611520451304,WWOWOWOW,OWOOOWOO
2,ddelta,477,493,505,477-493-505,23,0.8053103410914337,0.8053103410914337,WOOWOWOW,OOOOOWOO
2,ddelta,477,493,505,477-493-505,24,-0.5426010237119456,0.5426010237119456,WWWWWOOW,OWWOWOOO
2,ddelta,477,493,505,477-493-505,25,2.148765343822837,2.148765343822837,WOWWWOOW,OOWOWOOO
2,ddelta,477,493,505,477-493-505,26,-0.14690414679934394,0.14690414679934394,WWOWWOOW,OWOOWOOO
2,ddelta,477,493,505,477-493-505,27,-0.14530444574465406,0.14530444574465406,WOOWWOOW,OOOOWOOO
2,ddelta,477,493,505,477-493-505,28,-1.786857407417974,1.786857407417974,WWWWOOOW,OWWOOOOO
2,ddelta,477,493,505,477-493-505,29,1.675700470936604,1.675700470936604,WOWWOOOW,OOWOOOOO
2,ddelta,477,493,505,477-493-505,30,1.8943860826712484,1.8943860826712484,WWOWOOOW,OWOOOOOO
2,ddelta,477,493,505,477-493-505,31,-0.4436916604590817,0.4436916604590817,WOOWOOOW,OOOOOOOO
2,ddelta,477,496,498,477-496-498,0,2.8374420484778273,2.8374420484778273,WWWWWWWW,OWWWOOWW
2,ddelta,477,496,498,477-496-498,1,1.6965537125094683,1.6965537125094683,WOWWWWWW,OOWWOOWW
2,ddelta,477,496,498,477-496-498,2,-1.7895268672404843,1.7895268672404843,WWOWWWWW,OWOWOOWW
2,ddelta,477,496,498,477-496-498,3,2.033380458032414,2.033380458032414,WOOWWWWW,OOOWOOWW
2,ddelta,477,496,498,477-496-498,4,-1.0674018433903183,1.0674018433903183,WWWOWWWW,OWWOOOWW
2,ddelta,477,496,498,477-496-498,5,5.230191121385591,5.230191121385591,WOWOWWWW,OOWOOOWW
2,ddelta,477,496,498,477-496-498,6,-2.086127812956173,2.086127812956173,WWOOWWWW,OWOOOOWW
2,ddelta,477,496,498,477-496-498,7,1.9562756930961889,1.9562756930961889,WOOOWWWW,OOOOOOWW
2,ddelta,477,496,498,477-496-498,8,0.011991533493969975,0.011991533493969975,WWWWWWOW,OWWWOOOW
2,ddelta,477,496,498,477-496-498,9,-2.577144874752088,2.577144874752088,WOWWWWOW,OOWWOOOW
2,ddelta,477,496,498,477-496-498,10,0.2406924558057677,0.2406924558057677,WWOWWWOW,OWOWOOOW
2,ddelta,477,496,498,477-496-498,11,-0.7865953965550899,0.7865953965550899,WOOWWWOW,OOOWOOOW
2,ddelta,477,496,498,477-496-498,12,2.283218943361212,2.283218943361212,WWWOWWOW,OWWOOOOW
2,ddelta,477,496,498,477-496-498,13,-2.764573732124513,2.764573732124513,WOWOWWOW,OOWOOOOW
2,ddelta,477,496,498,477-496-498,14,-1.6018735496881114,1.6018735496881114,WWOOWWOW,OWOOOOOW
2,ddelta,477,496,498,477-496-498,15,-2.0645826926805992,2.0645826926805992,WOOOWWOW,OOOOOOOW
2,ddelta,477,496,498,477-496-498,16,-2.5137612172068216,2.5137612172068216,WWWWWWWO,OWWWOOWO
2,ddelta,477,496,498,477-496-498,17,-0.3962414609196516,0.3962414609196516,WOWWWWWO,OOWWOOWO
2,ddelta,477,496,498,477-496-498,18,0.15580989532877365,0.15580989532877365,WWOWWWWO,OWOWOOWO
2,ddelta,477,496,498,477-496-498,19,-0.5959761683190952,0.5959761683190952,WOOWWWWO,OOOWOOWO
2,ddelta,477,496,498,477-496-498,20,-0.23873653847578646,0.23873653847578646,WWWOWWWO,OWWOOOWO
2,ddelta,477,496,498,477-496-498,21,-2.8106199175692463,2.8106199175692463,WOWOWWWO,OOWOOOWO
2,ddelta,477,496,498,477-496-498,22,4.162349914576976,4.162349914576976,WWOOWWWO,OWOOOOWO
2,ddelta,477,496,498,477-496-498,23,0.9834454419835932,0.9834454419835932,WOOOWWWO,OOOOOOWO
2,ddelta,477,496,498,477-496-498,24,1.5981179871986115,1.5981179871986115,WWWWWWOO,OWWWOOOO
2,ddelta,477,496,498,477-496-498,25,-2.437678400947881,2.437678400947881,WOWWWWOO,OOWWOOOO
2,ddelta,477,496,498,477-496-498,26,-0.8951829632273284,0.8951829632273284,WWOWWWOO,OWOWOOOO
2,ddelta,477,496,498,477-496-498,27,-0.055679779476809105,0.055679779476809105,WOOWWWOO,OOOWOOOO
2,ddelta,477,496,498,477-496-498,28,0.2435233634736158,0.2435233634736158,WWWOWWOO,OWWOOOOO
2,ddelta,477,496,498,477-496-498,29,2.924453799628256,2.924453799628256,WOWOWWOO,OOWOOOOO
2,ddelta,477,496,498,477-496-498,30,0.18132834032756406,0.18132834032756406,WWOOWWOO,OWOOOOOO
2,ddelta,477,496,498,477-496-498,31,-2.5599117297689786,2.5599117297689786,WOOOWWOO,OOOOOOOO
2,ddelta,477,496,501,477-496-501,0,0.3491195354816101,0.3491195354816101,WWWWWWWW,OWWWOWOW
2,ddelta,477,496,501,477-496-501,1,1.4673196067157428,1.4673196067157428,WOWWWWWW,OOWWOWOW
2,ddelta,477,496,501,477-496-501,2,-3.689881362956195,3.689881362956195,WWOWWWWW,OWOWOWOW
2,ddelta,477,496,501,477-496-501,3,1.4442360998633768,1.4442360998633768,WOOWWWWW,OOOWOWOW
2,ddelta,477,496,501,477-496-501,4,-3.2428304889564377,3.2428304889564377,WWWOWWWW,OWWOOWOW
2,ddelta,477,496,501,477-496-501,5,4.971653068396417,4.971653068396417,WOWOWWWW,OOWOOWOW
2,ddelta,477,496,501,477-496-501,6,-1.4841093592256194,1.4841093592256194,WWOOWWWW,OWOOOWOW
2,ddelta,477,496,501,477-496-501,7,3.8267789681960283,3.8267789681960283,WOOOWWWW,OOOOOWOW
2,ddelta,477,496,501,477-496-501,8,-2.476330979502248,2.476330979502248,WWWWWOWW,OWWWOOOW
2,ddelta,477,496,501,477-496-501,9,-2.806378980545815,2.806378980545815,WOWWWOWW,OOWWOOOW
2,ddelta,477,496,501,477-496-501,10,-1.6596620399099433,1.6596620399099433,WWOWWOWW,OWOWOOOW
2,ddelta,477,496,501,477-496-501,11,-1.3757397547241272,1.3757397547241272,WOOWWOWW,OOOWOOOW
2,ddelta,477,496,501,477-496-501,12,0.1077902977950922,0.1077902977950922,WWWOWOWW,OWWOOOOW
2,ddelta,477,496,501,477-496-501,13,-3.0231117851136875,3.0231117851136875,WOWOWOWW,OOWOOOOW
2,ddelta,477,496,501,477-496-501,14,-0.999855095957559,0.999855095957559,WWOOWOWW,OWOOOOOW
2,ddelta,477,496,501,477-496-501,15,-0.19407941758075964,0.19407941758075964,WOOOWOWW,OOOOOOOW
2,ddelta,477,496,501,477-496-501,16,-2.7761536758679934,2.7761536758679934,WWWWWWWO,OWWWOWOO
2,ddelta,477,496,501,477-496-501,17,0.6442028461658376,0.6442028461658376,WOWWWWWO,OOWWOWOO
2,ddelta,477,496,501,477-496-501,18,-1.1180424138628453,1.1180424138628453,WWOWWWWO,OWOWOWOO
2,ddelta,477,496,501,477-496-501,19,0.3380738604904743,0.3380738604904743,WOOWWWWO,OOOWOWOO
2,ddelta,477,496,501,477-496-501,20,0.15071114470253777,0.15071114470253777,WWWOWWWO,OWWOOWOO
2,ddelta,477,496,501,477-496-501,21,-5.726766033413993,5.726766033413993,WOWOWWWO,OOWOOWOO
2,ddelta,477,496,501,477-496-501,22,6.238426292066622,6.238426292066622,WWOOWWWO,OWOOOWOO
2,ddelta,477,496,501,477-496-501,23,2.0971523515861845,2.0971523515861845,WOOOWWWO,OOOOOWOO
2,ddelta,477,496,501,477-496-501,24,1.3357255285374399,1.3357255285374399,WWWWWOWO,OWWWOOOO
2,ddelta,477,496,501,477-496-501,25,-1.3972340938623913,1.3972340938623913,WOWWWOWO,OOWWOOOO
2,ddelta,477,496,501,477-496-501,26,-2.169035272418947,2.169035272418947,WWOWWOWO,OWOWOOOO
2,ddelta,477,496,501,477-496-501,27,0.8783702493327605,0.8783702493327605,WOOWWOWO,OOOWOOOO
2,ddelta,477,496,501,477-496-501,28,0.6329710466519396,0.6329710466519396,WWWOWOWO,OWWOOOOO
2,ddelta,477,496,501,477-496-501,29,0.008307683783508768,0.008307683783508768,WOWOWOWO,OOWOOOOO
2,ddelta,477,496,501,477-496-501,30,2.2574047178172094,2.2574047178172094,WWOOWOWO,OWOOOOOO
2,ddelta,477,496,501,477-496-501,31,-1.4462048201663873,1.4462048201663873,WOOOWOWO,OOOOOOOO
2,ddelta,477,496,505,477-496-505,0,2.8834815388893613,2.8834815388893613,WWWWWWWW,OWWWOWWO
2,ddelta,477,496,505,477-496-505,1,1.8935935543620712,1.8935935543620712,WOWWWWWW,OOWWOWWO
2,ddelta,477,496,505,477-496-505,2,-1.0485818443560166,1.0485818443560166,WWOWWWWW,OWOWOWWO
2,ddelta,477,496,505,477-496-505,3,-1.0455571121469165,1.0455571121469165,WOOWWWWW,OOOWOWWO
2,ddelta,477,496,505,477-496-505,4,-1.2537676562330071,1.2537676562330071,WWWOWWWW,OWWOOWWO
2,ddelta,477,496,505,477-496-505,5,5.746269964787784,5.746269964787784,WOWOWWWW,OOWOOWWO
2,ddelta,477,496,505,477-496-505,6,-7.077065626133088,7.077065626133088,WWOOWWWW,OWOOOWWO
2,ddelta,477,496,505,477-496-505,7,0.5057647045422582,0.5057647045422582,WOOOWWWW,OOOOOWWO
2,ddelta,477,496,505,477-496-505,8,-2.467721726795289,2.467721726795289,WWWWWOWW,OWWWOOWO
2,ddelta,477,496,505,477-496-505,9,-0.19920161906704847,0.19920161906704847,WOWWWOWW,OOWWOOWO
2,ddelta,477,496,505,477-496-505,10,0.8967549182132404,0.8967549182132404,WWOWWOWW,OWOWOOWO
2,ddelta,477,496,505,477-496-505,11,-3.674913738498425,3.674913738498425,WOOWWOWW,OOOWOOWO
2,ddelta,477,496,505,477-496-505,12,-0.4251023513184762,0.4251023513184762,WWWOWOWW,OWWOOOWO
2,ddelta,477,496,505,477-496-505,13,-2.294541074167053,2.294541074167053,WOWOWOWW,OOWOOOWO
2,ddelta,477,496,505,477-496-505,14,-0.8285878985999386,0.8285878985999386,WWOOWOWW,OWOOOOWO
2,ddelta,477,496,505,477-496-505,15,-0.4670655465703377,0.4670655465703377,WOOOWOWW,OOOOOOWO
2,ddelta,477,496,505,477-496-505,16,-0.24179167246024225,0.24179167246024225,WWWWWWOW,OWWWOWOO
2,ddelta,477,496,505,477-496-505,17,1.0704767938121664,1.0704767938121664,WOWWWWOW,OOWWOWOO
2,ddelta,477,496,505,477-496-505,18,1.523257104737333,1.523257104737333,WWOWWWOW,OWOWOWOO
2,ddelta,477,496,505,477-496-505,19,-2.1517193515198185,2.1517193515198185,WOOWWWOW,OOOWOWOO
2,ddelta,477,496,505,477-496-505,20,2.1397739774259668,2.1397739774259668,WWWOWWOW,OWWOOWOO
2,ddelta,477,496,505,477-496-505,21,-4.9521491370226265,4.9521491370226265,WOWOWWOW,OOWOOWOO
2,ddelta,477,496,505,477-496-505,22,0.6454700251591541,0.6454700251591541,WWOOWWOW,OWOOOWOO
2,ddelta,477,496,505,477-496-505,23,-1.2238619120675855,1.2238619120675855,WOOOWWOW,OOOOOWOO
2,ddelta,477,496,505,477-496-505,24,1.3443347812443989,1.3443347812443989,WWWWWOOW,OWWWOOOO
2,ddelta,477,496,505,477-496-505,25,1.2099432676163746,1.2099432676163746,WOWWWOOW,OOWWOOOO
2,ddelta,477,496,505,477-496-505,26,0.3873816857042367,0.3873816857042367,WWOWWOOW,OWOWOOOO
2,ddelta,477,496,505,477-496-505,27,-1.4208037344415376,1.4208037344415376,WOOWWOOW,OOOWOOOO
2,ddelta,477,496,505,477-496-505,28,0.10007839753837117,0.10007839753837117,WWWOWOOW,OWWOOOOO
2,ddelta,477,496,505,477-496-505,29,0.7368783947301418,0.7368783947301418,WOWOWOOW,OOWOOOOO
2,ddelta,477,496,505,477-496-505,30,2.4286719151748293,2.4286719151748293,WWOOWOOW,OWOOOOOO
2,ddelta,477,496,505,477-496-505,31,-1.7191909491559652,1.7191909491559652,WOOOWOOW,OOOOOOOO
2,ddelta,477,498,501,477-498-501,0,1.257469927361788,1.257469927361788,WWWWWWWW,OWWWWOOW
2,ddelta,477,498,501,477-498-501,1,1.7801148821225663,1.7801148821225663,WOWWWWWW,OOWWWOOW
2,ddelta,477,498,501,477-498-501,2,-1.7637585930770276,1.7637585930770276,WWOWWWWW,OWOWWOOW
2,ddelta,477,498,501,477-498-501,3,2.046008090805796,2.046008090805796,WOOWWWWW,OOOWWOOW
2,ddelta,477,498,501,477-498-501,4,0.2714206364755564,0.2714206364755564,WWWOWWWW,OWWOWOOW
2,ddelta,477,498,501,477-498-501,5,0.3097392449561489,0.3097392449561489,WOWOWWWW,OOWOWOOW
2,ddelta,477,498,501,477-498-501,6,-2.7462216980685827,2.7462216980685827,WWOOWWWW,OWOOWOOW
2,ddelta,477,498,501,477-498-501,7,2.2613555889626795,2.2613555889626795,WOOOWWWW,OOOOWOOW
2,ddelta,477,498,501,477-498-501,8,-1.56798058762207,1.56798058762207,WWWWOWWW,OWWWOOOW
2,ddelta,477,498,501,477-498-501,9,-2.493583705138991,2.493583705138991,WOWWOWWW,OOWWOOOW
2,ddelta,477,498,501,477-498-501,10,0.26646072996922454,0.26646072996922454,WWOWOWWW,OWOWOOOW
2,ddelta,477,498,501,477-498-501,11,-0.7739677637817075,0.7739677637817075,WOOWOWWW,OOOWOOOW
2,ddelta,477,498,501,477-498-501,12,3.6220414232270866,3.6220414232270866,WWWOOWWW,OWWOOOOW
2,ddelta,477,498,501,477-498-501,13,-7.685025608553955,7.685025608553955,WOWOOWWW,OOWOOOOW
2,ddelta,477,498,501,477-498-501,14,-2.261967434800521,2.261967434800521,WWOOOWWW,OWOOOOOW
2,ddelta,477,498,501,477-498-501,15,-1.7595027968141088,1.7595027968141088,WOOOOWWW,OOOOOOOW
2,ddelta,477,498,501,477-498-501,16,0.7305391521532987,0.7305391521532987,WWWWWWWO,OWWWWOOO
2,ddelta,477,498,501,477-498-501,17,1.4736792209616685,1.4736792209616685,WOWWWWWO,OOWWWOOO
2,ddelta,477,498,501,477-498-501,18,1.390672908544337,1.390672908544337,WWOWWWWO,OWOWWOOO
2,ddelta,477,498,501,477-498-501,19,-1.7872966983168437,1.7872966983168437,WOOWWWWO,OOOWWOOO
2,ddelta,477,498,501,477-498-501,20,0.6281530380314924,0.6281530380314924,WWWOWWWO,OWWOWOOO
2,ddelta,477,498,501,477-498-501,21,-0.20445342907829023,0.20445342907829023,WOWOWWWO,OOWOWOOO
2,ddelta,477,498,501,477-498-501,22,-0.6625719057954322,0.6625719057954322,WWOOWWWO,OWOOWOOO
2,ddelta,477,498,501,477-498-501,23,2.0860107651155433,2.0860107651155433,WOOOWWWO,OOOOWOOO
2,ddelta,477,498,501,477-498-501,24,4.842418356558731,4.842418356558731,WWWWOWWO,OWWWOOOO
2,ddelta,477,498,501,477-498-501,25,-0.5677577190665608,0.5677577190665608,WOWWOWWO,OOWWOOOO
2,ddelta,477,498,501,477-498-501,26,0.3396800499882353,0.3396800499882353,WWOWOWWO,OWOWOOOO
2,ddelta,477,498,501,477-498-501,27,-1.2470003094745583,1.2470003094745583,WOOWOWWO,OOOWOOOO
2,ddelta,477,498,501,477-498-501,28,1.110412939980895,1.110412939980895,WWWOOWWO,OWWOOOOO
2,ddelta,477,498,501,477-498-501,29,5.530620288119212,5.530620288119212,WOWOOWWO,OOWOOOOO
2,ddelta,477,498,501,477-498-501,30,-4.643593480044844,4.643593480044844,WWOOOWWO,OWOOOOOO
2,ddelta,477,498,501,477-498-501,31,-1.4573464066370283,1.4573464066370283,WOOOOWWO,OOOOOOOO
2,ddelta,477,498,505,477-498-505,0,0.6106981870134611,0.6106981870134611,WWWWWWWW,OWWWWOWO
2,ddelta,477,498,505,477-498-505,1,0.09712752879579026,0.09712752879579026,WOWWWWWW,OOWWWOWO
2,ddelta,477,498,505,477-498-505,2,-2.972040699131611,2.972040699131611,WWOWWWWW,OWOWWOWO
2,ddelta,477,498,505,477-498-505,3,2.738883837136454,2.738883837136454,WOOWWWWW,OOOWWOWO
2,ddelta,477,498,505,477-498-505,4,-0.5980392707972688,0.5980392707972688,WWWOWWWW,OWWOWOWO
2,ddelta,477,498,505,477-498-505,5,1.2956519430792213,1.2956519430792213,WOWOWWWW,OOWOWOWO
2,ddelta,477,498,505,477-498-505,6,-2.7632890641157895,2.7632890641157895,WWOOWWWW,OWOOWOWO
2,ddelta,477,498,505,477-498-505,7,-0.9418334755229034,0.9418334755229034,WOOOWWWW,OOOOWOWO
2,ddelta,477,498,505,477-498-505,8,-4.740505078671188,4.740505078671188,WWWWOWWW,OWWWOOWO
2,ddelta,477,498,505,477-498-505,9,-1.9956676446333295,1.9956676446333295,WOWWOWWW,OOWWOOWO
2,ddelta,477,498,505,477-498-505,10,-1.026703936562352,1.026703936562352,WWOWOWWW,OWOWOOWO
2,ddelta,477,498,505,477-498-505,11,0.10952721078494587,0.10952721078494587,WOOWOWWW,OOOWOOWO
2,ddelta,477,498,505,477-498-505,12,0.23062603411726412,0.23062603411726412,WWWOOWWW,OWWOOOWO
2,ddelta,477,498,505,477-498-505,13,-6.745159095875616,6.745159095875616,WOWOOWWW,OOWOOOWO
2,ddelta,477,498,505,477-498-505,14,3.485188663417359,3.485188663417359,WWOOOWWW,OWOOOOWO
2,ddelta,477,498,505,477-498-505,15,-1.9146637266354989,1.9146637266354989,WOOOOWWW,OOOOOOWO
2,ddelta,477,498,505,477-498-505,16,0.08376741180497194,0.08376741180497194,WWWWWWOW,OWWWWOOO
2,ddelta,477,498,505,477-498-505,17,-0.2093081323651078,0.2093081323651078,WOWWWWOW,OOWWWOOO
2,ddelta,477,498,505,477-498-505,18,0.18239080248975403,0.18239080248975403,WWOWWWOW,OWOWWOOO
2,ddelta,477,498,505,477-498-505,19,-1.094420951986185,1.094420951986185,WOOWWWOW,OOOWWOOO
2,ddelta,477,498,505,477-498-505,20,-0.24130686924133293,0.24130686924133293,WWWOWWOW,OWWOWOOO
2,ddelta,477,498,505,477-498-505,21,0.7814592690447822,0.7814592690447822,WOWOWWOW,OOWOWOOO
2,ddelta,477,498,505,477-498-505,22,-0.6796392718426381,0.6796392718426381,WWOOWWOW,OWOOWOOO
2,ddelta,477,498,505,477-498-505,23,-1.1171782993700399,1.1171782993700399,WOOOWWOW,OOOOWOOO
2,ddelta,477,498,505,477-498-505,24,1.6698938655096132,1.6698938655096132,WWWWOWOW,OWWWOOOO
2,ddelta,477,498,505,477-498-505,25,-0.06984165856089897,0.06984165856089897,WOWWOWOW,OOWWOOOO
2,ddelta,477,498,505,477-498-505,26,-0.953484616543342,0.953484616543342,WWOWOWOW,OWOWOOOO
2,ddelta,477,498,505,477-498-505,27,-0.36350533490790404,0.36350533490790404,WOOWOWOW,OOOWOOOO
2,ddelta,477,498,505,477-498-505,28,-2.2810024491289287,2.2810024491289287,WWWOOWOW,OWWOOOOO
2,ddelta,477,498,505,477-498-505,29,6.470486800797551,6.470486800797551,WOWOOWOW,OOWOOOOO
2,ddelta,477,498,505,477-498-505,30,1.1035626181730371,1.1035626181730371,WWOOOWOW,OWOOOOOO
2,ddelta,477,498,505,477-498-505,31,-1.6125073364584197,1.6125073364584197,WOOOOWOW,OOOOOOOO
2,ddelta,477,501,505,477-501-505,0,0.15236161358728817,0.15236161358728817,WWWWWWWW,OWWWWWOO
2,ddelta,477,501,505,477-501-505,1,-0.6905877467743375,0.6905877467743375,WOWWWWWW,OOWWWWOO
2,ddelta,477,501,505,477-501-505,2,-2.7745588080179506,2.7745588080179506,WWOWWWWW,OWOWWWOO
2,ddelta,477,501,505,477-501-505,3,2.136093126046787,2.136093126046787,WOOWWWWW,OOOWWWOO
2,ddelta,477,501,505,477-501-505,4,-1.9601634517571636,1.9601634517571636,WWWOWWWW,OWWOWWOO
2,ddelta,477,501,505,477-501-505,5,-0.49573324105887073,0.49573324105887073,WOWOWWWW,OOWOWWOO
2,ddelta,477,501,505,477-501-505,6,-3.0833679804211847,3.0833679804211847,WWOOWWWW,OWOOWWOO
2,ddelta,477,501,505,477-501-505,7,0.2884031143367849,0.2884031143367849,WOOOWWWW,OOOOWWOO
2,ddelta,477,501,505,477-501-505,8,-2.972911597762315,2.972911597762315,WWWWOWWW,OWWWOWOO
2,ddelta,477,501,505,477-501-505,9,-1.5137045073242423,1.5137045073242423,WOWWOWWW,OOWWOWOO
2,ddelta,477,501,505,477-501-505,10,-0.20271985892460043,0.20271985892460043,WWOWOWWW,OWOWOWOO
2,ddelta,477,501,505,477-501-505,11,1.0299308866738852,1.0299308866738852,WOOWOWWW,OOOWOWOO
2,ddelta,477,501,505,477-501-505,12,1.433378181901812,1.433378181901812,WWWOOWWW,OWWOOWOO
2,ddelta,477,501,505,477-501-505,13,-11.194152342869282,11.194152342869282,WOWOOWWW,OOWOOWOO
2,ddelta,477,501,505,477-501-505,14,4.639167670871057,4.639167670871057,WWOOOWWW,OWOOOWOO
2,ddelta,477,501,505,477-501-505,15,-1.4412235022730582,1.4412235022730582,WOOOOWWW,OOOOOWOO
2,ddelta,477,501,505,477-501-505,16,-0.37456916162120124,0.37456916162120124,WWWWWOWW,OWWWWOOO
2,ddelta,477,501,505,477-501-505,17,-0.9970234079352354,0.9970234079352354,WOWWWOWW,OOWWWOOO
2,ddelta,477,501,505,477-501-505,18,0.37987269360341447,0.37987269360341447,WWOWWOWW,OWOWWOOO
2,ddelta,477,501,505,477-501-505,19,-1.6972116630758525,1.6972116630758525,WOOWWOWW,OOOWWOOO
2,ddelta,477,501,505,477-501-505,20,-1.603431050201228,1.603431050201228,WWWOWOWW,OWWOWOOO
2,ddelta,477,501,505,477-501-505,21,-1.00992591509331,1.00992591509331,WOWOWOWW,OOWOWOOO
2,ddelta,477,501,505,477-501-505,22,-0.9997181881480341,0.9997181881480341,WWOOWOWW,OWOOWOOO
2,ddelta,477,501,505,477-501-505,23,0.11305829048964844,0.11305829048964844,WOOOWOWW,OOOOWOOO
2,ddelta,477,501,505,477-501-505,24,3.4374873464184867,3.4374873464184867,WWWWOOWW,OWWWOOOO
2,ddelta,477,501,505,477-501-505,25,0.41212147874818794,0.41212147874818794,WOWWOOWW,OOWWOOOO
2,ddelta,477,501,505,477-501-505,26,-0.12950053890558966,0.12950053890558966,WWOWOOWW,OWOWOOOO
2,ddelta,477,501,505,477-501-505,27,0.5568983409810353,0.5568983409810353,WOOWOOWW,OOOWOOOO
2,ddelta,477,501,505,477-501-505,28,-1.0782503013443807,1.0782503013443807,WWWOOOWW,OWWOOOOO
2,ddelta,477,501,505,477-501-505,29,2.021493553803886,2.021493553803886,WOWOOOWW,OOWOOOOO
2,ddelta,477,501,505,477-501-505,30,2.257541625626734,2.257541625626734,WWOOOOWW,OWOOOOOO
2,ddelta,477,501,505,477-501-505,31,-1.1390671120959786,1.1390671120959786,WOOOOOWW,OOOOOOOO
2,ddelta,478,484,493,478-484-493,0,-2.4174112748486545,2.4174112748486545,WWWWWWWW,WOOOWWWW
2,ddelta,478,484,493,478-484-493,1,-0.8774895550186315,0.8774895550186315,OWWWWWWW,OOOOWWWW
2,ddelta,478,484,493,478-484-493,2,-3.9373164617976903,3.9373164617976903,WWWWOWWW,WOOOOWWW
2,ddelta,478,484,493,478-484-493,3,-0.5996011375649808,0.5996011375649808,OWWWOWWW,OOOOOWWW
2,ddelta,478,484,493,478-484-493,4,0.5499418848872484,0.5499418848872484,WWWWWOWW,WOOOWOWW
2,ddelta,478,484,493,478-484-493,5,2.6452468355175496,2.6452468355175496,OWWWWOWW,OOOOWOWW
2,ddelta,478,484,493,478-484-493,6,0.6311025505772938,0.6311025505772938,WWWWOOWW,WOOOOOWW
2,ddelta,478,484,493,478-484-493,7,-2.6947840143545254,2.6947840143545254,OWWWOOWW,OOOOOOWW
2,ddelta,478,484,493,478-484-493,8,-0.11905260737230627,0.11905260737230627,WWWWWWOW,WOOOWWOW
2,ddelta,478,484,493,478-484-493,9,1.0570099236620278,1.0570099236620278,OWWWWWOW,OOOOWWOW
2,ddelta,478,484,493,478-484-493,10,2.1649409689844834,2.1649409689844834,WWWWOWOW,WOOOOWOW
2,ddelta,478,484,493,478-484-493,11,-1.7807155170951443,1.7807155170951443,OWWWOWOW,OOOOOWOW
2,ddelta,478,484,493,478-484-493,12,-3.9265435337875707,3.9265435337875707,WWWWWOOW,WOOOWOOW
2,ddelta,478,484,493,478-484-493,13,-0.5129608225243352,0.5129608225243352,OWWWWOOW,OOOOWOOW
2,ddelta,478,484,493,478-484-493,14,-0.4619754200997351,0.4619754200997351,WWWWOOOW,WOOOOOOW
2,ddelta,478,484,493,478-484-493,15,0.8531232506575743,0.8531232506575743,OWWWOOOW,OOOOOOOW
2,ddelta,478,484,493,478-484-493,16,-2.3698684156264482,2.3698684156264482,WWWWWWWO,WOOOWWWO
2,ddelta,478,484,493,478-484-493,17,0.8031160035978258,0.8031160035978258,OWWWWWWO,OOOOWWWO
2,ddelta,478,484,493,478-484-493,18,-2.3980823893251664,2.3980823893251664,WWWWOWWO,WOOOOWWO
2,ddelta,478,484,493,478-484-493,19,2.162575627219957,2.162575627219957,OWWWOWWO,OOOOOWWO
2,ddelta,478,484,493,478-484-493,20,1.6717912902158727,1.6717912902158727,WWWWWOWO,WOOOWOWO
2,ddelta,478,484,493,478-484-493,21,-0.8965718795289166,0.8965718795289166,OWWWWOWO,OOOOWOWO
2,ddelta,478,484,493,478-484-493,22,0.40427159097076965,0.40427159097076965,WWWWOOWO,WOOOOOWO
2,ddelta,478,484,493,478-484-493,23,1.485866744981944,1.485866744981944,OWWWOOWO,OOOOOOWO
2,ddelta,478,484,493,478-484-493,24,-0.326772925839129,0.326772925839129,WWWWWWOO,WOOOWWOO
2,ddelta,478,484,493,478-484-493,25,-1.36390810577723,1.36390810577723,OWWWWWOO,OOOOWWOO
2,ddelta,478,484,493,478-484-493,26,-3.5158095386783206,3.5158095386783206,WWWWOWOO,WOOOOWOO
2,ddelta,478,484,493,478-484-493,27,0.5351723640210304,0.5351723640210304,OWWWOWOO,OOOOOWOO
2,ddelta,478,484,493,478-484-493,28,0.866652876832706,0.866652876832706,WWWWWOOO,WOOOWOOO
2,ddelta,478,484,493,478-484-493,29,1.5904689216158496,1.5904689216158496,OWWWWOOO,OOOOWOOO
2,ddelta,478,484,493,478-484-493,30,-0.20052216956496594,0.20052216956496594,WWWWOOOO,WOOOOOOO
2,ddelta,478,484,493,478-484-493,31,-4.686059120292565,4.686059120292565,OWWWOOOO,OOOOOOOO
2,ddelta,478,484,496,478-484-496,0,1.3244611255685281,1.3244611255685281,WWWWWWWW,WOOWOWWW
2,ddelta,478,484,496,478-484-496,1,0.3250158960554308,0.3250158960554308,OWWWWWWW,OOOWOWWW
2,ddelta,478,484,496,478-484-496,2,-0.1954440613805078,0.1954440613805078,WWWOWWWW,WOOOOWWW
2,ddelta,478,484,496,478-484-496,3,0.6029043135090814,0.6029043135090814,OWWOWWWW,OOOOOWWW
2,ddelta,478,484,496,478-484-496,4,-1.7807578825094217,1.7807578825094217,WWWWWOWW,WOOWOOWW
2,ddelta,478,484,496,478-484-496,5,2.18359254921874,2.18359254921874,OWWWWOWW,OOOWOOWW
2,ddelta,478,484,496,478-484-496,6,-1.6995972168193754,1.6995972168193754,WWWOWOWW,WOOOOOWW
2,ddelta,478,484,496,478-484-496,7,-3.156438300653335,3.156438300653335,OWWOWOWW,OOOOOOWW
2,ddelta,478,484,496,478-484-496,8,-1.688507475442159,1.688507475442159,WWWWWWOW,WOOWOWOW
2,ddelta,478,484,496,478-484-496,9,1.3279646866301837,1.3279646866301837,OWWWWWOW,OOOWOWOW
2,ddelta,478,484,496,478-484-496,10,0.5954861009146308,0.5954861009146308,WWWOWWOW,WOOOOWOW
2,ddelta,478,484,496,478-484-496,11,-1.5097607541269882,1.5097607541269882,OWWOWWOW,OOOOOWOW
2,ddelta,478,484,496,478-484-496,12,-4.550449113554351,4.550449113554351,WWWWWOOW,WOOWOOOW
2,ddelta,478,484,496,478-484-496,13,0.02787160440319303,0.02787160440319303,OWWWWOOW,OOOWOOOW
2,ddelta,478,484,496,478-484-496,14,-1.0858809998665153,1.0858809998665153,WWWOWOOW,WOOOOOOW
2,ddelta,478,484,496,478-484-496,15,1.393955677585103,1.393955677585103,OWWOWOOW,OOOOOOOW
2,ddelta,478,484,496,478-484-496,16,-0.5423313627401368,0.5423313627401368,WWWWWWWO,WOOWOWWO
2,ddelta,478,484,496,478-484-496,17,-0.5488638755168445,0.5488638755168445,OWWWWWWO,OOOWOWWO
2,ddelta,478,484,496,478-484-496,18,-0.5705453364388555,0.5705453364388555,WWWOWWWO,WOOOOWWO
2,ddelta,478,484,496,478-484-496,19,0.810595748105287,0.810595748105287,OWWOWWWO,OOOOOWWO
2,ddelta,478,484,496,478-484-496,20,2.5548973026109785,2.5548973026109785,WWWWWOWO,WOOWOOWO
2,ddelta,478,484,496,478-484-496,21,-0.3209410301007667,0.3209410301007667,OWWWWOWO,OOOWOOWO
2,ddelta,478,484,496,478-484-496,22,1.2873776033658755,1.2873776033658755,WWWOWOWO,WOOOOOWO
2,ddelta,478,484,496,478-484-496,23,2.0614975944100946,2.0614975944100946,OWWOWOWO,OOOOOOWO
2,ddelta,478,484,496,478-484-496,24,0.6030844794750497,0.6030844794750497,WWWWWWOO,WOOWOWOO
2,ddelta,478,484,496,478-484-496,25,-1.367688280982168,1.367688280982168,OWWWWWOO,OOOWOWOO
2,ddelta,478,484,496,478-484-496,26,-2.5859521333641418,2.5859521333641418,WWWOWWOO,WOOOOWOO
2,ddelta,478,484,496,478-484-496,27,0.5313921888160926,0.5313921888160926,OWWOWWOO,OOOOOWOO
2,ddelta,478,484,496,478-484-496,28,-0.1427352289535826,0.1427352289535826,WWWWWOOO,WOOWOOOO
2,ddelta,478,484,496,478-484-496,29,2.7617915824862114,2.7617915824862114,OWWWWOOO,OOOWOOOO
2,ddelta,478,484,496,478-484-496,30,-1.2099102753512545,1.2099102753512545,WWWOWOOO,WOOOOOOO
2,ddelta,478,484,496,478-484-496,31,-3.5147364594222026,3.5147364594222026,OWWOWOOO,OOOOOOOO
2,ddelta,478,484,498,478-484-498,0,-0.5697045565308017,0.5697045565308017,WWWWWWWW,WOOWWOWW
2,ddelta,478,484,498,478-484-498,1,-3.3017663774786237,3.3017663774786237,OWWWWWWW,OOOWWOWW
2,ddelta,478,484,498,478-484-498,2,2.3976486032051016,2.3976486032051016,WWWOWWWW,WOOOWOWW
2,ddelta,478,484,498,478-484-498,3,0.22097001305755726,0.22097001305755726,OWWOWWWW,OOOOWOWW
2,ddelta,478,484,498,478-484-498,4,-3.674923564608751,3.674923564608751,WWWWOWWW,WOOWOOWW
2,ddelta,478,484,498,478-484-498,5,-1.4431897243153147,1.4431897243153147,OWWWOWWW,OOOWOOWW
2,ddelta,478,484,498,478-484-498,6,0.893495447766234,0.893495447766234,WWWOOWWW,WOOOOOWW
2,ddelta,478,484,498,478-484-498,7,-3.538372601104859,3.538372601104859,OWWOOWWW,OOOOOOWW
2,ddelta,478,484,498,478-484-498,8,0.4125056766668286,0.4125056766668286,WWWWWWOW,WOOWWOOW
2,ddelta,478,484,498,478-484-498,9,0.9675655848410518,0.9675655848410518,OWWWWWOW,OOOWWOOW
2,ddelta,478,484,498,478-484-498,10,-3.3949852497484354,3.3949852497484354,WWWOWWOW,WOOOWOOW
2,ddelta,478,484,498,478-484-498,11,-0.6024051613453105,0.6024051613453105,OWWOWWOW,OOOOWOOW
2,ddelta,478,484,498,478-484-498,12,-2.4494359614453636,2.4494359614453636,WWWWOWOW,WOOWOOOW
2,ddelta,478,484,498,478-484-498,13,-0.3325274973859387,0.3325274973859387,OWWWOWOW,OOOWOOOW
2,ddelta,478,484,498,478-484-498,14,-5.076352350529582,5.076352350529582,WWWOOWOW,WOOOOOOW
2,ddelta,478,484,498,478-484-498,15,2.3013112703667797,2.3013112703667797,OWWOOWOW,OOOOOOOW
2,ddelta,478,484,498,478-484-498,16,-2.3043569554216785,2.3043569554216785,WWWWWWWO,WOOWWOWO
2,ddelta,478,484,498,478-484-498,17,1.1880764181162362,1.1880764181162362,OWWWWWWO,OOOWWOWO
2,ddelta,478,484,498,478-484-498,18,1.737302750420643,1.737302750420643,WWWOWWWO,WOOOWOWO
2,ddelta,478,484,498,478-484-498,19,-0.5116114650105061,0.5116114650105061,OWWOWWWO,OOOOWOWO
2,ddelta,478,484,498,478-484-498,20,0.7928717099294378,0.7928717099294378,WWWWOWWO,WOOWOOWO
2,ddelta,478,484,498,478-484-498,21,1.415999263532314,1.415999263532314,OWWWOWWO,OOOWOOWO
2,ddelta,478,484,498,478-484-498,22,3.595225690225373,3.595225690225373,WWWOOWWO,WOOOOOWO
2,ddelta,478,484,498,478-484-498,23,0.739290381294301,0.739290381294301,OWWOOWWO,OOOOOOWO
2,ddelta,478,484,498,478-484-498,24,-0.2534748444147357,0.2534748444147357,WWWWWWOO,WOOWWOOO
2,ddelta,478,484,498,478-484-498,25,-0.6821511465463718,0.6821511465463718,OWWWWWOO,OOOWWOOO
2,ddelta,478,484,498,478-484-498,26,0.9399509582570991,0.9399509582570991,WWWOWWOO,WOOOWOOO
2,ddelta,478,484,498,478-484-498,27,2.272225880846708,2.272225880846708,OWWOWWOO,OOOOWOOO
2,ddelta,478,484,498,478-484-498,28,-0.9992945528433683,0.9992945528433683,WWWWOWOO,WOOWOOOO
2,ddelta,478,484,498,478-484-498,29,3.4473287169220073,3.4473287169220073,OWWWOWOO,OOOWOOOO
2,ddelta,478,484,498,478-484-498,30,2.3159928162699863,2.3159928162699863,WWWOOWOO,WOOOOOOO
2,ddelta,478,484,498,478-484-498,31,-1.7739027673915877,1.7739027673915877,OWWOOWOO,OOOOOOOO
2,ddelta,478,484,501,478-484-501,0,0.6818385154318884,0.6818385154318884,WWWWWWWW,WOOWWWOW
2,ddelta,478,484,501,478-484-501,1,-0.8902943726369428,0.8902943726369428,OWWWWWWW,OOOWWWOW
2,ddelta,478,484,501,478-484-501,2,2.9801971829082365,2.9801971829082365,WWWOWWWW,WOOOWWOW
2,ddelta,478,484,501,478-484-501,3,1.0442051060437163,1.0442051060437163,OWWOWWWW,OOOOWWOW
2,ddelta,478,484,501,478-484-501,4,-2.3311300855787986,2.3311300855787986,WWWWOWWW,WOOWOWOW
2,ddelta,478,484,501,478-484-501,5,0.11265441793781045,0.11265441793781045,OWWWOWWW,OOOWOWOW
2,ddelta,478,484,501,478-484-501,6,3.771127345203375,3.771127345203375,WWWOOWWW,WOOOOWOW
2,ddelta,478,484,501,478-484-501,7,-1.0684599615923525,1.0684599615923525,OWWOOWWW,OOOOOWOW
2,ddelta,478,484,501,478-484-501,8,1.6640487486295186,1.6640487486295186,WWWWWOWW,WOOWWOOW
2,ddelta,478,484,501,478-484-501,9,3.379037589682733,3.379037589682733,OWWWWOWW,OOOWWOOW
2,ddelta,478,484,501,478-484-501,10,-2.812436670045301,2.812436670045301,WWWOWOWW,WOOOWOOW
2,ddelta,478,484,501,478-484-501,11,0.22082993164084885,0.22082993164084885,OWWOWOWW,OOOOWOOW
2,ddelta,478,484,501,478-484-501,12,-1.1056424824154112,1.1056424824154112,WWWWOOWW,WOOWOOOW
2,ddelta,478,484,501,478-484-501,13,1.2233166448671864,1.2233166448671864,OWWWOOWW,OOOWOOOW
2,ddelta,478,484,501,478-484-501,14,-2.198720453092441,2.198720453092441,WWWOOOWW,WOOOOOOW
2,ddelta,478,484,501,478-484-501,15,4.771223909879286,4.771223909879286,OWWOOOWW,OOOOOOOW
2,ddelta,478,484,501,478-484-501,16,-1.6107855026989313,1.6107855026989313,WWWWWWWO,WOOWWWOO
2,ddelta,478,484,501,478-484-501,17,2.5706829036586014,2.5706829036586014,OWWWWWWO,OOOWWWOO
2,ddelta,478,484,501,478-484-501,18,0.4323099870883884,0.4323099870883884,WWWOWWWO,WOOOWWOO
2,ddelta,478,484,501,478-484-501,19,0.40365879428354523,0.40365879428354523,OWWOWWWO,OOOOWWOO
2,ddelta,478,484,501,478-484-501,20,-0.46536966048374406,0.46536966048374406,WWWWOWWO,WOOWOWOO
2,ddelta,478,484,501,478-484-501,21,1.7518584981932777,1.7518584981932777,OWWWOWWO,OOOWOWOO
2,ddelta,478,484,501,478-484-501,22,-1.5830968098368983,1.5830968098368983,WWWOOWWO,WOOOOWOO
2,ddelta,478,484,501,478-484-501,23,0.1244552349943513,0.1244552349943513,OWWOOWWO,OOOOOWOO
2,ddelta,478,484,501,478-484-501,24,0.44009660830801134,0.44009660830801134,WWWWWOWO,WOOWWOOO
2,ddelta,478,484,501,478-484-501,25,0.7004553389959931,0.7004553389959931,OWWWWOWO,OOOWWOOO
2,ddelta,478,484,501,478-484-501,26,-0.3650418050751547,0.3650418050751547,WWWOWOWO,WOOOWOOO
2,ddelta,478,484,501,478-484-501,27,3.1874961401407593,3.1874961401407593,OWWOWOWO,OOOOWOOO
2,ddelta,478,484,501,478-484-501,28,-2.2575359232565497,2.2575359232565497,WWWWOOWO,WOOWOOOO
2,ddelta,478,484,501,478-484-501,29,3.7831879515829714,3.7831879515829714,OWWWOOWO,OOOWOOOO
2,ddelta,478,484,501,478-484-501,30,-2.8623296837922867,2.8623296837922867,WWWOOOWO,WOOOOOOO
2,ddelta,478,484,501,478-484-501,31,-2.3887379136915374,2.3887379136915374,OWWOOOWO,OOOOOOOO
2,ddelta,478,484,505,478-484-505,0,0.043587791181691427,0.043587791181691427,WWWWWWWW,WOOWWWWO
2,ddelta,478,484,505,478-484-505,1,-1.8971888245257031,1.8971888245257031,OWWWWWWW,OOOWWWWO
2,ddelta,478,484,505,478-484-505,2,0.09113065040389684,0.09113065040389684,WWWOWWWW,WOOOWWWO
2,ddelta,478,484,505,478-484-505,3,-0.2165832659092456,0.2165832659092456,OWWOWWWW,OOOOWWWO
2,ddelta,478,484,505,478-484-505,4,-1.8232046971269733,1.8232046971269733,WWWWOWWW,WOOWOWWO
2,ddelta,478,484,505,478-484-505,5,-2.771068596097978,2.771068596097978,OWWWOWWW,OOOWOWWO
2,ddelta,478,484,505,478-484-505,6,-0.28397062465445,0.28397062465445,WWWOOWWW,WOOOOWWO
2,ddelta,478,484,505,478-484-505,7,-0.008891831313040166,0.008891831313040166,OWWOOWWW,OOOOOWWO
2,ddelta,478,484,505,478-484-505,8,-1.6910646077091849,1.6910646077091849,WWWWWOWW,WOOWWOWO
2,ddelta,478,484,505,478-484-505,9,2.5926539710691565,2.5926539710691565,OWWWWOWW,OOOWWOWO
2,ddelta,478,484,505,478-484-505,10,-0.5692152023805617,0.5692152023805617,WWWOWOWW,WOOOWOWO
2,ddelta,478,484,505,478-484-505,11,-0.9491647439773092,0.9491647439773092,OWWOWOWW,OOOOWOWO
2,ddelta,478,484,505,478-484-505,12,2.644590577411215,2.644590577411215,WWWWOOWW,WOOWOOWO
2,ddelta,478,484,505,478-484-505,13,0.08812039174965047,0.08812039174965047,OWWWOOWW,OOOWOOWO
2,ddelta,478,484,505,478-484-505,14,2.4177596178046903,2.4177596178046903,WWWOOOWW,WOOOOOWO
2,ddelta,478,484,505,478-484-505,15,4.268771151086121,4.268771151086121,OWWOOOWW,OOOOOOWO
2,ddelta,478,484,505,478-484-505,16,-2.2490362269491277,2.2490362269491277,WWWWWWOW,WOOWWWOO
2,ddelta,478,484,505,478-484-505,17,1.563788451769841,1.563788451769841,OWWWWWOW,OOOWWWOO
2,ddelta,478,484,505,478-484-505,18,-2.45675654541595,2.45675654541595,WWWOWWOW,WOOOWWOO
2,ddelta,478,484,505,478-484-505,19,-0.857129577669417,0.857129577669417,OWWOWWOW,OOOOWWOO
2,ddelta,478,484,505,478-484-505,20,0.04255572796808038,0.04255572796808038,WWWWOWOW,WOOWOWOO
2,ddelta,478,484,505,478-484-505,21,-1.131864515842511,1.131864515842511,OWWWOWOW,OOOWOWOO
2,ddelta,478,484,505,478-484-505,22,-5.638194779694723,5.638194779694723,WWWOOWOW,WOOOOWOO
2,ddelta,478,484,505,478-484-505,23,1.1840233652736638,1.1840233652736638,OWWOOWOW,OOOOOWOO
2,ddelta,478,484,505,478-484-505,24,-2.915016748030692,2.915016748030692,WWWWWOOW,WOOWWOOO
2,ddelta,478,484,505,478-484-505,25,-0.08592827961758331,0.08592827961758331,OWWWWOOW,OOOWWOOO
2,ddelta,478,484,505,478-484-505,26,1.8781796625895846,1.8781796625895846,WWWOWOOW,WOOOWOOO
2,ddelta,478,484,505,478-484-505,27,2.017501464522601,2.017501464522601,OWWOWOOW,OOOOWOOO
2,ddelta,478,484,505,478-484-505,28,1.4926971365700754,1.4926971365700754,WWWWOOOW,WOOWOOOO
2,ddelta,478,484,505,478-484-505,29,2.647991698465435,2.647991698465435,OWWWOOOW,OOOWOOOO
2,ddelta,478,484,505,478-484-505,30,1.754150387104845,1.754150387104845,WWWOOOOW,WOOOOOOO
2,ddelta,478,484,505,478-484-505,31,-2.8911906724847034,2.8911906724847034,OWWOOOOW,OOOOOOOO
2,ddelta,478,493,496,478-493-496,0,2.803865520220607,2.803865520220607,WWWWWWWW,WOWOOWWW
2,ddelta,478,493,496,478-493-496,1,0.1680471828211738,0.1680471828211738,OWWWWWWW,OOWOOWWW
2,ddelta,478,493,496,478-493-496,2,1.2839603332715712,1.2839603332715712,WWOWWWWW,WOOOOWWW
2,ddelta,478,493,496,478-493-496,3,0.44593560027482404,0.44593560027482404,OWOWWWWW,OOOOOWWW
2,ddelta,478,493,496,478-493-496,4,-2.1742952006572374,2.1742952006572374,WWWWWOWW,WOWOOOWW
2,ddelta,478,493,496,478-493-496,5,2.6283677626875988,2.6283677626875988,OWWWWOWW,OOWOOOWW
2,ddelta,478,493,496,478-493-496,6,-2.093134534967193,2.093134534967193,WWOWWOWW,WOOOOOWW
2,ddelta,478,493,496,478-493-496,7,-2.7116630871844762,2.7116630871844762,OWOWWOWW,OOOOOOWW
2,ddelta,478,493,496,478-493-496,8,-1.4552523916471833,1.4552523916471833,WWWWWWOW,WOWOOWOW
2,ddelta,478,493,496,478-493-496,9,3.0052127570721057,3.0052127570721057,OWWWWWOW,OOWOOWOW
2,ddelta,478,493,496,478-493-496,10,0.828741184709606,0.828741184709606,WWOWWWOW,WOOOOWOW
2,ddelta,478,493,496,478-493-496,11,0.16748731631493444,0.16748731631493444,OWOWWWOW,OOOOOWOW
2,ddelta,478,493,496,478-493-496,12,-2.80959122921631,2.80959122921631,WWWWWOOW,WOWOOOOW
2,ddelta,478,493,496,478-493-496,13,-0.8077823477366859,0.8077823477366859,OWWWWOOW,OOWOOOOW
2,ddelta,478,493,496,478-493-496,14,0.6549768844715252,0.6549768844715252,WWOWWOOW,WOOOOOOW
2,ddelta,478,493,496,478-493-496,15,0.5583017254452236,0.5583017254452236,OWOWWOOW,OOOOOOOW
2,ddelta,478,493,496,478-493-496,16,-4.705317508296984,4.705317508296984,WWWWWWWO,WOWOOWWO
2,ddelta,478,493,496,478-493-496,17,0.6487897598516639,0.6487897598516639,OWWWWWWO,OOWOOWWO
2,ddelta,478,493,496,478-493-496,18,-4.733531481995703,4.733531481995703,WWOWWWWO,WOOOOWWO
2,ddelta,478,493,496,478-493-496,19,2.008249383473795,2.008249383473795,OWOWWWWO,OOOOOWWO
2,ddelta,478,493,496,478-493-496,20,0.334036876726834,0.334036876726834,WWWWWOWO,WOWOOOWO
2,ddelta,478,493,496,478-493-496,21,0.9987410094948528,0.9987410094948528,OWWWWOWO,OOWOOOWO
2,ddelta,478,493,496,478-493-496,22,-0.9334828225182681,0.9334828225182681,WWOWWOWO,WOOOOOWO
2,ddelta,478,493,496,478-493-496,23,3.381179634005714,3.381179634005714,OWOWWOWO,OOOOOOWO
2,ddelta,478,493,496,478-493-496,24,3.4552433679225953,3.4552433679225953,WWWWWWOO,WOWOOWOO
2,ddelta,478,493,496,478-493-496,25,-0.488483064079117,0.488483064079117,OWWWWWOO,OOWOOWOO
2,ddelta,478,493,496,478-493-496,26,0.26620675508340297,0.26620675508340297,WWOWWWOO,WOOOOWOO
2,ddelta,478,493,496,478-493-496,27,1.4105974057191435,1.4105974057191435,OWOWWWOO,OOOOOWOO
2,ddelta,478,493,496,478-493-496,28,1.1437280556007188,1.1437280556007188,WWWWWOOO,WOWOOOOO
2,ddelta,478,493,496,478-493-496,29,3.9167284479001383,3.9167284479001383,OWWWWOOO,OOWOOOOO
2,ddelta,478,493,496,478-493-496,30,0.07655300920304597,0.07655300920304597,WWOWWOOO,WOOOOOOO
2,ddelta,478,493,496,478-493-496,31,-2.359799594008276,2.359799594008276,OWOWWOOO,OOOOOOOO
2,ddelta,478,493,498,478-493-498,0,-0.8070072820718746,0.8070072820718746,WWWWWWWW,WOWOWOWW
2,ddelta,478,493,498,478-493-498,1,-1.0726975628443713,1.0726975628443713,OWWWWWWW,OOWOWOWW
2,ddelta,478,493,498,478-493-498,2,2.160345877664028,2.160345877664028,WWOWWWWW,WOOOWOWW
2,ddelta,478,493,498,478-493-498,3,2.450038827691809,2.450038827691809,OWOWWWWW,OOOOWOWW
2,ddelta,478,493,498,478-493-498,4,-5.785168002949719,5.785168002949719,WWWWOWWW,WOWOOOWW
2,ddelta,478,493,498,478-493-498,5,1.3876230170220527,1.3876230170220527,OWWWOWWW,OOWOOOWW
2,ddelta,478,493,498,478-493-498,6,-1.2167489905747346,1.2167489905747346,WWOWOWWW,WOOOOOWW
2,ddelta,478,493,498,478-493-498,7,-0.7075598597674907,0.7075598597674907,OWOWOWWW,OOOOOOWW
2,ddelta,478,493,498,478-493-498,8,2.6327753227540502,2.6327753227540502,WWWWWWOW,WOWOWOOW
2,ddelta,478,493,498,478-493-498,9,1.882758695701367,1.882758695701367,OWWWWWOW,OOWOWOOW
2,ddelta,478,493,498,478-493-498,10,-1.1747156036612143,1.1747156036612143,WWOWWWOW,WOOOWOOW
2,ddelta,478,493,498,478-493-498,11,0.3127879495150043,0.3127879495150043,OWOWWWOW,OOOOWOOW
2,ddelta,478,493,498,478-493-498,12,1.2784364851849228,1.2784364851849228,WWWWOWOW,WOWOOOOW
2,ddelta,478,493,498,478-493-498,13,-1.9302364091074256,1.9302364091074256,OWWWOWOW,OOWOOOOW
2,ddelta,478,493,498,478-493-498,14,-1.3484799038992952,1.3484799038992952,WWOWOWOW,WOOOOOOW
2,ddelta,478,493,498,478-493-498,15,0.7036023586452933,0.7036023586452933,OWOWOWOW,OOOOOOOW
2,ddelta,478,493,498,478-493-498,16,-3.0981195372870194,3.0981195372870194,WWWWWWWO,WOWOWOWO
2,ddelta,478,493,498,478-493-498,17,-0.9565479459653545,0.9565479459653545,OWWWWWWO,OOWOWOWO
2,ddelta,478,493,498,478-493-498,18,0.943540168555302,0.943540168555302,WWOWWWWO,WOOOWOWO
2,ddelta,478,493,498,478-493-498,19,-2.656235829092097,2.656235829092097,OWOWWWWO,OOOOWOWO
2,ddelta,478,493,498,478-493-498,20,1.9412348477367996,1.9412348477367996,WWWWOWWO,WOWOOOWO
2,ddelta,478,493,498,478-493-498,21,-0.6065966963221654,0.6065966963221654,OWWWOWWO,OOWOOOWO
2,ddelta,478,493,498,478-493-498,22,4.743588828032736,4.743588828032736,WWOWOWWO,WOOOOOWO
2,ddelta,478,493,498,478-493-498,23,-1.283305578560177,1.283305578560177,OWOWOWWO,OOOOOOWO
2,ddelta,478,493,498,478-493-498,24,-2.009488075628756,2.009488075628756,WWWWWWOO,WOWOWOOO
2,ddelta,478,493,498,478-493-498,25,-1.4436630202252438,1.4436630202252438,OWWWWWOO,OOWOWOOO
2,ddelta,478,493,498,478-493-498,26,-0.8160622729569208,0.8160622729569208,WWOWWWOO,WOOOWOOO
2,ddelta,478,493,498,478-493-498,27,1.510714007167836,1.510714007167836,OWOWWWOO,OOOOWOOO
2,ddelta,478,493,498,478-493-498,28,-4.321003387950633,4.321003387950633,WWWWOWOO,WOWOOOOO
2,ddelta,478,493,498,478-493-498,29,2.961548491754012,2.961548491754012,OWWWOWOO,OOWOOOOO
2,ddelta,478,493,498,478-493-498,30,-1.0057160188372773,1.0057160188372773,WWOWOWOO,WOOOOOOO
2,ddelta,478,493,498,478-493-498,31,-2.259682992559583,2.259682992559583,OWOWOWOO,OOOOOOOO
2,ddelta,478,493,501,478-493-501,0,-1.4203785173714776,1.4203785173714776,WWWWWWWW,WOWOWWOW
2,ddelta,478,493,501,478-493-501,1,-0.7995615869549487,0.7995615869549487,OWWWWWWW,OOWOWWOW
2,ddelta,478,493,501,478-493-501,2,0.8779801501048707,0.8779801501048707,WWOWWWWW,WOOOWWOW
2,ddelta,478,493,501,478-493-501,3,1.1349378917257105,1.1349378917257105,OWOWWWWW,OOOOWWOW
2,ddelta,478,493,501,478-493-501,4,-5.6794964292392685,5.6794964292392685,WWWWOWWW,WOWOOWOW
2,ddelta,478,493,501,478-493-501,5,2.037603987295984,2.037603987295984,OWWWOWWW,OOWOOWOW
2,ddelta,478,493,501,478-493-501,6,0.4227610015429053,0.4227610015429053,WWOWOWWW,WOOOOWOW
2,ddelta,478,493,501,478-493-501,7,0.8564896077658212,0.8564896077658212,OWOWOWWW,OOOOOWOW
2,ddelta,478,493,501,478-493-501,8,2.0194040874544466,2.0194040874544466,WWWWWOWW,WOWOWOOW
2,ddelta,478,493,501,478-493-501,9,2.1558946715907896,2.1558946715907896,OWWWWOWW,OOWOWOOW
2,ddelta,478,493,501,478-493-501,10,-2.457081331220373,2.457081331220373,WWOWWOWW,WOOOWOOW
2,ddelta,478,493,501,478-493-501,11,-1.002312986451095,1.002312986451095,OWOWWOWW,OOOOWOOW
2,ddelta,478,493,501,478-493-501,12,1.3841080588953747,1.3841080588953747,WWWWOOWW,WOWOOOOW
2,ddelta,478,493,501,478-493-501,13,-1.2802554388334948,1.2802554388334948,OWWWOOWW,OOWOOOOW
2,ddelta,478,493,501,478-493-501,14,0.2910300882183443,0.2910300882183443,WWOWOOWW,WOOOOOOW
2,ddelta,478,493,501,478-493-501,15,2.2676518261786054,2.2676518261786054,OWOWOOWW,OOOOOOOW
2,ddelta,478,493,501,478-493-501,16,-2.5338932920742847,2.5338932920742847,WWWWWWWO,WOWOWWOO
2,ddelta,478,493,501,478-493-501,17,0.3943032094021634,0.3943032094021634,OWWWWWWO,OOWOWWOO
2,ddelta,478,493,501,478-493-501,18,-0.490797802286965,0.490797802286965,WWOWWWWO,WOOOWWOO
2,ddelta,478,493,501,478-493-501,19,-1.7727208999728932,1.7727208999728932,OWOWWWWO,OOOOWWOO
2,ddelta,478,493,501,478-493-501,20,5.626667584145295,5.626667584145295,WWWWOWWO,WOWOOWOO
2,ddelta,478,493,501,478-493-501,21,-0.7429696145286173,0.7429696145286173,OWWWOWWO,OOWOOWOO
2,ddelta,478,493,501,478-493-501,22,4.508940434792141,4.508940434792141,WWOWOWWO,WOOOOWOO
2,ddelta,478,493,501,478-493-501,23,-2.3703728777275437,2.3703728777275437,OWOWOWWO,OOOOOWOO
2,ddelta,478,493,501,478-493-501,24,-1.445261830416021,1.445261830416021,WWWWWOWO,WOWOWOOO
2,ddelta,478,493,501,478-493-501,25,-0.0928118648577263,0.0928118648577263,OWWWWOWO,OOWOWOOO
2,ddelta,478,493,501,478-493-501,26,-2.250400243799187,2.250400243799187,WWOWWOWO,WOOOWOOO
2,ddelta,478,493,501,478-493-501,27,2.3942289362870404,2.3942289362870404,OWOWWOWO,OOOOWOOO
2,ddelta,478,493,501,478-493-501,28,-0.6355706515421364,0.6355706515421364,WWWWOOWO,WOWOOOOO
2,ddelta,478,493,501,478-493-501,29,2.82517557354756,2.82517557354756,OWWWOOWO,OOWOOOOO
2,ddelta,478,493,501,478-493-501,30,-1.2403644120778727,1.2403644120778727,WWOWOOWO,WOOOOOOO
2,ddelta,478,493,501,478-493-501,31,-3.3467502917269494,3.3467502917269494,OWOWOOWO,OOOOOOOO
2,ddelta,478,493,505,478-493-505,0,1.6750886404412306,1.6750886404412306,WWWWWWWW,WOWOWWWO
2,ddelta,478,493,505,478-493-505,1,0.7432337544598993,0.7432337544598993,OWWWWWWW,OOWOWWWO
2,ddelta,478,493,505,478-493-505,2,1.7226314996634362,1.7226314996634362,WWOWWWWW,WOOOWWWO
2,ddelta,478,493,505,478-493-505,3,2.423839313076357,2.423839313076357,OWOWWWWW,OOOOWWWO
2,ddelta,478,493,505,478-493-505,4,-5.834094388076361,5.834094388076361,WWWWOWWW,WOWOOWWO
2,ddelta,478,493,505,478-493-505,5,1.2239763314903889,1.2239763314903889,OWWWOWWW,OOWOOWWO
2,ddelta,478,493,505,478-493-505,6,-4.294860315603836,4.294860315603836,WWOWOWWW,WOOOOWWO
2,ddelta,478,493,505,478-493-505,7,3.9861530962753267,3.9861530962753267,OWOWOWWW,OOOOOWWO
2,ddelta,478,493,505,478-493-505,8,-0.6160236147739135,0.6160236147739135,WWWWWOWW,WOWOWOWO
2,ddelta,478,493,505,478-493-505,9,0.8593833713389163,0.8593833713389163,OWWWWOWW,OOWOWOWO
2,ddelta,478,493,505,478-493-505,10,0.5058257905547092,0.5058257905547092,WWOWWOWW,WOOOWOWO
2,ddelta,478,493,505,478-493-505,11,-2.6824353437075494,2.6824353437075494,OWOWWOWW,OOOOWOWO
2,ddelta,478,493,505,478-493-505,12,1.8923084626101578,1.8923084626101578,WWWWOOWW,WOWOOOWO
2,ddelta,478,493,505,478-493-505,13,-0.770243381853829,0.770243381853829,OWWWOOWW,OOWOOOWO
2,ddelta,478,493,505,478-493-505,14,1.6654775030036344,1.6654775030036344,WWOWOOWW,WOOOOOWO
2,ddelta,478,493,505,478-493-505,15,3.4104073774826404,3.4104073774826404,OWOWOOWW,OOOOOOWO
2,ddelta,478,493,505,478-493-505,16,0.561573865738424,0.561573865738424,WWWWWWOW,WOWOWWOO
2,ddelta,478,493,505,478-493-505,17,1.9370985508170115,1.9370985508170115,OWWWWWOW,OOWOWWOO
2,ddelta,478,493,505,478-493-505,18,0.35385354727160123,0.35385354727160123,WWOWWWOW,WOOOWWOO
2,ddelta,478,493,505,478-493-505,19,-0.4838194786222463,0.4838194786222463,OWOWWWOW,OOOOWWOO
2,ddelta,478,493,505,478-493-505,20,5.472069625308203,5.472069625308203,WWWWOWOW,WOWOOWOO
2,ddelta,478,493,505,478-493-505,21,-1.5565972703342124,1.5565972703342124,OWWWOWOW,OOWOOWOO
2,ddelta,478,493,505,478-493-505,22,-0.20868088235460155,0.20868088235460155,WWOWOWOW,WOOOOWOO
2,ddelta,478,493,505,478-493-505,23,0.7592906107819626,0.7592906107819626,OWOWOWOW,OOOOOWOO
2,ddelta,478,493,505,478-493-505,24,-4.080689532644381,4.080689532644381,WWWWWOOW,WOWOWOOO
2,ddelta,478,493,505,478-493-505,25,-1.3893231651095994,1.3893231651095994,OWWWWOOW,OOWOWOOO
2,ddelta,478,493,505,478-493-505,26,0.7125068779758952,0.7125068779758952,WWOWWOOW,WOOOWOOO
2,ddelta,478,493,505,478-493-505,27,0.714106579030585,0.714106579030585,OWOWWOOW,OOOOWOOO
2,ddelta,478,493,505,478-493-505,28,-0.12737024782735273,0.12737024782735273,WWWWOOOW,WOWOOOOO
2,ddelta,478,493,505,478-493-505,29,3.335187630527225,3.335187630527225,OWWWOOOW,OOWOOOOO
2,ddelta,478,493,505,478-493-505,30,0.13408300270741635,0.13408300270741635,WWOWOOOW,WOOOOOOO
2,ddelta,478,493,505,478-493-505,31,-2.203994740422914,2.203994740422914,OWOWOOOW,OOOOOOOO
2,ddelta,478,496,498,478-496-498,0,1.573375853795904,1.573375853795904,WWWWWWWW,WOWWOOWW
2,ddelta,478,496,498,478-496-498,1,0.432487517827544,0.432487517827544,OWWWWWWW,OOWWOOWW
2,ddelta,478,496,498,478-496-498,2,-1.5318431542820456,1.5318431542820456,WWOWWWWW,WOOWOOWW
2,ddelta,478,496,498,478-496-498,3,2.2910641709908526,2.2910641709908526,OWOWWWWW,OOOWOOWW
2,ddelta,478,496,498,478-496-498,4,-3.4047848670819407,3.4047848670819407,WWWOWWWW,WOWOOOWW
2,ddelta,478,496,498,478-496-498,5,2.8928080976939685,2.8928080976939685,OWWOWWWW,OOWOOOWW
2,ddelta,478,496,498,478-496-498,6,-4.908938022520808,4.908938022520808,WWOOWWWW,WOOOOOWW
2,ddelta,478,496,498,478-496-498,7,-0.8665345164684474,0.8665345164684474,OWOOWWWW,OOOOOOWW
2,ddelta,478,496,498,478-496-498,8,2.589351367486024,2.589351367486024,WWWWWWOW,WOWWOOOW
2,ddelta,478,496,498,478-496-498,9,0.0002149592399651734,0.0002149592399651734,OWWWWWOW,OOWWOOOW
2,ddelta,478,496,498,478-496-498,10,-0.2725902706261678,0.2725902706261678,WWOWWWOW,WOOWOOOW
2,ddelta,478,496,498,478-496-498,11,-1.2998781229870253,1.2998781229870253,OWOWWWOW,OOOWOOOW
2,ddelta,478,496,498,478-496-498,12,1.235012529916898,1.235012529916898,WWWOWWOW,WOWOOOOW
2,ddelta,478,496,498,478-496-498,13,-3.8127801455688273,3.8127801455688273,OWWOWWOW,OOWOOOOW
2,ddelta,478,496,498,478-496-498,14,-0.4463545708642486,0.4463545708642486,WWOOWWOW,WOOOOOOW
2,ddelta,478,496,498,478-496-498,15,-0.9090637138567363,0.9090637138567363,OWOOWWOW,OOOOOOOW
2,ddelta,478,496,498,478-496-498,16,-4.588154235206049,4.588154235206049,WWWWWWWO,WOWWOOWO
2,ddelta,478,496,498,478-496-498,17,-2.470634478918879,2.470634478918879,OWWWWWWO,OOWWOOWO
2,ddelta,478,496,498,478-496-498,18,-1.4909255698549333,1.4909255698549333,WWOWWWWO,WOOWOOWO
2,ddelta,478,496,498,478-496-498,19,-2.2427116335028012,2.2427116335028012,OWOWWWWO,OOOWOOWO
2,ddelta,478,496,498,478-496-498,20,0.45120014981776935,0.45120014981776935,WWWOWWWO,WOWOOOWO
2,ddelta,478,496,498,478-496-498,21,-2.1206832292756896,2.1206832292756896,OWWOWWWO,OOWOOOWO
2,ddelta,478,496,498,478-496-498,22,2.3091230896225,2.3091230896225,WWOOWWWO,WOOOOOWO
2,ddelta,478,496,498,478-496-498,23,-0.8697813829708823,0.8697813829708823,OWOOWWWO,OOOOOOWO
2,ddelta,478,496,498,478-496-498,24,-0.018709263558344014,0.018709263558344014,WWWWWWOO,WOWWOOOO
2,ddelta,478,496,498,478-496-498,25,-4.054505651704836,4.054505651704836,OWWWWWOO,OOWWOOOO
2,ddelta,478,496,498,478-496-498,26,-0.7645289719869767,0.7645289719869767,WWOWWWOO,WOOWOOOO
2,ddelta,478,496,498,478-496-498,27,0.07497421176354296,0.07497421176354296,OWOWWWOO,OOOWOOOO
2,ddelta,478,496,498,478-496-498,28,-2.330224575880221,2.330224575880221,WWWOWWOO,WOWOOOOO
2,ddelta,478,496,498,478-496-498,29,0.3507058602744191,0.3507058602744191,OWWOWWOO,OOWOOOOO
2,ddelta,478,496,498,478-496-498,30,-0.9541827178673334,0.9541827178673334,WWOOWWOO,WOOOOOOO
2,ddelta,478,496,498,478-496-498,31,-3.695422787963877,3.695422787963877,OWOOWWOO,OOOOOOOO
2,ddelta,478,496,501,478-496-501,0,-0.12541766702945623,0.12541766702945623,WWWWWWWW,WOWWOWOW
2,ddelta,478,496,501,478-496-501,1,0.992782404204676,0.992782404204676,OWWWWWWW,OOWWOWOW
2,ddelta,478,496,501,478-496-501,2,-3.138386268040143,3.138386268040143,WWOWWWWW,WOOWOWOW
2,ddelta,478,496,501,478-496-501,3,1.9957311947794287,1.9957311947794287,OWOWWWWW,OOOWOWOW
2,ddelta,478,496,501,478-496-501,4,-4.384535578897246,4.384535578897246,WWWOWWWW,WOWOOWOW
2,ddelta,478,496,501,478-496-501,5,3.8299479784556087,3.8299479784556087,OWWOWWWW,OOWOOWOW
2,ddelta,478,496,501,478-496-501,6,-3.593605416602108,3.593605416602108,WWOOWWWW,WOOOOWOW
2,ddelta,478,496,501,478-496-501,7,1.7172829108195393,1.7172829108195393,OWOOWWWW,OOOOOWOW
2,ddelta,478,496,501,478-496-501,8,0.8905578466606648,0.8905578466606648,WWWWWOWW,WOWWOOOW
2,ddelta,478,496,501,478-496-501,9,0.5605098456170974,0.5605098456170974,OWWWWOWW,OOWWOOOW
2,ddelta,478,496,501,478-496-501,10,-1.8791333843842657,1.8791333843842657,WWOWWOWW,WOOWOOOW
2,ddelta,478,496,501,478-496-501,11,-1.5952110991984494,1.5952110991984494,OWOWWOWW,OOOWOOOW
2,ddelta,478,496,501,478-496-501,12,0.2552618181015922,0.2552618181015922,WWWOWOWW,WOWOOOOW
2,ddelta,478,496,501,478-496-501,13,-2.875640264807187,2.875640264807187,OWWOWOWW,OOWOOOOW
2,ddelta,478,496,501,478-496-501,14,0.8689780350544516,0.8689780350544516,WWOOWOWW,WOOOOOOW
2,ddelta,478,496,501,478-496-501,15,1.6747537134312505,1.6747537134312505,OWOOWOWW,OOOOOOOW
2,ddelta,478,496,501,478-496-501,16,-2.989049194463644,2.989049194463644,WWWWWWWO,WOWWOWOO
2,ddelta,478,496,501,478-496-501,17,0.4313073275701866,0.4313073275701866,OWWWWWWO,OOWWOWOO
2,ddelta,478,496,501,478-496-501,18,-1.8436333522484571,1.8436333522484571,WWOWWWWO,WOOWOWOO
2,ddelta,478,496,501,478-496-501,19,-0.38751707789513756,0.38751707789513756,OWOWWWWO,OOOWOWOO
2,ddelta,478,496,501,478-496-501,20,5.171511681755936,5.171511681755936,WWWOWWWO,WOWOOWOO
2,ddelta,478,496,501,478-496-501,21,-0.7059654963605937,0.7059654963605937,OWWOWWWO,OOWOOWOO
2,ddelta,478,496,501,478-496-501,22,3.156104884830649,3.156104884830649,WWOOWWWO,WOOOOWOO
2,ddelta,478,496,501,478-496-501,23,-0.9851690556497879,0.9851690556497879,OWOOWWWO,OOOOOWOO
2,ddelta,478,496,501,478-496-501,24,1.5803957771840613,1.5803957771840613,WWWWWOWO,WOWWOOOO
2,ddelta,478,496,501,478-496-501,25,-1.1525638452157705,1.1525638452157705,OWWWWOWO,OOWWOOOO
2,ddelta,478,496,501,478-496-501,26,-1.1172367543805002,1.1172367543805002,WWOWWOWO,WOOWOOOO
2,ddelta,478,496,501,478-496-501,27,1.9301687673712076,1.9301687673712076,OWOWWOWO,OOOWOOOO
2,ddelta,478,496,501,478-496-501,28,2.3900869560579454,2.3900869560579454,WWWOWOWO,WOWOOOOO
2,ddelta,478,496,501,478-496-501,29,1.7654235931895148,1.7654235931895148,OWWOWOWO,OOWOOOOO
2,ddelta,478,496,501,478-496-501,30,-0.10720092265918613,0.10720092265918613,WWOOWOWO,WOOOOOOO
2,ddelta,478,496,501,478-496-501,31,-3.8108104606427826,3.8108104606427826,OWOOWOWO,OOOOOOOO
2,ddelta,478,496,505,478-496-505,0,2.7762438472364677,2.7762438472364677,WWWWWWWW,WOWWOWWO
2,ddelta,478,496,505,478-496-505,1,1.7863558627091782,1.7863558627091782,OWWWWWWW,OOWWOWWO
2,ddelta,478,496,505,478-496-505,2,0.9094513589278024,0.9094513589278024,WWOWWWWW,WOOWOWWO
2,ddelta,478,496,505,478-496-505,3,0.9124760911369033,0.9124760911369033,OWOWWWWW,OOOWOWWO
2,ddelta,478,496,505,478-496-505,4,-4.7329391812811235,4.7329391812811235,WWWOWWWW,WOWOOWWO
2,ddelta,478,496,505,478-496-505,5,2.2670984397396676,2.2670984397396676,OWWOWWWW,OOWOOWWO
2,ddelta,478,496,505,478-496-505,6,-5.10804045633947,5.10804045633947,WWOOWWWW,WOOOOWWO
2,ddelta,478,496,505,478-496-505,7,2.4747898743358743,2.4747898743358743,OWOOWWWW,OOOOOWWO
2,ddelta,478,496,505,478-496-505,8,-3.3852862417654848,3.3852862417654848,WWWWWOWW,WOWWOOWO
2,ddelta,478,496,505,478-496-505,9,-1.1167661340372446,1.1167661340372446,OWWWWOWW,OOWWOOWO
2,ddelta,478,496,505,478-496-505,10,0.9503689433549145,0.9503689433549145,WWOWWOWW,WOOWOOWO
2,ddelta,478,496,505,478-496-505,11,-3.621299713356751,3.621299713356751,OWOWWOWW,OOOWOOWO
2,ddelta,478,496,505,478-496-505,12,-0.8769541643814136,0.8769541643814136,WWWOWOWW,WOWOOOWO
2,ddelta,478,496,505,478-496-505,13,-2.7463928872299905,2.7463928872299905,OWWOWOWW,OOWOOOWO
2,ddelta,478,496,505,478-496-505,14,2.1100206558038384,2.1100206558038384,WWOOWOWW,WOOOOOWO
2,ddelta,478,496,505,478-496-505,15,2.4715430078334393,2.4715430078334393,OWOOWOWW,OOOOOOWO
2,ddelta,478,496,505,478-496-505,16,-0.08738768019771981,0.08738768019771981,WWWWWWOW,WOWWOWOO
2,ddelta,478,496,505,478-496-505,17,1.2248807860746889,1.2248807860746889,OWWWWWOW,OOWWOWOO
2,ddelta,478,496,505,478-496-505,18,2.2042042747194888,2.2042042747194888,WWOWWWOW,WOOWOWOO
2,ddelta,478,496,505,478-496-505,19,-1.4707721815376626,1.4707721815376626,OWOWWWOW,OOOWOWOO
2,ddelta,478,496,505,478-496-505,20,4.823108079372059,4.823108079372059,WWWOWWOW,WOWOOWOO
2,ddelta,478,496,505,478-496-505,21,-2.2688150350765346,2.2688150350765346,OWWOWWOW,OOWOOWOO
2,ddelta,478,496,505,478-496-505,22,1.641669845093286,1.641669845093286,WWOOWWOW,WOOOOWOO
2,ddelta,478,496,505,478-496-505,23,-0.22766209213345373,0.22766209213345373,OWOOWWOW,OOOOOWOO
2,ddelta,478,496,505,478-496-505,24,-2.6954483112420884,2.6954483112420884,WWWWWOOW,WOWWOOOO
2,ddelta,478,496,505,478-496-505,25,-2.8298398248701124,2.8298398248701124,OWWWWOOW,OOWWOOOO
2,ddelta,478,496,505,478-496-505,26,1.7122655733586802,1.7122655733586802,WWOWWOOW,WOOWOOOO
2,ddelta,478,496,505,478-496-505,27,-0.0959198467870942,0.0959198467870942,OWOWWOOW,OOOWOOOO
2,ddelta,478,496,505,478-496-505,28,1.2578709735749412,1.2578709735749412,WWWOWOOW,WOWOOOOO
2,ddelta,478,496,505,478-496-505,29,1.8946709707667118,1.8946709707667118,OWWOWOOW,OOWOOOOO
2,ddelta,478,496,505,478-496-505,30,1.1338416980902013,1.1338416980902013,WWOOWOOW,WOOOOOOO
2,ddelta,478,496,505,478-496-505,31,-3.0140211662405934,3.0140211662405934,OWOOWOOW,OOOOOOOO
2,ddelta,478,498,501,478-498-501,0,-2.023558439938248,2.023558439938248,WWWWWWWW,WOWWWOOW
2,ddelta,478,498,501,478-498-501,1,-1.5009134851774697,1.5009134851774697,OWWWWWWW,OOWWWOOW
2,ddelta,478,498,501,478-498-501,2,-1.0413482067406181,1.0413482067406181,WWOWWWWW,WOOWWOOW
2,ddelta,478,498,501,478-498-501,3,2.768418477142206,2.768418477142206,OWOWWWWW,OOOWWOOW
2,ddelta,478,498,501,478-498-501,4,1.4162241648876763,1.4162241648876763,WWWOWWWW,WOWOWOOW
2,ddelta,478,498,501,478-498-501,5,1.4545427733682685,1.4545427733682685,OWWOWWWW,OOWOWOOW
2,ddelta,478,498,501,478-498-501,6,-4.376409688065861,4.376409688065861,WWOOWWWW,WOOOWOOW
2,ddelta,478,498,501,478-498-501,7,0.6311675989654008,0.6311675989654008,OWOOWWWW,OOOOWOOW
2,ddelta,478,498,501,478-498-501,8,-1.0075829262481273,1.0075829262481273,WWWWOWWW,WOWWOOOW
2,ddelta,478,498,501,478-498-501,9,-1.9331860437650488,1.9331860437650488,OWWWOWWW,OOWWOOOW
2,ddelta,478,498,501,478-498-501,10,0.21790467691525972,0.21790467691525972,WWOWOWWW,WOOWOOOW
2,ddelta,478,498,501,478-498-501,11,-0.8225238168356724,0.8225238168356724,OWOWOWWW,OOOWOOOW
2,ddelta,478,498,501,478-498-501,12,6.056021561886515,6.056021561886515,WWWOOWWW,WOWOOOOW
2,ddelta,478,498,501,478-498-501,13,-5.251045469894527,5.251045469894527,OWWOOWWW,OOWOOOOW
2,ddelta,478,498,501,478-498-501,14,0.08617376359069961,0.08617376359069961,WWOOOWWW,WOOOOOOW
2,ddelta,478,498,501,478-498-501,15,0.5886384015771118,0.5886384015771118,OWOOOWWW,OOOOOOOW
2,ddelta,478,498,501,478-498-501,16,-1.572806242532601,1.572806242532601,WWWWWWWO,WOWWWOOO
2,ddelta,478,498,501,478-498-501,17,-0.8296661737242308,0.8296661737242308,OWWWWWWO,OOWWWOOO
2,ddelta,478,498,501,478-498-501,18,0.478075868474342,0.478075868474342,WWOWWWWO,WOOWWOOO
2,ddelta,478,498,501,478-498-501,19,-2.699893738386839,2.699893738386839,OWOWWWWO,OOOWWOOO
2,ddelta,478,498,501,478-498-501,20,-0.4841747808743375,0.4841747808743375,WWWOWWWO,WOWOWOOO
2,ddelta,478,498,501,478-498-501,21,-1.3167812479841203,1.3167812479841203,OWWOWWWO,OOWOWOOO
2,ddelta,478,498,501,478-498-501,22,-1.2815265730378806,1.2815265730378806,WWOOWWWO,WOOOWOOO
2,ddelta,478,498,501,478-498-501,23,1.467056097873094,1.467056097873094,OWOOWWWO,OOOOWOOO
2,ddelta,478,498,501,478-498-501,24,2.996638729115104,2.996638729115104,WWWWOWWO,WOWWOOOO
2,ddelta,478,498,501,478-498-501,25,-2.4135373465101866,2.4135373465101866,OWWWOWWO,OOWWOOOO
2,ddelta,478,498,501,478-498-501,26,1.204472466342298,1.204472466342298,WWOWOWWO,WOOWOOOO
2,ddelta,478,498,501,478-498-501,27,-0.3822078931204942,0.3822078931204942,OWOWOWWO,OOOWOOOO
2,ddelta,478,498,501,478-498-501,28,-3.265599506572327,3.265599506572327,WWWOOWWO,WOWOOOOO
2,ddelta,478,498,501,478-498-501,29,1.1546078415659888,1.1546078415659888,OWWOOWWO,OOWOOOOO
2,ddelta,478,498,501,478-498-501,30,-4.5448323805277155,4.5448323805277155,WWOOOWWO,WOOOOOOO
2,ddelta,478,498,501,478-498-501,31,-1.3585853071198999,1.3585853071198999,OWOOOWWO,OOOOOOOO
2,ddelta,478,498,505,478-498-505,0,0.7249748225584203,0.7249748225584203,WWWWWWWW,WOWWWOWO
2,ddelta,478,498,505,478-498-505,1,0.2114041643407496,0.2114041643407496,OWWWWWWW,OOWWWOWO
2,ddelta,478,498,505,478-498-505,2,-1.009677576332456,1.009677576332456,WWOWWWWW,WOOWWOWO
2,ddelta,478,498,505,478-498-505,3,4.7012469599356095,4.7012469599356095,OWOWWWWW,OOOWWOWO
2,ddelta,478,498,505,478-498-505,4,-1.566137432656723,1.566137432656723,WWWOWWWW,WOWOWOWO
2,ddelta,478,498,505,478-498-505,5,0.3275537812197665,0.3275537812197665,OWWOWWWW,OOWOWOWO
2,ddelta,478,498,505,478-498-505,6,-2.226483285441182,2.226483285441182,WWOOWWWW,WOOOWOWO
2,ddelta,478,498,505,478-498-505,7,-0.40502769684829676,0.40502769684829676,OWOOWWWW,OOOOWOWO
2,ddelta,478,498,505,478-498-505,8,-5.4365552664435315,5.4365552664435315,WWWWOWWW,WOWWOOWO
2,ddelta,478,498,505,478-498-505,9,-2.6917178324056734,2.6917178324056734,OWWWOWWW,OOWWOOWO
2,ddelta,478,498,505,478-498-505,10,-0.9687599919053436,0.9687599919053436,WWOWOWWW,WOOWOOWO
2,ddelta,478,498,505,478-498-505,11,0.16747115544195512,0.16747115544195512,OWOWOWWW,OOOWOOWO
2,ddelta,478,498,505,478-498-505,12,2.289847584242988,2.289847584242988,WWWOOWWW,WOWOOOWO
2,ddelta,478,498,505,478-498-505,13,-4.6859375457498915,4.6859375457498915,OWWOOWWW,OOWOOOWO
2,ddelta,478,498,505,478-498-505,14,4.991577826702127,4.991577826702127,WWOOOWWW,WOOOOOWO
2,ddelta,478,498,505,478-498-505,15,-0.4082745633507321,0.4082745633507321,OWOOOWWW,OOOOOOWO
2,ddelta,478,498,505,478-498-505,16,1.175727019964068,1.175727019964068,WWWWWWOW,WOWWWOOO
2,ddelta,478,498,505,478-498-505,17,0.8826514757939885,0.8826514757939885,OWWWWWOW,OOWWWOOO
2,ddelta,478,498,505,478-498-505,18,0.5097464988825037,0.5097464988825037,WWOWWWOW,WOOWWOOO
2,ddelta,478,498,505,478-498-505,19,-0.7670652555934353,0.7670652555934353,OWOWWWOW,OOOWWOOO
2,ddelta,478,498,505,478-498-505,20,-3.4665363784187377,3.4665363784187377,WWWOWWOW,WOWOWOOO
2,ddelta,478,498,505,478-498-505,21,-2.4437702401326225,2.4437702401326225,OWWOWWOW,OOWOWOOO
2,ddelta,478,498,505,478-498-505,22,0.8683998295867976,0.8683998295867976,WWOOWWOW,WOOOWOOO
2,ddelta,478,498,505,478-498-505,23,0.43086080205939586,0.43086080205939586,OWOOWWOW,OOOOWOOO
2,ddelta,478,498,505,478-498-505,24,-1.4323336110803004,1.4323336110803004,WWWWOWOW,WOWWOOOO
2,ddelta,478,498,505,478-498-505,25,-3.1720691351508137,3.1720691351508137,OWWWOWOW,OOWWOOOO
2,ddelta,478,498,505,478-498-505,26,0.01780779752169509,0.01780779752169509,WWOWOWOW,WOOWOOOO
2,ddelta,478,498,505,478-498-505,27,0.6077870791571331,0.6077870791571331,OWOWOWOW,OOOWOOOO
2,ddelta,478,498,505,478-498-505,28,-7.031773484215856,7.031773484215856,WWWOOWOW,WOWOOOOO
2,ddelta,478,498,505,478-498-505,29,1.7197157657106241,1.7197157657106241,OWWOOWOW,OOWOOOOO
2,ddelta,478,498,505,478-498-505,30,0.360571682583713,0.360571682583713,WWOOOWOW,WOOOOOOO
2,ddelta,478,498,505,478-498-505,31,-2.3554982720477438,2.3554982720477438,OWOOOWOW,OOOOOOOO
2,ddelta,478,501,505,478-501-505,0,-0.012345512694580063,0.012345512694580063,WWWWWWWW,WOWWWWOO
2,ddelta,478,501,505,478-501-505,1,-0.8552948730562058,0.8552948730562058,OWWWWWWW,OOWWWWOO
2,ddelta,478,501,505,478-501-505,2,-2.3049695308253995,2.3049695308253995,WWOWWWWW,WOOWWWOO
2,ddelta,478,501,505,478-501-505,3,2.605682403239338,2.605682403239338,OWOWWWWW,OOOWWWOO
2,ddelta,478,501,505,478-501-505,4,-1.1258602873973864,1.1258602873973864,WWWOWWWW,WOWOWWOO
2,ddelta,478,501,505,478-501-505,5,0.3385699233009062,0.3385699233009062,OWWOWWWW,OOWOWWOO
2,ddelta,478,501,505,478-501-505,6,-3.6737474832172343,3.6737474832172343,WWOOWWWW,WOOOWWOO
2,ddelta,478,501,505,478-501-505,7,-0.3019763884592651,0.3019763884592651,OWOOWWWW,OOOOWWOO
2,ddelta,478,501,505,478-501-505,8,-2.875977040128768,2.875977040128768,WWWWOWWW,WOWWOWOO
2,ddelta,478,501,505,478-501-505,9,-1.4167699496906951,1.4167699496906951,OWWWOWWW,OOWWOWOO
2,ddelta,478,501,505,478-501-505,10,-1.0102166150337135,1.0102166150337135,WWOWOWWW,WOOWOWOO
2,ddelta,478,501,505,478-501-505,11,0.22243413056477201,0.22243413056477201,OWOWOWWW,OOOWOWOO
2,ddelta,478,501,505,478-501-505,12,8.430186973255795,8.430186973255795,WWWOOWWW,WOWOOWOO
2,ddelta,478,501,505,478-501-505,13,-4.197343551515297,4.197343551515297,OWWOOWWW,OOWOOWOO
2,ddelta,478,501,505,478-501-505,14,3.075962818215523,3.075962818215523,WWOOOWWW,WOOOOWOO
2,ddelta,478,501,505,478-501-505,15,-3.004428354928593,3.004428354928593,OWOOOWWW,OOOOOWOO
2,ddelta,478,501,505,478-501-505,16,0.43840668471106725,0.43840668471106725,WWWWWOWW,WOWWWOOO
2,ddelta,478,501,505,478-501-505,17,-0.18404756160296687,0.18404756160296687,OWWWWOWW,OOWWWOOO
2,ddelta,478,501,505,478-501-505,18,-0.78554545561044,0.78554545561044,WWOWWOWW,WOOWWOOO
2,ddelta,478,501,505,478-501-505,19,-2.8626298122897067,2.8626298122897067,OWOWWOWW,OOOWWOOO
2,ddelta,478,501,505,478-501-505,20,-3.0262592331594,3.0262592331594,WWWOWOWW,WOWOWOOO
2,ddelta,478,501,505,478-501-505,21,-2.432754098051483,2.432754098051483,OWWOWOWW,OOWOWOOO
2,ddelta,478,501,505,478-501-505,22,-0.5788643681892549,0.5788643681892549,WWOOWOWW,WOOOWOOO
2,ddelta,478,501,505,478-501-505,23,0.5339121104484277,0.5339121104484277,OWOOWOWW,OOOOWOOO
2,ddelta,478,501,505,478-501-505,24,1.128244615234464,1.128244615234464,WWWWOOWW,WOWWOOOO
2,ddelta,478,501,505,478-501-505,25,-1.8971212524358347,1.8971212524358347,OWWWOOWW,OOWWOOOO
2,ddelta,478,501,505,478-501-505,26,-0.023648825606674695,0.023648825606674695,WWOWOOWW,WOOWOOOO
2,ddelta,478,501,505,478-501-505,27,0.66275005427995,0.66275005427995,OWOWOOWW,OOOWOOOO
2,ddelta,478,501,505,478-501-505,28,-0.8914340952030471,0.8914340952030471,WWWOOOWW,WOWOOOOO
2,ddelta,478,501,505,478-501-505,29,2.2083097599452195,2.2083097599452195,OWWOOOWW,OOWOOOOO
2,ddelta,478,501,505,478-501-505,30,-1.5550433259028926,1.5550433259028926,WWOOOOWW,WOOOOOOO
2,ddelta,478,501,505,478-501-505,31,-4.9516520636256045,4.9516520636256045,OWOOOOWW,OOOOOOOO
2,ddelta,484,493,496,484-493-496,0,0.2476945042866172,0.2476945042866172,WWWWWWWW,WWOOOWWW
2,ddelta,484,493,496,484-493-496,1,-1.0783495586473637,1.0783495586473637,OWWWWWWW,OWOOOWWW
2,ddelta,484,493,496,484-493-496,2,-1.272210682662418,1.272210682662418,WOWWWWWW,WOOOOWWW
2,ddelta,484,493,496,484-493-496,3,-0.8004611411937135,0.8004611411937135,OOWWWWWW,OOOOOWWW
2,ddelta,484,493,496,484-493-496,4,0.3035126496269396,0.3035126496269396,WWWWWOWW,WWOOOOWW
2,ddelta,484,493,496,484-493-496,5,2.585711532845416,2.585711532845416,OWWWWOWW,OWOOOOWW
2,ddelta,484,493,496,484-493-496,6,0.38467331531698457,0.38467331531698457,WOWWWOWW,WOOOOOWW
2,ddelta,484,493,496,484-493-496,7,-2.754319317026659,2.754319317026659,OOWWWOWW,OOOOOOWW
2,ddelta,484,493,496,484-493-496,8,-1.8421476819141342,1.8421476819141342,WWWWWWOW,WWOOOWOW
2,ddelta,484,493,496,484-493-496,9,2.6295302833205074,2.6295302833205074,OWWWWWOW,OWOOOWOW
2,ddelta,484,493,496,484-493-496,10,0.4418458944426553,0.4418458944426553,WOWWWWOW,WOOOOWOW
2,ddelta,484,493,496,484-493-496,11,-0.20819515743666472,0.20819515743666472,OOWWWWOW,OOOOOWOW
2,ddelta,484,493,496,484-493-496,12,-0.42141209878942165,0.42141209878942165,WWWWWOOW,WWOOOOOW
2,ddelta,484,493,496,484-493-496,13,-0.06352754891590084,0.06352754891590084,OWWWWOOW,OWOOOOOW
2,ddelta,484,493,496,484-493-496,14,3.043156014898414,3.043156014898414,WOWWWOOW,WOOOOOOW
2,ddelta,484,493,496,484-493-496,15,1.3025565242660089,1.3025565242660089,OOWWWOOW,OOOOOOOW
2,ddelta,484,493,496,484-493-496,16,1.0782458196488007,1.0782458196488007,WWWWWWWO,WWOOOWWO
2,ddelta,484,493,496,484-493-496,17,-2.1390328299398824,2.1390328299398824,OWWWWWWO,OWOOOWWO
2,ddelta,484,493,496,484-493-496,18,1.0500318459500824,1.0500318459500824,WOWWWWWO,WOOOOWWO
2,ddelta,484,493,496,484-493-496,19,-0.7795732063177512,0.7795732063177512,OOWWWWWO,OOOOOWWO
2,ddelta,484,493,496,484-493-496,20,0.1239983081095486,0.1239983081095486,WWWWWOWO,WWOOOOWO
2,ddelta,484,493,496,484-493-496,21,-1.361765000961967,1.361765000961967,OWWWWOWO,OWOOOOWO
2,ddelta,484,493,496,484-493-496,22,-1.1435213911355537,1.1435213911355537,WOWWWOWO,WOOOOOWO
2,ddelta,484,493,496,484-493-496,23,1.0206736235488938,1.0206736235488938,OOWWWOWO,OOOOOOWO
2,ddelta,484,493,496,484-493-496,24,-1.522946286303716,1.522946286303716,WWWWWWOO,WWOOOWOO
2,ddelta,484,493,496,484-493-496,25,-0.31062105053346245,0.31062105053346245,OWWWWWOO,OWOOOWOO
2,ddelta,484,493,496,484-493-496,26,-4.7119828991429085,4.7119828991429085,WOWWWWOO,WOOOOWOO
2,ddelta,484,493,496,484-493-496,27,1.588459419264798,1.588459419264798,OOWWWWOO,OOOOOWOO
2,ddelta,484,493,496,484-493-496,28,1.0100734475615851,1.0100734475615851,WWWWWOOO,WWOOOOOO
2,ddelta,484,493,496,484-493-496,29,4.653504610611726,4.653504610611726,OWWWWOOO,OWOOOOOO
2,ddelta,484,493,496,484-493-496,30,-0.05710159883608745,0.05710159883608745,WOWWWOOO,WOOOOOOO
2,ddelta,484,493,496,484-493-496,31,-1.6230234312966871,1.6230234312966871,OOWWWOOO,OOOOOOOO
2,ddelta,484,493,498,484-493-498,0,-3.4777003545853313,3.4777003545853313,WWWWWWWW,WWOOWOWW
2,ddelta,484,493,498,484-493-498,1,-2.392565363653114,2.392565363653114,OWWWWWWW,OWOOWOWW
2,ddelta,484,493,498,484-493-498,2,-0.5103471948494274,0.5103471948494274,WOWWWWWW,WOOOWOWW
2,ddelta,484,493,498,484-493-498,3,1.1301710268830667,1.1301710268830667,OOWWWWWW,OOOOWOWW
2,ddelta,484,493,498,484-493-498,4,-3.42188220924501,3.42188220924501,WWWWOWWW,WWOOOOWW
2,ddelta,484,493,498,484-493-498,5,1.2714957278396657,1.2714957278396657,OWWWOWWW,OWOOOOWW
2,ddelta,484,493,498,484-493-498,6,1.1465368031299752,1.1465368031299752,WOWWOWWW,WOOOOOWW
2,ddelta,484,493,498,484-493-498,7,-0.8236871489498789,0.8236871489498789,OOWWOWWW,OOOOOOWW
2,ddelta,484,493,498,484-493-498,8,0.40932878048169774,0.40932878048169774,WWWWWWOW,WWOOWOOW
2,ddelta,484,493,498,484-493-498,9,1.4980499573085908,1.4980499573085908,OWWWWWOW,OWOOWOOW
2,ddelta,484,493,498,484-493-498,10,-3.3981621459335667,3.3981621459335667,WOWWWWOW,WOOOWOOW
2,ddelta,484,493,498,484-493-498,11,-0.07192078887777154,0.07192078887777154,OOWWWWOW,OOOOWOOW
2,ddelta,484,493,498,484-493-498,12,1.8300643636064102,1.8300643636064102,WWWWOWOW,WWOOOOOW
2,ddelta,484,493,498,484-493-498,13,-1.1950078749278172,1.1950078749278172,OWWWOWOW,OWOOOOOW
2,ddelta,484,493,498,484-493-498,14,-0.7968520254778078,0.7968520254778078,WOWWOWOW,WOOOOOOW
2,ddelta,484,493,498,484-493-498,15,1.4388308928249014,1.4388308928249014,OOWWOWOW,OOOOOOOW
2,ddelta,484,493,498,484-493-498,16,-1.7747372570961732,1.7747372570961732,WWWWWWWO,WWOOWOWO
2,ddelta,484,493,498,484-493-498,17,0.7278868266625957,0.7278868266625957,OWWWWWWO,OWOOWOWO
2,ddelta,484,493,498,484-493-498,18,2.266922448746148,2.266922448746148,WOWWWWWO,WOOOWOWO
2,ddelta,484,493,498,484-493-498,19,-0.9718010564641474,0.9718010564641474,OOWWWWWO,OOOOWOWO
2,ddelta,484,493,498,484-493-498,20,-2.728984768635426,2.728984768635426,WWWWOWWO,WWOOOOWO
2,ddelta,484,493,498,484-493-498,21,1.5051546556405107,1.5051546556405107,OWWWOWWO,OWOOOOWO
2,ddelta,484,493,498,484-493-498,22,0.07336921166051091,0.07336921166051091,WOWWOWWO,WOOOOOWO
2,ddelta,484,493,498,484-493-498,23,0.8284457734024991,0.8284457734024991,OOWWOWWO,OOOOOOWO
2,ddelta,484,493,498,484-493-498,24,-0.39602240267309363,0.39602240267309363,WWWWWWOO,WWOOWOOO
2,ddelta,484,493,498,484-493-498,25,0.15574298086771177,0.15574298086771177,OWWWWWOO,OWOOWOOO
2,ddelta,484,493,498,484-493-498,26,0.7974033999987413,0.7974033999987413,WOWWWWOO,WOOOWOOO
2,ddelta,484,493,498,484-493-498,27,3.110120008260792,3.110120008260792,OOWWWWOO,OOOOWOOO
2,ddelta,484,493,498,484-493-498,28,2.136997331192208,2.136997331192208,WWWWOWOO,WWOOOOOO
2,ddelta,484,493,498,484-493-498,29,5.119868642012902,5.119868642012902,OWWWOWOO,OWOOOOOO
2,ddelta,484,493,498,484-493-498,30,5.4522847003055634,5.4522847003055634,WOWWOWOO,WOOOOOOO
2,ddelta,484,493,498,484-493-498,31,-0.10136284230069381,0.10136284230069381,OOWWOWOO,OOOOOOOO
2,ddelta,484,493,501,484-493-501,0,-1.191750078504247,1.191750078504247,WWWWWWWW,WWOOWWOW
2,ddelta,484,493,501,484-493-501,1,-2.42164507942963,2.42164507942963,OWWWWWWW,OWOOWWOW
2,ddelta,484,493,501,484-493-501,2,1.1066085889721016,1.1066085889721016,WOWWWWWW,WOOOWWOW
2,ddelta,484,493,501,484-493-501,3,-0.48714560074897095,0.48714560074897095,OOWWWWWW,OOOOWWOW
2,ddelta,484,493,501,484-493-501,4,-3.2815922647049995,3.2815922647049995,WWWWOWWW,WWOOOWOW
2,ddelta,484,493,501,484-493-501,5,1.2862347625382413,1.2862347625382413,OWWWOWWW,OWOOOWOW
2,ddelta,484,493,501,484-493-501,6,2.8206651660771747,2.8206651660771747,WOWWOWWW,WOOOOWOW
2,ddelta,484,493,501,484-493-501,7,0.1051203830080783,0.1051203830080783,OOWWOWWW,OOOOOWOW
2,ddelta,484,493,501,484-493-501,8,2.695279056562782,2.695279056562782,WWWWWOWW,WWOOWOOW
2,ddelta,484,493,501,484-493-501,9,1.4689702415320751,1.4689702415320751,OWWWWOWW,OWOOWOOW
2,ddelta,484,493,501,484-493-501,10,-1.7812063621120375,1.7812063621120375,WOWWWOWW,WOOOWOOW
2,ddelta,484,493,501,484-493-501,11,-1.6892374165098094,1.6892374165098094,OOWWWOWW,OOOOWOOW
2,ddelta,484,493,501,484-493-501,12,1.9703543081464208,1.9703543081464208,WWWWOOWW,WWOOOOOW
2,ddelta,484,493,501,484-493-501,13,-1.1802688402292412,1.1802688402292412,OWWWOOWW,OWOOOOOW
2,ddelta,484,493,501,484-493-501,14,0.8772763374693908,0.8772763374693908,WOWWOOWW,WOOOOOOW
2,ddelta,484,493,501,484-493-501,15,2.367638424782859,2.367638424782859,OOWWOOWW,OOOOOOOW
2,ddelta,484,493,501,484-493-501,16,-1.4867255628689717,1.4867255628689717,WWWWWWWO,WWOOWWOO
2,ddelta,484,493,501,484-493-501,17,-0.912904670853137,0.912904670853137,OWWWWWWO,OWOOWWOO
2,ddelta,484,493,501,484-493-501,18,0.556369926918348,0.556369926918348,WOWWWWWO,WOOOWWOO
2,ddelta,484,493,501,484-493-501,19,-3.0799287802281934,3.0799287802281934,OOWWWWWO,OOOOWWOO
2,ddelta,484,493,501,484-493-501,20,-4.087917668821488,4.087917668821488,WWWWOWWO,WWOOOWOO
2,ddelta,484,493,501,484-493-501,21,0.9155071085532822,0.9155071085532822,OWWWOWWO,OWOOOWOO
2,ddelta,484,493,501,484-493-501,22,-5.205644818174644,5.205644818174644,WOWWOWWO,WOOOOWOO
2,ddelta,484,493,501,484-493-501,23,-0.7118961546456435,0.7118961546456435,OOWWOWWO,OOOOOWOO
2,ddelta,484,493,501,484-493-501,24,-0.10801070844589256,0.10801070844589256,WWWWWOWO,WWOOWOOO
2,ddelta,484,493,501,484-493-501,25,-1.4850485166480203,1.4850485166480203,OWWWWOWO,OWOOWOOO
2,ddelta,484,493,501,484-493-501,26,-0.9131491218290579,0.9131491218290579,WOWWWOWO,WOOOWOOO
2,ddelta,484,493,501,484-493-501,27,1.0019922844967457,1.0019922844967457,OOWWWOWO,OOOOWOOO
2,ddelta,484,493,501,484-493-501,28,0.7780644310061438,0.7780644310061438,WWWWOOWO,WWOOOOOO
2,ddelta,484,493,501,484-493-501,29,4.530221094925674,4.530221094925674,OWWWOOWO,OWOOOOOO
2,ddelta,484,493,501,484-493-501,30,0.17327067047040834,0.17327067047040834,WOWWOOWO,WOOOOOOO
2,ddelta,484,493,501,484-493-501,31,-1.6417047703488357,1.6417047703488357,OOWWOOWO,OOOOOOOO
2,ddelta,484,493,505,484-493-505,0,0.004621925084382084,0.004621925084382084,WWWWWWWW,WWOOWWWO
2,ddelta,484,493,505,484-493-505,1,-0.8664412976581468,0.8664412976581468,OWWWWWWW,OWOOWWWO
2,ddelta,484,493,505,484-493-505,2,0.05216478430658747,0.05216478430658747,WOWWWWWW,WOOOWWWO
2,ddelta,484,493,505,484-493-505,3,0.8141642609583104,0.8141642609583104,OOWWWWWW,OOOOWWWO
2,ddelta,484,493,505,484-493-505,4,0.8351732404465648,0.8351732404465648,WWWWOWWW,WWOOOWWO
2,ddelta,484,493,505,484-493-505,5,-1.927124568950665,1.927124568950665,OWWWOWWW,OWOOOWWO
2,ddelta,484,493,505,484-493-505,6,2.3744073129190886,2.3744073129190886,WOWWOWWW,WOOOOWWO
2,ddelta,484,493,505,484-493-505,7,0.8350521958342734,0.8350521958342734,OOWWOWWW,OOOOOWWO
2,ddelta,484,493,505,484-493-505,8,1.7075850225735387,1.7075850225735387,WWWWWOWW,WWOOWOWO
2,ddelta,484,493,505,484-493-505,9,2.254010892657563,2.254010892657563,OWWWWOWW,OWOOWOWO
2,ddelta,484,493,505,484-493-505,10,2.8294344279021626,2.8294344279021626,WOWWWOWW,WOOOWOWO
2,ddelta,484,493,505,484-493-505,11,-1.2878078223889036,1.2878078223889036,OOWWWOWW,OOOOWOWO
2,ddelta,484,493,505,484-493-505,12,1.528070681056149,1.528070681056149,WWWWOOWW,WWOOOOWO
2,ddelta,484,493,505,484-493-505,13,-1.6934656411498201,1.6934656411498201,OWWWOOWW,OWOOOOWO
2,ddelta,484,493,505,484-493-505,14,1.3012397214496245,1.3012397214496245,WOWWOOWW,WOOOOOWO
2,ddelta,484,493,505,484-493-505,15,2.4871851181866504,2.4871851181866504,OOWWOOWW,OOOOOOWO
2,ddelta,484,493,505,484-493-505,16,-0.29035355928034323,0.29035355928034323,WWWWWWOW,WWOOWWOO
2,ddelta,484,493,505,484-493-505,17,0.6422991109183462,0.6422991109183462,OWWWWWOW,OWOOWWOO
2,ddelta,484,493,505,484-493-505,18,-0.4980738777471657,0.4980738777471657,WOWWWWOW,WOOOWWOO
2,ddelta,484,493,505,484-493-505,19,-1.7786189185209116,1.7786189185209116,OOWWWWOW,OOOOWWOO
2,ddelta,484,493,505,484-493-505,20,0.028847836330074816,0.028847836330074816,WWWWOWOW,WWOOOWOO
2,ddelta,484,493,505,484-493-505,21,-2.2978522229356235,2.2978522229356235,OWWWOWOW,OWOOOWOO
2,ddelta,484,493,505,484-493-505,22,-5.6519026713327305,5.6519026713327305,WOWWOWOW,WOOOOWOO
2,ddelta,484,493,505,484-493-505,23,0.01803565818055075,0.01803565818055075,OOWWOWOW,OOOOOWOO
2,ddelta,484,493,505,484-493-505,24,-1.0957047424351345,1.0957047424351345,WWWWWOOW,WWOOWOOO
2,ddelta,484,493,505,484-493-505,25,-0.7000078655225329,0.7000078655225329,OWWWWOOW,OWOOWOOO
2,ddelta,484,493,505,484-493-505,26,3.697491668185142,3.697491668185142,WOWWWOOW,WOOOWOOO
2,ddelta,484,493,505,484-493-505,27,1.4034218786176513,1.4034218786176513,OOWWWOOW,OOOOWOOO
2,ddelta,484,493,505,484-493-505,28,0.3357808039158724,0.3357808039158724,WWWWOOOW,WWOOOOOO
2,ddelta,484,493,505,484-493-505,29,4.017024294005095,4.017024294005095,OWWWOOOW,OWOOOOOO
2,ddelta,484,493,505,484-493-505,30,0.5972340544506411,0.5972340544506411,WOWWOOOW,WOOOOOOO
2,ddelta,484,493,505,484-493-505,31,-1.5221580769450447,1.5221580769450447,OOWWOOOW,OOOOOOOO
2,ddelta,484,496,498,484-496-498,0,3.1823574853561247,3.1823574853561247,WWWWWWWW,WWOWOOWW
2,ddelta,484,496,498,484-496-498,1,-1.4446114303621878,1.4446114303621878,OWWWWWWW,OWOWOOWW
2,ddelta,484,496,498,484-496-498,2,0.0771384772781755,0.0771384772781755,WOWWWWWW,WOOWOOWW
2,ddelta,484,496,498,484-496-498,3,0.4139652228011208,0.4139652228011208,OOWWWWWW,OOOWOOWW
2,ddelta,484,496,498,484-496-498,4,3.2381756306964453,3.2381756306964453,WWWOWWWW,WWOOOOWW
2,ddelta,484,496,498,484-496-498,5,2.2194496611305916,2.2194496611305916,OWWOWWWW,OWOOOOWW
2,ddelta,484,496,498,484-496-498,6,1.7340224752575786,1.7340224752575786,WOWOWWWW,WOOOOOWW
2,ddelta,484,496,498,484-496-498,7,-1.5398929530318248,1.5398929530318248,OOWOWWWW,OOOOOOWW
2,ddelta,484,496,498,484-496-498,8,0.49821514196244243,0.49821514196244243,WWWWWWOW,WWOWOOOW
2,ddelta,484,496,498,484-496-498,9,0.72691606427424,0.72691606427424,OWWWWWOW,OWOWOOOW
2,ddelta,484,496,498,484-496-498,10,-2.3637264961497495,2.3637264961497495,WOWWWWOW,WOOWOOOW
2,ddelta,484,496,498,484-496-498,11,-0.5731770179527509,0.5731770179527509,OOWWWWOW,OOOWOOOW
2,ddelta,484,496,498,484-496-498,12,1.9189507250871551,1.9189507250871551,WWWOWWOW,WWOOOOOW
2,ddelta,484,496,498,484-496-498,13,-1.9661417679621682,1.9661417679621682,OWWOWWOW,OWOOOOOW
2,ddelta,484,496,498,484-496-498,14,0.23758362430600888,0.23758362430600888,WOWOWWOW,WOOOOOOW
2,ddelta,484,496,498,484-496-498,15,0.9375746637499226,0.9375746637499226,OOWOWWOW,OOOOOOOW
2,ddelta,484,496,498,484-496-498,16,-3.915523113609702,3.915523113609702,WWWWWWWO,WWOWOOWO
2,ddelta,484,496,498,484-496-498,17,-1.2459520010741072,1.2459520010741072,OWWWWWWO,OWOWOOWO
2,ddelta,484,496,498,484-496-498,18,-0.8182944482585865,0.8182944482585865,WOWWWWWO,WOOWOOWO
2,ddelta,484,496,498,484-496-498,19,-1.0180291556580294,1.0180291556580294,OOWWWWWO,OOOWOOWO
2,ddelta,484,496,498,484-496-498,20,-4.869770625148953,4.869770625148953,WWWOWWWO,WWOOOOWO
2,ddelta,484,496,498,484-496-498,21,-0.46868417209619184,0.46868417209619184,OWWOWWWO,OWOOOOWO
2,ddelta,484,496,498,484-496-498,22,-3.0118476853442226,3.0118476853442226,WOWOWWWO,WOOOOOWO
2,ddelta,484,496,498,484-496-498,23,0.7822176742086162,0.7822176742086162,OOWOWWWO,OOOOOOWO
2,ddelta,484,496,498,484-496-498,24,-1.0595994832014695,1.0595994832014695,WWWWWWOO,WWOWOOOO
2,ddelta,484,496,498,484-496-498,25,-3.5529004336274093,3.5529004336274093,OWWWWWOO,OWOWOOOO
2,ddelta,484,496,498,484-496-498,26,-1.8054191916301021,1.8054191916301021,WOWWWWOO,WOOWOOOO
2,ddelta,484,496,498,484-496-498,27,0.5765794298409694,0.5765794298409694,OOWWWWOO,OOOWOOOO
2,ddelta,484,496,498,484-496-498,28,1.4734202506638314,1.4734202506638314,WWWOWWOO,WWOOOOOO
2,ddelta,484,496,498,484-496-498,29,1.41122522751778,1.41122522751778,OWWOWWOO,OWOOOOOO
2,ddelta,484,496,498,484-496-498,30,2.849462108676719,2.849462108676719,WOWOWWOO,WOOOOOOO
2,ddelta,484,496,498,484-496-498,31,-2.6349034207205158,2.6349034207205158,OOWOWWOO,OOOOOOOO
2,ddelta,484,496,501,484-496-501,0,3.0703534896974496,3.0703534896974496,WWWWWWWW,WWOWOWOW
2,ddelta,484,496,501,484-496-501,1,-0.9686474087403563,0.9686474087403563,OWWWWWWW,OWOWOWOW
2,ddelta,484,496,501,484-496-501,2,0.05738488868676253,0.05738488868676253,WOWWWWWW,WOOWOWOW
2,ddelta,484,496,501,484-496-501,3,0.03430138183439668,0.03430138183439668,OOWWWWWW,OOOWOWOW
2,ddelta,484,496,501,484-496-501,4,0.980511303496697,0.980511303496697,WWWOWWWW,WWOOOWOW
2,ddelta,484,496,501,484-496-501,5,2.7392324332275155,2.7392324332275155,OWWOWWWW,OWOOOWOW
2,ddelta,484,496,501,484-496-501,6,1.771441465791836,1.771441465791836,WOWOWWWW,WOOOOWOW
2,ddelta,484,496,501,484-496-501,7,0.6265673655914455,0.6265673655914455,OOWOWWWW,OOOOOWOW
2,ddelta,484,496,501,484-496-501,8,0.38621114630376707,0.38621114630376707,WWWWWOWW,WWOWOOOW
2,ddelta,484,496,501,484-496-501,9,1.2028800858960718,1.2028800858960718,OWWWWOWW,OWOWOOOW
2,ddelta,484,496,501,484-496-501,10,-2.383480084741163,2.383480084741163,WOWWWOWW,WOOWOOOW
2,ddelta,484,496,501,484-496-501,11,-0.9528408589194746,0.9528408589194746,OOWWWOWW,OOOWOOOW
2,ddelta,484,496,501,484-496-501,12,-0.3387136021125945,0.3387136021125945,WWWOWOWW,WWOOOOOW
2,ddelta,484,496,501,484-496-501,13,-1.446358995865245,1.446358995865245,OWWOWOWW,OWOOOOOW
2,ddelta,484,496,501,484-496-501,14,0.27500261484026556,0.27500261484026556,WOWOWOWW,WOOOOOOW
2,ddelta,484,496,501,484-496-501,15,3.104034982373193,3.104034982373193,OOWOWOWW,OOOOOOOW
2,ddelta,484,496,501,484-496-501,16,-1.979194624784816,1.979194624784816,WWWWWWWO,WWOWOWOO
2,ddelta,484,496,501,484-496-501,17,-0.32108336277966815,0.32108336277966815,OWWWWWWO,OWOWOWOO
2,ddelta,484,496,501,484-496-501,18,-0.833778782569629,0.833778782569629,WOWWWWWO,WOOWOWOO
2,ddelta,484,496,501,484-496-501,19,-1.139907768244992,1.139907768244992,OOWWWWWO,OOOWOWOO
2,ddelta,484,496,501,484-496-501,20,-4.580386730737334,4.580386730737334,WWWOWWWO,WWOOOWOO
2,ddelta,484,496,501,484-496-501,21,1.507328416626752,1.507328416626752,OWWOWWWO,OWOOOWOO
2,ddelta,484,496,501,484-496-501,22,-6.595793527662619,6.595793527662619,WOWOWWWO,WOOOOWOO
2,ddelta,484,496,501,484-496-501,23,1.228124857337558,1.228124857337558,OOWOWWWO,OOOOOWOO
2,ddelta,484,496,501,484-496-501,24,0.876729005623416,0.876729005623416,WWWWWOWO,WWOWOOOO
2,ddelta,484,496,501,484-496-501,25,-2.62803179533297,2.62803179533297,OWWWWOWO,OWOWOOOO
2,ddelta,484,496,501,484-496-501,26,-1.8209035259411448,1.8209035259411448,WOWWWOWO,WOOWOOOO
2,ddelta,484,496,501,484-496-501,27,0.45470081725400713,0.45470081725400713,OOWWWOWO,OOOWOOOO
2,ddelta,484,496,501,484-496-501,28,1.7628041450754521,1.7628041450754521,WWWOWOWO,WWOOOOOO
2,ddelta,484,496,501,484-496-501,29,3.387237816240723,3.387237816240723,OWWOWOWO,OWOOOOOO
2,ddelta,484,496,501,484-496-501,30,-0.7344837336416787,0.7344837336416787,WOWOWOWO,WOOOOOOO
2,ddelta,484,496,501,484-496-501,31,-2.1889962375915744,2.1889962375915744,OOWOWOWO,OOOOOOOO
2,ddelta,484,496,505,484-496-505,0,3.907229192811279,3.907229192811279,WWWWWWWW,WWOWOWWO
2,ddelta,484,496,505,484-496-505,1,-0.02483419043409829,0.02483419043409829,OWWWWWWW,OWOWOWWO
2,ddelta,484,496,505,484-496-505,2,2.040436704502614,2.040436704502614,WOWWWWWW,WOOWOWWO
2,ddelta,484,496,505,484-496-505,3,-0.8987139620063735,0.8987139620063735,OOWWWWWW,OOOWOWWO
2,ddelta,484,496,505,484-496-505,4,4.737780508173462,4.737780508173462,WWWOWWWW,WWOOOWWO
2,ddelta,484,496,505,484-496-505,5,-1.0855174617266168,1.0855174617266168,OWWOWWWW,OWOOOWWO
2,ddelta,484,496,505,484-496-505,6,4.362679233115116,4.362679233115116,WOWOWWWW,WOOOOWWO
2,ddelta,484,496,505,484-496-505,7,-0.8778260271304114,0.8778260271304114,OOWOWWWW,OOOOOWWO
2,ddelta,484,496,505,484-496-505,8,-3.1906514061545472,3.1906514061545472,WWWWWOWW,WWOWOOWO
2,ddelta,484,496,505,484-496-505,9,0.1738252388539827,0.1738252388539827,OWWWWOWW,OWOWOOWO
2,ddelta,484,496,505,484-496-505,10,1.1450037789658523,1.1450037789658523,WOWWWOWW,WOOWOOWO
2,ddelta,484,496,505,484-496-505,11,-2.3307083404655238,2.3307083404655238,OOWWWOWW,OOOWOOWO
2,ddelta,484,496,505,484-496-505,12,-3.3701657476719378,3.3701657476719378,WWWOWOWW,WWOOOOWO
2,ddelta,484,496,505,484-496-505,13,-3.7736512949534,3.7736512949534,OWWOWOWW,OWOOOOWO
2,ddelta,484,496,505,484-496-505,14,-0.3831909274866858,0.3831909274866858,WOWOWOWW,WOOOOOWO
2,ddelta,484,496,505,484-496-505,15,1.4442846001100298,1.4442846001100298,OOWOWOWW,OOOOOOWO
2,ddelta,484,496,505,484-496-505,16,-1.1423189216709855,1.1423189216709855,WWWWWWOW,WWOWOWOO
2,ddelta,484,496,505,484-496-505,17,0.6227298555265894,0.6227298555265894,OWWWWWOW,OWOWOWOO
2,ddelta,484,496,505,484-496-505,18,1.149273033246223,1.149273033246223,WOWWWWOW,WOOWOWOO
2,ddelta,484,496,505,484-496-505,19,-2.072923112085762,2.072923112085762,OOWWWWOW,OOOWOWOO
2,ddelta,484,496,505,484-496-505,20,-0.8231175260605672,0.8231175260605672,WWWOWWOW,WWOOOWOO
2,ddelta,484,496,505,484-496-505,21,-2.3174214783273803,2.3174214783273803,OWWOWWOW,OWOOOWOO
2,ddelta,484,496,505,484-496-505,22,-4.004555760339341,4.004555760339341,WOWOWWOW,WOOOOWOO
2,ddelta,484,496,505,484-496-505,23,-0.2762685353842994,0.2762685353842994,OOWOWWOW,OOOOOWOO
2,ddelta,484,496,505,484-496-505,24,-2.700133546834898,2.700133546834898,WWWWWOOW,WWOWOOOO
2,ddelta,484,496,505,484-496-505,25,-3.65708664237506,3.65708664237506,OWWWWOOW,OWOWOOOO
2,ddelta,484,496,505,484-496-505,26,1.7075803377658707,1.7075803377658707,WOWWWOOW,WOOWOOOO
2,ddelta,484,496,505,484-496-505,27,-0.9231666642920417,0.9231666642920417,OOWWWOOW,OOOWOOOO
2,ddelta,484,496,505,484-496-505,28,-1.2686480004838911,1.2686480004838911,WWWOWOOW,WWOOOOOO
2,ddelta,484,496,505,484-496-505,29,1.0599455171525676,1.0599455171525676,OWWOWOOW,OWOOOOOO
2,ddelta,484,496,505,484-496-505,30,-1.3926772759686303,1.3926772759686303,WOWOWOOW,WOOOOOOO
2,ddelta,484,496,505,484-496-505,31,-3.8487466198547375,3.8487466198547375,OOWOWOOW,OOOOOOOO
2,ddelta,484,498,501,484-498-501,0,0.753742852143642,0.753742852143642,WWWWWWWW,WWOWWOOW
2,ddelta,484,498,501,484-498-501,1,-2.2674856682951736,2.2674856682951736,OWWWWWWW,OWOWWOOW
2,ddelta,484,498,501,484-498-501,2,1.7359530853412721,1.7359530853412721,WOWWWWWW,WOOWWOOW
2,ddelta,484,498,501,484-498-501,3,2.0018462940245025,2.0018462940245025,OOWWWWWW,OOOWWOOW
2,ddelta,484,498,501,484-498-501,4,4.6407719872106705,4.6407719872106705,WWWOWWWW,WWOOWOOW
2,ddelta,484,498,501,484-498-501,5,1.6231296526665315,1.6231296526665315,OWWOWWWW,OWOOWOOW
2,ddelta,484,498,501,484-498-501,6,-1.151861865742867,1.151861865742867,WOWOWWWW,WOOOWOOW
2,ddelta,484,498,501,484-498-501,7,0.7997544782636637,0.7997544782636637,OOWOWWWW,OOOOWOOW
2,ddelta,484,498,501,484-498-501,8,-1.9303994912500402,1.9303994912500402,WWWWOWWW,WWOWOOOW
2,ddelta,484,498,501,484-498-501,9,-0.09595817365874576,0.09595817365874576,OWWWOWWW,OWOWOOOW
2,ddelta,484,498,501,484-498-501,10,-0.7049118880866533,0.7049118880866533,WOWWOWWW,WOOWOOOW
2,ddelta,484,498,501,484-498-501,11,1.0147040532706304,1.0147040532706304,OOWWOWWW,OOOWOOOW
2,ddelta,484,498,501,484-498-501,12,3.3215470816013797,3.3215470816013797,WWWOOWWW,WWOOOOOW
2,ddelta,484,498,501,484-498-501,13,-2.562461776426228,2.562461776426228,OWWOOWWW,OWOOOOOW
2,ddelta,484,498,501,484-498-501,14,-2.648300716694436,2.648300716694436,WOWOOWWW,WOOOOOOW
2,ddelta,484,498,501,484-498-501,15,3.277222095045411,3.277222095045411,OOWOOWWW,OOOOOOOW
2,ddelta,484,498,501,484-498-501,16,-0.648095540534398,0.648095540534398,WWWWWWWO,WWOWWOOO
2,ddelta,484,498,501,484-498-501,17,0.012038215856640277,0.012038215856640277,OWWWWWWO,OWOWWOOO
2,ddelta,484,498,501,484-498-501,18,1.4027865704725446,1.4027865704725446,WOWWWWWO,WOOWWOOO
2,ddelta,484,498,501,484-498-501,19,-1.8581893488059673,1.8581893488059673,OOWWWWWO,OOOWWOOO
2,ddelta,484,498,501,484-498-501,20,0.7306193138886816,0.7306193138886816,WWWOWWWO,WWOOWOOO
2,ddelta,484,498,501,484-498-501,21,-0.5601056299382432,0.5601056299382432,OWWOWWWO,OWOOWOOO
2,ddelta,484,498,501,484-498-501,22,-0.0667324782748615,0.0667324782748615,WOWOWWWO,WOOOWOOO
2,ddelta,484,498,501,484-498-501,23,2.2237317159189716,2.2237317159189716,OOWOWWWO,OOOOWOOO
2,ddelta,484,498,501,484-498-501,24,2.207828089873834,2.207828089873834,WWWWOWWO,WWOWOOOO
2,ddelta,484,498,501,484-498-501,25,-2.2949102166966613,2.2949102166966613,OWWWOWWO,OWOWOOOO
2,ddelta,484,498,501,484-498-501,26,0.41566182710102906,0.41566182710102906,WOWWOWWO,WOOWOOOO
2,ddelta,484,498,501,484-498-501,27,-0.2635807633069682,0.2635807633069682,OOWWOWWO,OOOWOOOO
2,ddelta,484,498,501,484-498-501,28,7.073810189701467,7.073810189701467,WWWOOWWO,WWOOOOOO
2,ddelta,484,498,501,484-498-501,29,1.3198037696757283,1.3198037696757283,OWWOOWWO,OWOOOOOO
2,ddelta,484,498,501,484-498-501,30,5.794577315746079,5.794577315746079,WOWOOWWO,WOOOOOOO
2,ddelta,484,498,501,484-498-501,31,-1.1933893790101613,1.1933893790101613,OOWOOWWO,OOOOOOOO
2,ddelta,484,498,505,484-498-505,0,1.7947965994367452,1.7947965994367452,WWWWWWWW,WWOWWOWO
2,ddelta,484,498,505,484-498-505,1,-1.7879422867083272,1.7879422867083272,OWWWWWWW,OWOWWOWO
2,ddelta,484,498,505,484-498-505,2,0.06014420054586836,0.06014420054586836,WOWWWWWW,WOOWWOWO
2,ddelta,484,498,505,484-498-505,3,2.7019005088865327,2.7019005088865327,OOWWWWWW,OOOWWOWO
2,ddelta,484,498,505,484-498-505,4,3.497759696925902,3.497759696925902,WWWOWWWW,WWOOWOWO
2,ddelta,484,498,505,484-498-505,5,1.3325099036073824,1.3325099036073824,OWWOWWWW,OWOOWOWO
2,ddelta,484,498,505,484-498-505,6,2.8374138441414436,2.8374138441414436,WOWOWWWW,WOOOWOWO
2,ddelta,484,498,505,484-498-505,7,0.5999284255393184,0.5999284255393184,OOWOWWWW,OOOOWOWO
2,ddelta,484,498,505,484-498-505,8,-5.303083999529081,5.303083999529081,WWWWOWWW,WWOWOOWO
2,ddelta,484,498,505,484-498-505,9,-1.5892828574202462,1.5892828574202462,OWWWOWWW,OWOWOOWO
2,ddelta,484,498,505,484-498-505,10,-0.8352887249908935,0.8352887249908935,WOWWOWWW,WOOWOOWO
2,ddelta,484,498,505,484-498-505,11,1.2699061304273824,1.2699061304273824,OOWWOWWW,OOOWOOWO
2,ddelta,484,498,505,484-498-505,12,-4.610186558919498,4.610186558919498,WWWOOWWW,WWOOOOWO
2,ddelta,484,498,505,484-498-505,13,-1.3556239296194013,1.3556239296194013,OWWOOWWW,OWOOOOWO
2,ddelta,484,498,505,484-498-505,14,-1.9084563164603585,1.9084563164603585,WOWOOWWW,WOOOOOWO
2,ddelta,484,498,505,484-498-505,15,2.92203905277976,2.92203905277976,OOWOOWWW,OOOOOOWO
2,ddelta,484,498,505,484-498-505,16,0.39295820675870485,0.39295820675870485,WWWWWWOW,WWOWWOOO
2,ddelta,484,498,505,484-498-505,17,0.49158159744348695,0.49158159744348695,OWWWWWOW,OWOWWOOO
2,ddelta,484,498,505,484-498-505,18,-0.2730223143228593,0.2730223143228593,WOWWWWOW,WOOWWOOO
2,ddelta,484,498,505,484-498-505,19,-1.158135133943937,1.158135133943937,OOWWWWOW,OOOWWOOO
2,ddelta,484,498,505,484-498-505,20,-0.4123929763960865,0.4123929763960865,WWWOWWOW,WWOOWOOO
2,ddelta,484,498,505,484-498-505,21,-0.8507253789973922,0.8507253789973922,OWWOWWOW,OWOOWOOO
2,ddelta,484,498,505,484-498-505,22,3.9225432316094486,3.9225432316094486,WOWOWWOW,WOOOWOOO
2,ddelta,484,498,505,484-498-505,23,2.023905663194626,2.023905663194626,OOWOWWOW,OOOOWOOO
2,ddelta,484,498,505,484-498-505,24,-1.1648564184052073,1.1648564184052073,WWWWOWOW,WWOWOOOO
2,ddelta,484,498,505,484-498-505,25,-3.7882349004581624,3.7882349004581624,OWWWOWOW,OWOWOOOO
2,ddelta,484,498,505,484-498-505,26,0.285284990196788,0.285284990196788,WOWWOWOW,WOOWOOOO
2,ddelta,484,498,505,484-498-505,27,-0.008378686150216641,0.008378686150216641,OOWWOWOW,OOOWOOOO
2,ddelta,484,498,505,484-498-505,28,-0.85792345081941,0.85792345081941,WWWOOWOW,WWOOOOOO
2,ddelta,484,498,505,484-498-505,29,2.526641616482556,2.526641616482556,OWWOOWOW,OWOOOOOO
2,ddelta,484,498,505,484-498-505,30,6.534421715980159,6.534421715980159,WOWOOWOW,WOOOOOOO
2,ddelta,484,498,505,484-498-505,31,-1.5485724212758123,1.5485724212758123,OOWOOWOW,OOOOOOOO
2,ddelta,484,501,505,484-501-505,0,2.498886180948129,2.498886180948129,WWWWWWWW,WWOWWWOO
2,ddelta,484,501,505,484-501-505,1,-0.4280342406571094,0.4280342406571094,OWWWWWWW,OWOWWWOO
2,ddelta,484,501,505,484-501-505,2,0.20626216281730994,0.20626216281730994,WOWWWWWW,WOOWWWOO
2,ddelta,484,501,505,484-501-505,3,3.0329430356384353,3.0329430356384353,OOWWWWWW,OOOWWWOO
2,ddelta,484,501,505,484-501-505,4,2.2039106965834048,2.2039106965834048,WWWOWWWW,WWOOWWOO
2,ddelta,484,501,505,484-501-505,5,1.0807061679193832,1.0807061679193832,OWWOWWWW,OWOOWWOO
2,ddelta,484,501,505,484-501-505,6,-0.343976499236443,0.343976499236443,WOWOWWWW,WOOOWWOO
2,ddelta,484,501,505,484-501-505,7,0.44015985615921205,0.44015985615921205,OOWOWWWW,OOOOWWOO
2,ddelta,484,501,505,484-501-505,8,-2.5506619335341356,2.5506619335341356,WWWWOWWW,WWOWOWOO
2,ddelta,484,501,505,484-501-505,9,0.21952980530357863,0.21952980530357863,OWWWOWWW,OWOWOWOO
2,ddelta,484,501,505,484-501-505,10,-0.6849015084390816,0.6849015084390816,WOWWOWWW,WOOWOWOO
2,ddelta,484,501,505,484-501-505,11,1.858733885559046,1.858733885559046,OOWWOWWW,OOOWOWOO
2,ddelta,484,501,505,484-501-505,12,-3.356987337650626,3.356987337650626,WWWOOWWW,WWOOOWOO
2,ddelta,484,501,505,484-501-505,13,-0.15119784868137942,0.15119784868137942,OWWOOWWW,OWOOOWOO
2,ddelta,484,501,505,484-501-505,14,-8.711211492690898,8.711211492690898,WOWOOWWW,WOOOOWOO
2,ddelta,484,501,505,484-501-505,15,1.041717347905324,1.041717347905324,OOWOOWWW,OOOOOWOO
2,ddelta,484,501,505,484-501-505,16,1.097047788270089,1.097047788270089,WWWWWOWW,WWOWWOOO
2,ddelta,484,501,505,484-501-505,17,1.851489643494705,1.851489643494705,OWWWWOWW,OWOWWOOO
2,ddelta,484,501,505,484-501-505,18,-0.12690435205141792,0.12690435205141792,WOWWWOWW,WOOWWOOO
2,ddelta,484,501,505,484-501-505,19,-0.8270926071920347,0.8270926071920347,OOWWWOWW,OOOWWOOO
2,ddelta,484,501,505,484-501-505,20,-1.706241976738584,1.706241976738584,WWWOWOWW,WWOOWOOO
2,ddelta,484,501,505,484-501-505,21,-1.102529114685391,1.102529114685391,OWWOWOWW,OWOOWOOO
2,ddelta,484,501,505,484-501-505,22,0.7411528882315612,0.7411528882315612,WOWOWOWW,WOOOWOOO
2,ddelta,484,501,505,484-501-505,23,1.8641370938145196,1.8641370938145196,OOWOWOWW,OOOOWOOO
2,ddelta,484,501,505,484-501-505,24,1.5875656475897386,1.5875656475897386,WWWWOOWW,WWOWOOOO
2,ddelta,484,501,505,484-501-505,25,-1.979422237734338,1.979422237734338,OWWWOOWW,OWOWOOOO
2,ddelta,484,501,505,484-501-505,26,0.4356722067486001,0.4356722067486001,WOWWOOWW,WOOWOOOO
2,ddelta,484,501,505,484-501-505,27,0.5804490689814472,0.5804490689814472,OOWWOOWW,OOOWOOOO
2,ddelta,484,501,505,484-501-505,28,0.3952757704494618,0.3952757704494618,WWWOOOWW,WWOOOOOO
2,ddelta,484,501,505,484-501-505,29,3.7310676974205768,3.7310676974205768,OWWOOOWW,OWOOOOOO
2,ddelta,484,501,505,484-501-505,30,-0.26833346025038285,0.26833346025038285,WOWOOOWW,WOOOOOOO
2,ddelta,484,501,505,484-501-505,31,-3.4288941261502477,3.4288941261502477,OOWOOOWW,OOOOOOOO
2,ddelta,493,496,498,493-496-498,0,2.3364984564455673,2.3364984564455673,WWWWWWWW,WWWOOOWW
2,ddelta,493,496,498,493-496-498,1,-1.568345435422579,1.568345435422579,OWWWWWWW,OWWOOOWW
2,ddelta,493,496,498,493-496-498,2,-2.641662264432277,2.641662264432277,WOWWWWWW,WOWOOOWW
2,ddelta,493,496,498,493-496-498,3,0.8919751444438462,0.8919751444438462,OOWWWWWW,OOWOOOWW
2,ddelta,493,496,498,493-496-498,4,2.3923166017858897,2.3923166017858897,WWOWWWWW,WWOOOOWW
2,ddelta,493,496,498,493-496-498,5,2.095715656070201,2.095715656070201,OWOWWWWW,OWOOOOWW
2,ddelta,493,496,498,493-496-498,6,-0.984778266452874,0.984778266452874,WOOWWWWW,WOOOOOWW
2,ddelta,493,496,498,493-496-498,7,-1.0618830313890992,1.0618830313890992,OOOWWWWW,OOOOOOWW
2,ddelta,493,496,498,493-496-498,8,0.21912794828507776,0.21912794828507776,WWWWWWOW,WWWOOOOW
2,ddelta,493,496,498,493-496-498,9,2.4903553581523195,2.4903553581523195,OWWWWWOW,OWWOOOOW
2,ddelta,493,496,498,493-496-498,10,-1.1352108892840491,1.1352108892840491,WOWWWWOW,WOWOOOOW
2,ddelta,493,496,498,493-496-498,11,-1.3226397466564734,1.3226397466564734,OOWWWWOW,OOWOOOOW
2,ddelta,493,496,498,493-496-498,12,1.6398635314097902,1.6398635314097902,WWOWWWOW,WWOOOOOW
2,ddelta,493,496,498,493-496-498,13,-0.20270247408408892,0.20270247408408892,OWOWWWOW,OWOOOOOW
2,ddelta,493,496,498,493-496-498,14,1.4660992311717096,1.4660992311717096,WOOWWWOW,WOOOOOOW
2,ddelta,493,496,498,493-496-498,15,0.18811193504620033,0.18811193504620033,OOOWWWOW,OOOOOOOW
2,ddelta,493,496,498,493-496-498,16,-3.315853304720815,3.315853304720815,WWWWWWWO,WWWOOOWO
2,ddelta,493,496,498,493-496-498,17,-1.0408286259897805,1.0408286259897805,OWWWWWWO,OWWOOOWO
2,ddelta,493,496,498,493-496-498,18,1.7235010803030029,1.7235010803030029,WOWWWWWO,WOWOOOWO
2,ddelta,493,496,498,493-496-498,19,-0.6908773763465913,0.6908773763465913,OOWWWWWO,OOWOOOWO
2,ddelta,493,496,498,493-496-498,20,-4.270100816260067,4.270100816260067,WWOWWWWO,WWOOOOWO
2,ddelta,493,496,498,493-496-498,21,-0.2635607970118654,0.2635607970118654,OWOWWWWO,OWOOOOWO
2,ddelta,493,496,498,493-496-498,22,-0.47005215678263323,0.47005215678263323,WOOWWWWO,WOOOOOWO
2,ddelta,493,496,498,493-496-498,23,1.1093694535200544,1.1093694535200544,OOOWWWWO,OOOOOOWO
2,ddelta,493,496,498,493-496-498,24,-2.0169415982314827,2.0169415982314827,WWWWWWOO,WWWOOOOO
2,ddelta,493,496,498,493-496-498,25,-3.3715362219564793,3.3715362219564793,OWWWWWOO,OWWOOOOO
2,ddelta,493,496,498,493-496-498,26,-4.328456910553359,4.328456910553359,WOWWWWOO,WOWOOOOO
2,ddelta,493,496,498,493-496-498,27,1.0336752900227766,1.0336752900227766,OOWWWWOO,OOWOOOOO
2,ddelta,493,496,498,493-496-498,28,0.5160781356338183,0.5160781356338183,WWOWWWOO,WWOOOOOO
2,ddelta,493,496,498,493-496-498,29,1.5925894391887108,1.5925894391887108,OWOWWWOO,OWOOOOOO
2,ddelta,493,496,498,493-496-498,30,0.32642438975346144,0.32642438975346144,WOOWWWOO,WOOOOOOO
2,ddelta,493,496,498,493-496-498,31,-2.1778075605387084,2.1778075605387084,OOOWWWOO,OOOOOOOO
2,ddelta,493,496,501,493-496-501,0,2.103654693726556,2.103654693726556,WWWWWWWW,WWWOOWOW
2,ddelta,493,496,501,493-496-501,1,-1.4882953307114914,1.4882953307114914,OWWWWWWW,OWWOOWOW
2,ddelta,493,496,501,493-496-501,2,-2.155463218141234,2.155463218141234,WOWWWWWW,WOWOOWOW
2,ddelta,493,496,501,493-496-501,3,1.3488702435394413,1.3488702435394413,OOWWWWWW,OOWOOWOW
2,ddelta,493,496,501,493-496-501,4,0.01381250752580418,0.01381250752580418,WWOWWWWW,WWOOOWOW
2,ddelta,493,496,501,493-496-501,5,2.2195845112563797,2.2195845112563797,OWOWWWWW,OWOOOWOW
2,ddelta,493,496,501,493-496-501,6,-0.4414066410361608,0.4414066410361608,WOOWWWWW,WOOOOWOW
2,ddelta,493,496,501,493-496-501,7,1.9411362272964903,1.9411362272964903,OOOWWWWW,OOOOOWOW
2,ddelta,493,496,501,493-496-501,8,-0.01371581443393377,0.01371581443393377,WWWWWOWW,WWWOOOOW
2,ddelta,493,496,501,493-496-501,9,2.5704054628634063,2.5704054628634063,OWWWWOWW,OWWOOOOW
2,ddelta,493,496,501,493-496-501,10,-0.6490118429930058,0.6490118429930058,WOWWWOWW,WOWOOOOW
2,ddelta,493,496,501,493-496-501,11,-0.8657446475608783,0.8657446475608783,OOWWWOWW,OOWOOOOW
2,ddelta,493,496,501,493-496-501,12,-0.738640562850295,0.738640562850295,WWOWWOWW,WWOOOOOW
2,ddelta,493,496,501,493-496-501,13,-0.07883361889790996,0.07883361889790996,OWOWWOWW,OWOOOOOW
2,ddelta,493,496,501,493-496-501,14,2.009470856588422,2.009470856588422,WOOWWOWW,WOOOOOOW
2,ddelta,493,496,501,493-496-501,15,3.19113119373179,3.19113119373179,OOOWWOWW,OOOOOOOW
2,ddelta,493,496,501,493-496-501,16,-3.355652126217791,3.355652126217791,WWWWWWWO,WWWOOWOO
2,ddelta,493,496,501,493-496-501,17,-0.4287873056472598,0.4287873056472598,OWWWWWWO,OWWOOWOO
2,ddelta,493,496,501,493-496-501,18,4.804908750001791,4.804908750001791,WOWWWWWO,WOWOOWOO
2,ddelta,493,496,501,493-496-501,19,-1.5660601295780412,1.5660601295780412,OOWWWWWO,OOWOOWOO
2,ddelta,493,496,501,493-496-501,20,-5.956844232170306,5.956844232170306,WWOWWWWO,WWOOOWOO
2,ddelta,493,496,501,493-496-501,21,1.399624473759159,1.399624473759159,OWOWWWWO,OWOOOWOO
2,ddelta,493,496,501,493-496-501,22,-0.9571059950912015,0.9571059950912015,WOOWWWWO,WOOOOWOO
2,ddelta,493,496,501,493-496-501,23,0.8019724960045083,0.8019724960045083,OOOWWWWO,OOOOOWOO
2,ddelta,493,496,501,493-496-501,24,-2.056740419728458,2.056740419728458,WWWWWOWO,WWWOOOOO
2,ddelta,493,496,501,493-496-501,25,-2.759494901613958,2.759494901613958,OWWWWOWO,OWWOOOOO
2,ddelta,493,496,501,493-496-501,26,-1.247049240854574,1.247049240854574,WOWWWOWO,WOWOOOOO
2,ddelta,493,496,501,493-496-501,27,0.1584925367913267,0.1584925367913267,OOWWWOWO,OOWOOOOO
2,ddelta,493,496,501,493-496-501,28,-1.1706652802764224,1.1706652802764224,WWOWWOWO,WWOOOOOO
2,ddelta,493,496,501,493-496-501,29,3.255774709959735,3.255774709959735,OWOWWOWO,OWOOOOOO
2,ddelta,493,496,501,493-496-501,30,-0.1606294485551072,0.1606294485551072,WOOWWOWO,WOOOOOOO
2,ddelta,493,496,501,493-496-501,31,-2.4852045180542546,2.4852045180542546,OOOWWOWO,OOOOOOOO
2,ddelta,493,496,505,493-496-505,0,4.865884143761119,4.865884143761119,WWWWWWWW,WWWOOWWO
2,ddelta,493,496,505,493-496-505,1,0.7286349486387513,0.7286349486387513,OWWWWWWW,OWWOOWWO
2,ddelta,493,496,505,493-496-505,2,-2.6432988847564722,2.6432988847564722,WOWWWWWW,WOWOOWWO
2,ddelta,493,496,505,493-496-505,3,1.2093775256692405,1.2093775256692405,OOWWWWWW,OOWOOWWO
2,ddelta,493,496,505,493-496-505,4,5.696435459123302,5.696435459123302,WWOWWWWW,WWOOOWWO
2,ddelta,493,496,505,493-496-505,5,-0.33204832265376705,0.33204832265376705,OWOWWWWW,OWOOOWWO
2,ddelta,493,496,505,493-496-505,6,-0.32105635614397066,0.32105635614397066,WOOWWWWW,WOOOOWWO
2,ddelta,493,496,505,493-496-505,7,1.230265460545204,1.230265460545204,OOOWWWWW,OOOOOWWO
2,ddelta,493,496,505,493-496-505,8,-0.7864676174052634,0.7864676174052634,WWWWWOWW,WWWOOOWO
2,ddelta,493,496,505,493-496-505,9,1.256151758071549,1.256151758071549,OWWWWOWW,OWWOOOWO
2,ddelta,493,496,505,493-496-505,10,1.7218644599788078,1.7218644599788078,WOWWWOWW,WOWOOOWO
2,ddelta,493,496,505,493-496-505,11,-0.3734749951211964,0.3734749951211964,OOWWWOWW,OOWOOOWO
2,ddelta,493,496,505,493-496-505,12,-0.9659819589226539,0.9659819589226539,WWOWWOWW,WWOOOOWO
2,ddelta,493,496,505,493-496-505,13,-2.6913247757358327,2.6913247757358327,OWOWWOWW,OWOOOOWO
2,ddelta,493,496,505,493-496-505,14,0.1936697535262697,0.1936697535262697,WOOWWOWW,WOOOOOWO
2,ddelta,493,496,505,493-496-505,15,3.4015179454543567,3.4015179454543567,OOOWWOWW,OOOOOOWO
2,ddelta,493,496,505,493-496-505,16,-0.5934226761832271,0.5934226761832271,WWWWWWOW,WWWOOWOO
2,ddelta,493,496,505,493-496-505,17,1.7881429737029821,1.7881429737029821,OWWWWWOW,OWWOOWOO
2,ddelta,493,496,505,493-496-505,18,4.317073083386552,4.317073083386552,WOWWWWOW,WOWOOWOO
2,ddelta,493,496,505,493-496-505,19,-1.7055528474482413,1.7055528474482413,OOWWWWOW,OOWOOWOO
2,ddelta,493,496,505,493-496-505,20,-0.27422128057280903,0.27422128057280903,WWOWWWOW,WWOOOWOO
2,ddelta,493,496,505,493-496-505,21,-1.1520083601509876,1.1520083601509876,OWOWWWOW,OWOOOWOO
2,ddelta,493,496,505,493-496-505,22,-0.8367557101990115,0.8367557101990115,WOOWWWOW,WOOOOWOO
2,ddelta,493,496,505,493-496-505,23,0.09110172925322124,0.09110172925322124,OOOWWWOW,OOOOOWOO
2,ddelta,493,496,505,493-496-505,24,-2.8294922226997876,2.8294922226997876,WWWWWOOW,WWWOOOOO
2,ddelta,493,496,505,493-496-505,25,-4.073748606405816,4.073748606405816,OWWWWOOW,OWWOOOOO
2,ddelta,493,496,505,493-496-505,26,1.1238270621172408,1.1238270621172408,WOWWWOOW,WOWOOOOO
2,ddelta,493,496,505,493-496-505,27,0.650762189231008,0.650762189231008,OOWWWOOW,OOWOOOOO
2,ddelta,493,496,505,493-496-505,28,-1.3980066763487813,1.3980066763487813,WWOWWOOW,WWOOOOOO
2,ddelta,493,496,505,493-496-505,29,0.6432835531218118,0.6432835531218118,OWOWWOOW,OWOOOOOO
2,ddelta,493,496,505,493-496-505,30,-1.9764305516172598,1.9764305516172598,WOOWWOOW,WOOOOOOO
2,ddelta,493,496,505,493-496-505,31,-2.2748177663316875,2.2748177663316875,OOOWWOOW,OOOOOOOO
2,ddelta,493,498,501,493-498-501,0,-1.2618323149637116,1.2618323149637116,WWWWWWWW,WWWOWOOW
2,ddelta,493,498,501,493-498-501,1,-2.247881605849943,2.247881605849943,OWWWWWWW,OWWOWOOW
2,ddelta,493,498,501,493-498-501,2,2.1779502898622134,2.1779502898622134,WOWWWWWW,WOWOWOOW
2,ddelta,493,498,501,493-498-501,3,0.7075746526957958,0.7075746526957958,OOWWWWWW,OOWOWOOW
2,ddelta,493,498,501,493-498-501,4,2.625196820103318,2.625196820103318,WWOWWWWW,WWOOWOOW
2,ddelta,493,498,501,493-498-501,5,1.6427337151117625,1.6427337151117625,OWOWWWWW,OWOOWOOW
2,ddelta,493,498,501,493-498-501,6,-0.7098646612219262,0.7098646612219262,WOOWWWWW,WOOOWOOW
2,ddelta,493,498,501,493-498-501,7,-0.49451716306504284,0.49451716306504284,OOOWWWWW,OOOOWOOW
2,ddelta,493,498,501,493-498-501,8,-3.3792028231242015,3.3792028231242015,WWWWOWWW,WWWOOOOW
2,ddelta,493,498,501,493-498-501,9,1.810819187724955,1.810819187724955,OWWWOWWW,OWWOOOOW
2,ddelta,493,498,501,493-498-501,10,3.684401665010441,3.684401665010441,WOWWOWWW,WOWOOOOW
2,ddelta,493,498,501,493-498-501,11,-1.5070402384045238,1.5070402384045238,OOWWOWWW,OOWOOOOW
2,ddelta,493,498,501,493-498-501,12,1.8727437497272184,1.8727437497272184,WWOWOWWW,WWOOOOOW
2,ddelta,493,498,501,493-498-501,13,-0.6556844150425273,0.6556844150425273,OWOWOWWW,OWOOOOOW
2,ddelta,493,498,501,493-498-501,14,1.7410128364026574,1.7410128364026574,WOOWOWWW,WOOOOOOW
2,ddelta,493,498,501,493-498-501,15,0.7554778033702569,0.7554778033702569,OOOWOWWW,OOOOOOOW
2,ddelta,493,498,501,493-498-501,16,-0.2992366452548061,0.2992366452548061,WWWWWWWO,WWWOWOOO
2,ddelta,493,498,501,493-498-501,17,-0.401622759376612,0.401622759376612,OWWWWWWO,OWWOWOOO
2,ddelta,493,498,501,493-498-501,18,0.7893948164034572,0.7893948164034572,WOWWWWWO,WOWOWOOO
2,ddelta,493,498,501,493-498-501,19,-0.8887378336365014,0.8887378336365014,OOWWWWWO,OOWOWOOO
2,ddelta,493,498,501,493-498-501,20,1.0794782091682738,1.0794782091682738,WWOWWWWO,WWOOWOOO
2,ddelta,493,498,501,493-498-501,21,-0.9737666051714955,0.9737666051714955,OWOWWWWO,OWOOWOOO
2,ddelta,493,498,501,493-498-501,22,-0.6801242323439489,0.6801242323439489,WOOWWWWO,WOOOWOOO
2,ddelta,493,498,501,493-498-501,23,3.1931832310884376,3.1931832310884376,OOOWWWWO,OOOOWOOO
2,ddelta,493,498,501,493-498-501,24,0.9996750612345258,0.9996750612345258,WWWWOWWO,WWWOOOOO
2,ddelta,493,498,501,493-498-501,25,-2.7323303553433105,2.7323303553433105,OWWWOWWO,OWWOOOOO
2,ddelta,493,498,501,493-498-501,26,-5.262563174452907,5.262563174452907,WOWWOWWO,WOWOOOOO
2,ddelta,493,498,501,493-498-501,27,0.8358148327328665,0.8358148327328665,OOWWOWWO,OOWOOOOO
2,ddelta,493,498,501,493-498-501,28,5.865657161062159,5.865657161062159,WWOWOWWO,WWOOOOOO
2,ddelta,493,498,501,493-498-501,29,0.8823836310290805,0.8823836310290805,OWOWOWWO,OWOOOOOO
2,ddelta,493,498,501,493-498-501,30,0.1163523141921452,0.1163523141921452,WOOWOWWO,WOOOOOOO
2,ddelta,493,498,501,493-498-501,31,-0.09399378297032523,0.09399378297032523,OOOWOWWO,OOOOOOOO
2,ddelta,493,498,505,493-498-505,0,1.6913360344378388,1.6913360344378388,WWWWWWWW,WWWOWOWO
2,ddelta,493,498,505,493-498-505,1,0.4825985766271088,0.4825985766271088,OWWWWWWW,OWWOWOWO
2,ddelta,493,498,505,493-498-505,2,-0.5997762207773057,0.5997762207773057,WOWWWWWW,WOWOWOWO
2,ddelta,493,498,505,493-498-505,3,0.5987481935061254,0.5987481935061254,OOWWWWWW,OOWOWOWO
2,ddelta,493,498,505,493-498-505,4,3.3942991319269957,3.3942991319269957,WWOWWWWW,WWOOWOWO
2,ddelta,493,498,505,493-498-505,5,3.603050766942818,3.603050766942818,OWOWWWWW,OWOOWOWO
2,ddelta,493,498,505,493-498-505,6,2.1774934228182694,2.1774934228182694,WOOWWWWW,WOOOWOWO
2,ddelta,493,498,505,493-498-505,7,-1.5032238898410886,1.5032238898410886,OOOWWWWW,OOOOWOWO
2,ddelta,493,498,505,493-498-505,8,-3.961015726728544,3.961015726728544,WWWWOWWW,WWWOOOWO
2,ddelta,493,498,505,493-498-505,9,1.010115386059907,1.010115386059907,OWWWOWWW,OWWOOOWO
2,ddelta,493,498,505,493-498-505,10,3.765387123957974,3.765387123957974,WOWWOWWW,WOWOOOWO
2,ddelta,493,498,505,493-498-505,11,-0.984104327284312,0.984104327284312,OOWWOWWW,OOWOOOWO
2,ddelta,493,498,505,493-498-505,12,-3.2681182861189604,3.2681182861189604,WWOWOWWW,WWOOOOWO
2,ddelta,493,498,505,493-498-505,13,1.2437743138607518,1.2437743138607518,OWOWOWWW,OWOOOOWO
2,ddelta,493,498,505,493-498-505,14,2.6922195324885094,2.6922195324885094,WOOWOWWW,WOOOOOWO
2,ddelta,493,498,505,493-498-505,15,0.6680285950680642,0.6680285950680642,OOOWOWWW,OOOOOOWO
2,ddelta,493,498,505,493-498-505,16,2.6539317041467436,2.6539317041467436,WWWWWWOW,WWWOWOOO
2,ddelta,493,498,505,493-498-505,17,2.3288574231004393,2.3288574231004393,OWWWWWOW,OWWOWOOO
2,ddelta,493,498,505,493-498-505,18,-1.988331694236062,1.988331694236062,WOWWWWOW,WOWOWOOO
2,ddelta,493,498,505,493-498-505,19,-0.9975642928261714,0.9975642928261714,OOWWWWOW,OOWOWOOO
2,ddelta,493,498,505,493-498-505,20,1.8485805209919524,1.8485805209919524,WWOWWWOW,WWOOWOOO
2,ddelta,493,498,505,493-498-505,21,0.98655044665956,0.98655044665956,OWOWWWOW,OWOOWOOO
2,ddelta,493,498,505,493-498-505,22,2.207233851696246,2.207233851696246,WOOWWWOW,WOOOWOOO
2,ddelta,493,498,505,493-498-505,23,2.1844765043123915,2.1844765043123915,OOOWWWOW,OOOOWOOO
2,ddelta,493,498,505,493-498-505,24,0.4178621576301833,0.4178621576301833,WWWWOWOW,WWWOOOOO
2,ddelta,493,498,505,493-498-505,25,-3.533034157008359,3.533034157008359,OWWWOWOW,OWWOOOOO
2,ddelta,493,498,505,493-498-505,26,-5.181577715505371,5.181577715505371,WOWWOWOW,WOWOOOOO
2,ddelta,493,498,505,493-498-505,27,1.358750743853078,1.358750743853078,OOWWOWOW,OOWOOOOO
2,ddelta,493,498,505,493-498-505,28,0.7247951252159804,0.7247951252159804,WWOWOWOW,WWOOOOOO
2,ddelta,493,498,505,493-498-505,29,2.7818423599323596,2.7818423599323596,OWOWOWOW,OWOOOOOO
2,ddelta,493,498,505,493-498-505,30,1.0675590102779984,1.0675590102779984,WOOWOWOW,WOOOOOOO
2,ddelta,493,498,505,493-498-505,31,-0.18144299127251706,0.18144299127251706,OOOWOWOW,OOOOOOOO
2,ddelta,493,501,505,493-501-505,0,2.148762024240942,2.148762024240942,WWWWWWWW,WWWOWWOO
2,ddelta,493,501,505,493-501-505,1,0.036236958896489924,0.036236958896489924,OWWWWWWW,OWWOWWOO
2,ddelta,493,501,505,493-501-505,2,1.0352472495381349,1.0352472495381349,WOWWWWWW,WOWOWWOO
2,ddelta,493,501,505,493-501-505,3,1.2301017552536018,1.2301017552536018,OOWWWWWW,OOWOWWOO
2,ddelta,493,501,505,493-501-505,4,1.8537865398762166,1.8537865398762166,WWOWWWWW,WWOOWWOO
2,ddelta,493,501,505,493-501-505,5,1.5449773674729825,1.5449773674729825,OWOWWWWW,OWOOWWOO
2,ddelta,493,501,505,493-501-505,6,0.4850085874843818,0.4850085874843818,WOOWWWWW,WOOOWWOO
2,ddelta,493,501,505,493-501-505,7,-1.3626814242256204,1.3626814242256204,OOOWWWWW,OOOOWWOO
2,ddelta,493,501,505,493-501-505,8,-3.310544795703405,3.310544795703405,WWWWOWWW,WWWOOWOO
2,ddelta,493,501,505,493-501-505,9,1.0957449839607212,1.0957449839607212,OWWWOWWW,OWWOOWOO
2,ddelta,493,501,505,493-501-505,10,7.99561921768116,7.99561921768116,WOWWOWWW,WOWOOWOO
2,ddelta,493,501,505,493-501-505,11,-1.6848286178638807,1.6848286178638807,OOWWOWWW,OOWOOWOO
2,ddelta,493,501,505,493-501-505,12,-4.116870199819894,4.116870199819894,WWOWOWWW,WWOOOWOO
2,ddelta,493,501,505,493-501-505,13,0.725017329975762,0.725017329975762,OWOWOWWW,OWOOOWOO
2,ddelta,493,501,505,493-501-505,14,-0.030690766570658834,0.030690766570658834,WOOWOWWW,WOOOOWOO
2,ddelta,493,501,505,493-501-505,15,-2.5018451555176027,2.5018451555176027,OOOWOWWW,OOOOOWOO
2,ddelta,493,501,505,493-501-505,16,3.111357693949847,3.111357693949847,WWWWWOWW,WWWOWOOO
2,ddelta,493,501,505,493-501-505,17,1.8824958053698206,1.8824958053698206,OWWWWOWW,OWWOWOOO
2,ddelta,493,501,505,493-501-505,18,-0.3533082239206209,0.3533082239206209,WOWWWOWW,WOWOWOOO
2,ddelta,493,501,505,493-501-505,19,-0.36621073107869495,0.36621073107869495,OOWWWOWW,OOWOWOOO
2,ddelta,493,501,505,493-501-505,20,0.3080679289411741,0.3080679289411741,WWOWWOWW,WWOOWOOO
2,ddelta,493,501,505,493-501-505,21,-1.071522952810275,1.071522952810275,OWOWWOWW,OWOOWOOO
2,ddelta,493,501,505,493-501-505,22,0.5147490163623585,0.5147490163623585,WOOWWOWW,WOOOWOOO
2,ddelta,493,501,505,493-501-505,23,2.32501896992786,2.32501896992786,OOOWWOWW,OOOOWOOO
2,ddelta,493,501,505,493-501-505,24,1.0683330886553224,1.0683330886553224,WWWWOOWW,WWWOOOOO
2,ddelta,493,501,505,493-501-505,25,-3.4474045591075444,3.4474045591075444,OWWWOOWW,OWWOOOOO
2,ddelta,493,501,505,493-501-505,26,-0.9513456217821883,0.9513456217821883,WOWWOOWW,WOWOOOOO
2,ddelta,493,501,505,493-501-505,27,0.6580264532735096,0.6580264532735096,OOWWOOWW,OOWOOOOO
2,ddelta,493,501,505,493-501-505,28,-0.1239567884849544,0.1239567884849544,WWOWOOWW,WWOOOOOO
2,ddelta,493,501,505,493-501-505,29,2.26308537604737,2.26308537604737,OWOWOOWW,OWOOOOOO
2,ddelta,493,501,505,493-501-505,30,-1.6553512887811714,1.6553512887811714,WOOWOOWW,WOOOOOOO
2,ddelta,493,501,505,493-501-505,31,-3.351316741858185,3.351316741858185,OOOWOOWW,OOOOOOOO
2,ddelta,496,498,501,496-498-501,0,0.7860006422181491,0.7860006422181491,WWWWWWWW,WWWWOOOW
2,ddelta,496,498,501,496-498-501,1,-2.039449872765709,2.039449872765709,OWWWWWWW,OWWWOOOW
2,ddelta,496,498,501,496-498-501,2,1.8019761559082703,1.8019761559082703,WOWWWWWW,WOWWOOOW
2,ddelta,496,498,501,496-498-501,3,-2.471722431353288,2.471722431353288,OOWWWWWW,OOWWOOOW
2,ddelta,496,498,501,496-498-501,4,-1.8981417011755326,1.8981417011755326,WWOWWWWW,WWOWOOOW
2,ddelta,496,498,501,496-498-501,5,0.1320776218707197,0.1320776218707197,OWOWWWWW,OWOWOOOW
2,ddelta,496,498,501,496-498-501,6,-0.6388888175196554,0.6388888175196554,WOOWWWWW,WOOWOOOW
2,ddelta,496,498,501,496-498-501,7,-3.458864672107159,3.458864672107159,OOOWWWWW,OOOWOOOW
2,ddelta,496,498,501,496-498-501,8,-1.3313698659423405,1.3313698659423405,WWWOWWWW,WWWOOOOW
2,ddelta,496,498,501,496-498-501,9,2.019250920809189,2.019250920809189,OWWOWWWW,OWWOOOOW
2,ddelta,496,498,501,496-498-501,10,3.3084275310564983,3.3084275310564983,WOWOWWWW,WOWOOOOW
2,ddelta,496,498,501,496-498-501,11,-4.686337322453607,4.686337322453607,OOWOWWWW,OOWOOOOW
2,ddelta,496,498,501,496-498-501,12,-2.6505947715516314,2.6505947715516314,WWOOWWWW,WWOOOOOW
2,ddelta,496,498,501,496-498-501,13,-2.1663405082835703,2.1663405082835703,OWOOWWWW,OWOOOOOW
2,ddelta,496,498,501,496-498-501,14,1.811988680104928,1.811988680104928,WOOOWWWW,WOOOOOOW
2,ddelta,496,498,501,496-498-501,15,-2.208869705671859,2.208869705671859,OOOOWWWW,OOOOOOOW
2,ddelta,496,498,501,496-498-501,16,-5.44300138989691,5.44300138989691,WWWWWWWO,WWWWOOOO
2,ddelta,496,498,501,496-498-501,17,-1.3311221854914776,1.3311221854914776,OWWWWWWO,OWWWOOOO
2,ddelta,496,498,501,496-498-501,18,-0.8735564182492055,0.8735564182492055,WOWWWWWO,WOWWOOOO
2,ddelta,496,498,501,496-498-501,19,-2.9149933582774348,2.9149933582774348,OOWWWWWO,OOWWOOOO
2,ddelta,496,498,501,496-498-501,20,-2.5870777594886785,2.5870777594886785,WWOWWWWO,WWOWOOOO
2,ddelta,496,498,501,496-498-501,21,-3.6380706180447797,3.6380706180447797,OWOWWWWO,OWOWOOOO
2,ddelta,496,498,501,496-498-501,22,-1.860681161620722,1.860681161620722,WOOWWWWO,WOOWOOOO
2,ddelta,496,498,501,496-498-501,23,-1.3203847727784361,1.3203847727784361,OOOWWWWO,OOOWOOOO
2,ddelta,496,498,501,496-498-501,24,-4.1440896834075795,4.1440896834075795,WWWOWWWO,WWWOOOOO
2,ddelta,496,498,501,496-498-501,25,-3.6618297814581755,3.6618297814581755,OWWOWWWO,OWWOOOOO
2,ddelta,496,498,501,496-498-501,26,-6.925514409105571,6.925514409105571,WOWOWWWO,WOWOOOOO
2,ddelta,496,498,501,496-498-501,27,-1.190440691908067,1.190440691908067,OOWOWWWO,OOWOOOOO
2,ddelta,496,498,501,496-498-501,28,2.1991011924052066,2.1991011924052066,WWOOWWWO,WWOOOOOO
2,ddelta,496,498,501,496-498-501,29,-1.7819203818442046,1.7819203818442046,OWOOWWWO,OWOOOOOO
2,ddelta,496,498,501,496-498-501,30,-1.0642046150846278,1.0642046150846278,WOOOWWWO,WOOOOOOO
2,ddelta,496,498,501,496-498-501,31,-4.6075617868371985,4.6075617868371985,OOOOWWWO,OOOOOOOO
2,ddelta,496,498,505,496-498-505,0,8.515685764065758,8.515685764065758,WWWWWWWW,WWWWOOWO
2,ddelta,496,498,505,496-498-505,1,3.1644824983811084,3.1644824983811084,OWWWWWWW,OWWWOOWO
2,ddelta,496,498,505,496-498-505,2,2.3541556750638053,2.3541556750638053,WOWWWWWW,WOWWOOWO
2,ddelta,496,498,505,496-498-505,3,0.2613605016346856,0.2613605016346856,OOWWWWWW,OOWWOOWO
2,ddelta,496,498,505,496-498-505,4,1.417805165099931,1.417805165099931,WWOWWWWW,WWOWOOWO
2,ddelta,496,498,505,496-498-505,5,3.3631419276691896,3.3631419276691896,OWOWWWWW,OWOWOOWO
2,ddelta,496,498,505,496-498-505,6,1.458722749527044,1.458722749527044,WOOWWWWW,WOOWOOWO
2,ddelta,496,498,505,496-498-505,7,-1.1706338768244646,1.1706338768244646,OOOWWWWW,OOOWOOWO
2,ddelta,496,498,505,496-498-505,8,2.863334002899375,2.863334002899375,WWWOWWWW,WWWOOOWO
2,ddelta,496,498,505,496-498-505,9,3.691999307813907,3.691999307813907,OWWOWWWW,OWWOOOWO
2,ddelta,496,498,505,496-498-505,10,6.719319019799086,6.719319019799086,WOWOWWWW,WOWOOOWO
2,ddelta,496,498,505,496-498-505,11,-1.321492019155752,1.321492019155752,OOWOWWWW,OOWOOOWO
2,ddelta,496,498,505,496-498-505,12,-5.244612252946025,5.244612252946025,WWOOWWWW,WWOOOOWO
2,ddelta,496,498,505,496-498-505,13,1.0038654745871232,1.0038654745871232,OWOOWWWW,OWOOOOWO
2,ddelta,496,498,505,496-498-505,14,1.973448859197285,1.973448859197285,WOOOWWWW,WOOOOOWO
2,ddelta,496,498,505,496-498-505,15,1.0006186080846886,1.0006186080846886,OOOOWWWW,OOOOOOWO
2,ddelta,496,498,505,496-498-505,16,2.2866837319506983,2.2866837319506983,WWWWWWOW,WWWWOOOO
2,ddelta,496,498,505,496-498-505,17,3.8728101856553394,3.8728101856553394,OWWWWWOW,OWWWOOOO
2,ddelta,496,498,505,496-498-505,18,-0.3213768990936703,0.3213768990936703,WOWWWWOW,WOWWOOOO
2,ddelta,496,498,505,496-498-505,19,-0.1819104252894621,0.1819104252894621,OOWWWWOW,OOWWOOOO
2,ddelta,496,498,505,496-498-505,20,0.728869106786786,0.728869106786786,WWOWWWOW,WWOWOOOO
2,ddelta,496,498,505,496-498-505,21,-0.40700631224631023,0.40700631224631023,OWOWWWOW,OWOWOOOO
2,ddelta,496,498,505,496-498-505,22,0.23693040542597732,0.23693040542597732,WOOWWWOW,WOOWOOOO
2,ddelta,496,498,505,496-498-505,23,0.9678460225042581,0.9678460225042581,OOOWWWOW,OOOWOOOO
2,ddelta,496,498,505,496-498-505,24,0.050614185434137315,0.050614185434137315,WWWOWWOW,WWWOOOOO
2,ddelta,496,498,505,496-498-505,25,-1.9890813944534589,1.9890813944534589,OWWOWWOW,OWWOOOOO
2,ddelta,496,498,505,496-498-505,26,-3.51462292036298,3.51462292036298,WOWOWWOW,WOWOOOOO
2,ddelta,496,498,505,496-498-505,27,2.1744046113897872,2.1744046113897872,OOWOWWOW,OOWOOOOO
2,ddelta,496,498,505,496-498-505,28,-0.3949162889891862,0.3949162889891862,WWOOWWOW,WWOOOOOO
2,ddelta,496,498,505,496-498-505,29,1.3882856010264892,1.3882856010264892,OWOOWWOW,OWOOOOOO
2,ddelta,496,498,505,496-498-505,30,-0.9027444359922707,0.9027444359922707,WOOOWWOW,WOOOOOOO
2,ddelta,496,498,505,496-498-505,31,-1.3980734730806508,1.3980734730806508,OOOOWWOW,OOOOOOOO
2,ddelta,496,501,505,496-501-505,0,4.913845267818157,4.913845267818157,WWWWWWWW,WWWWOWOO
2,ddelta,496,501,505,496-501-505,1,1.7885720564685545,1.7885720564685545,OWWWWWWW,OWWWOWOO
2,ddelta,496,501,505,496-501-505,2,2.050213740383971,2.050213740383971,WOWWWWWW,WOWWOWOO
2,ddelta,496,501,505,496-501-505,3,1.2270969798340658,1.2270969798340658,OOWWWWWW,OOWWOWOO
2,ddelta,496,501,505,496-501-505,4,-0.13570284666410706,0.13570284666410706,WWOWWWWW,WWOWOWOO
2,ddelta,496,501,505,496-501-505,5,2.436136102429243,2.436136102429243,OWOWWWWW,OWOWOWOO
2,ddelta,496,501,505,496-501-505,6,1.1590500691275796,1.1590500691275796,WOOWWWWW,WOOWOWOO
2,ddelta,496,501,505,496-501-505,7,0.052887829754677484,0.052887829754677484,OOOWWWWW,OOOWOWOO
2,ddelta,496,501,505,496-501-505,8,-0.5454615521261885,0.5454615521261885,WWWOWWWW,WWWOOWOO
2,ddelta,496,501,505,496-501-505,9,2.8480800815327862,2.8480800815327862,OWWOWWWW,OWWOOWOO
2,ddelta,496,501,505,496-501-505,10,9.010585708526994,9.010585708526994,WOWOWWWW,WOWOOWOO
2,ddelta,496,501,505,496-501-505,11,-1.6878333932834166,1.6878333932834166,OOWOWWWW,OOWOOWOO
2,ddelta,496,501,505,496-501-505,12,-6.1063595863602185,6.1063595863602185,WWOOWWWW,WWOOOWOO
2,ddelta,496,501,505,496-501-505,13,1.6161760649320223,1.6161760649320223,OWOOWWWW,OWOOOWOO
2,ddelta,496,501,505,496-501-505,14,0.643350715072539,0.643350715072539,WOOOWWWW,WOOOOWOO
2,ddelta,496,501,505,496-501-505,15,-1.0862759015373047,1.0862759015373047,OOOOWWWW,OOOOOWOO
2,ddelta,496,501,505,496-501-505,16,-1.315156764296902,1.315156764296902,WWWWWOWW,WWWWOOOO
2,ddelta,496,501,505,496-501-505,17,2.496899743742786,2.496899743742786,OWWWWOWW,OWWWOOOO
2,ddelta,496,501,505,496-501-505,18,-0.6253188337735054,0.6253188337735054,WOWWWOWW,WOWWOOOO
2,ddelta,496,501,505,496-501-505,19,0.7838260529099184,0.7838260529099184,OOWWWOWW,OOWWOOOO
2,ddelta,496,501,505,496-501-505,20,-0.8246389049772525,0.8246389049772525,WWOWWOWW,WWOWOOOO
2,ddelta,496,501,505,496-501-505,21,-1.3340121374862566,1.3340121374862566,OWOWWOWW,OWOWOOOO
2,ddelta,496,501,505,496-501-505,22,-0.06274227497348694,0.06274227497348694,WOOWWOWW,WOOWOOOO
2,ddelta,496,501,505,496-501-505,23,2.1913677290834004,2.1913677290834004,OOOWWOWW,OOOWOOOO
2,ddelta,496,501,505,496-501-505,24,-3.358181369591426,3.358181369591426,WWWOWOWW,WWWOOOOO
2,ddelta,496,501,505,496-501-505,25,-2.833000620734579,2.833000620734579,OWWOWOWW,OWWOOOOO
2,ddelta,496,501,505,496-501-505,26,-1.2233562316350723,1.2233562316350723,WOWOWOWW,WOWOOOOO
2,ddelta,496,501,505,496-501-505,27,1.8080632372621226,1.8080632372621226,OOWOWOWW,OOWOOOOO
2,ddelta,496,501,505,496-501-505,28,-1.2566636224033805,1.2566636224033805,WWOOWOWW,WWOOOOOO
2,ddelta,496,501,505,496-501-505,29,2.000596191371388,2.000596191371388,OWOOWOWW,OWOOOOOO
2,ddelta,496,501,505,496-501-505,30,-2.232842580117017,2.232842580117017,WOOOWOWW,WOOOOOOO
2,ddelta,496,501,505,496-501-505,31,-3.484967982702644,3.484967982702644,OOOOWOWW,OOOOOOOO
2,ddelta,498,501,505,498-501-505,0,-1.4097970272481433,1.4097970272481433,WWWWWWWW,WWWWWOOO
2,ddelta,498,501,505,498-501-505,1,-1.9367278024566326,1.9367278024566326,OWWWWWWW,OWWWWOOO
2,ddelta,498,501,505,498-501-505,2,-0.9590448298424958,0.9590448298424958,WOWWWWWW,WOWWWOOO
2,ddelta,498,501,505,498-501-505,3,-1.2654804910033939,1.2654804910033939,OOWWWWWW,OOWWWOOO
2,ddelta,498,501,505,498-501-505,4,-2.811635419926183,2.811635419926183,WWOWWWWW,WWOWWOOO
2,ddelta,498,501,505,498-501-505,5,0.3427960816951817,0.3427960816951817,OWOWWWWW,OWOWWOOO
2,ddelta,498,501,505,498-501-505,6,-1.2922113447112236,1.2922113447112236,WOOWWWWW,WOOWWOOO
2,ddelta,498,501,505,498-501-505,7,-5.125516133833863,5.125516133833863,OOOWWWWW,OOOWWOOO
2,ddelta,498,501,505,498-501-505,8,-0.44720135753923734,0.44720135753923734,WWWOWWWW,WWWOWOOO
2,ddelta,498,501,505,498-501-505,9,-0.09046895598330175,0.09046895598330175,OWWOWWWW,OWWOWOOO
2,ddelta,498,501,505,498-501-505,10,-2.3476003033012516,2.3476003033012516,WOWOWWWW,WOWOWOOO
2,ddelta,498,501,505,498-501-505,11,-2.8617929773356905,2.8617929773356905,OOWOWWWW,OOWOWOOO
2,ddelta,498,501,505,498-501-505,12,-4.3573540308612255,4.3573540308612255,WWOOWWWW,WWOOWOOO
2,ddelta,498,501,505,498-501-505,13,-2.2737042385880764,2.2737042385880764,OWOOWWWW,OWOOWOOO
2,ddelta,498,501,505,498-501-505,14,-1.2624709158332468,1.2624709158332468,WOOOWWWW,WOOOWOOO
2,ddelta,498,501,505,498-501-505,15,-1.4378157396803832,1.4378157396803832,OOOOWWWW,OOOOWOOO
2,ddelta,498,501,505,498-501-505,16,-7.638799059363203,7.638799059363203,WWWWOWWW,WWWWOOOO
2,ddelta,498,501,505,498-501-505,17,-1.2284001151824016,1.2284001151824016,OWWWOWWW,OWWWOOOO
2,ddelta,498,501,505,498-501-505,18,-3.6345774039999714,3.6345774039999714,WOWWOWWW,WOWWOOOO
2,ddelta,498,501,505,498-501-505,19,-1.7087514179275411,1.7087514179275411,OOWWOWWW,OOWWOOOO
2,ddelta,498,501,505,498-501-505,20,-3.5005714782393293,3.5005714782393293,WWOWOWWW,WWOWOOOO
2,ddelta,498,501,505,498-501-505,21,-3.427352158220318,3.427352158220318,OWOWOWWW,OWOWOOOO
2,ddelta,498,501,505,498-501-505,22,-2.51400368881229,2.51400368881229,WOOWOWWW,WOOWOOOO
2,ddelta,498,501,505,498-501-505,23,-2.9870362345051404,2.9870362345051404,OOOWOWWW,OOOWOOOO
2,ddelta,498,501,505,498-501-505,24,-3.259921175004475,3.259921175004475,WWWOOWWW,WWWOOOOO
2,ddelta,498,501,505,498-501-505,25,-5.771549658250667,5.771549658250667,OWWOOWWW,OWWOOOOO
2,ddelta,498,501,505,498-501-505,26,-12.58154224346332,12.58154224346332,WOWOOWWW,WOWOOOOO
2,ddelta,498,501,505,498-501-505,27,0.634103653209849,0.634103653209849,OOWOOWWW,OOWOOOOO
2,ddelta,498,501,505,498-501-505,28,0.492341933095612,0.492341933095612,WWOOOWWW,WWOOOOOO
2,ddelta,498,501,505,498-501-505,29,-1.889284112148711,1.889284112148711,OWOOOWWW,OWOOOOOO
2,ddelta,498,501,505,498-501-505,30,-4.138664211022801,4.138664211022801,WOOOOWWW,WOOOOOOO
2,ddelta,498,501,505,498-501-505,31,-3.8365078208457217,3.8365078208457217,OOOOOWWW,OOOOOOOO
3,ddelta,477,478,484,477-478-484,0,-2.3050852646242337,2.3050852646242337,WWWWWWWW,OOOWWWWW
3,ddelta,477,478,484,477-478-484,1,-1.3346966058415368,1.3346966058415368,WWWOWWWW,OOOOWWWW
3,ddelta,477,478,484,477-478-484,2,-1.601473469901839,1.601473469901839,WWWWOWWW,OOOWOWWW
3,ddelta,477,478,484,477-478-484,3,1.7836875441644666,1.7836875441644666,WWWOOWWW,OOOOOWWW
3,ddelta,477,478,484,477-478-484,4,0.2235734506959685,0.2235734506959685,WWWWWOWW,OOOWWOWW
3,ddelta,477,478,484,477-478-484,5,-2.395278093820914,2.395278093820914,WWWOWOWW,OOOOWOWW
3,ddelta,477,478,484,477-478-484,6,-3.121957172023797,3.121957172023797,WWWWOOWW,OOOWOOWW
3,ddelta,477,478,484,477-478-484,7,0.31732154459371165,0.31732154459371165,WWWOOOWW,OOOOOOWW
3,ddelta,477,478,484,477-478-484,8,1.5040480346647684,1.5040480346647684,WWWWWWOW,OOOWWWOW
3,ddelta,477,478,484,477-478-484,9,5.338079287038352,5.338079287038352,WWWOWWOW,OOOOWWOW
3,ddelta,477,478,484,477-478-484,10,1.7935545275058662,1.7935545275058662,WWWWOWOW,OOOWOWOW
3,ddelta,477,478,484,477-478-484,11,-0.37859554522431393,0.37859554522431393,WWWOOWOW,OOOOOWOW
3,ddelta,477,478,484,477-478-484,12,0.773572060657716,0.773572060657716,WWWWWOOW,OOOWWOOW
3,ddelta,477,478,484,477-478-484,13,0.4810889664711526,0.4810889664711526,WWWOWOOW,OOOOWOOW
3,ddelta,477,478,484,477-478-484,14,3.0665070525735465,3.0665070525735465,WWWWOOOW,OOOWOOOW
3,ddelta,477,478,484,477-478-484,15,-1.2069763676819207,1.2069763676819207,WWWOOOOW,OOOOOOOW
3,ddelta,477,478,484,477-478-484,16,-1.6775326363282228,1.6775326363282228,WWWWWWWO,OOOWWWWO
3,ddelta,477,478,484,477-478-484,17,0.24918755554855454,0.24918755554855454,WWWOWWWO,OOOOWWWO
3,ddelta,477,478,484,477-478-484,18,3.2661803365607964,3.2661803365607964,WWWWOWWO,OOOWOWWO
3,ddelta,477,478,484,477-478-484,19,4.533027774561674,4.533027774561674,WWWOOWWO,OOOOOWWO
3,ddelta,477,478,484,477-478-484,20,-5.871958324719161,5.871958324719161,WWWWWOWO,OOOWWOWO
3,ddelta,477,478,484,477-478-484,21,-3.1373947672098366,3.1373947672098366,WWWOWOWO,OOOOWOWO
3,ddelta,477,478,484,477-478-484,22,2.7002389004612644,2.7002389004612644,WWWWOOWO,OOOWOOWO
3,ddelta,477,478,484,477-478-484,23,5.136095213233402,5.136095213233402,WWWOOOWO,OOOOOOWO
3,ddelta,477,478,484,477-478-484,24,3.148358333702059,3.148358333702059,WWWWWWOO,OOOWWWOO
3,ddelta,477,478,484,477-478-484,25,-0.02479339179862672,0.02479339179862672,WWWOWWOO,OOOOWWOO
3,ddelta,477,478,484,477-478-484,26,0.03701499798347785,0.03701499798347785,WWWWOWOO,OOOWOWOO
3,ddelta,477,478,484,477-478-484,27,6.775211564109378,6.775211564109378,WWWOOWOO,OOOOOWOO
3,ddelta,477,478,484,477-478-484,28,4.236031374936067,4.236031374936067,WWWWWOOO,OOOWWOOO
3,ddelta,477,478,484,477-478-484,29,-1.9313842893511666,1.9313842893511666,WWWOWOOO,OOOOWOOO
3,ddelta,477,478,484,477-478-484,30,0.0011507597619901944,0.0011507597619901944,WWWWOOOO,OOOWOOOO
3,ddelta,477,478,484,477-478-484,31,5.158375733130234,5.158375733130234,WWWOOOOO,OOOOOOOO
3,ddelta,477,478,493,477-478-493,0,-1.9613128534904583,1.9613128534904583,WWWWWWWW,OOWOWWWW
3,ddelta,477,478,493,477-478-493,1,-0.990924194707762,0.990924194707762,WWOWWWWW,OOOOWWWW
3,ddelta,477,478,493,477-478-493,2,-2.2258801818944915,2.2258801818944915,WWWWOWWW,OOWOOWWW
3,ddelta,477,478,493,477-478-493,3,1.159280832171814,1.159280832171814,WWOWOWWW,OOOOOWWW
3,ddelta,477,478,493,477-478-493,4,3.3563762469024945,3.3563762469024945,WWWWWOWW,OOWOWOWW
3,ddelta,477,478,493,477-478-493,5,0.7375247023856115,0.7375247023856115,WWOWWOWW,OOOOWOWW
3,ddelta,477,478,493,477-478-493,6,-4.345923255983579,4.345923255983579,WWWWOOWW,OOWOOOWW
3,ddelta,477,478,493,477-478-493,7,-0.9066445393660711,0.9066445393660711,WWOWOOWW,OOOOOOWW
3,ddelta,477,478,493,477-478-493,8,-3.9996952978932683,3.9996952978932683,WWWWWWOW,OOWOWWOW
3,ddelta,477,478,493,477-478-493,9,-0.1656640455196847,0.1656640455196847,WWOWWWOW,OOOOWWOW
3,ddelta,477,478,493,477-478-493,10,3.9724846258814903,3.9724846258814903,WWWWOWOW,OOWOOWOW
3,ddelta,477,478,493,477-478-493,11,1.8003345531513109,1.8003345531513109,WWOWOWOW,OOOOOWOW
3,ddelta,477,478,493,477-478-493,12,-2.562052632214452,2.562052632214452,WWWWWOOW,OOWOWOOW
3,ddelta,477,478,493,477-478-493,13,-2.854535726401015,2.854535726401015,WWOWWOOW,OOOOWOOW
3,ddelta,477,478,493,477-478-493,14,0.8107714799873482,0.8107714799873482,WWWWOOOW,OOWOOOOW
3,ddelta,477,478,493,477-478-493,15,-3.462711940268118,3.462711940268118,WWOWOOOW,OOOOOOOW
3,ddelta,477,478,493,477-478-493,16,0.048858055890461605,0.048858055890461605,WWWWWWWO,OOWOWWWO
3,ddelta,477,478,493,477-478-493,17,1.97557824776724,1.97557824776724,WWOWWWWO,OOOOWWWO
3,ddelta,477,478,493,477-478-493,18,-0.4349542815953702,0.4349542815953702,WWWWOWWO,OOWOOWWO
3,ddelta,477,478,493,477-478-493,19,0.8318931564055076,0.8318931564055076,WWOWOWWO,OOOOOWWO
3,ddelta,477,478,493,477-478-493,20,0.453900771233948,0.453900771233948,WWWWWOWO,OOWOWOWO
3,ddelta,477,478,493,477-478-493,21,3.1884643287432723,3.1884643287432723,WWOWWOWO,OOOOWOWO
3,ddelta,477,478,493,477-478-493,22,0.2632130839129041,0.2632130839129041,WWWWOOWO,OOWOOOWO
3,ddelta,477,478,493,477-478-493,23,2.6990693966850414,2.6990693966850414,WWOWOOWO,OOOOOOWO
3,ddelta,477,478,493,477-478-493,24,0.5533842908273652,0.5533842908273652,WWWWWWOO,OOWOWWOO
3,ddelta,477,478,493,477-478-493,25,-2.61976743467332,2.61976743467332,WWOWWWOO,OOOOWWOO
3,ddelta,477,478,493,477-478-493,26,-9.898198243240707,9.898198243240707,WWWWOWOO,OOWOOWOO
3,ddelta,477,478,493,477-478-493,27,-3.1600016771148085,3.1600016771148085,WWOWOWOO,OOOOOWOO
3,ddelta,477,478,493,477-478-493,28,5.175452590993241,5.175452590993241,WWWWWOOO,OOWOWOOO
3,ddelta,477,478,493,477-478-493,29,-0.9919630732939921,0.9919630732939921,WWOWWOOO,OOOOWOOO
3,ddelta,477,478,493,477-478-493,30,-1.2056356609358898,1.2056356609358898,WWWWOOOO,OOWOOOOO
3,ddelta,477,478,493,477-478-493,31,3.9515893124323545,3.9515893124323545,WWOWOOOO,OOOOOOOO
3,ddelta,477,478,496,477-478-496,0,-0.09858388946558222,0.09858388946558222,WWWWWWWW,OOWWOWWW
3,ddelta,477,478,496,477-478-496,1,0.6050279052568125,0.6050279052568125,WWOWWWWW,OOOWOWWW
3,ddelta,477,478,496,477-478-496,2,-0.36315121786961524,0.36315121786961524,WWWOWWWW,OOWOOWWW
3,ddelta,477,478,496,477-478-496,3,2.7552329321363884,2.7552329321363884,WWOOWWWW,OOOOOWWW
3,ddelta,477,478,496,477-478-496,4,4.762220997141625,4.762220997141625,WWWWWOWW,OOWWOOWW
3,ddelta,477,478,496,477-478-496,5,1.4166903744218604,1.4166903744218604,WWOWWOWW,OOOWOOWW
3,ddelta,477,478,496,477-478-496,6,-2.940078505744448,2.940078505744448,WWWOWOWW,OOWOOOWW
3,ddelta,477,478,496,477-478-496,7,-0.22747886732982225,0.22747886732982225,WWOOWOWW,OOOOOOWW
3,ddelta,477,478,496,477-478-496,8,-3.1505250902470534,3.1505250902470534,WWWWWWOW,OOWWOWOW
3,ddelta,477,478,496,477-478-496,9,-2.861018597405956,2.861018597405956,WWOWWWOW,OOOWOWOW
3,ddelta,477,478,496,477-478-496,10,4.821654833527705,4.821654833527705,WWWOWWOW,OOWOOWOW
3,ddelta,477,478,496,477-478-496,11,-0.8950199987349607,0.8950199987349607,WWOOWWOW,OOOOOWOW
3,ddelta,477,478,496,477-478-496,12,-3.0441769221189325,3.0441769221189325,WWWWWOOW,OOWWOOOW
3,ddelta,477,478,496,477-478-496,13,-0.7512419302031021,0.7512419302031021,WWOWWOOW,OOOWOOOW
3,ddelta,477,478,496,477-478-496,14,0.32864719008286714,0.32864719008286714,WWWOWOOW,OOWOOOOW
3,ddelta,477,478,496,477-478-496,15,-1.3594181440702062,1.3594181440702062,WWOOWOOW,OOOOOOOW
3,ddelta,477,478,496,477-478-496,16,-0.8744504260522175,0.8744504260522175,WWWWWWWO,OOWWOWWO
3,ddelta,477,478,496,477-478-496,17,4.069262546836803,4.069262546836803,WWOWWWWO,OOOWOWWO
3,ddelta,477,478,496,477-478-496,18,-1.3582627635380495,1.3582627635380495,WWWOWWWO,OOWOOWWO
3,ddelta,477,478,496,477-478-496,19,2.9255774554750706,2.9255774554750706,WWOOWWWO,OOOOOWWO
3,ddelta,477,478,496,477-478-496,20,-1.6371505324994384,1.6371505324994384,WWWWWOWO,OOWWOOWO
3,ddelta,477,478,496,477-478-496,21,6.935046692680987,6.935046692680987,WWOWWOWO,OOOWOOWO
3,ddelta,477,478,496,477-478-496,22,-1.8278382198204823,1.8278382198204823,WWWOWOWO,OOWOOOWO
3,ddelta,477,478,496,477-478-496,23,6.445651760622756,6.445651760622756,WWOOWOWO,OOOOOOWO
3,ddelta,477,478,496,477-478-496,24,1.6857028281708877,1.6857028281708877,WWWWWWOO,OOWWOWOO
3,ddelta,477,478,496,477-478-496,25,-1.4256405075476928,1.4256405075476928,WWOWWWOO,OOOWOWOO
3,ddelta,477,478,496,477-478-496,26,-8.765879705897186,8.765879705897186,WWWOWWOO,OOWOOWOO
3,ddelta,477,478,496,477-478-496,27,-1.9658747499891818,1.9658747499891818,WWOOWWOO,OOOOOWOO
3,ddelta,477,478,496,477-478-496,28,4.036398031866249,4.036398031866249,WWWWWOOO,OOWWOOOO
3,ddelta,477,478,496,477-478-496,29,-0.19848258330782778,0.19848258330782778,WWOWWOOO,OOOWOOOO
3,ddelta,477,478,496,477-478-496,30,-2.3446902200628816,2.3446902200628816,WWWOWOOO,OOWOOOOO
3,ddelta,477,478,496,477-478-496,31,4.745069802418519,4.745069802418519,WWOOWOOO,OOOOOOOO
3,ddelta,477,478,498,477-478-498,0,-2.4363370877293904,2.4363370877293904,WWWWWWWW,OOWWWOWW
3,ddelta,477,478,498,477-478-498,1,0.09232162759081186,0.09232162759081186,WWOWWWWW,OOOWWOWW
3,ddelta,477,478,498,477-478-498,2,2.8813520126635632,2.8813520126635632,WWWOWWWW,OOWOWOWW
3,ddelta,477,478,498,477-478-498,3,1.8207705246841854,1.8207705246841854,WWOOWWWW,OOOOWOWW
3,ddelta,477,478,498,477-478-498,4,2.4244677988778176,2.4244677988778176,WWWWOWWW,OOWWOOWW
3,ddelta,477,478,498,477-478-498,5,0.9039840967558599,0.9039840967558599,WWOWOWWW,OOOWOOWW
3,ddelta,477,478,498,477-478-498,6,0.30442472478872984,0.30442472478872984,WWWOOWWW,OOWOOOWW
3,ddelta,477,478,498,477-478-498,7,-1.1619412747820252,1.1619412747820252,WWOOOWWW,OOOOOOWW
3,ddelta,477,478,498,477-478-498,8,1.796103402984683,1.796103402984683,WWWWWWOW,OOWWWOOW
3,ddelta,477,478,498,477-478-498,9,1.0656274289776304,1.0656274289776304,WWOWWWOW,OOOWWOOW
3,ddelta,477,478,498,477-478-498,10,3.2337460686635,3.2337460686635,WWWOWWOW,OOWOWOOW
3,ddelta,477,478,498,477-478-498,11,-1.6232442519037,1.6232442519037,WWOOWWOW,OOOOWOOW
3,ddelta,477,478,498,477-478-498,12,1.902451571112804,1.902451571112804,WWWWOWOW,OOWWOOOW
3,ddelta,477,478,498,477-478-498,13,3.1754040961804844,3.1754040961804844,WWOWOWOW,OOOWOOOW
3,ddelta,477,478,498,477-478-498,14,-1.2592615747813385,1.2592615747813385,WWWOOWOW,OOWOOOOW
3,ddelta,477,478,498,477-478-498,15,-2.087642397238945,2.087642397238945,WWOOOWOW,OOOOOOOW
3,ddelta,477,478,498,477-478-498,16,-0.3570003349162833,0.3570003349162833,WWWWWWWO,OOWWWOWO
3,ddelta,477,478,498,477-478-498,17,-4.551426023307221,4.551426023307221,WWOWWWWO,OOOWWOWO
3,ddelta,477,478,498,477-478-498,18,0.04804238042720277,0.04804238042720277,WWWOWWWO,OOWOWOWO
3,ddelta,477,478,498,477-478-498,19,-3.338539942331188,3.338539942331188,WWOOWWWO,OOOOWOWO
3,ddelta,477,478,498,477-478-498,20,-1.1197004413635043,1.1197004413635043,WWWWOWWO,OOWWOOWO
3,ddelta,477,478,498,477-478-498,21,-1.6856418774630364,1.6856418774630364,WWOWOWWO,OOOWOOWO
3,ddelta,477,478,498,477-478-498,22,-0.42153307585523003,0.42153307585523003,WWWOOWWO,OOWOOOWO
3,ddelta,477,478,498,477-478-498,23,0.18153436281649737,0.18153436281649737,WWOOOWWO,OOOOOOWO
3,ddelta,477,478,498,477-478-498,24,-5.0032072879890555,5.0032072879890555,WWWWWWOO,OOWWWOOO
3,ddelta,477,478,498,477-478-498,25,-3.915534246755047,3.915534246755047,WWOWWWOO,OOOWWOOO
3,ddelta,477,478,498,477-478-498,26,-0.3811389878231797,0.3811389878231797,WWWOWWOO,OOWOWOOO
3,ddelta,477,478,498,477-478-498,27,-2.2877298853757195,2.2877298853757195,WWOOWWOO,OOOOWOOO
3,ddelta,477,478,498,477-478-498,28,-2.652512084293694,2.652512084293694,WWWWOWOO,OOWWOOOO
3,ddelta,477,478,498,477-478-498,29,-2.6883763225151815,2.6883763225151815,WWOWOWOO,OOOWOOOO
3,ddelta,477,478,498,477-478-498,30,6.040050498011126,6.040050498011126,WWWOOWOO,OOWOOOOO
3,ddelta,477,478,498,477-478-498,31,4.423214667031981,4.423214667031981,WWOOOWOO,OOOOOOOO
3,ddelta,477,478,501,477-478-501,0,-0.6441719854327581,0.6441719854327581,WWWWWWWW,OOWWWWOW
3,ddelta,477,478,501,477-478-501,1,3.164961313856244,3.164961313856244,WWOWWWWW,OOOWWWOW
3,ddelta,477,478,501,477-478-501,2,-2.682554429835567,2.682554429835567,WWWOWWWW,OOWOWWOW
3,ddelta,477,478,501,477-478-501,3,3.9902214630443216,3.9902214630443216,WWOOWWWW,OOOOWWOW
3,ddelta,477,478,501,477-478-501,4,-3.6961131862142285,3.6961131862142285,WWWWOWWW,OOWWOWOW
3,ddelta,477,478,501,477-478-501,5,-0.3010851888065246,0.3010851888065246,WWOWOWWW,OOOWOWOW
3,ddelta,477,478,501,477-478-501,6,2.502251621561754,2.502251621561754,WWWOOWWW,OOWOOWOW
3,ddelta,477,478,501,477-478-501,7,0.3399685321729722,0.3399685321729722,WWOOOWWW,OOOOOWOW
3,ddelta,477,478,501,477-478-501,8,3.5882685052813157,3.5882685052813157,WWWWWOWW,OOWWWOOW
3,ddelta,477,478,501,477-478-501,9,4.138267115243062,4.138267115243062,WWOWWOWW,OOOWWOOW
3,ddelta,477,478,501,477-478-501,10,-2.3301603738356302,2.3301603738356302,WWWOWOWW,OOWOWOOW
3,ddelta,477,478,501,477-478-501,11,0.5462066864564359,0.5462066864564359,WWOOWOWW,OOOOWOOW
3,ddelta,477,478,501,477-478-501,12,-4.218129413979243,4.218129413979243,WWWWOOWW,OOWWOOOW
3,ddelta,477,478,501,477-478-501,13,1.9703348106181002,1.9703348106181002,WWOWOOWW,OOOWOOOW
3,ddelta,477,478,501,477-478-501,14,0.9385653219916845,0.9385653219916845,WWWOOOWW,OOWOOOOW
3,ddelta,477,478,501,477-478-501,15,-0.5857325902839479,0.5857325902839479,WWOOOOWW,OOOOOOOW
3,ddelta,477,478,501,477-478-501,16,-0.3049779345059956,0.3049779345059956,WWWWWWWO,OOWWWWOO
3,ddelta,477,478,501,477-478-501,17,4.520913035524287,4.520913035524287,WWOWWWWO,OOOWWWOO
3,ddelta,477,478,501,477-478-501,18,0.19954830043090777,0.19954830043090777,WWWOWWWO,OOWOWWOO
3,ddelta,477,478,501,477-478-501,19,-0.07443264691627371,0.07443264691627371,WWOOWWWO,OOOOWWOO
3,ddelta,477,478,501,477-478-501,20,2.255175319717109,2.255175319717109,WWWWOWWO,OOWWOWOO
3,ddelta,477,478,501,477-478-501,21,-0.9739900188602091,0.9739900188602091,WWOWOWWO,OOOWOWOO
3,ddelta,477,478,501,477-478-501,22,-7.20806864192823,7.20806864192823,WWWOOWWO,OOWOOWOO
3,ddelta,477,478,501,477-478-501,23,-4.965884852380524,4.965884852380524,WWOOOWWO,OOOOOWOO
3,ddelta,477,478,501,477-478-501,24,-4.951184887578767,4.951184887578767,WWWWWOWO,OOWWWOOO
3,ddelta,477,478,501,477-478-501,25,5.1568048120764605,5.1568048120764605,WWOWWOWO,OOOWWOOO
3,ddelta,477,478,501,477-478-501,26,-0.2296330678194747,0.2296330678194747,WWWOWOWO,OOWOWOOO
3,ddelta,477,478,501,477-478-501,27,0.9763774100391958,0.9763774100391958,WWOOWOWO,OOOOWOOO
3,ddelta,477,478,501,477-478-501,28,0.7223636767869195,0.7223636767869195,WWWWOOWO,OOWWOOOO
3,ddelta,477,478,501,477-478-501,29,-1.9767244639123547,1.9767244639123547,WWOWOOWO,OOOWOOOO
3,ddelta,477,478,501,477-478-501,30,-0.7464850680618746,0.7464850680618746,WWWOOOWO,OOWOOOOO
3,ddelta,477,478,501,477-478-501,31,-0.7242045481650411,0.7242045481650411,WWOOOOWO,OOOOOOOO
3,ddelta,477,478,505,477-478-505,0,-0.9042491151556942,0.9042491151556942,WWWWWWWW,OOWWWWWO
3,ddelta,477,478,505,477-478-505,1,-0.27669648685968395,0.27669648685968395,WWOWWWWW,OOOWWWWO
3,ddelta,477,478,505,477-478-505,2,1.1059217942252266,1.1059217942252266,WWWOWWWW,OOWOWWWO
3,ddelta,477,478,505,477-478-505,3,2.6898059556153173,2.6898059556153173,WWOOWWWW,OOOOWWWO
3,ddelta,477,478,505,477-478-505,4,-1.6801156517423286,1.6801156517423286,WWWWOWWW,OOWWOWWO
3,ddelta,477,478,505,477-478-505,5,3.1875381547203054,3.1875381547203054,WWOWOWWW,OOOWOWWO
3,ddelta,477,478,505,477-478-505,6,0.11081024855679242,0.11081024855679242,WWWOOWWW,OOWOOWWO
3,ddelta,477,478,505,477-478-505,7,2.8601504789539995,2.8601504789539995,WWOOOWWW,OOOOOWWO
3,ddelta,477,478,505,477-478-505,8,1.1750876376574126,1.1750876376574126,WWWWWOWW,OOWWWOWO
3,ddelta,477,478,505,477-478-505,9,-4.920444137757716,4.920444137757716,WWOWWOWW,OOOWWOWO
3,ddelta,477,478,505,477-478-505,10,-1.7273878380111334,1.7273878380111334,WWWOWOWW,OOWOWOWO
3,ddelta,477,478,505,477-478-505,11,-2.469504511400056,2.469504511400056,WWOOWOWW,OOOOWOWO
3,ddelta,477,478,505,477-478-505,12,-5.224283891983651,5.224283891983651,WWWWOOWW,OOWWOOWO
3,ddelta,477,478,505,477-478-505,13,0.59791218050141,0.59791218050141,WWOWOOWW,OOOWOOWO
3,ddelta,477,478,505,477-478-505,14,-0.6151475520871674,0.6151475520871674,WWWOOOWW,OOWOOOWO
3,ddelta,477,478,505,477-478-505,15,4.203626116552522,4.203626116552522,WWOOOOWW,OOOOOOWO
3,ddelta,477,478,505,477-478-505,16,-0.565055064228932,0.565055064228932,WWWWWWOW,OOWWWWOO
3,ddelta,477,478,505,477-478-505,17,1.079255234808358,1.079255234808358,WWOWWWOW,OOOWWWOO
3,ddelta,477,478,505,477-478-505,18,3.988024524491702,3.988024524491702,WWWOWWOW,OOWOWWOO
3,ddelta,477,478,505,477-478-505,19,-1.3748481543452777,1.3748481543452777,WWOOWWOW,OOOOWWOO
3,ddelta,477,478,505,477-478-505,20,4.271172854189009,4.271172854189009,WWWWOWOW,OOWWOWOO
3,ddelta,477,478,505,477-478-505,21,2.5146333246666215,2.5146333246666215,WWOWOWOW,OOOWOWOO
3,ddelta,477,478,505,477-478-505,22,-9.59951001493319,9.59951001493319,WWWOOWOW,OOWOOWOO
3,ddelta,477,478,505,477-478-505,23,-2.445702905599498,2.445702905599498,WWOOOWOW,OOOOOWOO
3,ddelta,477,478,505,477-478-505,24,-7.364365755202671,7.364365755202671,WWWWWOOW,OOWWWOOO
3,ddelta,477,478,505,477-478-505,25,-3.901906440924319,3.901906440924319,WWOWWOOW,OOOWWOOO
3,ddelta,477,478,505,477-478-505,26,0.37313946800502207,0.37313946800502207,WWWOWOOW,OOWOWOOO
3,ddelta,477,478,505,477-478-505,27,-2.039333787817296,2.039333787817296,WWOOWOOW,OOOOWOOO
3,ddelta,477,478,505,477-478-505,28,-0.283790801217489,0.283790801217489,WWWWOOOW,OOWWOOOO
3,ddelta,477,478,505,477-478-505,29,-3.349147094029045,3.349147094029045,WWOWOOOW,OOOWOOOO
3,ddelta,477,478,505,477-478-505,30,-2.300197942140726,2.300197942140726,WWWOOOOW,OOWOOOOO
3,ddelta,477,478,505,477-478-505,31,4.065154158671429,4.065154158671429,WWOOOOOW,OOOOOOOO
3,ddelta,477,484,493,477-484-493,0,2.8725582467134814,2.8725582467134814,WWWWWWWW,OWOOWWWW
3,ddelta,477,484,493,477-484-493,1,3.842946905496179,3.842946905496179,WOWWWWWW,OOOOWWWW
3,ddelta,477,484,493,477-484-493,2,0.8331422761310372,0.8331422761310372,WWWWOWWW,OWOOOWWW
3,ddelta,477,484,493,477-484-493,3,4.218303290197342,4.218303290197342,WOWWOWWW,OOOOOWWW
3,ddelta,477,484,493,477-484-493,4,0.5999824229753494,0.5999824229753494,WWWWWOWW,OWOOWOWW
3,ddelta,477,484,493,477-484-493,5,-2.018869121541533,2.018869121541533,WOWWWOWW,OOOOWOWW
3,ddelta,477,484,493,477-484-493,6,-3.7222201732559608,3.7222201732559608,WWWWOOWW,OWOOOOWW
3,ddelta,477,484,493,477-484-493,7,-0.2829414566384517,0.2829414566384517,WOWWOOWW,OOOOOOWW
3,ddelta,477,484,493,477-484-493,8,-1.3895311123990237,1.3895311123990237,WWWWWWOW,OWOOWWOW
3,ddelta,477,484,493,477-484-493,9,2.4445001399745596,2.4445001399745596,WOWWWWOW,OOOOWWOW
3,ddelta,477,484,493,477-484-493,10,0.19458967648946868,0.19458967648946868,WWWWOWOW,OWOOOWOW
3,ddelta,477,484,493,477-484-493,11,-1.977560396240711,1.977560396240711,WOWWOWOW,OOOOOWOW
3,ddelta,477,484,493,477-484-493,12,3.506897723950088,3.506897723950088,WWWWWOOW,OWOOWOOW
3,ddelta,477,484,493,477-484-493,13,3.2144146297635245,3.2144146297635245,WOWWWOOW,OOOOWOOW
3,ddelta,477,484,493,477-484-493,14,6.160901850265973,6.160901850265973,WWWWOOOW,OWOOOOOW
3,ddelta,477,484,493,477-484-493,15,1.887418430010507,1.887418430010507,WOWWOOOW,OOOOOOOW
3,ddelta,477,484,493,477-484-493,16,1.3479592024290867,1.3479592024290867,WWWWWWWO,OWOOWWWO
3,ddelta,477,484,493,477-484-493,17,3.2746793943058647,3.2746793943058647,WOWWWWWO,OOOOWWWO
3,ddelta,477,484,493,477-484-493,18,-4.9851961572050145,4.9851961572050145,WWWWOWWO,OWOOOWWO
3,ddelta,477,484,493,477-484-493,19,-3.718348719204137,3.718348719204137,WOWWOWWO,OOOOOWWO
3,ddelta,477,484,493,477-484-493,20,1.4106366871633433,1.4106366871633433,WWWWWOWO,OWOOWOWO
3,ddelta,477,484,493,477-484-493,21,4.145200244672667,4.145200244672667,WOWWWOWO,OOOOWOWO
3,ddelta,477,484,493,477-484-493,22,0.9594673714863322,0.9594673714863322,WWWWOOWO,OWOOOOWO
3,ddelta,477,484,493,477-484-493,23,3.3953236842584693,3.3953236842584693,WOWWOOWO,OOOOOOWO
3,ddelta,477,484,493,477-484-493,24,2.9138349310772336,2.9138349310772336,WWWWWWOO,OWOOWWOO
3,ddelta,477,484,493,477-484-493,25,-0.25931679442345185,0.25931679442345185,WOWWWWOO,OOOOWWOO
3,ddelta,477,484,493,477-484-493,26,0.1583826681946533,0.1583826681946533,WWWWOWOO,OWOOOWOO
3,ddelta,477,484,493,477-484-493,27,6.896579234320554,6.896579234320554,WOWWOWOO,OOOOOWOO
3,ddelta,477,484,493,477-484-493,28,1.3688752121246472,1.3688752121246472,WWWWWOOO,OWOOWOOO
3,ddelta,477,484,493,477-484-493,29,-4.798540452162586,4.798540452162586,WOWWWOOO,OOOOWOOO
3,ddelta,477,484,493,477-484-493,30,-6.491425204806475,6.491425204806475,WWWWOOOO,OWOOOOOO
3,ddelta,477,484,493,477-484-493,31,-1.3342002314382304,1.3342002314382304,WOWWOOOO,OOOOOOOO
3,ddelta,477,484,496,477-484-496,0,1.2934019665656873,1.2934019665656873,WWWWWWWW,OWOWOWWW
3,ddelta,477,484,496,477-484-496,1,1.9970137612880814,1.9970137612880814,WOWWWWWW,OOOWOWWW
3,ddelta,477,484,496,477-484-496,2,-0.7460140040167578,0.7460140040167578,WWWOWWWW,OWOOOWWW
3,ddelta,477,484,496,477-484-496,3,2.372370145989246,2.372370145989246,WOWOWWWW,OOOOOWWW
3,ddelta,477,484,496,477-484-496,4,0.44622302438767963,0.44622302438767963,WWWWWOWW,OWOWOOWW
3,ddelta,477,484,496,477-484-496,5,-2.899307598332086,2.899307598332086,WOWWWOWW,OOOWOOWW
3,ddelta,477,484,496,477-484-496,6,-3.8759795718436303,3.8759795718436303,WWWOWOWW,OWOOOOWW
3,ddelta,477,484,496,477-484-496,7,-1.1633799334290045,1.1633799334290045,WOWOWOWW,OOOOOOWW
3,ddelta,477,484,496,477-484-496,8,0.27966485901589555,0.27966485901589555,WWWWWWOW,OWOWOWOW
3,ddelta,477,484,496,477-484-496,9,0.5691713518569931,0.5691713518569931,WOWWWWOW,OOOWOWOW
3,ddelta,477,484,496,477-484-496,10,1.863785647904388,1.863785647904388,WWWOWWOW,OWOOOWOW
3,ddelta,477,484,496,477-484-496,11,-3.852889184358278,3.852889184358278,WOWOWWOW,OOOOOWOW
3,ddelta,477,484,496,477-484-496,12,-0.7764576969063296,0.7764576969063296,WWWWWOOW,OWOWOOOW
3,ddelta,477,484,496,477-484-496,13,1.5164772950095016,1.5164772950095016,WOWWWOOW,OOOWOOOW
3,ddelta,477,484,496,477-484-496,14,1.8775464294095559,1.8775464294095559,WWWOWOOW,OWOOOOOW
3,ddelta,477,484,496,477-484-496,15,0.18948109525648316,0.18948109525648316,WOWOWOOW,OOOOOOOW
3,ddelta,477,484,496,477-484-496,16,-0.34144591821932396,0.34144591821932396,WWWWWWWO,OWOWOWWO
3,ddelta,477,484,496,477-484-496,17,4.602267054669696,4.602267054669696,WOWWWWWO,OOOWOWWO
3,ddelta,477,484,496,477-484-496,18,-6.674601277853425,6.674601277853425,WWWOWWWO,OWOOOWWO
3,ddelta,477,484,496,477-484-496,19,-2.3907610588403054,2.3907610588403054,WOWOWWWO,OOOOOWWO
3,ddelta,477,484,496,477-484-496,20,-4.1434881928816285,4.1434881928816285,WWWWWOWO,OWOWOOWO
3,ddelta,477,484,496,477-484-496,21,4.428709032298796,4.428709032298796,WOWWWOWO,OOOWOOWO
3,ddelta,477,484,496,477-484-496,22,-4.59465750855864,4.59465750855864,WWWOWOWO,OWOOOOWO
3,ddelta,477,484,496,477-484-496,23,3.678832471884598,3.678832471884598,WOWOWOWO,OOOOOOWO
3,ddelta,477,484,496,477-484-496,24,0.10958300003256032,0.10958300003256032,WWWWWWOO,OWOWOWOO
3,ddelta,477,484,496,477-484-496,25,-3.0017603356860216,3.0017603356860216,WOWWWWOO,OOOWOWOO
3,ddelta,477,484,496,477-484-496,26,-2.6458692628500198,2.6458692628500198,WWWOWWOO,OWOOOWOO
3,ddelta,477,484,496,477-484-496,27,4.1541356930579845,4.1541356930579845,WOWOWWOO,OOOOOWOO
3,ddelta,477,484,496,477-484-496,28,4.953505438554278,4.953505438554278,WWWWWOOO,OWOWOOOO
3,ddelta,477,484,496,477-484-496,29,0.718624823380202,0.718624823380202,WOWWWOOO,OOOWOOOO
3,ddelta,477,484,496,477-484-496,30,-2.9067949783768445,2.9067949783768445,WWWOWOOO,OWOOOOOO
3,ddelta,477,484,496,477-484-496,31,4.182965044104558,4.182965044104558,WOWOWOOO,OOOOOOOO
3,ddelta,477,484,498,477-484-498,0,2.169541135367296,2.169541135367296,WWWWWWWW,OWOWWOWW
3,ddelta,477,484,498,477-484-498,1,4.698199850687498,4.698199850687498,WOWWWWWW,OOOWWOWW
3,ddelta,477,484,498,477-484-498,2,-0.10303468837083551,0.10303468837083551,WWWOWWWW,OWOOWOWW
3,ddelta,477,484,498,477-484-498,3,-1.163616176350213,1.163616176350213,WOWOWWWW,OOOOWOWW
3,ddelta,477,484,498,477-484-498,4,1.322362193189289,1.322362193189289,WWWWOWWW,OWOWOOWW
3,ddelta,477,484,498,477-484-498,5,-0.19812150893266844,0.19812150893266844,WOWWOWWW,OOOWOOWW
3,ddelta,477,484,498,477-484-498,6,-3.233000256197708,3.233000256197708,WWWOOWWW,OWOOOOWW
3,ddelta,477,484,498,477-484-498,7,-4.699366255768464,4.699366255768464,WOWOOWWW,OOOOOOWW
3,ddelta,477,484,498,477-484-498,8,-3.1822030230764224,3.1822030230764224,WWWWWWOW,OWOWWOOW
3,ddelta,477,484,498,477-484-498,9,-3.912678997083475,3.912678997083475,WOWWWWOW,OOOWWOOW
3,ddelta,477,484,498,477-484-498,10,1.714225813272689,1.714225813272689,WWWOWWOW,OWOOWOOW
3,ddelta,477,484,498,477-484-498,11,-3.142764507294511,3.142764507294511,WOWOWWOW,OOOOWOOW
3,ddelta,477,484,498,477-484-498,12,-4.238325578998648,4.238325578998648,WWWWOWOW,OWOWOOOW
3,ddelta,477,484,498,477-484-498,13,-2.965373053930967,2.965373053930967,WOWWOWOW,OOOWOOOW
3,ddelta,477,484,498,477-484-498,14,1.7279865947778568,1.7279865947778568,WWWOOWOW,OWOOOOOW
3,ddelta,477,484,498,477-484-498,15,0.899605772320251,0.899605772320251,WOWOOWOW,OOOOOOOW
3,ddelta,477,484,498,477-484-498,16,1.735102683240369,1.735102683240369,WWWWWWWO,OWOWWOWO
3,ddelta,477,484,498,477-484-498,17,-2.4593230051505683,2.4593230051505683,WOWWWWWO,OOOWWOWO
3,ddelta,477,484,498,477-484-498,18,1.7977801679746257,1.7977801679746257,WWWOWWWO,OWOOWOWO
3,ddelta,477,484,498,477-484-498,19,-1.5888021547837656,1.5888021547837656,WOWOWWWO,OOOOWOWO
3,ddelta,477,484,498,477-484-498,20,-2.066939591421936,2.066939591421936,WWWWOWWO,OWOWOOWO
3,ddelta,477,484,498,477-484-498,21,-2.6328810275214676,2.6328810275214676,WOWWOWWO,OOOWOOWO
3,ddelta,477,484,498,477-484-498,22,3.877723937269411,3.877723937269411,WWWOOWWO,OWOOOOWO
3,ddelta,477,484,498,477-484-498,23,4.480791375941138,4.480791375941138,WOWOOWWO,OOOOOOWO
3,ddelta,477,484,498,477-484-498,24,0.4875099521407816,0.4875099521407816,WWWWWWOO,OWOWWOOO
3,ddelta,477,484,498,477-484-498,25,1.57518299337479,1.57518299337479,WOWWWWOO,OOOWWOOO
3,ddelta,477,484,498,477-484-498,26,-1.0574497668118048,1.0574497668118048,WWWOWWOO,OWOOWOOO
3,ddelta,477,484,498,477-484-498,27,-2.9640406643643438,2.9640406643643438,WOWOWWOO,OOOOWOOO
3,ddelta,477,484,498,477-484-498,28,5.331432390662499,5.331432390662499,WWWWOWOO,OWOWOOOO
3,ddelta,477,484,498,477-484-498,29,5.295568152441013,5.295568152441013,WOWWOWOO,OOOWOOOO
3,ddelta,477,484,498,477-484-498,30,-1.3183754823386284,1.3183754823386284,WWWOOWOO,OWOOOOOO
3,ddelta,477,484,498,477-484-498,31,-2.9352113133177715,2.9352113133177715,WOWOOWOO,OOOOOOOO
3,ddelta,477,484,501,477-484-501,0,0.20384072940580006,0.20384072940580006,WWWWWWWW,OWOWWWOW
3,ddelta,477,484,501,477-484-501,1,4.012974028694802,4.012974028694802,WOWWWWWW,OOOWWWOW
3,ddelta,477,484,501,477-484-501,2,-4.058248629706705,4.058248629706705,WWWOWWWW,OWOOWWOW
3,ddelta,477,484,501,477-484-501,3,2.6145272631731835,2.6145272631731835,WOWOWWWW,OOOOWWOW
3,ddelta,477,484,501,477-484-501,4,-0.8098963781439912,0.8098963781439912,WWWWOWWW,OWOWOWOW
3,ddelta,477,484,501,477-484-501,5,2.5851316192637137,2.5851316192637137,WOWWOWWW,OOOWOWOW
3,ddelta,477,484,501,477-484-501,6,-1.4484489777855598,1.4484489777855598,WWWOOWWW,OWOOOWOW
3,ddelta,477,484,501,477-484-501,7,-3.610732067174341,3.610732067174341,WOWOOWWW,OOOOOWOW
3,ddelta,477,484,501,477-484-501,8,-5.147903429037918,5.147903429037918,WWWWWOWW,OWOWWOOW
3,ddelta,477,484,501,477-484-501,9,-4.597904819076171,4.597904819076171,WOWWWOWW,OOOWWOOW
3,ddelta,477,484,501,477-484-501,10,-2.2409881280631803,2.2409881280631803,WWWOWOWW,OWOOWOOW
3,ddelta,477,484,501,477-484-501,11,0.635378932228886,0.635378932228886,WOWOWOWW,OOOOWOOW
3,ddelta,477,484,501,477-484-501,12,-6.370584150331928,6.370584150331928,WWWWOOWW,OWOWOOOW
3,ddelta,477,484,501,477-484-501,13,-0.18211992573458458,0.18211992573458458,WOWWOOWW,OOOWOOOW
3,ddelta,477,484,501,477-484-501,14,3.5125378731900057,3.5125378731900057,WWWOOOWW,OWOOOOOW
3,ddelta,477,484,501,477-484-501,15,1.9882399609143737,1.9882399609143737,WOWOOOWW,OOOOOOOW
3,ddelta,477,484,501,477-484-501,16,-1.5985849448026679,1.5985849448026679,WWWWWWWO,OWOWWWOO
3,ddelta,477,484,501,477-484-501,17,3.2273060252276133,3.2273060252276133,WOWWWWWO,OOOWWWOO
3,ddelta,477,484,501,477-484-501,18,-0.03270921615452149,0.03270921615452149,WWWOWWWO,OWOOWWOO
3,ddelta,477,484,501,477-484-501,19,-0.30669016350170275,0.30669016350170275,WOWOWWWO,OOOOWWOO
3,ddelta,477,484,501,477-484-501,20,-1.147556026550784,1.147556026550784,WWWWOWWO,OWOWOWOO
3,ddelta,477,484,501,477-484-501,21,-4.376721365128103,4.376721365128103,WOWWOWWO,OOOWOWOO
3,ddelta,477,484,501,477-484-501,22,3.996022798848884,3.996022798848884,WWWOOWWO,OWOOOWOO
3,ddelta,477,484,501,477-484-501,23,6.238206588396588,6.238206588396588,WOWOOWWO,OOOOOWOO
3,ddelta,477,484,501,477-484-501,24,-2.846177675902256,2.846177675902256,WWWWWOWO,OWOWWOOO
3,ddelta,477,484,501,477-484-501,25,7.261812023752972,7.261812023752972,WOWWWOWO,OOOWWOOO
3,ddelta,477,484,501,477-484-501,26,-2.8879391509409515,2.8879391509409515,WWWOWOWO,OWOOWOOO
3,ddelta,477,484,501,477-484-501,27,-1.6819286730822811,1.6819286730822811,WOWOWOWO,OOOOWOOO
3,ddelta,477,484,501,477-484-501,28,6.2508159555336515,6.2508159555336515,WWWWOOWO,OWOWOOOO
3,ddelta,477,484,501,477-484-501,29,3.551727814834378,3.551727814834378,WOWWOOWO,OOOWOOOO
3,ddelta,477,484,501,477-484-501,30,-1.2000766207591556,1.2000766207591556,WWWOOOWO,OWOOOOOO
3,ddelta,477,484,501,477-484-501,31,-1.1777961008623223,1.1777961008623223,WOWOOOWO,OOOOOOOO
3,ddelta,477,484,505,477-484-505,0,-0.04741668304921953,0.04741668304921953,WWWWWWWW,OWOWWWWO
3,ddelta,477,484,505,477-484-505,1,0.5801359452467906,0.5801359452467906,WOWWWWWW,OOOWWWWO
3,ddelta,477,484,505,477-484-505,2,-1.5720157273336144,1.5720157273336144,WWWOWWWW,OWOOWWWO
3,ddelta,477,484,505,477-484-505,3,0.011868434056476973,0.011868434056476973,WOWOWWWW,OOOOWWWO
3,ddelta,477,484,505,477-484-505,4,-1.6822645678342314,1.6822645678342314,WWWWOWWW,OWOWOWWO
3,ddelta,477,484,505,477-484-505,5,3.1853892386284053,3.1853892386284053,WOWWOWWW,OOOWOWWO
3,ddelta,477,484,505,477-484-505,6,-7.500603001170282,7.500603001170282,WWWOOWWW,OWOOOWWO
3,ddelta,477,484,505,477-484-505,7,-4.751262770773074,4.751262770773074,WOWOOWWW,OOOOOWWO
3,ddelta,477,484,505,477-484-505,8,-0.4818551351761468,0.4818551351761468,WWWWWOWW,OWOWWOWO
3,ddelta,477,484,505,477-484-505,9,-6.577386910591277,6.577386910591277,WOWWWOWW,OOOWWOWO
3,ddelta,477,484,505,477-484-505,10,0.3287991290118475,0.3287991290118475,WWWOWOWW,OWOOWOWO
3,ddelta,477,484,505,477-484-505,11,-0.4133175443770757,0.4133175443770757,WOWOWOWW,OOOOWOWO
3,ddelta,477,484,505,477-484-505,12,-5.071566352445456,5.071566352445456,WWWWOOWW,OWOWOOWO
3,ddelta,477,484,505,477-484-505,13,0.7506297200396062,0.7506297200396062,WOWWOOWW,OOOWOOWO
3,ddelta,477,484,505,477-484-505,14,-0.3898788077031634,0.3898788077031634,WWWOOOWW,OWOOOOWO
3,ddelta,477,484,505,477-484-505,15,4.428894860936525,4.428894860936525,WOWOOOWW,OOOOOOWO
3,ddelta,477,484,505,477-484-505,16,-1.849842357257688,1.849842357257688,WWWWWWOW,OWOWWWOO
3,ddelta,477,484,505,477-484-505,17,-0.2055320582203977,0.2055320582203977,WOWWWWOW,OOOWWWOO
3,ddelta,477,484,505,477-484-505,18,2.453523686218569,2.453523686218569,WWWOWWOW,OWOOWWOO
3,ddelta,477,484,505,477-484-505,19,-2.9093489926184093,2.9093489926184093,WOWOWWOW,OOOOWWOO
3,ddelta,477,484,505,477-484-505,20,-2.019924216241024,2.019924216241024,WWWWOWOW,OWOWOWOO
3,ddelta,477,484,505,477-484-505,21,-3.7764637457634116,3.7764637457634116,WOWWOWOW,OOOWOWOO
3,ddelta,477,484,505,477-484-505,22,-2.056131224535839,2.056131224535839,WWWOOWOW,OWOOOWOO
3,ddelta,477,484,505,477-484-505,23,5.097675884797853,5.097675884797853,WOWOOWOW,OOOOOWOO
3,ddelta,477,484,505,477-484-505,24,1.8198706179595163,1.8198706179595163,WWWWWOOW,OWOWWOOO
3,ddelta,477,484,505,477-484-505,25,5.282329932237868,5.282329932237868,WOWWWOOW,OOOWWOOO
3,ddelta,477,484,505,477-484-505,26,-0.31815189386592435,0.31815189386592435,WWWOWOOW,OWOOWOOO
3,ddelta,477,484,505,477-484-505,27,-2.730625149688243,2.730625149688243,WOWOWOOW,OOOOWOOO
3,ddelta,477,484,505,477-484-505,28,7.549833753420125,7.549833753420125,WWWWOOOW,OWOWOOOO
3,ddelta,477,484,505,477-484-505,29,4.484477460608568,4.484477460608568,WOWWOOOW,OOOWOOOO
3,ddelta,477,484,505,477-484-505,30,-5.102493301652323,5.102493301652323,WWWOOOOW,OWOOOOOO
3,ddelta,477,484,505,477-484-505,31,1.2628587991598321,1.2628587991598321,WOWOOOOW,OOOOOOOO
3,ddelta,477,493,496,477-493-496,0,-2.6364953379903673,2.6364953379903673,WWWWWWWW,OWWOOWWW
3,ddelta,477,493,496,477-493-496,1,-2.901062666394401,2.901062666394401,WOWWWWWW,OOWOOWWW
3,ddelta,477,493,496,477-493-496,2,-4.675911308572812,4.675911308572812,WWOWWWWW,OWOOOWWW
3,ddelta,477,493,496,477-493-496,3,-2.525706281693236,2.525706281693236,WOOWWWWW,OOOOOWWW
3,ddelta,477,493,496,477-493-496,4,5.969952001824317,5.969952001824317,WWWWWOWW,OWWOOOWW
3,ddelta,477,493,496,477-493-496,5,-1.732347501061756,1.732347501061756,WOWWWOWW,OOWOOOWW
3,ddelta,477,493,496,477-493-496,6,1.6477494055930075,1.6477494055930075,WWOWWOWW,OWOOOOWW
3,ddelta,477,493,496,477-493-496,7,0.0035801638413250347,0.0035801638413250347,WOOWWOWW,OOOOOOWW
3,ddelta,477,493,496,477-493-496,8,-3.7964642508464,3.7964642508464,WWWWWWOW,OWWOOWOW
3,ddelta,477,493,496,477-493-496,9,4.175715672928359,4.175715672928359,WOWWWWOW,OOWOOWOW
3,ddelta,477,493,496,477-493-496,10,-2.212343461957907,2.212343461957907,WWOWWWOW,OWOOOWOW
3,ddelta,477,493,496,477-493-496,11,-0.24634486328691185,0.24634486328691185,WOOWWWOW,OOOOOWOW
3,ddelta,477,493,496,477-493-496,12,-2.2317800230432305,2.2317800230432305,WWWWWOOW,OWWOOOOW
3,ddelta,477,493,496,477-493-496,13,1.1410440891585691,1.1410440891585691,WOWWWOOW,OOWOOOOW
3,ddelta,477,493,496,477-493-496,14,0.4222241032726539,0.4222241032726539,WWOWWOOW,OWOOOOOW
3,ddelta,477,493,496,477-493-496,15,-0.18595211059444916,0.18595211059444916,WOOWWOOW,OOOOOOOW
3,ddelta,477,493,496,477-493-496,16,4.643801673324436,4.643801673324436,WWWWWWWO,OWWOOWWO
3,ddelta,477,493,496,477-493-496,17,4.159989335838604,4.159989335838604,WOWWWWWO,OOWOOWWO
3,ddelta,477,493,496,477-493-496,18,-1.6893536863096643,1.6893536863096643,WWOWWWWO,OWOOOWWO
3,ddelta,477,493,496,477-493-496,19,-2.833038777671397,2.833038777671397,WOOWWWWO,OOOOOWWO
3,ddelta,477,493,496,477-493-496,20,-1.6939109640872623,1.6939109640872623,WWWWWOWO,OWWOOOWO
3,ddelta,477,493,496,477-493-496,21,-1.8845986514083057,1.8845986514083057,WOWWWOWO,OOWOOOWO
3,ddelta,477,493,496,477-493-496,22,-2.145080279764273,2.145080279764273,WWOWWOWO,OWOOOOWO
3,ddelta,477,493,496,477-493-496,23,-2.634475211822504,2.634475211822504,WOOWWOWO,OOOOOOWO
3,ddelta,477,493,496,477-493-496,24,6.617078614579753,6.617078614579753,WWWWWWOO,OWWOOWOO
3,ddelta,477,493,496,477-493-496,25,-3.834503919488323,3.834503919488323,WOWWWWOO,OOWOOWOO
3,ddelta,477,493,496,477-493-496,26,3.8616263516971716,3.8616263516971716,WWOWWWOO,OWOOOWOO
3,ddelta,477,493,496,477-493-496,27,3.3213921092556835,3.3213921092556835,WOOWWWOO,OOOOOWOO
3,ddelta,477,493,496,477-493-496,28,6.35980935965651,6.35980935965651,WWWWWOOO,OWWOOOOO
3,ddelta,477,493,496,477-493-496,29,-0.021278892272620364,0.021278892272620364,WOWWWOOO,OOWOOOOO
3,ddelta,477,493,496,477-493-496,30,-1.5004910572746117,1.5004910572746117,WWOWWOOO,OWOOOOOO
3,ddelta,477,493,496,477-493-496,31,3.443061328451735,3.443061328451735,WOOWWOOO,OOOOOOOO
3,ddelta,477,493,498,477-493-498,0,-2.102841787595625,2.102841787595625,WWWWWWWW,OWWOWOWW
3,ddelta,477,493,498,477-493-498,1,3.2148473127973287,3.2148473127973287,WOWWWWWW,OOWOWOWW
3,ddelta,477,493,498,477-493-498,2,-4.375417611333757,4.375417611333757,WWOWWWWW,OWOOWOWW
3,ddelta,477,493,498,477-493-498,3,-2.6469687142403826,2.6469687142403826,WOOWWWWW,OOOOWOWW
3,ddelta,477,493,498,477-493-498,4,6.50360555221906,6.50360555221906,WWWWOWWW,OWWOOOWW
3,ddelta,477,493,498,477-493-498,5,4.3835624781299725,4.3835624781299725,WOWWOWWW,OOWOOOWW
3,ddelta,477,493,498,477-493-498,6,1.9482431028320624,1.9482431028320624,WWOWOWWW,OWOOOOWW
3,ddelta,477,493,498,477-493-498,7,-0.11768226870582191,0.11768226870582191,WOOWOWWW,OOOOOOWW
3,ddelta,477,493,498,477-493-498,8,-2.084088619715879,2.084088619715879,WWWWWWOW,OWWOWOOW
3,ddelta,477,493,498,477-493-498,9,-0.6464459540370623,0.6464459540370623,WOWWWWOW,OOWOWOOW
3,ddelta,477,493,498,477-493-498,10,2.812340216633233,2.812340216633233,WWOWWWOW,OWOOWOOW
3,ddelta,477,493,498,477-493-498,11,0.12346853575190253,0.12346853575190253,WOOWWWOW,OOOOWOOW
3,ddelta,477,493,498,477-493-498,12,-0.5194043919127097,0.5194043919127097,WWWWOWOW,OWWOOOOW
3,ddelta,477,493,498,477-493-498,13,-3.6811175378068524,3.6811175378068524,WOWWOWOW,OOWOOOOW
3,ddelta,477,493,498,477-493-498,14,5.4469077818637945,5.4469077818637945,WWOWOWOW,OWOOOOOW
3,ddelta,477,493,498,477-493-498,15,0.18386128844436536,0.18386128844436536,WOOWOWOW,OOOOOOOW
3,ddelta,477,493,498,477-493-498,16,2.567060302133442,2.567060302133442,WWWWWWWO,OWWOWOWO
3,ddelta,477,493,498,477-493-498,17,2.9721030174769276,2.9721030174769276,WOWWWWWO,OOWOWOWO
3,ddelta,477,493,498,477-493-498,18,2.629737786867698,2.629737786867698,WWOWWWWO,OWOOWOWO
3,ddelta,477,493,498,477-493-498,19,3.842623867843731,3.842623867843731,WOOWWWWO,OOOOWOWO
3,ddelta,477,493,498,477-493-498,20,-3.7706523352782577,3.7706523352782577,WWWWOWWO,OWWOOOWO
3,ddelta,477,493,498,477-493-498,21,-3.0724849697699828,3.0724849697699828,WOWWOWWO,OOWOOOWO
3,ddelta,477,493,498,477-493-498,22,2.1740111934130892,2.1740111934130892,WWOWOWWO,OWOOOOWO
3,ddelta,477,493,498,477-493-498,23,4.041187433692623,4.041187433692623,WOOWOWWO,OOOOOOWO
3,ddelta,477,493,498,477-493-498,24,-0.42913435935001537,0.42913435935001537,WWWWWWOO,OWWOWOOO
3,ddelta,477,493,498,477-493-498,25,4.192933940815861,4.192933940815861,WOWWWWOO,OOWOWOOO
3,ddelta,477,493,498,477-493-498,26,-1.9740940783026013,1.9740940783026013,WWOWWWOO,OWOOWOOO
3,ddelta,477,493,498,477-493-498,27,-0.34628971692327326,0.34628971692327326,WOOWWWOO,OOOOWOOO
3,ddelta,477,493,498,477-493-498,28,-0.6864036142732571,0.6864036142732571,WWWWOWOO,OWWOOOOO
3,ddelta,477,493,498,477-493-498,29,8.006158968031563,8.006158968031563,WOWWOWOO,OOWOOOOO
3,ddelta,477,493,498,477-493-498,30,-7.336211487274386,7.336211487274386,WWOWOWOO,OWOOOOOO
3,ddelta,477,493,498,477-493-498,31,-0.2246204977272217,0.2246204977272217,WOOWOWOO,OOOOOOOO
3,ddelta,477,493,501,477-493-501,0,2.035463251286485,2.035463251286485,WWWWWWWW,OWWOWWOW
3,ddelta,477,493,501,477-493-501,1,-0.002919193116324159,0.002919193116324159,WOWWWWWW,OOWOWWOW
3,ddelta,477,493,501,477-493-501,2,-2.22662610782602,2.22662610782602,WWOWWWWW,OWOOWWOW
3,ddelta,477,493,501,477-493-501,3,-1.4013659586379426,1.4013659586379426,WOOWWWWW,OOOOWWOW
3,ddelta,477,493,501,477-493-501,4,0.8754943384304525,0.8754943384304525,WWWWOWWW,OWWOOWOW
3,ddelta,477,493,501,477-493-501,5,7.073859146206436,7.073859146206436,WOWWOWWW,OOWOOWOW
3,ddelta,477,493,501,477-493-501,6,0.23694173878888436,0.23694173878888436,WWOWOWWW,OWOOOWOW
3,ddelta,477,493,501,477-493-501,7,0.8779954597683812,0.8779954597683812,WOOWOWWW,OOOOOWOW
3,ddelta,477,493,501,477-493-501,8,2.054216419166231,2.054216419166231,WWWWWOWW,OWWOWOOW
3,ddelta,477,493,501,477-493-501,9,-3.8642124599507146,3.8642124599507146,WOWWWOWW,OOWOWOOW
3,ddelta,477,493,501,477-493-501,10,4.961131720140969,4.961131720140969,WWOWWOWW,OWOOWOOW
3,ddelta,477,493,501,477-493-501,11,1.3690712913543432,1.3690712913543432,WOOWWOWW,OOOOWOOW
3,ddelta,477,493,501,477-493-501,12,-6.147515605701317,6.147515605701317,WWWWOOWW,OWWOOOOW
3,ddelta,477,493,501,477-493-501,13,-0.9908208697303896,0.9908208697303896,WOWWOOWW,OOWOOOOW
3,ddelta,477,493,501,477-493-501,14,3.735606417820616,3.735606417820616,WWOWOOWW,OWOOOOOW
3,ddelta,477,493,501,477-493-501,15,1.1795390169185687,1.1795390169185687,WOOWOOWW,OOOOOOOW
3,ddelta,477,493,501,477-493-501,16,0.06941925389476744,0.06941925389476744,WWWWWWWO,OWWOWWOO
3,ddelta,477,493,501,477-493-501,17,0.5739454888316708,0.5739454888316708,WOWWWWWO,OOWOWWOO
3,ddelta,477,493,501,477-493-501,18,1.635294982542914,1.635294982542914,WWOWWWWO,OWOOWWOO
3,ddelta,477,493,501,477-493-501,19,-2.9600506998976455,2.9600506998976455,WOOWWWWO,OOOOWWOO
3,ddelta,477,493,501,477-493-501,20,2.042696195150082,2.042696195150082,WWWWOWWO,OWWOOWOO
3,ddelta,477,493,501,477-493-501,21,-7.420547766495256,7.420547766495256,WOWWOWWO,OOWOOWOO
3,ddelta,477,493,501,477-493-501,22,7.1862750205497505,7.1862750205497505,WWOWOWWO,OWOOOWOO
3,ddelta,477,493,501,477-493-501,23,3.1943801870294344,3.1943801870294344,WOOWOWWO,OOOOOWOO
3,ddelta,477,493,501,477-493-501,24,-2.9267754075886896,2.9267754075886896,WWWWWOWO,OWWOWOOO
3,ddelta,477,493,501,477-493-501,25,1.7947764121706036,1.7947764121706036,WOWWWOWO,OOWOWOOO
3,ddelta,477,493,501,477-493-501,26,-2.9685368826273857,2.9685368826273857,WWOWWOWO,OWOOWOOO
3,ddelta,477,493,501,477-493-501,27,-7.1489642846646495,7.1489642846646495,WOOWWOWO,OOOOWOOO
3,ddelta,477,493,501,477-493-501,28,5.126944916155082,5.126944916155082,WWWWOOWO,OWWOOOOO
3,ddelta,477,493,501,477-493-501,29,3.6580961713062887,3.6580961713062887,WOWWOOWO,OOWOOOOO
3,ddelta,477,493,501,477-493-501,30,-2.323947660137724,2.323947660137724,WWOWOOWO,OWOOOOOO
3,ddelta,477,493,501,477-493-501,31,-1.0714277443904108,1.0714277443904108,WOOWOOWO,OOOOOOOO
3,ddelta,477,493,505,477-493-505,0,-2.381832037740042,2.381832037740042,WWWWWWWW,OWWOWWWO
3,ddelta,477,493,505,477-493-505,1,-0.37166112835912035,0.37166112835912035,WOWWWWWW,OOWOWWWO
3,ddelta,477,493,505,477-493-505,2,-3.9064310820244366,3.9064310820244366,WWOWWWWW,OWOOWWWO
3,ddelta,477,493,505,477-493-505,3,-0.9399286395494341,0.9399286395494341,WOOWWWWW,OOOOWWWO
3,ddelta,477,493,505,477-493-505,4,4.898464973574763,4.898464973574763,WWWWOWWW,OWWOOWWO
3,ddelta,477,493,505,477-493-505,5,6.6893908738738865,6.6893908738738865,WOWWOWWW,OOWOOWWO
3,ddelta,477,493,505,477-493-505,6,-0.9198734597612885,0.9198734597612885,WWOWOWWW,OWOOOWWO
3,ddelta,477,493,505,477-493-505,7,-1.2472611355275949,1.2472611355275949,WOOWOWWW,OOOOOWWO
3,ddelta,477,493,505,477-493-505,8,2.288070051989025,2.288070051989025,WWWWWOWW,OWWOWOWO
3,ddelta,477,493,505,477-493-505,9,-0.6144054236795214,0.6144054236795214,WOWWWOWW,OOWOWOWO
3,ddelta,477,493,505,477-493-505,10,3.0987243161770186,3.0987243161770186,WWOWWOWW,OWOOWOWO
3,ddelta,477,493,505,477-493-505,11,5.549663942534679,5.549663942534679,WOOWWOWW,OOOOWOWO
3,ddelta,477,493,505,477-493-505,12,-5.375792913922554,5.375792913922554,WWWWOOWW,OWWOOOWO
3,ddelta,477,493,505,477-493-505,13,-0.766656574026071,0.766656574026071,WOWWOOWW,OOWOOOWO
3,ddelta,477,493,505,477-493-505,14,-0.6941053691802626,0.6941053691802626,WWOWOOWW,OWOOOOWO
3,ddelta,477,493,505,477-493-505,15,2.91160856687085,2.91160856687085,WOOWOOWW,OOOOOOWO
3,ddelta,477,493,505,477-493-505,16,-4.34787603513176,4.34787603513176,WWWWWWOW,OWWOWWOO
3,ddelta,477,493,505,477-493-505,17,0.2052035535888743,0.2052035535888743,WOWWWWOW,OOWOWWOO
3,ddelta,477,493,505,477-493-505,18,-0.04450999165550171,0.04450999165550171,WWOWWWOW,OWOOWWOO
3,ddelta,477,493,505,477-493-505,19,-2.4986133808091378,2.4986133808091378,WOOWWWOW,OOOOWWOO
3,ddelta,477,493,505,477-493-505,20,6.065666830294393,6.065666830294393,WWWWOWOW,OWWOOWOO
3,ddelta,477,493,505,477-493-505,21,-7.805016038827807,7.805016038827807,WOWWOWOW,OOWOOWOO
3,ddelta,477,493,505,477-493-505,22,6.029459821999577,6.029459821999577,WWOWOWOW,OWOOOWOO
3,ddelta,477,493,505,477-493-505,23,1.0691235917334578,1.0691235917334578,WOOWOWOW,OOOOOWOO
3,ddelta,477,493,505,477-493-505,24,-2.6929217747658956,2.6929217747658956,WWWWWOOW,OWWOWOOO
3,ddelta,477,493,505,477-493-505,25,5.044583448441797,5.044583448441797,WOWWWOOW,OOWOWOOO
3,ddelta,477,493,505,477-493-505,26,-4.830944286591336,4.830944286591336,WWOWWOOW,OWOOWOOO
3,ddelta,477,493,505,477-493-505,27,-2.968371633484314,2.968371633484314,WOOWWOOW,OOOOWOOO
3,ddelta,477,493,505,477-493-505,28,5.898667607933844,5.898667607933844,WWWWOOOW,OWWOOOOO
3,ddelta,477,493,505,477-493-505,29,3.882260467010607,3.882260467010607,WOWWOOOW,OOWOOOOO
3,ddelta,477,493,505,477-493-505,30,-6.753659447138603,6.753659447138603,WWOWOOOW,OWOOOOOO
3,ddelta,477,493,505,477-493-505,31,0.6606418055618711,0.6606418055618711,WOOWOOOW,OOOOOOOO
3,ddelta,477,496,498,477-496-498,0,-2.8364919104598716,2.8364919104598716,WWWWWWWW,OWWWOOWW
3,ddelta,477,496,498,477-496-498,1,2.0243129761473364,2.0243129761473364,WOWWWWWW,OOWWOOWW
3,ddelta,477,496,498,477-496-498,2,-3.6836708526378787,3.6836708526378787,WWOWWWWW,OWOWOOWW
3,ddelta,477,496,498,477-496-498,3,-2.8720083834728305,2.8720083834728305,WOOWWWWW,OOOWOOWW
3,ddelta,477,496,498,477-496-498,4,5.769955429354813,5.769955429354813,WWWOWWWW,OWWOOOWW
3,ddelta,477,496,498,477-496-498,5,3.1930281414799815,3.1930281414799815,WOWOWWWW,OOWOOOWW
3,ddelta,477,496,498,477-496-498,6,2.6399898615279405,2.6399898615279405,WWOOWWWW,OWOOOOWW
3,ddelta,477,496,498,477-496-498,7,-0.34272193793826955,0.34272193793826955,WOOOWWWW,OOOOOOWW
3,ddelta,477,496,498,477-496-498,8,-0.8217946454918392,0.8217946454918392,WWWWWWOW,OWWWOOOW
3,ddelta,477,496,498,477-496-498,9,-0.7154464773637185,0.7154464773637185,WOWWWWOW,OOWWOOOW
3,ddelta,477,496,498,477-496-498,10,-1.8779172014140646,1.8779172014140646,WWOWWWOW,OWOWOOOW
3,ddelta,477,496,498,477-496-498,11,0.2318594657887898,0.2318594657887898,WOOWWWOW,OOOWOOOW
3,ddelta,477,496,498,477-496-498,12,0.7428895823113291,0.7428895823113291,WWWOWWOW,OWWOOOOW
3,ddelta,477,496,498,477-496-498,13,-3.7501180611335085,3.7501180611335085,WOWOWWOW,OOWOOOOW
3,ddelta,477,496,498,477-496-498,14,0.756650363816497,0.756650363816497,WWOOWWOW,OWOOOOOW
3,ddelta,477,496,498,477-496-498,15,0.2922522184812524,0.2922522184812524,WOOOWWOW,OOOOOOOW
3,ddelta,477,496,498,477-496-498,16,3.983202330801539,3.983202330801539,WWWWWWWO,OWWWOOWO
3,ddelta,477,496,498,477-496-498,17,3.2205022243543175,3.2205022243543175,WOWWWWWO,OOWWOOWO
3,ddelta,477,496,498,477-496-498,18,0.1811600561392338,0.1811600561392338,WWOWWWWO,OWOWOOWO
3,ddelta,477,496,498,477-496-498,19,3.046944201983419,3.046944201983419,WOOWWWWO,OOOWOOWO
3,ddelta,477,496,498,477-496-498,20,-2.3545103066101607,2.3545103066101607,WWWOWWWO,OWWOOOWO
3,ddelta,477,496,498,477-496-498,21,-2.824085762892593,2.824085762892593,WOWOWWWO,OOWOOOWO
3,ddelta,477,496,498,477-496-498,22,-0.27456653731537495,0.27456653731537495,WWOOWWWO,OWOOOOWO
3,ddelta,477,496,498,477-496-498,23,3.2455077678323105,3.2455077678323105,WOOOWWWO,OOOOOOWO
3,ddelta,477,496,498,477-496-498,24,-4.544101934818911,4.544101934818911,WWWWWWOO,OWWWOOOO
3,ddelta,477,496,498,477-496-498,25,-2.1934067311235506,2.1934067311235506,WOWWWWOO,OOWWOOOO
3,ddelta,477,496,498,477-496-498,26,0.299820503702807,0.299820503702807,WWOWWWOO,OWOWOOOO
3,ddelta,477,496,498,477-496-498,27,1.5269784279426721,1.5269784279426721,WOOWWWOO,OOOWOOOO
3,ddelta,477,496,498,477-496-498,28,-4.801371189742154,4.801371189742154,WWWOWWOO,OWWOOOOO
3,ddelta,477,496,498,477-496-498,29,1.6198182960921519,1.6198182960921519,WOWOWWOO,OOWOOOOO
3,ddelta,477,496,498,477-496-498,30,-5.062296905268976,5.062296905268976,WWOOWWOO,OWOOOOOO
3,ddelta,477,496,498,477-496-498,31,1.6486476471387244,1.6486476471387244,WOOOWWOO,OOOOOOOO
3,ddelta,477,496,501,477-496-501,0,1.0878766105921758,1.0878766105921758,WWWWWWWW,OWWWOWOW
3,ddelta,477,496,501,477-496-501,1,-1.9640645901892952,1.9640645901892952,WOWWWWWW,OOWWOWOW
3,ddelta,477,496,501,477-496-501,2,0.07413950304238515,0.07413950304238515,WWOWWWWW,OWOWOWOW
3,ddelta,477,496,501,477-496-501,3,-3.3919069996203834,3.3919069996203834,WOOWWWWW,OOOWOWOW
3,ddelta,477,496,501,477-496-501,4,-0.07209230226385577,0.07209230226385577,WWWOWWWW,OWWOOWOW
3,ddelta,477,496,501,477-496-501,5,5.112713749133465,5.112713749133465,WOWOWWWW,OOWOOWOW
3,ddelta,477,496,501,477-496-501,6,2.53770734965729,2.53770734965729,WWOOWWWW,OWOOOWOW
3,ddelta,477,496,501,477-496-501,7,-1.1125455812140592,1.1125455812140592,WOOOWWWW,OOOOOWOW
3,ddelta,477,496,501,477-496-501,8,3.1025738755602084,3.1025738755602084,WWWWWOWW,OWWWOOOW
3,ddelta,477,496,501,477-496-501,9,-4.70382404370035,4.70382404370035,WOWWWOWW,OOWWOOOW
3,ddelta,477,496,501,477-496-501,10,1.8798931542661994,1.8798931542661994,WWOWWOWW,OWOWOOOW
3,ddelta,477,496,501,477-496-501,11,-0.28803915035876293,0.28803915035876293,WOOWWOWW,OOOWOOOW
3,ddelta,477,496,501,477-496-501,12,-5.09915814930734,5.09915814930734,WWWOWOWW,OWWOOOOW
3,ddelta,477,496,501,477-496-501,13,-1.8304324534800251,1.8304324534800251,WOWOWOWW,OOWOOOOW
3,ddelta,477,496,501,477-496-501,14,0.6543678519458456,0.6543678519458456,WWOOWOWW,OWOOOOOW
3,ddelta,477,496,501,477-496-501,15,-0.4775714247945375,0.4775714247945375,WOOOWOWW,OOOOOOOW
3,ddelta,477,496,501,477-496-501,16,0.8255059699923756,0.8255059699923756,WWWWWWWO,OWWWOWOO
3,ddelta,477,496,501,477-496-501,17,3.385659224215481,3.385659224215481,WOWWWWWO,OOWWOWOO
3,ddelta,477,496,501,477-496-501,18,1.2765348882442595,1.2765348882442595,WWOWWWWO,OWOWOWOO
3,ddelta,477,496,501,477-496-501,19,-4.218368166140236,4.218368166140236,WOOWWWWO,OOOWOWOO
3,ddelta,477,496,501,477-496-501,20,2.7987829112476903,2.7987829112476903,WWWOWWWO,OWWOOWOO
3,ddelta,477,496,501,477-496-501,21,-4.608834031111447,4.608834031111447,WOWOWWWO,OOWOOWOO
3,ddelta,477,496,501,477-496-501,22,6.827514926251095,6.827514926251095,WWOOWWWO,OWOOOWOO
3,ddelta,477,496,501,477-496-501,23,1.9360627207868442,1.9360627207868442,WOOOWWWO,OOOOOWOO
3,ddelta,477,496,501,477-496-501,24,-7.701798295628075,7.701798295628075,WWWWWOWO,OWWWOOOO
3,ddelta,477,496,501,477-496-501,25,-2.0282497312623873,2.0282497312623873,WOWWWOWO,OOWWOOOO
3,ddelta,477,496,501,477-496-501,26,1.395195335807833,1.395195335807833,WWOWWOWO,OWOWOOOO
3,ddelta,477,496,501,477-496-501,27,-5.738333940180982,5.738333940180982,WOOWWOWO,OOOWOOOO
3,ddelta,477,496,501,477-496-501,28,0.3519220281156976,0.3519220281156976,WWWOWOWO,OWWOOOOO
3,ddelta,477,496,501,477-496-501,29,-0.16492997212670235,0.16492997212670235,WOWOWOWO,OOWOOOOO
3,ddelta,477,496,501,477-496-501,30,2.039784558297494,2.039784558297494,WWOOWOWO,OWOOOOOO
3,ddelta,477,496,501,477-496-501,31,0.33920260009325753,0.33920260009325753,WOOOWOWO,OOOOOOOO
3,ddelta,477,496,505,477-496-505,0,-2.0237538671213837,2.0237538671213837,WWWWWWWW,OWWWOWWO
3,ddelta,477,496,505,477-496-505,1,-2.799620403708019,2.799620403708019,WOWWWWWW,OOWWOWWO
3,ddelta,477,496,505,477-496-505,2,-3.658601751906395,3.658601751906395,WWOWWWWW,OWOWOWWO
3,ddelta,477,496,505,477-496-505,3,-0.19436711032640508,0.19436711032640508,WOOWWWWW,OOOWOWWO
3,ddelta,477,496,505,477-496-505,4,5.256543144193421,5.256543144193421,WWWOWWWW,OWWOOWWO
3,ddelta,477,496,505,477-496-505,5,4.261431598524987,4.261431598524987,WOWOWWWW,OOWOOWWO
3,ddelta,477,496,505,477-496-505,6,-0.6720441296432473,0.6720441296432473,WWOOWWWW,OWOOOWWO
3,ddelta,477,496,505,477-496-505,7,-0.5016996063045656,0.5016996063045656,WOOOWWWW,OOOOOWWO
3,ddelta,477,496,505,477-496-505,8,4.7959403741400255,4.7959403741400255,WWWWWOWW,OWWWOOWO
3,ddelta,477,496,505,477-496-505,9,-1.6034311555010379,1.6034311555010379,WOWWWOWW,OOWWOOWO
3,ddelta,477,496,505,477-496-505,10,0.20622915687071752,0.20622915687071752,WWOWWOWW,OWOWOOWO
3,ddelta,477,496,505,477-496-505,11,5.724585475129844,5.724585475129844,WOOWWOWW,OOOWOOWO
3,ddelta,477,496,505,477-496-505,12,-2.8679225917715527,2.8679225917715527,WWWOWOWW,OWWOOOWO
3,ddelta,477,496,505,477-496-505,13,-1.7556823058475877,1.7556823058475877,WOWOWOWW,OOWOOOWO
3,ddelta,477,496,505,477-496-505,14,-3.586600528486563,3.586600528486563,WWOOWOWW,OWOOOOWO
3,ddelta,477,496,505,477-496-505,15,3.0865300994660148,3.0865300994660148,WOOOWOWW,OOOOOOWO
3,ddelta,477,496,505,477-496-505,16,-2.286124507721185,2.286124507721185,WWWWWWOW,OWWWOWOO
3,ddelta,477,496,505,477-496-505,17,2.550103410696757,2.550103410696757,WOWWWWOW,OOWWOWOO
3,ddelta,477,496,505,477-496-505,18,-2.45620636670452,2.45620636670452,WWOWWWOW,OWOWOWOO
3,ddelta,477,496,505,477-496-505,19,-1.0208282768462573,1.0208282768462573,WOOWWWOW,OOOWOWOO
3,ddelta,477,496,505,477-496-505,20,8.127418357704968,8.127418357704968,WWWOWWOW,OWWOOWOO
3,ddelta,477,496,505,477-496-505,21,-5.460116181719925,5.460116181719925,WOWOWWOW,OOWOOWOO
3,ddelta,477,496,505,477-496-505,22,3.6177634469505584,3.6177634469505584,WWOOWWOW,OWOOOWOO
3,ddelta,477,496,505,477-496-505,23,2.5469086956963376,2.5469086956963376,WOOOWWOW,OOOOOWOO
3,ddelta,477,496,505,477-496-505,24,-6.0084317970482575,6.0084317970482575,WWWWWOOW,OWWWOOOO
3,ddelta,477,496,505,477-496-505,25,1.0721431569369246,1.0721431569369246,WOWWWOOW,OOWWOOOO
3,ddelta,477,496,505,477-496-505,26,-0.27846866158764927,0.27846866158764927,WWOWWOOW,OWOWOOOO
3,ddelta,477,496,505,477-496-505,27,0.27429068530762546,0.27429068530762546,WOOWWOOW,OOOWOOOO
3,ddelta,477,496,505,477-496-505,28,2.5831575856514846,2.5831575856514846,WWWOWOOW,OWWOOOOO
3,ddelta,477,496,505,477-496-505,29,-0.09017982449426465,0.09017982449426465,WOWOWOOW,OOWOOOOO
3,ddelta,477,496,505,477-496-505,30,-2.2011838221349143,2.2011838221349143,WWOOWOOW,OWOOOOOO
3,ddelta,477,496,505,477-496-505,31,3.9033041243538102,3.9033041243538102,WOOOWOOW,OOOOOOOO
3,ddelta,477,498,501,477-498-501,0,-0.0704009456088805,0.0704009456088805,WWWWWWWW,OWWWWOOW
3,ddelta,477,498,501,477-498-501,1,4.162039545105193,4.162039545105193,WOWWWWWW,OOWWWOOW
3,ddelta,477,498,501,477-498-501,2,-5.4221451040526,5.4221451040526,WWOWWWWW,OWOWWOOW
3,ddelta,477,498,501,477-498-501,3,-4.448839302665781,4.448839302665781,WOOWWWWW,OOOWWOOW
3,ddelta,477,498,501,477-498-501,4,-0.051647777729134425,0.051647777729134425,WWWOWWWW,OWWOWOOW
3,ddelta,477,498,501,477-498-501,5,0.30074627827080214,0.30074627827080214,WOWOWWWW,OOWOWOOW
3,ddelta,477,498,501,477-498-501,6,1.76561272391439,1.76561272391439,WWOOWWWW,OWOOWOOW
3,ddelta,477,498,501,477-498-501,7,-1.6784020526734953,1.6784020526734953,WOOOWWWW,OOOOWOOW
3,ddelta,477,498,501,477-498-501,8,1.9442963193591514,1.9442963193591514,WWWWOWWW,OWWWOOOW
3,ddelta,477,498,501,477-498-501,9,1.4222800915941378,1.4222800915941378,WOWWOWWW,OOWWOOOW
3,ddelta,477,498,501,477-498-501,10,-3.616391452828785,3.616391452828785,WWOWOWWW,OWOWOOOW
3,ddelta,477,498,501,477-498-501,11,-1.3449714534041608,1.3449714534041608,WOOWOWWW,OOOWOOOW
3,ddelta,477,498,501,477-498-501,12,-5.078713624772619,5.078713624772619,WWWOOWWW,OWWOOOOW
3,ddelta,477,498,501,477-498-501,13,-6.642399924342687,6.642399924342687,WOWOOWWW,OOWOOOOW
3,ddelta,477,498,501,477-498-501,14,-0.11772677379705376,0.11772677379705376,WWOOOWWW,OWOOOOOW
3,ddelta,477,498,501,477-498-501,15,-1.0434278962539734,1.0434278962539734,WOOOOWWW,OOOOOOOW
3,ddelta,477,498,501,477-498-501,16,3.4227223017100585,3.4227223017100585,WWWWWWWO,OWWWWOOO
3,ddelta,477,498,501,477-498-501,17,-1.2234846513627136,1.2234846513627136,WOWWWWWO,OOWWWOOO
3,ddelta,477,498,501,477-498-501,18,2.175129570610471,2.175129570610471,WWOWWWWO,OWOWWOOO
3,ddelta,477,498,501,477-498-501,19,2.8110213471626446,2.8110213471626446,WOOWWWWO,OOOWWOOO
3,ddelta,477,498,501,477-498-501,20,0.4265276402266016,0.4265276402266016,WWWOWWWO,OWWOWOOO
3,ddelta,477,498,501,477-498-501,21,-0.0026537280237808603,0.0026537280237808603,WOWOWWWO,OOWOWOOO
3,ddelta,477,498,501,477-498-501,22,-2.428702294559829,2.428702294559829,WWOOWWWO,OWOOWOOO
3,ddelta,477,498,501,477-498-501,23,-1.3778922376043592,1.3778922376043592,WOOOWWWO,OOOOWOOO
3,ddelta,477,498,501,477-498-501,24,-5.104581963910392,5.104581963910392,WWWWOWWO,OWWWOOOO
3,ddelta,477,498,501,477-498-501,25,-6.637393606840582,6.637393606840582,WOWWOWWO,OOWWOOOO
3,ddelta,477,498,501,477-498-501,26,2.293790018174044,2.293790018174044,WWOWOWWO,OWOWOOOO
3,ddelta,477,498,501,477-498-501,27,1.2910555731218984,1.2910555731218984,WOOWOWWO,OOOWOOOO
3,ddelta,477,498,501,477-498-501,28,-2.0203332429053917,2.0203332429053917,WWWOOWWO,OWWOOOOO
3,ddelta,477,498,501,477-498-501,29,4.441250330960964,4.441250330960964,WOWOOWWO,OOWOOOOO
3,ddelta,477,498,501,477-498-501,30,-7.21643266251343,7.21643266251343,WWOOOWWO,OWOOOOOO
3,ddelta,477,498,501,477-498-501,31,-2.9747523582979465,2.9747523582979465,WOOOOWWO,OOOOOOOO
3,ddelta,477,498,505,477-498-505,0,-2.179874155279027,2.179874155279027,WWWWWWWW,OWWWWOWO
3,ddelta,477,498,505,477-498-505,1,-0.10053740246591925,0.10053740246591925,WOWWWWWW,OOWWWOWO
3,ddelta,477,498,505,477-498-505,2,-2.6143126074059535,2.6143126074059535,WWOWWWWW,OWOWWOWO
3,ddelta,477,498,505,477-498-505,3,-7.258060258303987,7.258060258303987,WOOWWWWW,OOOWWOWO
3,ddelta,477,498,505,477-498-505,4,2.4900279344500396,2.4900279344500396,WWWOWWWW,OWWOWOWO
3,ddelta,477,498,505,477-498-505,5,-0.34328169778632045,0.34328169778632045,WOWOWWWW,OOWOWOWO
3,ddelta,477,498,505,477-498-505,6,4.3908427907955,4.3908427907955,WWOOWWWW,OWOOWOWO
3,ddelta,477,498,505,477-498-505,7,-0.768467676219873,0.768467676219873,WOOOWWWW,OOOOWOWO
3,ddelta,477,498,505,477-498-505,8,4.639820085982383,4.639820085982383,WWWWOWWW,OWWWOOWO
3,ddelta,477,498,505,477-498-505,9,1.0956518457410618,1.0956518457410618,WOWWOWWW,OOWWOOWO
3,ddelta,477,498,505,477-498-505,10,1.2505183013711583,1.2505183013711583,WWOWOWWW,OWOWOOWO
3,ddelta,477,498,505,477-498-505,11,-1.3391076728477371,1.3391076728477371,WOOWOWWW,OOOWOOWO
3,ddelta,477,498,505,477-498-505,12,-5.634437801514934,5.634437801514934,WWWOOWWW,OWWOOOWO
3,ddelta,477,498,505,477-498-505,13,-6.360395602158894,6.360395602158894,WOWOOWWW,OOWOOOWO
3,ddelta,477,498,505,477-498-505,14,1.4762863919521845,1.4762863919521845,WWOOOWWW,OWOOOOWO
3,ddelta,477,498,505,477-498-505,15,2.8197620295507075,2.8197620295507075,WOOOOWWW,OOOOOOWO
3,ddelta,477,498,505,477-498-505,16,1.3132490920399125,1.3132490920399125,WWWWWWOW,OWWWWOOO
3,ddelta,477,498,505,477-498-505,17,-5.4860615989338255,5.4860615989338255,WOWWWWOW,OOWWWOOO
3,ddelta,477,498,505,477-498-505,18,4.982962067257117,4.982962067257117,WWOWWWOW,OWOWWOOO
3,ddelta,477,498,505,477-498-505,19,0.0018003915244388935,0.0018003915244388935,WOOWWWOW,OOOWWOOO
3,ddelta,477,498,505,477-498-505,20,2.9682033524057756,2.9682033524057756,WWWOWWOW,OWWOWOOO
3,ddelta,477,498,505,477-498-505,21,-0.646681704080903,0.646681704080903,WOWOWWOW,OOWOWOOO
3,ddelta,477,498,505,477-498-505,22,0.19652777232128238,0.19652777232128238,WWOOWWOW,OWOOWOOO
3,ddelta,477,498,505,477-498-505,23,-0.467957861150737,0.467957861150737,WOOOWWOW,OOOOWOOO
3,ddelta,477,498,505,477-498-505,24,-2.409058197287159,2.409058197287159,WWWWOWOW,OWWWOOOO
3,ddelta,477,498,505,477-498-505,25,-6.964021852693657,6.964021852693657,WOWWOWOW,OOWWOOOO
3,ddelta,477,498,505,477-498-505,26,7.160699772373989,7.160699772373989,WWOWOWOW,OWOWOOOO
3,ddelta,477,498,505,477-498-505,27,1.296919353678322,1.296919353678322,WOOWOWOW,OOOWOOOO
3,ddelta,477,498,505,477-498-505,28,-2.576057419647707,2.576057419647707,WWWOOWOW,OWWOOOOO
3,ddelta,477,498,505,477-498-505,29,4.723254653144757,4.723254653144757,WOWOOWOW,OOWOOOOO
3,ddelta,477,498,505,477-498-505,30,-5.622419496764191,5.622419496764191,WWOOOWOW,OWOOOOOO
3,ddelta,477,498,505,477-498-505,31,0.888437567506735,0.888437567506735,WOOOOWOW,OOOOOOOO
3,ddelta,477,501,505,477-501-505,0,-0.8710574251725953,0.8710574251725953,WWWWWWWW,OWWWWWOO
3,ddelta,477,501,505,477-501-505,1,-0.5318633742458333,0.5318633742458333,WOWWWWWW,OOWWWWOO
3,ddelta,477,501,505,477-501-505,2,-2.6734830993810634,2.6734830993810634,WWOWWWWW,OWOWWWOO
3,ddelta,477,501,505,477-501-505,3,-1.3175313777130215,1.3175313777130215,WOOWWWWW,OOOWWWOO
3,ddelta,477,501,505,477-501-505,4,-2.837101422564313,2.837101422564313,WWWOWWWW,OWWOWWOO
3,ddelta,477,501,505,477-501-505,5,0.04500130770216182,0.04500130770216182,WOWOWWWW,OOWOWWOO
3,ddelta,477,501,505,477-501-505,6,1.1884379909878704,1.1884379909878704,WWOOWWWW,OWOOWWOO
3,ddelta,477,501,505,477-501-505,7,-2.8762161189727244,2.8762161189727244,WOOOWWWW,OOOOWWOO
3,ddelta,477,501,505,477-501-505,8,-1.1334280657723952,1.1334280657723952,WWWWOWWW,OWWWOWOO
3,ddelta,477,501,505,477-501-505,9,4.8178604401589435,4.8178604401589435,WOWWOWWW,OOWWOWOO
3,ddelta,477,501,505,477-501-505,10,-1.4710877141791892,1.4710877141791892,WWOWOWWW,OWOWOWOO
3,ddelta,477,501,505,477-501-505,11,-2.1439925442328738,2.1439925442328738,WOOWOWWW,OOOWOWOO
3,ddelta,477,501,505,477-501-505,12,0.03377379094723362,0.03377379094723362,WWWOOWWW,OWWOOWOO
3,ddelta,477,501,505,477-501-505,13,-9.67654647254275,9.67654647254275,WOWOOWWW,OOWOOWOO
3,ddelta,477,501,505,477-501-505,14,5.478245567581676,5.478245567581676,WWOOOWWW,OWOOOWOO
3,ddelta,477,501,505,477-501-505,15,0.17239218302817894,0.17239218302817894,WOOOOWWW,OOOOOWOO
3,ddelta,477,501,505,477-501-505,16,2.6220658221463435,2.6220658221463435,WWWWWOWW,OWWWWOOO
3,ddelta,477,501,505,477-501-505,17,-5.91738757071374,5.91738757071374,WOWWWOWW,OOWWWOOO
3,ddelta,477,501,505,477-501-505,18,4.9237915752820065,4.9237915752820065,WWOWWOWW,OWOWWOOO
3,ddelta,477,501,505,477-501-505,19,5.942329272115405,5.942329272115405,WOOWWOWW,OOOWWOOO
3,ddelta,477,501,505,477-501-505,20,-2.358926004608577,2.358926004608577,WWWOWOWW,OWWOWOOO
3,ddelta,477,501,505,477-501-505,21,-0.25839869859242104,0.25839869859242104,WOWOWOWW,OOWOWOOO
3,ddelta,477,501,505,477-501-505,22,-3.0058770274863478,3.0058770274863478,WWOOWOWW,OWOOWOOO
3,ddelta,477,501,505,477-501-505,23,-2.575706303903589,2.575706303903589,WOOOWOWW,OOOOWOOO
3,ddelta,477,501,505,477-501-505,24,-8.182306349041939,8.182306349041939,WWWWOOWW,OWWWOOOO
3,ddelta,477,501,505,477-501-505,25,-3.2418132582757764,3.2418132582757764,WOWWOOWW,OOWWOOOO
3,ddelta,477,501,505,477-501-505,26,4.439093756823639,4.439093756823639,WWOWOOWW,OWOWOOOO
3,ddelta,477,501,505,477-501-505,27,0.49203448229318525,0.49203448229318525,WOOWOOWW,OOOWOOOO
3,ddelta,477,501,505,477-501-505,28,3.0921541728144613,3.0921541728144613,WWWOOOWW,OWWOOOOO
3,ddelta,477,501,505,477-501-505,29,1.4071037827609014,1.4071037827609014,WOWOOOWW,OOWOOOOO
3,ddelta,477,501,505,477-501-505,30,-1.6204603211347,1.6204603211347,WWOOOOWW,OWOOOOOO
3,ddelta,477,501,505,477-501-505,31,-1.7589322790157937,1.7589322790157937,WOOOOOWW,OOOOOOOO
3,ddelta,478,484,493,478-484-493,0,0.5553523480663505,0.5553523480663505,WWWWWWWW,WOOOWWWW
3,ddelta,478,484,493,478-484-493,1,1.5257410068490471,1.5257410068490471,OWWWWWWW,OOOOWWWW
3,ddelta,478,484,493,478-484-493,2,-0.5405162899383591,0.5405162899383591,WWWWOWWW,WOOOOWWW
3,ddelta,478,484,493,478-484-493,3,2.8446447241279476,2.8446447241279476,OWWWOWWW,OOOOOWWW
3,ddelta,478,484,493,478-484-493,4,1.894354899599506,1.894354899599506,WWWWWOWW,WOOOWOWW
3,ddelta,478,484,493,478-484-493,5,-0.7244966449173762,0.7244966449173762,OWWWWOWW,OOOOWOWW
3,ddelta,478,484,493,478-484-493,6,-5.807488350636312,5.807488350636312,WWWWOOWW,WOOOOOWW
3,ddelta,478,484,493,478-484-493,7,-2.3682096340188035,2.3682096340188035,OWWWOOWW,OOOOOOWW
3,ddelta,478,484,493,478-484-493,8,-0.27716697738855545,0.27716697738855545,WWWWWWOW,WOOOWWOW
3,ddelta,478,484,493,478-484-493,9,3.5568642749850277,3.5568642749850277,OWWWWWOW,OOOOWWOW
3,ddelta,478,484,493,478-484-493,10,1.2480385705037145,1.2480385705037145,WWWWOWOW,WOOOOWOW
3,ddelta,478,484,493,478-484-493,11,-0.9241115022264651,0.9241115022264651,OWWWOWOW,OOOOOWOW
3,ddelta,478,484,493,478-484-493,12,2.4449862582202924,2.4449862582202924,WWWWWOOW,WOOOWOOW
3,ddelta,478,484,493,478-484-493,13,2.152503164033729,2.152503164033729,OWWWWOOW,OOOOWOOW
3,ddelta,478,484,493,478-484-493,14,-4.74600732394046,4.74600732394046,WWWWOOOW,WOOOOOOW
3,ddelta,478,484,493,478-484-493,15,-9.019490744195926,9.019490744195926,OWWWOOOW,OOOOOOOW
3,ddelta,478,484,493,478-484-493,16,-1.0525148461486193,1.0525148461486193,WWWWWWWO,WOOOWWWO
3,ddelta,478,484,493,478-484-493,17,0.8742053457281582,0.8742053457281582,OWWWWWWO,OOOOWWWO
3,ddelta,478,484,493,478-484-493,18,-4.520035579657679,4.520035579657679,WWWWOWWO,WOOOOWWO
3,ddelta,478,484,493,478-484-493,19,-3.2531881416568016,3.2531881416568016,OWWWOWWO,OOOOOWWO
3,ddelta,478,484,493,478-484-493,20,-2.374656402935277,2.374656402935277,WWWWWOWO,WOOOWOWO
3,ddelta,478,484,493,478-484-493,21,0.3599071545740469,0.3599071545740469,OWWWWOWO,OOOOWOWO
3,ddelta,478,484,493,478-484-493,22,-3.047334088849717,3.047334088849717,WWWWOOWO,WOOOOOWO
3,ddelta,478,484,493,478-484-493,23,-0.6114777760775805,0.6114777760775805,OWWWOOWO,OOOOOOWO
3,ddelta,478,484,493,478-484-493,24,1.133807538743666,1.133807538743666,WWWWWWOO,WOOOWWOO
3,ddelta,478,484,493,478-484-493,25,-2.0393441867570195,2.0393441867570195,OWWWWWOO,OOOOWWOO
3,ddelta,478,484,493,478-484-493,26,-0.34132305469635915,0.34132305469635915,WWWWOWOO,WOOOOWOO
3,ddelta,478,484,493,478-484-493,27,6.396873511429541,6.396873511429541,OWWWOWOO,OOOOOWOO
3,ddelta,478,484,493,478-484-493,28,7.05607966610717,7.05607966610717,WWWWWOOO,WOOOWOOO
3,ddelta,478,484,493,478-484-493,29,0.8886640018199372,0.8886640018199372,OWWWWOOO,OOOOWOOO
3,ddelta,478,484,493,478-484-493,30,1.8427204502278127,1.8427204502278127,WWWWOOOO,WOOOOOOO
3,ddelta,478,484,493,478-484-493,31,6.999945423596058,6.999945423596058,OWWWOOOO,OOOOOOOO
3,ddelta,478,484,496,478-484-496,0,-1.7956790322157439,1.7956790322157439,WWWWWWWW,WOOWOWWW
3,ddelta,478,484,496,478-484-496,1,-1.092067237493349,1.092067237493349,OWWWWWWW,OOOWOWWW
3,ddelta,478,484,496,478-484-496,2,-2.8915476702204526,2.8915476702204526,WWWOWWWW,WOOOOWWW
3,ddelta,478,484,496,478-484-496,3,0.2268364797855511,0.2268364797855511,OWWOWWWW,OOOOOWWW
3,ddelta,478,484,496,478-484-496,4,2.911641120136625,2.911641120136625,WWWWWOWW,WOOWOOWW
3,ddelta,478,484,496,478-484-496,5,-0.43388950258314085,0.43388950258314085,OWWWWOWW,OOOWOOWW
3,ddelta,478,484,496,478-484-496,6,-4.7902021300991935,4.7902021300991935,WWWOWOWW,WOOOOOWW
3,ddelta,478,484,496,478-484-496,7,-2.077602491684568,2.077602491684568,OWWOWOWW,OOOOOOWW
3,ddelta,478,484,496,478-484-496,8,0.8757575505461058,0.8757575505461058,WWWWWWOW,WOOWOWOW
3,ddelta,478,484,496,478-484-496,9,1.1652640433872032,1.1652640433872032,OWWWWWOW,OOOWOWOW
3,ddelta,478,484,496,478-484-496,10,2.400963098438376,2.400963098438376,WWWOWWOW,WOOOOWOW
3,ddelta,478,484,496,478-484-496,11,-3.31571173382429,3.31571173382429,OWWOWWOW,OOOOOWOW
3,ddelta,478,484,496,478-484-496,12,1.2521731174688688,1.2521731174688688,WWWWWOOW,WOOWOOOW
3,ddelta,478,484,496,478-484-496,13,3.5451081093847003,3.5451081093847003,OWWWWOOW,OOOWOOOW
3,ddelta,478,484,496,478-484-496,14,-5.938820464691884,5.938820464691884,WWWOWOOW,WOOOOOOW
3,ddelta,478,484,496,478-484-496,15,-7.626885798844956,7.626885798844956,OWWOWOOW,OOOOOOOW
3,ddelta,478,484,496,478-484-496,16,1.9409512105301585,1.9409512105301585,WWWWWWWO,WOOWOWWO
3,ddelta,478,484,496,478-484-496,17,6.8846641834191775,6.8846641834191775,OWWWWWWO,OOOWOWWO
3,ddelta,478,484,496,478-484-496,18,-1.5265695229789018,1.5265695229789018,WWWOWWWO,WOOOOWWO
3,ddelta,478,484,496,478-484-496,19,2.757270696034218,2.757270696034218,OWWOWWWO,OOOOOWWO
3,ddelta,478,484,496,478-484-496,20,-3.4042024802640625,3.4042024802640625,WWWWWOWO,WOOWOOWO
3,ddelta,478,484,496,478-484-496,21,5.1679947449163635,5.1679947449163635,OWWWWOWO,OOOWOOWO
3,ddelta,478,484,496,478-484-496,22,-4.076880166178503,4.076880166178503,WWWOWOWO,WOOOOOWO
3,ddelta,478,484,496,478-484-496,23,4.196609814264736,4.196609814264736,OWWOWOWO,OOOOOOWO
3,ddelta,478,484,496,478-484-496,24,1.5458742303886959,1.5458742303886959,WWWWWWOO,WOOWOWOO
3,ddelta,478,484,496,478-484-496,25,-1.5654691053298855,1.5654691053298855,OWWWWWOO,OOOWOWOO
3,ddelta,478,484,496,478-484-496,26,0.07074363694867003,0.07074363694867003,WWWOWWOO,WOOOOWOO
3,ddelta,478,484,496,478-484-496,27,6.870748592856675,6.870748592856675,OWWOWWOO,OOOOOWOO
3,ddelta,478,484,496,478-484-496,28,0.9662571864176224,0.9662571864176224,WWWWWOOO,WOOWOOOO
3,ddelta,478,484,496,478-484-496,29,-3.268623428756454,3.268623428756454,OWWWWOOO,OOOWOOOO
3,ddelta,478,484,496,478-484-496,30,-4.247102029461735,4.247102029461735,WWWOWOOO,WOOOOOOO
3,ddelta,478,484,496,478-484-496,31,2.842657993019666,2.842657993019666,OWWOWOOO,OOOOOOOO
3,ddelta,478,484,498,478-484-498,0,-0.5562767493792883,0.5562767493792883,WWWWWWWW,WOOWWOWW
3,ddelta,478,484,498,478-484-498,1,1.9723819659409139,1.9723819659409139,OWWWWWWW,OOOWWOWW
3,ddelta,478,484,498,478-484-498,2,0.7827258021538677,0.7827258021538677,WWWOWWWW,WOOOWOWW
3,ddelta,478,484,498,478-484-498,3,-0.2778556858255099,0.2778556858255099,OWWOWWWW,OOOOWOWW
3,ddelta,478,484,498,478-484-498,4,4.15104340297308,4.15104340297308,WWWWOWWW,WOOWOOWW
3,ddelta,478,484,498,478-484-498,5,2.630559700851122,2.630559700851122,OWWWOWWW,OOOWOOWW
3,ddelta,478,484,498,478-484-498,6,-1.1159286577248733,1.1159286577248733,WWWOOWWW,WOOOOOWW
3,ddelta,478,484,498,478-484-498,7,-2.5822946572956282,2.5822946572956282,OWWOOWWW,OOOOOOWW
3,ddelta,478,484,498,478-484-498,8,-1.6916213882877351,1.6916213882877351,WWWWWWOW,WOOWWOOW
3,ddelta,478,484,498,478-484-498,9,-2.422097362294788,2.422097362294788,OWWWWWOW,OOOWWOOW
3,ddelta,478,484,498,478-484-498,10,1.0305318473211127,1.0305318473211127,WWWOWWOW,WOOOWOOW
3,ddelta,478,484,498,478-484-498,11,-3.826458473246087,3.826458473246087,OWWOWWOW,OOOOWOOW
3,ddelta,478,484,498,478-484-498,12,-1.3152058213649718,1.3152058213649718,WWWWOWOW,WOOWOOOW
3,ddelta,478,484,498,478-484-498,13,-0.04225329629729124,0.04225329629729124,OWWWOWOW,OOOWOOOW
3,ddelta,478,484,498,478-484-498,14,-7.309251715809146,7.309251715809146,WWWOOWOW,WOOOOOOW
3,ddelta,478,484,498,478-484-498,15,-8.137632538266754,8.137632538266754,OWWOOWOW,OOOOOOOW
3,ddelta,478,484,498,478-484-498,16,4.339089831252214,4.339089831252214,WWWWWWWO,WOOWWOWO
3,ddelta,478,484,498,478-484-498,17,0.1446641428612756,0.1446641428612756,OWWWWWWO,OOOWWOWO
3,ddelta,478,484,498,478-484-498,18,3.0169482744655554,3.0169482744655554,WWWOWWWO,WOOOWOWO
3,ddelta,478,484,498,478-484-498,19,-0.3696340482928362,0.3696340482928362,OWWOWWWO,OOOOWOWO
3,ddelta,478,484,498,478-484-498,20,-1.0060638595420068,1.0060638595420068,WWWWOWWO,WOOWOOWO
3,ddelta,478,484,498,478-484-498,21,-1.5720052956415385,1.5720052956415385,OWWWOWWO,OOOWOOWO
3,ddelta,478,484,498,478-484-498,22,0.46663763126595525,0.46663763126595525,WWWOOWWO,WOOOOOWO
3,ddelta,478,484,498,478-484-498,23,1.0697050699376829,1.0697050699376829,OWWOOWWO,OOOOOOWO
3,ddelta,478,484,498,478-484-498,24,-2.367721303930977,2.367721303930977,WWWWWWOO,WOOWWOOO
3,ddelta,478,484,498,478-484-498,25,-1.280048262696969,1.280048262696969,OWWWWWOO,OOOWWOOO
3,ddelta,478,484,498,478-484-498,26,3.5545508234325274,3.5545508234325274,WWWOWWOO,WOOOWOOO
3,ddelta,478,484,498,478-484-498,27,1.6479599258799873,1.6479599258799873,OWWOWWOO,OOOOWOOO
3,ddelta,478,484,498,478-484-498,28,-2.947338347902051,2.947338347902051,WWWWOWOO,WOOWOOOO
3,ddelta,478,484,498,478-484-498,29,-2.983202586123538,2.983202586123538,OWWWOWOO,OOOWOOOO
3,ddelta,478,484,498,478-484-498,30,-0.7632948429778783,0.7632948429778783,WWWOOWOO,WOOOOOOO
3,ddelta,478,484,498,478-484-498,31,-2.3801306739570216,2.3801306739570216,OWWOOWOO,OOOOOOOO
3,ddelta,478,484,501,478-484-501,0,-2.9515077178379396,2.9515077178379396,WWWWWWWW,WOOWWWOW
3,ddelta,478,484,501,478-484-501,1,0.8576255814510625,0.8576255814510625,OWWWWWWW,OOOWWWOW
3,ddelta,478,484,501,478-484-501,2,-3.784027043292845,3.784027043292845,WWWOWWWW,WOOOWWOW
3,ddelta,478,484,501,478-484-501,3,2.888748849587043,2.888748849587043,OWWOWWWW,OOOOWWOW
3,ddelta,478,484,501,478-484-501,4,-0.2800711350760905,0.2800711350760905,WWWWOWWW,WOOWOWOW
3,ddelta,478,484,501,478-484-501,5,3.1149568623316153,3.1149568623316153,OWWWOWWW,OOOWOWOW
3,ddelta,478,484,501,478-484-501,6,1.5084837253659835,1.5084837253659835,WWWOOWWW,WOOOOWOW
3,ddelta,478,484,501,478-484-501,7,-0.6537993640227975,0.6537993640227975,OWWOOWWW,OOOOOWOW
3,ddelta,478,484,501,478-484-501,8,-4.086852356746387,4.086852356746387,WWWWWOWW,WOOWWOOW
3,ddelta,478,484,501,478-484-501,9,-3.5368537467846393,3.5368537467846393,OWWWWOWW,OOOWWOOW
3,ddelta,478,484,501,478-484-501,10,-3.5362209981256,3.5362209981256,WWWOWOWW,WOOOWOOW
3,ddelta,478,484,501,478-484-501,11,-0.6598539378335335,0.6598539378335335,OWWOWOWW,OOOOWOOW
3,ddelta,478,484,501,478-484-501,12,-5.746320359414142,5.746320359414142,WWWWOOWW,WOOWOOOW
3,ddelta,478,484,501,478-484-501,13,0.4421438651832015,0.4421438651832015,OWWWOOWW,OOOWOOOW
3,ddelta,478,484,501,478-484-501,14,-4.6848393327182904,4.6848393327182904,WWWOOOWW,WOOOOOOW
3,ddelta,478,484,501,478-484-501,15,-6.209137244993922,6.209137244993922,OWWOOOWW,OOOOOOOW
3,ddelta,478,484,501,478-484-501,16,-2.382736988345242,2.382736988345242,WWWWWWWO,WOOWWWOO
3,ddelta,478,484,501,478-484-501,17,2.44315398168504,2.44315398168504,OWWWWWWO,OOOWWWOO
3,ddelta,478,484,501,478-484-501,18,-0.1964146034529568,0.1964146034529568,WWWOWWWO,WOOOWWOO
3,ddelta,478,484,501,478-484-501,19,-0.47039555080013806,0.47039555080013806,OWWOWWWO,OOOOWWOO
3,ddelta,478,484,501,478-484-501,20,-2.777813968486705,2.777813968486705,WWWWOWWO,WOOWOWOO
3,ddelta,478,484,501,478-484-501,21,-6.006979307064023,6.006979307064023,OWWWOWWO,OOOWOWOO
3,ddelta,478,484,501,478-484-501,22,1.400898556474615,1.400898556474615,WWWOOWWO,WOOOOWOO
3,ddelta,478,484,501,478-484-501,23,3.64308234602232,3.64308234602232,OWWOOWWO,OOOOOWOO
3,ddelta,478,484,501,478-484-501,24,-9.089548123528434,9.089548123528434,WWWWWOWO,WOOWWOOO
3,ddelta,478,484,501,478-484-501,25,1.0184415761267953,1.0184415761267953,OWWWWOWO,OOOWWOOO
3,ddelta,478,484,501,478-484-501,26,0.34118794551401455,0.34118794551401455,WWWOWOWO,WOOOWOOO
3,ddelta,478,484,501,478-484-501,27,1.5471984233726856,1.5471984233726856,OWWOWOWO,OOOOWOOO
3,ddelta,478,484,501,478-484-501,28,-4.719088456846748,4.719088456846748,WWWWOOWO,WOOWOOOO
3,ddelta,478,484,501,478-484-501,29,-7.418176597546021,7.418176597546021,OWWWOOWO,OOOWOOOO
3,ddelta,478,484,501,478-484-501,30,0.17096608223078158,0.17096608223078158,WWWOOOWO,WOOOOOOO
3,ddelta,478,484,501,478-484-501,31,0.1932466021276149,0.1932466021276149,OWWOOOWO,OOOOOOOO
3,ddelta,478,484,505,478-484-505,0,-0.8868644747998509,0.8868644747998509,WWWWWWWW,WOOWWWWO
3,ddelta,478,484,505,478-484-505,1,-0.2593118465038403,0.2593118465038403,OWWWWWWW,OOOWWWWO
3,ddelta,478,484,505,478-484-505,2,-2.4947316690148202,2.4947316690148202,WWWOWWWW,WOOOWWWO
3,ddelta,478,484,505,478-484-505,3,-0.9108475076247289,0.9108475076247289,OWWOWWWW,OOOOWWWO
3,ddelta,478,484,505,478-484-505,4,2.8497657679460513,2.8497657679460513,WWWWOWWW,WOOWOWWO
3,ddelta,478,484,505,478-484-505,5,7.717419574408687,7.717419574408687,OWWWOWWW,OOOWOWWO
3,ddelta,478,484,505,478-484-505,6,-1.1297535217732693,1.1297535217732693,WWWOOWWW,WOOOOWWO
3,ddelta,478,484,505,478-484-505,7,1.6195867086239382,1.6195867086239382,OWWOOWWW,OOOOOWWO
3,ddelta,478,484,505,478-484-505,8,4.00850210583165,4.00850210583165,WWWWWOWW,WOOWWOWO
3,ddelta,478,484,505,478-484-505,9,-2.0870296695834782,2.0870296695834782,OWWWWOWW,OOOWWOWO
3,ddelta,478,484,505,478-484-505,10,-0.26050919670313233,0.26050919670313233,WWWOWOWW,WOOOWOWO
3,ddelta,478,484,505,478-484-505,11,-1.0026258700920552,1.0026258700920552,OWWOWOWW,OOOOWOWO
3,ddelta,478,484,505,478-484-505,12,-2.3073414945690347,2.3073414945690347,WWWWOOWW,WOOWOOWO
3,ddelta,478,484,505,478-484-505,13,3.514854577916026,3.514854577916026,OWWWOOWW,OOOWOOWO
3,ddelta,478,484,505,478-484-505,14,0.45281276721755903,0.45281276721755903,WWWOOOWW,WOOOOOWO
3,ddelta,478,484,505,478-484-505,15,5.271586435857248,5.271586435857248,OWWOOOWW,OOOOOOWO
3,ddelta,478,484,505,478-484-505,16,-0.31809374530715334,0.31809374530715334,WWWWWWOW,WOOWWWOO
3,ddelta,478,484,505,478-484-505,17,1.3262165537301371,1.3262165537301371,OWWWWWOW,OOOWWWOO
3,ddelta,478,484,505,478-484-505,18,1.0928807708250685,1.0928807708250685,WWWOWWOW,WOOOWWOO
3,ddelta,478,484,505,478-484-505,19,-4.269991908011911,4.269991908011911,OWWOWWOW,OOOOWWOO
3,ddelta,478,484,505,478-484-505,20,0.35202293453543665,0.35202293453543665,WWWWOWOW,WOOWOWOO
3,ddelta,478,484,505,478-484-505,21,-1.4045165949869518,1.4045165949869518,OWWWOWOW,OOOWOWOO
3,ddelta,478,484,505,478-484-505,22,-1.2373386906646378,1.2373386906646378,WWWOOWOW,WOOOOWOO
3,ddelta,478,484,505,478-484-505,23,5.916468418669055,5.916468418669055,OWWOOWOW,OOOOOWOO
3,ddelta,478,484,505,478-484-505,24,-0.9941936609503953,0.9941936609503953,WWWWWOOW,WOOWWOOO
3,ddelta,478,484,505,478-484-505,25,2.468265653327956,2.468265653327956,OWWWWOOW,OOOWWOOO
3,ddelta,478,484,505,478-484-505,26,3.6168997469364834,3.6168997469364834,WWWOWOOW,WOOOWOOO
3,ddelta,478,484,505,478-484-505,27,1.204426491114164,1.204426491114164,OWWOWOOW,OOOOWOOO
3,ddelta,478,484,505,478-484-505,28,-1.2801095920016423,1.2801095920016423,WWWWOOOW,WOOWOOOO
3,ddelta,478,484,505,478-484-505,29,-4.345465884813199,4.345465884813199,OWWWOOOW,OOOWOOOO
3,ddelta,478,484,505,478-484-505,30,5.308618182166631,5.308618182166631,WWWOOOOW,WOOOOOOO
3,ddelta,478,484,505,478-484-505,31,11.673970282978786,11.673970282978786,OWWOOOOW,OOOOOOOO
3,ddelta,478,493,496,478-493-496,0,1.409536485831592,1.409536485831592,WWWWWWWW,WOWOOWWW
3,ddelta,478,493,496,478-493-496,1,1.1449691574275587,1.1449691574275587,OWWWWWWW,OOWOOWWW
3,ddelta,478,493,496,478-493-496,2,0.31366784782688306,0.31366784782688306,WWOWWWWW,WOOOOWWW
3,ddelta,478,493,496,478-493-496,3,2.463872874706459,2.463872874706459,OWOWWWWW,OOOOOWWW
3,ddelta,478,493,496,478-493-496,4,7.508700301024459,7.508700301024459,WWWWWOWW,WOWOOOWW
3,ddelta,478,493,496,478-493-496,5,-0.19359920186161406,0.19359920186161406,OWWWWOWW,OOWOOOWW
3,ddelta,478,493,496,478-493-496,6,-0.193142949211359,0.193142949211359,WWOWWOWW,WOOOOOWW
3,ddelta,478,493,496,478-493-496,7,-1.837312190963041,1.837312190963041,OWOWWOWW,OOOOOOWW
3,ddelta,478,493,496,478-493-496,8,-5.39454957313976,5.39454957313976,WWWWWWOW,WOWOOWOW
3,ddelta,478,493,496,478-493-496,9,2.5776303506349985,2.5776303506349985,OWWWWWOW,OOWOOWOW
3,ddelta,478,493,496,478-493-496,10,-3.8693440252474898,3.8693440252474898,WWOWWWOW,WOOOOWOW
3,ddelta,478,493,496,478-493-496,11,-1.9033454265764949,1.9033454265764949,OWOWWWOW,OOOOOWOW
3,ddelta,478,493,496,478-493-496,12,-0.19009204822224468,0.19009204822224468,WWWWWOOW,WOWOOOOW
3,ddelta,478,493,496,478-493-496,13,3.1827320639795555,3.1827320639795555,OWWWWOOW,OOWOOOOW
3,ddelta,478,493,496,478-493-496,14,-7.381085630382998,7.381085630382998,WWOWWOOW,WOOOOOOW
3,ddelta,478,493,496,478-493-496,15,-7.9892618442501,7.9892618442501,OWOWWOOW,OOOOOOOW
3,ddelta,478,493,496,478-493-496,16,0.2771841220453503,0.2771841220453503,WWWWWWWO,WOWOOWWO
3,ddelta,478,493,496,478-493-496,17,-0.20662821544048215,0.20662821544048215,OWWWWWWO,OOWOOWWO
3,ddelta,478,493,496,478-493-496,18,-3.19033661146371,3.19033661146371,WWOWWWWO,WOOOOWWO
3,ddelta,478,493,496,478-493-496,19,-4.334021702825442,4.334021702825442,OWOWWWWO,OOOOOWWO
3,ddelta,478,493,496,478-493-496,20,1.1183821859564396,1.1183821859564396,WWWWWOWO,WOWOOOWO
3,ddelta,478,493,496,478-493-496,21,0.9276944986353957,0.9276944986353957,OWWWWOWO,OOWOOOWO
3,ddelta,478,493,496,478-493-496,22,0.4457045000419995,0.4457045000419995,WWOWWOWO,WOOOOOWO
3,ddelta,478,493,496,478-493-496,23,-0.04369043201623146,0.04369043201623146,OWOWWOWO,OOOOOOWO
3,ddelta,478,493,496,478-493-496,24,3.8509647045634363,3.8509647045634363,WWWWWWOO,WOWOOWOO
3,ddelta,478,493,496,478-493-496,25,-6.600617829504638,6.600617829504638,OWWWWWOO,OOWOOWOO
3,ddelta,478,493,496,478-493-496,26,2.3758341111234107,2.3758341111234107,WWOWWWOO,WOOOOWOO
3,ddelta,478,493,496,478-493-496,27,1.8355998686819226,1.8355998686819226,OWOWWWOO,OOOOOWOO
3,ddelta,478,493,496,478-493-496,28,2.823689966505335,2.823689966505335,WWWWWOOO,WOWOOOOO
3,ddelta,478,493,496,478-493-496,29,-3.557398285423795,3.557398285423795,OWWWWOOO,OOWOOOOO
3,ddelta,478,493,496,478-493-496,30,-2.389669249374022,2.389669249374022,WWOWWOOO,WOOOOOOO
3,ddelta,478,493,496,478-493-496,31,2.553883136352325,2.553883136352325,OWOWWOOO,OOOOOOOO
3,ddelta,478,493,498,478-493-498,0,-0.6995613606910065,0.6995613606910065,WWWWWWWW,WOWOWOWW
3,ddelta,478,493,498,478-493-498,1,4.618127739701946,4.618127739701946,OWWWWWWW,OOWOWOWW
3,ddelta,478,493,498,478-493-498,2,0.6394411908421498,0.6394411908421498,WWOWWWWW,WOOOWOWW
3,ddelta,478,493,498,478-493-498,3,2.367890087935523,2.367890087935523,OWOWWWWW,OOOOWOWW
3,ddelta,478,493,498,478-493-498,4,5.399602454501861,5.399602454501861,WWWWOWWW,WOWOOOWW
3,ddelta,478,493,498,478-493-498,5,3.2795593804127727,3.2795593804127727,OWWWOWWW,OOWOOOWW
3,ddelta,478,493,498,478-493-498,6,0.13263039380390818,0.13263039380390818,WWOWOWWW,WOOOOOWW
3,ddelta,478,493,498,478-493-498,7,-1.9332949777339772,1.9332949777339772,OWOWOWWW,OOOOOOWW
3,ddelta,478,493,498,478-493-498,8,-1.611199153585213,1.611199153585213,WWWWWWOW,WOWOWOOW
3,ddelta,478,493,498,478-493-498,9,-0.17355648790639666,0.17355648790639666,OWWWWWOW,OOWOWOOW
3,ddelta,478,493,498,478-493-498,10,1.1109540820236348,1.1109540820236348,WWOWWWOW,WOOOWOOW
3,ddelta,478,493,498,478-493-498,11,-1.577917598857696,1.577917598857696,OWOWWWOW,OOOOWOOW
3,ddelta,478,493,498,478-493-498,12,3.5932583713323023,3.5932583713323023,WWWWOWOW,WOWOOOOW
3,ddelta,478,493,498,478-493-498,13,0.43154522543816,0.43154522543816,OWWWOWOW,OOWOOOOW
3,ddelta,478,493,498,478-493-498,14,-2.4007875231118723,2.4007875231118723,WWOWOWOW,WOOOOOOW
3,ddelta,478,493,498,478-493-498,15,-7.663834016531302,7.663834016531302,OWOWOWOW,OOOOOOOW
3,ddelta,478,493,498,478-493-498,16,-2.9695479997015304,2.9695479997015304,WWWWWWWO,WOWOWOWO
3,ddelta,478,493,498,478-493-498,17,-2.5645052843580443,2.5645052843580443,OWWWWWWO,OOWOWOWO
3,ddelta,478,493,498,478-493-498,18,-4.291689556488189,4.291689556488189,WWOWWWWO,WOOOWOWO
3,ddelta,478,493,498,478-493-498,19,-3.0788034755121556,3.0788034755121556,OWOWWWWO,OOOOWOWO
3,ddelta,478,493,498,478-493-498,20,-2.1283499357904416,2.1283499357904416,WWWWOWWO,WOWOOOWO
3,ddelta,478,493,498,478-493-498,21,-1.4301825702821662,1.4301825702821662,OWWWOWWO,OOWOOOWO
3,ddelta,478,493,498,478-493-498,22,-0.6556484449824791,0.6556484449824791,WWOWOWWO,WOOOOOWO
3,ddelta,478,493,498,478-493-498,23,1.2115277952970545,1.2115277952970545,OWOWOWWO,OOOOOOWO
3,ddelta,478,493,498,478-493-498,24,-4.736903243232096,4.736903243232096,WWWWWWOO,WOWOWOOO
3,ddelta,478,493,498,478-493-498,25,-0.11483494306622044,0.11483494306622044,OWWWWWOO,OOWOWOOO
3,ddelta,478,493,498,478-493-498,26,1.185368884131408,1.185368884131408,WWOWWWOO,WOOOWOOO
3,ddelta,478,493,498,478-493-498,27,2.813173245510736,2.813173245510736,OWOWWWOO,OOOOWOOO
3,ddelta,478,493,498,478-493-498,28,-5.764177981290198,5.764177981290198,WWWWOWOO,WOWOOOOO
3,ddelta,478,493,498,478-493-498,29,2.9283846010146233,2.9283846010146233,OWWWOWOO,OOWOOOOO
3,ddelta,478,493,498,478-493-498,30,-3.5801344763660246,3.5801344763660246,WWOWOWOO,WOOOOOOO
3,ddelta,478,493,498,478-493-498,31,3.5314565131811393,3.5314565131811393,OWOWOWOO,OOOOOOOO
3,ddelta,478,493,501,478-493-501,0,4.179739514908737,4.179739514908737,WWWWWWWW,WOWOWWOW
3,ddelta,478,493,501,478-493-501,1,2.1413570705059275,2.1413570705059275,OWWWWWWW,OOWOWWOW
3,ddelta,478,493,501,478-493-501,2,3.3472201894538305,3.3472201894538305,WWOWWWWW,WOOOWWOW
3,ddelta,478,493,501,478-493-501,3,4.172480338641908,4.172480338641908,OWOWWWWW,OOOOWWOW
3,ddelta,478,493,501,478-493-501,4,-2.6243465440626146,2.6243465440626146,WWWWOWWW,WOWOOWOW
3,ddelta,478,493,501,478-493-501,5,3.5740182637133673,3.5740182637133673,OWWWOWWW,OOWOOWOW
3,ddelta,478,493,501,478-493-501,6,-0.8357916836205421,0.8357916836205421,WWOWOWWW,WOOOOWOW
3,ddelta,478,493,501,478-493-501,7,-0.19473796264104526,0.19473796264104526,OWOWOWWW,OOOOOWOW
3,ddelta,478,493,501,478-493-501,8,3.26810172201453,3.26810172201453,WWWWWOWW,WOWOWOOW
3,ddelta,478,493,501,478-493-501,9,-2.6503271571024154,2.6503271571024154,OWWWWOWW,OOWOWOOW
3,ddelta,478,493,501,478-493-501,10,3.818733080635316,3.818733080635316,WWOWWOWW,WOOOWOOW
3,ddelta,478,493,501,478-493-501,11,0.22667265184868957,0.22667265184868957,OWOWWOWW,OOOOWOOW
3,ddelta,478,493,501,478-493-501,12,-4.430690627232174,4.430690627232174,WWWWOOWW,WOWOOOOW
3,ddelta,478,493,501,478-493-501,13,0.7260041087387534,0.7260041087387534,OWWWOOWW,OOWOOOOW
3,ddelta,478,493,501,478-493-501,14,-3.3692096005363226,3.3692096005363226,WWOWOOWW,WOOOOOOW
3,ddelta,478,493,501,478-493-501,15,-5.92527700143837,5.92527700143837,OWOWOOWW,OOOOOOOW
3,ddelta,478,493,501,478-493-501,16,-2.8062065603402777,2.8062065603402777,WWWWWWWO,WOWOWWOO
3,ddelta,478,493,501,478-493-501,17,-2.301680325403374,2.301680325403374,OWWWWWWO,OOWOWWOO
3,ddelta,478,493,501,478-493-501,18,-0.6198841754479922,0.6198841754479922,WWOWWWWO,WOOOWWOO
3,ddelta,478,493,501,478-493-501,19,-5.215229857888552,5.215229857888552,OWOWWWWO,OOOOWWOO
3,ddelta,478,493,501,478-493-501,20,0.7675740221778096,0.7675740221778096,WWWWOWWO,WOWOOWOO
3,ddelta,478,493,501,478-493-501,21,-8.69566993946753,8.69566993946753,OWWWOWWO,OOWOOWOO
3,ddelta,478,493,501,478-493-501,22,4.946286547139128,4.946286547139128,WWOWOWWO,WOOOOWOO
3,ddelta,478,493,501,478-493-501,23,0.9543917136188127,0.9543917136188127,OWOWOWWO,OOOOOWOO
3,ddelta,478,493,501,478-493-501,24,-4.5735618038708425,4.5735618038708425,WWWWWOWO,WOWOWOOO
3,ddelta,478,493,501,478-493-501,25,0.14799001588844996,0.14799001588844996,OWWWWOWO,OOWOWOOO
3,ddelta,478,493,501,478-493-501,26,4.857174265171604,4.857174265171604,WWOWWOWO,WOOOWOOO
3,ddelta,478,493,501,478-493-501,27,0.6767468631343401,0.6767468631343401,OWOWWOWO,OOOOWOOO
3,ddelta,478,493,501,478-493-501,28,-2.8682540233219465,2.8682540233219465,WWWWOOWO,WOWOOOOO
3,ddelta,478,493,501,478-493-501,29,-4.337102768170741,4.337102768170741,OWWWOOWO,OOWOOOOO
3,ddelta,478,493,501,478-493-501,30,2.021800515755583,2.021800515755583,WWOWOOWO,WOOOOOOO
3,ddelta,478,493,501,478-493-501,31,3.274320431502897,3.274320431502897,OWOWOOWO,OOOOOOOO
3,ddelta,478,493,505,478-493-505,0,3.118686733067624,3.118686733067624,WWWWWWWW,WOWOWWWO
3,ddelta,478,493,505,478-493-505,1,5.128857642448545,5.128857642448545,OWWWWWWW,OOWOWWWO
3,ddelta,478,493,505,478-493-505,2,1.5108195388526549,1.5108195388526549,WWOWWWWW,WOOOWWWO
3,ddelta,478,493,505,478-493-505,3,4.477321981327656,4.477321981327656,OWOWWWWW,OOOOWWWO
3,ddelta,478,493,505,478-493-505,4,1.9863343692813824,1.9863343692813824,WWWWOWWW,WOWOOWWO
3,ddelta,478,493,505,478-493-505,5,3.777260269580504,3.777260269580504,OWWWOWWW,OOWOOWWO
3,ddelta,478,493,505,478-493-505,6,-1.9931849204379382,1.9931849204379382,WWOWOWWW,WOOOOWWO
3,ddelta,478,493,505,478-493-505,7,-2.320572596204245,2.320572596204245,OWOWOWWW,OOOOOWWO
3,ddelta,478,493,505,478-493-505,8,0.8487000940571001,0.8487000940571001,WWWWWOWW,WOWOWOWO
3,ddelta,478,493,505,478-493-505,9,-2.053775381611446,2.053775381611446,OWWWWOWW,OOWOWOWO
3,ddelta,478,493,505,478-493-505,10,-3.4203112084776834,3.4203112084776834,WWOWWOWW,WOOOWOWO
3,ddelta,478,493,505,478-493-505,11,-0.9693715821200226,0.9693715821200226,OWOWWOWW,OOOOWOWO
3,ddelta,478,493,505,478-493-505,12,-5.54161802101092,5.54161802101092,WWWWOOWW,WOWOOOWO
3,ddelta,478,493,505,478-493-505,13,-0.932481681114436,0.932481681114436,OWWWOOWW,OOWOOOWO
3,ddelta,478,493,505,478-493-505,14,-2.7814637592243248,2.7814637592243248,WWOWOOWW,WOOOOOWO
3,ddelta,478,493,505,478-493-505,15,0.8242501768267865,0.8242501768267865,OWOWOOWW,OOOOOOWO
3,ddelta,478,493,505,478-493-505,16,-3.86725934218139,3.86725934218139,WWWWWWOW,WOWOWWOO
3,ddelta,478,493,505,478-493-505,17,0.6858202465392431,0.6858202465392431,OWWWWWOW,OOWOWWOO
3,ddelta,478,493,505,478-493-505,18,-2.4562848260491688,2.4562848260491688,WWOWWWOW,WOOOWWOO
3,ddelta,478,493,505,478-493-505,19,-4.910388215202804,4.910388215202804,OWOWWWOW,OOOOWWOO
3,ddelta,478,493,505,478-493-505,20,5.378254935521807,5.378254935521807,WWWWOWOW,WOWOOWOO
3,ddelta,478,493,505,478-493-505,21,-8.492427933600393,8.492427933600393,OWWWOWOW,OOWOOWOO
3,ddelta,478,493,505,478-493-505,22,3.7888933103217326,3.7888933103217326,WWOWOWOW,WOOOOWOO
3,ddelta,478,493,505,478-493-505,23,-1.171442919944387,1.171442919944387,OWOWOWOW,OOOOOWOO
3,ddelta,478,493,505,478-493-505,24,-6.992963431828272,6.992963431828272,WWWWWOOW,WOWOWOOO
3,ddelta,478,493,505,478-493-505,25,0.7445417913794194,0.7445417913794194,OWWWWOOW,OOWOWOOO
3,ddelta,478,493,505,478-493-505,26,-2.381870023941395,2.381870023941395,WWOWWOOW,WOOOWOOO
3,ddelta,478,493,505,478-493-505,27,-0.5192973708343726,0.5192973708343726,OWOWWOOW,OOOOWOOO
3,ddelta,478,493,505,478-493-505,28,-3.979181417100693,3.979181417100693,WWWWOOOW,WOWOOOOO
3,ddelta,478,493,505,478-493-505,29,-5.995588558023932,5.995588558023932,OWWWOOOW,OOWOOOOO
3,ddelta,478,493,505,478-493-505,30,2.6095463570675803,2.6095463570675803,WWOWOOOW,WOOOOOOO
3,ddelta,478,493,505,478-493-505,31,10.023847609768055,10.023847609768055,OWOWOOOW,OOOOOOOO
3,ddelta,478,496,498,478-496-498,0,-3.8178374899416783,3.8178374899416783,WWWWWWWW,WOWWOOWW
3,ddelta,478,496,498,478-496-498,1,1.0429673966655302,1.0429673966655302,OWWWWWWW,OOWWOOWW
3,ddelta,478,496,498,478-496-498,2,0.8894826624106908,0.8894826624106908,WWOWWWWW,WOOWOOWW
3,ddelta,478,496,498,478-496-498,3,1.7011451315757387,1.7011451315757387,OWOWWWWW,OOOWOOWW
3,ddelta,478,496,498,478-496-498,4,2.2813263252511895,2.2813263252511895,WWWOWWWW,WOWOOOWW
3,ddelta,478,496,498,478-496-498,5,-0.2956009626236433,0.2956009626236433,OWWOWWWW,OOWOOOWW
3,ddelta,478,496,498,478-496-498,6,0.38267186537244946,0.38267186537244946,WWOOWWWW,WOOOOOWW
3,ddelta,478,496,498,478-496-498,7,-2.6000399340937617,2.6000399340937617,OWOOWWWW,OOOOOOWW
3,ddelta,478,496,498,478-496-498,8,-1.0238170469135146,1.0238170469135146,WWWWWWOW,WOWWOOOW
3,ddelta,478,496,498,478-496-498,9,-0.9174688787853933,0.9174688787853933,OWWWWWOW,OOWWOOOW
3,ddelta,478,496,498,478-496-498,10,-0.647401479990751,0.647401479990751,WWOWWWOW,WOOWOOOW
3,ddelta,478,496,498,478-496-498,11,1.4623751872121036,1.4623751872121036,OWOWWWOW,OOOWOOOW
3,ddelta,478,496,498,478-496-498,12,4.180640478004001,4.180640478004001,WWWOWWOW,WOWOOOOW
3,ddelta,478,496,498,478-496-498,13,-0.31236716544083665,0.31236716544083665,OWWOWWOW,OOWOOOOW
3,ddelta,478,496,498,478-496-498,14,-4.159143085126257,4.159143085126257,WWOOWWOW,WOOOOOOW
3,ddelta,478,496,498,478-496-498,15,-4.623541230461503,4.623541230461503,OWOOWWOW,OOOOOOOW
3,ddelta,478,496,498,478-496-498,16,0.6665369451340879,0.6665369451340879,WWWWWWWO,WOWWOOWO
3,ddelta,478,496,498,478-496-498,17,-0.0961631613131333,0.0961631613131333,OWWWWWWO,OOWWOOWO
3,ddelta,478,496,498,478-496-498,18,-4.678616745660132,4.678616745660132,WWOWWWWO,WOOWOOWO
3,ddelta,478,496,498,478-496-498,19,-1.8128325998159471,1.8128325998159471,OWOWWWWO,OOOWOOWO
3,ddelta,478,496,498,478-496-498,20,1.5077350090451773,1.5077350090451773,WWWOWWWO,WOWOOOWO
3,ddelta,478,496,498,478-496-498,21,1.0381595527627447,1.0381595527627447,OWWOWWWO,OOWOOOWO
3,ddelta,478,496,498,478-496-498,22,-1.0425756341544226,1.0425756341544226,WWOOWWWO,WOOOOOWO
3,ddelta,478,496,498,478-496-498,23,2.4774986709932634,2.4774986709932634,OWOOWWWO,OOOOOOWO
3,ddelta,478,496,498,478-496-498,24,-1.5389288675002486,1.5389288675002486,WWWWWWOO,WOWWOOOO
3,ddelta,478,496,498,478-496-498,25,0.8117663361951123,0.8117663361951123,OWWWWWOO,OOWWOOOO
3,ddelta,478,496,498,478-496-498,26,-2.118545911471322,2.118545911471322,WWOWWWOO,WOOWOOOO
3,ddelta,478,496,498,478-496-498,27,-0.8913879872314565,0.8913879872314565,OWOWWWOO,OOOWOOOO
3,ddelta,478,496,498,478-496-498,28,-2.5662036055583495,2.5662036055583495,WWWOWWOO,WOWOOOOO
3,ddelta,478,496,498,478-496-498,29,3.8549858802759553,3.8549858802759553,OWWOWWOO,OOWOOOOO
3,ddelta,478,496,498,478-496-498,30,-6.884049271968754,6.884049271968754,WWOOWWOO,WOOOOOOO
3,ddelta,478,496,498,478-496-498,31,-0.17310471956105355,0.17310471956105355,OWOOWWOO,OOOOOOOO
3,ddelta,478,496,501,478-496-501,0,1.9526606903448058,1.9526606903448058,WWWWWWWW,WOWWOWOW
3,ddelta,478,496,501,478-496-501,1,-1.0992805104366652,1.0992805104366652,OWWWWWWW,OOWWOWOW
3,ddelta,478,496,501,478-496-501,2,4.624097273106655,4.624097273106655,WWOWWWWW,WOOWOWOW
3,ddelta,478,496,501,478-496-501,3,1.1580507704438872,1.1580507704438872,OWOWWWWW,OOOWOWOW
3,ddelta,478,496,501,478-496-501,4,-4.851425368626545,4.851425368626545,WWWOWWWW,WOWOOWOW
3,ddelta,478,496,501,478-496-501,5,0.3333806827707744,0.3333806827707744,OWWOWWWW,OOWOOWOW
3,ddelta,478,496,501,478-496-501,6,0.4410854000322828,0.4410854000322828,WWOOWWWW,WOOOOWOW
3,ddelta,478,496,501,478-496-501,7,-3.209167530839066,3.209167530839066,OWOOWWWW,OOOOOWOW
3,ddelta,478,496,501,478-496-501,8,4.746681133372969,4.746681133372969,WWWWWOWW,WOWWOOOW
3,ddelta,478,496,501,478-496-501,9,-3.0597167858875887,3.0597167858875887,OWWWWOWW,OOWWOOOW
3,ddelta,478,496,501,478-496-501,10,3.0872131307052144,3.0872131307052144,WWOWWOWW,WOOWOOOW
3,ddelta,478,496,501,478-496-501,11,0.9192808260802516,0.9192808260802516,OWOWWOWW,OOOWOOOW
3,ddelta,478,496,501,478-496-501,12,-2.9521112158737344,2.9521112158737344,WWWOWOWW,WOWOOOOW
3,ddelta,478,496,501,478-496-501,13,0.3166144799535805,0.3166144799535805,OWWOWOWW,OOWOOOOW
3,ddelta,478,496,501,478-496-501,14,-4.100729550466424,4.100729550466424,WWOOWOWW,WOOOOOOW
3,ddelta,478,496,501,478-496-501,15,-5.232668827206807,5.232668827206807,OWOOWOWW,OOOOOOOW
3,ddelta,478,496,501,478-496-501,16,2.356021158046186,2.356021158046186,WWWWWWWO,WOWWOWOO
3,ddelta,478,496,501,478-496-501,17,4.916174412269291,4.916174412269291,OWWWWWWO,OOWWOWOO
3,ddelta,478,496,501,478-496-501,18,1.9609441779047236,1.9609441779047236,WWOWWWWO,WOOWOWOO
3,ddelta,478,496,501,478-496-501,19,-3.5339588764797716,3.5339588764797716,OWOWWWWO,OOOWOWOO
3,ddelta,478,496,501,478-496-501,20,5.9298017405642724,5.9298017405642724,WWWOWWWO,WOWOOWOO
3,ddelta,478,496,501,478-496-501,21,-1.4778152017948643,1.4778152017948643,OWWOWWWO,OOWOOWOO
3,ddelta,478,496,501,478-496-501,22,7.527114900491843,7.527114900491843,WWOOWWWO,WOOOOWOO
3,ddelta,478,496,501,478-496-501,23,2.6356626950275928,2.6356626950275928,OWOOWWWO,OOOOOWOO
3,ddelta,478,496,501,478-496-501,24,0.15055534541184967,0.15055534541184967,WWWWWOWO,WOWWOOOO
3,ddelta,478,496,501,478-496-501,25,5.824103909777538,5.824103909777538,OWWWWOWO,OOWWOOOO
3,ddelta,478,496,501,478-496-501,26,4.5210150120935335,4.5210150120935335,WWOWWOWO,WOOWOOOO
3,ddelta,478,496,501,478-496-501,27,-2.6125142638952807,2.6125142638952807,OWOWWOWO,OOOWOOOO
3,ddelta,478,496,501,478-496-501,28,1.8558631259607457,1.8558631259607457,WWWOWOWO,WOWOOOOO
3,ddelta,478,496,501,478-496-501,29,1.3390111257183461,1.3390111257183461,OWWOWOWO,OOWOOOOO
3,ddelta,478,496,501,478-496-501,30,1.6856412626775126,1.6856412626775126,WWOOWOWO,WOOOOOOO
3,ddelta,478,496,501,478-496-501,31,-0.01494069552672439,0.01494069552672439,OWOOWOWO,OOOOOOOO
3,ddelta,478,496,505,478-496-505,0,-2.0680280799111355,2.0680280799111355,WWWWWWWW,WOWWOWWO
3,ddelta,478,496,505,478-496-505,1,-2.84389461649777,2.84389461649777,OWWWWWWW,OOWWOWWO
3,ddelta,478,496,505,478-496-505,2,1.6686021628347667,1.6686021628347667,WWOWWWWW,WOOWOWWO
3,ddelta,478,496,505,478-496-505,3,5.132836804414756,5.132836804414756,OWOWWWWW,OOOWOWWO
3,ddelta,478,496,505,478-496-505,4,-3.2003804436973766,3.2003804436973766,WWWOWWWW,WOWOOWWO
3,ddelta,478,496,505,478-496-505,5,-4.195491989365811,4.195491989365811,OWWOWWWW,OOWOOWWO
3,ddelta,478,496,505,478-496-505,6,-1.8354022964558263,1.8354022964558263,WWOOWWWW,WOOOOWWO
3,ddelta,478,496,505,478-496-505,7,-1.6650577731171445,1.6650577731171445,OWOOWWWW,OOOOOWWO
3,ddelta,478,496,505,478-496-505,8,2.4163463551646305,2.4163463551646305,WWWWWOWW,WOWWOOWO
3,ddelta,478,496,505,478-496-505,9,-3.9830251744764333,3.9830251744764333,OWWWWOWW,OOWWOOWO
3,ddelta,478,496,505,478-496-505,10,-3.899497245236056,3.899497245236056,WWOWWOWW,WOOWOOWO
3,ddelta,478,496,505,478-496-505,11,1.618859073023071,1.618859073023071,OWOWWOWW,OOOWOOWO
3,ddelta,478,496,505,478-496-505,12,-3.9739717599033897,3.9739717599033897,WWWOWOWW,WOWOOOWO
3,ddelta,478,496,505,478-496-505,13,-2.861731473979424,2.861731473979424,OWWOWOWW,OOWOOOWO
3,ddelta,478,496,505,478-496-505,14,-3.260649795982698,3.260649795982698,WWOOWOWW,WOOOOOWO
3,ddelta,478,496,505,478-496-505,15,3.41248083196988,3.41248083196988,OWOOWOWW,OOOOOOWO
3,ddelta,478,496,505,478-496-505,16,-1.664667612209755,1.664667612209755,WWWWWWOW,WOWWOWOO
3,ddelta,478,496,505,478-496-505,17,3.1715603062081863,3.1715603062081863,OWWWWWOW,OOWWOWOO
3,ddelta,478,496,505,478-496-505,18,-0.9945509323671656,0.9945509323671656,WWOWWWOW,WOOWOWOO
3,ddelta,478,496,505,478-496-505,19,0.44082715749109735,0.44082715749109735,OWOWWWOW,OOOWOWOO
3,ddelta,478,496,505,478-496-505,20,7.58084666549344,7.58084666549344,WWWOWWOW,WOWOOWOO
3,ddelta,478,496,505,478-496-505,21,-6.006687873931451,6.006687873931451,OWWOWWOW,OOWOOWOO
3,ddelta,478,496,505,478-496-505,22,5.250627204003735,5.250627204003735,WWOOWWOW,WOOOOWOO
3,ddelta,478,496,505,478-496-505,23,4.179772452749514,4.179772452749514,OWOOWWOW,OOOOOWOO
3,ddelta,478,496,505,478-496-505,24,-2.17977943279649,2.17977943279649,WWWWWOOW,WOWWOOOO
3,ddelta,478,496,505,478-496-505,25,4.900795521188693,4.900795521188693,OWWWWOOW,OOWWOOOO
3,ddelta,478,496,505,478-496-505,26,-2.4656953638477366,2.4656953638477366,WWOWWOOW,WOOWOOOO
3,ddelta,478,496,505,478-496-505,27,-1.9129360169524623,1.9129360169524623,OWOWWOOW,OOOWOOOO
3,ddelta,478,496,505,478-496-505,28,0.8340025819310906,0.8340025819310906,WWWOWOOW,WOWOOOOO
3,ddelta,478,496,505,478-496-505,29,-1.8393348282146582,1.8393348282146582,OWWOWOOW,OOWOOOOO
3,ddelta,478,496,505,478-496-505,30,2.5257210171612385,2.5257210171612385,WWOOWOOW,WOOOOOOO
3,ddelta,478,496,505,478-496-505,31,8.630208963649963,8.630208963649963,OWOOWOOW,OOOOOOOO
3,ddelta,478,498,501,478-498-501,0,0.25477471260534895,0.25477471260534895,WWWWWWWW,WOWWWOOW
3,ddelta,478,498,501,478-498-501,1,4.487215203319422,4.487215203319422,OWWWWWWW,OOWWWOOW
3,ddelta,478,498,501,478-498-501,2,-0.8805699263030977,0.8805699263030977,WWOWWWWW,WOOWWOOW
3,ddelta,478,498,501,478-498-501,3,0.09273587508372094,0.09273587508372094,OWOWWWWW,OOOWWOOW
3,ddelta,478,498,501,478-498-501,4,-0.6568630802888575,0.6568630802888575,WWWOWWWW,WOWOWOOW
3,ddelta,478,498,501,478-498-501,5,-0.304469024288921,0.304469024288921,OWWOWWWW,OOWOWOOW
3,ddelta,478,498,501,478-498-501,6,-0.4090570351216125,0.4090570351216125,WWOOWWWW,WOOOWOOW
3,ddelta,478,498,501,478-498-501,7,-3.8530718117094978,3.8530718117094978,OWOOWWWW,OOOOWOOW
3,ddelta,478,498,501,478-498-501,8,3.0487951556335124,3.0487951556335124,WWWWOWWW,WOWWOOOW
3,ddelta,478,498,501,478-498-501,9,2.526778927868499,2.526778927868499,OWWWOWWW,OOWWOOOW
3,ddelta,478,498,501,478-498-501,10,-2.417454068704539,2.417454068704539,WWOWOWWW,WOOWOOOW
3,ddelta,478,498,501,478-498-501,11,-0.14603406927991447,0.14603406927991447,OWOWOWWW,OOOWOOOW
3,ddelta,478,498,501,478-498-501,12,1.2424510724639541,1.2424510724639541,WWWOOWWW,WOWOOOOW
3,ddelta,478,498,501,478-498-501,13,-0.32123522710611496,0.32123522710611496,OWWOOWWW,OOWOOOOW
3,ddelta,478,498,501,478-498-501,14,-4.95087198562032,4.95087198562032,WWOOOWWW,WOOOOOOW
3,ddelta,478,498,501,478-498-501,15,-5.876573108077238,5.876573108077238,OWOOOWWW,OOOOOOOW
3,ddelta,478,498,501,478-498-501,16,3.2544695820075664,3.2544695820075664,WWWWWWWO,WOWWWOOO
3,ddelta,478,498,501,478-498-501,17,-1.3917373710652052,1.3917373710652052,OWWWWWWO,OOWWWOOO
3,ddelta,478,498,501,478-498-501,18,-3.452341553175624,3.452341553175624,WWOWWWWO,WOOWWOOO
3,ddelta,478,498,501,478-498-501,19,-2.8164497766234495,2.8164497766234495,OWOWWWWO,OOOWWOOO
3,ddelta,478,498,501,478-498-501,20,1.4871143384770016,1.4871143384770016,WWWOWWWO,WOWOWOOO
3,ddelta,478,498,501,478-498-501,21,1.0579329702266187,1.0579329702266187,OWWOWWWO,OOWOWOOO
3,ddelta,478,498,501,478-498-501,22,2.024716887443973,2.024716887443973,WWOOWWWO,WOOOWOOO
3,ddelta,478,498,501,478-498-501,23,3.075526944399442,3.075526944399442,OWOOWWWO,OOOOWOOO
3,ddelta,478,498,501,478-498-501,24,1.0490037693732308,1.0490037693732308,WWWWOWWO,WOWWOOOO
3,ddelta,478,498,501,478-498-501,25,-0.48380787355695976,0.48380787355695976,OWWWOWWO,OOWWOOOO
3,ddelta,478,498,501,478-498-501,26,-0.8922707189868135,0.8922707189868135,WWOWOWWO,WOOWOOOO
3,ddelta,478,498,501,478-498-501,27,-1.8950051640389587,1.8950051640389587,OWOWOWWO,OOOWOOOO
3,ddelta,478,498,501,478-498-501,28,-2.586824276126525,2.586824276126525,WWWOOWWO,WOWOOOOO
3,ddelta,478,498,501,478-498-501,29,3.87475929773983,3.87475929773983,OWWOOWWO,OOWOOOOO
3,ddelta,478,498,501,478-498-501,30,-3.8167567503703586,3.8167567503703586,WWOOOWWO,WOOOOOOO
3,ddelta,478,498,501,478-498-501,31,0.4249235538451255,0.4249235538451255,OWOOOWWO,OOOOOOOO
3,ddelta,478,498,505,478-498-505,0,1.3390146705609014,1.3390146705609014,WWWWWWWW,WOWWWOWO
3,ddelta,478,498,505,478-498-505,1,3.4183514233740087,3.4183514233740087,OWWWWWWW,OOWWWOWO
3,ddelta,478,498,505,478-498-505,2,6.234381251192404,6.234381251192404,WWOWWWWW,WOOWWOWO
3,ddelta,478,498,505,478-498-505,3,1.5906336002943702,1.5906336002943702,OWOWWWWW,OOOWWOWO
3,ddelta,478,498,505,478-498-505,4,-0.9309719684496225,0.9309719684496225,WWWOWWWW,WOWOWOWO
3,ddelta,478,498,505,478-498-505,5,-3.7642816006859823,3.7642816006859823,OWWOWWWW,OOWOWOWO
3,ddelta,478,498,505,478-498-505,6,1.3032505038620652,1.3032505038620652,WWOOWWWW,WOOOWOWO
3,ddelta,478,498,505,478-498-505,7,-3.8560599631533083,3.8560599631533083,OWOOWWWW,OOOOWOWO
3,ddelta,478,498,505,478-498-505,8,5.823389105636667,5.823389105636667,WWWWOWWW,WOWWOOWO
3,ddelta,478,498,505,478-498-505,9,2.279220865395345,2.279220865395345,OWWWOWWW,OOWWOOWO
3,ddelta,478,498,505,478-498-505,10,0.6662818431215805,0.6662818431215805,WWOWOWWW,WOOWOOWO
3,ddelta,478,498,505,478-498-505,11,-1.9233441310973154,1.9233441310973154,OWOWOWWW,OOOWOOWO
3,ddelta,478,498,505,478-498-505,12,-1.704563284655635,1.704563284655635,WWWOOWWW,WOWOOOWO
3,ddelta,478,498,505,478-498-505,13,-2.430521085299595,2.430521085299595,OWWOOWWW,OOWOOOWO
3,ddelta,478,498,505,478-498-505,14,-0.12199699566480682,0.12199699566480682,WWOOOWWW,WOOOOOWO
3,ddelta,478,498,505,478-498-505,15,1.2214786419337162,1.2214786419337162,OWOOOWWW,OOOOOOWO
3,ddelta,478,498,505,478-498-505,16,4.338709539963119,4.338709539963119,WWWWWWOW,WOWWWOOO
3,ddelta,478,498,505,478-498-505,17,-2.4606011510106187,2.4606011510106187,OWWWWWOW,OOWWWOOO
3,ddelta,478,498,505,478-498-505,18,3.6626096243198774,3.6626096243198774,WWOWWWOW,WOOWWOOO
3,ddelta,478,498,505,478-498-505,19,-1.3185520514128002,1.3185520514128002,OWOWWWOW,OOOWWOOO
3,ddelta,478,498,505,478-498-505,20,1.2130054503162364,1.2130054503162364,WWWOWWOW,WOWOWOOO
3,ddelta,478,498,505,478-498-505,21,-2.401879606170443,2.401879606170443,OWWOWWOW,OOWOWOOO
3,ddelta,478,498,505,478-498-505,22,3.7370244264276513,3.7370244264276513,WWOOWWOW,WOOOWOOO
3,ddelta,478,498,505,478-498-505,23,3.0725387929556316,3.0725387929556316,OWOOWWOW,OOOOWOOO
3,ddelta,478,498,505,478-498-505,24,3.8235977193763846,3.8235977193763846,WWWWOWOW,WOWWOOOO
3,ddelta,478,498,505,478-498-505,25,-0.7313659360301135,0.7313659360301135,OWWWOWOW,OOWWOOOO
3,ddelta,478,498,505,478-498-505,26,2.1914651928393063,2.1914651928393063,WWOWOWOW,WOOWOOOO
3,ddelta,478,498,505,478-498-505,27,-3.67231522585636,3.67231522585636,OWOWOWOW,OOOWOOOO
3,ddelta,478,498,505,478-498-505,28,-5.5338386332461145,5.5338386332461145,WWWOOWOW,WOWOOOOO
3,ddelta,478,498,505,478-498-505,29,1.7654734395463496,1.7654734395463496,OWWOOWOW,OOWOOOOO
3,ddelta,478,498,505,478-498-505,30,1.012118239585154,1.012118239585154,WWOOOWOW,WOOOOOOO
3,ddelta,478,498,505,478-498-505,31,7.5229753038560805,7.5229753038560805,OWOOOWOW,OOOOOOOO
3,ddelta,478,501,505,478-501-505,0,1.5169604311205365,1.5169604311205365,WWWWWWWW,WOWWWWOO
3,ddelta,478,501,505,478-501-505,1,1.8561544820472988,1.8561544820472988,OWWWWWWW,OOWWWWOO
3,ddelta,478,501,505,478-501-505,2,2.085731160613234,2.085731160613234,WWOWWWWW,WOOWWWOO
3,ddelta,478,501,505,478-501-505,3,3.441682882281276,3.441682882281276,OWOWWWWW,OOOWWWOO
3,ddelta,478,501,505,478-501-505,4,-5.468985644128478,5.468985644128478,WWWOWWWW,WOWOWWOO
3,ddelta,478,501,505,478-501-505,5,-2.586882913862003,2.586882913862003,OWWOWWWW,OOWOWWOO
3,ddelta,478,501,505,478-501-505,6,-1.8813732042885891,1.8813732042885891,WWOOWWWW,WOOOWWOO
3,ddelta,478,501,505,478-501-505,7,-5.946027314249184,5.946027314249184,OWOOWWWW,OOOOWWOO
3,ddelta,478,501,505,478-501-505,8,1.9203208988219165,1.9203208988219165,WWWWOWWW,WOWWOWOO
3,ddelta,478,501,505,478-501-505,9,7.871609404753256,7.871609404753256,OWWWOWWW,OOWWOWOO
3,ddelta,478,501,505,478-501-505,10,-0.5774219345886984,0.5774219345886984,WWOWOWWW,WOOWOWOO
3,ddelta,478,501,505,478-501-505,11,-1.250326764642383,1.250326764642383,OWOWOWWW,OOOWOWOO
3,ddelta,478,501,505,478-501-505,12,5.312241465062342,5.312241465062342,WWWOOWWW,WOWOOWOO
3,ddelta,478,501,505,478-501-505,13,-4.398078798427642,4.398078798427642,OWWOOWWW,OOWOOWOO
3,ddelta,478,501,505,478-501-505,14,5.204656296170972,5.204656296170972,WWOOOWWW,WOOOOWOO
3,ddelta,478,501,505,478-501-505,15,-0.1011970883825255,0.1011970883825255,OWOOOWWW,OOOOOWOO
3,ddelta,478,501,505,478-501-505,16,4.516655300522753,4.516655300522753,WWWWWOWW,WOWWWOOO
3,ddelta,478,501,505,478-501-505,17,-4.022798092337329,4.022798092337329,OWWWWOWW,OOWWWOOO
3,ddelta,478,501,505,478-501-505,18,-0.4860404662592921,0.4860404662592921,WWOWWOWW,WOOWWOOO
3,ddelta,478,501,505,478-501-505,19,0.5324972305741058,0.5324972305741058,OWOWWOWW,OOOWWOOO
3,ddelta,478,501,505,478-501-505,20,-3.3250082253626188,3.3250082253626188,WWWOWOWW,WOWOWOOO
3,ddelta,478,501,505,478-501-505,21,-1.224480919346463,1.224480919346463,OWWOWOWW,OOWOWOOO
3,ddelta,478,501,505,478-501-505,22,0.552400718276997,0.552400718276997,WWOOWOWW,WOOOWOOO
3,ddelta,478,501,505,478-501-505,23,0.9825714418597561,0.9825714418597561,OWOOWOWW,OOOOWOOO
3,ddelta,478,501,505,478-501-505,24,-0.07947048743836582,0.07947048743836582,WWWWOOWW,WOWWOOOO
3,ddelta,478,501,505,478-501-505,25,4.861022603327796,4.861022603327796,OWWWOOWW,OOWWOOOO
3,ddelta,478,501,505,478-501-505,26,0.9477614151290272,0.9477614151290272,WWOWOOWW,WOOWOOOO
3,ddelta,478,501,505,478-501-505,27,-2.9992978594014277,2.9992978594014277,OWOWOOWW,OOOWOOOO
3,ddelta,478,501,505,478-501-505,28,1.4829661164718615,1.4829661164718615,WWWOOOWW,WOWOOOOO
3,ddelta,478,501,505,478-501-505,29,-0.20208427358169767,0.20208427358169767,OWWOOOWW,OOWOOOOO
3,ddelta,478,501,505,478-501-505,30,6.3387715314209325,6.3387715314209325,WWOOOOWW,WOOOOOOO
3,ddelta,478,501,505,478-501-505,31,6.200299573539839,6.200299573539839,OWOOOOWW,OOOOOOOO
3,ddelta,484,493,496,484-493-496,0,0.0038028893909113903,0.0038028893909113903,WWWWWWWW,WWOOOWWW
3,ddelta,484,493,496,484-493-496,1,-2.0356130811915327,2.0356130811915327,OWWWWWWW,OWOOOWWW
3,ddelta,484,493,496,484-493-496,2,-1.0920657486137975,1.0920657486137975,WOWWWWWW,WOOOOWWW
3,ddelta,484,493,496,484-493-496,3,-0.7167093639126327,0.7167093639126327,OOWWWWWW,OOOOOWWW
3,ddelta,484,493,496,484-493-496,4,7.01128370557888,7.01128370557888,WWWWWOWW,WWOOOOWW
3,ddelta,484,493,496,484-493-496,5,2.6890811093475717,2.6890811093475717,OWWWWOWW,OWOOOOWW
3,ddelta,484,493,496,484-493-496,6,-0.6905595446569361,0.6905595446569361,WOWWWOWW,WOOOOOWW
3,ddelta,484,493,496,484-493-496,7,1.0453681202461451,1.0453681202461451,OOWWWOWW,OOOOOOWW
3,ddelta,484,493,496,484-493-496,8,1.7765050850978215,1.7765050850978215,WWWWWWOW,WWOOOWOW
3,ddelta,484,493,496,484-493-496,9,3.360625873986314,3.360625873986314,OWWWWWOW,OWOOOWOW
3,ddelta,484,493,496,484-493-496,10,3.3017106329900914,3.3017106329900914,WOWWWWOW,WOOOOWOW
3,ddelta,484,493,496,484-493-496,11,-1.1203499032251794,1.1203499032251794,OOWWWWOW,OOOOOWOW
3,ddelta,484,493,496,484-493-496,12,4.35475442607384,4.35475442607384,WWWWWOOW,WWOOOOOW
3,ddelta,484,493,496,484-493-496,13,7.008758552389725,7.008758552389725,OWWWWOOW,OWOOOOOW
3,ddelta,484,493,496,484-493-496,14,-2.8362391560869122,2.8362391560869122,WOWWWOOW,WOOOOOOW
3,ddelta,484,493,496,484-493-496,15,-4.16323535583993,4.16323535583993,OOWWWOOW,OOOOOOOW
3,ddelta,484,493,496,484-493-496,16,6.078365266490135,6.078365266490135,WWWWWWWO,WWOOOWWO
3,ddelta,484,493,496,484-493-496,17,-0.25479009314396683,0.25479009314396683,OWWWWWWO,OWOOOWWO
3,ddelta,484,493,496,484-493-496,18,2.6108445329810746,2.6108445329810746,WOWWWWWO,WOOOOWWO
3,ddelta,484,493,496,484-493-496,19,-4.382183580528927,4.382183580528927,OOWWWWWO,OOOOOWWO
3,ddelta,484,493,496,484-493-496,20,2.3859581998492074,2.3859581998492074,WWWWWOWO,WWOOOOWO
3,ddelta,484,493,496,484-493-496,21,1.9347888841721965,1.9347888841721965,OWWWWOWO,OWOOOOWO
3,ddelta,484,493,496,484-493-496,22,1.7132805139347678,1.7132805139347678,WOWWWOWO,WOOOOOWO
3,ddelta,484,493,496,484-493-496,23,0.9634039535205693,0.9634039535205693,OOWWWOWO,OOOOOOWO
3,ddelta,484,493,496,484-493-496,24,-2.2227897933805734,2.2227897933805734,WWWWWWOO,WWOOOWOO
3,ddelta,484,493,496,484-493-496,25,-4.978242056263154,4.978242056263154,OWWWWWOO,OWOOOWOO
3,ddelta,484,493,496,484-493-496,26,-3.697920386820599,3.697920386820599,WOWWWWOO,WOOOOWOO
3,ddelta,484,493,496,484-493-496,27,3.4579756419234067,3.4579756419234067,OOWWWWOO,OOOOOWOO
3,ddelta,484,493,496,484-493-496,28,1.4029053393929027,1.4029053393929027,WWWWWOOO,WWOOOOOO
3,ddelta,484,493,496,484-493-496,29,-6.457395077538219,6.457395077538219,OWWWWOOO,OWOOOOOO
3,ddelta,484,493,496,484-493-496,30,-3.8104538764864544,3.8104538764864544,WOWWWOOO,WOOOOOOO
3,ddelta,484,493,496,484-493-496,31,-0.34611365576209896,0.34611365576209896,OOWWWOOO,OOOOOOOO
3,ddelta,484,493,498,484-493-498,0,0.5593350816322313,0.5593350816322313,WWWWWWWW,WWOOWOWW
3,ddelta,484,493,498,484-493-498,1,-1.7132407421059008,1.7132407421059008,OWWWWWWW,OWOOWOWW
3,ddelta,484,493,498,484-493-498,2,1.8983376331653874,1.8983376331653874,WOWWWWWW,WOOOWOWW
3,ddelta,484,493,498,484-493-498,3,-3.9634783938723244,3.9634783938723244,OOWWWWWW,OOOOWOWW
3,ddelta,484,493,498,484-493-498,4,7.566815897820201,7.566815897820201,WWWWOWWW,WWOOOOWW
3,ddelta,484,493,498,484-493-498,5,3.0114534484332043,3.0114534484332043,OWWWOWWW,OWOOOOWW
3,ddelta,484,493,498,484-493-498,6,2.2998438371222485,2.2998438371222485,WOWWOWWW,WOOOOOWW
3,ddelta,484,493,498,484-493-498,7,-2.2014009097135467,2.2014009097135467,OOWWOWWW,OOOOOOWW
3,ddelta,484,493,498,484-493-498,8,-1.7194924961507154,1.7194924961507154,WWWWWWOW,WWOOWOOW
3,ddelta,484,493,498,484-493-498,9,3.176936340198396,3.176936340198396,OWWWWWOW,OWOOWOOW
3,ddelta,484,493,498,484-493-498,10,1.0026607394581326,1.0026607394581326,WOWWWWOW,WOOOWOOW
3,ddelta,484,493,498,484-493-498,11,1.772575229247097,1.772575229247097,OOWWWWOW,OOOOWOOW
3,ddelta,484,493,498,484-493-498,12,0.8587568448253029,0.8587568448253029,WWWWOWOW,WWOOOOOW
3,ddelta,484,493,498,484-493-498,13,6.825069018601806,6.825069018601806,OWWWOWOW,OWOOOOOW
3,ddelta,484,493,498,484-493-498,14,-5.135289049618873,5.135289049618873,WOWWOWOW,WOOOOOOW
3,ddelta,484,493,498,484-493-498,15,-1.2703102233676544,1.2703102233676544,OOWWOWOW,OOOOOOOW
3,ddelta,484,493,498,484-493-498,16,-1.274911750848438,1.274911750848438,WWWWWWWO,WWOOWOWO
3,ddelta,484,493,498,484-493-498,17,-1.2122342661141816,1.2122342661141816,OWWWWWWO,OWOOWOWO
3,ddelta,484,493,498,484-493-498,18,-2.597053307635097,2.597053307635097,WOWWWWWO,WOOOWOWO
3,ddelta,484,493,498,484-493-498,19,-1.7265324572682932,1.7265324572682932,OOWWWWWO,OOOOWOWO
3,ddelta,484,493,498,484-493-498,20,-4.967318817489365,4.967318817489365,WWWWOWWO,WWOOOOWO
3,ddelta,484,493,498,484-493-498,21,0.9773447112019822,0.9773447112019822,OWWWOWWO,OWOOOOWO
3,ddelta,484,493,498,484-493-498,22,-3.494617326681403,3.494617326681403,WOWWOWWO,WOOOOOWO
3,ddelta,484,493,498,484-493-498,23,3.619055076781203,3.619055076781203,OOWWOWWO,OOOOOOWO
3,ddelta,484,493,498,484-493-498,24,0.8467875425361053,0.8467875425361053,WWWWWWOO,WWOOWOOO
3,ddelta,484,493,498,484-493-498,25,-0.6981721764164807,0.6981721764164807,OWWWWWOO,OWOOWOOO
3,ddelta,484,493,498,484-493-498,26,6.76905966989961,6.76905966989961,WOWWWWOO,WOOOWOOO
3,ddelta,484,493,498,484-493-498,27,2.229836012160476,2.229836012160476,OOWWWWOO,OOOOWOOO
3,ddelta,484,493,498,484-493-498,28,4.472482675309582,4.472482675309582,WWWWOWOO,WWOOOOOO
3,ddelta,484,493,498,484-493-498,29,-2.1773251976915464,2.1773251976915464,OWWWOWOO,OWOOOOOO
3,ddelta,484,493,498,484-493-498,30,6.656526180233754,6.656526180233754,WOWWOWOO,WOOOOOOO
3,ddelta,484,493,498,484-493-498,31,-1.57425328552503,1.57425328552503,OOWWOWOO,OOOOOOOO
3,ddelta,484,493,501,484-493-501,0,1.99140241116874,1.99140241116874,WWWWWWWW,WWOOWWOW
3,ddelta,484,493,501,484-493-501,1,-2.2706869479437652,2.2706869479437652,OWWWWWWW,OWOOWWOW
3,ddelta,484,493,501,484-493-501,2,1.1588830857138341,1.1588830857138341,WOWWWWWW,WOOOWWOW
3,ddelta,484,493,501,484-493-501,3,-0.23956367980778426,0.23956367980778426,OOWWWWWW,OOOOWWOW
3,ddelta,484,493,501,484-493-501,4,3.76410460687565,3.76410460687565,WWWWOWWW,WWOOOWOW
3,ddelta,484,493,501,484-493-501,5,3.1255520072340817,3.1255520072340817,OWWWOWWW,OWOOOWOW
3,ddelta,484,493,501,484-493-501,6,5.5526594673177225,5.5526594673177225,WOWWOWWW,WOOOOWOW
3,ddelta,484,493,501,484-493-501,7,-0.6432042191203307,0.6432042191203307,OOWWOWWW,OOOOOWOW
3,ddelta,484,493,501,484-493-501,8,-0.2874251666142071,0.2874251666142071,WWWWWOWW,WWOOWOOW
3,ddelta,484,493,501,484-493-501,9,2.6194901343605315,2.6194901343605315,OWWWWOWW,OWOOWOOW
3,ddelta,484,493,501,484-493-501,10,0.26320619200657924,0.26320619200657924,WOWWWOWW,WOOOWOOW
3,ddelta,484,493,501,484-493-501,11,5.496489943311637,5.496489943311637,OOWWWOWW,OOOOWOOW
3,ddelta,484,493,501,484-493-501,12,-2.943954446119249,2.943954446119249,WWWWOOWW,WWOOOOOW
3,ddelta,484,493,501,484-493-501,13,6.939167577402684,6.939167577402684,OWWWOOWW,OWOOOOOW
3,ddelta,484,493,501,484-493-501,14,-1.8824734194233979,1.8824734194233979,WOWWOOWW,WOOOOOOW
3,ddelta,484,493,501,484-493-501,15,0.287886467225561,0.287886467225561,OOWWOOWW,OOOOOOOW
3,ddelta,484,493,501,484-493-501,16,-0.5433839080357008,0.5433839080357008,WWWWWWWO,WWOOWWOO
3,ddelta,484,493,501,484-493-501,17,1.022491820612446,1.022491820612446,OWWWWWWO,OWOOWWOO
3,ddelta,484,493,501,484-493-501,18,1.6429384768565847,1.6429384768565847,WOWWWWWO,WOOOWWOO
3,ddelta,484,493,501,484-493-501,19,-1.8910577118727319,1.8910577118727319,OOWWWWWO,OOOOWWOO
3,ddelta,484,493,501,484-493-501,20,-8.84453896790641,8.84453896790641,WWWWOWWO,WWOOOWOO
3,ddelta,484,493,501,484-493-501,21,-3.7009601425067418,3.7009601425067418,OWWWOWWO,OWOOOWOO
3,ddelta,484,493,501,484-493-501,22,-4.6658264429450895,4.6658264429450895,WOWWOWWO,WOOOOWOO
3,ddelta,484,493,501,484-493-501,23,5.9491015105796015,5.9491015105796015,OOWWOWWO,OOOOOWOO
3,ddelta,484,493,501,484-493-501,24,1.5783153853488425,1.5783153853488425,WWWWWOWO,WWOOWOOO
3,ddelta,484,493,501,484-493-501,25,1.5365539103101464,1.5365539103101464,OWWWWOWO,OWOOWOOO
3,ddelta,484,493,501,484-493-501,26,11.00905145439129,11.00905145439129,WOWWWOWO,WOOOWOOO
3,ddelta,484,493,501,484-493-501,27,2.0653107575560363,2.0653107575560363,OOWWWOWO,OOOOWOOO
3,ddelta,484,493,501,484-493-501,28,0.5952625248925376,0.5952625248925376,WWWWOOWO,WWOOOOOO
3,ddelta,484,493,501,484-493-501,29,-6.8556300514002695,6.8556300514002695,OWWWOOWO,OWOOOOOO
3,ddelta,484,493,501,484-493-501,30,5.485317063970068,5.485317063970068,WOWWOOWO,WOOOOOOO
3,ddelta,484,493,501,484-493-501,31,0.7557931482733684,0.7557931482733684,OOWWOOWO,OOOOOOOO
3,ddelta,484,493,505,484-493-505,0,3.061183976399863,3.061183976399863,WWWWWWWW,WWOOWWWO
3,ddelta,484,493,505,484-493-505,1,1.536584932115468,1.536584932115468,OWWWWWWW,OWOOWWWO
3,ddelta,484,493,505,484-493-505,2,1.4533167821848938,1.4533167821848938,WOWWWWWW,WOOOWWWO
3,ddelta,484,493,505,484-493-505,3,0.8850492709945799,0.8850492709945799,OOWWWWWW,OOOOWWWO
3,ddelta,484,493,505,484-493-505,4,9.135746353499087,9.135746353499087,WWWWOWWW,WWOOOWWO
3,ddelta,484,493,505,484-493-505,5,3.317407920163035,3.317407920163035,OWWWOWWW,OWOOOWWO
3,ddelta,484,493,505,484-493-505,6,5.156227063779767,5.156227063779767,WOWWOWWW,WOOOOWWO
3,ddelta,484,493,505,484-493-505,7,-2.7804249456217143,2.7804249456217143,OOWWOWWW,OOOOOWWO
3,ddelta,484,493,505,484-493-505,8,1.2269371439191938,1.2269371439191938,WWWWWOWW,WWOOWOWO
3,ddelta,484,493,505,484-493-505,9,2.037591408107188,2.037591408107188,OWWWWOWW,OWOOWOWO
3,ddelta,484,493,505,484-493-505,10,-3.0420741586155895,3.0420741586155895,WOWWWOWW,WOOOWOWO
3,ddelta,484,493,505,484-493-505,11,3.121995207598611,3.121995207598611,OOWWWOWW,OOOOWOWO
3,ddelta,484,493,505,484-493-505,12,-3.39838836181048,3.39838836181048,WWWWOOWW,WWOOOOWO
3,ddelta,484,493,505,484-493-505,13,1.2832991829318119,1.2832991829318119,OWWWOOWW,OWOOOOWO
3,ddelta,484,493,505,484-493-505,14,-0.6382341000238859,0.6382341000238859,WOWWOOWW,WOOOOOWO
3,ddelta,484,493,505,484-493-505,15,3.0400310408730347,3.0400310408730347,OOWWOOWW,OOOOOOWO
3,ddelta,484,493,505,484-493-505,16,0.5263976571954222,0.5263976571954222,WWWWWWOW,WWOOWWOO
3,ddelta,484,493,505,484-493-505,17,4.82976370067168,4.82976370067168,OWWWWWOW,OWOOWWOO
3,ddelta,484,493,505,484-493-505,18,1.937372173327644,1.937372173327644,WOWWWWOW,WOOOWWOO
3,ddelta,484,493,505,484-493-505,19,-0.7664447610703679,0.7664447610703679,OOWWWWOW,OOOOWWOO
3,ddelta,484,493,505,484-493-505,20,-3.472897221282973,3.472897221282973,WWWWOWOW,WWOOOWOO
3,ddelta,484,493,505,484-493-505,21,-3.5091042295777886,3.5091042295777886,OWWWOWOW,OWOOOWOO
3,ddelta,484,493,505,484-493-505,22,-5.062258846483047,5.062258846483047,WOWWOWOW,WOOOOWOO
3,ddelta,484,493,505,484-493-505,23,3.811880784078218,3.811880784078218,OOWWOWOW,OOOOOWOO
3,ddelta,484,493,505,484-493-505,24,3.0926776958822435,3.0926776958822435,WWWWWOOW,WWOOWOOO
3,ddelta,484,493,505,484-493-505,25,0.9546551840568025,0.9546551840568025,OWWWWOOW,OWOOWOOO
3,ddelta,484,493,505,484-493-505,26,7.703771103769121,7.703771103769121,WOWWWOOW,WOOOWOOO
3,ddelta,484,493,505,484-493-505,27,-0.3091839781569896,0.3091839781569896,OOWWWOOW,OOOOWOOO
3,ddelta,484,493,505,484-493-505,28,0.14082860920130602,0.14082860920130602,WWWWOOOW,WWOOOOOO
3,ddelta,484,493,505,484-493-505,29,-12.511498445871142,12.511498445871142,OWWWOOOW,OWOOOOOO
3,ddelta,484,493,505,484-493-505,30,6.729556383369578,6.729556383369578,WOWWOOOW,WOOOOOOO
3,ddelta,484,493,505,484-493-505,31,3.5079377219208427,3.5079377219208427,OOWWOOOW,OOOOOOOO
3,ddelta,484,496,498,484-496-498,0,-3.9916870360951604,3.9916870360951604,WWWWWWWW,WWOWOOWW
3,ddelta,484,496,498,484-496-498,1,-4.8388659782731684,4.8388659782731684,OWWWWWWW,OWOWOOWW
3,ddelta,484,496,498,484-496-498,2,0.7156331162572079,0.7156331162572079,WOWWWWWW,WOOWOOWW
3,ddelta,484,496,498,484-496-498,3,-4.180688243362959,4.180688243362959,OOWWWWWW,OOOWOOWW
3,ddelta,484,496,498,484-496-498,4,3.0157937800928103,3.0157937800928103,WWWOWWWW,WWOOOOWW
3,ddelta,484,496,498,484-496-498,5,-0.11417178773406267,0.11417178773406267,OWWOWWWW,OWOOOOWW
3,ddelta,484,496,498,484-496-498,6,1.1171393202140694,1.1171393202140694,WOWOWWWW,WOOOOOWW
3,ddelta,484,496,498,484-496-498,7,-2.4186107592041814,2.4186107592041814,OOWOWWWW,OOOOOOWW
3,ddelta,484,496,498,484-496-498,8,1.2134882325400538,1.2134882325400538,WWWWWWOW,WWOWOOOW
3,ddelta,484,496,498,484-496-498,9,0.15736567661782885,0.15736567661782885,OWWWWWOW,OWOWOOOW
3,ddelta,484,496,498,484-496-498,10,1.5899037994628173,1.5899037994628173,WOWWWWOW,WOOWOOOW
3,ddelta,484,496,498,484-496-498,11,2.5372097426153255,2.5372097426153255,OOWWWWOW,OOOWOOOW
3,ddelta,484,496,498,484-496-498,12,3.7917375735160714,3.7917375735160714,WWWOWWOW,WWOOOOOW
3,ddelta,484,496,498,484-496-498,13,3.8054983550212396,3.8054983550212396,OWWOWWOW,OWOOOOOW
3,ddelta,484,496,498,484-496-498,14,-4.548045989614187,4.548045989614187,WOWOWWOW,WOOOOOOW
3,ddelta,484,496,498,484-496-498,15,-0.5056757099994259,0.5056757099994259,OOWOWWOW,OOOOOOOW
3,ddelta,484,496,498,484-496-498,16,4.078280419544469,4.078280419544469,WWWWWWWO,WWOWOOWO
3,ddelta,484,496,498,484-496-498,17,0.276238144882164,0.276238144882164,OWWWWWWO,OWOWOOWO
3,ddelta,484,496,498,484-496-498,18,-1.266873271249751,1.266873271249751,WOWWWWWO,WOOWOOWO
3,ddelta,484,496,498,484-496-498,19,-1.4404312936206498,1.4404312936206498,OOWWWWWO,OOOWOOWO
3,ddelta,484,496,498,484-496-498,20,0.3858733529035424,0.3858733529035424,WWWOWWWO,WWOOOOWO
3,ddelta,484,496,498,484-496-498,21,2.4658171221983274,2.4658171221983274,OWWOWWWO,OWOOOOWO
3,ddelta,484,496,498,484-496-498,22,-2.164437290296058,2.164437290296058,WOWOWWWO,WOOOOOWO
3,ddelta,484,496,498,484-496-498,23,3.9051562404288465,3.9051562404288465,OOWOWWWO,OOOOOOWO
3,ddelta,484,496,498,484-496-498,24,-3.2039527910772145,3.2039527910772145,WWWWWWOO,WWOWOOOO
3,ddelta,484,496,498,484-496-498,25,1.6399696474445036,1.6399696474445036,OWWWWWOO,OWOWOOOO
3,ddelta,484,496,498,484-496-498,26,-3.7835698350482887,3.7835698350482887,WOWWWWOO,WOOWOOOO
3,ddelta,484,496,498,484-496-498,27,-0.06318467598206556,0.06318467598206556,OOWWWWOO,OOOWOOOO
3,ddelta,484,496,498,484-496-498,28,0.4217423416962611,0.4217423416962611,WWWOWWOO,WWOOOOOO
3,ddelta,484,496,498,484-496-498,29,0.16081662616943748,0.16081662616943748,OWWOWWOO,OWOOOOOO
3,ddelta,484,496,498,484-496-498,30,-3.8961033247141437,3.8961033247141437,WOWOWWOO,WOOOOOOO
3,ddelta,484,496,498,484-496-498,31,-3.867273973667572,3.867273973667572,OOWOWWOO,OOOOOOOO
3,ddelta,484,496,501,484-496-501,0,-3.5158473503675602,3.5158473503675602,WWWWWWWW,WWOWOWOW
3,ddelta,484,496,501,484-496-501,1,-4.529584457917352,4.529584457917352,OWWWWWWW,OWOWOWOW
3,ddelta,484,496,501,484-496-501,2,-0.8444107676057109,0.8444107676057109,WOWWWWWW,WOOWOWOW
3,ddelta,484,496,501,484-496-501,3,-2.272253177036799,2.272253177036799,OOWWWWWW,OOOWOWOW
3,ddelta,484,496,501,484-496-501,4,-1.7431451546606502,1.7431451546606502,WWWOWWWW,WWOOOWOW
3,ddelta,484,496,501,484-496-501,5,0.8666544972604948,0.8666544972604948,OWWOWWWW,OWOOOWOW
3,ddelta,484,496,501,484-496-501,6,3.5493656139981784,3.5493656139981784,WOWOWWWW,WOOOOWOW
3,ddelta,484,496,501,484-496-501,7,-2.675893716349346,2.675893716349346,OOWOWWWW,OOOOOWOW
3,ddelta,484,496,501,484-496-501,8,1.689327918267654,1.689327918267654,WWWWWOWW,WWOWOOOW
3,ddelta,484,496,501,484-496-501,9,0.4666471969736451,0.4666471969736451,OWWWWOWW,OWOWOOOW
3,ddelta,484,496,501,484-496-501,10,0.029859915599898645,0.029859915599898645,WOWWWOWW,WOOWOOOW
3,ddelta,484,496,501,484-496-501,11,4.445644808941486,4.445644808941486,OOWWWOWW,OOOWOOOW
3,ddelta,484,496,501,484-496-501,12,-0.9672013612373882,0.9672013612373882,WWWOWOWW,WWOOOOOW
3,ddelta,484,496,501,484-496-501,13,4.786324640015797,4.786324640015797,OWWOWOWW,OWOOOOOW
3,ddelta,484,496,501,484-496-501,14,-2.115819695830078,2.115819695830078,WOWOWOWW,WOOOOOOW
3,ddelta,484,496,501,484-496-501,15,-0.7629586671445906,0.7629586671445906,OOWOWOWW,OOOOOOOW
3,ddelta,484,496,501,484-496-501,16,4.810930962054171,4.810930962054171,WWWWWWWO,WWOWOWOO
3,ddelta,484,496,501,484-496-501,17,5.2619598803060565,5.2619598803060565,OWWWWWWO,OWOWOWOO
3,ddelta,484,496,501,484-496-501,18,4.41585398191271,4.41585398191271,WOWWWWWO,WOOWOWOO
3,ddelta,484,496,501,484-496-501,19,-3.188173408443007,3.188173408443007,OOWWWWWO,OOOWOWOO
3,ddelta,484,496,501,484-496-501,20,-3.490224097816536,3.490224097816536,WWWOWWWO,WWOOOWOO
3,ddelta,484,496,501,484-496-501,21,0.5385079171868683,0.5385079171868683,OWWOWWWO,OWOOOWOO
3,ddelta,484,496,501,484-496-501,22,-1.8929109378889644,1.8929109378889644,WOWOWWWO,WOOOOWOO
3,ddelta,484,496,501,484-496-501,23,4.651985814009326,4.651985814009326,OOWOWWWO,OOOOOWOO
3,ddelta,484,496,501,484-496-501,24,-2.4713022485675125,2.4713022485675125,WWWWWOWO,WWOWOOOO
3,ddelta,484,496,501,484-496-501,25,6.6256913828683945,6.6256913828683945,OWWWWOWO,OWOWOOOO
3,ddelta,484,496,501,484-496-501,26,1.8991574181141715,1.8991574181141715,WOWWWOWO,WOOWOOOO
3,ddelta,484,496,501,484-496-501,27,-1.810926790804423,1.810926790804423,OOWWWOWO,OOOWOOOO
3,ddelta,484,496,501,484-496-501,28,-3.454355109023817,3.454355109023817,WWWOWOWO,WWOOOOOO
3,ddelta,484,496,501,484-496-501,29,-1.766492578842021,1.766492578842021,OWWOWOWO,OWOOOOOO
3,ddelta,484,496,501,484-496-501,30,-3.62457697230705,3.62457697230705,WOWOWOWO,WOOOOOOO
3,ddelta,484,496,501,484-496-501,31,-3.120444400087091,3.120444400087091,OOWOWOWO,OOOOOOOO
3,ddelta,484,496,505,484-496-505,0,-6.2790265162650964,6.2790265162650964,WWWWWWWW,WWOWOWWO
3,ddelta,484,496,505,484-496-505,1,-7.9138744010501085,7.9138744010501085,OWWWWWWW,OWOWOWWO
3,ddelta,484,496,505,484-496-505,2,-2.5423962735191945,2.5423962735191945,WOWWWWWW,WOOWOWWO
3,ddelta,484,496,505,484-496-505,3,0.06285701986241965,0.06285701986241965,OOWWWWWW,OOOWOWWO
3,ddelta,484,496,505,484-496-505,4,-0.20446413916587347,0.20446413916587347,WWWOWWWW,WWOOOWWO
3,ddelta,484,496,505,484-496-505,5,-6.1330514130025415,6.1330514130025415,OWWOWWWW,OWOOOWWO
3,ddelta,484,496,505,484-496-505,6,1.160514008075677,1.160514008075677,WOWOWWWW,WOOOOWWO
3,ddelta,484,496,505,484-496-505,7,-3.6026171967538745,3.6026171967538745,OOWOWWWW,OOOOOWWO
3,ddelta,484,496,505,484-496-505,8,1.7909409393745328,1.7909409393745328,WWWWWOWW,WWOWOOWO
3,ddelta,484,496,505,484-496-505,9,-2.798770277894776,2.798770277894776,OWWWWOWW,OWOWOOWO
3,ddelta,484,496,505,484-496-505,10,-4.524902661026154,4.524902661026154,WOWWWOWW,WOOWOOWO
3,ddelta,484,496,505,484-496-505,11,2.803113969604729,2.803113969604729,OOWWWOWW,OOOWOOWO
3,ddelta,484,496,505,484-496-505,12,-2.834384566355141,2.834384566355141,WWWOWOWW,WWOOOOWO
3,ddelta,484,496,505,484-496-505,13,-3.553062503070151,3.553062503070151,OWWOWOWW,OWOOOOWO
3,ddelta,484,496,505,484-496-505,14,-2.1210626024344497,2.1210626024344497,WOWOWOWW,WOOOOOWO
3,ddelta,484,496,505,484-496-505,15,2.7211498028791525,2.7211498028791525,OOWOWOWW,OOOOOOWO
3,ddelta,484,496,505,484-496-505,16,2.0477517961566356,2.0477517961566356,WWWWWWOW,WWOWOWOO
3,ddelta,484,496,505,484-496-505,17,1.8776699371733,1.8776699371733,OWWWWWOW,OWOWOWOO
3,ddelta,484,496,505,484-496-505,18,2.717868475999225,2.717868475999225,WOWWWWOW,WOOWOWOO
3,ddelta,484,496,505,484-496-505,19,-0.8530632115437888,0.8530632115437888,OOWWWWOW,OOOWOWOO
3,ddelta,484,496,505,484-496-505,20,-1.9515430823217597,1.9515430823217597,WWWOWWOW,WWOOOWOO
3,ddelta,484,496,505,484-496-505,21,-6.461197993076167,6.461197993076167,OWWOWWOW,OWOOOWOO
3,ddelta,484,496,505,484-496-505,22,-4.281762543811466,4.281762543811466,WOWOWWOW,WOOOOWOO
3,ddelta,484,496,505,484-496-505,23,3.725262333604798,3.725262333604798,OOWOWWOW,OOOOOWOO
3,ddelta,484,496,505,484-496-505,24,-2.369689227460633,2.369689227460633,WWWWWOOW,WWOWOOOO
3,ddelta,484,496,505,484-496-505,25,3.360273907999974,3.360273907999974,OWWWWOOW,OWOWOOOO
3,ddelta,484,496,505,484-496-505,26,-2.6556051585118805,2.6556051585118805,WOWWWOOW,WOOWOOOO
3,ddelta,484,496,505,484-496-505,27,-3.45345763014118,3.45345763014118,OOWWWOOW,OOOWOOOO
3,ddelta,484,496,505,484-496-505,28,-5.321538314141572,5.321538314141572,WWWOWOOW,WWOOOOOO
3,ddelta,484,496,505,484-496-505,29,-10.105879721927968,10.105879721927968,OWWOWOOW,OWOOOOOO
3,ddelta,484,496,505,484-496-505,30,-3.629819878911423,3.629819878911423,WOWOWOOW,WOOOOOOO
3,ddelta,484,496,505,484-496-505,31,0.36366406993665246,0.36366406993665246,OOWOWOOW,OOOOOOOO
3,ddelta,484,498,501,484-498-501,0,3.177043588830823,3.177043588830823,WWWWWWWW,WWOWWOOW
3,ddelta,484,498,501,484-498-501,1,-2.1747005696128956,2.1747005696128956,OWWWWWWW,OWOWWOOW
3,ddelta,484,498,501,484-498-501,2,2.041698949922376,2.041698949922376,WOWWWWWW,WOOWWOOW
3,ddelta,484,498,501,484-498-501,3,-6.569179897848597,6.569179897848597,OOWWWWWW,OOOWWOOW
3,ddelta,484,498,501,484-498-501,4,0.8982160110478759,0.8982160110478759,WWWOWWWW,WWOOWOOW
3,ddelta,484,498,501,484-498-501,5,2.7154765126914002,2.7154765126914002,OWWOWWWW,OWOOWOOW
3,ddelta,484,498,501,484-498-501,6,1.1460220562151209,1.1460220562151209,WOWOWWWW,WOOOWOOW
3,ddelta,484,498,501,484-498-501,7,-0.8331262747291763,0.8331262747291763,OOWOWWWW,OOOOWOOW
3,ddelta,484,498,501,484-498-501,8,8.382218857466038,8.382218857466038,WWWWOWWW,WWOWOOOW
3,ddelta,484,498,501,484-498-501,9,2.821531085278101,2.821531085278101,OWWWOWWW,OWOWOOOW
3,ddelta,484,498,501,484-498-501,10,2.9159696331279856,2.9159696331279856,WOWWOWWW,WOOWOOOW
3,ddelta,484,498,501,484-498-501,11,0.14871808812968698,0.14871808812968698,OOWWOWWW,OOOWOOOW
3,ddelta,484,498,501,484-498-501,12,1.6741598044711379,1.6741598044711379,WWWOOWWW,WWOOOOOW
3,ddelta,484,498,501,484-498-501,13,6.635146655446702,6.635146655446702,OWWOOWWW,OWOOOOOW
3,ddelta,484,498,501,484-498-501,14,-4.519163253613135,4.519163253613135,WOWOOWWW,WOOOOOOW
3,ddelta,484,498,501,484-498-501,15,1.0798087744755787,1.0798087744755787,OOWOOWWW,OOOOOOOW
3,ddelta,484,498,501,484-498-501,16,1.678723782887128,1.678723782887128,WWWWWWWO,WWOWWOOO
3,ddelta,484,498,501,484-498-501,17,0.4311310517875404,0.4311310517875404,OWWWWWWO,OWOWWOOO
3,ddelta,484,498,501,484-498-501,18,-5.028087352296064,5.028087352296064,WOWWWWWO,WOOWWOOO
3,ddelta,484,498,501,484-498-501,19,-0.9935813537707041,0.9935813537707041,OOWWWWWO,OOOWWOOO
3,ddelta,484,498,501,484-498-501,20,3.800423076271671,3.800423076271671,WWWOWWWO,WWOOWOOO
3,ddelta,484,498,501,484-498-501,21,0.945193141485241,0.945193141485241,OWWOWWWO,OWOOWOOO
3,ddelta,484,498,501,484-498-501,22,4.338025625238643,4.338025625238643,WOWOWWWO,WOOOWOOO
3,ddelta,484,498,501,484-498-501,23,2.962787115658065,2.962787115658065,OOWOWWWO,OOOOWOOO
3,ddelta,484,498,501,484-498-501,24,-5.603509427734556,5.603509427734556,WWWWOWWO,WWOWOOOO
3,ddelta,484,498,501,484-498-501,25,1.79486255434988,1.79486255434988,OWWWOWWO,OWOWOOOO
3,ddelta,484,498,501,484-498-501,26,-7.5447839160946,7.5447839160946,WOWWOWWO,WOOWOOOO
3,ddelta,484,498,501,484-498-501,27,0.3836652638678799,0.3836652638678799,OOWWOWWO,OOOWOOOO
3,ddelta,484,498,501,484-498-501,28,3.8362920650643906,3.8362920650643906,WWWOOWWO,WWOOOOOO
3,ddelta,484,498,501,484-498-501,29,-1.3598073545436493,1.3598073545436493,OWWOOWWO,OWOOOOOO
3,ddelta,484,498,501,484-498-501,30,2.6063595908205572,2.6063595908205572,WOWOOWWO,WOOOOOOO
3,ddelta,484,498,501,484-498-501,31,-4.809643098438353,4.809643098438353,OOWOOWWO,OOOOOOOO
3,ddelta,484,498,505,484-498-505,0,-0.17641755980445173,0.17641755980445173,WWWWWWWW,WWOWWOWO
3,ddelta,484,498,505,484-498-505,1,-0.6108560119313792,0.6108560119313792,OWWWWWWW,OWOWWOWO
3,ddelta,484,498,505,484-498-505,2,4.718949020827051,4.718949020827051,WOWWWWWW,WOOWWOWO
3,ddelta,484,498,505,484-498-505,3,-2.4385738350110175,2.4385738350110175,OOWWWWWW,OOOWWOWO
3,ddelta,484,498,505,484-498-505,4,-2.010664392285121,2.010664392285121,WWWOWWWW,WWOOWOWO
3,ddelta,484,498,505,484-498-505,5,-0.1098495359396594,0.1098495359396594,OWWOWWWW,OWOOWOWO
3,ddelta,484,498,505,484-498-505,6,0.2235580800265664,0.2235580800265664,WOWOWWWW,WOOOWOWO
3,ddelta,484,498,505,484-498-505,7,-0.2016278984069863,0.2016278984069863,OOWOWWWW,OOOOWOWO
3,ddelta,484,498,505,484-498-505,8,7.893549895835178,7.893549895835178,WWWWOWWW,WWOWOOWO
3,ddelta,484,498,505,484-498-505,9,4.504248111223953,4.504248111223953,OWWWOWWW,OWOWOOWO
3,ddelta,484,498,505,484-498-505,10,2.736442633320091,2.736442633320091,WOWWOWWW,WOOWOOWO
3,ddelta,484,498,505,484-498-505,11,0.30168311473129217,0.30168311473129217,OOWWOWWW,OOOWOOWO
3,ddelta,484,498,505,484-498-505,12,-4.640584819474388,4.640584819474388,WWWOOWWW,WWOOOOWO
3,ddelta,484,498,505,484-498-505,13,2.47013937399273,2.47013937399273,OWWOOWWW,OWOOOOWO
3,ddelta,484,498,505,484-498-505,14,-3.0580185304835608,3.0580185304835608,WOWOOWWW,WOOOOOWO
3,ddelta,484,498,505,484-498-505,15,6.1221391012260415,6.1221391012260415,OOWOOWWW,OOOOOOWO
3,ddelta,484,498,505,484-498-505,16,-1.6747373657481468,1.6747373657481468,WWWWWWOW,WWOWWOOO
3,ddelta,484,498,505,484-498-505,17,1.9949756094690574,1.9949756094690574,OWWWWWOW,OWOWWOOO
3,ddelta,484,498,505,484-498-505,18,-2.350837281391389,2.350837281391389,WOWWWWOW,WOOWWOOO
3,ddelta,484,498,505,484-498-505,19,3.137024709066876,3.137024709066876,OOWWWWOW,OOOWWOOO
3,ddelta,484,498,505,484-498-505,20,0.8915426729386742,0.8915426729386742,WWWOWWOW,WWOOWOOO
3,ddelta,484,498,505,484-498-505,21,-1.8801329071458195,1.8801329071458195,OWWOWWOW,OWOOWOOO
3,ddelta,484,498,505,484-498-505,22,3.4155616490500886,3.4155616490500886,WOWOWWOW,WOOOWOOO
3,ddelta,484,498,505,484-498-505,23,3.594285491980255,3.594285491980255,OOWOWWOW,OOOOWOOO
3,ddelta,484,498,505,484-498-505,24,-6.092178389365416,6.092178389365416,WWWWOWOW,WWOWOOOO
3,ddelta,484,498,505,484-498-505,25,3.477579580295732,3.477579580295732,OWWWOWOW,OWOWOOOO
3,ddelta,484,498,505,484-498-505,26,-7.724310915902494,7.724310915902494,WOWWOWOW,WOOWOOOO
3,ddelta,484,498,505,484-498-505,27,0.5366302904694853,0.5366302904694853,OOWWOWOW,OOOWOOOO
3,ddelta,484,498,505,484-498-505,28,-2.4784525588811364,2.4784525588811364,WWWOOWOW,WWOOOOOO
3,ddelta,484,498,505,484-498-505,29,-5.52481463599762,5.52481463599762,OWWOOWOW,OWOOOOOO
3,ddelta,484,498,505,484-498-505,30,4.067504313950131,4.067504313950131,WOWOOWOW,WOOOOOOO
3,ddelta,484,498,505,484-498-505,31,0.23268722831210953,0.23268722831210953,OOWOOWOW,OOOOOOOO
3,ddelta,484,501,505,484-501-505,0,-0.2237188363802407,0.2237188363802407,WWWWWWWW,WWOWWWOO
3,ddelta,484,501,505,484-501-505,1,-2.026144510588709,2.026144510588709,OWWWWWWW,OWOWWWOO
3,ddelta,484,501,505,484-501-505,2,0.34505189311245676,0.34505189311245676,WOWWWWWW,WOOWWWOO
3,ddelta,484,501,505,484-501-505,3,-0.4406161103547317,0.4406161103547317,OOWWWWWW,OOOWWWOO
3,ddelta,484,501,505,484-501-505,4,-2.7585051555846816,2.7585051555846816,WWWOWWWW,WWOOWWOO
3,ddelta,484,501,505,484-501-505,5,1.2670342579675016,1.2670342579675016,OWWOWWWW,OWOOWWOO
3,ddelta,484,501,505,484-501-505,6,0.829107284255207,0.829107284255207,WOWOWWWW,WOOOWWOO
3,ddelta,484,501,505,484-501-505,7,-2.09211014241968,2.09211014241968,OOWOWWWW,OOOOWWOO
3,ddelta,484,501,505,484-501-505,8,8.10305947604149,8.10305947604149,WWWWOWWW,WWOWOWOO
3,ddelta,484,501,505,484-501-505,9,7.765399827634699,7.765399827634699,OWWWOWWW,OWOWOWOO
3,ddelta,484,501,505,484-501-505,10,5.605316642630877,5.605316642630877,WOWWOWWW,WOOWOWOO
3,ddelta,484,501,505,484-501-505,11,-1.35653634176094,1.35653634176094,OOWWOWWW,OOOWOWOO
3,ddelta,484,501,505,484-501-505,12,-4.5055840987405675,4.5055840987405675,WWWOOWWW,WWOOOWOO
3,ddelta,484,501,505,484-501-505,13,0.9388876778938753,0.9388876778938753,OWWOOWWW,OWOOOWOO
3,ddelta,484,501,505,484-501-505,14,-4.613169267631935,4.613169267631935,WOWOOWWW,WOOOOWOO
3,ddelta,484,501,505,484-501-505,15,5.235769387938992,5.235769387938992,OOWOOWWW,OOOOOWOO
3,ddelta,484,501,505,484-501-505,16,-1.7220386423239358,1.7220386423239358,WWWWWOWW,WWOWWOOO
3,ddelta,484,501,505,484-501-505,17,0.5796871108117274,0.5796871108117274,OWWWWOWW,OWOWWOOO
3,ddelta,484,501,505,484-501-505,18,-6.724734409105982,6.724734409105982,WOWWWOWW,WOOWWOOO
3,ddelta,484,501,505,484-501-505,19,5.134982433723162,5.134982433723162,OOWWWOWW,OOOWWOOO
3,ddelta,484,501,505,484-501-505,20,0.14370190963911367,0.14370190963911367,WWWOWOWW,WWOOWOOO
3,ddelta,484,501,505,484-501-505,21,-0.5032491132386576,0.5032491132386576,OWWOWOWW,OWOOWOOO
3,ddelta,484,501,505,484-501-505,22,4.02111085327873,4.02111085327873,WOWOWOWW,WOOOWOOO
3,ddelta,484,501,505,484-501-505,23,1.703803247967561,1.703803247967561,OOWOWOWW,OOOOWOOO
3,ddelta,484,501,505,484-501-505,24,-5.882668809159102,5.882668809159102,WWWWOOWW,WWOWOOOO
3,ddelta,484,501,505,484-501-505,25,6.738731296706476,6.738731296706476,OWWWOOWW,OWOWOOOO
3,ddelta,484,501,505,484-501-505,26,-4.855436906591709,4.855436906591709,WOWWOOWW,WOOWOOOO
3,ddelta,484,501,505,484-501-505,27,-1.1215891660227473,1.1215891660227473,OOWWOOWW,OOOWOOOO
3,ddelta,484,501,505,484-501-505,28,-2.3434518381473164,2.3434518381473164,WWWOOOWW,WWOOOOOO
3,ddelta,484,501,505,484-501-505,29,-7.056066332096478,7.056066332096478,OWWOOOWW,OWOOOOOO
3,ddelta,484,501,505,484-501-505,30,2.5123535768017558,2.5123535768017558,WOWOOOWW,WOOOOOOO
3,ddelta,484,501,505,484-501-505,31,-0.6536824849749396,0.6536824849749396,OOWOOOWW,OOOOOOOO
3,ddelta,493,496,498,493-496-498,0,-6.167161478096182,6.167161478096182,WWWWWWWW,WWWOOOWW
3,ddelta,493,496,498,493-496-498,1,2.4392858617185027,2.4392858617185027,OWWWWWWW,OWWOOOWW
3,ddelta,493,496,498,493-496-498,2,-0.06799766290331488,0.06799766290331488,WOWWWWWW,WOWOOOWW
3,ddelta,493,496,498,493-496-498,3,1.1007175024293294,1.1007175024293294,OOWWWWWW,OOWOOOWW
3,ddelta,493,496,498,493-496-498,4,0.8403193380917879,0.8403193380917879,WWOWWWWW,WWOOOOWW
3,ddelta,493,496,498,493-496-498,5,7.163980052257608,7.163980052257608,OWOWWWWW,OWOOOOWW
3,ddelta,493,496,498,493-496-498,6,0.33350854105354655,0.33350854105354655,WOOWWWWW,WOOOOOWW
3,ddelta,493,496,498,493-496-498,7,2.8627949865881073,2.8627949865881073,OOOWWWWW,OOOOOOWW
3,ddelta,493,496,498,493-496-498,8,0.8820345676476141,0.8820345676476141,WWWWWWOW,WWWOOOOW
3,ddelta,493,496,498,493-496-498,9,2.446718795450783,2.446718795450783,OWWWWWOW,OWWOOOOW
3,ddelta,493,496,498,493-496-498,10,6.08649209256513,6.08649209256513,WOWWWWOW,WOWOOOOW
3,ddelta,493,496,498,493-496-498,11,3.0518205087953394,3.0518205087953394,OOWWWWOW,OOWOOOOW
3,ddelta,493,496,498,493-496-498,12,3.4602839086236314,3.4602839086236314,WWOWWWOW,WWOOOOOW
3,ddelta,493,496,498,493-496-498,13,6.0948514738541935,6.0948514738541935,OWOWWWOW,OWOOOOOW
3,ddelta,493,496,498,493-496-498,14,-0.05145769651187493,0.05145769651187493,WOOWWWOW,WOOOOOOW
3,ddelta,493,496,498,493-496-498,15,0.008935056180587597,0.008935056180587597,OOOWWWOW,OOOOOOOW
3,ddelta,493,496,498,493-496-498,16,4.36822131105801,4.36822131105801,WWWWWWWO,WWWOOOWO
3,ddelta,493,496,498,493-496-498,17,-1.969491326353689,1.969491326353689,OWWWWWWO,OWWOOOWO
3,ddelta,493,496,498,493-496-498,18,5.2094193749691,5.2094193749691,WOWWWWWO,WOWOOOWO
3,ddelta,493,496,498,493-496-498,19,-0.8351686122778113,0.8351686122778113,OOWWWWWO,OOWOOOWO
3,ddelta,493,496,498,493-496-498,20,0.675814244417083,0.675814244417083,WWOWWWWO,WWOOOOWO
3,ddelta,493,496,498,493-496-498,21,0.22008765096247407,0.22008765096247407,OWOWWWWO,OWOOOOWO
3,ddelta,493,496,498,493-496-498,22,4.311855355922792,4.311855355922792,WOOWWWWO,WOOOOOWO
3,ddelta,493,496,498,493-496-498,23,4.510418921771685,4.510418921771685,OOOWWWWO,OOOOOOWO
3,ddelta,493,496,498,493-496-498,24,1.5814477022178033,1.5814477022178033,WWWWWWOO,WWWOOOOO
3,ddelta,493,496,498,493-496-498,25,1.3241784472945612,1.3241784472945612,OWWWWWOO,OWWOOOOO
3,ddelta,493,496,498,493-496-498,26,0.5541729641597029,0.5541729641597029,WOWWWWOO,WOWOOOOO
3,ddelta,493,496,498,493-496-498,27,4.367397991375405,4.367397991375405,OOWWWWOO,OOWOOOOO
3,ddelta,493,496,498,493-496-498,28,5.207142834991279,5.207142834991279,WWOWWWOO,WWOOOOOO
3,ddelta,493,496,498,493-496-498,29,-0.1549745739805033,0.1549745739805033,OWOWWWOO,OWOOOOOO
3,ddelta,493,496,498,493-496-498,30,0.44163947449384744,0.44163947449384744,WOOWWWOO,WOOOOOOO
3,ddelta,493,496,498,493-496-498,31,0.5633086936898992,0.5633086936898992,OOOWWWOO,OOOOOOOO
3,ddelta,493,496,501,493-496-501,0,-0.41966332137378387,0.41966332137378387,WWWWWWWW,WWWOOWOW
3,ddelta,493,496,501,493-496-501,1,-1.5796322342298164,1.5796322342298164,OWWWWWWW,OWWOOWOW
3,ddelta,493,496,501,493-496-501,2,-7.223749380345135,7.223749380345135,WOWWWWWW,WOWOOWOW
3,ddelta,493,496,501,493-496-501,3,-0.14697104102237635,0.14697104102237635,OOWWWWWW,OOWOOWOW
3,ddelta,493,496,501,493-496-501,4,1.353038874333126,1.353038874333126,WWOWWWWW,WWOOOWOW
3,ddelta,493,496,501,493-496-501,5,3.8166067209480303,3.8166067209480303,OWOWWWWW,OWOOOWOW
3,ddelta,493,496,501,493-496-501,6,-2.8299729987412467,2.8299729987412467,WOOWWWWW,WOOOOWOW
3,ddelta,493,496,501,493-496-501,7,-0.5506115803349229,0.5506115803349229,OOOWWWWW,OOOOOWOW
3,ddelta,493,496,501,493-496-501,8,6.629532724370012,6.629532724370012,WWWWWOWW,WWWOOOOW
3,ddelta,493,496,501,493-496-501,9,-1.5721993004975354,1.5721993004975354,OWWWWOWW,OWWOOOOW
3,ddelta,493,496,501,493-496-501,10,-1.069259624876692,1.069259624876692,WOWWWOWW,WOWOOOOW
3,ddelta,493,496,501,493-496-501,11,1.8041319653436334,1.8041319653436334,OOWWWOWW,OOWOOOOW
3,ddelta,493,496,501,493-496-501,12,3.9730034448649705,3.9730034448649705,WWOWWOWW,WWOOOOOW
3,ddelta,493,496,501,493-496-501,13,2.747478142544616,2.747478142544616,OWOWWOWW,OWOOOOOW
3,ddelta,493,496,501,493-496-501,14,-3.214939236306668,3.214939236306668,WOOWWOWW,WOOOOOOW
3,ddelta,493,496,501,493-496-501,15,-3.404471510742443,3.404471510742443,OOOWWOWW,OOOOOOOW
3,ddelta,493,496,501,493-496-501,16,-0.7637467995576863,0.7637467995576863,WWWWWWWO,WWWOOWOO
3,ddelta,493,496,501,493-496-501,17,1.2095301416976283,1.2095301416976283,OWWWWWWO,OWWOOWOO
3,ddelta,493,496,501,493-496-501,18,2.8100337829604,2.8100337829604,WOWWWWWO,WOWOOWOO
3,ddelta,493,496,501,493-496-501,19,-5.184459472366527,5.184459472366527,OOWWWWWO,OOWOOWOO
3,ddelta,493,496,501,493-496-501,20,-9.064901859428394,9.064901859428394,WWOWWWWO,WWOOOWOO
3,ddelta,493,496,501,493-496-501,21,-3.513921821421559,3.513921821421559,OWOWWWWO,OWOOOWOO
3,ddelta,493,496,501,493-496-501,22,-3.4987311368412737,3.4987311368412737,WOOWWWWO,WOOOOWOO
3,ddelta,493,496,501,493-496-501,23,2.655699750085806,2.655699750085806,OOOWWWWO,OOOOOWOO
3,ddelta,493,496,501,493-496-501,24,-3.5505204083978925,3.5505204083978925,WWWWWOWO,WWWOOOOO
3,ddelta,493,496,501,493-496-501,25,4.5031999153458795,4.5031999153458795,OWWWWOWO,OWWOOOOO
3,ddelta,493,496,501,493-496-501,26,-1.8452126278489969,1.8452126278489969,WOWWWOWO,WOWOOOOO
3,ddelta,493,496,501,493-496-501,27,0.018107131286688394,0.018107131286688394,OOWWWOWO,OOWOOOOO
3,ddelta,493,496,501,493-496-501,28,-4.533573268854198,4.533573268854198,WWOWWOWO,WWOOOOOO
3,ddelta,493,496,501,493-496-501,29,-3.888984046364536,3.888984046364536,OWOWWOWO,OWOOOOOO
3,ddelta,493,496,501,493-496-501,30,-7.368947018270219,7.368947018270219,WOOWWOWO,WOOOOOOO
3,ddelta,493,496,501,493-496-501,31,-1.2914104779959796,1.2914104779959796,OOOWWOWO,OOOOOOOO
3,ddelta,493,496,505,493-496-505,0,-3.348050299054744,3.348050299054744,WWWWWWWW,WWWOOWWO
3,ddelta,493,496,505,493-496-505,1,3.9322467122600617,3.9322467122600617,OWWWWWWW,OWWOOWWO
3,ddelta,493,496,505,493-496-505,2,-4.480402662840985,4.480402662840985,WOWWWWWW,WOWOOWWO
3,ddelta,493,496,505,493-496-505,3,2.5806493393920205,2.5806493393920205,OOWWWWWW,OOWOOWWO
3,ddelta,493,496,505,493-496-505,4,2.7265120780444794,2.7265120780444794,WWOWWWWW,WWOOOWWO
3,ddelta,493,496,505,493-496-505,5,5.713069700307627,5.713069700307627,OWOWWWWW,OWOOOWWO
3,ddelta,493,496,505,493-496-505,6,-0.7774923812461135,0.7774923812461135,WOOWWWWW,WOOOOWWO
3,ddelta,493,496,505,493-496-505,7,-1.0848248772242743,1.0848248772242743,OOOWWWWW,OOOOOWWO
3,ddelta,493,496,505,493-496-505,8,7.187332490099448,7.187332490099448,WWWWWOWW,WWWOOOWO
3,ddelta,493,496,505,493-496-505,9,-0.47653047581213026,0.47653047581213026,OWWWWOWW,OWWOOOWO
3,ddelta,493,496,505,493-496-505,10,0.7970143750314286,0.7970143750314286,WOWWWOWW,WOWOOOWO
3,ddelta,493,496,505,493-496-505,11,0.6447632246848792,0.6447632246848792,OOWWWOWW,OOWOOOWO
3,ddelta,493,496,505,493-496-505,12,2.5620069843697744,2.5620069843697744,WWOWWOWW,WWOOOOWO
3,ddelta,493,496,505,493-496-505,13,-1.2308227009875061,1.2308227009875061,OWOWWOWW,OWOOOOWO
3,ddelta,493,496,505,493-496-505,14,3.2008544336231326,3.2008544336231326,WOOWWOWW,WOOOOOWO
3,ddelta,493,496,505,493-496-505,15,0.5627990579593032,0.5627990579593032,OOOWWOWW,OOOOOOWO
3,ddelta,493,496,505,493-496-505,16,-3.692133777238646,3.692133777238646,WWWWWWOW,WWWOOWOO
3,ddelta,493,496,505,493-496-505,17,6.721409088187507,6.721409088187507,OWWWWWOW,OWWOOWOO
3,ddelta,493,496,505,493-496-505,18,5.5533805004645505,5.5533805004645505,WOWWWWOW,WOWOOWOO
3,ddelta,493,496,505,493-496-505,19,-2.456839091952131,2.456839091952131,OOWWWWOW,OOWOOWOO
3,ddelta,493,496,505,493-496-505,20,-7.691428655717041,7.691428655717041,WWOWWWOW,WWOOOWOO
3,ddelta,493,496,505,493-496-505,21,-1.6174588420619624,1.6174588420619624,OWOWWWOW,OWOOOWOO
3,ddelta,493,496,505,493-496-505,22,-1.4462505193461404,1.4462505193461404,WOOWWWOW,WOOOOWOO
3,ddelta,493,496,505,493-496-505,23,2.1214864531964546,2.1214864531964546,OOOWWWOW,OOOOOWOO
3,ddelta,493,496,505,493-496-505,24,-2.992720642668457,2.992720642668457,WWWWWOOW,WWWOOOOO
3,ddelta,493,496,505,493-496-505,25,5.5988687400312855,5.5988687400312855,OWWWWOOW,OWWOOOOO
3,ddelta,493,496,505,493-496-505,26,0.02106137205912373,0.02106137205912373,WOWWWOOW,WOWOOOOO
3,ddelta,493,496,505,493-496-505,27,-1.1412616093720658,1.1412616093720658,OOWWWOOW,OOWOOOOO
3,ddelta,493,496,505,493-496-505,28,-5.944569729349395,5.944569729349395,WWOWWOOW,WWOOOOOO
3,ddelta,493,496,505,493-496-505,29,-7.867284889896659,7.867284889896659,OWOWWOOW,OWOOOOOO
3,ddelta,493,496,505,493-496-505,30,-0.953153348340418,0.953153348340418,WOOWWOOW,WOOOOOOO
3,ddelta,493,496,505,493-496-505,31,2.675860090705766,2.675860090705766,OOOWWOOW,OOOOOOOO
3,ddelta,493,498,501,493-498-501,0,0.07238214800865872,0.07238214800865872,WWWWWWWW,WWWOWOOW
3,ddelta,493,498,501,493-498-501,1,0.0911353158884051,0.0911353158884051,OWWWWWWW,OWWOWOOW
3,ddelta,493,498,501,493-498-501,2,-0.8392556448855476,0.8392556448855476,WOWWWWWW,WOWOWOOW
3,ddelta,493,498,501,493-498-501,3,-4.700548911719938,4.700548911719938,OOWWWWWW,OOWOWOOW
3,ddelta,493,498,501,493-498-501,4,-2.206445429774288,2.206445429774288,WWOWWWWW,WWOOWOOW
3,ddelta,493,498,501,493-498-501,5,4.981312398192703,4.981312398192703,OWOWWWWW,OWOOWOOW
3,ddelta,493,498,501,493-498-501,6,-1.734932538592803,1.734932538592803,WOOWWWWW,WOOOWOOW
3,ddelta,493,498,501,493-498-501,7,1.0355047113994829,1.0355047113994829,OOOWWWWW,OOOOWOOW
3,ddelta,493,498,501,493-498-501,8,7.121578193752455,7.121578193752455,WWWWOWWW,WWWOOOOW
3,ddelta,493,498,501,493-498-501,9,0.09856824962068522,0.09856824962068522,OWWWOWWW,OWWOOOOW
3,ddelta,493,498,501,493-498-501,10,5.315234110582896,5.315234110582896,WOWWOWWW,WOWOOOOW
3,ddelta,493,498,501,493-498-501,11,-2.7494459053539284,2.7494459053539284,OOWWOWWW,OOWOOOOW
3,ddelta,493,498,501,493-498-501,12,0.4135191407575558,0.4135191407575558,WWOWOWWW,WWOOOOOW
3,ddelta,493,498,501,493-498-501,13,3.9121838197892878,3.9121838197892878,OWOWOWWW,OWOOOOOW
3,ddelta,493,498,501,493-498-501,14,-2.119898776158224,2.119898776158224,WOOWOWWW,WOOOOOOW
3,ddelta,493,498,501,493-498-501,15,-1.8183552190080365,1.8183552190080365,OOOWOWWW,OOOOOOOW
3,ddelta,493,498,501,493-498-501,16,-0.5527592847206673,0.5527592847206673,WWWWWWWO,WWWOWOOO
3,ddelta,493,498,501,493-498-501,17,-3.548953946204124,3.548953946204124,OWWWWWWO,OWWOWOOO
3,ddelta,493,498,501,493-498-501,18,-2.3201145282512328,2.3201145282512328,WOWWWWWO,WOWOWOOO
3,ddelta,493,498,501,493-498-501,19,-1.0992836049123003,1.0992836049123003,OOWWWWWO,OOWOWOOO
3,ddelta,493,498,501,493-498-501,20,1.568940008663876,1.568940008663876,WWOWWWWO,WWOOWOOO
3,ddelta,493,498,501,493-498-501,21,-3.034891856506423,3.034891856506423,OWOWWWWO,OWOOWOOO
3,ddelta,493,498,501,493-498-501,22,7.0459984492834735,7.0459984492834735,WOOWWWWO,WOOOWOOO
3,ddelta,493,498,501,493-498-501,23,2.8570848645164686,2.8570848645164686,OOOWWWWO,OOOOWOOO
3,ddelta,493,498,501,493-498-501,24,-3.339532893560874,3.339532893560874,WWWWOWWO,WWWOOOOO
3,ddelta,493,498,501,493-498-501,25,-0.25528417255587366,0.25528417255587366,OWWWOWWO,OWWOOOOO
3,ddelta,493,498,501,493-498-501,26,-6.9753609390606295,6.9753609390606295,WOWWOWWO,WOWOOOOO
3,ddelta,493,498,501,493-498-501,27,4.103282998740916,4.103282998740916,OOWWOWWO,OOWOOOOO
3,ddelta,493,498,501,493-498-501,28,6.100268599238073,6.100268599238073,WWOWOWWO,WWOOOOOO
3,ddelta,493,498,501,493-498-501,29,-3.4099540814494014,3.4099540814494014,OWOWOWWO,OWOOOOOO
3,ddelta,493,498,501,493-498-501,30,3.1757825678545277,3.1757825678545277,WOOWOWWO,WOOOOOOO
3,ddelta,493,498,501,493-498-501,31,-1.0900253635653168,1.0900253635653168,OOOWOWWO,OOOOOOOO
3,ddelta,493,498,505,493-498-505,0,0.5274912888631842,0.5274912888631842,WWWWWWWW,WWWOWOWO
3,ddelta,493,498,505,493-498-505,1,5.19739337859225,5.19739337859225,OWWWWWWW,OWWOWOWO
3,ddelta,493,498,505,493-498-505,2,-1.74249535014734,1.74249535014734,WOWWWWWW,WOWOWOWO
3,ddelta,493,498,505,493-498-505,3,-1.985239645467741,1.985239645467741,OOWWWWWW,OOWOWOWO
3,ddelta,493,498,505,493-498-505,4,-1.3067555436174854,1.3067555436174854,WWOWWWWW,WWOOWOWO
3,ddelta,493,498,505,493-498-505,5,5.698399854583969,5.698399854583969,OWOWWWWW,OWOOWOWO
3,ddelta,493,498,505,493-498-505,6,-6.237886290947824,6.237886290947824,WOOWWWWW,WOOOWOWO
3,ddelta,493,498,505,493-498-505,7,0.25170629113628984,0.25170629113628984,OOOWWWWW,OOOOWOWO
3,ddelta,493,498,505,493-498-505,8,11.062874078017376,11.062874078017376,WWWWOWWW,WWWOOOWO
3,ddelta,493,498,505,493-498-505,9,0.7886161905200586,0.7886161905200586,OWWWOWWW,OWWOOOWO
3,ddelta,493,498,505,493-498-505,10,3.5349216877250744,3.5349216877250744,WOWWOWWW,WOWOOOWO
3,ddelta,493,498,505,493-498-505,11,-3.9211257601748812,3.9211257601748812,OOWWOWWW,OOWOOOWO
3,ddelta,493,498,505,493-498-505,12,-1.4712606372921904,1.4712606372921904,WWOWOWWW,WWOOOOWO
3,ddelta,493,498,505,493-498-505,13,-1.2454925467111644,1.2454925467111644,OWOWOWWW,OWOOOOWO
3,ddelta,493,498,505,493-498-505,14,-2.2595394760785776,2.2595394760785776,WOOWOWWW,WOOOOOWO
3,ddelta,493,498,505,493-498-505,15,1.8993302263198673,1.8993302263198673,OOOWOWWW,OOOOOOWO
3,ddelta,493,498,505,493-498-505,16,-0.09765014386614235,0.09765014386614235,WWWWWWOW,WWWOWOOO
3,ddelta,493,498,505,493-498-505,17,1.557304116499721,1.557304116499721,OWWWWWOW,OWWOWOOO
3,ddelta,493,498,505,493-498-505,18,-3.223354233513025,3.223354233513025,WOWWWWOW,WOWOWOOO
3,ddelta,493,498,505,493-498-505,19,1.6160256613398971,1.6160256613398971,OOWWWWOW,OOWOWOOO
3,ddelta,493,498,505,493-498-505,20,2.4686298948206784,2.4686298948206784,WWOWWWOW,WWOOWOOO
3,ddelta,493,498,505,493-498-505,21,-2.3178044001151554,2.3178044001151554,OWOWWWOW,OWOOWOOO
3,ddelta,493,498,505,493-498-505,22,2.543044696928453,2.543044696928453,WOOWWWOW,WOOOWOOO
3,ddelta,493,498,505,493-498-505,23,2.0732864442532755,2.0732864442532755,OOOWWWOW,OOOOWOOO
3,ddelta,493,498,505,493-498-505,24,0.6017629907040469,0.6017629907040469,WWWWOWOW,WWWOOOOO
3,ddelta,493,498,505,493-498-505,25,0.4347637683434997,0.4347637683434997,OWWWOWOW,OWWOOOOO
3,ddelta,493,498,505,493-498-505,26,-8.755673361918452,8.755673361918452,WOWWOWOW,WOWOOOOO
3,ddelta,493,498,505,493-498-505,27,2.931603143919963,2.931603143919963,OOWWOWOW,OOWOOOOO
3,ddelta,493,498,505,493-498-505,28,4.215488821188326,4.215488821188326,WWOWOWOW,WWOOOOOO
3,ddelta,493,498,505,493-498-505,29,-8.567630447949853,8.567630447949853,OWOWOWOW,OWOOOOOO
3,ddelta,493,498,505,493-498-505,30,3.036141867934174,3.036141867934174,WOOWOWOW,WOOOOOOO
3,ddelta,493,498,505,493-498-505,31,2.6276600817625875,2.6276600817625875,OOOWOWOW,OOOOOOOO
3,ddelta,493,501,505,493-501-505,0,4.732361790925747,4.732361790925747,WWWWWWWW,WWWOWWOO
3,ddelta,493,501,505,493-501-505,1,2.766317793534028,2.766317793534028,OWWWWWWW,OWWOWWOO
3,ddelta,493,501,505,493-501-505,2,-2.253584284323268,2.253584284323268,WOWWWWWW,WOWOWWOO
3,ddelta,493,501,505,493-501-505,3,-1.676719602375273,1.676719602375273,OOWWWWWW,OOWOWWOO
3,ddelta,493,501,505,493-501-505,4,2.197575471721305,2.197575471721305,WWOWWWWW,WWOOWWOO
3,ddelta,493,501,505,493-501-505,5,6.0594965620902395,6.0594965620902395,OWOWWWWW,OWOOWWOO
3,ddelta,493,501,505,493-501-505,6,-1.7695288931805182,1.7695288931805182,WOOWWWWW,WOOOWWOO
3,ddelta,493,501,505,493-501-505,7,-3.328213634440221,3.328213634440221,OOOWWWWW,OOOOWWOO
3,ddelta,493,501,505,493-501-505,8,4.388278312741844,4.388278312741844,WWWWOWWW,WWWOOWOO
3,ddelta,493,501,505,493-501-505,9,5.5554801694614735,5.5554801694614735,OWWWOWWW,OWWOOWOO
3,ddelta,493,501,505,493-501-505,10,7.780198878982269,7.780198878982269,WOWWOWWW,WOWOOWOO
3,ddelta,493,501,505,493-501-505,11,-6.714208033719424,6.714208033719424,OOWWOWWW,OOWOOWOO
3,ddelta,493,501,505,493-501-505,12,-8.220365262040216,8.220365262040216,WWOWOWWW,WWOOOWOO
3,ddelta,493,501,505,493-501-505,13,-1.2710319802793502,1.2710319802793502,OWOWOWWW,OWOOOWOO
3,ddelta,493,501,505,493-501-505,14,-2.4382870312805447,2.4382870312805447,WOOWOWWW,WOOOOWOO
3,ddelta,493,501,505,493-501-505,15,-0.12190230401949231,0.12190230401949231,OOOWOWWW,OOOOOWOO
3,ddelta,493,501,505,493-501-505,16,4.107220358196419,4.107220358196419,WWWWWOWW,WWWOWOOO
3,ddelta,493,501,505,493-501-505,17,-0.8737714685585007,0.8737714685585007,OWWWWOWW,OWWOWOOO
3,ddelta,493,501,505,493-501-505,18,-3.734443167688953,3.734443167688953,WOWWWOWW,WOWOWOOO
3,ddelta,493,501,505,493-501-505,19,1.924545704432365,1.924545704432365,OOWWWOWW,OOWOWOOO
3,ddelta,493,501,505,493-501-505,20,5.972960910159468,5.972960910159468,WWOWWOWW,WWOOWOOO
3,ddelta,493,501,505,493-501-505,21,-1.9567076926088856,1.9567076926088856,OWOWWOWW,OWOOWOOO
3,ddelta,493,501,505,493-501-505,22,7.011402094695757,7.011402094695757,WOOWWOWW,WOOOWOOO
3,ddelta,493,501,505,493-501-505,23,-1.5066334813232354,1.5066334813232354,OOOWWOWW,OOOOWOOO
3,ddelta,493,501,505,493-501-505,24,-6.072832774571486,6.072832774571486,WWWWOOWW,WWWOOOOO
3,ddelta,493,501,505,493-501-505,25,5.201627747284914,5.201627747284914,OWWWOOWW,OWWOOOOO
3,ddelta,493,501,505,493-501-505,26,-4.5103961706612585,4.5103961706612585,WOWWOOWW,WOWOOOOO
3,ddelta,493,501,505,493-501-505,27,0.13852087037541988,0.13852087037541988,OOWWOOWW,OOWOOOOO
3,ddelta,493,501,505,493-501-505,28,-2.5336158035597,2.5336158035597,WWOWOOWW,WWOOOOOO
3,ddelta,493,501,505,493-501-505,29,-8.593169881518039,8.593169881518039,OWOWOOWW,OWOOOOOO
3,ddelta,493,501,505,493-501-505,30,2.857394312732207,2.857394312732207,WOOWOOWW,WOOOOOOO
3,ddelta,493,501,505,493-501-505,31,0.6064275514232275,0.6064275514232275,OOOWOOWW,OOOOOOOO
3,ddelta,496,498,501,496-498-501,0,-5.0410438078396105,5.0410438078396105,WWWWWWWW,WWWWOOOW
3,ddelta,496,498,501,496-498-501,1,-3.0263465428715786,3.0263465428715786,OWWWWWWW,OWWWOOOW
3,ddelta,496,498,501,496-498-501,2,-2.247023364811447,2.247023364811447,WOWWWWWW,WOWWOOOW
3,ddelta,496,498,501,496-498-501,3,-4.986782818322502,4.986782818322502,OOWWWWWW,OOWWOOOW
3,ddelta,496,498,501,496-498-501,4,0.16413146079560414,0.16413146079560414,WWOWWWWW,WWOWOOOW
3,ddelta,496,498,501,496-498-501,5,1.9698851120194178,1.9698851120194178,OWOWWWWW,OWOWOOOW
3,ddelta,496,498,501,496-498-501,6,-1.3727526816058377,1.3727526816058377,WOOWWWWW,WOOWOOOW
3,ddelta,496,498,501,496-498-501,7,1.7311151676557825,1.7311151676557825,OOOWWWWW,OOOWOOOW
3,ddelta,496,498,501,496-498-501,8,2.008152237904186,2.008152237904186,WWWOWWWW,WWWOOOOW
3,ddelta,496,498,501,496-498-501,9,-3.0189136091392985,3.0189136091392985,OWWOWWWW,OWWOOOOW
3,ddelta,496,498,501,496-498-501,10,3.9074663906569977,3.9074663906569977,WOWOWWWW,WOWOOOOW
3,ddelta,496,498,501,496-498-501,11,-3.0356798119564927,3.0356798119564927,OOWOWWWW,OOWOOOOW
3,ddelta,496,498,501,496-498-501,12,2.784096031327447,2.784096031327447,WWOOWWWW,WWOOOOOW
3,ddelta,496,498,501,496-498-501,13,0.9007565336160033,0.9007565336160033,OWOOWWWW,OWOOOOOW
3,ddelta,496,498,501,496-498-501,14,-1.757718919171259,1.757718919171259,WOOOWWWW,WOOOOOOW
3,ddelta,496,498,501,496-498-501,15,-1.1227447627517368,1.1227447627517368,OOOOWWWW,OOOOOOOW
3,ddelta,496,498,501,496-498-501,16,5.2223641377806365,5.2223641377806365,WWWWWWWO,WWWWOOOO
3,ddelta,496,498,501,496-498-501,17,-3.3049401278398136,3.3049401278398136,OWWWWWWO,OWWWOOOO
3,ddelta,496,498,501,496-498-501,18,3.0168983251463013,3.0168983251463013,WOWWWWWO,WOWWOOOO
3,ddelta,496,498,501,496-498-501,19,-2.397010630331567,2.397010630331567,OOWWWWWO,OOWWOOOO
3,ddelta,496,498,501,496-498-501,20,-2.059869072841047,2.059869072841047,WWOWWWWO,WWOWOOOO
3,ddelta,496,498,501,496-498-501,21,-1.9412086252774738,1.9412086252774738,OWOWWWWO,OWOWOOOO
3,ddelta,496,498,501,496-498-501,22,0.5002017613477631,0.5002017613477631,WOOWWWWO,WOOWOOOO
3,ddelta,496,498,501,496-498-501,23,-1.0197640126929832,1.0197640126929832,OOOWWWWO,OOOWOOOO
3,ddelta,496,498,501,496-498-501,24,2.435590528940431,2.435590528940431,WWWOWWWO,WWWOOOOO
3,ddelta,496,498,501,496-498-501,25,-0.011270354191562415,0.011270354191562415,OWWOWWWO,OWWOOOOO
3,ddelta,496,498,501,496-498-501,26,-1.6383480856630956,1.6383480856630956,WOWOWWWO,WOWOOOOO
3,ddelta,496,498,501,496-498-501,27,2.805555973321649,2.805555973321649,OOWOWWWO,OOWOOOOO
3,ddelta,496,498,501,496-498-501,28,2.47145951773315,2.47145951773315,WWOOWWWO,WWOOOOOO
3,ddelta,496,498,501,496-498-501,29,-2.3162708502204516,2.3162708502204516,OWOOWWWO,OWOOOOOO
3,ddelta,496,498,501,496-498-501,30,-3.3700141200811826,3.3700141200811826,WOOOWWWO,WOOOOOOO
3,ddelta,496,498,501,496-498-501,31,-4.966874240774769,4.966874240774769,OOOOWWWO,OOOOOOOO
3,ddelta,496,498,505,496-498-505,0,-7.336284349234099,7.336284349234099,WWWWWWWW,WWWWOOWO
3,ddelta,496,498,505,496-498-505,1,-0.5165901079726903,0.5165901079726903,OWWWWWWW,OWWWOOWO
3,ddelta,496,498,505,496-498-505,2,-2.8519099141583344,2.8519099141583344,WOWWWWWW,WOWWOOWO
3,ddelta,496,498,505,496-498-505,3,-1.6557206659513533,1.6557206659513533,OOWWWWWW,OOWWOOWO
3,ddelta,496,498,505,496-498-505,4,0.7336831064055291,0.7336831064055291,WWOWWWWW,WWOWOOWO
3,ddelta,496,498,505,496-498-505,5,4.598514015182642,4.598514015182642,OWOWWWWW,OWOWOOWO
3,ddelta,496,498,505,496-498-505,6,-4.834416301665294,4.834416301665294,WOOWWWWW,WOOWOOWO
3,ddelta,496,498,505,496-498-505,7,1.084536283790956,1.084536283790956,OOOWWWWW,OOOWOOWO
3,ddelta,496,498,505,496-498-505,8,3.1990984399200917,3.1990984399200917,WWWOWWWW,WWWOOOWO
3,ddelta,496,498,505,496-498-505,9,-4.9253672960448815,4.9253672960448815,OWWOWWWW,OWWOOOWO
3,ddelta,496,498,505,496-498-505,10,2.42550712371408,2.42550712371408,WOWOWWWW,WOWOOOWO
3,ddelta,496,498,505,496-498-505,11,-3.5916067806584944,3.5916067806584944,OOWOWWWW,OOWOOOWO
3,ddelta,496,498,505,496-498-505,12,0.5691780127308244,0.5691780127308244,WWOOWWWW,WWOOOOWO
3,ddelta,496,498,505,496-498-505,13,-2.3453783861124915,2.3453783861124915,OWOOWWWW,OWOOOOWO
3,ddelta,496,498,505,496-498-505,14,-0.8560694867960472,0.8560694867960472,WOOOWWWW,WOOOOOWO
3,ddelta,496,498,505,496-498-505,15,2.732160218974533,2.732160218974533,OOOOWWWW,OOOOOOWO
3,ddelta,496,498,505,496-498-505,16,2.9271235963861475,2.9271235963861475,WWWWWWOW,WWWWOOOO
3,ddelta,496,498,505,496-498-505,17,-0.7951836929409243,0.7951836929409243,OWWWWWOW,OWWWOOOO
3,ddelta,496,498,505,496-498-505,18,2.4120117757994133,2.4120117757994133,WOWWWWOW,WOWWOOOO
3,ddelta,496,498,505,496-498-505,19,0.9340515220395813,0.9340515220395813,OOWWWWOW,OOWWOOOO
3,ddelta,496,498,505,496-498-505,20,-1.4903174272311208,1.4903174272311208,WWOWWWOW,WWOWOOOO
3,ddelta,496,498,505,496-498-505,21,0.6874202778857501,0.6874202778857501,OWOWWWOW,OWOWOOOO
3,ddelta,496,498,505,496-498-505,22,-2.9614618587116928,2.9614618587116928,WOOWWWOW,WOOWOOOO
3,ddelta,496,498,505,496-498-505,23,-1.6663428965578095,1.6663428965578095,OOOWWWOW,OOOWOOOO
3,ddelta,496,498,505,496-498-505,24,3.626536730956337,3.626536730956337,WWWOWWOW,WWWOOOOO
3,ddelta,496,498,505,496-498-505,25,-1.9177240410971452,1.9177240410971452,OWWOWWOW,OWWOOOOO
3,ddelta,496,498,505,496-498-505,26,-3.1203073526060137,3.1203073526060137,WOWOWWOW,WOWOOOOO
3,ddelta,496,498,505,496-498-505,27,2.249629004619647,2.249629004619647,OOWOWWOW,OOWOOOOO
3,ddelta,496,498,505,496-498-505,28,0.25654149913652646,0.25654149913652646,WWOOWWOW,WWOOOOOO
3,ddelta,496,498,505,496-498-505,29,-5.562405769948946,5.562405769948946,OWOOWWOW,OWOOOOOO
3,ddelta,496,498,505,496-498-505,30,-2.46836468770597,2.46836468770597,WOOOWWOW,WOOOOOOO
3,ddelta,496,498,505,496-498-505,31,-1.1119692590484982,1.1119692590484982,OOOOWWOW,OOOOOOOO
3,ddelta,496,501,505,496-501-505,0,-4.4648756739408455,4.4648756739408455,WWWWWWWW,WWWWOWOO
3,ddelta,496,501,505,496-501-505,1,-4.727246314540648,4.727246314540648,OWWWWWWW,OWWWOWOO
3,ddelta,496,501,505,496-501-505,2,-4.0615152062394655,4.0615152062394655,WOWWWWWW,WOWWOWOO
3,ddelta,496,501,505,496-501-505,3,1.28820860816531,1.28820860816531,OOWWWWWW,OOWWOWOO
3,ddelta,496,501,505,496-501-505,4,3.8619026384808866,3.8619026384808866,WWOWWWWW,WWOWOWOO
3,ddelta,496,501,505,496-501-505,5,5.064298023682761,5.064298023682761,OWOWWWWW,OWOWOWOO
3,ddelta,496,501,505,496-501-505,6,1.1987495432789537,1.1987495432789537,WOOWWWWW,WOOWOWOO
3,ddelta,496,501,505,496-501-505,7,0.3722883767591013,0.3722883767591013,OOOWWWWW,OOOWOWOO
3,ddelta,496,501,505,496-501-505,8,-4.808959152124749,4.808959152124749,WWWOWWWW,WWWOOWOO
3,ddelta,496,501,505,496-501-505,9,-1.9380839386132023,1.9380839386132023,OWWOWWWW,OWWOOWOO
3,ddelta,496,501,505,496-501-505,10,5.9722679570660695,5.9722679570660695,WOWOWWWW,WOWOOWOO
3,ddelta,496,501,505,496-501-505,11,-3.7492798231788416,3.7492798231788416,OOWOWWWW,OOWOOWOO
3,ddelta,496,501,505,496-501-505,12,-6.556038095280634,6.556038095280634,WWOOWWWW,WWOOOWOO
3,ddelta,496,501,505,496-501-505,13,-2.266230518686829,2.266230518686829,OWOOWWWW,OWOOOWOO
3,ddelta,496,501,505,496-501-505,14,0.5299914051789268,0.5299914051789268,WOOOWWWW,WOOOOWOO
3,ddelta,496,501,505,496-501-505,15,3.57859970717983,3.57859970717983,OOOOWWWW,OOOOOWOO
3,ddelta,496,501,505,496-501-505,16,5.798532271679401,5.798532271679401,WWWWWOWW,WWWWOOOO
3,ddelta,496,501,505,496-501-505,17,-5.005839899508881,5.005839899508881,OWWWWOWW,OWWWOOOO
3,ddelta,496,501,505,496-501-505,18,1.2024064837182813,1.2024064837182813,WOWWWOWW,WOWWOOOO
3,ddelta,496,501,505,496-501-505,19,3.877980796156245,3.877980796156245,OOWWWOWW,OOWWOOOO
3,ddelta,496,501,505,496-501-505,20,1.6379021048442355,1.6379021048442355,WWOWWOWW,WWOWOOOO
3,ddelta,496,501,505,496-501-505,21,1.1532042863858687,1.1532042863858687,OWOWWOWW,OWOWOOOO
3,ddelta,496,501,505,496-501-505,22,3.0717039862325546,3.0717039862325546,WOOWWOWW,WOOWOOOO
3,ddelta,496,501,505,496-501-505,23,-2.378590803589664,2.378590803589664,OOOWWOWW,OOOWOOOO
3,ddelta,496,501,505,496-501-505,24,-4.381520861088504,4.381520861088504,WWWOWOWW,WWWOOOOO
3,ddelta,496,501,505,496-501-505,25,1.0695593163345343,1.0695593163345343,OWWOWOWW,OWWOOOOO
3,ddelta,496,501,505,496-501-505,26,0.42645348074597667,0.42645348074597667,WOWOWOWW,WOWOOOOO
3,ddelta,496,501,505,496-501-505,27,2.0919559620993,2.0919559620993,OOWOWOWW,OOWOOOOO
3,ddelta,496,501,505,496-501-505,28,-6.868674608874933,6.868674608874933,WWOOWOWW,WWOOOOOO
3,ddelta,496,501,505,496-501-505,29,-5.483257902523284,5.483257902523284,OWOOWOWW,OWOOOOOO
3,ddelta,496,501,505,496-501-505,30,-1.082303795730996,1.082303795730996,WOOOWOWW,WOOOOOOO
3,ddelta,496,501,505,496-501-505,31,-0.2655297708432014,0.2655297708432014,OOOOWOWW,OOOOOOOO
3,ddelta,498,501,505,498-501-505,0,-2.1223787123534694,2.1223787123534694,WWWWWWWW,WWWWWOOO
3,ddelta,498,501,505,498-501-505,1,1.3707445349654694,1.3707445349654694,OWWWWWWW,OWWWWOOO
3,ddelta,498,501,505,498-501-505,2,0.8773161570487488,0.8773161570487488,WOWWWWWW,WOWWWOOO
3,ddelta,498,501,505,498-501-505,3,-4.508208039419158,4.508208039419158,OOWWWWWW,OOWWWOOO
3,ddelta,498,501,505,498-501-505,4,-3.6206985182971643,3.6206985182971643,WWOWWWWW,WWOWWOOO
3,ddelta,498,501,505,498-501-505,5,3.976576156365906,3.976576156365906,OWOWWWWW,OWOWWOOO
3,ddelta,498,501,505,498-501-505,6,-6.192470145169691,6.192470145169691,WOOWWWWW,WOOWWOOO
3,ddelta,498,501,505,498-501-505,7,1.0673905046587353,1.0673905046587353,OOOWWWWW,OOOWWOOO
3,ddelta,498,501,505,498-501-505,8,-2.7475201450827957,2.7475201450827957,WWWOWWWW,WWWOWOOO
3,ddelta,498,501,505,498-501-505,9,-2.2693447271270597,2.2693447271270597,OWWOWWWW,OWWOWOOO
3,ddelta,498,501,505,498-501-505,10,-0.6035427263169364,0.6035427263169364,WOWOWWWW,WOWOWOOO
3,ddelta,498,501,505,498-501-505,11,-0.9069427326115196,0.9069427326115196,OOWOWWWW,OOWOWOOO
3,ddelta,498,501,505,498-501-505,12,0.1546869201409995,0.1546869201409995,WWOOWWWW,WWOOWOOO
3,ddelta,498,501,505,498-501-505,13,-4.0396280983332185,4.0396280983332185,OWOOWWWW,OWOOWOOO
3,ddelta,498,501,505,498-501-505,14,2.588460842706585,2.588460842706585,WOOOWWWW,WOOOWOOO
3,ddelta,498,501,505,498-501-505,15,2.888970657775721,2.888970657775721,OOOOWWWW,OOOOWOOO
3,ddelta,498,501,505,498-501-505,16,8.141029233266778,8.141029233266778,WWWWOWWW,WWWWOOOO
3,ddelta,498,501,505,498-501-505,17,1.0921509499972353,1.0921509499972353,OWWWOWWW,OWWWOOOO
3,ddelta,498,501,505,498-501-505,18,6.141237847006497,6.141237847006497,WOWWOWWW,WOWWOOOO
3,ddelta,498,501,505,498-501-505,19,-1.9184358514282231,1.9184358514282231,OOWWOWWW,OOWWOOOO
3,ddelta,498,501,505,498-501-505,20,-5.844699051933816,5.844699051933816,WWOWOWWW,WWOWOOOO
3,ddelta,498,501,505,498-501-505,21,0.06548241906901464,0.06548241906901464,OWOWOWWW,OWOWOOOO
3,ddelta,498,501,505,498-501-505,22,-4.31951570221609,4.31951570221609,WOOWOWWW,WOOWOOOO
3,ddelta,498,501,505,498-501-505,23,-1.6834886756900302,1.6834886756900302,OOOWOWWW,OOOWOOOO
3,ddelta,498,501,505,498-501-505,24,-2.3200818540465504,2.3200818540465504,WWWOOWWW,WWWOOOOO
3,ddelta,498,501,505,498-501-505,25,0.7382985278206771,0.7382985278206771,OWWOOWWW,OWWOOOOO
3,ddelta,498,501,505,498-501-505,26,-6.149357202637031,6.149357202637031,WOWOOWWW,WOWOOOOO
3,ddelta,498,501,505,498-501-505,27,4.9342930526666215,4.9342930526666215,OOWOOWWW,OOWOOOOO
3,ddelta,498,501,505,498-501-505,28,-0.15794959345329884,0.15794959345329884,WWOOOWWW,WWOOOOOO
3,ddelta,498,501,505,498-501-505,29,-7.256655482169673,7.256655482169673,OWOOOWWW,OWOOOOOO
3,ddelta,498,501,505,498-501-505,30,0.9761656417966624,0.9761656417966624,WOOOOWWW,WOOOOOOO
3,ddelta,498,501,505,498-501-505,31,-0.9551588202473107,0.9551588202473107,OOOOOWWW,OOOOOOOO
