library_id,metric,source,target,source_mut_count,target_mut_count,source_value,target_value,edge_delta,is_uphill
1,log2fc_pos_pre,OOOOOOOW,OOOOOOOO,7,8,-0.3986963377012082,1.401357483313039,1.8000538210142474,True
1,log2fc_pos_pre,OOOOOOWO,OOOOOOOO,7,8,-1.0183010015767768,1.401357483313039,2.419658484889816,True
1,log2fc_pos_pre,OOOOOWOO,OOOOOOOO,7,8,-0.4506836071009266,1.401357483313039,1.8520410904139657,True
1,log2fc_pos_pre,OOOOWOOO,OOOOOOOO,7,8,0.412662090559822,1.401357483313039,0.9886953927532172,True
1,log2fc_pos_pre,OOOWOOOO,OOOOOOOO,7,8,-2.5423178714602925,1.401357483313039,3.9436753547733314,True
1,log2fc_pos_pre,OOWOOOOO,OOOOOOOO,7,8,2.5463137194658465,1.401357483313039,-1.1449562361528074,False
1,log2fc_pos_pre,OWOOOOOO,OOOOOOOO,7,8,0.1373041878976872,1.401357483313039,1.2640532954153518,True
1,log2fc_pos_pre,WOOOOOOO,OOOOOOOO,7,8,1.8066582431877696,1.401357483313039,-0.40530075987473047,False
1,log2fc_pos_pre,OOOOOOWW,OOOOOOOW,6,7,-4.807749005126951,-0.3986963377012082,4.409052667425742,True
1,log2fc_pos_pre,OOOOOWOW,OOOOOOOW,6,7,0.5470805691747836,-0.3986963377012082,-0.9457769068759918,False
1,log2fc_pos_pre,OOOOWOOW,OOOOOOOW,6,7,0.0625371511370864,-0.3986963377012082,-0.4612334888382946,False
1,log2fc_pos_pre,OOOWOOOW,OOOOOOOW,6,7,-0.0512419527893972,-0.3986963377012082,-0.347454384911811,False
1,log2fc_pos_pre,OOWOOOOW,OOOOOOOW,6,7,0.472802172442081,-0.3986963377012082,-0.8714985101432893,False
1,log2fc_pos_pre,OWOOOOOW,OOOOOOOW,6,7,0.161884587214476,-0.3986963377012082,-0.5605809249156842,False
1,log2fc_pos_pre,WOOOOOOW,OOOOOOOW,6,7,0.1050814617721417,-0.3986963377012082,-0.5037777994733499,False
1,log2fc_pos_pre,OOOOOOWW,OOOOOOWO,6,7,-4.807749005126951,-1.0183010015767768,3.7894480035501736,True
1,log2fc_pos_pre,OOOOOWWO,OOOOOOWO,6,7,-2.5615022883433283,-1.0183010015767768,1.5432012867665514,True
1,log2fc_pos_pre,OOOOWOWO,OOOOOOWO,6,7,0.2214196172519353,-1.0183010015767768,-1.2397206188287122,False
1,log2fc_pos_pre,OOOWOOWO,OOOOOOWO,6,7,-1.902102892047267,-1.0183010015767768,0.8838018904704901,True
1,log2fc_pos_pre,OOWOOOWO,OOOOOOWO,6,7,0.3877316964641493,-1.0183010015767768,-1.4060326980409261,False
1,log2fc_pos_pre,OWOOOOWO,OOOOOOWO,6,7,-1.8370230772166565,-1.0183010015767768,0.8187220756398796,True
1,log2fc_pos_pre,WOOOOOWO,OOOOOOWO,6,7,-0.1257609715682714,-1.0183010015767768,-0.8925400300085055,False
1,log2fc_pos_pre,OOOOOWWW,OOOOOOWW,5,6,-2.5618294168837705,-4.807749005126951,-2.24591958824318,False
1,log2fc_pos_pre,OOOOWOWW,OOOOOOWW,5,6,-2.7139576896228927,-4.807749005126951,-2.093791315504058,False
1,log2fc_pos_pre,OOOWOOWW,OOOOOOWW,5,6,-1.958945681305537,-4.807749005126951,-2.8488033238214134,False
1,log2fc_pos_pre,OOWOOOWW,OOOOOOWW,5,6,-2.1557779006448463,-4.807749005126951,-2.6519711044821044,False
1,log2fc_pos_pre,OWOOOOWW,OOOOOOWW,5,6,-4.995513513332897,-4.807749005126951,0.18776450820594626,True
1,log2fc_pos_pre,WOOOOOWW,OOOOOOWW,5,6,-5.322596351419337,-4.807749005126951,0.5148473462923864,True
1,log2fc_pos_pre,OOOOOWOW,OOOOOWOO,6,7,0.5470805691747836,-0.4506836071009266,-0.9977641762757102,False
1,log2fc_pos_pre,OOOOOWWO,OOOOOWOO,6,7,-2.5615022883433283,-0.4506836071009266,2.1108186812424017,True
1,log2fc_pos_pre,OOOOWWOO,OOOOOWOO,6,7,-0.0074516689534926,-0.4506836071009266,-0.443231938147434,False
1,log2fc_pos_pre,OOOWOWOO,OOOOOWOO,6,7,-0.0130063669081346,-0.4506836071009266,-0.43767724019279197,False
1,log2fc_pos_pre,OOWOOWOO,OOOOOWOO,6,7,0.5970816514024828,-0.4506836071009266,-1.0477652585034094,False
1,log2fc_pos_pre,OWOOOWOO,OOOOOWOO,6,7,-1.964453107223376,-0.4506836071009266,1.5137695001224494,True
1,log2fc_pos_pre,WOOOOWOO,OOOOOWOO,6,7,-1.2382061721573412,-0.4506836071009266,0.7875225650564146,True
1,log2fc_pos_pre,OOOOOWWW,OOOOOWOW,5,6,-2.5618294168837705,0.5470805691747836,3.108909986058554,True
1,log2fc_pos_pre,OOOOWWOW,OOOOOWOW,5,6,0.0439776075790859,0.5470805691747836,0.5031029615956978,True
1,log2fc_pos_pre,OOOWOWOW,OOOOOWOW,5,6,0.004033413373462,0.5470805691747836,0.5430471558013217,True
1,log2fc_pos_pre,OOWOOWOW,OOOOOWOW,5,6,0.6442849890918927,0.5470805691747836,-0.09720441991710904,False
1,log2fc_pos_pre,OWOOOWOW,OOOOOWOW,5,6,0.3116976406359439,0.5470805691747836,0.23538292853883974,True
1,log2fc_pos_pre,WOOOOWOW,OOOOOWOW,5,6,0.7355024695529776,0.5470805691747836,-0.18842190037819395,False
1,log2fc_pos_pre,OOOOOWWW,OOOOOWWO,5,6,-2.5618294168837705,-2.5615022883433283,0.00032712854044225637,True
1,log2fc_pos_pre,OOOOWWWO,OOOOOWWO,5,6,-1.0464617448622318,-2.5615022883433283,-1.5150405434810965,False
1,log2fc_pos_pre,OOOWOWWO,OOOOOWWO,5,6,-3.59139037277245,-2.5615022883433283,1.0298880844291216,True
1,log2fc_pos_pre,OOWOOWWO,OOOOOWWO,5,6,-1.2715436727750906,-2.5615022883433283,-1.2899586155682377,False
1,log2fc_pos_pre,OWOOOWWO,OOOOOWWO,5,6,-2.4499227144847753,-2.5615022883433283,-0.111579573858553,False
1,log2fc_pos_pre,WOOOOWWO,OOOOOWWO,5,6,-6.98854854125675,-2.5615022883433283,4.4270462529134225,True
1,log2fc_pos_pre,OOOOWWWW,OOOOOWWW,4,5,-0.3105374506644157,-2.5618294168837705,-2.251291966219355,False
1,log2fc_pos_pre,OOOWOWWW,OOOOOWWW,4,5,-2.7189044909019344,-2.5618294168837705,0.1570750740181639,True
1,log2fc_pos_pre,OOWOOWWW,OOOOOWWW,4,5,-2.0331100599082563,-2.5618294168837705,-0.5287193569755142,False
1,log2fc_pos_pre,OWOOOWWW,OOOOOWWW,4,5,-2.7014914894477107,-2.5618294168837705,0.13966207256394014,True
1,log2fc_pos_pre,WOOOOWWW,OOOOOWWW,4,5,-5.79750362093894,-2.5618294168837705,3.2356742040551696,True
1,log2fc_pos_pre,OOOOWOOW,OOOOWOOO,6,7,0.0625371511370864,0.412662090559822,0.3501249394227356,True
1,log2fc_pos_pre,OOOOWOWO,OOOOWOOO,6,7,0.2214196172519353,0.412662090559822,0.1912424733078867,True
1,log2fc_pos_pre,OOOOWWOO,OOOOWOOO,6,7,-0.0074516689534926,0.412662090559822,0.4201137595133146,True
1,log2fc_pos_pre,OOOWWOOO,OOOOWOOO,6,7,0.0907601381783856,0.412662090559822,0.3219019523814364,True
1,log2fc_pos_pre,OOWOWOOO,OOOOWOOO,6,7,-1.1160437064018596,0.412662090559822,1.5287057969616815,True
1,log2fc_pos_pre,OWOOWOOO,OOOOWOOO,6,7,0.7396201851559638,0.412662090559822,-0.32695809459614184,False
1,log2fc_pos_pre,WOOOWOOO,OOOOWOOO,6,7,2.6778173975197617,0.412662090559822,-2.2651553069599397,False
1,log2fc_pos_pre,OOOOWOWW,OOOOWOOW,5,6,-2.7139576896228927,0.0625371511370864,2.776494840759979,True
1,log2fc_pos_pre,OOOOWWOW,OOOOWOOW,5,6,0.0439776075790859,0.0625371511370864,0.018559543558000498,True
1,log2fc_pos_pre,OOOWWOOW,OOOOWOOW,5,6,0.5269235292418711,0.0625371511370864,-0.4643863781047847,False
1,log2fc_pos_pre,OOWOWOOW,OOOOWOOW,5,6,1.0808565382869686,0.0625371511370864,-1.0183193871498821,False
1,log2fc_pos_pre,OWOOWOOW,OOOOWOOW,5,6,0.2947596611329359,0.0625371511370864,-0.23222250999584948,False
1,log2fc_pos_pre,WOOOWOOW,OOOOWOOW,5,6,0.3834221109992248,0.0625371511370864,-0.3208849598621384,False
1,log2fc_pos_pre,OOOOWOWW,OOOOWOWO,5,6,-2.7139576896228927,0.2214196172519353,2.935377306874828,True
1,log2fc_pos_pre,OOOOWWWO,OOOOWOWO,5,6,-1.0464617448622318,0.2214196172519353,1.2678813621141671,True
1,log2fc_pos_pre,OOOWWOWO,OOOOWOWO,5,6,-0.6840958510845281,0.2214196172519353,0.9055154683364633,True
1,log2fc_pos_pre,OOWOWOWO,OOOOWOWO,5,6,0.061838380608222,0.2214196172519353,0.1595812366437133,True
1,log2fc_pos_pre,OWOOWOWO,OOOOWOWO,5,6,-1.9632317135689543,0.2214196172519353,2.1846513308208895,True
1,log2fc_pos_pre,WOOOWOWO,OOOOWOWO,5,6,-0.2767844314023905,0.2214196172519353,0.49820404865432577,True
1,log2fc_pos_pre,OOOOWWWW,OOOOWOWW,4,5,-0.3105374506644157,-2.7139576896228927,-2.403420238958477,False
1,log2fc_pos_pre,OOOWWOWW,OOOOWOWW,4,5,-2.3147322979773097,-2.7139576896228927,-0.399225391645583,False
1,log2fc_pos_pre,OOWOWOWW,OOOOWOWW,4,5,-2.4100525904660826,-2.7139576896228927,-0.3039050991568102,False
1,log2fc_pos_pre,OWOOWOWW,OOOOWOWW,4,5,-2.0968445226874017,-2.7139576896228927,-0.617113166935491,False
1,log2fc_pos_pre,WOOOWOWW,OOOOWOWW,4,5,-3.6527568610561985,-2.7139576896228927,0.9387991714333057,True
1,log2fc_pos_pre,OOOOWWOW,OOOOWWOO,5,6,0.0439776075790859,-0.0074516689534926,-0.0514292765325785,False
1,log2fc_pos_pre,OOOOWWWO,OOOOWWOO,5,6,-1.0464617448622318,-0.0074516689534926,1.039010075908739,True
1,log2fc_pos_pre,OOOWWWOO,OOOOWWOO,5,6,-0.4989311591847791,-0.0074516689534926,0.4914794902312865,True
1,log2fc_pos_pre,OOWOWWOO,OOOOWWOO,5,6,0.7808068144619833,-0.0074516689534926,-0.7882584834154759,False
1,log2fc_pos_pre,OWOOWWOO,OOOOWWOO,5,6,0.2482169084261527,-0.0074516689534926,-0.2556685773796453,False
1,log2fc_pos_pre,WOOOWWOO,OOOOWWOO,5,6,0.7021286179018099,-0.0074516689534926,-0.7095802868553025,False
1,log2fc_pos_pre,OOOOWWWW,OOOOWWOW,4,5,-0.3105374506644157,0.0439776075790859,0.3545150582435016,True
1,log2fc_pos_pre,OOOWWWOW,OOOOWWOW,4,5,-0.8613139302690056,0.0439776075790859,0.9052915378480915,True
1,log2fc_pos_pre,OOWOWWOW,OOOOWWOW,4,5,0.5913732609229141,0.0439776075790859,-0.5473956533438282,False
1,log2fc_pos_pre,OWOOWWOW,OOOOWWOW,4,5,0.6532869972203418,0.0439776075790859,-0.6093093896412559,False
1,log2fc_pos_pre,WOOOWWOW,OOOOWWOW,4,5,-0.4649408403758602,0.0439776075790859,0.5089184479549461,True
1,log2fc_pos_pre,OOOOWWWW,OOOOWWWO,4,5,-0.3105374506644157,-1.0464617448622318,-0.7359242941978161,False
1,log2fc_pos_pre,OOOWWWWO,OOOOWWWO,4,5,-0.7088631196575326,-1.0464617448622318,-0.3375986252046992,False
1,log2fc_pos_pre,OOWOWWWO,OOOOWWWO,4,5,-1.8269685782216036,-1.0464617448622318,0.7805068333593719,True
1,log2fc_pos_pre,OWOOWWWO,OOOOWWWO,4,5,-0.0995099823974793,-1.0464617448622318,-0.9469517624647524,False
1,log2fc_pos_pre,WOOOWWWO,OOOOWWWO,4,5,-2.5471799999591447,-1.0464617448622318,1.500718255096913,True
1,log2fc_pos_pre,OOOWWWWW,OOOOWWWW,3,4,-1.9824426378627895,-0.3105374506644157,1.6719051871983739,True
1,log2fc_pos_pre,OOWOWWWW,OOOOWWWW,3,4,-0.4327423225220566,-0.3105374506644157,0.1222048718576409,True
1,log2fc_pos_pre,OWOOWWWW,OOOOWWWW,3,4,-0.7463617143412236,-0.3105374506644157,0.4358242636768079,True
1,log2fc_pos_pre,WOOOWWWW,OOOOWWWW,3,4,-0.8791973501575602,-0.3105374506644157,0.5686598994931444,True
1,log2fc_pos_pre,OOOWOOOW,OOOWOOOO,6,7,-0.0512419527893972,-2.5423178714602925,-2.4910759186708953,False
1,log2fc_pos_pre,OOOWOOWO,OOOWOOOO,6,7,-1.902102892047267,-2.5423178714602925,-0.6402149794130256,False
1,log2fc_pos_pre,OOOWOWOO,OOOWOOOO,6,7,-0.0130063669081346,-2.5423178714602925,-2.529311504552158,False
1,log2fc_pos_pre,OOOWWOOO,OOOWOOOO,6,7,0.0907601381783856,-2.5423178714602925,-2.633078009638678,False
1,log2fc_pos_pre,OOWWOOOO,OOOWOOOO,6,7,2.3726673205524893,-2.5423178714602925,-4.914985192012782,False
1,log2fc_pos_pre,OWOWOOOO,OOOWOOOO,6,7,0.1097675457878186,-2.5423178714602925,-2.652085417248111,False
1,log2fc_pos_pre,WOOWOOOO,OOOWOOOO,6,7,1.2991738355824958,-2.5423178714602925,-3.8414917070427883,False
1,log2fc_pos_pre,OOOWOOWW,OOOWOOOW,5,6,-1.958945681305537,-0.0512419527893972,1.9077037285161398,True
1,log2fc_pos_pre,OOOWOWOW,OOOWOOOW,5,6,0.004033413373462,-0.0512419527893972,-0.0552753661628592,False
1,log2fc_pos_pre,OOOWWOOW,OOOWOOOW,5,6,0.5269235292418711,-0.0512419527893972,-0.5781654820312684,False
1,log2fc_pos_pre,OOWWOOOW,OOOWOOOW,5,6,0.2138466319822177,-0.0512419527893972,-0.2650885847716149,False
1,log2fc_pos_pre,OWOWOOOW,OOOWOOOW,5,6,-0.0575957443241379,-0.0512419527893972,0.006353791534740701,True
1,log2fc_pos_pre,WOOWOOOW,OOOWOOOW,5,6,-0.0299302872880084,-0.0512419527893972,-0.0213116655013888,False
1,log2fc_pos_pre,OOOWOOWW,OOOWOOWO,5,6,-1.958945681305537,-1.902102892047267,0.05684278925827013,True
1,log2fc_pos_pre,OOOWOWWO,OOOWOOWO,5,6,-3.59139037277245,-1.902102892047267,1.689287480725183,True
1,log2fc_pos_pre,OOOWWOWO,OOOWOOWO,5,6,-0.6840958510845281,-1.902102892047267,-1.2180070409627388,False
1,log2fc_pos_pre,OOWWOOWO,OOOWOOWO,5,6,0.5727626977636286,-1.902102892047267,-2.4748655898108955,False
1,log2fc_pos_pre,OWOWOOWO,OOOWOOWO,5,6,-2.358355899176593,-1.902102892047267,0.45625300712932626,True
1,log2fc_pos_pre,WOOWOOWO,OOOWOOWO,5,6,-0.7566687783461711,-1.902102892047267,-1.145434113701096,False
1,log2fc_pos_pre,OOOWOWWW,OOOWOOWW,4,5,-2.7189044909019344,-1.958945681305537,0.7599588095963974,True
1,log2fc_pos_pre,OOOWWOWW,OOOWOOWW,4,5,-2.3147322979773097,-1.958945681305537,0.3557866166717727,True
1,log2fc_pos_pre,OOWWOOWW,OOOWOOWW,4,5,-1.43193090711244,-1.958945681305537,-0.5270147741930971,False
1,log2fc_pos_pre,OWOWOOWW,OOOWOOWW,4,5,-2.4684162400635254,-1.958945681305537,0.5094705587579884,True
1,log2fc_pos_pre,WOOWOOWW,OOOWOOWW,4,5,-3.8411125085254256,-1.958945681305537,1.8821668272198886,True
1,log2fc_pos_pre,OOOWOWOW,OOOWOWOO,5,6,0.004033413373462,-0.0130063669081346,-0.0170397802815966,False
1,log2fc_pos_pre,OOOWOWWO,OOOWOWOO,5,6,-3.59139037277245,-0.0130063669081346,3.5783840058643155,True
1,log2fc_pos_pre,OOOWWWOO,OOOWOWOO,5,6,-0.4989311591847791,-0.0130063669081346,0.4859247922766445,True
1,log2fc_pos_pre,OOWWOWOO,OOOWOWOO,5,6,1.3532994845832536,-0.0130063669081346,-1.3663058514913882,False
1,log2fc_pos_pre,OWOWOWOO,OOOWOWOO,5,6,-0.4001311065158515,-0.0130063669081346,0.3871247396077169,True
1,log2fc_pos_pre,WOOWOWOO,OOOWOWOO,5,6,-0.0296343285133319,-0.0130063669081346,0.0166279616051973,True
1,log2fc_pos_pre,OOOWOWWW,OOOWOWOW,4,5,-2.7189044909019344,0.004033413373462,2.7229379042753963,True
1,log2fc_pos_pre,OOOWWWOW,OOOWOWOW,4,5,-0.8613139302690056,0.004033413373462,0.8653473436424676,True
1,log2fc_pos_pre,OOWWOWOW,OOOWOWOW,4,5,0.9213447819010984,0.004033413373462,-0.9173113685276364,False
1,log2fc_pos_pre,OWOWOWOW,OOOWOWOW,4,5,-0.0732225986874064,0.004033413373462,0.07725601206086839,True
1,log2fc_pos_pre,WOOWOWOW,OOOWOWOW,4,5,0.8822007833228139,0.004033413373462,-0.878167369949352,False
1,log2fc_pos_pre,OOOWOWWW,OOOWOWWO,4,5,-2.7189044909019344,-3.59139037277245,-0.8724858818705155,False
1,log2fc_pos_pre,OOOWWWWO,OOOWOWWO,4,5,-0.7088631196575326,-3.59139037277245,-2.882527253114917,False
1,log2fc_pos_pre,OOWWOWWO,OOOWOWWO,4,5,-1.1361451402926748,-3.59139037277245,-2.455245232479775,False
1,log2fc_pos_pre,OWOWOWWO,OOOWOWWO,4,5,-3.659032251469333,-3.59139037277245,0.06764187869688332,True
1,log2fc_pos_pre,WOOWOWWO,OOOWOWWO,4,5,-4.115852400703455,-3.59139037277245,0.5244620279310048,True
1,log2fc_pos_pre,OOOWWWWW,OOOWOWWW,3,4,-1.9824426378627895,-2.7189044909019344,-0.7364618530391449,False
1,log2fc_pos_pre,OOWWOWWW,OOOWOWWW,3,4,-0.4004676196738561,-2.7189044909019344,-2.3184368712280783,False
1,log2fc_pos_pre,OWOWOWWW,OOOWOWWW,3,4,-2.729013417207496,-2.7189044909019344,0.010108926305561372,True
1,log2fc_pos_pre,WOOWOWWW,OOOWOWWW,3,4,-0.6855069336913486,-2.7189044909019344,-2.033397557210586,False
1,log2fc_pos_pre,OOOWWOOW,OOOWWOOO,5,6,0.5269235292418711,0.0907601381783856,-0.43616339106348556,False
1,log2fc_pos_pre,OOOWWOWO,OOOWWOOO,5,6,-0.6840958510845281,0.0907601381783856,0.7748559892629137,True
1,log2fc_pos_pre,OOOWWWOO,OOOWWOOO,5,6,-0.4989311591847791,0.0907601381783856,0.5896912973631647,True
1,log2fc_pos_pre,OOWWWOOO,OOOWWOOO,5,6,1.4589720985736894,0.0907601381783856,-1.3682119603953038,False
1,log2fc_pos_pre,OWOWWOOO,OOOWWOOO,5,6,0.0997128446383117,0.0907601381783856,-0.008952706459926102,False
1,log2fc_pos_pre,WOOWWOOO,OOOWWOOO,5,6,0.6680419098130121,0.0907601381783856,-0.5772817716346266,False
1,log2fc_pos_pre,OOOWWOWW,OOOWWOOW,4,5,-2.3147322979773097,0.5269235292418711,2.841655827219181,True
1,log2fc_pos_pre,OOOWWWOW,OOOWWOOW,4,5,-0.8613139302690056,0.5269235292418711,1.3882374595108766,True
1,log2fc_pos_pre,OOWWWOOW,OOOWWOOW,4,5,0.8761849108518779,0.5269235292418711,-0.34926138161000675,False
1,log2fc_pos_pre,OWOWWOOW,OOOWWOOW,4,5,-0.9577996614211244,0.5269235292418711,1.4847231906629954,True
1,log2fc_pos_pre,WOOWWOOW,OOOWWOOW,4,5,-0.4048314713950245,0.5269235292418711,0.9317550006368956,True
1,log2fc_pos_pre,OOOWWOWW,OOOWWOWO,4,5,-2.3147322979773097,-0.6840958510845281,1.6306364468927816,True
1,log2fc_pos_pre,OOOWWWWO,OOOWWOWO,4,5,-0.7088631196575326,-0.6840958510845281,0.024767268573004486,True
1,log2fc_pos_pre,OOWWWOWO,OOOWWOWO,4,5,-0.92557123172817,-0.6840958510845281,0.24147538064364193,True
1,log2fc_pos_pre,OWOWWOWO,OOOWWOWO,4,5,-2.6541227242176797,-0.6840958510845281,1.9700268731331516,True
1,log2fc_pos_pre,WOOWWOWO,OOOWWOWO,4,5,-1.5204122186698117,-0.6840958510845281,0.8363163675852836,True
1,log2fc_pos_pre,OOOWWWWW,OOOWWOWW,3,4,-1.9824426378627895,-2.3147322979773097,-0.3322896601145202,False
1,log2fc_pos_pre,OOWWWOWW,OOOWWOWW,3,4,-1.041753232879692,-2.3147322979773097,-1.2729790650976178,False
1,log2fc_pos_pre,OWOWWOWW,OOOWWOWW,3,4,-2.9876855866401963,-2.3147322979773097,0.6729532886628866,True
1,log2fc_pos_pre,WOOWWOWW,OOOWWOWW,3,4,-0.7391400497905964,-2.3147322979773097,-1.5755922481867133,False
1,log2fc_pos_pre,OOOWWWOW,OOOWWWOO,4,5,-0.8613139302690056,-0.4989311591847791,0.3623827710842265,True
1,log2fc_pos_pre,OOOWWWWO,OOOWWWOO,4,5,-0.7088631196575326,-0.4989311591847791,0.20993196047275348,True
1,log2fc_pos_pre,OOWWWWOO,OOOWWWOO,4,5,1.3762472342139405,-0.4989311591847791,-1.8751783933987196,False
1,log2fc_pos_pre,OWOWWWOO,OOOWWWOO,4,5,-2.1258952795919814,-0.4989311591847791,1.6269641204072023,True
1,log2fc_pos_pre,WOOWWWOO,OOOWWWOO,4,5,-1.1898015554996075,-0.4989311591847791,0.6908703963148284,True
1,log2fc_pos_pre,OOOWWWWW,OOOWWWOW,3,4,-1.9824426378627895,-0.8613139302690056,1.121128707593784,True
1,log2fc_pos_pre,OOWWWWOW,OOOWWWOW,3,4,1.3063792047030507,-0.8613139302690056,-2.1676931349720565,False
1,log2fc_pos_pre,OWOWWWOW,OOOWWWOW,3,4,-1.7803924868961678,-0.8613139302690056,0.9190785566271622,True
1,log2fc_pos_pre,WOOWWWOW,OOOWWWOW,3,4,-1.495557229842195,-0.8613139302690056,0.6342432995731895,True
1,log2fc_pos_pre,OOOWWWWW,OOOWWWWO,3,4,-1.9824426378627895,-0.7088631196575326,1.273579518205257,True
1,log2fc_pos_pre,OOWWWWWO,OOOWWWWO,3,4,-0.2533064876925888,-0.7088631196575326,-0.4555566319649438,False
1,log2fc_pos_pre,OWOWWWWO,OOOWWWWO,3,4,-3.2591344242698734,-0.7088631196575326,2.550271304612341,True
1,log2fc_pos_pre,WOOWWWWO,OOOWWWWO,3,4,-2.1116336694031848,-0.7088631196575326,1.4027705497456522,True
1,log2fc_pos_pre,OOWWWWWW,OOOWWWWW,2,3,0.7049014301277333,-1.9824426378627895,-2.687344067990523,False
1,log2fc_pos_pre,OWOWWWWW,OOOWWWWW,2,3,-0.5526953315691693,-1.9824426378627895,-1.4297473062936201,False
1,log2fc_pos_pre,WOOWWWWW,OOOWWWWW,2,3,-0.0368548155939417,-1.9824426378627895,-1.9455878222688479,False
1,log2fc_pos_pre,OOWOOOOW,OOWOOOOO,6,7,0.472802172442081,2.5463137194658465,2.0735115470237657,True
1,log2fc_pos_pre,OOWOOOWO,OOWOOOOO,6,7,0.3877316964641493,2.5463137194658465,2.1585820230016974,True
1,log2fc_pos_pre,OOWOOWOO,OOWOOOOO,6,7,0.5970816514024828,2.5463137194658465,1.9492320680633637,True
1,log2fc_pos_pre,OOWOWOOO,OOWOOOOO,6,7,-1.1160437064018596,2.5463137194658465,3.662357425867706,True
1,log2fc_pos_pre,OOWWOOOO,OOWOOOOO,6,7,2.3726673205524893,2.5463137194658465,0.1736463989133572,True
1,log2fc_pos_pre,OWWOOOOO,OOWOOOOO,6,7,1.9076687110378705,2.5463137194658465,0.638645008427976,True
1,log2fc_pos_pre,WOWOOOOO,OOWOOOOO,6,7,2.132771640008578,2.5463137194658465,0.4135420794572684,True
1,log2fc_pos_pre,OOWOOOWW,OOWOOOOW,5,6,-2.1557779006448463,0.472802172442081,2.628580073086927,True
1,log2fc_pos_pre,OOWOOWOW,OOWOOOOW,5,6,0.6442849890918927,0.472802172442081,-0.1714828166498117,False
1,log2fc_pos_pre,OOWOWOOW,OOWOOOOW,5,6,1.0808565382869686,0.472802172442081,-0.6080543658448876,False
1,log2fc_pos_pre,OOWWOOOW,OOWOOOOW,5,6,0.2138466319822177,0.472802172442081,0.2589555404598633,True
1,log2fc_pos_pre,OWWOOOOW,OOWOOOOW,5,6,0.0787919621096982,0.472802172442081,0.3940102103323828,True
1,log2fc_pos_pre,WOWOOOOW,OOWOOOOW,5,6,0.4746633528953901,0.472802172442081,-0.0018611804533090748,False
1,log2fc_pos_pre,OOWOOOWW,OOWOOOWO,5,6,-2.1557779006448463,0.3877316964641493,2.5435095971089954,True
1,log2fc_pos_pre,OOWOOWWO,OOWOOOWO,5,6,-1.2715436727750906,0.3877316964641493,1.65927536923924,True
1,log2fc_pos_pre,OOWOWOWO,OOWOOOWO,5,6,0.061838380608222,0.3877316964641493,0.3258933158559273,True
1,log2fc_pos_pre,OOWWOOWO,OOWOOOWO,5,6,0.5727626977636286,0.3877316964641493,-0.18503100129947936,False
1,log2fc_pos_pre,OWWOOOWO,OOWOOOWO,5,6,-1.340623489453802,0.3877316964641493,1.7283551859179513,True
1,log2fc_pos_pre,WOWOOOWO,OOWOOOWO,5,6,-2.0933624112459857,0.3877316964641493,2.4810941077101347,True
1,log2fc_pos_pre,OOWOOWWW,OOWOOOWW,4,5,-2.0331100599082563,-2.1557779006448463,-0.12266784073658998,False
1,log2fc_pos_pre,OOWOWOWW,OOWOOOWW,4,5,-2.4100525904660826,-2.1557779006448463,0.25427468982123624,True
1,log2fc_pos_pre,OOWWOOWW,OOWOOOWW,4,5,-1.43193090711244,-2.1557779006448463,-0.7238469935324063,False
1,log2fc_pos_pre,OWWOOOWW,OOWOOOWW,4,5,-4.722573138118677,-2.1557779006448463,2.5667952374738308,True
1,log2fc_pos_pre,WOWOOOWW,OOWOOOWW,4,5,-4.16101849602568,-2.1557779006448463,2.005240595380834,True
1,log2fc_pos_pre,OOWOOWOW,OOWOOWOO,5,6,0.6442849890918927,0.5970816514024828,-0.047203337689409874,False
1,log2fc_pos_pre,OOWOOWWO,OOWOOWOO,5,6,-1.2715436727750906,0.5970816514024828,1.8686253241775734,True
1,log2fc_pos_pre,OOWOWWOO,OOWOOWOO,5,6,0.7808068144619833,0.5970816514024828,-0.18372516305950048,False
1,log2fc_pos_pre,OOWWOWOO,OOWOOWOO,5,6,1.3532994845832536,0.5970816514024828,-0.7562178331807707,False
1,log2fc_pos_pre,OWWOOWOO,OOWOOWOO,5,6,-0.1379492245940932,0.5970816514024828,0.735030875996576,True
1,log2fc_pos_pre,WOWOOWOO,OOWOOWOO,5,6,-0.1366425921177549,0.5970816514024828,0.7337242435202377,True
1,log2fc_pos_pre,OOWOOWWW,OOWOOWOW,4,5,-2.0331100599082563,0.6442849890918927,2.677395049000149,True
1,log2fc_pos_pre,OOWOWWOW,OOWOOWOW,4,5,0.5913732609229141,0.6442849890918927,0.0529117281689786,True
1,log2fc_pos_pre,OOWWOWOW,OOWOOWOW,4,5,0.9213447819010984,0.6442849890918927,-0.2770597928092057,False
1,log2fc_pos_pre,OWWOOWOW,OOWOOWOW,4,5,0.5966791017563532,0.6442849890918927,0.0476058873355395,True
1,log2fc_pos_pre,WOWOOWOW,OOWOOWOW,4,5,1.5597991817088956,0.6442849890918927,-0.915514192617003,False
1,log2fc_pos_pre,OOWOOWWW,OOWOOWWO,4,5,-2.0331100599082563,-1.2715436727750906,0.7615663871331657,True
1,log2fc_pos_pre,OOWOWWWO,OOWOOWWO,4,5,-1.8269685782216036,-1.2715436727750906,0.555424905446513,True
1,log2fc_pos_pre,OOWWOWWO,OOWOOWWO,4,5,-1.1361451402926748,-1.2715436727750906,-0.13539853248241585,False
1,log2fc_pos_pre,OWWOOWWO,OOWOOWWO,4,5,-5.583565171898889,-1.2715436727750906,4.312021499123798,True
1,log2fc_pos_pre,WOWOOWWO,OOWOOWWO,4,5,-6.41891032089399,-1.2715436727750906,5.147366648118899,True
1,log2fc_pos_pre,OOWOWWWW,OOWOOWWW,3,4,-0.4327423225220566,-2.0331100599082563,-1.6003677373861998,False
1,log2fc_pos_pre,OOWWOWWW,OOWOOWWW,3,4,-0.4004676196738561,-2.0331100599082563,-1.6326424402344002,False
1,log2fc_pos_pre,OWWOOWWW,OOWOOWWW,3,4,-5.518577754230138,-2.0331100599082563,3.485467694321882,True
1,log2fc_pos_pre,WOWOOWWW,OOWOOWWW,3,4,-5.4952983130864475,-2.0331100599082563,3.462188253178191,True
1,log2fc_pos_pre,OOWOWOOW,OOWOWOOO,5,6,1.0808565382869686,-1.1160437064018596,-2.196900244688828,False
1,log2fc_pos_pre,OOWOWOWO,OOWOWOOO,5,6,0.061838380608222,-1.1160437064018596,-1.1778820870100817,False
1,log2fc_pos_pre,OOWOWWOO,OOWOWOOO,5,6,0.7808068144619833,-1.1160437064018596,-1.8968505208638429,False
1,log2fc_pos_pre,OOWWWOOO,OOWOWOOO,5,6,1.4589720985736894,-1.1160437064018596,-2.575015804975549,False
1,log2fc_pos_pre,OWWOWOOO,OOWOWOOO,5,6,0.6738171049633953,-1.1160437064018596,-1.789860811365255,False
1,log2fc_pos_pre,WOWOWOOO,OOWOWOOO,5,6,1.140523275880183,-1.1160437064018596,-2.2565669822820427,False
1,log2fc_pos_pre,OOWOWOWW,OOWOWOOW,4,5,-2.4100525904660826,1.0808565382869686,3.490909128753051,True
1,log2fc_pos_pre,OOWOWWOW,OOWOWOOW,4,5,0.5913732609229141,1.0808565382869686,0.4894832773640545,True
1,log2fc_pos_pre,OOWWWOOW,OOWOWOOW,4,5,0.8761849108518779,1.0808565382869686,0.2046716274350907,True
1,log2fc_pos_pre,OWWOWOOW,OOWOWOOW,4,5,0.1499007269092718,1.0808565382869686,0.9309558113776968,True
1,log2fc_pos_pre,WOWOWOOW,OOWOWOOW,4,5,1.0920272034332177,1.0808565382869686,-0.011170665146249092,False
1,log2fc_pos_pre,OOWOWOWW,OOWOWOWO,4,5,-2.4100525904660826,0.061838380608222,2.4718909710743047,True
1,log2fc_pos_pre,OOWOWWWO,OOWOWOWO,4,5,-1.8269685782216036,0.061838380608222,1.8888069588298255,True
1,log2fc_pos_pre,OOWWWOWO,OOWOWOWO,4,5,-0.92557123172817,0.061838380608222,0.987409612336392,True
1,log2fc_pos_pre,OWWOWOWO,OOWOWOWO,4,5,0.3663084613048711,0.061838380608222,-0.3044700806966491,False
1,log2fc_pos_pre,WOWOWOWO,OOWOWOWO,4,5,-0.64300187482714,0.061838380608222,0.704840255435362,True
1,log2fc_pos_pre,OOWOWWWW,OOWOWOWW,3,4,-0.4327423225220566,-2.4100525904660826,-1.977310267944026,False
1,log2fc_pos_pre,OOWWWOWW,OOWOWOWW,3,4,-1.041753232879692,-2.4100525904660826,-1.3682993575863907,False
1,log2fc_pos_pre,OWWOWOWW,OOWOWOWW,3,4,-2.419025822898483,-2.4100525904660826,0.008973232432400557,True
1,log2fc_pos_pre,WOWOWOWW,OOWOWOWW,3,4,-1.627015824974926,-2.4100525904660826,-0.7830367654911565,False
1,log2fc_pos_pre,OOWOWWOW,OOWOWWOO,4,5,0.5913732609229141,0.7808068144619833,0.1894335535390692,True
1,log2fc_pos_pre,OOWOWWWO,OOWOWWOO,4,5,-1.8269685782216036,0.7808068144619833,2.607775392683587,True
1,log2fc_pos_pre,OOWWWWOO,OOWOWWOO,4,5,1.3762472342139405,0.7808068144619833,-0.5954404197519572,False
1,log2fc_pos_pre,OWWOWWOO,OOWOWWOO,4,5,0.841325470820386,0.7808068144619833,-0.0605186563584027,False
1,log2fc_pos_pre,WOWOWWOO,OOWOWWOO,4,5,0.0481170027017586,0.7808068144619833,0.7326898117602247,True
1,log2fc_pos_pre,OOWOWWWW,OOWOWWOW,3,4,-0.4327423225220566,0.5913732609229141,1.0241155834449707,True
1,log2fc_pos_pre,OOWWWWOW,OOWOWWOW,3,4,1.3063792047030507,0.5913732609229141,-0.7150059437801366,False
1,log2fc_pos_pre,OWWOWWOW,OOWOWWOW,3,4,0.5117218627640188,0.5913732609229141,0.07965139815889533,True
1,log2fc_pos_pre,WOWOWWOW,OOWOWWOW,3,4,0.955918764494257,0.5913732609229141,-0.36454550357134285,False
1,log2fc_pos_pre,OOWOWWWW,OOWOWWWO,3,4,-0.4327423225220566,-1.8269685782216036,-1.394226255699547,False
1,log2fc_pos_pre,OOWWWWWO,OOWOWWWO,3,4,-0.2533064876925888,-1.8269685782216036,-1.5736620905290148,False
1,log2fc_pos_pre,OWWOWWWO,OOWOWWWO,3,4,-1.6509437779075529,-1.8269685782216036,-0.17602480031405077,False
1,log2fc_pos_pre,WOWOWWWO,OOWOWWWO,3,4,-4.4615284985843,-1.8269685782216036,2.6345599203626957,True
1,log2fc_pos_pre,OOWWWWWW,OOWOWWWW,2,3,0.7049014301277333,-0.4327423225220566,-1.1376437526497898,False
1,log2fc_pos_pre,OWWOWWWW,OOWOWWWW,2,3,-0.2459972870074689,-0.4327423225220566,-0.18674503551458768,False
1,log2fc_pos_pre,WOWOWWWW,OOWOWWWW,2,3,-0.4837138618596364,-0.4327423225220566,0.05097153933757981,True
1,log2fc_pos_pre,OOWWOOOW,OOWWOOOO,5,6,0.2138466319822177,2.3726673205524893,2.1588206885702714,True
1,log2fc_pos_pre,OOWWOOWO,OOWWOOOO,5,6,0.5727626977636286,2.3726673205524893,1.7999046227888607,True
1,log2fc_pos_pre,OOWWOWOO,OOWWOOOO,5,6,1.3532994845832536,2.3726673205524893,1.0193678359692357,True
1,log2fc_pos_pre,OOWWWOOO,OOWWOOOO,5,6,1.4589720985736894,2.3726673205524893,0.9136952219787999,True
1,log2fc_pos_pre,OWWWOOOO,OOWWOOOO,5,6,1.5255827481313524,2.3726673205524893,0.8470845724211369,True
1,log2fc_pos_pre,WOWWOOOO,OOWWOOOO,5,6,2.6201833512459047,2.3726673205524893,-0.24751603069341543,False
1,log2fc_pos_pre,OOWWOOWW,OOWWOOOW,4,5,-1.43193090711244,0.2138466319822177,1.6457775390946576,True
1,log2fc_pos_pre,OOWWOWOW,OOWWOOOW,4,5,0.9213447819010984,0.2138466319822177,-0.7074981499188806,False
1,log2fc_pos_pre,OOWWWOOW,OOWWOOOW,4,5,0.8761849108518779,0.2138466319822177,-0.6623382788696601,False
1,log2fc_pos_pre,OWWWOOOW,OOWWOOOW,4,5,1.267189733314522,0.2138466319822177,-1.0533431013323042,False
1,log2fc_pos_pre,WOWWOOOW,OOWWOOOW,4,5,1.2764945158429268,0.2138466319822177,-1.0626478838607092,False
1,log2fc_pos_pre,OOWWOOWW,OOWWOOWO,4,5,-1.43193090711244,0.5727626977636286,2.004693604876069,True
1,log2fc_pos_pre,OOWWOWWO,OOWWOOWO,4,5,-1.1361451402926748,0.5727626977636286,1.7089078380563034,True
1,log2fc_pos_pre,OOWWWOWO,OOWWOOWO,4,5,-0.92557123172817,0.5727626977636286,1.4983339294917988,True
1,log2fc_pos_pre,OWWWOOWO,OOWWOOWO,4,5,0.2944577362373182,0.5727626977636286,0.27830496152631046,True
1,log2fc_pos_pre,WOWWOOWO,OOWWOOWO,4,5,0.5115712694293391,0.5727626977636286,0.06119142833428959,True
1,log2fc_pos_pre,OOWWOWWW,OOWWOOWW,3,4,-0.4004676196738561,-1.43193090711244,-1.0314632874385838,False
1,log2fc_pos_pre,OOWWWOWW,OOWWOOWW,3,4,-1.041753232879692,-1.43193090711244,-0.3901776742327481,False
1,log2fc_pos_pre,OWWWOOWW,OOWWOOWW,3,4,-0.5935113818108795,-1.43193090711244,-0.8384195253015605,False
1,log2fc_pos_pre,WOWWOOWW,OOWWOOWW,3,4,-1.5475650475160212,-1.43193090711244,0.11563414040358122,True
1,log2fc_pos_pre,OOWWOWOW,OOWWOWOO,4,5,0.9213447819010984,1.3532994845832536,0.4319547026821552,True
1,log2fc_pos_pre,OOWWOWWO,OOWWOWOO,4,5,-1.1361451402926748,1.3532994845832536,2.4894446248759285,True
1,log2fc_pos_pre,OOWWWWOO,OOWWOWOO,4,5,1.3762472342139405,1.3532994845832536,-0.02294774963068691,False
1,log2fc_pos_pre,OWWWOWOO,OOWWOWOO,4,5,0.3402017264079575,1.3532994845832536,1.013097758175296,True
1,log2fc_pos_pre,WOWWOWOO,OOWWOWOO,4,5,1.529543445812323,1.3532994845832536,-0.17624396122906938,False
1,log2fc_pos_pre,OOWWOWWW,OOWWOWOW,3,4,-0.4004676196738561,0.9213447819010984,1.3218124015749544,True
1,log2fc_pos_pre,OOWWWWOW,OOWWOWOW,3,4,1.3063792047030507,0.9213447819010984,-0.3850344228019523,False
1,log2fc_pos_pre,OWWWOWOW,OOWWOWOW,3,4,0.2013876569421715,0.9213447819010984,0.7199571249589268,True
1,log2fc_pos_pre,WOWWOWOW,OOWWOWOW,3,4,1.2917496700686055,0.9213447819010984,-0.37040488816750716,False
1,log2fc_pos_pre,OOWWOWWW,OOWWOWWO,3,4,-0.4004676196738561,-1.1361451402926748,-0.7356775206188186,False
1,log2fc_pos_pre,OOWWWWWO,OOWWOWWO,3,4,-0.2533064876925888,-1.1361451402926748,-0.882838652600086,False
1,log2fc_pos_pre,OWWWOWWO,OOWWOWWO,3,4,-1.78411464751169,-1.1361451402926748,0.6479695072190153,True
1,log2fc_pos_pre,WOWWOWWO,OOWWOWWO,3,4,-2.4942433808435553,-1.1361451402926748,1.3580982405508806,True
1,log2fc_pos_pre,OOWWWWWW,OOWWOWWW,2,3,0.7049014301277333,-0.4004676196738561,-1.1053690498015893,False
1,log2fc_pos_pre,OWWWOWWW,OOWWOWWW,2,3,-1.42989084008936,-0.4004676196738561,1.0294232204155038,True
1,log2fc_pos_pre,WOWWOWWW,OOWWOWWW,2,3,-0.8407639521068587,-0.4004676196738561,0.44029633243300265,True
1,log2fc_pos_pre,OOWWWOOW,OOWWWOOO,4,5,0.8761849108518779,1.4589720985736894,0.5827871877218115,True
1,log2fc_pos_pre,OOWWWOWO,OOWWWOOO,4,5,-0.92557123172817,1.4589720985736894,2.3845433303018595,True
1,log2fc_pos_pre,OOWWWWOO,OOWWWOOO,4,5,1.3762472342139405,1.4589720985736894,0.0827248643597489,True
1,log2fc_pos_pre,OWWWWOOO,OOWWWOOO,4,5,0.842791070128678,1.4589720985736894,0.6161810284450113,True
1,log2fc_pos_pre,WOWWWOOO,OOWWWOOO,4,5,1.357763290758877,1.4589720985736894,0.10120880781481234,True
1,log2fc_pos_pre,OOWWWOWW,OOWWWOOW,3,4,-1.041753232879692,0.8761849108518779,1.9179381437315697,True
1,log2fc_pos_pre,OOWWWWOW,OOWWWOOW,3,4,1.3063792047030507,0.8761849108518779,-0.4301942938511728,False
1,log2fc_pos_pre,OWWWWOOW,OOWWWOOW,3,4,0.7116326977182551,0.8761849108518779,0.16455221313362278,True
1,log2fc_pos_pre,WOWWWOOW,OOWWWOOW,3,4,0.9750351102896792,0.8761849108518779,-0.09885019943780127,False
1,log2fc_pos_pre,OOWWWOWW,OOWWWOWO,3,4,-1.041753232879692,-0.92557123172817,0.11618200115152189,True
1,log2fc_pos_pre,OOWWWWWO,OOWWWOWO,3,4,-0.2533064876925888,-0.92557123172817,-0.6722647440355812,False
1,log2fc_pos_pre,OWWWWOWO,OOWWWOWO,3,4,-0.4633360754764815,-0.92557123172817,-0.46223515625168854,False
1,log2fc_pos_pre,WOWWWOWO,OOWWWOWO,3,4,0.2227057444895824,-0.92557123172817,-1.1482769762177525,False
1,log2fc_pos_pre,OOWWWWWW,OOWWWOWW,2,3,0.7049014301277333,-1.041753232879692,-1.7466546630074253,False
1,log2fc_pos_pre,OWWWWOWW,OOWWWOWW,2,3,0.286648522754494,-1.041753232879692,-1.3284017556341858,False
1,log2fc_pos_pre,WOWWWOWW,OOWWWOWW,2,3,-0.8279161822806891,-1.041753232879692,-0.21383705059900282,False
1,log2fc_pos_pre,OOWWWWOW,OOWWWWOO,3,4,1.3063792047030507,1.3762472342139405,0.06986802951088977,True
1,log2fc_pos_pre,OOWWWWWO,OOWWWWOO,3,4,-0.2533064876925888,1.3762472342139405,1.6295537219065293,True
1,log2fc_pos_pre,OWWWWWOO,OOWWWWOO,3,4,-0.1808089543110516,1.3762472342139405,1.557056188524992,True
1,log2fc_pos_pre,WOWWWWOO,OOWWWWOO,3,4,0.2444697584453112,1.3762472342139405,1.1317774757686292,True
1,log2fc_pos_pre,OOWWWWWW,OOWWWWOW,2,3,0.7049014301277333,1.3063792047030507,0.6014777745753174,True
1,log2fc_pos_pre,OWWWWWOW,OOWWWWOW,2,3,0.8867962401541578,1.3063792047030507,0.4195829645488929,True
1,log2fc_pos_pre,WOWWWWOW,OOWWWWOW,2,3,1.4103140377672678,1.3063792047030507,-0.10393483306421714,False
1,log2fc_pos_pre,OOWWWWWW,OOWWWWWO,2,3,0.7049014301277333,-0.2533064876925888,-0.9582079178203221,False
1,log2fc_pos_pre,OWWWWWWO,OOWWWWWO,2,3,-0.7834106367861216,-0.2533064876925888,0.5301041490935328,True
1,log2fc_pos_pre,WOWWWWWO,OOWWWWWO,2,3,-0.3010486918441216,-0.2533064876925888,0.0477422041515328,True
1,log2fc_pos_pre,OWWWWWWW,OOWWWWWW,1,2,0.4754173547376941,0.7049014301277333,0.22948407539003923,True
1,log2fc_pos_pre,WOWWWWWW,OOWWWWWW,1,2,1.2525360210859742,0.7049014301277333,-0.5476345909582409,False
1,log2fc_pos_pre,OWOOOOOW,OWOOOOOO,6,7,0.161884587214476,0.1373041878976872,-0.024580399316788792,False
1,log2fc_pos_pre,OWOOOOWO,OWOOOOOO,6,7,-1.8370230772166565,0.1373041878976872,1.9743272651143438,True
1,log2fc_pos_pre,OWOOOWOO,OWOOOOOO,6,7,-1.964453107223376,0.1373041878976872,2.1017572951210632,True
1,log2fc_pos_pre,OWOOWOOO,OWOOOOOO,6,7,0.7396201851559638,0.1373041878976872,-0.6023159972582767,False
1,log2fc_pos_pre,OWOWOOOO,OWOOOOOO,6,7,0.1097675457878186,0.1373041878976872,0.0275366421098686,True
1,log2fc_pos_pre,OWWOOOOO,OWOOOOOO,6,7,1.9076687110378705,0.1373041878976872,-1.7703645231401832,False
1,log2fc_pos_pre,WWOOOOOO,OWOOOOOO,6,7,0.9980281640735184,0.1373041878976872,-0.8607239761758312,False
1,log2fc_pos_pre,OWOOOOWW,OWOOOOOW,5,6,-4.995513513332897,0.161884587214476,5.157398100547373,True
1,log2fc_pos_pre,OWOOOWOW,OWOOOOOW,5,6,0.3116976406359439,0.161884587214476,-0.14981305342146792,False
1,log2fc_pos_pre,OWOOWOOW,OWOOOOOW,5,6,0.2947596611329359,0.161884587214476,-0.1328750739184599,False
1,log2fc_pos_pre,OWOWOOOW,OWOOOOOW,5,6,-0.0575957443241379,0.161884587214476,0.2194803315386139,True
1,log2fc_pos_pre,OWWOOOOW,OWOOOOOW,5,6,0.0787919621096982,0.161884587214476,0.08309262510477779,True
1,log2fc_pos_pre,WWOOOOOW,OWOOOOOW,5,6,1.1505013445745151,0.161884587214476,-0.9886167573600392,False
1,log2fc_pos_pre,OWOOOOWW,OWOOOOWO,5,6,-4.995513513332897,-1.8370230772166565,3.1584904361162405,True
1,log2fc_pos_pre,OWOOOWWO,OWOOOOWO,5,6,-2.4499227144847753,-1.8370230772166565,0.6128996372681188,True
1,log2fc_pos_pre,OWOOWOWO,OWOOOOWO,5,6,-1.9632317135689543,-1.8370230772166565,0.12620863635229784,True
1,log2fc_pos_pre,OWOWOOWO,OWOOOOWO,5,6,-2.358355899176593,-1.8370230772166565,0.5213328219599367,True
1,log2fc_pos_pre,OWWOOOWO,OWOOOOWO,5,6,-1.340623489453802,-1.8370230772166565,-0.4963995877628544,False
1,log2fc_pos_pre,WWOOOOWO,OWOOOOWO,5,6,-0.7514667494663082,-1.8370230772166565,-1.0855563277503482,False
1,log2fc_pos_pre,OWOOOWWW,OWOOOOWW,4,5,-2.7014914894477107,-4.995513513332897,-2.2940220238851863,False
1,log2fc_pos_pre,OWOOWOWW,OWOOOOWW,4,5,-2.0968445226874017,-4.995513513332897,-2.898668990645495,False
1,log2fc_pos_pre,OWOWOOWW,OWOOOOWW,4,5,-2.4684162400635254,-4.995513513332897,-2.5270972732693715,False
1,log2fc_pos_pre,OWWOOOWW,OWOOOOWW,4,5,-4.722573138118677,-4.995513513332897,-0.2729403752142199,False
1,log2fc_pos_pre,WWOOOOWW,OWOOOOWW,4,5,-2.050436566704612,-4.995513513332897,-2.945076946628285,False
1,log2fc_pos_pre,OWOOOWOW,OWOOOWOO,5,6,0.3116976406359439,-1.964453107223376,-2.2761507478593197,False
1,log2fc_pos_pre,OWOOOWWO,OWOOOWOO,5,6,-2.4499227144847753,-1.964453107223376,0.4854696072613993,True
1,log2fc_pos_pre,OWOOWWOO,OWOOOWOO,5,6,0.2482169084261527,-1.964453107223376,-2.2126700156495285,False
1,log2fc_pos_pre,OWOWOWOO,OWOOOWOO,5,6,-0.4001311065158515,-1.964453107223376,-1.5643220007075245,False
1,log2fc_pos_pre,OWWOOWOO,OWOOOWOO,5,6,-0.1379492245940932,-1.964453107223376,-1.8265038826292828,False
1,log2fc_pos_pre,WWOOOWOO,OWOOOWOO,5,6,0.3008611924240877,-1.964453107223376,-2.265314299647464,False
1,log2fc_pos_pre,OWOOOWWW,OWOOOWOW,4,5,-2.7014914894477107,0.3116976406359439,3.0131891300836546,True
1,log2fc_pos_pre,OWOOWWOW,OWOOOWOW,4,5,0.6532869972203418,0.3116976406359439,-0.3415893565843979,False
1,log2fc_pos_pre,OWOWOWOW,OWOOOWOW,4,5,-0.0732225986874064,0.3116976406359439,0.3849202393233503,True
1,log2fc_pos_pre,OWWOOWOW,OWOOOWOW,4,5,0.5966791017563532,0.3116976406359439,-0.2849814611204093,False
1,log2fc_pos_pre,WWOOOWOW,OWOOOWOW,4,5,-0.7034172750686417,0.3116976406359439,1.0151149157045856,True
1,log2fc_pos_pre,OWOOOWWW,OWOOOWWO,4,5,-2.7014914894477107,-2.4499227144847753,0.2515687749629354,True
1,log2fc_pos_pre,OWOOWWWO,OWOOOWWO,4,5,-0.0995099823974793,-2.4499227144847753,-2.350412732087296,False
1,log2fc_pos_pre,OWOWOWWO,OWOOOWWO,4,5,-3.659032251469333,-2.4499227144847753,1.209109536984558,True
1,log2fc_pos_pre,OWWOOWWO,OWOOOWWO,4,5,-5.583565171898889,-2.4499227144847753,3.1336424574141137,True
1,log2fc_pos_pre,WWOOOWWO,OWOOOWWO,4,5,-6.460465271892625,-2.4499227144847753,4.01054255740785,True
1,log2fc_pos_pre,OWOOWWWW,OWOOOWWW,3,4,-0.7463617143412236,-2.7014914894477107,-1.9551297751064871,False
1,log2fc_pos_pre,OWOWOWWW,OWOOOWWW,3,4,-2.729013417207496,-2.7014914894477107,0.027521927759785125,True
1,log2fc_pos_pre,OWWOOWWW,OWOOOWWW,3,4,-5.518577754230138,-2.7014914894477107,2.8170862647824277,True
1,log2fc_pos_pre,WWOOOWWW,OWOOOWWW,3,4,-4.760704418166378,-2.7014914894477107,2.059212928718667,True
1,log2fc_pos_pre,OWOOWOOW,OWOOWOOO,5,6,0.2947596611329359,0.7396201851559638,0.44486052402302795,True
1,log2fc_pos_pre,OWOOWOWO,OWOOWOOO,5,6,-1.9632317135689543,0.7396201851559638,2.7028518987249184,True
1,log2fc_pos_pre,OWOOWWOO,OWOOWOOO,5,6,0.2482169084261527,0.7396201851559638,0.4914032767298111,True
1,log2fc_pos_pre,OWOWWOOO,OWOOWOOO,5,6,0.0997128446383117,0.7396201851559638,0.6399073405176521,True
1,log2fc_pos_pre,OWWOWOOO,OWOOWOOO,5,6,0.6738171049633953,0.7396201851559638,0.06580308019256853,True
1,log2fc_pos_pre,WWOOWOOO,OWOOWOOO,5,6,-0.6773612246491912,0.7396201851559638,1.416981409805155,True
1,log2fc_pos_pre,OWOOWOWW,OWOOWOOW,4,5,-2.0968445226874017,0.2947596611329359,2.3916041838203377,True
1,log2fc_pos_pre,OWOOWWOW,OWOOWOOW,4,5,0.6532869972203418,0.2947596611329359,-0.3585273360874059,False
1,log2fc_pos_pre,OWOWWOOW,OWOOWOOW,4,5,-0.9577996614211244,0.2947596611329359,1.2525593225540603,True
1,log2fc_pos_pre,OWWOWOOW,OWOOWOOW,4,5,0.1499007269092718,0.2947596611329359,0.14485893422366408,True
1,log2fc_pos_pre,WWOOWOOW,OWOOWOOW,4,5,-0.4090191925480398,0.2947596611329359,0.7037788536809757,True
1,log2fc_pos_pre,OWOOWOWW,OWOOWOWO,4,5,-2.0968445226874017,-1.9632317135689543,0.13361280911844742,True
1,log2fc_pos_pre,OWOOWWWO,OWOOWOWO,4,5,-0.0995099823974793,-1.9632317135689543,-1.863721731171475,False
1,log2fc_pos_pre,OWOWWOWO,OWOOWOWO,4,5,-2.6541227242176797,-1.9632317135689543,0.6908910106487254,True
1,log2fc_pos_pre,OWWOWOWO,OWOOWOWO,4,5,0.3663084613048711,-1.9632317135689543,-2.3295401748738254,False
1,log2fc_pos_pre,WWOOWOWO,OWOOWOWO,4,5,-1.7015612692048558,-1.9632317135689543,-0.2616704443640985,False
1,log2fc_pos_pre,OWOOWWWW,OWOOWOWW,3,4,-0.7463617143412236,-2.0968445226874017,-1.3504828083461782,False
1,log2fc_pos_pre,OWOWWOWW,OWOOWOWW,3,4,-2.9876855866401963,-2.0968445226874017,0.8908410639527946,True
1,log2fc_pos_pre,OWWOWOWW,OWOOWOWW,3,4,-2.419025822898483,-2.0968445226874017,0.3221813002110814,True
1,log2fc_pos_pre,WWOOWOWW,OWOOWOWW,3,4,-3.245823885622597,-2.0968445226874017,1.1489793629351954,True
1,log2fc_pos_pre,OWOOWWOW,OWOOWWOO,4,5,0.6532869972203418,0.2482169084261527,-0.40507008879418904,False
1,log2fc_pos_pre,OWOOWWWO,OWOOWWOO,4,5,-0.0995099823974793,0.2482169084261527,0.347726890823632,True
1,log2fc_pos_pre,OWOWWWOO,OWOOWWOO,4,5,-2.1258952795919814,0.2482169084261527,2.374112188018134,True
1,log2fc_pos_pre,OWWOWWOO,OWOOWWOO,4,5,0.841325470820386,0.2482169084261527,-0.5931085623942333,False
1,log2fc_pos_pre,WWOOWWOO,OWOOWWOO,4,5,0.1214908507133838,0.2482169084261527,0.1267260577127689,True
1,log2fc_pos_pre,OWOOWWWW,OWOOWWOW,3,4,-0.7463617143412236,0.6532869972203418,1.3996487115615652,True
1,log2fc_pos_pre,OWOWWWOW,OWOOWWOW,3,4,-1.7803924868961678,0.6532869972203418,2.4336794841165097,True
1,log2fc_pos_pre,OWWOWWOW,OWOOWWOW,3,4,0.5117218627640188,0.6532869972203418,0.14156513445632302,True
1,log2fc_pos_pre,WWOOWWOW,OWOOWWOW,3,4,-0.4357320789538781,0.6532869972203418,1.0890190761742198,True
1,log2fc_pos_pre,OWOOWWWW,OWOOWWWO,3,4,-0.7463617143412236,-0.0995099823974793,0.6468517319437442,True
1,log2fc_pos_pre,OWOWWWWO,OWOOWWWO,3,4,-3.2591344242698734,-0.0995099823974793,3.159624441872394,True
1,log2fc_pos_pre,OWWOWWWO,OWOOWWWO,3,4,-1.6509437779075529,-0.0995099823974793,1.5514337955100737,True
1,log2fc_pos_pre,WWOOWWWO,OWOOWWWO,3,4,-3.7835067478625826,-0.0995099823974793,3.6839967654651034,True
1,log2fc_pos_pre,OWOWWWWW,OWOOWWWW,2,3,-0.5526953315691693,-0.7463617143412236,-0.19366638277205428,False
1,log2fc_pos_pre,OWWOWWWW,OWOOWWWW,2,3,-0.2459972870074689,-0.7463617143412236,-0.5003644273337546,False
1,log2fc_pos_pre,WWOOWWWW,OWOOWWWW,2,3,-0.5195453339617657,-0.7463617143412236,-0.22681638037945784,False
1,log2fc_pos_pre,OWOWOOOW,OWOWOOOO,5,6,-0.0575957443241379,0.1097675457878186,0.1673632901119565,True
1,log2fc_pos_pre,OWOWOOWO,OWOWOOOO,5,6,-2.358355899176593,0.1097675457878186,2.468123444964412,True
1,log2fc_pos_pre,OWOWOWOO,OWOWOOOO,5,6,-0.4001311065158515,0.1097675457878186,0.50989865230367,True
1,log2fc_pos_pre,OWOWWOOO,OWOWOOOO,5,6,0.0997128446383117,0.1097675457878186,0.010054701149506892,True
1,log2fc_pos_pre,OWWWOOOO,OWOWOOOO,5,6,1.5255827481313524,0.1097675457878186,-1.4158152023435338,False
1,log2fc_pos_pre,WWOWOOOO,OWOWOOOO,5,6,1.1126231817996972,0.1097675457878186,-1.0028556360118785,False
1,log2fc_pos_pre,OWOWOOWW,OWOWOOOW,4,5,-2.4684162400635254,-0.0575957443241379,2.4108204957393875,True
1,log2fc_pos_pre,OWOWOWOW,OWOWOOOW,4,5,-0.0732225986874064,-0.0575957443241379,0.015626854363268494,True
1,log2fc_pos_pre,OWOWWOOW,OWOWOOOW,4,5,-0.9577996614211244,-0.0575957443241379,0.9002039170969864,True
1,log2fc_pos_pre,OWWWOOOW,OWOWOOOW,4,5,1.267189733314522,-0.0575957443241379,-1.3247854776386598,False
1,log2fc_pos_pre,WWOWOOOW,OWOWOOOW,4,5,0.8702197469622865,-0.0575957443241379,-0.9278154912864245,False
1,log2fc_pos_pre,OWOWOOWW,OWOWOOWO,4,5,-2.4684162400635254,-2.358355899176593,0.11006034088693228,True
1,log2fc_pos_pre,OWOWOWWO,OWOWOOWO,4,5,-3.659032251469333,-2.358355899176593,1.30067635229274,True
1,log2fc_pos_pre,OWOWWOWO,OWOWOOWO,4,5,-2.6541227242176797,-2.358355899176593,0.29576682504108653,True
1,log2fc_pos_pre,OWWWOOWO,OWOWOOWO,4,5,0.2944577362373182,-2.358355899176593,-2.6528136354139114,False
1,log2fc_pos_pre,WWOWOOWO,OWOWOOWO,4,5,-1.6289227089591751,-2.358355899176593,-0.729433190217418,False
1,log2fc_pos_pre,OWOWOWWW,OWOWOOWW,3,4,-2.729013417207496,-2.4684162400635254,0.26059717714397035,True
1,log2fc_pos_pre,OWOWWOWW,OWOWOOWW,3,4,-2.9876855866401963,-2.4684162400635254,0.5192693465766709,True
1,log2fc_pos_pre,OWWWOOWW,OWOWOOWW,3,4,-0.5935113818108795,-2.4684162400635254,-1.874904858252646,False
1,log2fc_pos_pre,WWOWOOWW,OWOWOOWW,3,4,-2.558429178466456,-2.4684162400635254,0.09001293840293068,True
1,log2fc_pos_pre,OWOWOWOW,OWOWOWOO,4,5,-0.0732225986874064,-0.4001311065158515,-0.3269085078284451,False
1,log2fc_pos_pre,OWOWOWWO,OWOWOWOO,4,5,-3.659032251469333,-0.4001311065158515,3.258901144953482,True
1,log2fc_pos_pre,OWOWWWOO,OWOWOWOO,4,5,-2.1258952795919814,-0.4001311065158515,1.72576417307613,True
1,log2fc_pos_pre,OWWWOWOO,OWOWOWOO,4,5,0.3402017264079575,-0.4001311065158515,-0.740332832923809,False
1,log2fc_pos_pre,WWOWOWOO,OWOWOWOO,4,5,-0.4108014561214786,-0.4001311065158515,0.010670349605627127,True
1,log2fc_pos_pre,OWOWOWWW,OWOWOWOW,3,4,-2.729013417207496,-0.0732225986874064,2.6557908185200896,True
1,log2fc_pos_pre,OWOWWWOW,OWOWOWOW,3,4,-1.7803924868961678,-0.0732225986874064,1.7071698882087614,True
1,log2fc_pos_pre,OWWWOWOW,OWOWOWOW,3,4,0.2013876569421715,-0.0732225986874064,-0.2746102556295779,False
1,log2fc_pos_pre,WWOWOWOW,OWOWOWOW,3,4,-0.1690060760385851,-0.0732225986874064,0.09578347735117872,True
1,log2fc_pos_pre,OWOWOWWW,OWOWOWWO,3,4,-2.729013417207496,-3.659032251469333,-0.9300188342618374,False
1,log2fc_pos_pre,OWOWWWWO,OWOWOWWO,3,4,-3.2591344242698734,-3.659032251469333,-0.39989782719945977,False
1,log2fc_pos_pre,OWWWOWWO,OWOWOWWO,3,4,-1.78411464751169,-3.659032251469333,-1.8749176039576432,False
1,log2fc_pos_pre,WWOWOWWO,OWOWOWWO,3,4,-3.8812760302903233,-3.659032251469333,0.2222437788209901,True
1,log2fc_pos_pre,OWOWWWWW,OWOWOWWW,2,3,-0.5526953315691693,-2.729013417207496,-2.1763180856383264,False
1,log2fc_pos_pre,OWWWOWWW,OWOWOWWW,2,3,-1.42989084008936,-2.729013417207496,-1.2991225771181358,False
1,log2fc_pos_pre,WWOWOWWW,OWOWOWWW,2,3,-1.0464748155502572,-2.729013417207496,-1.6825386016572386,False
1,log2fc_pos_pre,OWOWWOOW,OWOWWOOO,4,5,-0.9577996614211244,0.0997128446383117,1.0575125060594361,True
1,log2fc_pos_pre,OWOWWOWO,OWOWWOOO,4,5,-2.6541227242176797,0.0997128446383117,2.7538355688559912,True
1,log2fc_pos_pre,OWOWWWOO,OWOWWOOO,4,5,-2.1258952795919814,0.0997128446383117,2.225608124230293,True
1,log2fc_pos_pre,OWWWWOOO,OWOWWOOO,4,5,0.842791070128678,0.0997128446383117,-0.7430782254903663,False
1,log2fc_pos_pre,WWOWWOOO,OWOWWOOO,4,5,-0.377026554164813,0.0997128446383117,0.4767393988031247,True
1,log2fc_pos_pre,OWOWWOWW,OWOWWOOW,3,4,-2.9876855866401963,-0.9577996614211244,2.029885925219072,True
1,log2fc_pos_pre,OWOWWWOW,OWOWWOOW,3,4,-1.7803924868961678,-0.9577996614211244,0.8225928254750434,True
1,log2fc_pos_pre,OWWWWOOW,OWOWWOOW,3,4,0.7116326977182551,-0.9577996614211244,-1.6694323591393796,False
1,log2fc_pos_pre,WWOWWOOW,OWOWWOOW,3,4,-1.7921418792925965,-0.9577996614211244,0.8343422178714721,True
1,log2fc_pos_pre,OWOWWOWW,OWOWWOWO,3,4,-2.9876855866401963,-2.6541227242176797,0.33356286242251665,True
1,log2fc_pos_pre,OWOWWWWO,OWOWWOWO,3,4,-3.2591344242698734,-2.6541227242176797,0.6050117000521937,True
1,log2fc_pos_pre,OWWWWOWO,OWOWWOWO,3,4,-0.4633360754764815,-2.6541227242176797,-2.190786648741198,False
1,log2fc_pos_pre,WWOWWOWO,OWOWWOWO,3,4,-2.0189776180817804,-2.6541227242176797,-0.6351451061358993,False
1,log2fc_pos_pre,OWOWWWWW,OWOWWOWW,2,3,-0.5526953315691693,-2.9876855866401963,-2.434990255071027,False
1,log2fc_pos_pre,OWWWWOWW,OWOWWOWW,2,3,0.286648522754494,-2.9876855866401963,-3.2743341093946903,False
1,log2fc_pos_pre,WWOWWOWW,OWOWWOWW,2,3,-2.2635771753689125,-2.9876855866401963,-0.7241084112712839,False
1,log2fc_pos_pre,OWOWWWOW,OWOWWWOO,3,4,-1.7803924868961678,-2.1258952795919814,-0.34550279269581363,False
1,log2fc_pos_pre,OWOWWWWO,OWOWWWOO,3,4,-3.2591344242698734,-2.1258952795919814,1.133239144677892,True
1,log2fc_pos_pre,OWWWWWOO,OWOWWWOO,3,4,-0.1808089543110516,-2.1258952795919814,-1.9450863252809298,False
1,log2fc_pos_pre,WWOWWWOO,OWOWWWOO,3,4,-1.0043078964383465,-2.1258952795919814,-1.121587383153635,False
1,log2fc_pos_pre,OWOWWWWW,OWOWWWOW,2,3,-0.5526953315691693,-1.7803924868961678,-1.2276971553269984,False
1,log2fc_pos_pre,OWWWWWOW,OWOWWWOW,2,3,0.8867962401541578,-1.7803924868961678,-2.6671887270503256,False
1,log2fc_pos_pre,WWOWWWOW,OWOWWWOW,2,3,-0.3001385695441186,-1.7803924868961678,-1.4802539173520493,False
1,log2fc_pos_pre,OWOWWWWW,OWOWWWWO,2,3,-0.5526953315691693,-3.2591344242698734,-2.706439092700704,False
1,log2fc_pos_pre,OWWWWWWO,OWOWWWWO,2,3,-0.7834106367861216,-3.2591344242698734,-2.475723787483752,False
1,log2fc_pos_pre,WWOWWWWO,OWOWWWWO,2,3,-1.6717334607774108,-3.2591344242698734,-1.5874009634924626,False
1,log2fc_pos_pre,OWWWWWWW,OWOWWWWW,1,2,0.4754173547376941,-0.5526953315691693,-1.0281126863068635,False
1,log2fc_pos_pre,WWOWWWWW,OWOWWWWW,1,2,-0.5415982989505791,-0.5526953315691693,-0.011097032618590186,False
1,log2fc_pos_pre,OWWOOOOW,OWWOOOOO,5,6,0.0787919621096982,1.9076687110378705,1.8288767489281723,True
1,log2fc_pos_pre,OWWOOOWO,OWWOOOOO,5,6,-1.340623489453802,1.9076687110378705,3.2482922004916723,True
1,log2fc_pos_pre,OWWOOWOO,OWWOOOOO,5,6,-0.1379492245940932,1.9076687110378705,2.045617935631964,True
1,log2fc_pos_pre,OWWOWOOO,OWWOOOOO,5,6,0.6738171049633953,1.9076687110378705,1.233851606074475,True
1,log2fc_pos_pre,OWWWOOOO,OWWOOOOO,5,6,1.5255827481313524,1.9076687110378705,0.3820859629065181,True
1,log2fc_pos_pre,WWWOOOOO,OWWOOOOO,5,6,1.2376052482463271,1.9076687110378705,0.6700634627915434,True
1,log2fc_pos_pre,OWWOOOWW,OWWOOOOW,4,5,-4.722573138118677,0.0787919621096982,4.8013651002283755,True
1,log2fc_pos_pre,OWWOOWOW,OWWOOOOW,4,5,0.5966791017563532,0.0787919621096982,-0.517887139646655,False
1,log2fc_pos_pre,OWWOWOOW,OWWOOOOW,4,5,0.1499007269092718,0.0787919621096982,-0.0711087647995736,False
1,log2fc_pos_pre,OWWWOOOW,OWWOOOOW,4,5,1.267189733314522,0.0787919621096982,-1.1883977712048237,False
1,log2fc_pos_pre,WWWOOOOW,OWWOOOOW,4,5,0.077495679600935,0.0787919621096982,0.001296282508763208,True
1,log2fc_pos_pre,OWWOOOWW,OWWOOOWO,4,5,-4.722573138118677,-1.340623489453802,3.3819496486648752,True
1,log2fc_pos_pre,OWWOOWWO,OWWOOOWO,4,5,-5.583565171898889,-1.340623489453802,4.242941682445087,True
1,log2fc_pos_pre,OWWOWOWO,OWWOOOWO,4,5,0.3663084613048711,-1.340623489453802,-1.706931950758673,False
1,log2fc_pos_pre,OWWWOOWO,OWWOOOWO,4,5,0.2944577362373182,-1.340623489453802,-1.6350812256911202,False
1,log2fc_pos_pre,WWWOOOWO,OWWOOOWO,4,5,-2.9722239647861,-1.340623489453802,1.631600475332298,True
1,log2fc_pos_pre,OWWOOWWW,OWWOOOWW,3,4,-5.518577754230138,-4.722573138118677,0.7960046161114613,True
1,log2fc_pos_pre,OWWOWOWW,OWWOOOWW,3,4,-2.419025822898483,-4.722573138118677,-2.303547315220194,False
1,log2fc_pos_pre,OWWWOOWW,OWWOOOWW,3,4,-0.5935113818108795,-4.722573138118677,-4.129061756307798,False
1,log2fc_pos_pre,WWWOOOWW,OWWOOOWW,3,4,-4.086404623189766,-4.722573138118677,-0.6361685149289107,False
1,log2fc_pos_pre,OWWOOWOW,OWWOOWOO,4,5,0.5966791017563532,-0.1379492245940932,-0.7346283263504464,False
1,log2fc_pos_pre,OWWOOWWO,OWWOOWOO,4,5,-5.583565171898889,-0.1379492245940932,5.445615947304796,True
1,log2fc_pos_pre,OWWOWWOO,OWWOOWOO,4,5,0.841325470820386,-0.1379492245940932,-0.9792746954144792,False
1,log2fc_pos_pre,OWWWOWOO,OWWOOWOO,4,5,0.3402017264079575,-0.1379492245940932,-0.4781509510020507,False
1,log2fc_pos_pre,WWWOOWOO,OWWOOWOO,4,5,-1.410577255169574,-0.1379492245940932,1.272628030575481,True
1,log2fc_pos_pre,OWWOOWWW,OWWOOWOW,3,4,-5.518577754230138,0.5966791017563532,6.115256855986492,True
1,log2fc_pos_pre,OWWOWWOW,OWWOOWOW,3,4,0.5117218627640188,0.5966791017563532,0.08495723899233443,True
1,log2fc_pos_pre,OWWWOWOW,OWWOOWOW,3,4,0.2013876569421715,0.5966791017563532,0.39529144481418166,True
1,log2fc_pos_pre,WWWOOWOW,OWWOOWOW,3,4,0.6136223675166678,0.5966791017563532,-0.016943265760314574,False
1,log2fc_pos_pre,OWWOOWWW,OWWOOWWO,3,4,-5.518577754230138,-5.583565171898889,-0.0649874176687506,False
1,log2fc_pos_pre,OWWOWWWO,OWWOOWWO,3,4,-1.6509437779075529,-5.583565171898889,-3.932621393991336,False
1,log2fc_pos_pre,OWWWOWWO,OWWOOWWO,3,4,-1.78411464751169,-5.583565171898889,-3.7994505243871988,False
1,log2fc_pos_pre,WWWOOWWO,OWWOOWWO,3,4,-5.411983251781501,-5.583565171898889,-0.17158192011738826,False
1,log2fc_pos_pre,OWWOWWWW,OWWOOWWW,2,3,-0.2459972870074689,-5.518577754230138,-5.27258046722267,False
1,log2fc_pos_pre,OWWWOWWW,OWWOOWWW,2,3,-1.42989084008936,-5.518577754230138,-4.088686914140778,False
1,log2fc_pos_pre,WWWOOWWW,OWWOOWWW,2,3,-5.012787939379112,-5.518577754230138,-0.5057898148510267,False
1,log2fc_pos_pre,OWWOWOOW,OWWOWOOO,4,5,0.1499007269092718,0.6738171049633953,0.5239163780541235,True
1,log2fc_pos_pre,OWWOWOWO,OWWOWOOO,4,5,0.3663084613048711,0.6738171049633953,0.3075086436585242,True
1,log2fc_pos_pre,OWWOWWOO,OWWOWOOO,4,5,0.841325470820386,0.6738171049633953,-0.1675083658569907,False
1,log2fc_pos_pre,OWWWWOOO,OWWOWOOO,4,5,0.842791070128678,0.6738171049633953,-0.16897396516528274,False
1,log2fc_pos_pre,WWWOWOOO,OWWOWOOO,4,5,1.992920509890668,0.6738171049633953,-1.3191034049272727,False
1,log2fc_pos_pre,OWWOWOWW,OWWOWOOW,3,4,-2.419025822898483,0.1499007269092718,2.568926549807755,True
1,log2fc_pos_pre,OWWOWWOW,OWWOWOOW,3,4,0.5117218627640188,0.1499007269092718,-0.36182113585474696,False
1,log2fc_pos_pre,OWWWWOOW,OWWOWOOW,3,4,0.7116326977182551,0.1499007269092718,-0.5617319708089833,False
1,log2fc_pos_pre,WWWOWOOW,OWWOWOOW,3,4,0.7410429953889914,0.1499007269092718,-0.5911422684797196,False
1,log2fc_pos_pre,OWWOWOWW,OWWOWOWO,3,4,-2.419025822898483,0.3663084613048711,2.7853342842033544,True
1,log2fc_pos_pre,OWWOWWWO,OWWOWOWO,3,4,-1.6509437779075529,0.3663084613048711,2.017252239212424,True
1,log2fc_pos_pre,OWWWWOWO,OWWOWOWO,3,4,-0.4633360754764815,0.3663084613048711,0.8296445367813525,True
1,log2fc_pos_pre,WWWOWOWO,OWWOWOWO,3,4,-1.471533180000904,0.3663084613048711,1.837841641305775,True
1,log2fc_pos_pre,OWWOWWWW,OWWOWOWW,2,3,-0.2459972870074689,-2.419025822898483,-2.173028535891014,False
1,log2fc_pos_pre,OWWWWOWW,OWWOWOWW,2,3,0.286648522754494,-2.419025822898483,-2.705674345652977,False
1,log2fc_pos_pre,WWWOWOWW,OWWOWOWW,2,3,-2.7906609143493957,-2.419025822898483,0.37163509145091256,True
1,log2fc_pos_pre,OWWOWWOW,OWWOWWOO,3,4,0.5117218627640188,0.841325470820386,0.32960360805636724,True
1,log2fc_pos_pre,OWWOWWWO,OWWOWWOO,3,4,-1.6509437779075529,0.841325470820386,2.492269248727939,True
1,log2fc_pos_pre,OWWWWWOO,OWWOWWOO,3,4,-0.1808089543110516,0.841325470820386,1.0221344251314375,True
1,log2fc_pos_pre,WWWOWWOO,OWWOWWOO,3,4,1.386757655884019,0.841325470820386,-0.5454321850636329,False
1,log2fc_pos_pre,OWWOWWWW,OWWOWWOW,2,3,-0.2459972870074689,0.5117218627640188,0.7577191497714877,True
1,log2fc_pos_pre,OWWWWWOW,OWWOWWOW,2,3,0.8867962401541578,0.5117218627640188,-0.37507437739013905,False
1,log2fc_pos_pre,WWWOWWOW,OWWOWWOW,2,3,0.3225597983573222,0.5117218627640188,0.18916206440669658,True
1,log2fc_pos_pre,OWWOWWWW,OWWOWWWO,2,3,-0.2459972870074689,-1.6509437779075529,-1.404946490900084,False
1,log2fc_pos_pre,OWWWWWWO,OWWOWWWO,2,3,-0.7834106367861216,-1.6509437779075529,-0.8675331411214313,False
1,log2fc_pos_pre,WWWOWWWO,OWWOWWWO,2,3,-1.6629850851203116,-1.6509437779075529,0.012041307212758756,True
1,log2fc_pos_pre,OWWWWWWW,OWWOWWWW,1,2,0.4754173547376941,-0.2459972870074689,-0.721414641745163,False
1,log2fc_pos_pre,WWWOWWWW,OWWOWWWW,1,2,0.0334186345320782,-0.2459972870074689,-0.2794159215395471,False
1,log2fc_pos_pre,OWWWOOOW,OWWWOOOO,4,5,1.267189733314522,1.5255827481313524,0.2583930148168305,True
1,log2fc_pos_pre,OWWWOOWO,OWWWOOOO,4,5,0.2944577362373182,1.5255827481313524,1.2311250118940342,True
1,log2fc_pos_pre,OWWWOWOO,OWWWOOOO,4,5,0.3402017264079575,1.5255827481313524,1.1853810217233949,True
1,log2fc_pos_pre,OWWWWOOO,OWWWOOOO,4,5,0.842791070128678,1.5255827481313524,0.6827916780026744,True
1,log2fc_pos_pre,WWWWOOOO,OWWWOOOO,4,5,-0.4567360298669991,1.5255827481313524,1.9823187779983515,True
1,log2fc_pos_pre,OWWWOOWW,OWWWOOOW,3,4,-0.5935113818108795,1.267189733314522,1.8607011151254014,True
1,log2fc_pos_pre,OWWWOWOW,OWWWOOOW,3,4,0.2013876569421715,1.267189733314522,1.0658020763723504,True
1,log2fc_pos_pre,OWWWWOOW,OWWWOOOW,3,4,0.7116326977182551,1.267189733314522,0.5555570355962668,True
1,log2fc_pos_pre,WWWWOOOW,OWWWOOOW,3,4,0.4254843366476851,1.267189733314522,0.8417053966668369,True
1,log2fc_pos_pre,OWWWOOWW,OWWWOOWO,3,4,-0.5935113818108795,0.2944577362373182,0.8879691180481977,True
1,log2fc_pos_pre,OWWWOWWO,OWWWOOWO,3,4,-1.78411464751169,0.2944577362373182,2.078572383749008,True
1,log2fc_pos_pre,OWWWWOWO,OWWWOOWO,3,4,-0.4633360754764815,0.2944577362373182,0.7577938117137997,True
1,log2fc_pos_pre,WWWWOOWO,OWWWOOWO,3,4,-0.4505048508682189,0.2944577362373182,0.7449625871055371,True
1,log2fc_pos_pre,OWWWOWWW,OWWWOOWW,2,3,-1.42989084008936,-0.5935113818108795,0.8363794582784805,True
1,log2fc_pos_pre,OWWWWOWW,OWWWOOWW,2,3,0.286648522754494,-0.5935113818108795,-0.8801599045653734,False
1,log2fc_pos_pre,WWWWOOWW,OWWWOOWW,2,3,-1.1176704511397502,-0.5935113818108795,0.5241590693288707,True
1,log2fc_pos_pre,OWWWOWOW,OWWWOWOO,3,4,0.2013876569421715,0.3402017264079575,0.13881406946578598,True
1,log2fc_pos_pre,OWWWOWWO,OWWWOWOO,3,4,-1.78411464751169,0.3402017264079575,2.1243163739196476,True
1,log2fc_pos_pre,OWWWWWOO,OWWWOWOO,3,4,-0.1808089543110516,0.3402017264079575,0.5210106807190091,True
1,log2fc_pos_pre,WWWWOWOO,OWWWOWOO,3,4,0.3856800980106634,0.3402017264079575,-0.0454783716027059,False
1,log2fc_pos_pre,OWWWOWWW,OWWWOWOW,2,3,-1.42989084008936,0.2013876569421715,1.6312784970315315,True
1,log2fc_pos_pre,OWWWWWOW,OWWWOWOW,2,3,0.8867962401541578,0.2013876569421715,-0.6854085832119863,False
1,log2fc_pos_pre,WWWWOWOW,OWWWOWOW,2,3,0.6982887121674878,0.2013876569421715,-0.49690105522531625,False
1,log2fc_pos_pre,OWWWOWWW,OWWWOWWO,2,3,-1.42989084008936,-1.78411464751169,-0.35422380742233006,False
1,log2fc_pos_pre,OWWWWWWO,OWWWOWWO,2,3,-0.7834106367861216,-1.78411464751169,-1.0007040107255685,False
1,log2fc_pos_pre,WWWWOWWO,OWWWOWWO,2,3,-4.811857220418184,-1.78411464751169,3.0277425729064937,True
1,log2fc_pos_pre,OWWWWWWW,OWWWOWWW,1,2,0.4754173547376941,-1.42989084008936,-1.905308194827054,False
1,log2fc_pos_pre,WWWWOWWW,OWWWOWWW,1,2,-2.613896683240684,-1.42989084008936,1.184005843151324,True
1,log2fc_pos_pre,OWWWWOOW,OWWWWOOO,3,4,0.7116326977182551,0.842791070128678,0.13115837241042294,True
1,log2fc_pos_pre,OWWWWOWO,OWWWWOOO,3,4,-0.4633360754764815,0.842791070128678,1.3061271456051595,True
1,log2fc_pos_pre,OWWWWWOO,OWWWWOOO,3,4,-0.1808089543110516,0.842791070128678,1.0236000244397296,True
1,log2fc_pos_pre,WWWWWOOO,OWWWWOOO,3,4,1.3769537900043576,0.842791070128678,-0.5341627198756795,False
1,log2fc_pos_pre,OWWWWOWW,OWWWWOOW,2,3,0.286648522754494,0.7116326977182551,0.4249841749637611,True
1,log2fc_pos_pre,OWWWWWOW,OWWWWOOW,2,3,0.8867962401541578,0.7116326977182551,-0.1751635424359027,False
1,log2fc_pos_pre,WWWWWOOW,OWWWWOOW,2,3,0.2474088267059793,0.7116326977182551,0.4642238710122758,True
1,log2fc_pos_pre,OWWWWOWW,OWWWWOWO,2,3,0.286648522754494,-0.4633360754764815,-0.7499845982309754,False
1,log2fc_pos_pre,OWWWWWWO,OWWWWOWO,2,3,-0.7834106367861216,-0.4633360754764815,0.32007456130964007,True
1,log2fc_pos_pre,WWWWWOWO,OWWWWOWO,2,3,-0.2113014418855341,-0.4633360754764815,-0.25203463359094735,False
1,log2fc_pos_pre,OWWWWWWW,OWWWWOWW,1,2,0.4754173547376941,0.286648522754494,-0.1887688319832001,False
1,log2fc_pos_pre,WWWWWOWW,OWWWWOWW,1,2,-1.4327627842466983,0.286648522754494,1.7194113070011923,True
1,log2fc_pos_pre,OWWWWWOW,OWWWWWOO,2,3,0.8867962401541578,-0.1808089543110516,-1.0676051944652094,False
1,log2fc_pos_pre,OWWWWWWO,OWWWWWOO,2,3,-0.7834106367861216,-0.1808089543110516,0.60260168247507,True
1,log2fc_pos_pre,WWWWWWOO,OWWWWWOO,2,3,1.074805011162589,-0.1808089543110516,-1.2556139654736407,False
1,log2fc_pos_pre,OWWWWWWW,OWWWWWOW,1,2,0.4754173547376941,0.8867962401541578,0.4113788854164637,True
1,log2fc_pos_pre,WWWWWWOW,OWWWWWOW,1,2,1.1759027460856273,0.8867962401541578,-0.28910650593146947,False
1,log2fc_pos_pre,OWWWWWWW,OWWWWWWO,1,2,0.4754173547376941,-0.7834106367861216,-1.2588279915238156,False
1,log2fc_pos_pre,WWWWWWWO,OWWWWWWO,1,2,-1.477930738578496,-0.7834106367861216,0.6945201017923746,True
1,log2fc_pos_pre,WWWWWWWW,OWWWWWWW,0,1,0.2535722902674898,0.4754173547376941,0.2218450644702043,True
1,log2fc_pos_pre,WOOOOOOW,WOOOOOOO,6,7,0.1050814617721417,1.8066582431877696,1.701576781415628,True
1,log2fc_pos_pre,WOOOOOWO,WOOOOOOO,6,7,-0.1257609715682714,1.8066582431877696,1.932419214756041,True
1,log2fc_pos_pre,WOOOOWOO,WOOOOOOO,6,7,-1.2382061721573412,1.8066582431877696,3.0448644153451108,True
1,log2fc_pos_pre,WOOOWOOO,WOOOOOOO,6,7,2.6778173975197617,1.8066582431877696,-0.8711591543319921,False
1,log2fc_pos_pre,WOOWOOOO,WOOOOOOO,6,7,1.2991738355824958,1.8066582431877696,0.5074844076052738,True
1,log2fc_pos_pre,WOWOOOOO,WOOOOOOO,6,7,2.132771640008578,1.8066582431877696,-0.32611339682080853,False
1,log2fc_pos_pre,WWOOOOOO,WOOOOOOO,6,7,0.9980281640735184,1.8066582431877696,0.8086300791142512,True
1,log2fc_pos_pre,WOOOOOWW,WOOOOOOW,5,6,-5.322596351419337,0.1050814617721417,5.427677813191479,True
1,log2fc_pos_pre,WOOOOWOW,WOOOOOOW,5,6,0.7355024695529776,0.1050814617721417,-0.6304210077808359,False
1,log2fc_pos_pre,WOOOWOOW,WOOOOOOW,5,6,0.3834221109992248,0.1050814617721417,-0.2783406492270831,False
1,log2fc_pos_pre,WOOWOOOW,WOOOOOOW,5,6,-0.0299302872880084,0.1050814617721417,0.1350117490601501,True
1,log2fc_pos_pre,WOWOOOOW,WOOOOOOW,5,6,0.4746633528953901,0.1050814617721417,-0.36958189112324835,False
1,log2fc_pos_pre,WWOOOOOW,WOOOOOOW,5,6,1.1505013445745151,0.1050814617721417,-1.0454198828023735,False
1,log2fc_pos_pre,WOOOOOWW,WOOOOOWO,5,6,-5.322596351419337,-0.1257609715682714,5.196835379851065,True
1,log2fc_pos_pre,WOOOOWWO,WOOOOOWO,5,6,-6.98854854125675,-0.1257609715682714,6.862787569688479,True
1,log2fc_pos_pre,WOOOWOWO,WOOOOOWO,5,6,-0.2767844314023905,-0.1257609715682714,0.1510234598341191,True
1,log2fc_pos_pre,WOOWOOWO,WOOOOOWO,5,6,-0.7566687783461711,-0.1257609715682714,0.6309078067778997,True
1,log2fc_pos_pre,WOWOOOWO,WOOOOOWO,5,6,-2.0933624112459857,-0.1257609715682714,1.9676014396777142,True
1,log2fc_pos_pre,WWOOOOWO,WOOOOOWO,5,6,-0.7514667494663082,-0.1257609715682714,0.6257057778980368,True
1,log2fc_pos_pre,WOOOOWWW,WOOOOOWW,4,5,-5.79750362093894,-5.322596351419337,0.47490726951960305,True
1,log2fc_pos_pre,WOOOWOWW,WOOOOOWW,4,5,-3.6527568610561985,-5.322596351419337,-1.6698394903631386,False
1,log2fc_pos_pre,WOOWOOWW,WOOOOOWW,4,5,-3.8411125085254256,-5.322596351419337,-1.4814838428939114,False
1,log2fc_pos_pre,WOWOOOWW,WOOOOOWW,4,5,-4.16101849602568,-5.322596351419337,-1.1615778553936567,False
1,log2fc_pos_pre,WWOOOOWW,WOOOOOWW,4,5,-2.050436566704612,-5.322596351419337,-3.272159784714725,False
1,log2fc_pos_pre,WOOOOWOW,WOOOOWOO,5,6,0.7355024695529776,-1.2382061721573412,-1.973708641710319,False
1,log2fc_pos_pre,WOOOOWWO,WOOOOWOO,5,6,-6.98854854125675,-1.2382061721573412,5.750342369099409,True
1,log2fc_pos_pre,WOOOWWOO,WOOOOWOO,5,6,0.7021286179018099,-1.2382061721573412,-1.940334790059151,False
1,log2fc_pos_pre,WOOWOWOO,WOOOOWOO,5,6,-0.0296343285133319,-1.2382061721573412,-1.2085718436440094,False
1,log2fc_pos_pre,WOWOOWOO,WOOOOWOO,5,6,-0.1366425921177549,-1.2382061721573412,-1.1015635800395862,False
1,log2fc_pos_pre,WWOOOWOO,WOOOOWOO,5,6,0.3008611924240877,-1.2382061721573412,-1.5390673645814288,False
1,log2fc_pos_pre,WOOOOWWW,WOOOOWOW,4,5,-5.79750362093894,0.7355024695529776,6.533006090491917,True
1,log2fc_pos_pre,WOOOWWOW,WOOOOWOW,4,5,-0.4649408403758602,0.7355024695529776,1.2004433099288379,True
1,log2fc_pos_pre,WOOWOWOW,WOOOOWOW,4,5,0.8822007833228139,0.7355024695529776,-0.14669831376983633,False
1,log2fc_pos_pre,WOWOOWOW,WOOOOWOW,4,5,1.5597991817088956,0.7355024695529776,-0.824296712155918,False
1,log2fc_pos_pre,WWOOOWOW,WOOOOWOW,4,5,-0.7034172750686417,0.7355024695529776,1.4389197446216193,True
1,log2fc_pos_pre,WOOOOWWW,WOOOOWWO,4,5,-5.79750362093894,-6.98854854125675,-1.1910449203178102,False
1,log2fc_pos_pre,WOOOWWWO,WOOOOWWO,4,5,-2.5471799999591447,-6.98854854125675,-4.441368541297606,False
1,log2fc_pos_pre,WOOWOWWO,WOOOOWWO,4,5,-4.115852400703455,-6.98854854125675,-2.8726961405532956,False
1,log2fc_pos_pre,WOWOOWWO,WOOOOWWO,4,5,-6.41891032089399,-6.98854854125675,-0.5696382203627604,False
1,log2fc_pos_pre,WWOOOWWO,WOOOOWWO,4,5,-6.460465271892625,-6.98854854125675,-0.5280832693641253,False
1,log2fc_pos_pre,WOOOWWWW,WOOOOWWW,3,4,-0.8791973501575602,-5.79750362093894,-4.91830627078138,False
1,log2fc_pos_pre,WOOWOWWW,WOOOOWWW,3,4,-0.6855069336913486,-5.79750362093894,-5.111996687247592,False
1,log2fc_pos_pre,WOWOOWWW,WOOOOWWW,3,4,-5.4952983130864475,-5.79750362093894,-0.30220530785249267,False
1,log2fc_pos_pre,WWOOOWWW,WOOOOWWW,3,4,-4.760704418166378,-5.79750362093894,-1.0367992027725625,False
1,log2fc_pos_pre,WOOOWOOW,WOOOWOOO,5,6,0.3834221109992248,2.6778173975197617,2.294395286520537,True
1,log2fc_pos_pre,WOOOWOWO,WOOOWOOO,5,6,-0.2767844314023905,2.6778173975197617,2.954601828922152,True
1,log2fc_pos_pre,WOOOWWOO,WOOOWOOO,5,6,0.7021286179018099,2.6778173975197617,1.9756887796179519,True
1,log2fc_pos_pre,WOOWWOOO,WOOOWOOO,5,6,0.6680419098130121,2.6778173975197617,2.0097754877067495,True
1,log2fc_pos_pre,WOWOWOOO,WOOOWOOO,5,6,1.140523275880183,2.6778173975197617,1.5372941216395786,True
1,log2fc_pos_pre,WWOOWOOO,WOOOWOOO,5,6,-0.6773612246491912,2.6778173975197617,3.355178622168953,True
1,log2fc_pos_pre,WOOOWOWW,WOOOWOOW,4,5,-3.6527568610561985,0.3834221109992248,4.036178972055423,True
1,log2fc_pos_pre,WOOOWWOW,WOOOWOOW,4,5,-0.4649408403758602,0.3834221109992248,0.848362951375085,True
1,log2fc_pos_pre,WOOWWOOW,WOOOWOOW,4,5,-0.4048314713950245,0.3834221109992248,0.7882535823942494,True
1,log2fc_pos_pre,WOWOWOOW,WOOOWOOW,4,5,1.0920272034332177,0.3834221109992248,-0.7086050924339928,False
1,log2fc_pos_pre,WWOOWOOW,WOOOWOOW,4,5,-0.4090191925480398,0.3834221109992248,0.7924413035472646,True
1,log2fc_pos_pre,WOOOWOWW,WOOOWOWO,4,5,-3.6527568610561985,-0.2767844314023905,3.375972429653808,True
1,log2fc_pos_pre,WOOOWWWO,WOOOWOWO,4,5,-2.5471799999591447,-0.2767844314023905,2.2703955685567543,True
1,log2fc_pos_pre,WOOWWOWO,WOOOWOWO,4,5,-1.5204122186698117,-0.2767844314023905,1.243627787267421,True
1,log2fc_pos_pre,WOWOWOWO,WOOOWOWO,4,5,-0.64300187482714,-0.2767844314023905,0.3662174434247495,True
1,log2fc_pos_pre,WWOOWOWO,WOOOWOWO,4,5,-1.7015612692048558,-0.2767844314023905,1.4247768378024652,True
1,log2fc_pos_pre,WOOOWWWW,WOOOWOWW,3,4,-0.8791973501575602,-3.6527568610561985,-2.773559510898638,False
1,log2fc_pos_pre,WOOWWOWW,WOOOWOWW,3,4,-0.7391400497905964,-3.6527568610561985,-2.913616811265602,False
1,log2fc_pos_pre,WOWOWOWW,WOOOWOWW,3,4,-1.627015824974926,-3.6527568610561985,-2.025741036081272,False
1,log2fc_pos_pre,WWOOWOWW,WOOOWOWW,3,4,-3.245823885622597,-3.6527568610561985,-0.4069329754336013,False
1,log2fc_pos_pre,WOOOWWOW,WOOOWWOO,4,5,-0.4649408403758602,0.7021286179018099,1.1670694582776702,True
1,log2fc_pos_pre,WOOOWWWO,WOOOWWOO,4,5,-2.5471799999591447,0.7021286179018099,3.2493086178609545,True
1,log2fc_pos_pre,WOOWWWOO,WOOOWWOO,4,5,-1.1898015554996075,0.7021286179018099,1.8919301734014176,True
1,log2fc_pos_pre,WOWOWWOO,WOOOWWOO,4,5,0.0481170027017586,0.7021286179018099,0.6540116152000514,True
1,log2fc_pos_pre,WWOOWWOO,WOOOWWOO,4,5,0.1214908507133838,0.7021286179018099,0.5806377671884261,True
1,log2fc_pos_pre,WOOOWWWW,WOOOWWOW,3,4,-0.8791973501575602,-0.4649408403758602,0.4142565097817,True
1,log2fc_pos_pre,WOOWWWOW,WOOOWWOW,3,4,-1.495557229842195,-0.4649408403758602,1.030616389466335,True
1,log2fc_pos_pre,WOWOWWOW,WOOOWWOW,3,4,0.955918764494257,-0.4649408403758602,-1.4208596048701172,False
1,log2fc_pos_pre,WWOOWWOW,WOOOWWOW,3,4,-0.4357320789538781,-0.4649408403758602,-0.029208761421982088,False
1,log2fc_pos_pre,WOOOWWWW,WOOOWWWO,3,4,-0.8791973501575602,-2.5471799999591447,-1.6679826498015844,False
1,log2fc_pos_pre,WOOWWWWO,WOOOWWWO,3,4,-2.1116336694031848,-2.5471799999591447,-0.4355463305559599,False
1,log2fc_pos_pre,WOWOWWWO,WOOOWWWO,3,4,-4.4615284985843,-2.5471799999591447,1.9143484986251549,True
1,log2fc_pos_pre,WWOOWWWO,WOOOWWWO,3,4,-3.7835067478625826,-2.5471799999591447,1.2363267479034379,True
1,log2fc_pos_pre,WOOWWWWW,WOOOWWWW,2,3,-0.0368548155939417,-0.8791973501575602,-0.8423425345636185,False
1,log2fc_pos_pre,WOWOWWWW,WOOOWWWW,2,3,-0.4837138618596364,-0.8791973501575602,-0.3954834882979238,False
1,log2fc_pos_pre,WWOOWWWW,WOOOWWWW,2,3,-0.5195453339617657,-0.8791973501575602,-0.35965201619579446,False
1,log2fc_pos_pre,WOOWOOOW,WOOWOOOO,5,6,-0.0299302872880084,1.2991738355824958,1.3291041228705043,True
1,log2fc_pos_pre,WOOWOOWO,WOOWOOOO,5,6,-0.7566687783461711,1.2991738355824958,2.0558426139286667,True
1,log2fc_pos_pre,WOOWOWOO,WOOWOOOO,5,6,-0.0296343285133319,1.2991738355824958,1.3288081640958276,True
1,log2fc_pos_pre,WOOWWOOO,WOOWOOOO,5,6,0.6680419098130121,1.2991738355824958,0.6311319257694836,True
1,log2fc_pos_pre,WOWWOOOO,WOOWOOOO,5,6,2.6201833512459047,1.2991738355824958,-1.321009515663409,False
1,log2fc_pos_pre,WWOWOOOO,WOOWOOOO,5,6,1.1126231817996972,1.2991738355824958,0.18655065378279856,True
1,log2fc_pos_pre,WOOWOOWW,WOOWOOOW,4,5,-3.8411125085254256,-0.0299302872880084,3.8111822212374173,True
1,log2fc_pos_pre,WOOWOWOW,WOOWOOOW,4,5,0.8822007833228139,-0.0299302872880084,-0.9121310706108223,False
1,log2fc_pos_pre,WOOWWOOW,WOOWOOOW,4,5,-0.4048314713950245,-0.0299302872880084,0.3749011841070161,True
1,log2fc_pos_pre,WOWWOOOW,WOOWOOOW,4,5,1.2764945158429268,-0.0299302872880084,-1.3064248031309353,False
1,log2fc_pos_pre,WWOWOOOW,WOOWOOOW,4,5,0.8702197469622865,-0.0299302872880084,-0.9001500342502949,False
1,log2fc_pos_pre,WOOWOOWW,WOOWOOWO,4,5,-3.8411125085254256,-0.7566687783461711,3.0844437301792547,True
1,log2fc_pos_pre,WOOWOWWO,WOOWOOWO,4,5,-4.115852400703455,-0.7566687783461711,3.3591836223572837,True
1,log2fc_pos_pre,WOOWWOWO,WOOWOOWO,4,5,-1.5204122186698117,-0.7566687783461711,0.7637434403236406,True
1,log2fc_pos_pre,WOWWOOWO,WOOWOOWO,4,5,0.5115712694293391,-0.7566687783461711,-1.2682400477755102,False
1,log2fc_pos_pre,WWOWOOWO,WOOWOOWO,4,5,-1.6289227089591751,-0.7566687783461711,0.872253930613004,True
1,log2fc_pos_pre,WOOWOWWW,WOOWOOWW,3,4,-0.6855069336913486,-3.8411125085254256,-3.1556055748340768,False
1,log2fc_pos_pre,WOOWWOWW,WOOWOOWW,3,4,-0.7391400497905964,-3.8411125085254256,-3.101972458734829,False
1,log2fc_pos_pre,WOWWOOWW,WOOWOOWW,3,4,-1.5475650475160212,-3.8411125085254256,-2.293547461009404,False
1,log2fc_pos_pre,WWOWOOWW,WOOWOOWW,3,4,-2.558429178466456,-3.8411125085254256,-1.2826833300589695,False
1,log2fc_pos_pre,WOOWOWOW,WOOWOWOO,4,5,0.8822007833228139,-0.0296343285133319,-0.9118351118361459,False
1,log2fc_pos_pre,WOOWOWWO,WOOWOWOO,4,5,-4.115852400703455,-0.0296343285133319,4.086218072190123,True
1,log2fc_pos_pre,WOOWWWOO,WOOWOWOO,4,5,-1.1898015554996075,-0.0296343285133319,1.1601672269862757,True
1,log2fc_pos_pre,WOWWOWOO,WOOWOWOO,4,5,1.529543445812323,-0.0296343285133319,-1.5591777743256547,False
1,log2fc_pos_pre,WWOWOWOO,WOOWOWOO,4,5,-0.4108014561214786,-0.0296343285133319,0.3811671276081467,True
1,log2fc_pos_pre,WOOWOWWW,WOOWOWOW,3,4,-0.6855069336913486,0.8822007833228139,1.5677077170141627,True
1,log2fc_pos_pre,WOOWWWOW,WOOWOWOW,3,4,-1.495557229842195,0.8822007833228139,2.377758013165009,True
1,log2fc_pos_pre,WOWWOWOW,WOOWOWOW,3,4,1.2917496700686055,0.8822007833228139,-0.4095488867457916,False
1,log2fc_pos_pre,WWOWOWOW,WOOWOWOW,3,4,-0.1690060760385851,0.8822007833228139,1.051206859361399,True
1,log2fc_pos_pre,WOOWOWWW,WOOWOWWO,3,4,-0.6855069336913486,-4.115852400703455,-3.4303454670121063,False
1,log2fc_pos_pre,WOOWWWWO,WOOWOWWO,3,4,-2.1116336694031848,-4.115852400703455,-2.00421873130027,False
1,log2fc_pos_pre,WOWWOWWO,WOOWOWWO,3,4,-2.4942433808435553,-4.115852400703455,-1.6216090198598994,False
1,log2fc_pos_pre,WWOWOWWO,WOOWOWWO,3,4,-3.8812760302903233,-4.115852400703455,-0.2345763704131314,False
1,log2fc_pos_pre,WOOWWWWW,WOOWOWWW,2,3,-0.0368548155939417,-0.6855069336913486,-0.648652118097407,False
1,log2fc_pos_pre,WOWWOWWW,WOOWOWWW,2,3,-0.8407639521068587,-0.6855069336913486,0.1552570184155101,True
1,log2fc_pos_pre,WWOWOWWW,WOOWOWWW,2,3,-1.0464748155502572,-0.6855069336913486,0.3609678818589086,True
1,log2fc_pos_pre,WOOWWOOW,WOOWWOOO,4,5,-0.4048314713950245,0.6680419098130121,1.0728733812080367,True
1,log2fc_pos_pre,WOOWWOWO,WOOWWOOO,4,5,-1.5204122186698117,0.6680419098130121,2.1884541284828236,True
1,log2fc_pos_pre,WOOWWWOO,WOOWWOOO,4,5,-1.1898015554996075,0.6680419098130121,1.8578434653126197,True
1,log2fc_pos_pre,WOWWWOOO,WOOWWOOO,4,5,1.357763290758877,0.6680419098130121,-0.6897213809458649,False
1,log2fc_pos_pre,WWOWWOOO,WOOWWOOO,4,5,-0.377026554164813,0.6680419098130121,1.0450684639778252,True
1,log2fc_pos_pre,WOOWWOWW,WOOWWOOW,3,4,-0.7391400497905964,-0.4048314713950245,0.33430857839557193,True
1,log2fc_pos_pre,WOOWWWOW,WOOWWOOW,3,4,-1.495557229842195,-0.4048314713950245,1.0907257584471706,True
1,log2fc_pos_pre,WOWWWOOW,WOOWWOOW,3,4,0.9750351102896792,-0.4048314713950245,-1.3798665816847038,False
1,log2fc_pos_pre,WWOWWOOW,WOOWWOOW,3,4,-1.7921418792925965,-0.4048314713950245,1.387310407897572,True
1,log2fc_pos_pre,WOOWWOWW,WOOWWOWO,3,4,-0.7391400497905964,-1.5204122186698117,-0.7812721688792152,False
1,log2fc_pos_pre,WOOWWWWO,WOOWWOWO,3,4,-2.1116336694031848,-1.5204122186698117,0.5912214507333731,True
1,log2fc_pos_pre,WOWWWOWO,WOOWWOWO,3,4,0.2227057444895824,-1.5204122186698117,-1.743117963159394,False
1,log2fc_pos_pre,WWOWWOWO,WOOWWOWO,3,4,-2.0189776180817804,-1.5204122186698117,0.49856539941196876,True
1,log2fc_pos_pre,WOOWWWWW,WOOWWOWW,2,3,-0.0368548155939417,-0.7391400497905964,-0.7022852341966548,False
1,log2fc_pos_pre,WOWWWOWW,WOOWWOWW,2,3,-0.8279161822806891,-0.7391400497905964,0.08877613249009264,True
1,log2fc_pos_pre,WWOWWOWW,WOOWWOWW,2,3,-2.2635771753689125,-0.7391400497905964,1.524437125578316,True
1,log2fc_pos_pre,WOOWWWOW,WOOWWWOO,3,4,-1.495557229842195,-1.1898015554996075,0.30575567434258755,True
1,log2fc_pos_pre,WOOWWWWO,WOOWWWOO,3,4,-2.1116336694031848,-1.1898015554996075,0.9218321139035772,True
1,log2fc_pos_pre,WOWWWWOO,WOOWWWOO,3,4,0.2444697584453112,-1.1898015554996075,-1.4342713139449188,False
1,log2fc_pos_pre,WWOWWWOO,WOOWWWOO,3,4,-1.0043078964383465,-1.1898015554996075,-0.18549365906126103,False
1,log2fc_pos_pre,WOOWWWWW,WOOWWWOW,2,3,-0.0368548155939417,-1.495557229842195,-1.4587024142482534,False
1,log2fc_pos_pre,WOWWWWOW,WOOWWWOW,2,3,1.4103140377672678,-1.495557229842195,-2.905871267609463,False
1,log2fc_pos_pre,WWOWWWOW,WOOWWWOW,2,3,-0.3001385695441186,-1.495557229842195,-1.1954186602980765,False
1,log2fc_pos_pre,WOOWWWWW,WOOWWWWO,2,3,-0.0368548155939417,-2.1116336694031848,-2.074778853809243,False
1,log2fc_pos_pre,WOWWWWWO,WOOWWWWO,2,3,-0.3010486918441216,-2.1116336694031848,-1.8105849775590632,False
1,log2fc_pos_pre,WWOWWWWO,WOOWWWWO,2,3,-1.6717334607774108,-2.1116336694031848,-0.43990020862577395,False
1,log2fc_pos_pre,WOWWWWWW,WOOWWWWW,1,2,1.2525360210859742,-0.0368548155939417,-1.2893908366799158,False
1,log2fc_pos_pre,WWOWWWWW,WOOWWWWW,1,2,-0.5415982989505791,-0.0368548155939417,0.5047434833566374,True
1,log2fc_pos_pre,WOWOOOOW,WOWOOOOO,5,6,0.4746633528953901,2.132771640008578,1.658108287113188,True
1,log2fc_pos_pre,WOWOOOWO,WOWOOOOO,5,6,-2.0933624112459857,2.132771640008578,4.226134051254563,True
1,log2fc_pos_pre,WOWOOWOO,WOWOOOOO,5,6,-0.1366425921177549,2.132771640008578,2.269414232126333,True
1,log2fc_pos_pre,WOWOWOOO,WOWOOOOO,5,6,1.140523275880183,2.132771640008578,0.992248364128395,True
1,log2fc_pos_pre,WOWWOOOO,WOWOOOOO,5,6,2.6201833512459047,2.132771640008578,-0.48741171123732663,False
1,log2fc_pos_pre,WWWOOOOO,WOWOOOOO,5,6,1.2376052482463271,2.132771640008578,0.895166391762251,True
1,log2fc_pos_pre,WOWOOOWW,WOWOOOOW,4,5,-4.16101849602568,0.4746633528953901,4.63568184892107,True
1,log2fc_pos_pre,WOWOOWOW,WOWOOOOW,4,5,1.5597991817088956,0.4746633528953901,-1.0851358288135056,False
1,log2fc_pos_pre,WOWOWOOW,WOWOOOOW,4,5,1.0920272034332177,0.4746633528953901,-0.6173638505378276,False
1,log2fc_pos_pre,WOWWOOOW,WOWOOOOW,4,5,1.2764945158429268,0.4746633528953901,-0.8018311629475368,False
1,log2fc_pos_pre,WWWOOOOW,WOWOOOOW,4,5,0.077495679600935,0.4746633528953901,0.39716767329445507,True
1,log2fc_pos_pre,WOWOOOWW,WOWOOOWO,4,5,-4.16101849602568,-2.0933624112459857,2.0676560847796948,True
1,log2fc_pos_pre,WOWOOWWO,WOWOOOWO,4,5,-6.41891032089399,-2.0933624112459857,4.325547909648004,True
1,log2fc_pos_pre,WOWOWOWO,WOWOOOWO,4,5,-0.64300187482714,-2.0933624112459857,-1.4503605364188457,False
1,log2fc_pos_pre,WOWWOOWO,WOWOOOWO,4,5,0.5115712694293391,-2.0933624112459857,-2.604933680675325,False
1,log2fc_pos_pre,WWWOOOWO,WOWOOOWO,4,5,-2.9722239647861,-2.0933624112459857,0.8788615535401143,True
1,log2fc_pos_pre,WOWOOWWW,WOWOOOWW,3,4,-5.4952983130864475,-4.16101849602568,1.334279817060767,True
1,log2fc_pos_pre,WOWOWOWW,WOWOOOWW,3,4,-1.627015824974926,-4.16101849602568,-2.5340026710507546,False
1,log2fc_pos_pre,WOWWOOWW,WOWOOOWW,3,4,-1.5475650475160212,-4.16101849602568,-2.6134534485096594,False
1,log2fc_pos_pre,WWWOOOWW,WOWOOOWW,3,4,-4.086404623189766,-4.16101849602568,-0.07461387283591403,False
1,log2fc_pos_pre,WOWOOWOW,WOWOOWOO,4,5,1.5597991817088956,-0.1366425921177549,-1.6964417738266506,False
1,log2fc_pos_pre,WOWOOWWO,WOWOOWOO,4,5,-6.41891032089399,-0.1366425921177549,6.282267728776235,True
1,log2fc_pos_pre,WOWOWWOO,WOWOOWOO,4,5,0.0481170027017586,-0.1366425921177549,-0.18475959481951348,False
1,log2fc_pos_pre,WOWWOWOO,WOWOOWOO,4,5,1.529543445812323,-0.1366425921177549,-1.666186037930078,False
1,log2fc_pos_pre,WWWOOWOO,WOWOOWOO,4,5,-1.410577255169574,-0.1366425921177549,1.2739346630518191,True
1,log2fc_pos_pre,WOWOOWWW,WOWOOWOW,3,4,-5.4952983130864475,1.5597991817088956,7.055097494795343,True
1,log2fc_pos_pre,WOWOWWOW,WOWOOWOW,3,4,0.955918764494257,1.5597991817088956,0.6038804172146387,True
1,log2fc_pos_pre,WOWWOWOW,WOWOOWOW,3,4,1.2917496700686055,1.5597991817088956,0.2680495116402901,True
1,log2fc_pos_pre,WWWOOWOW,WOWOOWOW,3,4,0.6136223675166678,1.5597991817088956,0.9461768141922279,True
1,log2fc_pos_pre,WOWOOWWW,WOWOOWWO,3,4,-5.4952983130864475,-6.41891032089399,-0.9236120078075425,False
1,log2fc_pos_pre,WOWOWWWO,WOWOOWWO,3,4,-4.4615284985843,-6.41891032089399,-1.9573818223096904,False
1,log2fc_pos_pre,WOWWOWWO,WOWOOWWO,3,4,-2.4942433808435553,-6.41891032089399,-3.9246669400504346,False
1,log2fc_pos_pre,WWWOOWWO,WOWOOWWO,3,4,-5.411983251781501,-6.41891032089399,-1.0069270691124892,False
1,log2fc_pos_pre,WOWOWWWW,WOWOOWWW,2,3,-0.4837138618596364,-5.4952983130864475,-5.0115844512268115,False
1,log2fc_pos_pre,WOWWOWWW,WOWOOWWW,2,3,-0.8407639521068587,-5.4952983130864475,-4.654534360979588,False
1,log2fc_pos_pre,WWWOOWWW,WOWOOWWW,2,3,-5.012787939379112,-5.4952983130864475,-0.48251037370733574,False
1,log2fc_pos_pre,WOWOWOOW,WOWOWOOO,4,5,1.0920272034332177,1.140523275880183,0.04849607244696541,True
1,log2fc_pos_pre,WOWOWOWO,WOWOWOOO,4,5,-0.64300187482714,1.140523275880183,1.783525150707323,True
1,log2fc_pos_pre,WOWOWWOO,WOWOWOOO,4,5,0.0481170027017586,1.140523275880183,1.0924062731784245,True
1,log2fc_pos_pre,WOWWWOOO,WOWOWOOO,4,5,1.357763290758877,1.140523275880183,-0.21724001487869393,False
1,log2fc_pos_pre,WWWOWOOO,WOWOWOOO,4,5,1.992920509890668,1.140523275880183,-0.8523972340104848,False
1,log2fc_pos_pre,WOWOWOWW,WOWOWOOW,3,4,-1.627015824974926,1.0920272034332177,2.7190430284081435,True
1,log2fc_pos_pre,WOWOWWOW,WOWOWOOW,3,4,0.955918764494257,1.0920272034332177,0.13610843893896074,True
1,log2fc_pos_pre,WOWWWOOW,WOWOWOOW,3,4,0.9750351102896792,1.0920272034332177,0.11699209314353853,True
1,log2fc_pos_pre,WWWOWOOW,WOWOWOOW,3,4,0.7410429953889914,1.0920272034332177,0.35098420804422625,True
1,log2fc_pos_pre,WOWOWOWW,WOWOWOWO,3,4,-1.627015824974926,-0.64300187482714,0.984013950147786,True
1,log2fc_pos_pre,WOWOWWWO,WOWOWOWO,3,4,-4.4615284985843,-0.64300187482714,3.8185266237571596,True
1,log2fc_pos_pre,WOWWWOWO,WOWOWOWO,3,4,0.2227057444895824,-0.64300187482714,-0.8657076193167224,False
1,log2fc_pos_pre,WWWOWOWO,WOWOWOWO,3,4,-1.471533180000904,-0.64300187482714,0.8285313051737639,True
1,log2fc_pos_pre,WOWOWWWW,WOWOWOWW,2,3,-0.4837138618596364,-1.627015824974926,-1.1433019631152896,False
1,log2fc_pos_pre,WOWWWOWW,WOWOWOWW,2,3,-0.8279161822806891,-1.627015824974926,-0.799099642694237,False
1,log2fc_pos_pre,WWWOWOWW,WOWOWOWW,2,3,-2.7906609143493957,-1.627015824974926,1.1636450893744696,True
1,log2fc_pos_pre,WOWOWWOW,WOWOWWOO,3,4,0.955918764494257,0.0481170027017586,-0.9078017617924984,False
1,log2fc_pos_pre,WOWOWWWO,WOWOWWOO,3,4,-4.4615284985843,0.0481170027017586,4.509645501286058,True
1,log2fc_pos_pre,WOWWWWOO,WOWOWWOO,3,4,0.2444697584453112,0.0481170027017586,-0.1963527557435526,False
1,log2fc_pos_pre,WWWOWWOO,WOWOWWOO,3,4,1.386757655884019,0.0481170027017586,-1.3386406531822603,False
1,log2fc_pos_pre,WOWOWWWW,WOWOWWOW,2,3,-0.4837138618596364,0.955918764494257,1.4396326263538932,True
1,log2fc_pos_pre,WOWWWWOW,WOWOWWOW,2,3,1.4103140377672678,0.955918764494257,-0.4543952732730109,False
1,log2fc_pos_pre,WWWOWWOW,WOWOWWOW,2,3,0.3225597983573222,0.955918764494257,0.6333589661369348,True
1,log2fc_pos_pre,WOWOWWWW,WOWOWWWO,2,3,-0.4837138618596364,-4.4615284985843,-3.977814636724663,False
1,log2fc_pos_pre,WOWWWWWO,WOWOWWWO,2,3,-0.3010486918441216,-4.4615284985843,-4.160479806740178,False
1,log2fc_pos_pre,WWWOWWWO,WOWOWWWO,2,3,-1.6629850851203116,-4.4615284985843,-2.798543413463988,False
1,log2fc_pos_pre,WOWWWWWW,WOWOWWWW,1,2,1.2525360210859742,-0.4837138618596364,-1.7362498829456106,False
1,log2fc_pos_pre,WWWOWWWW,WOWOWWWW,1,2,0.0334186345320782,-0.4837138618596364,-0.5171324963917145,False
1,log2fc_pos_pre,WOWWOOOW,WOWWOOOO,4,5,1.2764945158429268,2.6201833512459047,1.343688835402978,True
1,log2fc_pos_pre,WOWWOOWO,WOWWOOOO,4,5,0.5115712694293391,2.6201833512459047,2.108612081816566,True
1,log2fc_pos_pre,WOWWOWOO,WOWWOOOO,4,5,1.529543445812323,2.6201833512459047,1.0906399054335818,True
1,log2fc_pos_pre,WOWWWOOO,WOWWOOOO,4,5,1.357763290758877,2.6201833512459047,1.2624200604870277,True
1,log2fc_pos_pre,WWWWOOOO,WOWWOOOO,4,5,-0.4567360298669991,2.6201833512459047,3.076919381112904,True
1,log2fc_pos_pre,WOWWOOWW,WOWWOOOW,3,4,-1.5475650475160212,1.2764945158429268,2.824059563358948,True
1,log2fc_pos_pre,WOWWOWOW,WOWWOOOW,3,4,1.2917496700686055,1.2764945158429268,-0.015255154225678691,False
1,log2fc_pos_pre,WOWWWOOW,WOWWOOOW,3,4,0.9750351102896792,1.2764945158429268,0.3014594055532477,True
1,log2fc_pos_pre,WWWWOOOW,WOWWOOOW,3,4,0.4254843366476851,1.2764945158429268,0.8510101791952418,True
1,log2fc_pos_pre,WOWWOOWW,WOWWOOWO,3,4,-1.5475650475160212,0.5115712694293391,2.0591363169453603,True
1,log2fc_pos_pre,WOWWOWWO,WOWWOOWO,3,4,-2.4942433808435553,0.5115712694293391,3.005814650272894,True
1,log2fc_pos_pre,WOWWWOWO,WOWWOOWO,3,4,0.2227057444895824,0.5115712694293391,0.28886552493975665,True
1,log2fc_pos_pre,WWWWOOWO,WOWWOOWO,3,4,-0.4505048508682189,0.5115712694293391,0.962076120297558,True
1,log2fc_pos_pre,WOWWOWWW,WOWWOOWW,2,3,-0.8407639521068587,-1.5475650475160212,-0.7068010954091625,False
1,log2fc_pos_pre,WOWWWOWW,WOWWOOWW,2,3,-0.8279161822806891,-1.5475650475160212,-0.7196488652353321,False
1,log2fc_pos_pre,WWWWOOWW,WOWWOOWW,2,3,-1.1176704511397502,-1.5475650475160212,-0.42989459637627103,False
1,log2fc_pos_pre,WOWWOWOW,WOWWOWOO,3,4,1.2917496700686055,1.529543445812323,0.2377937757437174,True
1,log2fc_pos_pre,WOWWOWWO,WOWWOWOO,3,4,-2.4942433808435553,1.529543445812323,4.023786826655878,True
1,log2fc_pos_pre,WOWWWWOO,WOWWOWOO,3,4,0.2444697584453112,1.529543445812323,1.2850736873670117,True
1,log2fc_pos_pre,WWWWOWOO,WOWWOWOO,3,4,0.3856800980106634,1.529543445812323,1.1438633478016595,True
1,log2fc_pos_pre,WOWWOWWW,WOWWOWOW,2,3,-0.8407639521068587,1.2917496700686055,2.1325136221754644,True
1,log2fc_pos_pre,WOWWWWOW,WOWWOWOW,2,3,1.4103140377672678,1.2917496700686055,-0.1185643676986623,False
1,log2fc_pos_pre,WWWWOWOW,WOWWOWOW,2,3,0.6982887121674878,1.2917496700686055,0.5934609579011177,True
1,log2fc_pos_pre,WOWWOWWW,WOWWOWWO,2,3,-0.8407639521068587,-2.4942433808435553,-1.6534794287366967,False
1,log2fc_pos_pre,WOWWWWWO,WOWWOWWO,2,3,-0.3010486918441216,-2.4942433808435553,-2.1931946889994336,False
1,log2fc_pos_pre,WWWWOWWO,WOWWOWWO,2,3,-4.811857220418184,-2.4942433808435553,2.3176138395746286,True
1,log2fc_pos_pre,WOWWWWWW,WOWWOWWW,1,2,1.2525360210859742,-0.8407639521068587,-2.093299973192833,False
1,log2fc_pos_pre,WWWWOWWW,WOWWOWWW,1,2,-2.613896683240684,-0.8407639521068587,1.7731327311338254,True
1,log2fc_pos_pre,WOWWWOOW,WOWWWOOO,3,4,0.9750351102896792,1.357763290758877,0.3827281804691979,True
1,log2fc_pos_pre,WOWWWOWO,WOWWWOOO,3,4,0.2227057444895824,1.357763290758877,1.1350575462692947,True
1,log2fc_pos_pre,WOWWWWOO,WOWWWOOO,3,4,0.2444697584453112,1.357763290758877,1.1132935323135658,True
1,log2fc_pos_pre,WWWWWOOO,WOWWWOOO,3,4,1.3769537900043576,1.357763290758877,-0.019190499245480552,False
1,log2fc_pos_pre,WOWWWOWW,WOWWWOOW,2,3,-0.8279161822806891,0.9750351102896792,1.8029512925703681,True
1,log2fc_pos_pre,WOWWWWOW,WOWWWOOW,2,3,1.4103140377672678,0.9750351102896792,-0.4352789274775887,False
1,log2fc_pos_pre,WWWWWOOW,WOWWWOOW,2,3,0.2474088267059793,0.9750351102896792,0.7276262835836999,True
1,log2fc_pos_pre,WOWWWOWW,WOWWWOWO,2,3,-0.8279161822806891,0.2227057444895824,1.0506219267702714,True
1,log2fc_pos_pre,WOWWWWWO,WOWWWOWO,2,3,-0.3010486918441216,0.2227057444895824,0.523754436333704,True
1,log2fc_pos_pre,WWWWWOWO,WOWWWOWO,2,3,-0.2113014418855341,0.2227057444895824,0.4340071863751165,True
1,log2fc_pos_pre,WOWWWWWW,WOWWWOWW,1,2,1.2525360210859742,-0.8279161822806891,-2.0804522033666633,False
1,log2fc_pos_pre,WWWWWOWW,WOWWWOWW,1,2,-1.4327627842466983,-0.8279161822806891,0.6048466019660093,True
1,log2fc_pos_pre,WOWWWWOW,WOWWWWOO,2,3,1.4103140377672678,0.2444697584453112,-1.1658442793219566,False
1,log2fc_pos_pre,WOWWWWWO,WOWWWWOO,2,3,-0.3010486918441216,0.2444697584453112,0.5455184502894328,True
1,log2fc_pos_pre,WWWWWWOO,WOWWWWOO,2,3,1.074805011162589,0.2444697584453112,-0.8303352527172778,False
1,log2fc_pos_pre,WOWWWWWW,WOWWWWOW,1,2,1.2525360210859742,1.4103140377672678,0.15777801668129365,True
1,log2fc_pos_pre,WWWWWWOW,WOWWWWOW,1,2,1.1759027460856273,1.4103140377672678,0.23441129168164054,True
1,log2fc_pos_pre,WOWWWWWW,WOWWWWWO,1,2,1.2525360210859742,-0.3010486918441216,-1.5535847129300957,False
1,log2fc_pos_pre,WWWWWWWO,WOWWWWWO,1,2,-1.477930738578496,-0.3010486918441216,1.1768820467343746,True
1,log2fc_pos_pre,WWWWWWWW,WOWWWWWW,0,1,0.2535722902674898,1.2525360210859742,0.9989637308184844,True
1,log2fc_pos_pre,WWOOOOOW,WWOOOOOO,5,6,1.1505013445745151,0.9980281640735184,-0.15247318050099679,False
1,log2fc_pos_pre,WWOOOOWO,WWOOOOOO,5,6,-0.7514667494663082,0.9980281640735184,1.7494949135398266,True
1,log2fc_pos_pre,WWOOOWOO,WWOOOOOO,5,6,0.3008611924240877,0.9980281640735184,0.6971669716494306,True
1,log2fc_pos_pre,WWOOWOOO,WWOOOOOO,5,6,-0.6773612246491912,0.9980281640735184,1.6753893887227096,True
1,log2fc_pos_pre,WWOWOOOO,WWOOOOOO,5,6,1.1126231817996972,0.9980281640735184,-0.11459501772617886,False
1,log2fc_pos_pre,WWWOOOOO,WWOOOOOO,5,6,1.2376052482463271,0.9980281640735184,-0.23957708417280876,False
1,log2fc_pos_pre,WWOOOOWW,WWOOOOOW,4,5,-2.050436566704612,1.1505013445745151,3.2009379112791274,True
1,log2fc_pos_pre,WWOOOWOW,WWOOOOOW,4,5,-0.7034172750686417,1.1505013445745151,1.853918619643157,True
1,log2fc_pos_pre,WWOOWOOW,WWOOOOOW,4,5,-0.4090191925480398,1.1505013445745151,1.559520537122555,True
1,log2fc_pos_pre,WWOWOOOW,WWOOOOOW,4,5,0.8702197469622865,1.1505013445745151,0.2802815976122286,True
1,log2fc_pos_pre,WWWOOOOW,WWOOOOOW,4,5,0.077495679600935,1.1505013445745151,1.0730056649735802,True
1,log2fc_pos_pre,WWOOOOWW,WWOOOOWO,4,5,-2.050436566704612,-0.7514667494663082,1.2989698172383037,True
1,log2fc_pos_pre,WWOOOWWO,WWOOOOWO,4,5,-6.460465271892625,-0.7514667494663082,5.708998522426317,True
1,log2fc_pos_pre,WWOOWOWO,WWOOOOWO,4,5,-1.7015612692048558,-0.7514667494663082,0.9500945197385476,True
1,log2fc_pos_pre,WWOWOOWO,WWOOOOWO,4,5,-1.6289227089591751,-0.7514667494663082,0.8774559594928669,True
1,log2fc_pos_pre,WWWOOOWO,WWOOOOWO,4,5,-2.9722239647861,-0.7514667494663082,2.2207572153197916,True
1,log2fc_pos_pre,WWOOOWWW,WWOOOOWW,3,4,-4.760704418166378,-2.050436566704612,2.7102678514617655,True
1,log2fc_pos_pre,WWOOWOWW,WWOOOOWW,3,4,-3.245823885622597,-2.050436566704612,1.195387318917985,True
1,log2fc_pos_pre,WWOWOOWW,WWOOOOWW,3,4,-2.558429178466456,-2.050436566704612,0.5079926117618441,True
1,log2fc_pos_pre,WWWOOOWW,WWOOOOWW,3,4,-4.086404623189766,-2.050436566704612,2.0359680564851543,True
1,log2fc_pos_pre,WWOOOWOW,WWOOOWOO,4,5,-0.7034172750686417,0.3008611924240877,1.0042784674927294,True
1,log2fc_pos_pre,WWOOOWWO,WWOOOWOO,4,5,-6.460465271892625,0.3008611924240877,6.761326464316713,True
1,log2fc_pos_pre,WWOOWWOO,WWOOOWOO,4,5,0.1214908507133838,0.3008611924240877,0.17937034171070393,True
1,log2fc_pos_pre,WWOWOWOO,WWOOOWOO,4,5,-0.4108014561214786,0.3008611924240877,0.7116626485455664,True
1,log2fc_pos_pre,WWWOOWOO,WWOOOWOO,4,5,-1.410577255169574,0.3008611924240877,1.711438447593662,True
1,log2fc_pos_pre,WWOOOWWW,WWOOOWOW,3,4,-4.760704418166378,-0.7034172750686417,4.057287143097736,True
1,log2fc_pos_pre,WWOOWWOW,WWOOOWOW,3,4,-0.4357320789538781,-0.7034172750686417,-0.2676851961147636,False
1,log2fc_pos_pre,WWOWOWOW,WWOOOWOW,3,4,-0.1690060760385851,-0.7034172750686417,-0.5344111990300566,False
1,log2fc_pos_pre,WWWOOWOW,WWOOOWOW,3,4,0.6136223675166678,-0.7034172750686417,-1.3170396425853095,False
1,log2fc_pos_pre,WWOOOWWW,WWOOOWWO,3,4,-4.760704418166378,-6.460465271892625,-1.6997608537262474,False
1,log2fc_pos_pre,WWOOWWWO,WWOOOWWO,3,4,-3.7835067478625826,-6.460465271892625,-2.6769585240300424,False
1,log2fc_pos_pre,WWOWOWWO,WWOOOWWO,3,4,-3.8812760302903233,-6.460465271892625,-2.5791892416023017,False
1,log2fc_pos_pre,WWWOOWWO,WWOOOWWO,3,4,-5.411983251781501,-6.460465271892625,-1.0484820201111242,False
1,log2fc_pos_pre,WWOOWWWW,WWOOOWWW,2,3,-0.5195453339617657,-4.760704418166378,-4.241159084204612,False
1,log2fc_pos_pre,WWOWOWWW,WWOOOWWW,2,3,-1.0464748155502572,-4.760704418166378,-3.71422960261612,False
1,log2fc_pos_pre,WWWOOWWW,WWOOOWWW,2,3,-5.012787939379112,-4.760704418166378,0.25208352121273414,True
1,log2fc_pos_pre,WWOOWOOW,WWOOWOOO,4,5,-0.4090191925480398,-0.6773612246491912,-0.26834203210115143,False
1,log2fc_pos_pre,WWOOWOWO,WWOOWOOO,4,5,-1.7015612692048558,-0.6773612246491912,1.0242000445556645,True
1,log2fc_pos_pre,WWOOWWOO,WWOOWOOO,4,5,0.1214908507133838,-0.6773612246491912,-0.7988520753625751,False
1,log2fc_pos_pre,WWOWWOOO,WWOOWOOO,4,5,-0.377026554164813,-0.6773612246491912,-0.30033467048437823,False
1,log2fc_pos_pre,WWWOWOOO,WWOOWOOO,4,5,1.992920509890668,-0.6773612246491912,-2.6702817345398593,False
1,log2fc_pos_pre,WWOOWOWW,WWOOWOOW,3,4,-3.245823885622597,-0.4090191925480398,2.836804693074557,True
1,log2fc_pos_pre,WWOOWWOW,WWOOWOOW,3,4,-0.4357320789538781,-0.4090191925480398,0.0267128864058383,True
1,log2fc_pos_pre,WWOWWOOW,WWOOWOOW,3,4,-1.7921418792925965,-0.4090191925480398,1.3831226867445567,True
1,log2fc_pos_pre,WWWOWOOW,WWOOWOOW,3,4,0.7410429953889914,-0.4090191925480398,-1.1500621879370312,False
1,log2fc_pos_pre,WWOOWOWW,WWOOWOWO,3,4,-3.245823885622597,-1.7015612692048558,1.5442626164177413,True
1,log2fc_pos_pre,WWOOWWWO,WWOOWOWO,3,4,-3.7835067478625826,-1.7015612692048558,2.081945478657727,True
1,log2fc_pos_pre,WWOWWOWO,WWOOWOWO,3,4,-2.0189776180817804,-1.7015612692048558,0.3174163488769246,True
1,log2fc_pos_pre,WWWOWOWO,WWOOWOWO,3,4,-1.471533180000904,-1.7015612692048558,-0.2300280892039519,False
1,log2fc_pos_pre,WWOOWWWW,WWOOWOWW,2,3,-0.5195453339617657,-3.245823885622597,-2.7262785516608314,False
1,log2fc_pos_pre,WWOWWOWW,WWOOWOWW,2,3,-2.2635771753689125,-3.245823885622597,-0.9822467102536847,False
1,log2fc_pos_pre,WWWOWOWW,WWOOWOWW,2,3,-2.7906609143493957,-3.245823885622597,-0.4551629712732015,False
1,log2fc_pos_pre,WWOOWWOW,WWOOWWOO,3,4,-0.4357320789538781,0.1214908507133838,0.557222929667262,True
1,log2fc_pos_pre,WWOOWWWO,WWOOWWOO,3,4,-3.7835067478625826,0.1214908507133838,3.9049975985759664,True
1,log2fc_pos_pre,WWOWWWOO,WWOOWWOO,3,4,-1.0043078964383465,0.1214908507133838,1.1257987471517303,True
1,log2fc_pos_pre,WWWOWWOO,WWOOWWOO,3,4,1.386757655884019,0.1214908507133838,-1.265266805170635,False
1,log2fc_pos_pre,WWOOWWWW,WWOOWWOW,2,3,-0.5195453339617657,-0.4357320789538781,0.08381325500788761,True
1,log2fc_pos_pre,WWOWWWOW,WWOOWWOW,2,3,-0.3001385695441186,-0.4357320789538781,-0.1355935094097595,False
1,log2fc_pos_pre,WWWOWWOW,WWOOWWOW,2,3,0.3225597983573222,-0.4357320789538781,-0.7582918773112003,False
1,log2fc_pos_pre,WWOOWWWW,WWOOWWWO,2,3,-0.5195453339617657,-3.7835067478625826,-3.263961413900817,False
1,log2fc_pos_pre,WWOWWWWO,WWOOWWWO,2,3,-1.6717334607774108,-3.7835067478625826,-2.111773287085172,False
1,log2fc_pos_pre,WWWOWWWO,WWOOWWWO,2,3,-1.6629850851203116,-3.7835067478625826,-2.120521662742271,False
1,log2fc_pos_pre,WWOWWWWW,WWOOWWWW,1,2,-0.5415982989505791,-0.5195453339617657,0.022052964988813373,True
1,log2fc_pos_pre,WWWOWWWW,WWOOWWWW,1,2,0.0334186345320782,-0.5195453339617657,-0.5529639684938439,False
1,log2fc_pos_pre,WWOWOOOW,WWOWOOOO,4,5,0.8702197469622865,1.1126231817996972,0.24240343483741067,True
1,log2fc_pos_pre,WWOWOOWO,WWOWOOOO,4,5,-1.6289227089591751,1.1126231817996972,2.7415458907588723,True
1,log2fc_pos_pre,WWOWOWOO,WWOWOOOO,4,5,-0.4108014561214786,1.1126231817996972,1.5234246379211758,True
1,log2fc_pos_pre,WWOWWOOO,WWOWOOOO,4,5,-0.377026554164813,1.1126231817996972,1.4896497359645102,True
1,log2fc_pos_pre,WWWWOOOO,WWOWOOOO,4,5,-0.4567360298669991,1.1126231817996972,1.5693592116666963,True
1,log2fc_pos_pre,WWOWOOWW,WWOWOOOW,3,4,-2.558429178466456,0.8702197469622865,3.4286489254287424,True
1,log2fc_pos_pre,WWOWOWOW,WWOWOOOW,3,4,-0.1690060760385851,0.8702197469622865,1.0392258230008717,True
1,log2fc_pos_pre,WWOWWOOW,WWOWOOOW,3,4,-1.7921418792925965,0.8702197469622865,2.6623616262548833,True
1,log2fc_pos_pre,WWWWOOOW,WWOWOOOW,3,4,0.4254843366476851,0.8702197469622865,0.44473541031460145,True
1,log2fc_pos_pre,WWOWOOWW,WWOWOOWO,3,4,-2.558429178466456,-1.6289227089591751,0.929506469507281,True
1,log2fc_pos_pre,WWOWOWWO,WWOWOOWO,3,4,-3.8812760302903233,-1.6289227089591751,2.252353321331148,True
1,log2fc_pos_pre,WWOWWOWO,WWOWOOWO,3,4,-2.0189776180817804,-1.6289227089591751,0.3900549091226053,True
1,log2fc_pos_pre,WWWWOOWO,WWOWOOWO,3,4,-0.4505048508682189,-1.6289227089591751,-1.1784178580909561,False
1,log2fc_pos_pre,WWOWOWWW,WWOWOOWW,2,3,-1.0464748155502572,-2.558429178466456,-1.511954362916199,False
1,log2fc_pos_pre,WWOWWOWW,WWOWOOWW,2,3,-2.2635771753689125,-2.558429178466456,-0.29485200309754367,False
1,log2fc_pos_pre,WWWWOOWW,WWOWOOWW,2,3,-1.1176704511397502,-2.558429178466456,-1.440758727326706,False
1,log2fc_pos_pre,WWOWOWOW,WWOWOWOO,3,4,-0.1690060760385851,-0.4108014561214786,-0.2417953800828935,False
1,log2fc_pos_pre,WWOWOWWO,WWOWOWOO,3,4,-3.8812760302903233,-0.4108014561214786,3.4704745741688448,True
1,log2fc_pos_pre,WWOWWWOO,WWOWOWOO,3,4,-1.0043078964383465,-0.4108014561214786,0.593506440316868,True
1,log2fc_pos_pre,WWWWOWOO,WWOWOWOO,3,4,0.3856800980106634,-0.4108014561214786,-0.796481554132142,False
1,log2fc_pos_pre,WWOWOWWW,WWOWOWOW,2,3,-1.0464748155502572,-0.1690060760385851,0.8774687395116721,True
1,log2fc_pos_pre,WWOWWWOW,WWOWOWOW,2,3,-0.3001385695441186,-0.1690060760385851,0.1311324935055335,True
1,log2fc_pos_pre,WWWWOWOW,WWOWOWOW,2,3,0.6982887121674878,-0.1690060760385851,-0.8672947882060729,False
1,log2fc_pos_pre,WWOWOWWW,WWOWOWWO,2,3,-1.0464748155502572,-3.8812760302903233,-2.8348012147400663,False
1,log2fc_pos_pre,WWOWWWWO,WWOWOWWO,2,3,-1.6717334607774108,-3.8812760302903233,-2.2095425695129123,False
1,log2fc_pos_pre,WWWWOWWO,WWOWOWWO,2,3,-4.811857220418184,-3.8812760302903233,0.9305811901278607,True
1,log2fc_pos_pre,WWOWWWWW,WWOWOWWW,1,2,-0.5415982989505791,-1.0464748155502572,-0.5048765165996781,False
1,log2fc_pos_pre,WWWWOWWW,WWOWOWWW,1,2,-2.613896683240684,-1.0464748155502572,1.5674218676904268,True
1,log2fc_pos_pre,WWOWWOOW,WWOWWOOO,3,4,-1.7921418792925965,-0.377026554164813,1.4151153251277835,True
1,log2fc_pos_pre,WWOWWOWO,WWOWWOOO,3,4,-2.0189776180817804,-0.377026554164813,1.6419510639169674,True
1,log2fc_pos_pre,WWOWWWOO,WWOWWOOO,3,4,-1.0043078964383465,-0.377026554164813,0.6272813422735335,True
1,log2fc_pos_pre,WWWWWOOO,WWOWWOOO,3,4,1.3769537900043576,-0.377026554164813,-1.7539803441691706,False
1,log2fc_pos_pre,WWOWWOWW,WWOWWOOW,2,3,-2.2635771753689125,-1.7921418792925965,0.47143529607631596,True
1,log2fc_pos_pre,WWOWWWOW,WWOWWOOW,2,3,-0.3001385695441186,-1.7921418792925965,-1.492003309748478,False
1,log2fc_pos_pre,WWWWWOOW,WWOWWOOW,2,3,0.2474088267059793,-1.7921418792925965,-2.039550705998576,False
1,log2fc_pos_pre,WWOWWOWW,WWOWWOWO,2,3,-2.2635771753689125,-2.0189776180817804,0.244599557287132,True
1,log2fc_pos_pre,WWOWWWWO,WWOWWOWO,2,3,-1.6717334607774108,-2.0189776180817804,-0.34724415730436964,False
1,log2fc_pos_pre,WWWWWOWO,WWOWWOWO,2,3,-0.2113014418855341,-2.0189776180817804,-1.8076761761962463,False
1,log2fc_pos_pre,WWOWWWWW,WWOWWOWW,1,2,-0.5415982989505791,-2.2635771753689125,-1.7219788764183335,False
1,log2fc_pos_pre,WWWWWOWW,WWOWWOWW,1,2,-1.4327627842466983,-2.2635771753689125,-0.8308143911222141,False
1,log2fc_pos_pre,WWOWWWOW,WWOWWWOO,2,3,-0.3001385695441186,-1.0043078964383465,-0.704169326894228,False
1,log2fc_pos_pre,WWOWWWWO,WWOWWWOO,2,3,-1.6717334607774108,-1.0043078964383465,0.6674255643390643,True
1,log2fc_pos_pre,WWWWWWOO,WWOWWWOO,2,3,1.074805011162589,-1.0043078964383465,-2.0791129076009356,False
1,log2fc_pos_pre,WWOWWWWW,WWOWWWOW,1,2,-0.5415982989505791,-0.3001385695441186,0.2414597294064605,True
1,log2fc_pos_pre,WWWWWWOW,WWOWWWOW,1,2,1.1759027460856273,-0.3001385695441186,-1.4760413156297458,False
1,log2fc_pos_pre,WWOWWWWW,WWOWWWWO,1,2,-0.5415982989505791,-1.6717334607774108,-1.1301351618268316,False
1,log2fc_pos_pre,WWWWWWWO,WWOWWWWO,1,2,-1.477930738578496,-1.6717334607774108,-0.1938027221989147,False
1,log2fc_pos_pre,WWWWWWWW,WWOWWWWW,0,1,0.2535722902674898,-0.5415982989505791,-0.7951705892180689,False
1,log2fc_pos_pre,WWWOOOOW,WWWOOOOO,4,5,0.077495679600935,1.2376052482463271,1.1601095686453922,True
1,log2fc_pos_pre,WWWOOOWO,WWWOOOOO,4,5,-2.9722239647861,1.2376052482463271,4.209829213032427,True
1,log2fc_pos_pre,WWWOOWOO,WWWOOOOO,4,5,-1.410577255169574,1.2376052482463271,2.6481825034159012,True
1,log2fc_pos_pre,WWWOWOOO,WWWOOOOO,4,5,1.992920509890668,1.2376052482463271,-0.7553152616443408,False
1,log2fc_pos_pre,WWWWOOOO,WWWOOOOO,4,5,-0.4567360298669991,1.2376052482463271,1.6943412781133262,True
1,log2fc_pos_pre,WWWOOOWW,WWWOOOOW,3,4,-4.086404623189766,0.077495679600935,4.163900302790702,True
1,log2fc_pos_pre,WWWOOWOW,WWWOOOOW,3,4,0.6136223675166678,0.077495679600935,-0.5361266879157328,False
1,log2fc_pos_pre,WWWOWOOW,WWWOOOOW,3,4,0.7410429953889914,0.077495679600935,-0.6635473157880565,False
1,log2fc_pos_pre,WWWWOOOW,WWWOOOOW,3,4,0.4254843366476851,0.077495679600935,-0.3479886570467501,False
1,log2fc_pos_pre,WWWOOOWW,WWWOOOWO,3,4,-4.086404623189766,-2.9722239647861,1.1141806584036664,True
1,log2fc_pos_pre,WWWOOWWO,WWWOOOWO,3,4,-5.411983251781501,-2.9722239647861,2.439759286995401,True
1,log2fc_pos_pre,WWWOWOWO,WWWOOOWO,3,4,-1.471533180000904,-2.9722239647861,-1.500690784785196,False
1,log2fc_pos_pre,WWWWOOWO,WWWOOOWO,3,4,-0.4505048508682189,-2.9722239647861,-2.521719113917881,False
1,log2fc_pos_pre,WWWOOWWW,WWWOOOWW,2,3,-5.012787939379112,-4.086404623189766,0.9263833161893453,True
1,log2fc_pos_pre,WWWOWOWW,WWWOOOWW,2,3,-2.7906609143493957,-4.086404623189766,-1.2957437088403707,False
1,log2fc_pos_pre,WWWWOOWW,WWWOOOWW,2,3,-1.1176704511397502,-4.086404623189766,-2.9687341720500164,False
1,log2fc_pos_pre,WWWOOWOW,WWWOOWOO,3,4,0.6136223675166678,-1.410577255169574,-2.024199622686242,False
1,log2fc_pos_pre,WWWOOWWO,WWWOOWOO,3,4,-5.411983251781501,-1.410577255169574,4.001405996611926,True
1,log2fc_pos_pre,WWWOWWOO,WWWOOWOO,3,4,1.386757655884019,-1.410577255169574,-2.7973349110535928,False
1,log2fc_pos_pre,WWWWOWOO,WWWOOWOO,3,4,0.3856800980106634,-1.410577255169574,-1.7962573531802375,False
1,log2fc_pos_pre,WWWOOWWW,WWWOOWOW,2,3,-5.012787939379112,0.6136223675166678,5.62641030689578,True
1,log2fc_pos_pre,WWWOWWOW,WWWOOWOW,2,3,0.3225597983573222,0.6136223675166678,0.2910625691593456,True
1,log2fc_pos_pre,WWWWOWOW,WWWOOWOW,2,3,0.6982887121674878,0.6136223675166678,-0.08466634465082001,False
1,log2fc_pos_pre,WWWOOWWW,WWWOOWWO,2,3,-5.012787939379112,-5.411983251781501,-0.39919531240238904,False
1,log2fc_pos_pre,WWWOWWWO,WWWOOWWO,2,3,-1.6629850851203116,-5.411983251781501,-3.748998166661189,False
1,log2fc_pos_pre,WWWWOWWO,WWWOOWWO,2,3,-4.811857220418184,-5.411983251781501,-0.6001260313633168,False
1,log2fc_pos_pre,WWWOWWWW,WWWOOWWW,1,2,0.0334186345320782,-5.012787939379112,-5.04620657391119,False
1,log2fc_pos_pre,WWWWOWWW,WWWOOWWW,1,2,-2.613896683240684,-5.012787939379112,-2.3988912561384277,False
1,log2fc_pos_pre,WWWOWOOW,WWWOWOOO,3,4,0.7410429953889914,1.992920509890668,1.2518775145016765,True
1,log2fc_pos_pre,WWWOWOWO,WWWOWOOO,3,4,-1.471533180000904,1.992920509890668,3.464453689891572,True
1,log2fc_pos_pre,WWWOWWOO,WWWOWOOO,3,4,1.386757655884019,1.992920509890668,0.606162854006649,True
1,log2fc_pos_pre,WWWWWOOO,WWWOWOOO,3,4,1.3769537900043576,1.992920509890668,0.6159667198863104,True
1,log2fc_pos_pre,WWWOWOWW,WWWOWOOW,2,3,-2.7906609143493957,0.7410429953889914,3.531703909738387,True
1,log2fc_pos_pre,WWWOWWOW,WWWOWOOW,2,3,0.3225597983573222,0.7410429953889914,0.41848319703166925,True
1,log2fc_pos_pre,WWWWWOOW,WWWOWOOW,2,3,0.2474088267059793,0.7410429953889914,0.49363416868301213,True
1,log2fc_pos_pre,WWWOWOWW,WWWOWOWO,2,3,-2.7906609143493957,-1.471533180000904,1.3191277343484917,True
1,log2fc_pos_pre,WWWOWWWO,WWWOWOWO,2,3,-1.6629850851203116,-1.471533180000904,0.19145190511940768,True
1,log2fc_pos_pre,WWWWWOWO,WWWOWOWO,2,3,-0.2113014418855341,-1.471533180000904,-1.2602317381153698,False
1,log2fc_pos_pre,WWWOWWWW,WWWOWOWW,1,2,0.0334186345320782,-2.7906609143493957,-2.824079548881474,False
1,log2fc_pos_pre,WWWWWOWW,WWWOWOWW,1,2,-1.4327627842466983,-2.7906609143493957,-1.3578981301026973,False
1,log2fc_pos_pre,WWWOWWOW,WWWOWWOO,2,3,0.3225597983573222,1.386757655884019,1.0641978575266968,True
1,log2fc_pos_pre,WWWOWWWO,WWWOWWOO,2,3,-1.6629850851203116,1.386757655884019,3.0497427410043305,True
1,log2fc_pos_pre,WWWWWWOO,WWWOWWOO,2,3,1.074805011162589,1.386757655884019,0.3119526447214298,True
1,log2fc_pos_pre,WWWOWWWW,WWWOWWOW,1,2,0.0334186345320782,0.3225597983573222,0.28914116382524396,True
1,log2fc_pos_pre,WWWWWWOW,WWWOWWOW,1,2,1.1759027460856273,0.3225597983573222,-0.8533429477283051,False
1,log2fc_pos_pre,WWWOWWWW,WWWOWWWO,1,2,0.0334186345320782,-1.6629850851203116,-1.6964037196523898,False
1,log2fc_pos_pre,WWWWWWWO,WWWOWWWO,1,2,-1.477930738578496,-1.6629850851203116,-0.18505434654181552,False
1,log2fc_pos_pre,WWWWWWWW,WWWOWWWW,0,1,0.2535722902674898,0.0334186345320782,-0.2201536557354116,False
1,log2fc_pos_pre,WWWWOOOW,WWWWOOOO,3,4,0.4254843366476851,-0.4567360298669991,-0.8822203665146842,False
1,log2fc_pos_pre,WWWWOOWO,WWWWOOOO,3,4,-0.4505048508682189,-0.4567360298669991,-0.006231178998780229,False
1,log2fc_pos_pre,WWWWOWOO,WWWWOOOO,3,4,0.3856800980106634,-0.4567360298669991,-0.8424161278776625,False
1,log2fc_pos_pre,WWWWWOOO,WWWWOOOO,3,4,1.3769537900043576,-0.4567360298669991,-1.8336898198713567,False
1,log2fc_pos_pre,WWWWOOWW,WWWWOOOW,2,3,-1.1176704511397502,0.4254843366476851,1.5431547877874352,True
1,log2fc_pos_pre,WWWWOWOW,WWWWOOOW,2,3,0.6982887121674878,0.4254843366476851,-0.2728043755198027,False
1,log2fc_pos_pre,WWWWWOOW,WWWWOOOW,2,3,0.2474088267059793,0.4254843366476851,0.1780755099417058,True
1,log2fc_pos_pre,WWWWOOWW,WWWWOOWO,2,3,-1.1176704511397502,-0.4505048508682189,0.6671656002715313,True
1,log2fc_pos_pre,WWWWOWWO,WWWWOOWO,2,3,-4.811857220418184,-0.4505048508682189,4.361352369549965,True
1,log2fc_pos_pre,WWWWWOWO,WWWWOOWO,2,3,-0.2113014418855341,-0.4505048508682189,-0.2392034089826848,False
1,log2fc_pos_pre,WWWWOWWW,WWWWOOWW,1,2,-2.613896683240684,-1.1176704511397502,1.4962262321009339,True
1,log2fc_pos_pre,WWWWWOWW,WWWWOOWW,1,2,-1.4327627842466983,-1.1176704511397502,0.3150923331069482,True
1,log2fc_pos_pre,WWWWOWOW,WWWWOWOO,2,3,0.6982887121674878,0.3856800980106634,-0.3126086141568244,False
1,log2fc_pos_pre,WWWWOWWO,WWWWOWOO,2,3,-4.811857220418184,0.3856800980106634,5.197537318428847,True
1,log2fc_pos_pre,WWWWWWOO,WWWWOWOO,2,3,1.074805011162589,0.3856800980106634,-0.6891249131519257,False
1,log2fc_pos_pre,WWWWOWWW,WWWWOWOW,1,2,-2.613896683240684,0.6982887121674878,3.312185395408172,True
1,log2fc_pos_pre,WWWWWWOW,WWWWOWOW,1,2,1.1759027460856273,0.6982887121674878,-0.4776140339181395,False
1,log2fc_pos_pre,WWWWOWWW,WWWWOWWO,1,2,-2.613896683240684,-4.811857220418184,-2.1979605371775,False
1,log2fc_pos_pre,WWWWWWWO,WWWWOWWO,1,2,-1.477930738578496,-4.811857220418184,-3.333926481839688,False
1,log2fc_pos_pre,WWWWWWWW,WWWWOWWW,0,1,0.2535722902674898,-2.613896683240684,-2.8674689735081738,False
1,log2fc_pos_pre,WWWWWOOW,WWWWWOOO,2,3,0.2474088267059793,1.3769537900043576,1.1295449632983783,True
1,log2fc_pos_pre,WWWWWOWO,WWWWWOOO,2,3,-0.2113014418855341,1.3769537900043576,1.5882552318898917,True
1,log2fc_pos_pre,WWWWWWOO,WWWWWOOO,2,3,1.074805011162589,1.3769537900043576,0.3021487788417685,True
1,log2fc_pos_pre,WWWWWOWW,WWWWWOOW,1,2,-1.4327627842466983,0.2474088267059793,1.6801716109526776,True
1,log2fc_pos_pre,WWWWWWOW,WWWWWOOW,1,2,1.1759027460856273,0.2474088267059793,-0.928493919379648,False
1,log2fc_pos_pre,WWWWWOWW,WWWWWOWO,1,2,-1.4327627842466983,-0.2113014418855341,1.2214613423611642,True
1,log2fc_pos_pre,WWWWWWWO,WWWWWOWO,1,2,-1.477930738578496,-0.2113014418855341,1.266629296692962,True
1,log2fc_pos_pre,WWWWWWWW,WWWWWOWW,0,1,0.2535722902674898,-1.4327627842466983,-1.686335074514188,False
1,log2fc_pos_pre,WWWWWWOW,WWWWWWOO,1,2,1.1759027460856273,1.074805011162589,-0.1010977349230382,False
1,log2fc_pos_pre,WWWWWWWO,WWWWWWOO,1,2,-1.477930738578496,1.074805011162589,2.5527357497410854,True
1,log2fc_pos_pre,WWWWWWWW,WWWWWWOW,0,1,0.2535722902674898,1.1759027460856273,0.9223304558181376,True
1,log2fc_pos_pre,WWWWWWWW,WWWWWWWO,0,1,0.2535722902674898,-1.477930738578496,-1.7315030288459858,False
2,log2fc_pos_pre,OOOOOOOW,OOOOOOOO,7,8,1.0408539168576545,1.6821628639390365,0.641308947081382,True
2,log2fc_pos_pre,OOOOOOWO,OOOOOOOO,7,8,-0.4274378361974305,1.6821628639390365,2.109600700136467,True
2,log2fc_pos_pre,OOOOOWOO,OOOOOOOO,7,8,-0.0927827822627058,1.6821628639390365,1.7749456462017423,True
2,log2fc_pos_pre,OOOOWOOO,OOOOOOOO,7,8,1.663392798785461,1.6821628639390365,0.018770065153575377,True
2,log2fc_pos_pre,OOOWOOOO,OOOOOOOO,7,8,0.0396461252181707,1.6821628639390365,1.6425167387208657,True
2,log2fc_pos_pre,OOWOOOOO,OOOOOOOO,7,8,2.5349164211054367,1.6821628639390365,-0.8527535571664002,False
2,log2fc_pos_pre,OWOOOOOO,OOOOOOOO,7,8,1.2658738240798713,1.6821628639390365,0.4162890398591652,True
2,log2fc_pos_pre,WOOOOOOO,OOOOOOOO,7,8,1.846214173554612,1.6821628639390365,-0.16405130961557557,False
2,log2fc_pos_pre,OOOOOOWW,OOOOOOOW,6,7,-2.9189515084143633,1.0408539168576545,3.959805425272018,True
2,log2fc_pos_pre,OOOOOWOW,OOOOOOOW,6,7,-0.1079377167008726,1.0408539168576545,1.148791633558527,True
2,log2fc_pos_pre,OOOOWOOW,OOOOOOOW,6,7,0.3443895908176832,1.0408539168576545,0.6964643260399712,True
2,log2fc_pos_pre,OOOWOOOW,OOOOOOOW,6,7,-0.2135823469472995,1.0408539168576545,1.254436263804954,True
2,log2fc_pos_pre,OOWOOOOW,OOOOOOOW,6,7,0.6106269383299331,1.0408539168576545,0.4302269785277214,True
2,log2fc_pos_pre,OWOOOOOW,OOOOOOOW,6,7,0.1350546610460094,1.0408539168576545,0.9057992558116451,True
2,log2fc_pos_pre,WOOOOOOW,OOOOOOOW,6,7,0.1342399261703963,1.0408539168576545,0.9066139906872582,True
2,log2fc_pos_pre,OOOOOOWW,OOOOOOWO,6,7,-2.9189515084143633,-0.4274378361974305,2.491513672216933,True
2,log2fc_pos_pre,OOOOOWWO,OOOOOOWO,6,7,-3.7087747300159855,-0.4274378361974305,3.2813368938185548,True
2,log2fc_pos_pre,OOOOWOWO,OOOOOOWO,6,7,-0.0537550860863047,-0.4274378361974305,-0.3736827501111258,False
2,log2fc_pos_pre,OOOWOOWO,OOOOOOWO,6,7,-1.4726092340033372,-0.4274378361974305,1.0451713978059067,True
2,log2fc_pos_pre,OOWOOOWO,OOOOOOWO,6,7,-0.2138704407359394,-0.4274378361974305,-0.2135673954614911,False
2,log2fc_pos_pre,OWOOOOWO,OOOOOOWO,6,7,-1.64306737217725,-0.4274378361974305,1.2156295359798195,True
2,log2fc_pos_pre,WOOOOOWO,OOOOOOWO,6,7,-2.0724816081675197,-0.4274378361974305,1.6450437719700892,True
2,log2fc_pos_pre,OOOOOWWW,OOOOOOWW,5,6,-2.650132250419457,-2.9189515084143633,-0.26881925799490647,False
2,log2fc_pos_pre,OOOOWOWW,OOOOOOWW,5,6,-2.019385418688648,-2.9189515084143633,-0.8995660897257154,False
2,log2fc_pos_pre,OOOWOOWW,OOOOOOWW,5,6,-1.782850096357638,-2.9189515084143633,-1.1361014120567254,False
2,log2fc_pos_pre,OOWOOOWW,OOOOOOWW,5,6,-1.9516271312893916,-2.9189515084143633,-0.9673243771249718,False
2,log2fc_pos_pre,OWOOOOWW,OOOOOOWW,5,6,-3.3765983762191656,-2.9189515084143633,0.45764686780480224,True
2,log2fc_pos_pre,WOOOOOWW,OOOOOOWW,5,6,-4.840435134315586,-2.9189515084143633,1.9214836259012222,True
2,log2fc_pos_pre,OOOOOWOW,OOOOOWOO,6,7,-0.1079377167008726,-0.0927827822627058,0.015154934438166803,True
2,log2fc_pos_pre,OOOOOWWO,OOOOOWOO,6,7,-3.7087747300159855,-0.0927827822627058,3.6159919477532796,True
2,log2fc_pos_pre,OOOOWWOO,OOOOOWOO,6,7,0.6476888613938778,-0.0927827822627058,-0.7404716436565836,False
2,log2fc_pos_pre,OOOWOWOO,OOOOOWOO,6,7,-0.1711997312250907,-0.0927827822627058,0.0784169489623849,True
2,log2fc_pos_pre,OOWOOWOO,OOOOOWOO,6,7,0.915132867836869,-0.0927827822627058,-1.0079156500995747,False
2,log2fc_pos_pre,OWOOOWOO,OOOOOWOO,6,7,-0.4713820550789656,-0.0927827822627058,0.37859927281625977,True
2,log2fc_pos_pre,WOOOOWOO,OOOOOWOO,6,7,0.6079389960756512,-0.0927827822627058,-0.7007217783383569,False
2,log2fc_pos_pre,OOOOOWWW,OOOOOWOW,5,6,-2.650132250419457,-0.1079377167008726,2.5421945337185843,True
2,log2fc_pos_pre,OOOOWWOW,OOOOOWOW,5,6,-0.4627924018299881,-0.1079377167008726,0.3548546851291155,True
2,log2fc_pos_pre,OOOWOWOW,OOOOOWOW,5,6,0.4239105331365537,-0.1079377167008726,-0.5318482498374263,False
2,log2fc_pos_pre,OOWOOWOW,OOOOOWOW,5,6,0.9608618491881592,-0.1079377167008726,-1.068799565889032,False
2,log2fc_pos_pre,OWOOOWOW,OOOOOWOW,5,6,-0.3662954444364619,-0.1079377167008726,0.2583577277355893,True
2,log2fc_pos_pre,WOOOOWOW,OOOOOWOW,5,6,0.1586595294914674,-0.1079377167008726,-0.26659724619234,False
2,log2fc_pos_pre,OOOOOWWW,OOOOOWWO,5,6,-2.650132250419457,-3.7087747300159855,-1.0586424795965286,False
2,log2fc_pos_pre,OOOOWWWO,OOOOOWWO,5,6,-0.019796508797733,-3.7087747300159855,-3.6889782212182523,False
2,log2fc_pos_pre,OOOWOWWO,OOOOOWWO,5,6,-3.751777086719939,-3.7087747300159855,0.04300235670395347,True
2,log2fc_pos_pre,OOWOOWWO,OOOOOWWO,5,6,-3.203409789145132,-3.7087747300159855,-0.5053649408708534,False
2,log2fc_pos_pre,OWOOOWWO,OOOOOWWO,5,6,-5.650776555830811,-3.7087747300159855,1.9420018258148257,True
2,log2fc_pos_pre,WOOOOWWO,OOOOOWWO,5,6,-4.947138072810769,-3.7087747300159855,1.2383633427947833,True
2,log2fc_pos_pre,OOOOWWWW,OOOOOWWW,4,5,-0.096503653976045,-2.650132250419457,-2.553628596443412,False
2,log2fc_pos_pre,OOOWOWWW,OOOOOWWW,4,5,-1.0680256561338266,-2.650132250419457,-1.5821065942856303,False
2,log2fc_pos_pre,OOWOOWWW,OOOOOWWW,4,5,-2.9275629101727043,-2.650132250419457,0.27743065975324743,True
2,log2fc_pos_pre,OWOOOWWW,OOOOOWWW,4,5,-2.5387898905082404,-2.650132250419457,-0.11134235991121644,False
2,log2fc_pos_pre,WOOOOWWW,OOOOOWWW,4,5,-2.44957378962886,-2.650132250419457,-0.2005584607905968,False
2,log2fc_pos_pre,OOOOWOOW,OOOOWOOO,6,7,0.3443895908176832,1.663392798785461,1.3190032079677778,True
2,log2fc_pos_pre,OOOOWOWO,OOOOWOOO,6,7,-0.0537550860863047,1.663392798785461,1.7171478848717658,True
2,log2fc_pos_pre,OOOOWWOO,OOOOWOOO,6,7,0.6476888613938778,1.663392798785461,1.0157039373915833,True
2,log2fc_pos_pre,OOOWWOOO,OOOOWOOO,6,7,-0.247320201564809,1.663392798785461,1.9107130003502701,True
2,log2fc_pos_pre,OOWOWOOO,OOOOWOOO,6,7,0.7893562131464689,1.663392798785461,0.8740365856389922,True
2,log2fc_pos_pre,OWOOWOOO,OOOOWOOO,6,7,0.5695544129538335,1.663392798785461,1.0938383858316276,True
2,log2fc_pos_pre,WOOOWOOO,OOOOWOOO,6,7,1.2317658868325334,1.663392798785461,0.4316269119529277,True
2,log2fc_pos_pre,OOOOWOWW,OOOOWOOW,5,6,-2.019385418688648,0.3443895908176832,2.3637750095063312,True
2,log2fc_pos_pre,OOOOWWOW,OOOOWOOW,5,6,-0.4627924018299881,0.3443895908176832,0.8071819926476713,True
2,log2fc_pos_pre,OOOWWOOW,OOOOWOOW,5,6,-0.4458482020606261,0.3443895908176832,0.7902377928783093,True
2,log2fc_pos_pre,OOWOWOOW,OOOOWOOW,5,6,1.0993914590917997,0.3443895908176832,-0.7550018682741164,False
2,log2fc_pos_pre,OWOOWOOW,OOOOWOOW,5,6,-0.012149136363597,0.3443895908176832,0.3565387271812802,True
2,log2fc_pos_pre,WOOOWOOW,OOOOWOOW,5,6,0.288644928638351,0.3443895908176832,0.055744662179332216,True
2,log2fc_pos_pre,OOOOWOWW,OOOOWOWO,5,6,-2.019385418688648,-0.0537550860863047,1.9656303326023432,True
2,log2fc_pos_pre,OOOOWWWO,OOOOWOWO,5,6,-0.019796508797733,-0.0537550860863047,-0.0339585772885717,False
2,log2fc_pos_pre,OOOWWOWO,OOOOWOWO,5,6,-0.746236387870478,-0.0537550860863047,0.6924813017841732,True
2,log2fc_pos_pre,OOWOWOWO,OOOOWOWO,5,6,-0.2680476029538934,-0.0537550860863047,0.2142925168675887,True
2,log2fc_pos_pre,OWOOWOWO,OOOOWOWO,5,6,-0.4154341801532001,-0.0537550860863047,0.3616790940668954,True
2,log2fc_pos_pre,WOOOWOWO,OOOOWOWO,5,6,-1.3887674875953089,-0.0537550860863047,1.3350124015090041,True
2,log2fc_pos_pre,OOOOWWWW,OOOOWOWW,4,5,-0.096503653976045,-2.019385418688648,-1.9228817647126029,False
2,log2fc_pos_pre,OOOWWOWW,OOOOWOWW,4,5,-1.878730338280787,-2.019385418688648,-0.140655080407861,False
2,log2fc_pos_pre,OOWOWOWW,OOOOWOWW,4,5,-1.1867052281988713,-2.019385418688648,-0.8326801904897767,False
2,log2fc_pos_pre,OWOOWOWW,OOOOWOWW,4,5,-1.7328441843218685,-2.019385418688648,-0.2865412343667795,False
2,log2fc_pos_pre,WOOOWOWW,OOOOWOWW,4,5,-2.6066521301998,-2.019385418688648,0.5872667115111518,True
2,log2fc_pos_pre,OOOOWWOW,OOOOWWOO,5,6,-0.4627924018299881,0.6476888613938778,1.1104812632238659,True
2,log2fc_pos_pre,OOOOWWWO,OOOOWWOO,5,6,-0.019796508797733,0.6476888613938778,0.6674853701916108,True
2,log2fc_pos_pre,OOOWWWOO,OOOOWWOO,5,6,-0.5562118585464156,0.6476888613938778,1.2039007199402936,True
2,log2fc_pos_pre,OOWOWWOO,OOOOWWOO,5,6,1.6174160815472487,0.6476888613938778,-0.9697272201533709,False
2,log2fc_pos_pre,OWOOWWOO,OOOOWWOO,5,6,0.4937579249116191,0.6476888613938778,0.15393093648225875,True
2,log2fc_pos_pre,WOOOWWOO,OOOOWWOO,5,6,0.3130655109101108,0.6476888613938778,0.334623350483767,True
2,log2fc_pos_pre,OOOOWWWW,OOOOWWOW,4,5,-0.096503653976045,-0.4627924018299881,-0.3662887478539431,False
2,log2fc_pos_pre,OOOWWWOW,OOOOWWOW,4,5,-0.6067295856376482,-0.4627924018299881,0.14393718380766013,True
2,log2fc_pos_pre,OOWOWWOW,OOOOWWOW,4,5,0.8510476757875252,-0.4627924018299881,-1.3138400776175132,False
2,log2fc_pos_pre,OWOOWWOW,OOOOWWOW,4,5,0.6570442111166408,-0.4627924018299881,-1.1198366129466288,False
2,log2fc_pos_pre,WOOOWWOW,OOOOWWOW,4,5,0.2564768080851937,-0.4627924018299881,-0.7192692099151818,False
2,log2fc_pos_pre,OOOOWWWW,OOOOWWWO,4,5,-0.096503653976045,-0.019796508797733,0.07670714517831201,True
2,log2fc_pos_pre,OOOWWWWO,OOOOWWWO,4,5,-1.266120674742268,-0.019796508797733,1.246324165944535,True
2,log2fc_pos_pre,OOWOWWWO,OOOOWWWO,4,5,-0.5223172686167092,-0.019796508797733,0.5025207598189763,True
2,log2fc_pos_pre,OWOOWWWO,OOOOWWWO,4,5,-0.9898907717785198,-0.019796508797733,0.9700942629807868,True
2,log2fc_pos_pre,WOOOWWWO,OOOOWWWO,4,5,-2.7247342400611236,-0.019796508797733,2.7049377312633904,True
2,log2fc_pos_pre,OOOWWWWW,OOOOWWWW,3,4,-0.2591169885650942,-0.096503653976045,0.1626133345890492,True
2,log2fc_pos_pre,OOWOWWWW,OOOOWWWW,3,4,0.0002365759277472,-0.096503653976045,-0.0967402299037922,False
2,log2fc_pos_pre,OWOOWWWW,OOOOWWWW,3,4,0.365093218988109,-0.096503653976045,-0.46159687296415397,False
2,log2fc_pos_pre,WOOOWWWW,OOOOWWWW,3,4,-1.216740670189348,-0.096503653976045,1.1202370162133028,True
2,log2fc_pos_pre,OOOWOOOW,OOOWOOOO,6,7,-0.2135823469472995,0.0396461252181707,0.2532284721654702,True
2,log2fc_pos_pre,OOOWOOWO,OOOWOOOO,6,7,-1.4726092340033372,0.0396461252181707,1.512255359221508,True
2,log2fc_pos_pre,OOOWOWOO,OOOWOOOO,6,7,-0.1711997312250907,0.0396461252181707,0.2108458564432614,True
2,log2fc_pos_pre,OOOWWOOO,OOOWOOOO,6,7,-0.247320201564809,0.0396461252181707,0.2869663267829797,True
2,log2fc_pos_pre,OOWWOOOO,OOOWOOOO,6,7,1.781297754210572,0.0396461252181707,-1.7416516289924011,False
2,log2fc_pos_pre,OWOWOOOO,OOOWOOOO,6,7,0.0262758149933729,0.0396461252181707,0.013370310224797802,True
2,log2fc_pos_pre,WOOWOOOO,OOOWOOOO,6,7,0.662630410250307,0.0396461252181707,-0.6229842850321363,False
2,log2fc_pos_pre,OOOWOOWW,OOOWOOOW,5,6,-1.782850096357638,-0.2135823469472995,1.5692677494103384,True
2,log2fc_pos_pre,OOOWOWOW,OOOWOOOW,5,6,0.4239105331365537,-0.2135823469472995,-0.6374928800838532,False
2,log2fc_pos_pre,OOOWWOOW,OOOWOOOW,5,6,-0.4458482020606261,-0.2135823469472995,0.2322658551133266,True
2,log2fc_pos_pre,OOWWOOOW,OOOWOOOW,5,6,1.6360403652280742,-0.2135823469472995,-1.8496227121753737,False
2,log2fc_pos_pre,OWOWOOOW,OOOWOOOW,5,6,-0.1120098209032456,-0.2135823469472995,-0.1015725260440539,False
2,log2fc_pos_pre,WOOWOOOW,OOOWOOOW,5,6,0.0500088089177171,-0.2135823469472995,-0.2635911558650166,False
2,log2fc_pos_pre,OOOWOOWW,OOOWOOWO,5,6,-1.782850096357638,-1.4726092340033372,0.3102408623543007,True
2,log2fc_pos_pre,OOOWOWWO,OOOWOOWO,5,6,-3.751777086719939,-1.4726092340033372,2.2791678527166015,True
2,log2fc_pos_pre,OOOWWOWO,OOOWOOWO,5,6,-0.746236387870478,-1.4726092340033372,-0.7263728461328592,False
2,log2fc_pos_pre,OOWWOOWO,OOOWOOWO,5,6,0.4378788780042428,-1.4726092340033372,-1.91048811200758,False
2,log2fc_pos_pre,OWOWOOWO,OOOWOOWO,5,6,-1.6649768153162516,-1.4726092340033372,0.19236758131291443,True
2,log2fc_pos_pre,WOOWOOWO,OOOWOOWO,5,6,-1.6663368800036822,-1.4726092340033372,0.19372764600034498,True
2,log2fc_pos_pre,OOOWOWWW,OOOWOOWW,4,5,-1.0680256561338266,-1.782850096357638,-0.7148244402238113,False
2,log2fc_pos_pre,OOOWWOWW,OOOWOOWW,4,5,-1.878730338280787,-1.782850096357638,0.09588024192314903,True
2,log2fc_pos_pre,OOWWOOWW,OOOWOOWW,4,5,-0.1696484058749639,-1.782850096357638,-1.613201690482674,False
2,log2fc_pos_pre,OWOWOOWW,OOOWOOWW,4,5,-1.2780964218609916,-1.782850096357638,-0.5047536744966463,False
2,log2fc_pos_pre,WOOWOOWW,OOOWOOWW,4,5,-2.7968424710083224,-1.782850096357638,1.0139923746506845,True
2,log2fc_pos_pre,OOOWOWOW,OOOWOWOO,5,6,0.4239105331365537,-0.1711997312250907,-0.5951102643616444,False
2,log2fc_pos_pre,OOOWOWWO,OOOWOWOO,5,6,-3.751777086719939,-0.1711997312250907,3.580577355494848,True
2,log2fc_pos_pre,OOOWWWOO,OOOWOWOO,5,6,-0.5562118585464156,-0.1711997312250907,0.38501212732132495,True
2,log2fc_pos_pre,OOWWOWOO,OOOWOWOO,5,6,1.755026758776683,-0.1711997312250907,-1.9262264900017736,False
2,log2fc_pos_pre,OWOWOWOO,OOOWOWOO,5,6,-0.3036544315152622,-0.1711997312250907,0.13245470029017153,True
2,log2fc_pos_pre,WOOWOWOO,OOOWOWOO,5,6,0.0696050883904365,-0.1711997312250907,-0.2408048196155272,False
2,log2fc_pos_pre,OOOWOWWW,OOOWOWOW,4,5,-1.0680256561338266,0.4239105331365537,1.4919361892703802,True
2,log2fc_pos_pre,OOOWWWOW,OOOWOWOW,4,5,-0.6067295856376482,0.4239105331365537,1.030640118774202,True
2,log2fc_pos_pre,OOWWOWOW,OOOWOWOW,4,5,1.2474948030943538,0.4239105331365537,-0.8235842699578001,False
2,log2fc_pos_pre,OWOWOWOW,OOOWOWOW,4,5,0.3565579696715938,0.4239105331365537,0.06735256346495988,True
2,log2fc_pos_pre,WOOWOWOW,OOOWOWOW,4,5,0.3193186375908582,0.4239105331365537,0.10459189554569548,True
2,log2fc_pos_pre,OOOWOWWW,OOOWOWWO,4,5,-1.0680256561338266,-3.751777086719939,-2.6837514305861125,False
2,log2fc_pos_pre,OOOWWWWO,OOOWOWWO,4,5,-1.266120674742268,-3.751777086719939,-2.485656411977671,False
2,log2fc_pos_pre,OOWWOWWO,OOOWOWWO,4,5,-1.4856038137480332,-3.751777086719939,-2.2661732729719057,False
2,log2fc_pos_pre,OWOWOWWO,OOOWOWWO,4,5,-3.092212995739281,-3.751777086719939,-0.6595640909806577,False
2,log2fc_pos_pre,WOOWOWWO,OOOWOWWO,4,5,-3.6729093575452905,-3.751777086719939,-0.07886772917464846,False
2,log2fc_pos_pre,OOOWWWWW,OOOWOWWW,3,4,-0.2591169885650942,-1.0680256561338266,-0.8089086675687325,False
2,log2fc_pos_pre,OOWWOWWW,OOOWOWWW,3,4,-0.151316833431835,-1.0680256561338266,-0.9167088227019916,False
2,log2fc_pos_pre,OWOWOWWW,OOOWOWWW,3,4,-0.5599707514118436,-1.0680256561338266,-0.508054904721983,False
2,log2fc_pos_pre,WOOWOWWW,OOOWOWWW,3,4,-1.488584864144464,-1.0680256561338266,0.4205592080106373,True
2,log2fc_pos_pre,OOOWWOOW,OOOWWOOO,5,6,-0.4458482020606261,-0.247320201564809,0.1985280004958171,True
2,log2fc_pos_pre,OOOWWOWO,OOOWWOOO,5,6,-0.746236387870478,-0.247320201564809,0.498916186305669,True
2,log2fc_pos_pre,OOOWWWOO,OOOWWOOO,5,6,-0.5562118585464156,-0.247320201564809,0.30889165698160664,True
2,log2fc_pos_pre,OOWWWOOO,OOOWWOOO,5,6,0.957916182161126,-0.247320201564809,-1.205236383725935,False
2,log2fc_pos_pre,OWOWWOOO,OOOWWOOO,5,6,-0.3007117501358118,-0.247320201564809,0.05339154857100281,True
2,log2fc_pos_pre,WOOWWOOO,OOOWWOOO,5,6,0.1146747387309832,-0.247320201564809,-0.3619949402957922,False
2,log2fc_pos_pre,OOOWWOWW,OOOWWOOW,4,5,-1.878730338280787,-0.4458482020606261,1.432882136220161,True
2,log2fc_pos_pre,OOOWWWOW,OOOWWOOW,4,5,-0.6067295856376482,-0.4458482020606261,0.16088138357702214,True
2,log2fc_pos_pre,OOWWWOOW,OOOWWOOW,4,5,0.517196857366882,-0.4458482020606261,-0.9630450594275082,False
2,log2fc_pos_pre,OWOWWOOW,OOOWWOOW,4,5,-0.1478984539189135,-0.4458482020606261,-0.2979497481417126,False
2,log2fc_pos_pre,WOOWWOOW,OOOWWOOW,4,5,-0.1443594184868388,-0.4458482020606261,-0.3014887835737873,False
2,log2fc_pos_pre,OOOWWOWW,OOOWWOWO,4,5,-1.878730338280787,-0.746236387870478,1.1324939504103089,True
2,log2fc_pos_pre,OOOWWWWO,OOOWWOWO,4,5,-1.266120674742268,-0.746236387870478,0.51988428687179,True
2,log2fc_pos_pre,OOWWWOWO,OOOWWOWO,4,5,0.0987362579096258,-0.746236387870478,-0.8449726457801038,False
2,log2fc_pos_pre,OWOWWOWO,OOOWWOWO,4,5,-2.0441490496204366,-0.746236387870478,1.2979126617499586,True
2,log2fc_pos_pre,WOOWWOWO,OOOWWOWO,4,5,-2.5740390770421726,-0.746236387870478,1.8278026891716945,True
2,log2fc_pos_pre,OOOWWWWW,OOOWWOWW,3,4,-0.2591169885650942,-1.878730338280787,-1.6196133497156928,False
2,log2fc_pos_pre,OOWWWOWW,OOOWWOWW,3,4,-0.28195891222635,-1.878730338280787,-1.596771426054437,False
2,log2fc_pos_pre,OWOWWOWW,OOOWWOWW,3,4,-1.69704200339896,-1.878730338280787,-0.181688334881827,False
2,log2fc_pos_pre,WOOWWOWW,OOOWWOWW,3,4,-2.1163737389016997,-1.878730338280787,0.23764340062091271,True
2,log2fc_pos_pre,OOOWWWOW,OOOWWWOO,4,5,-0.6067295856376482,-0.5562118585464156,0.05051772709123259,True
2,log2fc_pos_pre,OOOWWWWO,OOOWWWOO,4,5,-1.266120674742268,-0.5562118585464156,0.7099088161958523,True
2,log2fc_pos_pre,OOWWWWOO,OOOWWWOO,4,5,1.1321395792016116,-0.5562118585464156,-1.688351437748027,False
2,log2fc_pos_pre,OWOWWWOO,OOOWWWOO,4,5,-0.3659069975637892,-0.5562118585464156,-0.19030486098262644,False
2,log2fc_pos_pre,WOOWWWOO,OOOWWWOO,4,5,-0.5558601734829478,-0.5562118585464156,-0.00035168506346783257,False
2,log2fc_pos_pre,OOOWWWWW,OOOWWWOW,3,4,-0.2591169885650942,-0.6067295856376482,-0.34761259707255404,False
2,log2fc_pos_pre,OOWWWWOW,OOOWWWOW,3,4,1.2368296930759797,-0.6067295856376482,-1.843559278713628,False
2,log2fc_pos_pre,OWOWWWOW,OOOWWWOW,3,4,-0.7075835839278714,-0.6067295856376482,0.10085399829022312,True
2,log2fc_pos_pre,WOOWWWOW,OOOWWWOW,3,4,-0.1571456459599469,-0.6067295856376482,-0.4495839396777013,False
2,log2fc_pos_pre,OOOWWWWW,OOOWWWWO,3,4,-0.2591169885650942,-1.266120674742268,-1.0070036861771738,False
2,log2fc_pos_pre,OOWWWWWO,OOOWWWWO,3,4,-0.3987116049631116,-1.266120674742268,-0.8674090697791563,False
2,log2fc_pos_pre,OWOWWWWO,OOOWWWWO,3,4,-1.4704521844250005,-1.266120674742268,0.2043315096827325,True
2,log2fc_pos_pre,WOOWWWWO,OOOWWWWO,3,4,-1.7223646198602285,-1.266120674742268,0.4562439451179605,True
2,log2fc_pos_pre,OOWWWWWW,OOOWWWWW,2,3,0.8437101642736959,-0.2591169885650942,-1.10282715283879,False
2,log2fc_pos_pre,OWOWWWWW,OOOWWWWW,2,3,-0.0909590819961485,-0.2591169885650942,-0.1681579065689457,False
2,log2fc_pos_pre,WOOWWWWW,OOOWWWWW,2,3,-0.05489729496548,-0.2591169885650942,-0.20421969359961417,False
2,log2fc_pos_pre,OOWOOOOW,OOWOOOOO,6,7,0.6106269383299331,2.5349164211054367,1.9242894827755035,True
2,log2fc_pos_pre,OOWOOOWO,OOWOOOOO,6,7,-0.2138704407359394,2.5349164211054367,2.748786861841376,True
2,log2fc_pos_pre,OOWOOWOO,OOWOOOOO,6,7,0.915132867836869,2.5349164211054367,1.6197835532685678,True
2,log2fc_pos_pre,OOWOWOOO,OOWOOOOO,6,7,0.7893562131464689,2.5349164211054367,1.7455602079589678,True
2,log2fc_pos_pre,OOWWOOOO,OOWOOOOO,6,7,1.781297754210572,2.5349164211054367,0.7536186668948648,True
2,log2fc_pos_pre,OWWOOOOO,OOWOOOOO,6,7,1.502502569082078,2.5349164211054367,1.0324138520233588,True
2,log2fc_pos_pre,WOWOOOOO,OOWOOOOO,6,7,2.5214527303234635,2.5349164211054367,0.013463690781973181,True
2,log2fc_pos_pre,OOWOOOWW,OOWOOOOW,5,6,-1.9516271312893916,0.6106269383299331,2.562254069619325,True
2,log2fc_pos_pre,OOWOOWOW,OOWOOOOW,5,6,0.9608618491881592,0.6106269383299331,-0.3502349108582261,False
2,log2fc_pos_pre,OOWOWOOW,OOWOOOOW,5,6,1.0993914590917997,0.6106269383299331,-0.4887645207618666,False
2,log2fc_pos_pre,OOWWOOOW,OOWOOOOW,5,6,1.6360403652280742,0.6106269383299331,-1.0254134268981412,False
2,log2fc_pos_pre,OWWOOOOW,OOWOOOOW,5,6,0.9141355826431646,0.6106269383299331,-0.30350864431323155,False
2,log2fc_pos_pre,WOWOOOOW,OOWOOOOW,5,6,0.8168109214922139,0.6106269383299331,-0.20618398316228082,False
2,log2fc_pos_pre,OOWOOOWW,OOWOOOWO,5,6,-1.9516271312893916,-0.2138704407359394,1.7377566905534523,True
2,log2fc_pos_pre,OOWOOWWO,OOWOOOWO,5,6,-3.203409789145132,-0.2138704407359394,2.9895393484091928,True
2,log2fc_pos_pre,OOWOWOWO,OOWOOOWO,5,6,-0.2680476029538934,-0.2138704407359394,0.05417716221795402,True
2,log2fc_pos_pre,OOWWOOWO,OOWOOOWO,5,6,0.4378788780042428,-0.2138704407359394,-0.6517493187401822,False
2,log2fc_pos_pre,OWWOOOWO,OOWOOOWO,5,6,-1.3710725273534288,-0.2138704407359394,1.1572020866174895,True
2,log2fc_pos_pre,WOWOOOWO,OOWOOOWO,5,6,-1.443075069912186,-0.2138704407359394,1.2292046291762466,True
2,log2fc_pos_pre,OOWOOWWW,OOWOOOWW,4,5,-2.9275629101727043,-1.9516271312893916,0.9759357788833127,True
2,log2fc_pos_pre,OOWOWOWW,OOWOOOWW,4,5,-1.1867052281988713,-1.9516271312893916,-0.7649219030905203,False
2,log2fc_pos_pre,OOWWOOWW,OOWOOOWW,4,5,-0.1696484058749639,-1.9516271312893916,-1.7819787254144277,False
2,log2fc_pos_pre,OWWOOOWW,OOWOOOWW,4,5,-3.164534122206631,-1.9516271312893916,1.2129069909172396,True
2,log2fc_pos_pre,WOWOOOWW,OOWOOOWW,4,5,-3.3292859058904196,-1.9516271312893916,1.377658774601028,True
2,log2fc_pos_pre,OOWOOWOW,OOWOOWOO,5,6,0.9608618491881592,0.915132867836869,-0.04572898135129022,False
2,log2fc_pos_pre,OOWOOWWO,OOWOOWOO,5,6,-3.203409789145132,0.915132867836869,4.118542656982001,True
2,log2fc_pos_pre,OOWOWWOO,OOWOOWOO,5,6,1.6174160815472487,0.915132867836869,-0.7022832137103797,False
2,log2fc_pos_pre,OOWWOWOO,OOWOOWOO,5,6,1.755026758776683,0.915132867836869,-0.839893890939814,False
2,log2fc_pos_pre,OWWOOWOO,OOWOOWOO,5,6,-0.0308157080000678,0.915132867836869,0.9459485758369368,True
2,log2fc_pos_pre,WOWOOWOO,OOWOOWOO,5,6,2.300308375353444,0.915132867836869,-1.3851755075165753,False
2,log2fc_pos_pre,OOWOOWWW,OOWOOWOW,4,5,-2.9275629101727043,0.9608618491881592,3.8884247593608636,True
2,log2fc_pos_pre,OOWOWWOW,OOWOOWOW,4,5,0.8510476757875252,0.9608618491881592,0.10981417340063404,True
2,log2fc_pos_pre,OOWWOWOW,OOWOOWOW,4,5,1.2474948030943538,0.9608618491881592,-0.2866329539061946,False
2,log2fc_pos_pre,OWWOOWOW,OOWOOWOW,4,5,0.5230618632824998,0.9608618491881592,0.4377999859056594,True
2,log2fc_pos_pre,WOWOOWOW,OOWOOWOW,4,5,0.6005492522392416,0.9608618491881592,0.3603125969489176,True
2,log2fc_pos_pre,OOWOOWWW,OOWOOWWO,4,5,-2.9275629101727043,-3.203409789145132,-0.27584687897242777,False
2,log2fc_pos_pre,OOWOWWWO,OOWOOWWO,4,5,-0.5223172686167092,-3.203409789145132,-2.6810925205284226,False
2,log2fc_pos_pre,OOWWOWWO,OOWOOWWO,4,5,-1.4856038137480332,-3.203409789145132,-1.717805975397099,False
2,log2fc_pos_pre,OWWOOWWO,OOWOOWWO,4,5,-4.216370397158125,-3.203409789145132,1.0129606080129925,True
2,log2fc_pos_pre,WOWOOWWO,OOWOOWWO,4,5,-6.261104025051912,-3.203409789145132,3.05769423590678,True
2,log2fc_pos_pre,OOWOWWWW,OOWOOWWW,3,4,0.0002365759277472,-2.9275629101727043,-2.9277994861004517,False
2,log2fc_pos_pre,OOWWOWWW,OOWOOWWW,3,4,-0.151316833431835,-2.9275629101727043,-2.776246076740869,False
2,log2fc_pos_pre,OWWOOWWW,OOWOOWWW,3,4,-2.016264813042323,-2.9275629101727043,-0.9112980971303815,False
2,log2fc_pos_pre,WOWOOWWW,OOWOOWWW,3,4,-2.560565571205744,-2.9275629101727043,-0.3669973389669603,False
2,log2fc_pos_pre,OOWOWOOW,OOWOWOOO,5,6,1.0993914590917997,0.7893562131464689,-0.31003524594533083,False
2,log2fc_pos_pre,OOWOWOWO,OOWOWOOO,5,6,-0.2680476029538934,0.7893562131464689,1.0574038161003623,True
2,log2fc_pos_pre,OOWOWWOO,OOWOWOOO,5,6,1.6174160815472487,0.7893562131464689,-0.8280598684007798,False
2,log2fc_pos_pre,OOWWWOOO,OOWOWOOO,5,6,0.957916182161126,0.7893562131464689,-0.16855996901465709,False
2,log2fc_pos_pre,OWWOWOOO,OOWOWOOO,5,6,0.6761680242618597,0.7893562131464689,0.11318818888460913,True
2,log2fc_pos_pre,WOWOWOOO,OOWOWOOO,5,6,1.5168449027380129,0.7893562131464689,-0.727488689591544,False
2,log2fc_pos_pre,OOWOWOWW,OOWOWOOW,4,5,-1.1867052281988713,1.0993914590917997,2.286096687290671,True
2,log2fc_pos_pre,OOWOWWOW,OOWOWOOW,4,5,0.8510476757875252,1.0993914590917997,0.24834378330427453,True
2,log2fc_pos_pre,OOWWWOOW,OOWOWOOW,4,5,0.517196857366882,1.0993914590917997,0.5821946017249177,True
2,log2fc_pos_pre,OWWOWOOW,OOWOWOOW,4,5,0.5463200354293788,1.0993914590917997,0.5530714236624209,True
2,log2fc_pos_pre,WOWOWOOW,OOWOWOOW,4,5,1.2172613320531005,1.0993914590917997,-0.1178698729613008,False
2,log2fc_pos_pre,OOWOWOWW,OOWOWOWO,4,5,-1.1867052281988713,-0.2680476029538934,0.9186576252449778,True
2,log2fc_pos_pre,OOWOWWWO,OOWOWOWO,4,5,-0.5223172686167092,-0.2680476029538934,0.25426966566281584,True
2,log2fc_pos_pre,OOWWWOWO,OOWOWOWO,4,5,0.0987362579096258,-0.2680476029538934,-0.3667838608635192,False
2,log2fc_pos_pre,OWWOWOWO,OOWOWOWO,4,5,-1.437306959299613,-0.2680476029538934,1.1692593563457196,True
2,log2fc_pos_pre,WOWOWOWO,OOWOWOWO,4,5,-1.4467696393609626,-0.2680476029538934,1.1787220364070692,True
2,log2fc_pos_pre,OOWOWWWW,OOWOWOWW,3,4,0.0002365759277472,-1.1867052281988713,-1.1869418041266184,False
2,log2fc_pos_pre,OOWWWOWW,OOWOWOWW,3,4,-0.28195891222635,-1.1867052281988713,-0.9047463159725213,False
2,log2fc_pos_pre,OWWOWOWW,OOWOWOWW,3,4,-1.9150736677149205,-1.1867052281988713,0.7283684395160492,True
2,log2fc_pos_pre,WOWOWOWW,OOWOWOWW,3,4,-2.1960969791933636,-1.1867052281988713,1.0093917509944923,True
2,log2fc_pos_pre,OOWOWWOW,OOWOWWOO,4,5,0.8510476757875252,1.6174160815472487,0.7663684057597235,True
2,log2fc_pos_pre,OOWOWWWO,OOWOWWOO,4,5,-0.5223172686167092,1.6174160815472487,2.139733350163958,True
2,log2fc_pos_pre,OOWWWWOO,OOWOWWOO,4,5,1.1321395792016116,1.6174160815472487,0.48527650234563713,True
2,log2fc_pos_pre,OWWOWWOO,OOWOWWOO,4,5,1.091514567127603,1.6174160815472487,0.5259015144196457,True
2,log2fc_pos_pre,WOWOWWOO,OOWOWWOO,4,5,1.0169819311619832,1.6174160815472487,0.6004341503852655,True
2,log2fc_pos_pre,OOWOWWWW,OOWOWWOW,3,4,0.0002365759277472,0.8510476757875252,0.850811099859778,True
2,log2fc_pos_pre,OOWWWWOW,OOWOWWOW,3,4,1.2368296930759797,0.8510476757875252,-0.3857820172884545,False
2,log2fc_pos_pre,OWWOWWOW,OOWOWWOW,3,4,1.438357279967403,0.8510476757875252,-0.5873096041798778,False
2,log2fc_pos_pre,WOWOWWOW,OOWOWWOW,3,4,1.170730781297243,0.8510476757875252,-0.3196831055097178,False
2,log2fc_pos_pre,OOWOWWWW,OOWOWWWO,3,4,0.0002365759277472,-0.5223172686167092,-0.5225538445444564,False
2,log2fc_pos_pre,OOWWWWWO,OOWOWWWO,3,4,-0.3987116049631116,-0.5223172686167092,-0.12360566365359765,False
2,log2fc_pos_pre,OWWOWWWO,OOWOWWWO,3,4,-1.1543396683045242,-0.5223172686167092,0.6320223996878149,True
2,log2fc_pos_pre,WOWOWWWO,OOWOWWWO,3,4,-2.0381863454599043,-0.5223172686167092,1.515869076843195,True
2,log2fc_pos_pre,OOWWWWWW,OOWOWWWW,2,3,0.8437101642736959,0.0002365759277472,-0.8434735883459488,False
2,log2fc_pos_pre,OWWOWWWW,OOWOWWWW,2,3,0.0240651430036313,0.0002365759277472,-0.0238285670758841,False
2,log2fc_pos_pre,WOWOWWWW,OOWOWWWW,2,3,-0.7306312205950599,0.0002365759277472,0.7308677965228071,True
2,log2fc_pos_pre,OOWWOOOW,OOWWOOOO,5,6,1.6360403652280742,1.781297754210572,0.14525738898249774,True
2,log2fc_pos_pre,OOWWOOWO,OOWWOOOO,5,6,0.4378788780042428,1.781297754210572,1.343418876206329,True
2,log2fc_pos_pre,OOWWOWOO,OOWWOOOO,5,6,1.755026758776683,1.781297754210572,0.02627099543388889,True
2,log2fc_pos_pre,OOWWWOOO,OOWWOOOO,5,6,0.957916182161126,1.781297754210572,0.823381572049446,True
2,log2fc_pos_pre,OWWWOOOO,OOWWOOOO,5,6,2.122089212397922,1.781297754210572,-0.3407914581873499,False
2,log2fc_pos_pre,WOWWOOOO,OOWWOOOO,5,6,2.170765202689809,1.781297754210572,-0.3894674484792373,False
2,log2fc_pos_pre,OOWWOOWW,OOWWOOOW,4,5,-0.1696484058749639,1.6360403652280742,1.805688771103038,True
2,log2fc_pos_pre,OOWWOWOW,OOWWOOOW,4,5,1.2474948030943538,1.6360403652280742,0.3885455621337204,True
2,log2fc_pos_pre,OOWWWOOW,OOWWOOOW,4,5,0.517196857366882,1.6360403652280742,1.1188435078611922,True
2,log2fc_pos_pre,OWWWOOOW,OOWWOOOW,4,5,1.2822716386508648,1.6360403652280742,0.35376872657720937,True
2,log2fc_pos_pre,WOWWOOOW,OOWWOOOW,4,5,1.425464882371569,1.6360403652280742,0.21057548285650518,True
2,log2fc_pos_pre,OOWWOOWW,OOWWOOWO,4,5,-0.1696484058749639,0.4378788780042428,0.6075272838792067,True
2,log2fc_pos_pre,OOWWOWWO,OOWWOOWO,4,5,-1.4856038137480332,0.4378788780042428,1.923482691752276,True
2,log2fc_pos_pre,OOWWWOWO,OOWWOOWO,4,5,0.0987362579096258,0.4378788780042428,0.339142620094617,True
2,log2fc_pos_pre,OWWWOOWO,OOWWOOWO,4,5,-0.0716646603080565,0.4378788780042428,0.5095435383122993,True
2,log2fc_pos_pre,WOWWOOWO,OOWWOOWO,4,5,-0.02769791664222,0.4378788780042428,0.4655767946464628,True
2,log2fc_pos_pre,OOWWOWWW,OOWWOOWW,3,4,-0.151316833431835,-0.1696484058749639,-0.018331572443128913,False
2,log2fc_pos_pre,OOWWWOWW,OOWWOOWW,3,4,-0.28195891222635,-0.1696484058749639,0.11231050635138609,True
2,log2fc_pos_pre,OWWWOOWW,OOWWOOWW,3,4,-1.1308834333383992,-0.1696484058749639,0.9612350274634354,True
2,log2fc_pos_pre,WOWWOOWW,OOWWOOWW,3,4,-0.3918360906596638,-0.1696484058749639,0.22218768478469988,True
2,log2fc_pos_pre,OOWWOWOW,OOWWOWOO,4,5,1.2474948030943538,1.755026758776683,0.5075319556823292,True
2,log2fc_pos_pre,OOWWOWWO,OOWWOWOO,4,5,-1.4856038137480332,1.755026758776683,3.240630572524716,True
2,log2fc_pos_pre,OOWWWWOO,OOWWOWOO,4,5,1.1321395792016116,1.755026758776683,0.6228871795750714,True
2,log2fc_pos_pre,OWWWOWOO,OOWWOWOO,4,5,0.9134318955218952,1.755026758776683,0.8415948632547878,True
2,log2fc_pos_pre,WOWWOWOO,OOWWOWOO,4,5,1.6137610736406625,1.755026758776683,0.14126568513602056,True
2,log2fc_pos_pre,OOWWOWWW,OOWWOWOW,3,4,-0.151316833431835,1.2474948030943538,1.398811636526189,True
2,log2fc_pos_pre,OOWWWWOW,OOWWOWOW,3,4,1.2368296930759797,1.2474948030943538,0.010665110018374113,True
2,log2fc_pos_pre,OWWWOWOW,OOWWOWOW,3,4,0.97658065395552,1.2474948030943538,0.2709141491388338,True
2,log2fc_pos_pre,WOWWOWOW,OOWWOWOW,3,4,1.277800501490833,1.2474948030943538,-0.03030569839647912,False
2,log2fc_pos_pre,OOWWOWWW,OOWWOWWO,3,4,-0.151316833431835,-1.4856038137480332,-1.334286980316198,False
2,log2fc_pos_pre,OOWWWWWO,OOWWOWWO,3,4,-0.3987116049631116,-1.4856038137480332,-1.0868922087849215,False
2,log2fc_pos_pre,OWWWOWWO,OOWWOWWO,3,4,-2.777850791274296,-1.4856038137480332,1.2922469775262626,True
2,log2fc_pos_pre,WOWWOWWO,OOWWOWWO,3,4,-2.1314345162765607,-1.4856038137480332,0.6458307025285275,True
2,log2fc_pos_pre,OOWWWWWW,OOWWOWWW,2,3,0.8437101642736959,-0.151316833431835,-0.9950269977055309,False
2,log2fc_pos_pre,OWWWOWWW,OOWWOWWW,2,3,-0.2082632721425918,-0.151316833431835,0.0569464387107568,True
2,log2fc_pos_pre,WOWWOWWW,OOWWOWWW,2,3,-0.9666342077648554,-0.151316833431835,0.8153173743330204,True
2,log2fc_pos_pre,OOWWWOOW,OOWWWOOO,4,5,0.517196857366882,0.957916182161126,0.4407193247942439,True
2,log2fc_pos_pre,OOWWWOWO,OOWWWOOO,4,5,0.0987362579096258,0.957916182161126,0.8591799242515001,True
2,log2fc_pos_pre,OOWWWWOO,OOWWWOOO,4,5,1.1321395792016116,0.957916182161126,-0.17422339704048562,False
2,log2fc_pos_pre,OWWWWOOO,OOWWWOOO,4,5,0.9334111747282556,0.957916182161126,0.024505007432870318,True
2,log2fc_pos_pre,WOWWWOOO,OOWWWOOO,4,5,0.86856065258186,0.957916182161126,0.08935552957926596,True
2,log2fc_pos_pre,OOWWWOWW,OOWWWOOW,3,4,-0.28195891222635,0.517196857366882,0.7991557695932321,True
2,log2fc_pos_pre,OOWWWWOW,OOWWWOOW,3,4,1.2368296930759797,0.517196857366882,-0.7196328357090976,False
2,log2fc_pos_pre,OWWWWOOW,OOWWWOOW,3,4,0.7589780807801142,0.517196857366882,-0.24178122341323216,False
2,log2fc_pos_pre,WOWWWOOW,OOWWWOOW,3,4,1.468442110777596,0.517196857366882,-0.951245253410714,False
2,log2fc_pos_pre,OOWWWOWW,OOWWWOWO,3,4,-0.28195891222635,0.0987362579096258,0.3806951701359758,True
2,log2fc_pos_pre,OOWWWWWO,OOWWWOWO,3,4,-0.3987116049631116,0.0987362579096258,0.4974478628727374,True
2,log2fc_pos_pre,OWWWWOWO,OOWWWOWO,3,4,-0.7092101245529138,0.0987362579096258,0.8079463824625396,True
2,log2fc_pos_pre,WOWWWOWO,OOWWWOWO,3,4,-0.018949466402638,0.0987362579096258,0.1176857243122638,True
2,log2fc_pos_pre,OOWWWWWW,OOWWWOWW,2,3,0.8437101642736959,-0.28195891222635,-1.1256690765000459,False
2,log2fc_pos_pre,OWWWWOWW,OOWWWOWW,2,3,-1.5327795478515314,-0.28195891222635,1.2508206356251814,True
2,log2fc_pos_pre,WOWWWOWW,OOWWWOWW,2,3,-0.3724157963346087,-0.28195891222635,0.0904568841082587,True
2,log2fc_pos_pre,OOWWWWOW,OOWWWWOO,3,4,1.2368296930759797,1.1321395792016116,-0.10469011387436811,False
2,log2fc_pos_pre,OOWWWWWO,OOWWWWOO,3,4,-0.3987116049631116,1.1321395792016116,1.5308511841647232,True
2,log2fc_pos_pre,OWWWWWOO,OOWWWWOO,3,4,0.5373235877360809,1.1321395792016116,0.5948159914655307,True
2,log2fc_pos_pre,WOWWWWOO,OOWWWWOO,3,4,1.1217215767241446,1.1321395792016116,0.010418002477466937,True
2,log2fc_pos_pre,OOWWWWWW,OOWWWWOW,2,3,0.8437101642736959,1.2368296930759797,0.39311952880228374,True
2,log2fc_pos_pre,OWWWWWOW,OOWWWWOW,2,3,0.8997492480262542,1.2368296930759797,0.33708044504972545,True
2,log2fc_pos_pre,WOWWWWOW,OOWWWWOW,2,3,1.1227875135402363,1.2368296930759797,0.11404217953574336,True
2,log2fc_pos_pre,OOWWWWWW,OOWWWWWO,2,3,0.8437101642736959,-0.3987116049631116,-1.2424217692368076,False
2,log2fc_pos_pre,OWWWWWWO,OOWWWWWO,2,3,-0.4682419087016712,-0.3987116049631116,0.06953030373855962,True
2,log2fc_pos_pre,WOWWWWWO,OOWWWWWO,2,3,-0.3957463413007264,-0.3987116049631116,-0.002965263662385198,False
2,log2fc_pos_pre,OWWWWWWW,OOWWWWWW,1,2,0.7670038634614427,0.8437101642736959,0.07670630081225327,True
2,log2fc_pos_pre,WOWWWWWW,OOWWWWWW,1,2,0.6407555703629121,0.8437101642736959,0.20295459391078385,True
2,log2fc_pos_pre,OWOOOOOW,OWOOOOOO,6,7,0.1350546610460094,1.2658738240798713,1.1308191630338618,True
2,log2fc_pos_pre,OWOOOOWO,OWOOOOOO,6,7,-1.64306737217725,1.2658738240798713,2.908941196257121,True
2,log2fc_pos_pre,OWOOOWOO,OWOOOOOO,6,7,-0.4713820550789656,1.2658738240798713,1.7372558791588368,True
2,log2fc_pos_pre,OWOOWOOO,OWOOOOOO,6,7,0.5695544129538335,1.2658738240798713,0.6963194111260378,True
2,log2fc_pos_pre,OWOWOOOO,OWOOOOOO,6,7,0.0262758149933729,1.2658738240798713,1.2395980090864984,True
2,log2fc_pos_pre,OWWOOOOO,OWOOOOOO,6,7,1.502502569082078,1.2658738240798713,-0.23662874500220665,False
2,log2fc_pos_pre,WWOOOOOO,OWOOOOOO,6,7,1.60174616277224,1.2658738240798713,-0.33587233869236877,False
2,log2fc_pos_pre,OWOOOOWW,OWOOOOOW,5,6,-3.3765983762191656,0.1350546610460094,3.511653037265175,True
2,log2fc_pos_pre,OWOOOWOW,OWOOOOOW,5,6,-0.3662954444364619,0.1350546610460094,0.5013501054824713,True
2,log2fc_pos_pre,OWOOWOOW,OWOOOOOW,5,6,-0.012149136363597,0.1350546610460094,0.1472037974096064,True
2,log2fc_pos_pre,OWOWOOOW,OWOOOOOW,5,6,-0.1120098209032456,0.1350546610460094,0.247064481949255,True
2,log2fc_pos_pre,OWWOOOOW,OWOOOOOW,5,6,0.9141355826431646,0.1350546610460094,-0.7790809215971553,False
2,log2fc_pos_pre,WWOOOOOW,OWOOOOOW,5,6,0.6728394402028098,0.1350546610460094,-0.5377847791568005,False
2,log2fc_pos_pre,OWOOOOWW,OWOOOOWO,5,6,-3.3765983762191656,-1.64306737217725,1.7335310040419156,True
2,log2fc_pos_pre,OWOOOWWO,OWOOOOWO,5,6,-5.650776555830811,-1.64306737217725,4.007709183653561,True
2,log2fc_pos_pre,OWOOWOWO,OWOOOOWO,5,6,-0.4154341801532001,-1.64306737217725,-1.22763319202405,False
2,log2fc_pos_pre,OWOWOOWO,OWOOOOWO,5,6,-1.6649768153162516,-1.64306737217725,0.021909443139001672,True
2,log2fc_pos_pre,OWWOOOWO,OWOOOOWO,5,6,-1.3710725273534288,-1.64306737217725,-0.2719948448238212,False
2,log2fc_pos_pre,WWOOOOWO,OWOOOOWO,5,6,-3.171664607913643,-1.64306737217725,1.5285972357363928,True
2,log2fc_pos_pre,OWOOOWWW,OWOOOOWW,4,5,-2.5387898905082404,-3.3765983762191656,-0.8378084857109251,False
2,log2fc_pos_pre,OWOOWOWW,OWOOOOWW,4,5,-1.7328441843218685,-3.3765983762191656,-1.643754191897297,False
2,log2fc_pos_pre,OWOWOOWW,OWOOOOWW,4,5,-1.2780964218609916,-3.3765983762191656,-2.098501954358174,False
2,log2fc_pos_pre,OWWOOOWW,OWOOOOWW,4,5,-3.164534122206631,-3.3765983762191656,-0.21206425401253437,False
2,log2fc_pos_pre,WWOOOOWW,OWOOOOWW,4,5,-4.424354907196211,-3.3765983762191656,1.0477565309770451,True
2,log2fc_pos_pre,OWOOOWOW,OWOOOWOO,5,6,-0.3662954444364619,-0.4713820550789656,-0.10508661064250369,False
2,log2fc_pos_pre,OWOOOWWO,OWOOOWOO,5,6,-5.650776555830811,-0.4713820550789656,5.179394500751846,True
2,log2fc_pos_pre,OWOOWWOO,OWOOOWOO,5,6,0.4937579249116191,-0.4713820550789656,-0.9651399799905847,False
2,log2fc_pos_pre,OWOWOWOO,OWOOOWOO,5,6,-0.3036544315152622,-0.4713820550789656,-0.16772762356370335,False
2,log2fc_pos_pre,OWWOOWOO,OWOOOWOO,5,6,-0.0308157080000678,-0.4713820550789656,-0.4405663470788978,False
2,log2fc_pos_pre,WWOOOWOO,OWOOOWOO,5,6,-0.0646301373346439,-0.4713820550789656,-0.4067519177443217,False
2,log2fc_pos_pre,OWOOOWWW,OWOOOWOW,4,5,-2.5387898905082404,-0.3662954444364619,2.1724944460717786,True
2,log2fc_pos_pre,OWOOWWOW,OWOOOWOW,4,5,0.6570442111166408,-0.3662954444364619,-1.0233396555531027,False
2,log2fc_pos_pre,OWOWOWOW,OWOOOWOW,4,5,0.3565579696715938,-0.3662954444364619,-0.7228534141080557,False
2,log2fc_pos_pre,OWWOOWOW,OWOOOWOW,4,5,0.5230618632824998,-0.3662954444364619,-0.8893573077189617,False
2,log2fc_pos_pre,WWOOOWOW,OWOOOWOW,4,5,0.2259696068169799,-0.3662954444364619,-0.5922650512534418,False
2,log2fc_pos_pre,OWOOOWWW,OWOOOWWO,4,5,-2.5387898905082404,-5.650776555830811,-3.1119866653225707,False
2,log2fc_pos_pre,OWOOWWWO,OWOOOWWO,4,5,-0.9898907717785198,-5.650776555830811,-4.660885784052291,False
2,log2fc_pos_pre,OWOWOWWO,OWOOOWWO,4,5,-3.092212995739281,-5.650776555830811,-2.55856356009153,False
2,log2fc_pos_pre,OWWOOWWO,OWOOOWWO,4,5,-4.216370397158125,-5.650776555830811,-1.4344061586726866,False
2,log2fc_pos_pre,WWOOOWWO,OWOOOWWO,4,5,-2.77858936381421,-5.650776555830811,-2.872187192016601,False
2,log2fc_pos_pre,OWOOWWWW,OWOOOWWW,3,4,0.365093218988109,-2.5387898905082404,-2.9038831094963493,False
2,log2fc_pos_pre,OWOWOWWW,OWOOOWWW,3,4,-0.5599707514118436,-2.5387898905082404,-1.9788191390963967,False
2,log2fc_pos_pre,OWWOOWWW,OWOOOWWW,3,4,-2.016264813042323,-2.5387898905082404,-0.5225250774659176,False
2,log2fc_pos_pre,WWOOOWWW,OWOOOWWW,3,4,-3.903245479381664,-2.5387898905082404,1.3644555888734238,True
2,log2fc_pos_pre,OWOOWOOW,OWOOWOOO,5,6,-0.012149136363597,0.5695544129538335,0.5817035493174305,True
2,log2fc_pos_pre,OWOOWOWO,OWOOWOOO,5,6,-0.4154341801532001,0.5695544129538335,0.9849885931070336,True
2,log2fc_pos_pre,OWOOWWOO,OWOOWOOO,5,6,0.4937579249116191,0.5695544129538335,0.0757964880422144,True
2,log2fc_pos_pre,OWOWWOOO,OWOOWOOO,5,6,-0.3007117501358118,0.5695544129538335,0.8702661630896453,True
2,log2fc_pos_pre,OWWOWOOO,OWOOWOOO,5,6,0.6761680242618597,0.5695544129538335,-0.10661361130802627,False
2,log2fc_pos_pre,WWOOWOOO,OWOOWOOO,5,6,2.209408937618519,0.5695544129538335,-1.6398545246646856,False
2,log2fc_pos_pre,OWOOWOWW,OWOOWOOW,4,5,-1.7328441843218685,-0.012149136363597,1.7206950479582714,True
2,log2fc_pos_pre,OWOOWWOW,OWOOWOOW,4,5,0.6570442111166408,-0.012149136363597,-0.6691933474802378,False
2,log2fc_pos_pre,OWOWWOOW,OWOOWOOW,4,5,-0.1478984539189135,-0.012149136363597,0.1357493175553165,True
2,log2fc_pos_pre,OWWOWOOW,OWOOWOOW,4,5,0.5463200354293788,-0.012149136363597,-0.5584691717929758,False
2,log2fc_pos_pre,WWOOWOOW,OWOOWOOW,4,5,-0.2243960021508056,-0.012149136363597,0.2122468657872086,True
2,log2fc_pos_pre,OWOOWOWW,OWOOWOWO,4,5,-1.7328441843218685,-0.4154341801532001,1.3174100041686683,True
2,log2fc_pos_pre,OWOOWWWO,OWOOWOWO,4,5,-0.9898907717785198,-0.4154341801532001,0.5744565916253197,True
2,log2fc_pos_pre,OWOWWOWO,OWOOWOWO,4,5,-2.0441490496204366,-0.4154341801532001,1.6287148694672364,True
2,log2fc_pos_pre,OWWOWOWO,OWOOWOWO,4,5,-1.437306959299613,-0.4154341801532001,1.0218727791464128,True
2,log2fc_pos_pre,WWOOWOWO,OWOOWOWO,4,5,-1.5502765864653307,-0.4154341801532001,1.1348424063121305,True
2,log2fc_pos_pre,OWOOWWWW,OWOOWOWW,3,4,0.365093218988109,-1.7328441843218685,-2.0979374033099774,False
2,log2fc_pos_pre,OWOWWOWW,OWOOWOWW,3,4,-1.69704200339896,-1.7328441843218685,-0.035802180922908544,False
2,log2fc_pos_pre,OWWOWOWW,OWOOWOWW,3,4,-1.9150736677149205,-1.7328441843218685,0.182229483393052,True
2,log2fc_pos_pre,WWOOWOWW,OWOOWOWW,3,4,-3.8249059321382313,-1.7328441843218685,2.092061747816363,True
2,log2fc_pos_pre,OWOOWWOW,OWOOWWOO,4,5,0.6570442111166408,0.4937579249116191,-0.16328628620502172,False
2,log2fc_pos_pre,OWOOWWWO,OWOOWWOO,4,5,-0.9898907717785198,0.4937579249116191,1.483648696690139,True
2,log2fc_pos_pre,OWOWWWOO,OWOOWWOO,4,5,-0.3659069975637892,0.4937579249116191,0.8596649224754083,True
2,log2fc_pos_pre,OWWOWWOO,OWOOWWOO,4,5,1.091514567127603,0.4937579249116191,-0.5977566422159839,False
2,log2fc_pos_pre,WWOOWWOO,OWOOWWOO,4,5,0.1961623270234298,0.4937579249116191,0.29759559788818923,True
2,log2fc_pos_pre,OWOOWWWW,OWOOWWOW,3,4,0.365093218988109,0.6570442111166408,0.2919509921285318,True
2,log2fc_pos_pre,OWOWWWOW,OWOOWWOW,3,4,-0.7075835839278714,0.6570442111166408,1.364627795044512,True
2,log2fc_pos_pre,OWWOWWOW,OWOOWWOW,3,4,1.438357279967403,0.6570442111166408,-0.7813130688507621,False
2,log2fc_pos_pre,WWOOWWOW,OWOOWWOW,3,4,0.5184725733615192,0.6570442111166408,0.1385716377551216,True
2,log2fc_pos_pre,OWOOWWWW,OWOOWWWO,3,4,0.365093218988109,-0.9898907717785198,-1.3549839907666288,False
2,log2fc_pos_pre,OWOWWWWO,OWOOWWWO,3,4,-1.4704521844250005,-0.9898907717785198,0.48056141264648067,True
2,log2fc_pos_pre,OWWOWWWO,OWOOWWWO,3,4,-1.1543396683045242,-0.9898907717785198,0.16444889652600436,True
2,log2fc_pos_pre,WWOOWWWO,OWOOWWWO,3,4,-2.346696281998953,-0.9898907717785198,1.3568055102204335,True
2,log2fc_pos_pre,OWOWWWWW,OWOOWWWW,2,3,-0.0909590819961485,0.365093218988109,0.4560523009842575,True
2,log2fc_pos_pre,OWWOWWWW,OWOOWWWW,2,3,0.0240651430036313,0.365093218988109,0.3410280759844777,True
2,log2fc_pos_pre,WWOOWWWW,OWOOWWWW,2,3,-0.4111044855585918,0.365093218988109,0.7761977045467008,True
2,log2fc_pos_pre,OWOWOOOW,OWOWOOOO,5,6,-0.1120098209032456,0.0262758149933729,0.1382856358966185,True
2,log2fc_pos_pre,OWOWOOWO,OWOWOOOO,5,6,-1.6649768153162516,0.0262758149933729,1.6912526303096245,True
2,log2fc_pos_pre,OWOWOWOO,OWOWOOOO,5,6,-0.3036544315152622,0.0262758149933729,0.3299302465086351,True
2,log2fc_pos_pre,OWOWWOOO,OWOWOOOO,5,6,-0.3007117501358118,0.0262758149933729,0.3269875651291847,True
2,log2fc_pos_pre,OWWWOOOO,OWOWOOOO,5,6,2.122089212397922,0.0262758149933729,-2.095813397404549,False
2,log2fc_pos_pre,WWOWOOOO,OWOWOOOO,5,6,0.6235552498774489,0.0262758149933729,-0.597279434884076,False
2,log2fc_pos_pre,OWOWOOWW,OWOWOOOW,4,5,-1.2780964218609916,-0.1120098209032456,1.166086600957746,True
2,log2fc_pos_pre,OWOWOWOW,OWOWOOOW,4,5,0.3565579696715938,-0.1120098209032456,-0.46856779057483944,False
2,log2fc_pos_pre,OWOWWOOW,OWOWOOOW,4,5,-0.1478984539189135,-0.1120098209032456,0.03588863301566789,True
2,log2fc_pos_pre,OWWWOOOW,OWOWOOOW,4,5,1.2822716386508648,-0.1120098209032456,-1.3942814595541104,False
2,log2fc_pos_pre,WWOWOOOW,OWOWOOOW,4,5,0.6737297893983053,-0.1120098209032456,-0.7857396103015509,False
2,log2fc_pos_pre,OWOWOOWW,OWOWOOWO,4,5,-1.2780964218609916,-1.6649768153162516,-0.38688039345526004,False
2,log2fc_pos_pre,OWOWOWWO,OWOWOOWO,4,5,-3.092212995739281,-1.6649768153162516,1.4272361804230296,True
2,log2fc_pos_pre,OWOWWOWO,OWOWOOWO,4,5,-2.0441490496204366,-1.6649768153162516,0.379172234304185,True
2,log2fc_pos_pre,OWWWOOWO,OWOWOOWO,4,5,-0.0716646603080565,-1.6649768153162516,-1.5933121550081952,False
2,log2fc_pos_pre,WWOWOOWO,OWOWOOWO,4,5,-1.309076307949005,-1.6649768153162516,-0.35590050736724654,False
2,log2fc_pos_pre,OWOWOWWW,OWOWOOWW,3,4,-0.5599707514118436,-1.2780964218609916,-0.718125670449148,False
2,log2fc_pos_pre,OWOWWOWW,OWOWOOWW,3,4,-1.69704200339896,-1.2780964218609916,0.41894558153796835,True
2,log2fc_pos_pre,OWWWOOWW,OWOWOOWW,3,4,-1.1308834333383992,-1.2780964218609916,-0.14721298852259235,False
2,log2fc_pos_pre,WWOWOOWW,OWOWOOWW,3,4,-3.2074306505942856,-1.2780964218609916,1.929334228733294,True
2,log2fc_pos_pre,OWOWOWOW,OWOWOWOO,4,5,0.3565579696715938,-0.3036544315152622,-0.660212401186856,False
2,log2fc_pos_pre,OWOWOWWO,OWOWOWOO,4,5,-3.092212995739281,-0.3036544315152622,2.788558564224019,True
2,log2fc_pos_pre,OWOWWWOO,OWOWOWOO,4,5,-0.3659069975637892,-0.3036544315152622,0.06225256604852697,True
2,log2fc_pos_pre,OWWWOWOO,OWOWOWOO,4,5,0.9134318955218952,-0.3036544315152622,-1.2170863270371575,False
2,log2fc_pos_pre,WWOWOWOO,OWOWOWOO,4,5,-0.3732010441853395,-0.3036544315152622,0.06954661267007728,True
2,log2fc_pos_pre,OWOWOWWW,OWOWOWOW,3,4,-0.5599707514118436,0.3565579696715938,0.9165287210834374,True
2,log2fc_pos_pre,OWOWWWOW,OWOWOWOW,3,4,-0.7075835839278714,0.3565579696715938,1.0641415535994652,True
2,log2fc_pos_pre,OWWWOWOW,OWOWOWOW,3,4,0.97658065395552,0.3565579696715938,-0.6200226842839262,False
2,log2fc_pos_pre,WWOWOWOW,OWOWOWOW,3,4,0.2235205794137702,0.3565579696715938,0.1330373902578236,True
2,log2fc_pos_pre,OWOWOWWW,OWOWOWWO,3,4,-0.5599707514118436,-3.092212995739281,-2.5322422443274375,False
2,log2fc_pos_pre,OWOWWWWO,OWOWOWWO,3,4,-1.4704521844250005,-3.092212995739281,-1.6217608113142807,False
2,log2fc_pos_pre,OWWWOWWO,OWOWOWWO,3,4,-2.777850791274296,-3.092212995739281,-0.3143622044649854,False
2,log2fc_pos_pre,WWOWOWWO,OWOWOWWO,3,4,-4.669019397013351,-3.092212995739281,1.5768064012740695,True
2,log2fc_pos_pre,OWOWWWWW,OWOWOWWW,2,3,-0.0909590819961485,-0.5599707514118436,-0.4690116694156951,False
2,log2fc_pos_pre,OWWWOWWW,OWOWOWWW,2,3,-0.2082632721425918,-0.5599707514118436,-0.35170747926925183,False
2,log2fc_pos_pre,WWOWOWWW,OWOWOWWW,2,3,-2.1217624892590967,-0.5599707514118436,1.561791737847253,True
2,log2fc_pos_pre,OWOWWOOW,OWOWWOOO,4,5,-0.1478984539189135,-0.3007117501358118,-0.15281329621689832,False
2,log2fc_pos_pre,OWOWWOWO,OWOWWOOO,4,5,-2.0441490496204366,-0.3007117501358118,1.7434372994846248,True
2,log2fc_pos_pre,OWOWWWOO,OWOWWOOO,4,5,-0.3659069975637892,-0.3007117501358118,0.06519524742797739,True
2,log2fc_pos_pre,OWWWWOOO,OWOWWOOO,4,5,0.9334111747282556,-0.3007117501358118,-1.2341229248640675,False
2,log2fc_pos_pre,WWOWWOOO,OWOWWOOO,4,5,-0.9746164086891024,-0.3007117501358118,0.6739046585532906,True
2,log2fc_pos_pre,OWOWWOWW,OWOWWOOW,3,4,-1.69704200339896,-0.1478984539189135,1.5491435494800465,True
2,log2fc_pos_pre,OWOWWWOW,OWOWWOOW,3,4,-0.7075835839278714,-0.1478984539189135,0.5596851300089578,True
2,log2fc_pos_pre,OWWWWOOW,OWOWWOOW,3,4,0.7589780807801142,-0.1478984539189135,-0.9068765346990277,False
2,log2fc_pos_pre,WWOWWOOW,OWOWWOOW,3,4,-0.8547689922174944,-0.1478984539189135,0.7068705382985809,True
2,log2fc_pos_pre,OWOWWOWW,OWOWWOWO,3,4,-1.69704200339896,-2.0441490496204366,-0.3471070462214767,False
2,log2fc_pos_pre,OWOWWWWO,OWOWWOWO,3,4,-1.4704521844250005,-2.0441490496204366,-0.5736968651954362,False
2,log2fc_pos_pre,OWWWWOWO,OWOWWOWO,3,4,-0.7092101245529138,-2.0441490496204366,-1.3349389250675228,False
2,log2fc_pos_pre,WWOWWOWO,OWOWWOWO,3,4,-1.567295508056178,-2.0441490496204366,-0.47685354156425874,False
2,log2fc_pos_pre,OWOWWWWW,OWOWWOWW,2,3,-0.0909590819961485,-1.69704200339896,-1.6060829214028114,False
2,log2fc_pos_pre,OWWWWOWW,OWOWWOWW,2,3,-1.5327795478515314,-1.69704200339896,-0.16426245554742858,False
2,log2fc_pos_pre,WWOWWOWW,OWOWWOWW,2,3,-2.0459920386216757,-1.69704200339896,0.3489500352227157,True
2,log2fc_pos_pre,OWOWWWOW,OWOWWWOO,3,4,-0.7075835839278714,-0.3659069975637892,0.34167658636408216,True
2,log2fc_pos_pre,OWOWWWWO,OWOWWWOO,3,4,-1.4704521844250005,-0.3659069975637892,1.1045451868612113,True
2,log2fc_pos_pre,OWWWWWOO,OWOWWWOO,3,4,0.5373235877360809,-0.3659069975637892,-0.9032305852998701,False
2,log2fc_pos_pre,WWOWWWOO,OWOWWWOO,3,4,-0.1716737520810894,-0.3659069975637892,-0.1942332454826998,False
2,log2fc_pos_pre,OWOWWWWW,OWOWWWOW,2,3,-0.0909590819961485,-0.7075835839278714,-0.6166245019317229,False
2,log2fc_pos_pre,OWWWWWOW,OWOWWWOW,2,3,0.8997492480262542,-0.7075835839278714,-1.6073328319541256,False
2,log2fc_pos_pre,WWOWWWOW,OWOWWWOW,2,3,-0.412129603701872,-0.7075835839278714,-0.29545398022599934,False
2,log2fc_pos_pre,OWOWWWWW,OWOWWWWO,2,3,-0.0909590819961485,-1.4704521844250005,-1.379493102428852,False
2,log2fc_pos_pre,OWWWWWWO,OWOWWWWO,2,3,-0.4682419087016712,-1.4704521844250005,-1.0022102757233293,False
2,log2fc_pos_pre,WWOWWWWO,OWOWWWWO,2,3,-2.13882675181199,-1.4704521844250005,0.6683745673869894,True
2,log2fc_pos_pre,OWWWWWWW,OWOWWWWW,1,2,0.7670038634614427,-0.0909590819961485,-0.8579629454575912,False
2,log2fc_pos_pre,WWOWWWWW,OWOWWWWW,1,2,0.4914996940057179,-0.0909590819961485,-0.5824587760018665,False
2,log2fc_pos_pre,OWWOOOOW,OWWOOOOO,5,6,0.9141355826431646,1.502502569082078,0.5883669864389133,True
2,log2fc_pos_pre,OWWOOOWO,OWWOOOOO,5,6,-1.3710725273534288,1.502502569082078,2.8735750964355065,True
2,log2fc_pos_pre,OWWOOWOO,OWWOOOOO,5,6,-0.0308157080000678,1.502502569082078,1.5333182770821456,True
2,log2fc_pos_pre,OWWOWOOO,OWWOOOOO,5,6,0.6761680242618597,1.502502569082078,0.8263345448202182,True
2,log2fc_pos_pre,OWWWOOOO,OWWOOOOO,5,6,2.122089212397922,1.502502569082078,-0.6195866433158439,False
2,log2fc_pos_pre,WWWOOOOO,OWWOOOOO,5,6,1.8876934698879448,1.502502569082078,-0.38519090080586693,False
2,log2fc_pos_pre,OWWOOOWW,OWWOOOOW,4,5,-3.164534122206631,0.9141355826431646,4.078669704849796,True
2,log2fc_pos_pre,OWWOOWOW,OWWOOOOW,4,5,0.5230618632824998,0.9141355826431646,0.3910737193606648,True
2,log2fc_pos_pre,OWWOWOOW,OWWOOOOW,4,5,0.5463200354293788,0.9141355826431646,0.36781554721378584,True
2,log2fc_pos_pre,OWWWOOOW,OWWOOOOW,4,5,1.2822716386508648,0.9141355826431646,-0.36813605600770016,False
2,log2fc_pos_pre,WWWOOOOW,OWWOOOOW,4,5,0.0164288847193479,0.9141355826431646,0.8977066979238167,True
2,log2fc_pos_pre,OWWOOOWW,OWWOOOWO,4,5,-3.164534122206631,-1.3710725273534288,1.7934615948532024,True
2,log2fc_pos_pre,OWWOOWWO,OWWOOOWO,4,5,-4.216370397158125,-1.3710725273534288,2.845297869804696,True
2,log2fc_pos_pre,OWWOWOWO,OWWOOOWO,4,5,-1.437306959299613,-1.3710725273534288,0.06623443194618428,True
2,log2fc_pos_pre,OWWWOOWO,OWWOOOWO,4,5,-0.0716646603080565,-1.3710725273534288,-1.2994078670453724,False
2,log2fc_pos_pre,WWWOOOWO,OWWOOOWO,4,5,-1.855884159985045,-1.3710725273534288,0.4848116326316163,True
2,log2fc_pos_pre,OWWOOWWW,OWWOOOWW,3,4,-2.016264813042323,-3.164534122206631,-1.1482693091643084,False
2,log2fc_pos_pre,OWWOWOWW,OWWOOOWW,3,4,-1.9150736677149205,-3.164534122206631,-1.2494604544917107,False
2,log2fc_pos_pre,OWWWOOWW,OWWOOOWW,3,4,-1.1308834333383992,-3.164534122206631,-2.033650688868232,False
2,log2fc_pos_pre,WWWOOOWW,OWWOOOWW,3,4,-3.712774622119903,-3.164534122206631,0.548240499913272,True
2,log2fc_pos_pre,OWWOOWOW,OWWOOWOO,4,5,0.5230618632824998,-0.0308157080000678,-0.5538775712825676,False
2,log2fc_pos_pre,OWWOOWWO,OWWOOWOO,4,5,-4.216370397158125,-0.0308157080000678,4.185554689158057,True
2,log2fc_pos_pre,OWWOWWOO,OWWOOWOO,4,5,1.091514567127603,-0.0308157080000678,-1.1223302751276707,False
2,log2fc_pos_pre,OWWWOWOO,OWWOOWOO,4,5,0.9134318955218952,-0.0308157080000678,-0.944247603521963,False
2,log2fc_pos_pre,WWWOOWOO,OWWOOWOO,4,5,0.3122105603910067,-0.0308157080000678,-0.3430262683910745,False
2,log2fc_pos_pre,OWWOOWWW,OWWOOWOW,3,4,-2.016264813042323,0.5230618632824998,2.539326676324823,True
2,log2fc_pos_pre,OWWOWWOW,OWWOOWOW,3,4,1.438357279967403,0.5230618632824998,-0.9152954166849031,False
2,log2fc_pos_pre,OWWWOWOW,OWWOOWOW,3,4,0.97658065395552,0.5230618632824998,-0.45351879067302014,False
2,log2fc_pos_pre,WWWOOWOW,OWWOOWOW,3,4,0.7232125503647728,0.5230618632824998,-0.20015068708227302,False
2,log2fc_pos_pre,OWWOOWWW,OWWOOWWO,3,4,-2.016264813042323,-4.216370397158125,-2.2001055841158017,False
2,log2fc_pos_pre,OWWOWWWO,OWWOOWWO,3,4,-1.1543396683045242,-4.216370397158125,-3.0620307288536006,False
2,log2fc_pos_pre,OWWWOWWO,OWWOOWWO,3,4,-2.777850791274296,-4.216370397158125,-1.4385196058838288,False
2,log2fc_pos_pre,WWWOOWWO,OWWOOWWO,3,4,-5.430049233218094,-4.216370397158125,1.2136788360599695,True
2,log2fc_pos_pre,OWWOWWWW,OWWOOWWW,2,3,0.0240651430036313,-2.016264813042323,-2.0403299560459542,False
2,log2fc_pos_pre,OWWWOWWW,OWWOOWWW,2,3,-0.2082632721425918,-2.016264813042323,-1.808001540899731,False
2,log2fc_pos_pre,WWWOOWWW,OWWOOWWW,2,3,-3.4802121607374397,-2.016264813042323,1.4639473476951168,True
2,log2fc_pos_pre,OWWOWOOW,OWWOWOOO,4,5,0.5463200354293788,0.6761680242618597,0.12984798883248094,True
2,log2fc_pos_pre,OWWOWOWO,OWWOWOOO,4,5,-1.437306959299613,0.6761680242618597,2.113474983561473,True
2,log2fc_pos_pre,OWWOWWOO,OWWOWOOO,4,5,1.091514567127603,0.6761680242618597,-0.41534654286574324,False
2,log2fc_pos_pre,OWWWWOOO,OWWOWOOO,4,5,0.9334111747282556,0.6761680242618597,-0.2572431504663959,False
2,log2fc_pos_pre,WWWOWOOO,OWWOWOOO,4,5,0.9606276116720088,0.6761680242618597,-0.2844595874101491,False
2,log2fc_pos_pre,OWWOWOWW,OWWOWOOW,3,4,-1.9150736677149205,0.5463200354293788,2.4613937031442994,True
2,log2fc_pos_pre,OWWOWWOW,OWWOWOOW,3,4,1.438357279967403,0.5463200354293788,-0.8920372445380241,False
2,log2fc_pos_pre,OWWWWOOW,OWWOWOOW,3,4,0.7589780807801142,0.5463200354293788,-0.2126580453507354,False
2,log2fc_pos_pre,WWWOWOOW,OWWOWOOW,3,4,0.5664831260208875,0.5463200354293788,-0.02016309059150867,False
2,log2fc_pos_pre,OWWOWOWW,OWWOWOWO,3,4,-1.9150736677149205,-1.437306959299613,0.47776670841530744,True
2,log2fc_pos_pre,OWWOWWWO,OWWOWOWO,3,4,-1.1543396683045242,-1.437306959299613,-0.2829672909950889,False
2,log2fc_pos_pre,OWWWWOWO,OWWOWOWO,3,4,-0.7092101245529138,-1.437306959299613,-0.7280968347466993,False
2,log2fc_pos_pre,WWWOWOWO,OWWOWOWO,3,4,-2.2325728322737417,-1.437306959299613,0.7952658729741287,True
2,log2fc_pos_pre,OWWOWWWW,OWWOWOWW,2,3,0.0240651430036313,-1.9150736677149205,-1.9391388107185519,False
2,log2fc_pos_pre,OWWWWOWW,OWWOWOWW,2,3,-1.5327795478515314,-1.9150736677149205,-0.3822941198633891,False
2,log2fc_pos_pre,WWWOWOWW,OWWOWOWW,2,3,-2.0863835919557143,-1.9150736677149205,0.17130992424079383,True
2,log2fc_pos_pre,OWWOWWOW,OWWOWWOO,3,4,1.438357279967403,1.091514567127603,-0.34684271283979995,False
2,log2fc_pos_pre,OWWOWWWO,OWWOWWOO,3,4,-1.1543396683045242,1.091514567127603,2.245854235432127,True
2,log2fc_pos_pre,OWWWWWOO,OWWOWWOO,3,4,0.5373235877360809,1.091514567127603,0.5541909793915221,True
2,log2fc_pos_pre,WWWOWWOO,OWWOWWOO,3,4,1.0766162834017476,1.091514567127603,0.014898283725855332,True
2,log2fc_pos_pre,OWWOWWWW,OWWOWWOW,2,3,0.0240651430036313,1.438357279967403,1.4142921369637715,True
2,log2fc_pos_pre,OWWWWWOW,OWWOWWOW,2,3,0.8997492480262542,1.438357279967403,0.5386080319411487,True
2,log2fc_pos_pre,WWWOWWOW,OWWOWWOW,2,3,1.494688559435206,1.438357279967403,-0.05633127946780303,False
2,log2fc_pos_pre,OWWOWWWW,OWWOWWWO,2,3,0.0240651430036313,-1.1543396683045242,-1.1784048113081556,False
2,log2fc_pos_pre,OWWWWWWO,OWWOWWWO,2,3,-0.4682419087016712,-1.1543396683045242,-0.686097759602853,False
2,log2fc_pos_pre,WWWOWWWO,OWWOWWWO,2,3,-3.3852425433276867,-1.1543396683045242,2.2309028750231628,True
2,log2fc_pos_pre,OWWWWWWW,OWWOWWWW,1,2,0.7670038634614427,0.0240651430036313,-0.7429387204578114,False
2,log2fc_pos_pre,WWWOWWWW,OWWOWWWW,1,2,-0.6196043072068214,0.0240651430036313,0.6436694502104526,True
2,log2fc_pos_pre,OWWWOOOW,OWWWOOOO,4,5,1.2822716386508648,2.122089212397922,0.839817573747057,True
2,log2fc_pos_pre,OWWWOOWO,OWWWOOOO,4,5,-0.0716646603080565,2.122089212397922,2.193753872705978,True
2,log2fc_pos_pre,OWWWOWOO,OWWWOOOO,4,5,0.9134318955218952,2.122089212397922,1.2086573168760266,True
2,log2fc_pos_pre,OWWWWOOO,OWWWOOOO,4,5,0.9334111747282556,2.122089212397922,1.1886780376696662,True
2,log2fc_pos_pre,WWWWOOOO,OWWWOOOO,4,5,1.5256289141595674,2.122089212397922,0.5964602982383544,True
2,log2fc_pos_pre,OWWWOOWW,OWWWOOOW,3,4,-1.1308834333383992,1.2822716386508648,2.413155071989264,True
2,log2fc_pos_pre,OWWWOWOW,OWWWOOOW,3,4,0.97658065395552,1.2822716386508648,0.30569098469534484,True
2,log2fc_pos_pre,OWWWWOOW,OWWWOOOW,3,4,0.7589780807801142,1.2822716386508648,0.5232935578707506,True
2,log2fc_pos_pre,WWWWOOOW,OWWWOOOW,3,4,0.707163262986817,1.2822716386508648,0.5751083756640478,True
2,log2fc_pos_pre,OWWWOOWW,OWWWOOWO,3,4,-1.1308834333383992,-0.0716646603080565,1.0592187730303428,True
2,log2fc_pos_pre,OWWWOWWO,OWWWOOWO,3,4,-2.777850791274296,-0.0716646603080565,2.7061861309662394,True
2,log2fc_pos_pre,OWWWWOWO,OWWWOOWO,3,4,-0.7092101245529138,-0.0716646603080565,0.6375454642448573,True
2,log2fc_pos_pre,WWWWOOWO,OWWWOOWO,3,4,-0.6362003745592008,-0.0716646603080565,0.5645357142511442,True
2,log2fc_pos_pre,OWWWOWWW,OWWWOOWW,2,3,-0.2082632721425918,-1.1308834333383992,-0.9226201611958075,False
2,log2fc_pos_pre,OWWWWOWW,OWWWOOWW,2,3,-1.5327795478515314,-1.1308834333383992,0.4018961145131321,True
2,log2fc_pos_pre,WWWWOOWW,OWWWOOWW,2,3,-2.6752712566553227,-1.1308834333383992,1.5443878233169235,True
2,log2fc_pos_pre,OWWWOWOW,OWWWOWOO,3,4,0.97658065395552,0.9134318955218952,-0.06314875843362477,False
2,log2fc_pos_pre,OWWWOWWO,OWWWOWOO,3,4,-2.777850791274296,0.9134318955218952,3.6912826867961908,True
2,log2fc_pos_pre,OWWWWWOO,OWWWOWOO,3,4,0.5373235877360809,0.9134318955218952,0.3761083077858143,True
2,log2fc_pos_pre,WWWWOWOO,OWWWOWOO,3,4,1.3137371764539791,0.9134318955218952,-0.40030528093208395,False
2,log2fc_pos_pre,OWWWOWWW,OWWWOWOW,2,3,-0.2082632721425918,0.97658065395552,1.1848439260981118,True
2,log2fc_pos_pre,OWWWWWOW,OWWWOWOW,2,3,0.8997492480262542,0.97658065395552,0.07683140592926574,True
2,log2fc_pos_pre,WWWWOWOW,OWWWOWOW,2,3,0.674007114354094,0.97658065395552,0.30257353960142597,True
2,log2fc_pos_pre,OWWWOWWW,OWWWOWWO,2,3,-0.2082632721425918,-2.777850791274296,-2.569587519131704,False
2,log2fc_pos_pre,OWWWWWWO,OWWWOWWO,2,3,-0.4682419087016712,-2.777850791274296,-2.3096088825726246,False
2,log2fc_pos_pre,WWWWOWWO,OWWWOWWO,2,3,-4.267335835283867,-2.777850791274296,1.4894850440095713,True
2,log2fc_pos_pre,OWWWWWWW,OWWWOWWW,1,2,0.7670038634614427,-0.2082632721425918,-0.9752671356040344,False
2,log2fc_pos_pre,WWWWOWWW,OWWWOWWW,1,2,-0.6896913529901364,-0.2082632721425918,0.4814280808475446,True
2,log2fc_pos_pre,OWWWWOOW,OWWWWOOO,3,4,0.7589780807801142,0.9334111747282556,0.17443309394814144,True
2,log2fc_pos_pre,OWWWWOWO,OWWWWOOO,3,4,-0.7092101245529138,0.9334111747282556,1.6426212992811693,True
2,log2fc_pos_pre,OWWWWWOO,OWWWWOOO,3,4,0.5373235877360809,0.9334111747282556,0.3960875869921747,True
2,log2fc_pos_pre,WWWWWOOO,OWWWWOOO,3,4,0.7652328045464428,0.9334111747282556,0.1681783701818128,True
2,log2fc_pos_pre,OWWWWOWW,OWWWWOOW,2,3,-1.5327795478515314,0.7589780807801142,2.2917576286316454,True
2,log2fc_pos_pre,OWWWWWOW,OWWWWOOW,2,3,0.8997492480262542,0.7589780807801142,-0.14077116724614003,False
2,log2fc_pos_pre,WWWWWOOW,OWWWWOOW,2,3,0.9461734375298332,0.7589780807801142,-0.187195356749719,False
2,log2fc_pos_pre,OWWWWOWW,OWWWWOWO,2,3,-1.5327795478515314,-0.7092101245529138,0.8235694232986176,True
2,log2fc_pos_pre,OWWWWWWO,OWWWWOWO,2,3,-0.4682419087016712,-0.7092101245529138,-0.24096821585124256,False
2,log2fc_pos_pre,WWWWWOWO,OWWWWOWO,2,3,-1.5968557220614896,-0.7092101245529138,0.8876455975085759,True
2,log2fc_pos_pre,OWWWWWWW,OWWWWOWW,1,2,0.7670038634614427,-1.5327795478515314,-2.299783411312974,False
2,log2fc_pos_pre,WWWWWOWW,OWWWWOWW,1,2,-1.073714513037028,-1.5327795478515314,-0.45906503481450334,False
2,log2fc_pos_pre,OWWWWWOW,OWWWWWOO,2,3,0.8997492480262542,0.5373235877360809,-0.3624256602901733,False
2,log2fc_pos_pre,OWWWWWWO,OWWWWWOO,2,3,-0.4682419087016712,0.5373235877360809,1.005565496437752,True
2,log2fc_pos_pre,WWWWWWOO,OWWWWWOO,2,3,0.9028262910866948,0.5373235877360809,-0.36550270335061386,False
2,log2fc_pos_pre,OWWWWWWW,OWWWWWOW,1,2,0.7670038634614427,0.8997492480262542,0.13274538456481155,True
2,log2fc_pos_pre,WWWWWWOW,OWWWWWOW,1,2,1.00305648113259,0.8997492480262542,-0.10330723310633572,False
2,log2fc_pos_pre,OWWWWWWW,OWWWWWWO,1,2,0.7670038634614427,-0.4682419087016712,-1.2352457721631138,False
2,log2fc_pos_pre,WWWWWWWO,OWWWWWWO,1,2,-0.7389484182957371,-0.4682419087016712,0.2707065095940659,True
2,log2fc_pos_pre,WWWWWWWW,OWWWWWWW,0,1,0.50764062132486,0.7670038634614427,0.2593632421365827,True
2,log2fc_pos_pre,WOOOOOOW,WOOOOOOO,6,7,0.1342399261703963,1.846214173554612,1.7119742473842157,True
2,log2fc_pos_pre,WOOOOOWO,WOOOOOOO,6,7,-2.0724816081675197,1.846214173554612,3.918695781722132,True
2,log2fc_pos_pre,WOOOOWOO,WOOOOOOO,6,7,0.6079389960756512,1.846214173554612,1.2382751774789609,True
2,log2fc_pos_pre,WOOOWOOO,WOOOOOOO,6,7,1.2317658868325334,1.846214173554612,0.6144482867220786,True
2,log2fc_pos_pre,WOOWOOOO,WOOOOOOO,6,7,0.662630410250307,1.846214173554612,1.1835837633043051,True
2,log2fc_pos_pre,WOWOOOOO,WOOOOOOO,6,7,2.5214527303234635,1.846214173554612,-0.6752385567688515,False
2,log2fc_pos_pre,WWOOOOOO,WOOOOOOO,6,7,1.60174616277224,1.846214173554612,0.24446801078237201,True
2,log2fc_pos_pre,WOOOOOWW,WOOOOOOW,5,6,-4.840435134315586,0.1342399261703963,4.974675060485982,True
2,log2fc_pos_pre,WOOOOWOW,WOOOOOOW,5,6,0.1586595294914674,0.1342399261703963,-0.0244196033210711,False
2,log2fc_pos_pre,WOOOWOOW,WOOOOOOW,5,6,0.288644928638351,0.1342399261703963,-0.15440500246795472,False
2,log2fc_pos_pre,WOOWOOOW,WOOOOOOW,5,6,0.0500088089177171,0.1342399261703963,0.08423111725267919,True
2,log2fc_pos_pre,WOWOOOOW,WOOOOOOW,5,6,0.8168109214922139,0.1342399261703963,-0.6825709953218176,False
2,log2fc_pos_pre,WWOOOOOW,WOOOOOOW,5,6,0.6728394402028098,0.1342399261703963,-0.5385995140324136,False
2,log2fc_pos_pre,WOOOOOWW,WOOOOOWO,5,6,-4.840435134315586,-2.0724816081675197,2.767953526148066,True
2,log2fc_pos_pre,WOOOOWWO,WOOOOOWO,5,6,-4.947138072810769,-2.0724816081675197,2.874656464643249,True
2,log2fc_pos_pre,WOOOWOWO,WOOOOOWO,5,6,-1.3887674875953089,-2.0724816081675197,-0.6837141205722108,False
2,log2fc_pos_pre,WOOWOOWO,WOOOOOWO,5,6,-1.6663368800036822,-2.0724816081675197,-0.4061447281638375,False
2,log2fc_pos_pre,WOWOOOWO,WOOOOOWO,5,6,-1.443075069912186,-2.0724816081675197,-0.6294065382553338,False
2,log2fc_pos_pre,WWOOOOWO,WOOOOOWO,5,6,-3.171664607913643,-2.0724816081675197,1.099182999746123,True
2,log2fc_pos_pre,WOOOOWWW,WOOOOOWW,4,5,-2.44957378962886,-4.840435134315586,-2.3908613446867255,False
2,log2fc_pos_pre,WOOOWOWW,WOOOOOWW,4,5,-2.6066521301998,-4.840435134315586,-2.233783004115786,False
2,log2fc_pos_pre,WOOWOOWW,WOOOOOWW,4,5,-2.7968424710083224,-4.840435134315586,-2.043592663307263,False
2,log2fc_pos_pre,WOWOOOWW,WOOOOOWW,4,5,-3.3292859058904196,-4.840435134315586,-1.511149228425166,False
2,log2fc_pos_pre,WWOOOOWW,WOOOOOWW,4,5,-4.424354907196211,-4.840435134315586,-0.41608022711937487,False
2,log2fc_pos_pre,WOOOOWOW,WOOOOWOO,5,6,0.1586595294914674,0.6079389960756512,0.4492794665841838,True
2,log2fc_pos_pre,WOOOOWWO,WOOOOWOO,5,6,-4.947138072810769,0.6079389960756512,5.55507706888642,True
2,log2fc_pos_pre,WOOOWWOO,WOOOOWOO,5,6,0.3130655109101108,0.6079389960756512,0.29487348516554035,True
2,log2fc_pos_pre,WOOWOWOO,WOOOOWOO,5,6,0.0696050883904365,0.6079389960756512,0.5383339076852147,True
2,log2fc_pos_pre,WOWOOWOO,WOOOOWOO,5,6,2.300308375353444,0.6079389960756512,-1.692369379277793,False
2,log2fc_pos_pre,WWOOOWOO,WOOOOWOO,5,6,-0.0646301373346439,0.6079389960756512,0.672569133410295,True
2,log2fc_pos_pre,WOOOOWWW,WOOOOWOW,4,5,-2.44957378962886,0.1586595294914674,2.6082333191203273,True
2,log2fc_pos_pre,WOOOWWOW,WOOOOWOW,4,5,0.2564768080851937,0.1586595294914674,-0.0978172785937263,False
2,log2fc_pos_pre,WOOWOWOW,WOOOOWOW,4,5,0.3193186375908582,0.1586595294914674,-0.16065910809939082,False
2,log2fc_pos_pre,WOWOOWOW,WOOOOWOW,4,5,0.6005492522392416,0.1586595294914674,-0.4418897227477742,False
2,log2fc_pos_pre,WWOOOWOW,WOOOOWOW,4,5,0.2259696068169799,0.1586595294914674,-0.0673100773255125,False
2,log2fc_pos_pre,WOOOOWWW,WOOOOWWO,4,5,-2.44957378962886,-4.947138072810769,-2.4975642831819087,False
2,log2fc_pos_pre,WOOOWWWO,WOOOOWWO,4,5,-2.7247342400611236,-4.947138072810769,-2.222403832749645,False
2,log2fc_pos_pre,WOOWOWWO,WOOOOWWO,4,5,-3.6729093575452905,-4.947138072810769,-1.2742287152654783,False
2,log2fc_pos_pre,WOWOOWWO,WOOOOWWO,4,5,-6.261104025051912,-4.947138072810769,1.3139659522411433,True
2,log2fc_pos_pre,WWOOOWWO,WOOOOWWO,4,5,-2.77858936381421,-4.947138072810769,-2.1685487089965587,False
2,log2fc_pos_pre,WOOOWWWW,WOOOOWWW,3,4,-1.216740670189348,-2.44957378962886,-1.2328331194395121,False
2,log2fc_pos_pre,WOOWOWWW,WOOOOWWW,3,4,-1.488584864144464,-2.44957378962886,-0.9609889254843962,False
2,log2fc_pos_pre,WOWOOWWW,WOOOOWWW,3,4,-2.560565571205744,-2.44957378962886,0.11099178157688394,True
2,log2fc_pos_pre,WWOOOWWW,WOOOOWWW,3,4,-3.903245479381664,-2.44957378962886,1.4536716897528041,True
2,log2fc_pos_pre,WOOOWOOW,WOOOWOOO,5,6,0.288644928638351,1.2317658868325334,0.9431209581941824,True
2,log2fc_pos_pre,WOOOWOWO,WOOOWOOO,5,6,-1.3887674875953089,1.2317658868325334,2.6205333744278425,True
2,log2fc_pos_pre,WOOOWWOO,WOOOWOOO,5,6,0.3130655109101108,1.2317658868325334,0.9187003759224226,True
2,log2fc_pos_pre,WOOWWOOO,WOOOWOOO,5,6,0.1146747387309832,1.2317658868325334,1.1170911481015502,True
2,log2fc_pos_pre,WOWOWOOO,WOOOWOOO,5,6,1.5168449027380129,1.2317658868325334,-0.28507901590547946,False
2,log2fc_pos_pre,WWOOWOOO,WOOOWOOO,5,6,2.209408937618519,1.2317658868325334,-0.9776430507859857,False
2,log2fc_pos_pre,WOOOWOWW,WOOOWOOW,4,5,-2.6066521301998,0.288644928638351,2.8952970588381506,True
2,log2fc_pos_pre,WOOOWWOW,WOOOWOOW,4,5,0.2564768080851937,0.288644928638351,0.03216812055315732,True
2,log2fc_pos_pre,WOOWWOOW,WOOOWOOW,4,5,-0.1443594184868388,0.288644928638351,0.4330043471251898,True
2,log2fc_pos_pre,WOWOWOOW,WOOOWOOW,4,5,1.2172613320531005,0.288644928638351,-0.9286164034147495,False
2,log2fc_pos_pre,WWOOWOOW,WOOOWOOW,4,5,-0.2243960021508056,0.288644928638351,0.5130409307891566,True
2,log2fc_pos_pre,WOOOWOWW,WOOOWOWO,4,5,-2.6066521301998,-1.3887674875953089,1.217884642604491,True
2,log2fc_pos_pre,WOOOWWWO,WOOOWOWO,4,5,-2.7247342400611236,-1.3887674875953089,1.3359667524658148,True
2,log2fc_pos_pre,WOOWWOWO,WOOOWOWO,4,5,-2.5740390770421726,-1.3887674875953089,1.1852715894468637,True
2,log2fc_pos_pre,WOWOWOWO,WOOOWOWO,4,5,-1.4467696393609626,-1.3887674875953089,0.05800215176565371,True
2,log2fc_pos_pre,WWOOWOWO,WOOOWOWO,4,5,-1.5502765864653307,-1.3887674875953089,0.16150909887002185,True
2,log2fc_pos_pre,WOOOWWWW,WOOOWOWW,3,4,-1.216740670189348,-2.6066521301998,-1.3899114600104518,False
2,log2fc_pos_pre,WOOWWOWW,WOOOWOWW,3,4,-2.1163737389016997,-2.6066521301998,-0.49027839129810014,False
2,log2fc_pos_pre,WOWOWOWW,WOOOWOWW,3,4,-2.1960969791933636,-2.6066521301998,-0.41055515100643625,False
2,log2fc_pos_pre,WWOOWOWW,WOOOWOWW,3,4,-3.8249059321382313,-2.6066521301998,1.2182538019384315,True
2,log2fc_pos_pre,WOOOWWOW,WOOOWWOO,4,5,0.2564768080851937,0.3130655109101108,0.056588702824917125,True
2,log2fc_pos_pre,WOOOWWWO,WOOOWWOO,4,5,-2.7247342400611236,0.3130655109101108,3.0377997509712342,True
2,log2fc_pos_pre,WOOWWWOO,WOOOWWOO,4,5,-0.5558601734829478,0.3130655109101108,0.8689256843930586,True
2,log2fc_pos_pre,WOWOWWOO,WOOOWWOO,4,5,1.0169819311619832,0.3130655109101108,-0.7039164202518724,False
2,log2fc_pos_pre,WWOOWWOO,WOOOWWOO,4,5,0.1961623270234298,0.3130655109101108,0.116903183886681,True
2,log2fc_pos_pre,WOOOWWWW,WOOOWWOW,3,4,-1.216740670189348,0.2564768080851937,1.4732174782745417,True
2,log2fc_pos_pre,WOOWWWOW,WOOOWWOW,3,4,-0.1571456459599469,0.2564768080851937,0.4136224540451406,True
2,log2fc_pos_pre,WOWOWWOW,WOOOWWOW,3,4,1.170730781297243,0.2564768080851937,-0.9142539732120493,False
2,log2fc_pos_pre,WWOOWWOW,WOOOWWOW,3,4,0.5184725733615192,0.2564768080851937,-0.2619957652763255,False
2,log2fc_pos_pre,WOOOWWWW,WOOOWWWO,3,4,-1.216740670189348,-2.7247342400611236,-1.5079935698717757,False
2,log2fc_pos_pre,WOOWWWWO,WOOOWWWO,3,4,-1.7223646198602285,-2.7247342400611236,-1.0023696202008952,False
2,log2fc_pos_pre,WOWOWWWO,WOOOWWWO,3,4,-2.0381863454599043,-2.7247342400611236,-0.6865478946012193,False
2,log2fc_pos_pre,WWOOWWWO,WOOOWWWO,3,4,-2.346696281998953,-2.7247342400611236,-0.37803795806217044,False
2,log2fc_pos_pre,WOOWWWWW,WOOOWWWW,2,3,-0.05489729496548,-1.216740670189348,-1.161843375223868,False
2,log2fc_pos_pre,WOWOWWWW,WOOOWWWW,2,3,-0.7306312205950599,-1.216740670189348,-0.48610944959428803,False
2,log2fc_pos_pre,WWOOWWWW,WOOOWWWW,2,3,-0.4111044855585918,-1.216740670189348,-0.8056361846307561,False
2,log2fc_pos_pre,WOOWOOOW,WOOWOOOO,5,6,0.0500088089177171,0.662630410250307,0.6126216013325899,True
2,log2fc_pos_pre,WOOWOOWO,WOOWOOOO,5,6,-1.6663368800036822,0.662630410250307,2.3289672902539893,True
2,log2fc_pos_pre,WOOWOWOO,WOOWOOOO,5,6,0.0696050883904365,0.662630410250307,0.5930253218598704,True
2,log2fc_pos_pre,WOOWWOOO,WOOWOOOO,5,6,0.1146747387309832,0.662630410250307,0.5479556715193238,True
2,log2fc_pos_pre,WOWWOOOO,WOOWOOOO,5,6,2.170765202689809,0.662630410250307,-1.508134792439502,False
2,log2fc_pos_pre,WWOWOOOO,WOOWOOOO,5,6,0.6235552498774489,0.662630410250307,0.039075160372858075,True
2,log2fc_pos_pre,WOOWOOWW,WOOWOOOW,4,5,-2.7968424710083224,0.0500088089177171,2.8468512799260397,True
2,log2fc_pos_pre,WOOWOWOW,WOOWOOOW,4,5,0.3193186375908582,0.0500088089177171,-0.2693098286731411,False
2,log2fc_pos_pre,WOOWWOOW,WOOWOOOW,4,5,-0.1443594184868388,0.0500088089177171,0.1943682274045559,True
2,log2fc_pos_pre,WOWWOOOW,WOOWOOOW,4,5,1.425464882371569,0.0500088089177171,-1.375456073453852,False
2,log2fc_pos_pre,WWOWOOOW,WOOWOOOW,4,5,0.6737297893983053,0.0500088089177171,-0.6237209804805882,False
2,log2fc_pos_pre,WOOWOOWW,WOOWOOWO,4,5,-2.7968424710083224,-1.6663368800036822,1.1305055910046402,True
2,log2fc_pos_pre,WOOWOWWO,WOOWOOWO,4,5,-3.6729093575452905,-1.6663368800036822,2.0065724775416083,True
2,log2fc_pos_pre,WOOWWOWO,WOOWOOWO,4,5,-2.5740390770421726,-1.6663368800036822,0.9077021970384904,True
2,log2fc_pos_pre,WOWWOOWO,WOOWOOWO,4,5,-0.02769791664222,-1.6663368800036822,-1.6386389633614622,False
2,log2fc_pos_pre,WWOWOOWO,WOOWOOWO,4,5,-1.309076307949005,-1.6663368800036822,-0.3572605720546771,False
2,log2fc_pos_pre,WOOWOWWW,WOOWOOWW,3,4,-1.488584864144464,-2.7968424710083224,-1.3082576068638585,False
2,log2fc_pos_pre,WOOWWOWW,WOOWOOWW,3,4,-2.1163737389016997,-2.7968424710083224,-0.6804687321066227,False
2,log2fc_pos_pre,WOWWOOWW,WOOWOOWW,3,4,-0.3918360906596638,-2.7968424710083224,-2.4050063803486585,False
2,log2fc_pos_pre,WWOWOOWW,WOOWOOWW,3,4,-3.2074306505942856,-2.7968424710083224,0.41058817958596316,True
2,log2fc_pos_pre,WOOWOWOW,WOOWOWOO,4,5,0.3193186375908582,0.0696050883904365,-0.24971354920042171,False
2,log2fc_pos_pre,WOOWOWWO,WOOWOWOO,4,5,-3.6729093575452905,0.0696050883904365,3.742514445935727,True
2,log2fc_pos_pre,WOOWWWOO,WOOWOWOO,4,5,-0.5558601734829478,0.0696050883904365,0.6254652618733842,True
2,log2fc_pos_pre,WOWWOWOO,WOOWOWOO,4,5,1.6137610736406625,0.0696050883904365,-1.544155985250226,False
2,log2fc_pos_pre,WWOWOWOO,WOOWOWOO,4,5,-0.3732010441853395,0.0696050883904365,0.442806132575776,True
2,log2fc_pos_pre,WOOWOWWW,WOOWOWOW,3,4,-1.488584864144464,0.3193186375908582,1.8079035017353222,True
2,log2fc_pos_pre,WOOWWWOW,WOOWOWOW,3,4,-0.1571456459599469,0.3193186375908582,0.4764642835508051,True
2,log2fc_pos_pre,WOWWOWOW,WOOWOWOW,3,4,1.277800501490833,0.3193186375908582,-0.9584818638999747,False
2,log2fc_pos_pre,WWOWOWOW,WOOWOWOW,3,4,0.2235205794137702,0.3193186375908582,0.095798058177088,True
2,log2fc_pos_pre,WOOWOWWW,WOOWOWWO,3,4,-1.488584864144464,-3.6729093575452905,-2.1843244934008266,False
2,log2fc_pos_pre,WOOWWWWO,WOOWOWWO,3,4,-1.7223646198602285,-3.6729093575452905,-1.950544737685062,False
2,log2fc_pos_pre,WOWWOWWO,WOOWOWWO,3,4,-2.1314345162765607,-3.6729093575452905,-1.5414748412687298,False
2,log2fc_pos_pre,WWOWOWWO,WOOWOWWO,3,4,-4.669019397013351,-3.6729093575452905,0.9961100394680602,True
2,log2fc_pos_pre,WOOWWWWW,WOOWOWWW,2,3,-0.05489729496548,-1.488584864144464,-1.4336875691789839,False
2,log2fc_pos_pre,WOWWOWWW,WOOWOWWW,2,3,-0.9666342077648554,-1.488584864144464,-0.5219506563796085,False
2,log2fc_pos_pre,WWOWOWWW,WOOWOWWW,2,3,-2.1217624892590967,-1.488584864144464,0.6331776251146328,True
2,log2fc_pos_pre,WOOWWOOW,WOOWWOOO,4,5,-0.1443594184868388,0.1146747387309832,0.259034157217822,True
2,log2fc_pos_pre,WOOWWOWO,WOOWWOOO,4,5,-2.5740390770421726,0.1146747387309832,2.6887138157731556,True
2,log2fc_pos_pre,WOOWWWOO,WOOWWOOO,4,5,-0.5558601734829478,0.1146747387309832,0.670534912213931,True
2,log2fc_pos_pre,WOWWWOOO,WOOWWOOO,4,5,0.86856065258186,0.1146747387309832,-0.7538859138508768,False
2,log2fc_pos_pre,WWOWWOOO,WOOWWOOO,4,5,-0.9746164086891024,0.1146747387309832,1.0892911474200855,True
2,log2fc_pos_pre,WOOWWOWW,WOOWWOOW,3,4,-2.1163737389016997,-0.1443594184868388,1.9720143204148608,True
2,log2fc_pos_pre,WOOWWWOW,WOOWWOOW,3,4,-0.1571456459599469,-0.1443594184868388,0.012786227473108092,True
2,log2fc_pos_pre,WOWWWOOW,WOOWWOOW,3,4,1.468442110777596,-0.1443594184868388,-1.6128015292644349,False
2,log2fc_pos_pre,WWOWWOOW,WOOWWOOW,3,4,-0.8547689922174944,-0.1443594184868388,0.7104095737306555,True
2,log2fc_pos_pre,WOOWWOWW,WOOWWOWO,3,4,-2.1163737389016997,-2.5740390770421726,-0.45766533814047294,False
2,log2fc_pos_pre,WOOWWWWO,WOOWWOWO,3,4,-1.7223646198602285,-2.5740390770421726,-0.8516744571819441,False
2,log2fc_pos_pre,WOWWWOWO,WOOWWOWO,3,4,-0.018949466402638,-2.5740390770421726,-2.5550896106395347,False
2,log2fc_pos_pre,WWOWWOWO,WOOWWOWO,3,4,-1.567295508056178,-2.5740390770421726,-1.0067435689859947,False
2,log2fc_pos_pre,WOOWWWWW,WOOWWOWW,2,3,-0.05489729496548,-2.1163737389016997,-2.0614764439362196,False
2,log2fc_pos_pre,WOWWWOWW,WOOWWOWW,2,3,-0.3724157963346087,-2.1163737389016997,-1.743957942567091,False
2,log2fc_pos_pre,WWOWWOWW,WOOWWOWW,2,3,-2.0459920386216757,-2.1163737389016997,-0.070381700280024,False
2,log2fc_pos_pre,WOOWWWOW,WOOWWWOO,3,4,-0.1571456459599469,-0.5558601734829478,-0.3987145275230009,False
2,log2fc_pos_pre,WOOWWWWO,WOOWWWOO,3,4,-1.7223646198602285,-0.5558601734829478,1.1665044463772807,True
2,log2fc_pos_pre,WOWWWWOO,WOOWWWOO,3,4,1.1217215767241446,-0.5558601734829478,-1.6775817502070924,False
2,log2fc_pos_pre,WWOWWWOO,WOOWWWOO,3,4,-0.1716737520810894,-0.5558601734829478,-0.38418642140185844,False
2,log2fc_pos_pre,WOOWWWWW,WOOWWWOW,2,3,-0.05489729496548,-0.1571456459599469,-0.1022483509944669,False
2,log2fc_pos_pre,WOWWWWOW,WOOWWWOW,2,3,1.1227875135402363,-0.1571456459599469,-1.2799331595001833,False
2,log2fc_pos_pre,WWOWWWOW,WOOWWWOW,2,3,-0.412129603701872,-0.1571456459599469,0.2549839577419251,True
2,log2fc_pos_pre,WOOWWWWW,WOOWWWWO,2,3,-0.05489729496548,-1.7223646198602285,-1.6674673248947485,False
2,log2fc_pos_pre,WOWWWWWO,WOOWWWWO,2,3,-0.3957463413007264,-1.7223646198602285,-1.326618278559502,False
2,log2fc_pos_pre,WWOWWWWO,WOOWWWWO,2,3,-2.13882675181199,-1.7223646198602285,0.4164621319517614,True
2,log2fc_pos_pre,WOWWWWWW,WOOWWWWW,1,2,0.6407555703629121,-0.05489729496548,-0.6956528653283921,False
2,log2fc_pos_pre,WWOWWWWW,WOOWWWWW,1,2,0.4914996940057179,-0.05489729496548,-0.5463969889711979,False
2,log2fc_pos_pre,WOWOOOOW,WOWOOOOO,5,6,0.8168109214922139,2.5214527303234635,1.7046418088312496,True
2,log2fc_pos_pre,WOWOOOWO,WOWOOOOO,5,6,-1.443075069912186,2.5214527303234635,3.9645278002356497,True
2,log2fc_pos_pre,WOWOOWOO,WOWOOOOO,5,6,2.300308375353444,2.5214527303234635,0.22114435497001939,True
2,log2fc_pos_pre,WOWOWOOO,WOWOOOOO,5,6,1.5168449027380129,2.5214527303234635,1.0046078275854506,True
2,log2fc_pos_pre,WOWWOOOO,WOWOOOOO,5,6,2.170765202689809,2.5214527303234635,0.3506875276336543,True
2,log2fc_pos_pre,WWWOOOOO,WOWOOOOO,5,6,1.8876934698879448,2.5214527303234635,0.6337592604355187,True
2,log2fc_pos_pre,WOWOOOWW,WOWOOOOW,4,5,-3.3292859058904196,0.8168109214922139,4.1460968273826335,True
2,log2fc_pos_pre,WOWOOWOW,WOWOOOOW,4,5,0.6005492522392416,0.8168109214922139,0.2162616692529723,True
2,log2fc_pos_pre,WOWOWOOW,WOWOOOOW,4,5,1.2172613320531005,0.8168109214922139,-0.4004504105608866,False
2,log2fc_pos_pre,WOWWOOOW,WOWOOOOW,4,5,1.425464882371569,0.8168109214922139,-0.6086539608793551,False
2,log2fc_pos_pre,WWWOOOOW,WOWOOOOW,4,5,0.0164288847193479,0.8168109214922139,0.800382036772866,True
2,log2fc_pos_pre,WOWOOOWW,WOWOOOWO,4,5,-3.3292859058904196,-1.443075069912186,1.8862108359782337,True
2,log2fc_pos_pre,WOWOOWWO,WOWOOOWO,4,5,-6.261104025051912,-1.443075069912186,4.818028955139726,True
2,log2fc_pos_pre,WOWOWOWO,WOWOOOWO,4,5,-1.4467696393609626,-1.443075069912186,0.0036945694487766634,True
2,log2fc_pos_pre,WOWWOOWO,WOWOOOWO,4,5,-0.02769791664222,-1.443075069912186,-1.415377153269966,False
2,log2fc_pos_pre,WWWOOOWO,WOWOOOWO,4,5,-1.855884159985045,-1.443075069912186,0.41280909007285915,True
2,log2fc_pos_pre,WOWOOWWW,WOWOOOWW,3,4,-2.560565571205744,-3.3292859058904196,-0.7687203346846756,False
2,log2fc_pos_pre,WOWOWOWW,WOWOOOWW,3,4,-2.1960969791933636,-3.3292859058904196,-1.133188926697056,False
2,log2fc_pos_pre,WOWWOOWW,WOWOOOWW,3,4,-0.3918360906596638,-3.3292859058904196,-2.9374498152307558,False
2,log2fc_pos_pre,WWWOOOWW,WOWOOOWW,3,4,-3.712774622119903,-3.3292859058904196,0.38348871622948355,True
2,log2fc_pos_pre,WOWOOWOW,WOWOOWOO,4,5,0.6005492522392416,2.300308375353444,1.6997591231142026,True
2,log2fc_pos_pre,WOWOOWWO,WOWOOWOO,4,5,-6.261104025051912,2.300308375353444,8.561412400405356,True
2,log2fc_pos_pre,WOWOWWOO,WOWOOWOO,4,5,1.0169819311619832,2.300308375353444,1.283326444191461,True
2,log2fc_pos_pre,WOWWOWOO,WOWOOWOO,4,5,1.6137610736406625,2.300308375353444,0.6865473017127817,True
2,log2fc_pos_pre,WWWOOWOO,WOWOOWOO,4,5,0.3122105603910067,2.300308375353444,1.9880978149624373,True
2,log2fc_pos_pre,WOWOOWWW,WOWOOWOW,3,4,-2.560565571205744,0.6005492522392416,3.1611148234449855,True
2,log2fc_pos_pre,WOWOWWOW,WOWOOWOW,3,4,1.170730781297243,0.6005492522392416,-0.5701815290580013,False
2,log2fc_pos_pre,WOWWOWOW,WOWOOWOW,3,4,1.277800501490833,0.6005492522392416,-0.6772512492515913,False
2,log2fc_pos_pre,WWWOOWOW,WOWOOWOW,3,4,0.7232125503647728,0.6005492522392416,-0.12266329812553123,False
2,log2fc_pos_pre,WOWOOWWW,WOWOOWWO,3,4,-2.560565571205744,-6.261104025051912,-3.700538453846168,False
2,log2fc_pos_pre,WOWOWWWO,WOWOOWWO,3,4,-2.0381863454599043,-6.261104025051912,-4.222917679592008,False
2,log2fc_pos_pre,WOWWOWWO,WOWOOWWO,3,4,-2.1314345162765607,-6.261104025051912,-4.129669508775351,False
2,log2fc_pos_pre,WWWOOWWO,WOWOOWWO,3,4,-5.430049233218094,-6.261104025051912,-0.831054791833818,False
2,log2fc_pos_pre,WOWOWWWW,WOWOOWWW,2,3,-0.7306312205950599,-2.560565571205744,-1.8299343506106842,False
2,log2fc_pos_pre,WOWWOWWW,WOWOOWWW,2,3,-0.9666342077648554,-2.560565571205744,-1.5939313634408885,False
2,log2fc_pos_pre,WWWOOWWW,WOWOOWWW,2,3,-3.4802121607374397,-2.560565571205744,0.9196465895316956,True
2,log2fc_pos_pre,WOWOWOOW,WOWOWOOO,4,5,1.2172613320531005,1.5168449027380129,0.29958357068491237,True
2,log2fc_pos_pre,WOWOWOWO,WOWOWOOO,4,5,-1.4467696393609626,1.5168449027380129,2.9636145420989752,True
2,log2fc_pos_pre,WOWOWWOO,WOWOWOOO,4,5,1.0169819311619832,1.5168449027380129,0.49986297157602966,True
2,log2fc_pos_pre,WOWWWOOO,WOWOWOOO,4,5,0.86856065258186,1.5168449027380129,0.6482842501561529,True
2,log2fc_pos_pre,WWWOWOOO,WOWOWOOO,4,5,0.9606276116720088,1.5168449027380129,0.556217291066004,True
2,log2fc_pos_pre,WOWOWOWW,WOWOWOOW,3,4,-2.1960969791933636,1.2172613320531005,3.413358311246464,True
2,log2fc_pos_pre,WOWOWWOW,WOWOWOOW,3,4,1.170730781297243,1.2172613320531005,0.04653055075585755,True
2,log2fc_pos_pre,WOWWWOOW,WOWOWOOW,3,4,1.468442110777596,1.2172613320531005,-0.2511807787244955,False
2,log2fc_pos_pre,WWWOWOOW,WOWOWOOW,3,4,0.5664831260208875,1.2172613320531005,0.650778206032213,True
2,log2fc_pos_pre,WOWOWOWW,WOWOWOWO,3,4,-2.1960969791933636,-1.4467696393609626,0.749327339832401,True
2,log2fc_pos_pre,WOWOWWWO,WOWOWOWO,3,4,-2.0381863454599043,-1.4467696393609626,0.5914167060989417,True
2,log2fc_pos_pre,WOWWWOWO,WOWOWOWO,3,4,-0.018949466402638,-1.4467696393609626,-1.4278201729583246,False
2,log2fc_pos_pre,WWWOWOWO,WOWOWOWO,3,4,-2.2325728322737417,-1.4467696393609626,0.7858031929127791,True
2,log2fc_pos_pre,WOWOWWWW,WOWOWOWW,2,3,-0.7306312205950599,-2.1960969791933636,-1.4654657585983037,False
2,log2fc_pos_pre,WOWWWOWW,WOWOWOWW,2,3,-0.3724157963346087,-2.1960969791933636,-1.823681182858755,False
2,log2fc_pos_pre,WWWOWOWW,WOWOWOWW,2,3,-2.0863835919557143,-2.1960969791933636,-0.10971338723764923,False
2,log2fc_pos_pre,WOWOWWOW,WOWOWWOO,3,4,1.170730781297243,1.0169819311619832,-0.15374885013525974,False
2,log2fc_pos_pre,WOWOWWWO,WOWOWWOO,3,4,-2.0381863454599043,1.0169819311619832,3.0551682766218873,True
2,log2fc_pos_pre,WOWWWWOO,WOWOWWOO,3,4,1.1217215767241446,1.0169819311619832,-0.10473964556216142,False
2,log2fc_pos_pre,WWWOWWOO,WOWOWWOO,3,4,1.0766162834017476,1.0169819311619832,-0.05963435223976443,False
2,log2fc_pos_pre,WOWOWWWW,WOWOWWOW,2,3,-0.7306312205950599,1.170730781297243,1.901362001892303,True
2,log2fc_pos_pre,WOWWWWOW,WOWOWWOW,2,3,1.1227875135402363,1.170730781297243,0.047943267757006636,True
2,log2fc_pos_pre,WWWOWWOW,WOWOWWOW,2,3,1.494688559435206,1.170730781297243,-0.323957778137963,False
2,log2fc_pos_pre,WOWOWWWW,WOWOWWWO,2,3,-0.7306312205950599,-2.0381863454599043,-1.3075551248648445,False
2,log2fc_pos_pre,WOWWWWWO,WOWOWWWO,2,3,-0.3957463413007264,-2.0381863454599043,-1.642440004159178,False
2,log2fc_pos_pre,WWWOWWWO,WOWOWWWO,2,3,-3.3852425433276867,-2.0381863454599043,1.3470561978677824,True
2,log2fc_pos_pre,WOWWWWWW,WOWOWWWW,1,2,0.6407555703629121,-0.7306312205950599,-1.371386790957972,False
2,log2fc_pos_pre,WWWOWWWW,WOWOWWWW,1,2,-0.6196043072068214,-0.7306312205950599,-0.11102691338823856,False
2,log2fc_pos_pre,WOWWOOOW,WOWWOOOO,4,5,1.425464882371569,2.170765202689809,0.7453003203182402,True
2,log2fc_pos_pre,WOWWOOWO,WOWWOOOO,4,5,-0.02769791664222,2.170765202689809,2.1984631193320294,True
2,log2fc_pos_pre,WOWWOWOO,WOWWOOOO,4,5,1.6137610736406625,2.170765202689809,0.5570041290491468,True
2,log2fc_pos_pre,WOWWWOOO,WOWWOOOO,4,5,0.86856065258186,2.170765202689809,1.302204550107949,True
2,log2fc_pos_pre,WWWWOOOO,WOWWOOOO,4,5,1.5256289141595674,2.170765202689809,0.6451362885302419,True
2,log2fc_pos_pre,WOWWOOWW,WOWWOOOW,3,4,-0.3918360906596638,1.425464882371569,1.8173009730312328,True
2,log2fc_pos_pre,WOWWOWOW,WOWWOOOW,3,4,1.277800501490833,1.425464882371569,0.14766438088073608,True
2,log2fc_pos_pre,WOWWWOOW,WOWWOOOW,3,4,1.468442110777596,1.425464882371569,-0.042977228406027024,False
2,log2fc_pos_pre,WWWWOOOW,WOWWOOOW,3,4,0.707163262986817,1.425464882371569,0.718301619384752,True
2,log2fc_pos_pre,WOWWOOWW,WOWWOOWO,3,4,-0.3918360906596638,-0.02769791664222,0.3641381740174438,True
2,log2fc_pos_pre,WOWWOWWO,WOWWOOWO,3,4,-2.1314345162765607,-0.02769791664222,2.1037365996343405,True
2,log2fc_pos_pre,WOWWWOWO,WOWWOOWO,3,4,-0.018949466402638,-0.02769791664222,-0.008748450239581998,False
2,log2fc_pos_pre,WWWWOOWO,WOWWOOWO,3,4,-0.6362003745592008,-0.02769791664222,0.6085024579169808,True
2,log2fc_pos_pre,WOWWOWWW,WOWWOOWW,2,3,-0.9666342077648554,-0.3918360906596638,0.5747981171051917,True
2,log2fc_pos_pre,WOWWWOWW,WOWWOOWW,2,3,-0.3724157963346087,-0.3918360906596638,-0.0194202943250551,False
2,log2fc_pos_pre,WWWWOOWW,WOWWOOWW,2,3,-2.6752712566553227,-0.3918360906596638,2.283435165995659,True
2,log2fc_pos_pre,WOWWOWOW,WOWWOWOO,3,4,1.277800501490833,1.6137610736406625,0.33596057214982955,True
2,log2fc_pos_pre,WOWWOWWO,WOWWOWOO,3,4,-2.1314345162765607,1.6137610736406625,3.7451955899172233,True
2,log2fc_pos_pre,WOWWWWOO,WOWWOWOO,3,4,1.1217215767241446,1.6137610736406625,0.4920394969165178,True
2,log2fc_pos_pre,WWWWOWOO,WOWWOWOO,3,4,1.3137371764539791,1.6137610736406625,0.3000238971866833,True
2,log2fc_pos_pre,WOWWOWWW,WOWWOWOW,2,3,-0.9666342077648554,1.277800501490833,2.2444347092556884,True
2,log2fc_pos_pre,WOWWWWOW,WOWWOWOW,2,3,1.1227875135402363,1.277800501490833,0.1550129879505966,True
2,log2fc_pos_pre,WWWWOWOW,WOWWOWOW,2,3,0.674007114354094,1.277800501490833,0.6037933871367389,True
2,log2fc_pos_pre,WOWWOWWW,WOWWOWWO,2,3,-0.9666342077648554,-2.1314345162765607,-1.1648003085117051,False
2,log2fc_pos_pre,WOWWWWWO,WOWWOWWO,2,3,-0.3957463413007264,-2.1314345162765607,-1.7356881749758344,False
2,log2fc_pos_pre,WWWWOWWO,WOWWOWWO,2,3,-4.267335835283867,-2.1314345162765607,2.1359013190073064,True
2,log2fc_pos_pre,WOWWWWWW,WOWWOWWW,1,2,0.6407555703629121,-0.9666342077648554,-1.6073897781277675,False
2,log2fc_pos_pre,WWWWOWWW,WOWWOWWW,1,2,-0.6896913529901364,-0.9666342077648554,-0.276942854774719,False
2,log2fc_pos_pre,WOWWWOOW,WOWWWOOO,3,4,1.468442110777596,0.86856065258186,-0.599881458195736,False
2,log2fc_pos_pre,WOWWWOWO,WOWWWOOO,3,4,-0.018949466402638,0.86856065258186,0.8875101189844979,True
2,log2fc_pos_pre,WOWWWWOO,WOWWWOOO,3,4,1.1217215767241446,0.86856065258186,-0.25316092414228464,False
2,log2fc_pos_pre,WWWWWOOO,WOWWWOOO,3,4,0.7652328045464428,0.86856065258186,0.10332784803541717,True
2,log2fc_pos_pre,WOWWWOWW,WOWWWOOW,2,3,-0.3724157963346087,1.468442110777596,1.8408579071122046,True
2,log2fc_pos_pre,WOWWWWOW,WOWWWOOW,2,3,1.1227875135402363,1.468442110777596,0.3456545972373597,True
2,log2fc_pos_pre,WWWWWOOW,WOWWWOOW,2,3,0.9461734375298332,1.468442110777596,0.5222686732477628,True
2,log2fc_pos_pre,WOWWWOWW,WOWWWOWO,2,3,-0.3724157963346087,-0.018949466402638,0.3534663299319707,True
2,log2fc_pos_pre,WOWWWWWO,WOWWWOWO,2,3,-0.3957463413007264,-0.018949466402638,0.3767968748980884,True
2,log2fc_pos_pre,WWWWWOWO,WOWWWOWO,2,3,-1.5968557220614896,-0.018949466402638,1.5779062556588517,True
2,log2fc_pos_pre,WOWWWWWW,WOWWWOWW,1,2,0.6407555703629121,-0.3724157963346087,-1.0131713666975208,False
2,log2fc_pos_pre,WWWWWOWW,WOWWWOWW,1,2,-1.073714513037028,-0.3724157963346087,0.7012987167024194,True
2,log2fc_pos_pre,WOWWWWOW,WOWWWWOO,2,3,1.1227875135402363,1.1217215767241446,-0.0010659368160916838,False
2,log2fc_pos_pre,WOWWWWWO,WOWWWWOO,2,3,-0.3957463413007264,1.1217215767241446,1.5174679180248711,True
2,log2fc_pos_pre,WWWWWWOO,WOWWWWOO,2,3,0.9028262910866948,1.1217215767241446,0.21889528563744987,True
2,log2fc_pos_pre,WOWWWWWW,WOWWWWOW,1,2,0.6407555703629121,1.1227875135402363,0.48203194317732423,True
2,log2fc_pos_pre,WWWWWWOW,WOWWWWOW,1,2,1.00305648113259,1.1227875135402363,0.11973103240764638,True
2,log2fc_pos_pre,WOWWWWWW,WOWWWWWO,1,2,0.6407555703629121,-0.3957463413007264,-1.0365019116636385,False
2,log2fc_pos_pre,WWWWWWWO,WOWWWWWO,1,2,-0.7389484182957371,-0.3957463413007264,0.3432020769950107,True
2,log2fc_pos_pre,WWWWWWWW,WOWWWWWW,0,1,0.50764062132486,0.6407555703629121,0.1331149490380521,True
2,log2fc_pos_pre,WWOOOOOW,WWOOOOOO,5,6,0.6728394402028098,1.60174616277224,0.9289067225694302,True
2,log2fc_pos_pre,WWOOOOWO,WWOOOOOO,5,6,-3.171664607913643,1.60174616277224,4.773410770685883,True
2,log2fc_pos_pre,WWOOOWOO,WWOOOOOO,5,6,-0.0646301373346439,1.60174616277224,1.6663763001068839,True
2,log2fc_pos_pre,WWOOWOOO,WWOOOOOO,5,6,2.209408937618519,1.60174616277224,-0.6076627748462791,False
2,log2fc_pos_pre,WWOWOOOO,WWOOOOOO,5,6,0.6235552498774489,1.60174616277224,0.9781909128947911,True
2,log2fc_pos_pre,WWWOOOOO,WWOOOOOO,5,6,1.8876934698879448,1.60174616277224,-0.2859473071157048,False
2,log2fc_pos_pre,WWOOOOWW,WWOOOOOW,4,5,-4.424354907196211,0.6728394402028098,5.097194347399021,True
2,log2fc_pos_pre,WWOOOWOW,WWOOOOOW,4,5,0.2259696068169799,0.6728394402028098,0.44686983338583,True
2,log2fc_pos_pre,WWOOWOOW,WWOOOOOW,4,5,-0.2243960021508056,0.6728394402028098,0.8972354423536154,True
2,log2fc_pos_pre,WWOWOOOW,WWOOOOOW,4,5,0.6737297893983053,0.6728394402028098,-0.0008903491954954657,False
2,log2fc_pos_pre,WWWOOOOW,WWOOOOOW,4,5,0.0164288847193479,0.6728394402028098,0.6564105554834619,True
2,log2fc_pos_pre,WWOOOOWW,WWOOOOWO,4,5,-4.424354907196211,-3.171664607913643,1.252690299282568,True
2,log2fc_pos_pre,WWOOOWWO,WWOOOOWO,4,5,-2.77858936381421,-3.171664607913643,-0.39307524409943273,False
2,log2fc_pos_pre,WWOOWOWO,WWOOOOWO,4,5,-1.5502765864653307,-3.171664607913643,-1.621388021448312,False
2,log2fc_pos_pre,WWOWOOWO,WWOOOOWO,4,5,-1.309076307949005,-3.171664607913643,-1.8625882999646377,False
2,log2fc_pos_pre,WWWOOOWO,WWOOOOWO,4,5,-1.855884159985045,-3.171664607913643,-1.3157804479285977,False
2,log2fc_pos_pre,WWOOOWWW,WWOOOOWW,3,4,-3.903245479381664,-4.424354907196211,-0.5211094278145465,False
2,log2fc_pos_pre,WWOOWOWW,WWOOOOWW,3,4,-3.8249059321382313,-4.424354907196211,-0.5994489750579794,False
2,log2fc_pos_pre,WWOWOOWW,WWOOOOWW,3,4,-3.2074306505942856,-4.424354907196211,-1.2169242566019252,False
2,log2fc_pos_pre,WWWOOOWW,WWOOOOWW,3,4,-3.712774622119903,-4.424354907196211,-0.7115802850763076,False
2,log2fc_pos_pre,WWOOOWOW,WWOOOWOO,4,5,0.2259696068169799,-0.0646301373346439,-0.2905997441516238,False
2,log2fc_pos_pre,WWOOOWWO,WWOOOWOO,4,5,-2.77858936381421,-0.0646301373346439,2.7139592264795662,True
2,log2fc_pos_pre,WWOOWWOO,WWOOOWOO,4,5,0.1961623270234298,-0.0646301373346439,-0.2607924643580737,False
2,log2fc_pos_pre,WWOWOWOO,WWOOOWOO,4,5,-0.3732010441853395,-0.0646301373346439,0.3085709068506956,True
2,log2fc_pos_pre,WWWOOWOO,WWOOOWOO,4,5,0.3122105603910067,-0.0646301373346439,-0.3768406977256506,False
2,log2fc_pos_pre,WWOOOWWW,WWOOOWOW,3,4,-3.903245479381664,0.2259696068169799,4.129215086198644,True
2,log2fc_pos_pre,WWOOWWOW,WWOOOWOW,3,4,0.5184725733615192,0.2259696068169799,-0.29250296654453933,False
2,log2fc_pos_pre,WWOWOWOW,WWOOOWOW,3,4,0.2235205794137702,0.2259696068169799,0.0024490274032096804,True
2,log2fc_pos_pre,WWWOOWOW,WWOOOWOW,3,4,0.7232125503647728,0.2259696068169799,-0.49724294354779297,False
2,log2fc_pos_pre,WWOOOWWW,WWOOOWWO,3,4,-3.903245479381664,-2.77858936381421,1.1246561155674542,True
2,log2fc_pos_pre,WWOOWWWO,WWOOOWWO,3,4,-2.346696281998953,-2.77858936381421,-0.4318930818152569,False
2,log2fc_pos_pre,WWOWOWWO,WWOOOWWO,3,4,-4.669019397013351,-2.77858936381421,1.8904300331991406,True
2,log2fc_pos_pre,WWWOOWWO,WWOOOWWO,3,4,-5.430049233218094,-2.77858936381421,2.651459869403884,True
2,log2fc_pos_pre,WWOOWWWW,WWOOOWWW,2,3,-0.4111044855585918,-3.903245479381664,-3.4921409938230723,False
2,log2fc_pos_pre,WWOWOWWW,WWOOOWWW,2,3,-2.1217624892590967,-3.903245479381664,-1.7814829901225675,False
2,log2fc_pos_pre,WWWOOWWW,WWOOOWWW,2,3,-3.4802121607374397,-3.903245479381664,-0.42303331864422455,False
2,log2fc_pos_pre,WWOOWOOW,WWOOWOOO,4,5,-0.2243960021508056,2.209408937618519,2.433804939769325,True
2,log2fc_pos_pre,WWOOWOWO,WWOOWOOO,4,5,-1.5502765864653307,2.209408937618519,3.75968552408385,True
2,log2fc_pos_pre,WWOOWWOO,WWOOWOOO,4,5,0.1961623270234298,2.209408937618519,2.0132466105950892,True
2,log2fc_pos_pre,WWOWWOOO,WWOOWOOO,4,5,-0.9746164086891024,2.209408937618519,3.1840253463076214,True
2,log2fc_pos_pre,WWWOWOOO,WWOOWOOO,4,5,0.9606276116720088,2.209408937618519,1.2487813259465104,True
2,log2fc_pos_pre,WWOOWOWW,WWOOWOOW,3,4,-3.8249059321382313,-0.2243960021508056,3.6005099299874255,True
2,log2fc_pos_pre,WWOOWWOW,WWOOWOOW,3,4,0.5184725733615192,-0.2243960021508056,-0.7428685755123248,False
2,log2fc_pos_pre,WWOWWOOW,WWOOWOOW,3,4,-0.8547689922174944,-0.2243960021508056,0.6303729900666888,True
2,log2fc_pos_pre,WWWOWOOW,WWOOWOOW,3,4,0.5664831260208875,-0.2243960021508056,-0.790879128171693,False
2,log2fc_pos_pre,WWOOWOWW,WWOOWOWO,3,4,-3.8249059321382313,-1.5502765864653307,2.2746293456729005,True
2,log2fc_pos_pre,WWOOWWWO,WWOOWOWO,3,4,-2.346696281998953,-1.5502765864653307,0.7964196955336225,True
2,log2fc_pos_pre,WWOWWOWO,WWOOWOWO,3,4,-1.567295508056178,-1.5502765864653307,0.01701892159084717,True
2,log2fc_pos_pre,WWWOWOWO,WWOOWOWO,3,4,-2.2325728322737417,-1.5502765864653307,0.682296245808411,True
2,log2fc_pos_pre,WWOOWWWW,WWOOWOWW,2,3,-0.4111044855585918,-3.8249059321382313,-3.4138014465796394,False
2,log2fc_pos_pre,WWOWWOWW,WWOOWOWW,2,3,-2.0459920386216757,-3.8249059321382313,-1.7789138935165556,False
2,log2fc_pos_pre,WWWOWOWW,WWOOWOWW,2,3,-2.0863835919557143,-3.8249059321382313,-1.738522340182517,False
2,log2fc_pos_pre,WWOOWWOW,WWOOWWOO,3,4,0.5184725733615192,0.1961623270234298,-0.32231024633808936,False
2,log2fc_pos_pre,WWOOWWWO,WWOOWWOO,3,4,-2.346696281998953,0.1961623270234298,2.542858609022383,True
2,log2fc_pos_pre,WWOWWWOO,WWOOWWOO,3,4,-0.1716737520810894,0.1961623270234298,0.3678360791045192,True
2,log2fc_pos_pre,WWWOWWOO,WWOOWWOO,3,4,1.0766162834017476,0.1961623270234298,-0.8804539563783178,False
2,log2fc_pos_pre,WWOOWWWW,WWOOWWOW,2,3,-0.4111044855585918,0.5184725733615192,0.929577058920111,True
2,log2fc_pos_pre,WWOWWWOW,WWOOWWOW,2,3,-0.412129603701872,0.5184725733615192,0.9306021770633912,True
2,log2fc_pos_pre,WWWOWWOW,WWOOWWOW,2,3,1.494688559435206,0.5184725733615192,-0.9762159860736868,False
2,log2fc_pos_pre,WWOOWWWW,WWOOWWWO,2,3,-0.4111044855585918,-2.346696281998953,-1.9355917964403613,False
2,log2fc_pos_pre,WWOWWWWO,WWOOWWWO,2,3,-2.13882675181199,-2.346696281998953,-0.2078695301869633,False
2,log2fc_pos_pre,WWWOWWWO,WWOOWWWO,2,3,-3.3852425433276867,-2.346696281998953,1.0385462613287335,True
2,log2fc_pos_pre,WWOWWWWW,WWOOWWWW,1,2,0.4914996940057179,-0.4111044855585918,-0.9026041795643097,False
2,log2fc_pos_pre,WWWOWWWW,WWOOWWWW,1,2,-0.6196043072068214,-0.4111044855585918,0.20849982164822956,True
2,log2fc_pos_pre,WWOWOOOW,WWOWOOOO,4,5,0.6737297893983053,0.6235552498774489,-0.050174539520856376,False
2,log2fc_pos_pre,WWOWOOWO,WWOWOOOO,4,5,-1.309076307949005,0.6235552498774489,1.9326315578264541,True
2,log2fc_pos_pre,WWOWOWOO,WWOWOOOO,4,5,-0.3732010441853395,0.6235552498774489,0.9967562940627884,True
2,log2fc_pos_pre,WWOWWOOO,WWOWOOOO,4,5,-0.9746164086891024,0.6235552498774489,1.5981716585665513,True
2,log2fc_pos_pre,WWWWOOOO,WWOWOOOO,4,5,1.5256289141595674,0.6235552498774489,-0.9020736642821184,False
2,log2fc_pos_pre,WWOWOOWW,WWOWOOOW,3,4,-3.2074306505942856,0.6737297893983053,3.8811604399925907,True
2,log2fc_pos_pre,WWOWOWOW,WWOWOOOW,3,4,0.2235205794137702,0.6737297893983053,0.45020920998453506,True
2,log2fc_pos_pre,WWOWWOOW,WWOWOOOW,3,4,-0.8547689922174944,0.6737297893983053,1.5284987816157996,True
2,log2fc_pos_pre,WWWWOOOW,WWOWOOOW,3,4,0.707163262986817,0.6737297893983053,-0.033433473588511675,False
2,log2fc_pos_pre,WWOWOOWW,WWOWOOWO,3,4,-3.2074306505942856,-1.309076307949005,1.8983543426452805,True
2,log2fc_pos_pre,WWOWOWWO,WWOWOOWO,3,4,-4.669019397013351,-1.309076307949005,3.3599430890643456,True
2,log2fc_pos_pre,WWOWWOWO,WWOWOOWO,3,4,-1.567295508056178,-1.309076307949005,0.2582192001071728,True
2,log2fc_pos_pre,WWWWOOWO,WWOWOOWO,3,4,-0.6362003745592008,-1.309076307949005,-0.6728759333898043,False
2,log2fc_pos_pre,WWOWOWWW,WWOWOOWW,2,3,-2.1217624892590967,-3.2074306505942856,-1.0856681613351888,False
2,log2fc_pos_pre,WWOWWOWW,WWOWOOWW,2,3,-2.0459920386216757,-3.2074306505942856,-1.16143861197261,False
2,log2fc_pos_pre,WWWWOOWW,WWOWOOWW,2,3,-2.6752712566553227,-3.2074306505942856,-0.5321593939389628,False
2,log2fc_pos_pre,WWOWOWOW,WWOWOWOO,3,4,0.2235205794137702,-0.3732010441853395,-0.5967216235991097,False
2,log2fc_pos_pre,WWOWOWWO,WWOWOWOO,3,4,-4.669019397013351,-0.3732010441853395,4.295818352828011,True
2,log2fc_pos_pre,WWOWWWOO,WWOWOWOO,3,4,-0.1716737520810894,-0.3732010441853395,-0.2015272921042501,False
2,log2fc_pos_pre,WWWWOWOO,WWOWOWOO,3,4,1.3137371764539791,-0.3732010441853395,-1.6869382206393186,False
2,log2fc_pos_pre,WWOWOWWW,WWOWOWOW,2,3,-2.1217624892590967,0.2235205794137702,2.3452830686728667,True
2,log2fc_pos_pre,WWOWWWOW,WWOWOWOW,2,3,-0.412129603701872,0.2235205794137702,0.6356501831156423,True
2,log2fc_pos_pre,WWWWOWOW,WWOWOWOW,2,3,0.674007114354094,0.2235205794137702,-0.45048653494032376,False
2,log2fc_pos_pre,WWOWOWWW,WWOWOWWO,2,3,-2.1217624892590967,-4.669019397013351,-2.547256907754254,False
2,log2fc_pos_pre,WWOWWWWO,WWOWOWWO,2,3,-2.13882675181199,-4.669019397013351,-2.530192645201361,False
2,log2fc_pos_pre,WWWWOWWO,WWOWOWWO,2,3,-4.267335835283867,-4.669019397013351,-0.4016835617294836,False
2,log2fc_pos_pre,WWOWWWWW,WWOWOWWW,1,2,0.4914996940057179,-2.1217624892590967,-2.6132621832648146,False
2,log2fc_pos_pre,WWWWOWWW,WWOWOWWW,1,2,-0.6896913529901364,-2.1217624892590967,-1.4320711362689602,False
2,log2fc_pos_pre,WWOWWOOW,WWOWWOOO,3,4,-0.8547689922174944,-0.9746164086891024,-0.11984741647160801,False
2,log2fc_pos_pre,WWOWWOWO,WWOWWOOO,3,4,-1.567295508056178,-0.9746164086891024,0.5926790993670755,True
2,log2fc_pos_pre,WWOWWWOO,WWOWWOOO,3,4,-0.1716737520810894,-0.9746164086891024,-0.802942656608013,False
2,log2fc_pos_pre,WWWWWOOO,WWOWWOOO,3,4,0.7652328045464428,-0.9746164086891024,-1.7398492132355452,False
2,log2fc_pos_pre,WWOWWOWW,WWOWWOOW,2,3,-2.0459920386216757,-0.8547689922174944,1.1912230464041813,True
2,log2fc_pos_pre,WWOWWWOW,WWOWWOOW,2,3,-0.412129603701872,-0.8547689922174944,-0.44263938851562235,False
2,log2fc_pos_pre,WWWWWOOW,WWOWWOOW,2,3,0.9461734375298332,-0.8547689922174944,-1.8009424297473275,False
2,log2fc_pos_pre,WWOWWOWW,WWOWWOWO,2,3,-2.0459920386216757,-1.567295508056178,0.47869653056549777,True
2,log2fc_pos_pre,WWOWWWWO,WWOWWOWO,2,3,-2.13882675181199,-1.567295508056178,0.571531243755812,True
2,log2fc_pos_pre,WWWWWOWO,WWOWWOWO,2,3,-1.5968557220614896,-1.567295508056178,0.029560214005311725,True
2,log2fc_pos_pre,WWOWWWWW,WWOWWOWW,1,2,0.4914996940057179,-2.0459920386216757,-2.5374917326273936,False
2,log2fc_pos_pre,WWWWWOWW,WWOWWOWW,1,2,-1.073714513037028,-2.0459920386216757,-0.9722775255846476,False
2,log2fc_pos_pre,WWOWWWOW,WWOWWWOO,2,3,-0.412129603701872,-0.1716737520810894,0.24045585162078262,True
2,log2fc_pos_pre,WWOWWWWO,WWOWWWOO,2,3,-2.13882675181199,-0.1716737520810894,1.9671529997309005,True
2,log2fc_pos_pre,WWWWWWOO,WWOWWWOO,2,3,0.9028262910866948,-0.1716737520810894,-1.0745000431677842,False
2,log2fc_pos_pre,WWOWWWWW,WWOWWWOW,1,2,0.4914996940057179,-0.412129603701872,-0.9036292977075899,False
2,log2fc_pos_pre,WWWWWWOW,WWOWWWOW,1,2,1.00305648113259,-0.412129603701872,-1.415186084834462,False
2,log2fc_pos_pre,WWOWWWWW,WWOWWWWO,1,2,0.4914996940057179,-2.13882675181199,-2.630326445817708,False
2,log2fc_pos_pre,WWWWWWWO,WWOWWWWO,1,2,-0.7389484182957371,-2.13882675181199,-1.3998783335162528,False
2,log2fc_pos_pre,WWWWWWWW,WWOWWWWW,0,1,0.50764062132486,0.4914996940057179,-0.016140927319142073,False
2,log2fc_pos_pre,WWWOOOOW,WWWOOOOO,4,5,0.0164288847193479,1.8876934698879448,1.871264585168597,True
2,log2fc_pos_pre,WWWOOOWO,WWWOOOOO,4,5,-1.855884159985045,1.8876934698879448,3.74357762987299,True
2,log2fc_pos_pre,WWWOOWOO,WWWOOOOO,4,5,0.3122105603910067,1.8876934698879448,1.5754829094969383,True
2,log2fc_pos_pre,WWWOWOOO,WWWOOOOO,4,5,0.9606276116720088,1.8876934698879448,0.927065858215936,True
2,log2fc_pos_pre,WWWWOOOO,WWWOOOOO,4,5,1.5256289141595674,1.8876934698879448,0.3620645557283775,True
2,log2fc_pos_pre,WWWOOOWW,WWWOOOOW,3,4,-3.712774622119903,0.0164288847193479,3.729203506839251,True
2,log2fc_pos_pre,WWWOOWOW,WWWOOOOW,3,4,0.7232125503647728,0.0164288847193479,-0.7067836656454249,False
2,log2fc_pos_pre,WWWOWOOW,WWWOOOOW,3,4,0.5664831260208875,0.0164288847193479,-0.5500542413015396,False
2,log2fc_pos_pre,WWWWOOOW,WWWOOOOW,3,4,0.707163262986817,0.0164288847193479,-0.6907343782674691,False
2,log2fc_pos_pre,WWWOOOWW,WWWOOOWO,3,4,-3.712774622119903,-1.855884159985045,1.856890462134858,True
2,log2fc_pos_pre,WWWOOWWO,WWWOOOWO,3,4,-5.430049233218094,-1.855884159985045,3.5741650732330488,True
2,log2fc_pos_pre,WWWOWOWO,WWWOOOWO,3,4,-2.2325728322737417,-1.855884159985045,0.3766886722886966,True
2,log2fc_pos_pre,WWWWOOWO,WWWOOOWO,3,4,-0.6362003745592008,-1.855884159985045,-1.2196837854258442,False
2,log2fc_pos_pre,WWWOOWWW,WWWOOOWW,2,3,-3.4802121607374397,-3.712774622119903,-0.2325624613824635,False
2,log2fc_pos_pre,WWWOWOWW,WWWOOOWW,2,3,-2.0863835919557143,-3.712774622119903,-1.6263910301641888,False
2,log2fc_pos_pre,WWWWOOWW,WWWOOOWW,2,3,-2.6752712566553227,-3.712774622119903,-1.0375033654645804,False
2,log2fc_pos_pre,WWWOOWOW,WWWOOWOO,3,4,0.7232125503647728,0.3122105603910067,-0.41100198997376614,False
2,log2fc_pos_pre,WWWOOWWO,WWWOOWOO,3,4,-5.430049233218094,0.3122105603910067,5.742259793609101,True
2,log2fc_pos_pre,WWWOWWOO,WWWOOWOO,3,4,1.0766162834017476,0.3122105603910067,-0.764405723010741,False
2,log2fc_pos_pre,WWWWOWOO,WWWOOWOO,3,4,1.3137371764539791,0.3122105603910067,-1.0015266160629723,False
2,log2fc_pos_pre,WWWOOWWW,WWWOOWOW,2,3,-3.4802121607374397,0.7232125503647728,4.203424711102213,True
2,log2fc_pos_pre,WWWOWWOW,WWWOOWOW,2,3,1.494688559435206,0.7232125503647728,-0.7714760090704331,False
2,log2fc_pos_pre,WWWWOWOW,WWWOOWOW,2,3,0.674007114354094,0.7232125503647728,0.04920543601067884,True
2,log2fc_pos_pre,WWWOOWWW,WWWOOWWO,2,3,-3.4802121607374397,-5.430049233218094,-1.9498370724806544,False
2,log2fc_pos_pre,WWWOWWWO,WWWOOWWO,2,3,-3.3852425433276867,-5.430049233218094,-2.0448066898904074,False
2,log2fc_pos_pre,WWWWOWWO,WWWOOWWO,2,3,-4.267335835283867,-5.430049233218094,-1.162713397934227,False
2,log2fc_pos_pre,WWWOWWWW,WWWOOWWW,1,2,-0.6196043072068214,-3.4802121607374397,-2.8606078535306185,False
2,log2fc_pos_pre,WWWWOWWW,WWWOOWWW,1,2,-0.6896913529901364,-3.4802121607374397,-2.790520807747303,False
2,log2fc_pos_pre,WWWOWOOW,WWWOWOOO,3,4,0.5664831260208875,0.9606276116720088,0.39414448565112137,True
2,log2fc_pos_pre,WWWOWOWO,WWWOWOOO,3,4,-2.2325728322737417,0.9606276116720088,3.1932004439457504,True
2,log2fc_pos_pre,WWWOWWOO,WWWOWOOO,3,4,1.0766162834017476,0.9606276116720088,-0.11598867172973881,False
2,log2fc_pos_pre,WWWWWOOO,WWWOWOOO,3,4,0.7652328045464428,0.9606276116720088,0.195394807125566,True
2,log2fc_pos_pre,WWWOWOWW,WWWOWOOW,2,3,-2.0863835919557143,0.5664831260208875,2.6528667179766017,True
2,log2fc_pos_pre,WWWOWWOW,WWWOWOOW,2,3,1.494688559435206,0.5664831260208875,-0.9282054334143185,False
2,log2fc_pos_pre,WWWWWOOW,WWWOWOOW,2,3,0.9461734375298332,0.5664831260208875,-0.3796903115089457,False
2,log2fc_pos_pre,WWWOWOWW,WWWOWOWO,2,3,-2.0863835919557143,-2.2325728322737417,-0.14618924031802738,False
2,log2fc_pos_pre,WWWOWWWO,WWWOWOWO,2,3,-3.3852425433276867,-2.2325728322737417,1.152669711053945,True
2,log2fc_pos_pre,WWWWWOWO,WWWOWOWO,2,3,-1.5968557220614896,-2.2325728322737417,-0.6357171102122521,False
2,log2fc_pos_pre,WWWOWWWW,WWWOWOWW,1,2,-0.6196043072068214,-2.0863835919557143,-1.466779284748893,False
2,log2fc_pos_pre,WWWWWOWW,WWWOWOWW,1,2,-1.073714513037028,-2.0863835919557143,-1.0126690789186863,False
2,log2fc_pos_pre,WWWOWWOW,WWWOWWOO,2,3,1.494688559435206,1.0766162834017476,-0.4180722760334583,False
2,log2fc_pos_pre,WWWOWWWO,WWWOWWOO,2,3,-3.3852425433276867,1.0766162834017476,4.461858826729435,True
2,log2fc_pos_pre,WWWWWWOO,WWWOWWOO,2,3,0.9028262910866948,1.0766162834017476,0.17378999231505288,True
2,log2fc_pos_pre,WWWOWWWW,WWWOWWOW,1,2,-0.6196043072068214,1.494688559435206,2.1142928666420273,True
2,log2fc_pos_pre,WWWWWWOW,WWWOWWOW,1,2,1.00305648113259,1.494688559435206,0.491632078302616,True
2,log2fc_pos_pre,WWWOWWWW,WWWOWWWO,1,2,-0.6196043072068214,-3.3852425433276867,-2.765638236120865,False
2,log2fc_pos_pre,WWWWWWWO,WWWOWWWO,1,2,-0.7389484182957371,-3.3852425433276867,-2.6462941250319494,False
2,log2fc_pos_pre,WWWWWWWW,WWWOWWWW,0,1,0.50764062132486,-0.6196043072068214,-1.1272449285316815,False
2,log2fc_pos_pre,WWWWOOOW,WWWWOOOO,3,4,0.707163262986817,1.5256289141595674,0.8184656511727504,True
2,log2fc_pos_pre,WWWWOOWO,WWWWOOOO,3,4,-0.6362003745592008,1.5256289141595674,2.161829288718768,True
2,log2fc_pos_pre,WWWWOWOO,WWWWOOOO,3,4,1.3137371764539791,1.5256289141595674,0.21189173770558822,True
2,log2fc_pos_pre,WWWWWOOO,WWWWOOOO,3,4,0.7652328045464428,1.5256289141595674,0.7603961096131245,True
2,log2fc_pos_pre,WWWWOOWW,WWWWOOOW,2,3,-2.6752712566553227,0.707163262986817,3.38243451964214,True
2,log2fc_pos_pre,WWWWOWOW,WWWWOOOW,2,3,0.674007114354094,0.707163262986817,0.03315614863272298,True
2,log2fc_pos_pre,WWWWWOOW,WWWWOOOW,2,3,0.9461734375298332,0.707163262986817,-0.2390101745430162,False
2,log2fc_pos_pre,WWWWOOWW,WWWWOOWO,2,3,-2.6752712566553227,-0.6362003745592008,2.039070882096122,True
2,log2fc_pos_pre,WWWWOWWO,WWWWOOWO,2,3,-4.267335835283867,-0.6362003745592008,3.6311354607246664,True
2,log2fc_pos_pre,WWWWWOWO,WWWWOOWO,2,3,-1.5968557220614896,-0.6362003745592008,0.9606553475022889,True
2,log2fc_pos_pre,WWWWOWWW,WWWWOOWW,1,2,-0.6896913529901364,-2.6752712566553227,-1.9855799036651862,False
2,log2fc_pos_pre,WWWWWOWW,WWWWOOWW,1,2,-1.073714513037028,-2.6752712566553227,-1.6015567436182947,False
2,log2fc_pos_pre,WWWWOWOW,WWWWOWOO,2,3,0.674007114354094,1.3137371764539791,0.6397300620998851,True
2,log2fc_pos_pre,WWWWOWWO,WWWWOWOO,2,3,-4.267335835283867,1.3137371764539791,5.581073011737846,True
2,log2fc_pos_pre,WWWWWWOO,WWWWOWOO,2,3,0.9028262910866948,1.3137371764539791,0.4109108853672844,True
2,log2fc_pos_pre,WWWWOWWW,WWWWOWOW,1,2,-0.6896913529901364,0.674007114354094,1.3636984673442303,True
2,log2fc_pos_pre,WWWWWWOW,WWWWOWOW,1,2,1.00305648113259,0.674007114354094,-0.32904936677849594,False
2,log2fc_pos_pre,WWWWOWWW,WWWWOWWO,1,2,-0.6896913529901364,-4.267335835283867,-3.5776444822937306,False
2,log2fc_pos_pre,WWWWWWWO,WWWWOWWO,1,2,-0.7389484182957371,-4.267335835283867,-3.5283874169881297,False
2,log2fc_pos_pre,WWWWWWWW,WWWWOWWW,0,1,0.50764062132486,-0.6896913529901364,-1.1973319743149964,False
2,log2fc_pos_pre,WWWWWOOW,WWWWWOOO,2,3,0.9461734375298332,0.7652328045464428,-0.18094063298339036,False
2,log2fc_pos_pre,WWWWWOWO,WWWWWOOO,2,3,-1.5968557220614896,0.7652328045464428,2.3620885266079323,True
2,log2fc_pos_pre,WWWWWWOO,WWWWWOOO,2,3,0.9028262910866948,0.7652328045464428,-0.13759348654025194,False
2,log2fc_pos_pre,WWWWWOWW,WWWWWOOW,1,2,-1.073714513037028,0.9461734375298332,2.0198879505668614,True
2,log2fc_pos_pre,WWWWWWOW,WWWWWOOW,1,2,1.00305648113259,0.9461734375298332,-0.056883043602756755,False
2,log2fc_pos_pre,WWWWWOWW,WWWWWOWO,1,2,-1.073714513037028,-1.5968557220614896,-0.5231412090244616,False
2,log2fc_pos_pre,WWWWWWWO,WWWWWOWO,1,2,-0.7389484182957371,-1.5968557220614896,-0.8579073037657525,False
2,log2fc_pos_pre,WWWWWWWW,WWWWWOWW,0,1,0.50764062132486,-1.073714513037028,-1.5813551343618881,False
2,log2fc_pos_pre,WWWWWWOW,WWWWWWOO,1,2,1.00305648113259,0.9028262910866948,-0.10023019004589517,False
2,log2fc_pos_pre,WWWWWWWO,WWWWWWOO,1,2,-0.7389484182957371,0.9028262910866948,1.6417747093824318,True
2,log2fc_pos_pre,WWWWWWWW,WWWWWWOW,0,1,0.50764062132486,1.00305648113259,0.49541585980772995,True
2,log2fc_pos_pre,WWWWWWWW,WWWWWWWO,0,1,0.50764062132486,-0.7389484182957371,-1.2465890396205972,False
3,log2fc_pos_pre,OOOOOOOW,OOOOOOOO,7,8,-0.191209402387021,1.4492007362915265,1.6404101386785475,True
3,log2fc_pos_pre,OOOOOOWO,OOOOOOOO,7,8,0.2653516425171862,1.4492007362915265,1.1838490937743402,True
3,log2fc_pos_pre,OOOOOWOO,OOOOOOOO,7,8,1.0755480565113884,1.4492007362915265,0.37365267978013805,True
3,log2fc_pos_pre,OOOOWOOO,OOOOOOOO,7,8,1.0160768929040809,1.4492007362915265,0.4331238433874456,True
3,log2fc_pos_pre,OOOWOOOO,OOOOOOOO,7,8,0.576127443371019,1.4492007362915265,0.8730732929205075,True
3,log2fc_pos_pre,OOWOOOOO,OOOOOOOO,7,8,2.056904415400429,1.4492007362915265,-0.6077036791089026,False
3,log2fc_pos_pre,OWOOOOOO,OOOOOOOO,7,8,0.4096801041624402,1.4492007362915265,1.0395206321290862,True
3,log2fc_pos_pre,WOOOOOOO,OOOOOOOO,7,8,1.3454902480254758,1.4492007362915265,0.10371048826605067,True
3,log2fc_pos_pre,OOOOOOWW,OOOOOOOW,6,7,-0.955747929745652,-0.191209402387021,0.764538527358631,True
3,log2fc_pos_pre,OOOOOWOW,OOOOOOOW,6,7,-0.4897099447415111,-0.191209402387021,0.2985005423544901,True
3,log2fc_pos_pre,OOOOWOOW,OOOOOOOW,6,7,-0.4678638250077003,-0.191209402387021,0.2766544226206793,True
3,log2fc_pos_pre,OOOWOOOW,OOOOOOOW,6,7,-0.7999975568579011,-0.191209402387021,0.6087881544708801,True
3,log2fc_pos_pre,OOWOOOOW,OOOOOOOW,6,7,-0.2347191353326453,-0.191209402387021,0.043509732945624296,True
3,log2fc_pos_pre,OWOOOOOW,OOOOOOOW,6,7,1.055845170968703,-0.191209402387021,-1.247054573355724,False
3,log2fc_pos_pre,WOOOOOOW,OOOOOOOW,6,7,-0.3578107045965205,-0.191209402387021,0.16660130220949948,True
3,log2fc_pos_pre,OOOOOOWW,OOOOOOWO,6,7,-0.955747929745652,0.2653516425171862,1.2210995722628382,True
3,log2fc_pos_pre,OOOOOWWO,OOOOOOWO,6,7,-0.5422167811546995,0.2653516425171862,0.8075684236718856,True
3,log2fc_pos_pre,OOOOWOWO,OOOOOOWO,6,7,0.7698384871048852,0.2653516425171862,-0.5044868445876991,False
3,log2fc_pos_pre,OOOWOOWO,OOOOOOWO,6,7,0.1845332824680917,0.2653516425171862,0.08081836004909448,True
3,log2fc_pos_pre,OOWOOOWO,OOOOOOWO,6,7,-0.159096264312057,0.2653516425171862,0.42444790682924316,True
3,log2fc_pos_pre,OWOOOOWO,OOOOOOWO,6,7,0.5675039093071883,0.2653516425171862,-0.3021522667900021,False
3,log2fc_pos_pre,WOOOOOWO,OOOOOOWO,6,7,0.4255112504071623,0.2653516425171862,-0.16015960788997613,False
3,log2fc_pos_pre,OOOOOWWW,OOOOOOWW,5,6,-0.891327086960194,-0.955747929745652,-0.06442084278545801,False
3,log2fc_pos_pre,OOOOWOWW,OOOOOOWW,5,6,-1.5543700685898665,-0.955747929745652,0.5986221388442144,True
3,log2fc_pos_pre,OOOWOOWW,OOOOOOWW,5,6,-0.7780230733503846,-0.955747929745652,-0.17772485639526747,False
3,log2fc_pos_pre,OOWOOOWW,OOOOOOWW,5,6,-0.7928456696948768,-0.955747929745652,-0.16290226005077524,False
3,log2fc_pos_pre,OWOOOOWW,OOOOOOWW,5,6,-0.0921368183855077,-0.955747929745652,-0.8636111113601443,False
3,log2fc_pos_pre,WOOOOOWW,OOOOOOWW,5,6,-1.1104543864456513,-0.955747929745652,0.15470645669999927,True
3,log2fc_pos_pre,OOOOOWOW,OOOOOWOO,6,7,-0.4897099447415111,1.0755480565113884,1.5652580012528996,True
3,log2fc_pos_pre,OOOOOWWO,OOOOOWOO,6,7,-0.5422167811546995,1.0755480565113884,1.6177648376660878,True
3,log2fc_pos_pre,OOOOWWOO,OOOOOWOO,6,7,-0.0860924665320622,1.0755480565113884,1.1616405230434506,True
3,log2fc_pos_pre,OOOWOWOO,OOOOOWOO,6,7,-0.2981530527417234,1.0755480565113884,1.3737011092531117,True
3,log2fc_pos_pre,OOWOOWOO,OOOOOWOO,6,7,0.1012222158460943,1.0755480565113884,0.9743258406652942,True
3,log2fc_pos_pre,OWOOOWOO,OOOOOWOO,6,7,-0.2921454853166048,1.0755480565113884,1.3676935418279932,True
3,log2fc_pos_pre,WOOOOWOO,OOOOOWOO,6,7,-0.1478943243306485,1.0755480565113884,1.223442380842037,True
3,log2fc_pos_pre,OOOOOWWW,OOOOOWOW,5,6,-0.891327086960194,-0.4897099447415111,0.40161714221868294,True
3,log2fc_pos_pre,OOOOWWOW,OOOOOWOW,5,6,0.4839610123852545,-0.4897099447415111,-0.9736709571267657,False
3,log2fc_pos_pre,OOOWOWOW,OOOOOWOW,5,6,0.1681400016580248,-0.4897099447415111,-0.6578499463995359,False
3,log2fc_pos_pre,OOWOOWOW,OOOOOWOW,5,6,0.406078235320192,-0.4897099447415111,-0.8957881800617031,False
3,log2fc_pos_pre,OWOOOWOW,OOOOOWOW,5,6,-0.2348078102228188,-0.4897099447415111,-0.25490213451869226,False
3,log2fc_pos_pre,WOOOOWOW,OOOOOWOW,5,6,-0.6496070242328238,-0.4897099447415111,0.1598970794913127,True
3,log2fc_pos_pre,OOOOOWWW,OOOOOWWO,5,6,-0.891327086960194,-0.5422167811546995,0.3491103058054945,True
3,log2fc_pos_pre,OOOOWWWO,OOOOOWWO,5,6,-0.1830346343063869,-0.5422167811546995,-0.3591821468483126,False
3,log2fc_pos_pre,OOOWOWWO,OOOOOWWO,5,6,-0.2356134972209811,-0.5422167811546995,-0.3066032839337184,False
3,log2fc_pos_pre,OOWOOWWO,OOOOOWWO,5,6,-0.0853056915708803,-0.5422167811546995,-0.4569110895838192,False
3,log2fc_pos_pre,OWOOOWWO,OOOOOWWO,5,6,-2.0104362327590364,-0.5422167811546995,1.468219451604337,True
3,log2fc_pos_pre,WOOOOWWO,OOOOOWWO,5,6,-0.8305863039370659,-0.5422167811546995,0.2883695227823664,True
3,log2fc_pos_pre,OOOOWWWW,OOOOOWWW,4,5,-0.5273909468622755,-0.891327086960194,-0.3639361400979185,False
3,log2fc_pos_pre,OOOWOWWW,OOOOOWWW,4,5,-2.04693790919325,-0.891327086960194,1.1556108222330557,True
3,log2fc_pos_pre,OOWOOWWW,OOOOOWWW,4,5,-1.6687680652993928,-0.891327086960194,0.7774409783391988,True
3,log2fc_pos_pre,OWOOOWWW,OOOOOWWW,4,5,-1.6701241114080383,-0.891327086960194,0.7787970244478443,True
3,log2fc_pos_pre,WOOOOWWW,OOOOOWWW,4,5,-0.9381412323584336,-0.891327086960194,0.04681414539823958,True
3,log2fc_pos_pre,OOOOWOOW,OOOOWOOO,6,7,-0.4678638250077003,1.0160768929040809,1.4839407179117812,True
3,log2fc_pos_pre,OOOOWOWO,OOOOWOOO,6,7,0.7698384871048852,1.0160768929040809,0.24623840579919565,True
3,log2fc_pos_pre,OOOOWWOO,OOOOWOOO,6,7,-0.0860924665320622,1.0160768929040809,1.102169359436143,True
3,log2fc_pos_pre,OOOWWOOO,OOOOWOOO,6,7,-0.5551055422903887,1.0160768929040809,1.5711824351944697,True
3,log2fc_pos_pre,OOWOWOOO,OOOOWOOO,6,7,-0.6211202454874076,1.0160768929040809,1.6371971383914885,True
3,log2fc_pos_pre,OWOOWOOO,OOOOWOOO,6,7,0.651157314873582,1.0160768929040809,0.3649195780304989,True
3,log2fc_pos_pre,WOOOWOOO,OOOOWOOO,6,7,1.2549905158432424,1.0160768929040809,-0.23891362293916152,False
3,log2fc_pos_pre,OOOOWOWW,OOOOWOOW,5,6,-1.5543700685898665,-0.4678638250077003,1.0865062435821662,True
3,log2fc_pos_pre,OOOOWWOW,OOOOWOOW,5,6,0.4839610123852545,-0.4678638250077003,-0.9518248373929548,False
3,log2fc_pos_pre,OOOWWOOW,OOOOWOOW,5,6,-1.2587550564944252,-0.4678638250077003,0.7908912314867249,True
3,log2fc_pos_pre,OOWOWOOW,OOOOWOOW,5,6,0.1130500590597952,-0.4678638250077003,-0.5809138840674954,False
3,log2fc_pos_pre,OWOOWOOW,OOOOWOOW,5,6,-0.1851145026703118,-0.4678638250077003,-0.2827493223373885,False
3,log2fc_pos_pre,WOOOWOOW,OOOOWOOW,5,6,-0.322519885479605,-0.4678638250077003,-0.14534393952809532,False
3,log2fc_pos_pre,OOOOWOWW,OOOOWOWO,5,6,-1.5543700685898665,0.7698384871048852,2.3242085556947516,True
3,log2fc_pos_pre,OOOOWWWO,OOOOWOWO,5,6,-0.1830346343063869,0.7698384871048852,0.9528731214112721,True
3,log2fc_pos_pre,OOOWWOWO,OOOOWOWO,5,6,-0.3999041106141444,0.7698384871048852,1.1697425977190297,True
3,log2fc_pos_pre,OOWOWOWO,OOOOWOWO,5,6,-0.1611345795468645,0.7698384871048852,0.9309730666517497,True
3,log2fc_pos_pre,OWOOWOWO,OOOOWOWO,5,6,0.1162858520148516,0.7698384871048852,0.6535526350900336,True
3,log2fc_pos_pre,WOOOWOWO,OOOOWOWO,5,6,1.088899907055482,0.7698384871048852,-0.31906141995059667,False
3,log2fc_pos_pre,OOOOWWWW,OOOOWOWW,4,5,-0.5273909468622755,-1.5543700685898665,-1.026979121727591,False
3,log2fc_pos_pre,OOOWWOWW,OOOOWOWW,4,5,-0.807394488054396,-1.5543700685898665,-0.7469755805354705,False
3,log2fc_pos_pre,OOWOWOWW,OOOOWOWW,4,5,-0.2512341319987782,-1.5543700685898665,-1.3031359365910884,False
3,log2fc_pos_pre,OWOOWOWW,OOOOWOWW,4,5,-1.5990891314699391,-1.5543700685898665,0.04471906288007266,True
3,log2fc_pos_pre,WOOOWOWW,OOOOWOWW,4,5,-1.2928079573952376,-1.5543700685898665,-0.2615621111946289,False
3,log2fc_pos_pre,OOOOWWOW,OOOOWWOO,5,6,0.4839610123852545,-0.0860924665320622,-0.5700534789173167,False
3,log2fc_pos_pre,OOOOWWWO,OOOOWWOO,5,6,-0.1830346343063869,-0.0860924665320622,0.09694216777432468,True
3,log2fc_pos_pre,OOOWWWOO,OOOOWWOO,5,6,0.0865333582159527,-0.0860924665320622,-0.1726258247480149,False
3,log2fc_pos_pre,OOWOWWOO,OOOOWWOO,5,6,0.8973056111809619,-0.0860924665320622,-0.983398077713024,False
3,log2fc_pos_pre,OWOOWWOO,OOOOWWOO,5,6,-0.2994524345877361,-0.0860924665320622,0.21335996805567392,True
3,log2fc_pos_pre,WOOOWWOO,OOOOWWOO,5,6,0.7211941465195704,-0.0860924665320622,-0.8072866130516325,False
3,log2fc_pos_pre,OOOOWWWW,OOOOWWOW,4,5,-0.5273909468622755,0.4839610123852545,1.01135195924753,True
3,log2fc_pos_pre,OOOWWWOW,OOOOWWOW,4,5,-1.095668442149351,0.4839610123852545,1.5796294545346055,True
3,log2fc_pos_pre,OOWOWWOW,OOOOWWOW,4,5,0.2408727112820423,0.4839610123852545,0.24308830110321222,True
3,log2fc_pos_pre,OWOOWWOW,OOOOWWOW,4,5,-0.1286298477272104,0.4839610123852545,0.6125908601124649,True
3,log2fc_pos_pre,WOOOWWOW,OOOOWWOW,4,5,-0.0995209450291085,0.4839610123852545,0.583481957414363,True
3,log2fc_pos_pre,OOOOWWWW,OOOOWWWO,4,5,-0.5273909468622755,-0.1830346343063869,0.3443563125558886,True
3,log2fc_pos_pre,OOOWWWWO,OOOOWWWO,4,5,-0.5182414459371947,-0.1830346343063869,0.3352068116308078,True
3,log2fc_pos_pre,OOWOWWWO,OOOOWWWO,4,5,-0.7846309459723118,-0.1830346343063869,0.6015963116659249,True
3,log2fc_pos_pre,OWOOWWWO,OOOOWWWO,4,5,-0.4340566564948401,-0.1830346343063869,0.2510220221884532,True
3,log2fc_pos_pre,WOOOWWWO,OOOOWWWO,4,5,-0.5060628465140012,-0.1830346343063869,0.32302821220761435,True
3,log2fc_pos_pre,OOOWWWWW,OOOOWWWW,3,4,-0.8069493329893278,-0.5273909468622755,0.2795583861270523,True
3,log2fc_pos_pre,OOWOWWWW,OOOOWWWW,3,4,-0.9413448632582784,-0.5273909468622755,0.4139539163960029,True
3,log2fc_pos_pre,OWOOWWWW,OOOOWWWW,3,4,-0.8545639860072447,-0.5273909468622755,0.3271730391449692,True
3,log2fc_pos_pre,WOOOWWWW,OOOOWWWW,3,4,-0.4076267293944538,-0.5273909468622755,-0.11976421746782168,False
3,log2fc_pos_pre,OOOWOOOW,OOOWOOOO,6,7,-0.7999975568579011,0.576127443371019,1.37612500022892,True
3,log2fc_pos_pre,OOOWOOWO,OOOWOOOO,6,7,0.1845332824680917,0.576127443371019,0.39159416090292726,True
3,log2fc_pos_pre,OOOWOWOO,OOOWOOOO,6,7,-0.2981530527417234,0.576127443371019,0.8742804961127424,True
3,log2fc_pos_pre,OOOWWOOO,OOOWOOOO,6,7,-0.5551055422903887,0.576127443371019,1.1312329856614076,True
3,log2fc_pos_pre,OOWWOOOO,OOOWOOOO,6,7,1.6704644667936503,0.576127443371019,-1.0943370234226313,False
3,log2fc_pos_pre,OWOWOOOO,OOOWOOOO,6,7,0.3171676450452957,0.576127443371019,0.25895979832572324,True
3,log2fc_pos_pre,WOOWOOOO,OOOWOOOO,6,7,0.5083720158824406,0.576127443371019,0.06775542748857832,True
3,log2fc_pos_pre,OOOWOOWW,OOOWOOOW,5,6,-0.7780230733503846,-0.7999975568579011,-0.021974483507516518,False
3,log2fc_pos_pre,OOOWOWOW,OOOWOOOW,5,6,0.1681400016580248,-0.7999975568579011,-0.9681375585159259,False
3,log2fc_pos_pre,OOOWWOOW,OOOWOOOW,5,6,-1.2587550564944252,-0.7999975568579011,0.4587574996365241,True
3,log2fc_pos_pre,OOWWOOOW,OOOWOOOW,5,6,0.9175635608948862,-0.7999975568579011,-1.7175611177527874,False
3,log2fc_pos_pre,OWOWOOOW,OOOWOOOW,5,6,-0.290580113207309,-0.7999975568579011,-0.509417443650592,False
3,log2fc_pos_pre,WOOWOOOW,OOOWOOOW,5,6,-0.5912422000588088,-0.7999975568579011,-0.2087553567990923,False
3,log2fc_pos_pre,OOOWOOWW,OOOWOOWO,5,6,-0.7780230733503846,0.1845332824680917,0.9625563558184762,True
3,log2fc_pos_pre,OOOWOWWO,OOOWOOWO,5,6,-0.2356134972209811,0.1845332824680917,0.42014677968907277,True
3,log2fc_pos_pre,OOOWWOWO,OOOWOOWO,5,6,-0.3999041106141444,0.1845332824680917,0.5844373930822361,True
3,log2fc_pos_pre,OOWWOOWO,OOOWOOWO,5,6,0.3928713131979391,0.1845332824680917,-0.2083380307298474,False
3,log2fc_pos_pre,OWOWOOWO,OOOWOOWO,5,6,-0.3049199872683781,0.1845332824680917,0.4894532697364698,True
3,log2fc_pos_pre,WOOWOOWO,OOOWOOWO,5,6,0.1453893975381283,0.1845332824680917,0.0391438849299634,True
3,log2fc_pos_pre,OOOWOWWW,OOOWOOWW,4,5,-2.04693790919325,-0.7780230733503846,1.2689148358428652,True
3,log2fc_pos_pre,OOOWWOWW,OOOWOOWW,4,5,-0.807394488054396,-0.7780230733503846,0.02937141470401139,True
3,log2fc_pos_pre,OOWWOOWW,OOOWOOWW,4,5,-1.0767711520089072,-0.7780230733503846,0.2987480786585226,True
3,log2fc_pos_pre,OWOWOOWW,OOOWOOWW,4,5,-0.9184206714101584,-0.7780230733503846,0.1403975980597738,True
3,log2fc_pos_pre,WOOWOOWW,OOOWOOWW,4,5,-0.8780497202077269,-0.7780230733503846,0.1000266468573423,True
3,log2fc_pos_pre,OOOWOWOW,OOOWOWOO,5,6,0.1681400016580248,-0.2981530527417234,-0.4662930543997482,False
3,log2fc_pos_pre,OOOWOWWO,OOOWOWOO,5,6,-0.2356134972209811,-0.2981530527417234,-0.06253955552074228,False
3,log2fc_pos_pre,OOOWWWOO,OOOWOWOO,5,6,0.0865333582159527,-0.2981530527417234,-0.3846864109576761,False
3,log2fc_pos_pre,OOWWOWOO,OOOWOWOO,5,6,1.3310692234344734,-0.2981530527417234,-1.6292222761761967,False
3,log2fc_pos_pre,OWOWOWOO,OOOWOWOO,5,6,0.4309075538610624,-0.2981530527417234,-0.7290606066027858,False
3,log2fc_pos_pre,WOOWOWOO,OOOWOWOO,5,6,0.4551212748067522,-0.2981530527417234,-0.7532743275484756,False
3,log2fc_pos_pre,OOOWOWWW,OOOWOWOW,4,5,-2.04693790919325,0.1681400016580248,2.215077910851275,True
3,log2fc_pos_pre,OOOWWWOW,OOOWOWOW,4,5,-1.095668442149351,0.1681400016580248,1.2638084438073758,True
3,log2fc_pos_pre,OOWWOWOW,OOOWOWOW,4,5,0.6518302739727349,0.1681400016580248,-0.48369027231471007,False
3,log2fc_pos_pre,OWOWOWOW,OOOWOWOW,4,5,0.0920835280310104,0.1681400016580248,0.07605647362701441,True
3,log2fc_pos_pre,WOOWOWOW,OOOWOWOW,4,5,-0.163533950543632,0.1681400016580248,0.33167395220165685,True
3,log2fc_pos_pre,OOOWOWWW,OOOWOWWO,4,5,-2.04693790919325,-0.2356134972209811,1.8113244119722687,True
3,log2fc_pos_pre,OOOWWWWO,OOOWOWWO,4,5,-0.5182414459371947,-0.2356134972209811,0.28262794871621355,True
3,log2fc_pos_pre,OOWWOWWO,OOOWOWWO,4,5,-0.2118627361164147,-0.2356134972209811,-0.023750761104566392,False
3,log2fc_pos_pre,OWOWOWWO,OOOWOWWO,4,5,-2.4844887904954596,-0.2356134972209811,2.2488752932744784,True
3,log2fc_pos_pre,WOOWOWWO,OOOWOWWO,4,5,-0.7150476275345619,-0.2356134972209811,0.47943413031358073,True
3,log2fc_pos_pre,OOOWWWWW,OOOWOWWW,3,4,-0.8069493329893278,-2.04693790919325,-1.239988576203922,False
3,log2fc_pos_pre,OOWWOWWW,OOOWOWWW,3,4,-0.1280725306687906,-2.04693790919325,-1.9188653785244592,False
3,log2fc_pos_pre,OWOWOWWW,OOOWOWWW,3,4,-0.6738072052574704,-2.04693790919325,-1.3731307039357794,False
3,log2fc_pos_pre,WOOWOWWW,OOOWOWWW,3,4,-1.5762647853326668,-2.04693790919325,-0.470673123860583,False
3,log2fc_pos_pre,OOOWWOOW,OOOWWOOO,5,6,-1.2587550564944252,-0.5551055422903887,0.7036495142040365,True
3,log2fc_pos_pre,OOOWWOWO,OOOWWOOO,5,6,-0.3999041106141444,-0.5551055422903887,-0.15520143167624428,False
3,log2fc_pos_pre,OOOWWWOO,OOOWWOOO,5,6,0.0865333582159527,-0.5551055422903887,-0.6416389005063414,False
3,log2fc_pos_pre,OOWWWOOO,OOOWWOOO,5,6,0.7543999431448128,-0.5551055422903887,-1.3095054854352015,False
3,log2fc_pos_pre,OWOWWOOO,OOOWWOOO,5,6,-0.0509348820658194,-0.5551055422903887,-0.5041706602245692,False
3,log2fc_pos_pre,WOOWWOOO,OOOWWOOO,5,6,-0.0944722838254874,-0.5551055422903887,-0.4606332584649013,False
3,log2fc_pos_pre,OOOWWOWW,OOOWWOOW,4,5,-0.807394488054396,-1.2587550564944252,-0.45136056844002925,False
3,log2fc_pos_pre,OOOWWWOW,OOOWWOOW,4,5,-1.095668442149351,-1.2587550564944252,-0.1630866143450742,False
3,log2fc_pos_pre,OOWWWOOW,OOOWWOOW,4,5,0.4354185393263046,-1.2587550564944252,-1.6941735958207298,False
3,log2fc_pos_pre,OWOWWOOW,OOOWWOOW,4,5,-1.0130030936567378,-1.2587550564944252,-0.2457519628376874,False
3,log2fc_pos_pre,WOOWWOOW,OOOWWOOW,4,5,-0.2740644041464824,-1.2587550564944252,-0.9846906523479428,False
3,log2fc_pos_pre,OOOWWOWW,OOOWWOWO,4,5,-0.807394488054396,-0.3999041106141444,0.40749037744025157,True
3,log2fc_pos_pre,OOOWWWWO,OOOWWOWO,4,5,-0.5182414459371947,-0.3999041106141444,0.1183373353230503,True
3,log2fc_pos_pre,OOWWWOWO,OOOWWOWO,4,5,0.8900189173066488,-0.3999041106141444,-1.2899230279207932,False
3,log2fc_pos_pre,OWOWWOWO,OOOWWOWO,4,5,-0.1332261583672427,-0.3999041106141444,-0.2666779522469017,False
3,log2fc_pos_pre,WOOWWOWO,OOOWWOWO,4,5,0.6943793992584807,-0.3999041106141444,-1.0942835098726251,False
3,log2fc_pos_pre,OOOWWWWW,OOOWWOWW,3,4,-0.8069493329893278,-0.807394488054396,-0.00044515506506814795,False
3,log2fc_pos_pre,OOWWWOWW,OOOWWOWW,3,4,-0.5821331919262598,-0.807394488054396,-0.22526129612813617,False
3,log2fc_pos_pre,OWOWWOWW,OOOWWOWW,3,4,-0.110840754753883,-0.807394488054396,-0.696553733300513,False
3,log2fc_pos_pre,WOOWWOWW,OOOWWOWW,3,4,-0.0155215183918935,-0.807394488054396,-0.7918729696625024,False
3,log2fc_pos_pre,OOOWWWOW,OOOWWWOO,4,5,-1.095668442149351,0.0865333582159527,1.1822018003653036,True
3,log2fc_pos_pre,OOOWWWWO,OOOWWWOO,4,5,-0.5182414459371947,0.0865333582159527,0.6047748041531473,True
3,log2fc_pos_pre,OOWWWWOO,OOOWWWOO,4,5,0.5055881512619664,0.0865333582159527,-0.41905479304601373,False
3,log2fc_pos_pre,OWOWWWOO,OOOWWWOO,4,5,-0.3406900056292549,0.0865333582159527,0.4272233638452076,True
3,log2fc_pos_pre,WOOWWWOO,OOOWWWOO,4,5,-0.818013417426482,0.0865333582159527,0.9045467756424348,True
3,log2fc_pos_pre,OOOWWWWW,OOOWWWOW,3,4,-0.8069493329893278,-1.095668442149351,-0.2887191091600232,False
3,log2fc_pos_pre,OOWWWWOW,OOOWWWOW,3,4,0.1707931470344506,-1.095668442149351,-1.2664615891838016,False
3,log2fc_pos_pre,OWOWWWOW,OOOWWWOW,3,4,-0.0579068103948677,-1.095668442149351,-1.0377616317544833,False
3,log2fc_pos_pre,WOOWWWOW,OOOWWWOW,3,4,-1.1660593713494285,-1.095668442149351,0.0703909292000775,True
3,log2fc_pos_pre,OOOWWWWW,OOOWWWWO,3,4,-0.8069493329893278,-0.5182414459371947,0.2887078870521331,True
3,log2fc_pos_pre,OOWWWWWO,OOOWWWWO,3,4,0.8214022061549464,-0.5182414459371947,-1.339643652092141,False
3,log2fc_pos_pre,OWOWWWWO,OOOWWWWO,3,4,-0.1539823100008863,-0.5182414459371947,-0.3642591359363084,False
3,log2fc_pos_pre,WOOWWWWO,OOOWWWWO,3,4,-0.071524169569171,-0.5182414459371947,-0.44671727636802366,False
3,log2fc_pos_pre,OOWWWWWW,OOOWWWWW,2,3,0.1066348790790102,-0.8069493329893278,-0.913584212068338,False
3,log2fc_pos_pre,OWOWWWWW,OOOWWWWW,2,3,-0.5152610111048302,-0.8069493329893278,-0.29168832188449756,False
3,log2fc_pos_pre,WOOWWWWW,OOOWWWWW,2,3,0.0096999712897479,-0.8069493329893278,-0.8166493042790757,False
3,log2fc_pos_pre,OOWOOOOW,OOWOOOOO,6,7,-0.2347191353326453,2.056904415400429,2.291623550733074,True
3,log2fc_pos_pre,OOWOOOWO,OOWOOOOO,6,7,-0.159096264312057,2.056904415400429,2.216000679712486,True
3,log2fc_pos_pre,OOWOOWOO,OOWOOOOO,6,7,0.1012222158460943,2.056904415400429,1.9556821995543348,True
3,log2fc_pos_pre,OOWOWOOO,OOWOOOOO,6,7,-0.6211202454874076,2.056904415400429,2.6780246608878366,True
3,log2fc_pos_pre,OOWWOOOO,OOWOOOOO,6,7,1.6704644667936503,2.056904415400429,0.38643994860677866,True
3,log2fc_pos_pre,OWWOOOOO,OOWOOOOO,6,7,1.4573883324014365,2.056904415400429,0.5995160829989925,True
3,log2fc_pos_pre,WOWOOOOO,OOWOOOOO,6,7,2.8649398213361312,2.056904415400429,-0.8080354059357022,False
3,log2fc_pos_pre,OOWOOOWW,OOWOOOOW,5,6,-0.7928456696948768,-0.2347191353326453,0.5581265343622315,True
3,log2fc_pos_pre,OOWOOWOW,OOWOOOOW,5,6,0.406078235320192,-0.2347191353326453,-0.6407973706528373,False
3,log2fc_pos_pre,OOWOWOOW,OOWOOOOW,5,6,0.1130500590597952,-0.2347191353326453,-0.3477691943924405,False
3,log2fc_pos_pre,OOWWOOOW,OOWOOOOW,5,6,0.9175635608948862,-0.2347191353326453,-1.1522826962275314,False
3,log2fc_pos_pre,OWWOOOOW,OOWOOOOW,5,6,0.1132380189884247,-0.2347191353326453,-0.34795715432107,False
3,log2fc_pos_pre,WOWOOOOW,OOWOOOOW,5,6,0.601761886151175,-0.2347191353326453,-0.8364810214838203,False
3,log2fc_pos_pre,OOWOOOWW,OOWOOOWO,5,6,-0.7928456696948768,-0.159096264312057,0.6337494053828198,True
3,log2fc_pos_pre,OOWOOWWO,OOWOOOWO,5,6,-0.0853056915708803,-0.159096264312057,-0.0737905727411767,False
3,log2fc_pos_pre,OOWOWOWO,OOWOOOWO,5,6,-0.1611345795468645,-0.159096264312057,0.0020383152348074918,True
3,log2fc_pos_pre,OOWWOOWO,OOWOOOWO,5,6,0.3928713131979391,-0.159096264312057,-0.5519675775099961,False
3,log2fc_pos_pre,OWWOOOWO,OOWOOOWO,5,6,0.1718651417192765,-0.159096264312057,-0.3309614060313335,False
3,log2fc_pos_pre,WOWOOOWO,OOWOOOWO,5,6,-0.0674191311155514,-0.159096264312057,-0.09167713319650561,False
3,log2fc_pos_pre,OOWOOWWW,OOWOOOWW,4,5,-1.6687680652993928,-0.7928456696948768,0.875922395604516,True
3,log2fc_pos_pre,OOWOWOWW,OOWOOOWW,4,5,-0.2512341319987782,-0.7928456696948768,-0.5416115376960986,False
3,log2fc_pos_pre,OOWWOOWW,OOWOOOWW,4,5,-1.0767711520089072,-0.7928456696948768,0.28392548231403036,True
3,log2fc_pos_pre,OWWOOOWW,OOWOOOWW,4,5,-1.1132053958303296,-0.7928456696948768,0.3203597261354528,True
3,log2fc_pos_pre,WOWOOOWW,OOWOOOWW,4,5,-0.4790795719165983,-0.7928456696948768,-0.3137660977782785,False
3,log2fc_pos_pre,OOWOOWOW,OOWOOWOO,5,6,0.406078235320192,0.1012222158460943,-0.3048560194740977,False
3,log2fc_pos_pre,OOWOOWWO,OOWOOWOO,5,6,-0.0853056915708803,0.1012222158460943,0.18652790741697461,True
3,log2fc_pos_pre,OOWOWWOO,OOWOOWOO,5,6,0.8973056111809619,0.1012222158460943,-0.7960833953348676,False
3,log2fc_pos_pre,OOWWOWOO,OOWOOWOO,5,6,1.3310692234344734,0.1012222158460943,-1.2298470075883792,False
3,log2fc_pos_pre,OWWOOWOO,OOWOOWOO,5,6,0.1436528332452343,0.1012222158460943,-0.042430617399140017,False
3,log2fc_pos_pre,WOWOOWOO,OOWOOWOO,5,6,0.080625651487202,0.1012222158460943,0.020596564358892303,True
3,log2fc_pos_pre,OOWOOWWW,OOWOOWOW,4,5,-1.6687680652993928,0.406078235320192,2.0748463006195847,True
3,log2fc_pos_pre,OOWOWWOW,OOWOOWOW,4,5,0.2408727112820423,0.406078235320192,0.1652055240381497,True
3,log2fc_pos_pre,OOWWOWOW,OOWOOWOW,4,5,0.6518302739727349,0.406078235320192,-0.24575203865254286,False
3,log2fc_pos_pre,OWWOOWOW,OOWOOWOW,4,5,-0.1734961274797338,0.406078235320192,0.5795743627999258,True
3,log2fc_pos_pre,WOWOOWOW,OOWOOWOW,4,5,-0.2856058936730629,0.406078235320192,0.6916841289932549,True
3,log2fc_pos_pre,OOWOOWWW,OOWOOWWO,4,5,-1.6687680652993928,-0.0853056915708803,1.5834623737285125,True
3,log2fc_pos_pre,OOWOWWWO,OOWOOWWO,4,5,-0.7846309459723118,-0.0853056915708803,0.6993252544014315,True
3,log2fc_pos_pre,OOWWOWWO,OOWOOWWO,4,5,-0.2118627361164147,-0.0853056915708803,0.1265570445455344,True
3,log2fc_pos_pre,OWWOOWWO,OOWOOWWO,4,5,-0.3416405423702835,-0.0853056915708803,0.2563348507994032,True
3,log2fc_pos_pre,WOWOOWWO,OOWOOWWO,4,5,-2.7813783195825783,-0.0853056915708803,2.696072628011698,True
3,log2fc_pos_pre,OOWOWWWW,OOWOOWWW,3,4,-0.9413448632582784,-1.6687680652993928,-0.7274232020411144,False
3,log2fc_pos_pre,OOWWOWWW,OOWOOWWW,3,4,-0.1280725306687906,-1.6687680652993928,-1.5406955346306022,False
3,log2fc_pos_pre,OWWOOWWW,OOWOOWWW,3,4,-1.9057600505324048,-1.6687680652993928,0.23699198523301201,True
3,log2fc_pos_pre,WOWOOWWW,OOWOOWWW,3,4,-0.6400994717469809,-1.6687680652993928,-1.0286685935524118,False
3,log2fc_pos_pre,OOWOWOOW,OOWOWOOO,5,6,0.1130500590597952,-0.6211202454874076,-0.7341703045472028,False
3,log2fc_pos_pre,OOWOWOWO,OOWOWOOO,5,6,-0.1611345795468645,-0.6211202454874076,-0.45998566594054313,False
3,log2fc_pos_pre,OOWOWWOO,OOWOWOOO,5,6,0.8973056111809619,-0.6211202454874076,-1.5184258566683695,False
3,log2fc_pos_pre,OOWWWOOO,OOWOWOOO,5,6,0.7543999431448128,-0.6211202454874076,-1.3755201886322204,False
3,log2fc_pos_pre,OWWOWOOO,OOWOWOOO,5,6,0.8192141870482912,-0.6211202454874076,-1.4403344325356988,False
3,log2fc_pos_pre,WOWOWOOO,OOWOWOOO,5,6,1.12618998920818,-0.6211202454874076,-1.7473102346955875,False
3,log2fc_pos_pre,OOWOWOWW,OOWOWOOW,4,5,-0.2512341319987782,0.1130500590597952,0.3642841910585734,True
3,log2fc_pos_pre,OOWOWWOW,OOWOWOOW,4,5,0.2408727112820423,0.1130500590597952,-0.1278226522222471,False
3,log2fc_pos_pre,OOWWWOOW,OOWOWOOW,4,5,0.4354185393263046,0.1130500590597952,-0.3223684802665094,False
3,log2fc_pos_pre,OWWOWOOW,OOWOWOOW,4,5,0.2315061496694321,0.1130500590597952,-0.11845609060963688,False
3,log2fc_pos_pre,WOWOWOOW,OOWOWOOW,4,5,1.4976390915074231,0.1130500590597952,-1.384589032447628,False
3,log2fc_pos_pre,OOWOWOWW,OOWOWOWO,4,5,-0.2512341319987782,-0.1611345795468645,0.0900995524519137,True
3,log2fc_pos_pre,OOWOWWWO,OOWOWOWO,4,5,-0.7846309459723118,-0.1611345795468645,0.6234963664254473,True
3,log2fc_pos_pre,OOWWWOWO,OOWOWOWO,4,5,0.8900189173066488,-0.1611345795468645,-1.0511534968535132,False
3,log2fc_pos_pre,OWWOWOWO,OOWOWOWO,4,5,-0.1374647294973902,-0.1611345795468645,-0.023669850049474306,False
3,log2fc_pos_pre,WOWOWOWO,OOWOWOWO,4,5,0.2189675890641549,-0.1611345795468645,-0.3801021686110194,False
3,log2fc_pos_pre,OOWOWWWW,OOWOWOWW,3,4,-0.9413448632582784,-0.2512341319987782,0.6901107312595002,True
3,log2fc_pos_pre,OOWWWOWW,OOWOWOWW,3,4,-0.5821331919262598,-0.2512341319987782,0.3308990599274816,True
3,log2fc_pos_pre,OWWOWOWW,OOWOWOWW,3,4,-1.1006141125653008,-0.2512341319987782,0.8493799805665226,True
3,log2fc_pos_pre,WOWOWOWW,OOWOWOWW,3,4,-0.6667481201663022,-0.2512341319987782,0.41551398816752405,True
3,log2fc_pos_pre,OOWOWWOW,OOWOWWOO,4,5,0.2408727112820423,0.8973056111809619,0.6564328998989195,True
3,log2fc_pos_pre,OOWOWWWO,OOWOWWOO,4,5,-0.7846309459723118,0.8973056111809619,1.6819365571532736,True
3,log2fc_pos_pre,OOWWWWOO,OOWOWWOO,4,5,0.5055881512619664,0.8973056111809619,0.3917174599189954,True
3,log2fc_pos_pre,OWWOWWOO,OOWOWWOO,4,5,0.1674863125347758,0.8973056111809619,0.729819298646186,True
3,log2fc_pos_pre,WOWOWWOO,OOWOWWOO,4,5,0.3776468102183721,0.8973056111809619,0.5196588009625898,True
3,log2fc_pos_pre,OOWOWWWW,OOWOWWOW,3,4,-0.9413448632582784,0.2408727112820423,1.1822175745403207,True
3,log2fc_pos_pre,OOWWWWOW,OOWOWWOW,3,4,0.1707931470344506,0.2408727112820423,0.07007956424759171,True
3,log2fc_pos_pre,OWWOWWOW,OOWOWWOW,3,4,-0.0632228425498267,0.2408727112820423,0.304095553831869,True
3,log2fc_pos_pre,WOWOWWOW,OOWOWWOW,3,4,1.1756003125169932,0.2408727112820423,-0.9347276012349508,False
3,log2fc_pos_pre,OOWOWWWW,OOWOWWWO,3,4,-0.9413448632582784,-0.7846309459723118,0.15671391728596662,True
3,log2fc_pos_pre,OOWWWWWO,OOWOWWWO,3,4,0.8214022061549464,-0.7846309459723118,-1.6060331521272582,False
3,log2fc_pos_pre,OWWOWWWO,OOWOWWWO,3,4,-0.985721660564377,-0.7846309459723118,0.2010907145920653,True
3,log2fc_pos_pre,WOWOWWWO,OOWOWWWO,3,4,0.1505352242837897,-0.7846309459723118,-0.9351661702561015,False
3,log2fc_pos_pre,OOWWWWWW,OOWOWWWW,2,3,0.1066348790790102,-0.9413448632582784,-1.0479797423372885,False
3,log2fc_pos_pre,OWWOWWWW,OOWOWWWW,2,3,0.019543770988531,-0.9413448632582784,-0.9608886342468094,False
3,log2fc_pos_pre,WOWOWWWW,OOWOWWWW,2,3,-0.4522167573109927,-0.9413448632582784,-0.4891281059472857,False
3,log2fc_pos_pre,OOWWOOOW,OOWWOOOO,5,6,0.9175635608948862,1.6704644667936503,0.7529009058987641,True
3,log2fc_pos_pre,OOWWOOWO,OOWWOOOO,5,6,0.3928713131979391,1.6704644667936503,1.2775931535957112,True
3,log2fc_pos_pre,OOWWOWOO,OOWWOOOO,5,6,1.3310692234344734,1.6704644667936503,0.3393952433591769,True
3,log2fc_pos_pre,OOWWWOOO,OOWWOOOO,5,6,0.7543999431448128,1.6704644667936503,0.9160645236488375,True
3,log2fc_pos_pre,OWWWOOOO,OOWWOOOO,5,6,-0.2631061729284819,1.6704644667936503,1.9335706397221322,True
3,log2fc_pos_pre,WOWWOOOO,OOWWOOOO,5,6,1.877975701946407,1.6704644667936503,-0.2075112351527566,False
3,log2fc_pos_pre,OOWWOOWW,OOWWOOOW,4,5,-1.0767711520089072,0.9175635608948862,1.9943347129037934,True
3,log2fc_pos_pre,OOWWOWOW,OOWWOOOW,4,5,0.6518302739727349,0.9175635608948862,0.26573328692215137,True
3,log2fc_pos_pre,OOWWWOOW,OOWWOOOW,4,5,0.4354185393263046,0.9175635608948862,0.48214502156858163,True
3,log2fc_pos_pre,OWWWOOOW,OOWWOOOW,4,5,-0.2388875198086631,0.9175635608948862,1.1564510807035493,True
3,log2fc_pos_pre,WOWWOOOW,OOWWOOOW,4,5,0.8921974758629899,0.9175635608948862,0.0253660850318963,True
3,log2fc_pos_pre,OOWWOOWW,OOWWOOWO,4,5,-1.0767711520089072,0.3928713131979391,1.4696424652068463,True
3,log2fc_pos_pre,OOWWOWWO,OOWWOOWO,4,5,-0.2118627361164147,0.3928713131979391,0.6047340493143538,True
3,log2fc_pos_pre,OOWWWOWO,OOWWOOWO,4,5,0.8900189173066488,0.3928713131979391,-0.49714760410870973,False
3,log2fc_pos_pre,OWWWOOWO,OOWWOOWO,4,5,0.2295525982540171,0.3928713131979391,0.163318714943922,True
3,log2fc_pos_pre,WOWWOOWO,OOWWOOWO,4,5,0.2532457429148826,0.3928713131979391,0.1396255702830565,True
3,log2fc_pos_pre,OOWWOWWW,OOWWOOWW,3,4,-0.1280725306687906,-1.0767711520089072,-0.9486986213401165,False
3,log2fc_pos_pre,OOWWWOWW,OOWWOOWW,3,4,-0.5821331919262598,-1.0767711520089072,-0.4946379600826474,False
3,log2fc_pos_pre,OWWWOOWW,OOWWOOWW,3,4,-0.8623961557327686,-1.0767711520089072,-0.21437499627613854,False
3,log2fc_pos_pre,WOWWOOWW,OOWWOOWW,3,4,-0.3904874478869001,-1.0767711520089072,-0.6862837041220071,False
3,log2fc_pos_pre,OOWWOWOW,OOWWOWOO,4,5,0.6518302739727349,1.3310692234344734,0.6792389494617386,True
3,log2fc_pos_pre,OOWWOWWO,OOWWOWOO,4,5,-0.2118627361164147,1.3310692234344734,1.5429319595508881,True
3,log2fc_pos_pre,OOWWWWOO,OOWWOWOO,4,5,0.5055881512619664,1.3310692234344734,0.825481072172507,True
3,log2fc_pos_pre,OWWWOWOO,OOWWOWOO,4,5,0.3142090351211176,1.3310692234344734,1.016860188313356,True
3,log2fc_pos_pre,WOWWOWOO,OOWWOWOO,4,5,1.5469203794690003,1.3310692234344734,-0.21585115603452687,False
3,log2fc_pos_pre,OOWWOWWW,OOWWOWOW,3,4,-0.1280725306687906,0.6518302739727349,0.7799028046415255,True
3,log2fc_pos_pre,OOWWWWOW,OOWWOWOW,3,4,0.1707931470344506,0.6518302739727349,0.48103712693828427,True
3,log2fc_pos_pre,OWWWOWOW,OOWWOWOW,3,4,1.0099920122326205,0.6518302739727349,-0.3581617382598856,False
3,log2fc_pos_pre,WOWWOWOW,OOWWOWOW,3,4,0.3173029055339653,0.6518302739727349,0.33452736843876957,True
3,log2fc_pos_pre,OOWWOWWW,OOWWOWWO,3,4,-0.1280725306687906,-0.2118627361164147,-0.08379020544762411,False
3,log2fc_pos_pre,OOWWWWWO,OOWWOWWO,3,4,0.8214022061549464,-0.2118627361164147,-1.0332649422713611,False
3,log2fc_pos_pre,OWWWOWWO,OOWWOWWO,3,4,-0.4927695043371668,-0.2118627361164147,0.2809067682207521,True
3,log2fc_pos_pre,WOWWOWWO,OOWWOWWO,3,4,-0.1658510101080797,-0.2118627361164147,-0.046011726008335,False
3,log2fc_pos_pre,OOWWWWWW,OOWWOWWW,2,3,0.1066348790790102,-0.1280725306687906,-0.2347074097478008,False
3,log2fc_pos_pre,OWWWOWWW,OOWWOWWW,2,3,-0.7262970773405207,-0.1280725306687906,0.5982245466717302,True
3,log2fc_pos_pre,WOWWOWWW,OOWWOWWW,2,3,0.1211632006967267,-0.1280725306687906,-0.2492357313655173,False
3,log2fc_pos_pre,OOWWWOOW,OOWWWOOO,4,5,0.4354185393263046,0.7543999431448128,0.31898140381850826,True
3,log2fc_pos_pre,OOWWWOWO,OOWWWOOO,4,5,0.8900189173066488,0.7543999431448128,-0.135618974161836,False
3,log2fc_pos_pre,OOWWWWOO,OOWWWOOO,4,5,0.5055881512619664,0.7543999431448128,0.2488117918828464,True
3,log2fc_pos_pre,OWWWWOOO,OOWWWOOO,4,5,-0.4488395038490715,0.7543999431448128,1.2032394469938843,True
3,log2fc_pos_pre,WOWWWOOO,OOWWWOOO,4,5,0.7366011281750221,0.7543999431448128,0.017798814969790744,True
3,log2fc_pos_pre,OOWWWOWW,OOWWWOOW,3,4,-0.5821331919262598,0.4354185393263046,1.0175517312525644,True
3,log2fc_pos_pre,OOWWWWOW,OOWWWOOW,3,4,0.1707931470344506,0.4354185393263046,0.264625392291854,True
3,log2fc_pos_pre,OWWWWOOW,OOWWWOOW,3,4,0.7687092069137174,0.4354185393263046,-0.33329066758741277,False
3,log2fc_pos_pre,WOWWWOOW,OOWWWOOW,3,4,0.2655119025127778,0.4354185393263046,0.1699066368135268,True
3,log2fc_pos_pre,OOWWWOWW,OOWWWOWO,3,4,-0.5821331919262598,0.8900189173066488,1.4721521092329086,True
3,log2fc_pos_pre,OOWWWWWO,OOWWWOWO,3,4,0.8214022061549464,0.8900189173066488,0.06861671115170243,True
3,log2fc_pos_pre,OWWWWOWO,OOWWWOWO,3,4,-0.3474168424374013,0.8900189173066488,1.2374357597440502,True
3,log2fc_pos_pre,WOWWWOWO,OOWWWOWO,3,4,0.3074021893796879,0.8900189173066488,0.582616727926961,True
3,log2fc_pos_pre,OOWWWWWW,OOWWWOWW,2,3,0.1066348790790102,-0.5821331919262598,-0.6887680710052699,False
3,log2fc_pos_pre,OWWWWOWW,OOWWWOWW,2,3,-0.5489948856825069,-0.5821331919262598,-0.03313830624375291,False
3,log2fc_pos_pre,WOWWWOWW,OOWWWOWW,2,3,0.0041724551511008,-0.5821331919262598,-0.5863056470773605,False
3,log2fc_pos_pre,OOWWWWOW,OOWWWWOO,3,4,0.1707931470344506,0.5055881512619664,0.33479500422751585,True
3,log2fc_pos_pre,OOWWWWWO,OOWWWWOO,3,4,0.8214022061549464,0.5055881512619664,-0.31581405489298,False
3,log2fc_pos_pre,OWWWWWOO,OOWWWWOO,3,4,0.5152513409359797,0.5055881512619664,-0.00966318967401325,False
3,log2fc_pos_pre,WOWWWWOO,OOWWWWOO,3,4,0.3702832423520737,0.5055881512619664,0.13530490890989272,True
3,log2fc_pos_pre,OOWWWWWW,OOWWWWOW,2,3,0.1066348790790102,0.1707931470344506,0.06415826795544038,True
3,log2fc_pos_pre,OWWWWWOW,OOWWWWOW,2,3,0.4051095522280161,0.1707931470344506,-0.2343164051935655,False
3,log2fc_pos_pre,WOWWWWOW,OOWWWWOW,2,3,1.018183665052568,0.1707931470344506,-0.8473905180181174,False
3,log2fc_pos_pre,OOWWWWWW,OOWWWWWO,2,3,0.1066348790790102,0.8214022061549464,0.7147673270759363,True
3,log2fc_pos_pre,OWWWWWWO,OOWWWWWO,2,3,0.3686543551283576,0.8214022061549464,0.4527478510265888,True
3,log2fc_pos_pre,WOWWWWWO,OOWWWWWO,2,3,-0.7730444931401103,0.8214022061549464,1.5944466992950566,True
3,log2fc_pos_pre,OWWWWWWW,OOWWWWWW,1,2,-0.6342920053472137,0.1066348790790102,0.740926884426224,True
3,log2fc_pos_pre,WOWWWWWW,OOWWWWWW,1,2,0.0707431284335245,0.1066348790790102,0.03589175064548571,True
3,log2fc_pos_pre,OWOOOOOW,OWOOOOOO,6,7,1.055845170968703,0.4096801041624402,-0.6461650668062626,False
3,log2fc_pos_pre,OWOOOOWO,OWOOOOOO,6,7,0.5675039093071883,0.4096801041624402,-0.15782380514474809,False
3,log2fc_pos_pre,OWOOOWOO,OWOOOOOO,6,7,-0.2921454853166048,0.4096801041624402,0.701825589479045,True
3,log2fc_pos_pre,OWOOWOOO,OWOOOOOO,6,7,0.651157314873582,0.4096801041624402,-0.24147721071114175,False
3,log2fc_pos_pre,OWOWOOOO,OWOOOOOO,6,7,0.3171676450452957,0.4096801041624402,0.09251245911714451,True
3,log2fc_pos_pre,OWWOOOOO,OWOOOOOO,6,7,1.4573883324014365,0.4096801041624402,-1.0477082282389962,False
3,log2fc_pos_pre,WWOOOOOO,OWOOOOOO,6,7,1.7982491436465975,0.4096801041624402,-1.3885690394841572,False
3,log2fc_pos_pre,OWOOOOWW,OWOOOOOW,5,6,-0.0921368183855077,1.055845170968703,1.1479819893542107,True
3,log2fc_pos_pre,OWOOOWOW,OWOOOOOW,5,6,-0.2348078102228188,1.055845170968703,1.2906529811915217,True
3,log2fc_pos_pre,OWOOWOOW,OWOOOOOW,5,6,-0.1851145026703118,1.055845170968703,1.2409596736390147,True
3,log2fc_pos_pre,OWOWOOOW,OWOOOOOW,5,6,-0.290580113207309,1.055845170968703,1.3464252841760118,True
3,log2fc_pos_pre,OWWOOOOW,OWOOOOOW,5,6,0.1132380189884247,1.055845170968703,0.9426071519802782,True
3,log2fc_pos_pre,WWOOOOOW,OWOOOOOW,5,6,-0.0756316499754779,1.055845170968703,1.1314768209441808,True
3,log2fc_pos_pre,OWOOOOWW,OWOOOOWO,5,6,-0.0921368183855077,0.5675039093071883,0.659640727692696,True
3,log2fc_pos_pre,OWOOOWWO,OWOOOOWO,5,6,-2.0104362327590364,0.5675039093071883,2.5779401420662245,True
3,log2fc_pos_pre,OWOOWOWO,OWOOOOWO,5,6,0.1162858520148516,0.5675039093071883,0.4512180572923367,True
3,log2fc_pos_pre,OWOWOOWO,OWOOOOWO,5,6,-0.3049199872683781,0.5675039093071883,0.8724238965755664,True
3,log2fc_pos_pre,OWWOOOWO,OWOOOOWO,5,6,0.1718651417192765,0.5675039093071883,0.39563876758791183,True
3,log2fc_pos_pre,WWOOOOWO,OWOOOOWO,5,6,0.788403595076065,0.5675039093071883,-0.22089968576887664,False
3,log2fc_pos_pre,OWOOOWWW,OWOOOOWW,4,5,-1.6701241114080383,-0.0921368183855077,1.5779872930225305,True
3,log2fc_pos_pre,OWOOWOWW,OWOOOOWW,4,5,-1.5990891314699391,-0.0921368183855077,1.5069523130844313,True
3,log2fc_pos_pre,OWOWOOWW,OWOOOOWW,4,5,-0.9184206714101584,-0.0921368183855077,0.8262838530246507,True
3,log2fc_pos_pre,OWWOOOWW,OWOOOOWW,4,5,-1.1132053958303296,-0.0921368183855077,1.0210685774448218,True
3,log2fc_pos_pre,WWOOOOWW,OWOOOOWW,4,5,-1.465107046868729,-0.0921368183855077,1.3729702284832213,True
3,log2fc_pos_pre,OWOOOWOW,OWOOOWOO,5,6,-0.2348078102228188,-0.2921454853166048,-0.057337675093785984,False
3,log2fc_pos_pre,OWOOOWWO,OWOOOWOO,5,6,-2.0104362327590364,-0.2921454853166048,1.7182907474424316,True
3,log2fc_pos_pre,OWOOWWOO,OWOOOWOO,5,6,-0.2994524345877361,-0.2921454853166048,0.007306949271131347,True
3,log2fc_pos_pre,OWOWOWOO,OWOOOWOO,5,6,0.4309075538610624,-0.2921454853166048,-0.7230530391776672,False
3,log2fc_pos_pre,OWWOOWOO,OWOOOWOO,5,6,0.1436528332452343,-0.2921454853166048,-0.4357983185618391,False
3,log2fc_pos_pre,WWOOOWOO,OWOOOWOO,5,6,0.0508212859166148,-0.2921454853166048,-0.34296677123321956,False
3,log2fc_pos_pre,OWOOOWWW,OWOOOWOW,4,5,-1.6701241114080383,-0.2348078102228188,1.4353163011852195,True
3,log2fc_pos_pre,OWOOWWOW,OWOOOWOW,4,5,-0.1286298477272104,-0.2348078102228188,-0.1061779624956084,False
3,log2fc_pos_pre,OWOWOWOW,OWOOOWOW,4,5,0.0920835280310104,-0.2348078102228188,-0.3268913382538292,False
3,log2fc_pos_pre,OWWOOWOW,OWOOOWOW,4,5,-0.1734961274797338,-0.2348078102228188,-0.06131168274308499,False
3,log2fc_pos_pre,WWOOOWOW,OWOOOWOW,4,5,-0.8370716291598829,-0.2348078102228188,0.602263818937064,True
3,log2fc_pos_pre,OWOOOWWW,OWOOOWWO,4,5,-1.6701241114080383,-2.0104362327590364,-0.3403121213509981,False
3,log2fc_pos_pre,OWOOWWWO,OWOOOWWO,4,5,-0.4340566564948401,-2.0104362327590364,-1.5763795762641963,False
3,log2fc_pos_pre,OWOWOWWO,OWOOOWWO,4,5,-2.4844887904954596,-2.0104362327590364,0.4740525577364232,True
3,log2fc_pos_pre,OWWOOWWO,OWOOOWWO,4,5,-0.3416405423702835,-2.0104362327590364,-1.6687956903887529,False
3,log2fc_pos_pre,WWOOOWWO,OWOOOWWO,4,5,0.6739043103229928,-2.0104362327590364,-2.6843405430820293,False
3,log2fc_pos_pre,OWOOWWWW,OWOOOWWW,3,4,-0.8545639860072447,-1.6701241114080383,-0.8155601254007936,False
3,log2fc_pos_pre,OWOWOWWW,OWOOOWWW,3,4,-0.6738072052574704,-1.6701241114080383,-0.9963169061505679,False
3,log2fc_pos_pre,OWWOOWWW,OWOOOWWW,3,4,-1.9057600505324048,-1.6701241114080383,0.23563593912436653,True
3,log2fc_pos_pre,WWOOOWWW,OWOOOWWW,3,4,-1.2208591511772278,-1.6701241114080383,-0.44926496023081053,False
3,log2fc_pos_pre,OWOOWOOW,OWOOWOOO,5,6,-0.1851145026703118,0.651157314873582,0.8362718175438938,True
3,log2fc_pos_pre,OWOOWOWO,OWOOWOOO,5,6,0.1162858520148516,0.651157314873582,0.5348714628587303,True
3,log2fc_pos_pre,OWOOWWOO,OWOOWOOO,5,6,-0.2994524345877361,0.651157314873582,0.9506097494613182,True
3,log2fc_pos_pre,OWOWWOOO,OWOOWOOO,5,6,-0.0509348820658194,0.651157314873582,0.7020921969394014,True
3,log2fc_pos_pre,OWWOWOOO,OWOOWOOO,5,6,0.8192141870482912,0.651157314873582,-0.16805687217470922,False
3,log2fc_pos_pre,WWOOWOOO,OWOOWOOO,5,6,-0.1214757545328854,0.651157314873582,0.7726330694064674,True
3,log2fc_pos_pre,OWOOWOWW,OWOOWOOW,4,5,-1.5990891314699391,-0.1851145026703118,1.4139746287996273,True
3,log2fc_pos_pre,OWOOWWOW,OWOOWOOW,4,5,-0.1286298477272104,-0.1851145026703118,-0.0564846549431014,False
3,log2fc_pos_pre,OWOWWOOW,OWOOWOOW,4,5,-1.0130030936567378,-0.1851145026703118,0.827888590986426,True
3,log2fc_pos_pre,OWWOWOOW,OWOOWOOW,4,5,0.2315061496694321,-0.1851145026703118,-0.4166206523397439,False
3,log2fc_pos_pre,WWOOWOOW,OWOOWOOW,4,5,-0.1289847680777171,-0.1851145026703118,-0.05612973459259468,False
3,log2fc_pos_pre,OWOOWOWW,OWOOWOWO,4,5,-1.5990891314699391,0.1162858520148516,1.7153749834847907,True
3,log2fc_pos_pre,OWOOWWWO,OWOOWOWO,4,5,-0.4340566564948401,0.1162858520148516,0.5503425085096917,True
3,log2fc_pos_pre,OWOWWOWO,OWOOWOWO,4,5,-0.1332261583672427,0.1162858520148516,0.2495120103820943,True
3,log2fc_pos_pre,OWWOWOWO,OWOOWOWO,4,5,-0.1374647294973902,0.1162858520148516,0.2537505815122418,True
3,log2fc_pos_pre,WWOOWOWO,OWOOWOWO,4,5,-1.4364915837047905,0.1162858520148516,1.552777435719642,True
3,log2fc_pos_pre,OWOOWWWW,OWOOWOWW,3,4,-0.8545639860072447,-1.5990891314699391,-0.7445251454626944,False
3,log2fc_pos_pre,OWOWWOWW,OWOOWOWW,3,4,-0.110840754753883,-1.5990891314699391,-1.4882483767160561,False
3,log2fc_pos_pre,OWWOWOWW,OWOOWOWW,3,4,-1.1006141125653008,-1.5990891314699391,-0.4984750189046383,False
3,log2fc_pos_pre,WWOOWOWW,OWOOWOWW,3,4,-2.6035055289434323,-1.5990891314699391,1.0044163974734932,True
3,log2fc_pos_pre,OWOOWWOW,OWOOWWOO,4,5,-0.1286298477272104,-0.2994524345877361,-0.17082258686052573,False
3,log2fc_pos_pre,OWOOWWWO,OWOOWWOO,4,5,-0.4340566564948401,-0.2994524345877361,0.13460422190710397,True
3,log2fc_pos_pre,OWOWWWOO,OWOOWWOO,4,5,-0.3406900056292549,-0.2994524345877361,0.04123757104151876,True
3,log2fc_pos_pre,OWWOWWOO,OWOOWWOO,4,5,0.1674863125347758,-0.2994524345877361,-0.46693874712251193,False
3,log2fc_pos_pre,WWOOWWOO,OWOOWWOO,4,5,0.0852160918974625,-0.2994524345877361,-0.3846685264851986,False
3,log2fc_pos_pre,OWOOWWWW,OWOOWWOW,3,4,-0.8545639860072447,-0.1286298477272104,0.7259341382800343,True
3,log2fc_pos_pre,OWOWWWOW,OWOOWWOW,3,4,-0.0579068103948677,-0.1286298477272104,-0.0707230373323427,False
3,log2fc_pos_pre,OWWOWWOW,OWOOWWOW,3,4,-0.0632228425498267,-0.1286298477272104,-0.0654070051773837,False
3,log2fc_pos_pre,WWOOWWOW,OWOOWWOW,3,4,-0.197563956988619,-0.1286298477272104,0.06893410926140861,True
3,log2fc_pos_pre,OWOOWWWW,OWOOWWWO,3,4,-0.8545639860072447,-0.4340566564948401,0.4205073295124046,True
3,log2fc_pos_pre,OWOWWWWO,OWOOWWWO,3,4,-0.1539823100008863,-0.4340566564948401,-0.2800743464939538,False
3,log2fc_pos_pre,OWWOWWWO,OWOOWWWO,3,4,-0.985721660564377,-0.4340566564948401,0.551665004069537,True
3,log2fc_pos_pre,WWOOWWWO,OWOOWWWO,3,4,-0.8904611809493423,-0.4340566564948401,0.45640452445450225,True
3,log2fc_pos_pre,OWOWWWWW,OWOOWWWW,2,3,-0.5152610111048302,-0.8545639860072447,-0.33930297490241446,False
3,log2fc_pos_pre,OWWOWWWW,OWOOWWWW,2,3,0.019543770988531,-0.8545639860072447,-0.8741077569957757,False
3,log2fc_pos_pre,WWOOWWWW,OWOOWWWW,2,3,-1.487659201592788,-0.8545639860072447,0.6330952155855434,True
3,log2fc_pos_pre,OWOWOOOW,OWOWOOOO,5,6,-0.290580113207309,0.3171676450452957,0.6077477582526047,True
3,log2fc_pos_pre,OWOWOOWO,OWOWOOOO,5,6,-0.3049199872683781,0.3171676450452957,0.6220876323136738,True
3,log2fc_pos_pre,OWOWOWOO,OWOWOOOO,5,6,0.4309075538610624,0.3171676450452957,-0.11373990881576668,False
3,log2fc_pos_pre,OWOWWOOO,OWOWOOOO,5,6,-0.0509348820658194,0.3171676450452957,0.36810252711111513,True
3,log2fc_pos_pre,OWWWOOOO,OWOWOOOO,5,6,-0.2631061729284819,0.3171676450452957,0.5802738179737776,True
3,log2fc_pos_pre,WWOWOOOO,OWOWOOOO,5,6,0.0987174193699651,0.3171676450452957,0.21845022567533062,True
3,log2fc_pos_pre,OWOWOOWW,OWOWOOOW,4,5,-0.9184206714101584,-0.290580113207309,0.6278405582028495,True
3,log2fc_pos_pre,OWOWOWOW,OWOWOOOW,4,5,0.0920835280310104,-0.290580113207309,-0.38266364123831936,False
3,log2fc_pos_pre,OWOWWOOW,OWOWOOOW,4,5,-1.0130030936567378,-0.290580113207309,0.7224229804494289,True
3,log2fc_pos_pre,OWWWOOOW,OWOWOOOW,4,5,-0.2388875198086631,-0.290580113207309,-0.051692593398645875,False
3,log2fc_pos_pre,WWOWOOOW,OWOWOOOW,4,5,0.0342664069043351,-0.290580113207309,-0.32484652011164405,False
3,log2fc_pos_pre,OWOWOOWW,OWOWOOWO,4,5,-0.9184206714101584,-0.3049199872683781,0.6135006841417803,True
3,log2fc_pos_pre,OWOWOWWO,OWOWOOWO,4,5,-2.4844887904954596,-0.3049199872683781,2.1795688032270815,True
3,log2fc_pos_pre,OWOWWOWO,OWOWOOWO,4,5,-0.1332261583672427,-0.3049199872683781,-0.1716938289011354,False
3,log2fc_pos_pre,OWWWOOWO,OWOWOOWO,4,5,0.2295525982540171,-0.3049199872683781,-0.5344725855223952,False
3,log2fc_pos_pre,WWOWOOWO,OWOWOOWO,4,5,-1.448272166697402,-0.3049199872683781,1.143352179429024,True
3,log2fc_pos_pre,OWOWOWWW,OWOWOOWW,3,4,-0.6738072052574704,-0.9184206714101584,-0.24461346615268797,False
3,log2fc_pos_pre,OWOWWOWW,OWOWOOWW,3,4,-0.110840754753883,-0.9184206714101584,-0.8075799166562754,False
3,log2fc_pos_pre,OWWWOOWW,OWOWOOWW,3,4,-0.8623961557327686,-0.9184206714101584,-0.05602451567738975,False
3,log2fc_pos_pre,WWOWOOWW,OWOWOOWW,3,4,-1.665878017502872,-0.9184206714101584,0.7474573460927136,True
3,log2fc_pos_pre,OWOWOWOW,OWOWOWOO,4,5,0.0920835280310104,0.4309075538610624,0.338824025830052,True
3,log2fc_pos_pre,OWOWOWWO,OWOWOWOO,4,5,-2.4844887904954596,0.4309075538610624,2.915396344356522,True
3,log2fc_pos_pre,OWOWWWOO,OWOWOWOO,4,5,-0.3406900056292549,0.4309075538610624,0.7715975594903173,True
3,log2fc_pos_pre,OWWWOWOO,OWOWOWOO,4,5,0.3142090351211176,0.4309075538610624,0.1166985187399448,True
3,log2fc_pos_pre,WWOWOWOO,OWOWOWOO,4,5,0.1184661703948537,0.4309075538610624,0.3124413834662087,True
3,log2fc_pos_pre,OWOWOWWW,OWOWOWOW,3,4,-0.6738072052574704,0.0920835280310104,0.7658907332884808,True
3,log2fc_pos_pre,OWOWWWOW,OWOWOWOW,3,4,-0.0579068103948677,0.0920835280310104,0.1499903384258781,True
3,log2fc_pos_pre,OWWWOWOW,OWOWOWOW,3,4,1.0099920122326205,0.0920835280310104,-0.9179084842016101,False
3,log2fc_pos_pre,WWOWOWOW,OWOWOWOW,3,4,-0.502323342769979,0.0920835280310104,0.5944068708009894,True
3,log2fc_pos_pre,OWOWOWWW,OWOWOWWO,3,4,-0.6738072052574704,-2.4844887904954596,-1.8106815852379892,False
3,log2fc_pos_pre,OWOWWWWO,OWOWOWWO,3,4,-0.1539823100008863,-2.4844887904954596,-2.330506480494573,False
3,log2fc_pos_pre,OWWWOWWO,OWOWOWWO,3,4,-0.4927695043371668,-2.4844887904954596,-1.9917192861582929,False
3,log2fc_pos_pre,WWOWOWWO,OWOWOWWO,3,4,-1.6912919086418454,-2.4844887904954596,-0.7931968818536141,False
3,log2fc_pos_pre,OWOWWWWW,OWOWOWWW,2,3,-0.5152610111048302,-0.6738072052574704,-0.15854619415264015,False
3,log2fc_pos_pre,OWWWOWWW,OWOWOWWW,2,3,-0.7262970773405207,-0.6738072052574704,0.05248987208305034,True
3,log2fc_pos_pre,WWOWOWWW,OWOWOWWW,2,3,-2.069760840780683,-0.6738072052574704,1.3959536355232125,True
3,log2fc_pos_pre,OWOWWOOW,OWOWWOOO,4,5,-1.0130030936567378,-0.0509348820658194,0.9620682115909184,True
3,log2fc_pos_pre,OWOWWOWO,OWOWWOOO,4,5,-0.1332261583672427,-0.0509348820658194,0.0822912763014233,True
3,log2fc_pos_pre,OWOWWWOO,OWOWWOOO,4,5,-0.3406900056292549,-0.0509348820658194,0.28975512356343547,True
3,log2fc_pos_pre,OWWWWOOO,OWOWWOOO,4,5,-0.4488395038490715,-0.0509348820658194,0.3979046217832521,True
3,log2fc_pos_pre,WWOWWOOO,OWOWWOOO,4,5,-0.7270296337676309,-0.0509348820658194,0.6760947517018114,True
3,log2fc_pos_pre,OWOWWOWW,OWOWWOOW,3,4,-0.110840754753883,-1.0130030936567378,-0.9021623389028548,False
3,log2fc_pos_pre,OWOWWWOW,OWOWWOOW,3,4,-0.0579068103948677,-1.0130030936567378,-0.9550962832618701,False
3,log2fc_pos_pre,OWWWWOOW,OWOWWOOW,3,4,0.7687092069137174,-1.0130030936567378,-1.7817123005704552,False
3,log2fc_pos_pre,WWOWWOOW,OWOWWOOW,3,4,-0.0264810153276372,-1.0130030936567378,-0.9865220783291005,False
3,log2fc_pos_pre,OWOWWOWW,OWOWWOWO,3,4,-0.110840754753883,-0.1332261583672427,-0.022385403613359695,False
3,log2fc_pos_pre,OWOWWWWO,OWOWWOWO,3,4,-0.1539823100008863,-0.1332261583672427,0.02075615163364361,True
3,log2fc_pos_pre,OWWWWOWO,OWOWWOWO,3,4,-0.3474168424374013,-0.1332261583672427,0.2141906840701586,True
3,log2fc_pos_pre,WWOWWOWO,OWOWWOWO,3,4,-1.071250182217913,-0.1332261583672427,0.9380240238506703,True
3,log2fc_pos_pre,OWOWWWWW,OWOWWOWW,2,3,-0.5152610111048302,-0.110840754753883,0.40442025635094725,True
3,log2fc_pos_pre,OWWWWOWW,OWOWWOWW,2,3,-0.5489948856825069,-0.110840754753883,0.4381541309286239,True
3,log2fc_pos_pre,WWOWWOWW,OWOWWOWW,2,3,-1.271739917561777,-0.110840754753883,1.160899162807894,True
3,log2fc_pos_pre,OWOWWWOW,OWOWWWOO,3,4,-0.0579068103948677,-0.3406900056292549,-0.2827831952343872,False
3,log2fc_pos_pre,OWOWWWWO,OWOWWWOO,3,4,-0.1539823100008863,-0.3406900056292549,-0.1867076956283686,False
3,log2fc_pos_pre,OWWWWWOO,OWOWWWOO,3,4,0.5152513409359797,-0.3406900056292549,-0.8559413465652346,False
3,log2fc_pos_pre,WWOWWWOO,OWOWWWOO,3,4,-0.3918206776354419,-0.3406900056292549,0.05113067200618704,True
3,log2fc_pos_pre,OWOWWWWW,OWOWWWOW,2,3,-0.5152610111048302,-0.0579068103948677,0.4573542007099626,True
3,log2fc_pos_pre,OWWWWWOW,OWOWWWOW,2,3,0.4051095522280161,-0.0579068103948677,-0.4630163626228838,False
3,log2fc_pos_pre,WWOWWWOW,OWOWWWOW,2,3,0.2789334721869036,-0.0579068103948677,-0.33684028258177134,False
3,log2fc_pos_pre,OWOWWWWW,OWOWWWWO,2,3,-0.5152610111048302,-0.1539823100008863,0.36127870110394394,True
3,log2fc_pos_pre,OWWWWWWO,OWOWWWWO,2,3,0.3686543551283576,-0.1539823100008863,-0.5226366651292439,False
3,log2fc_pos_pre,WWOWWWWO,OWOWWWWO,2,3,-1.3259937539757625,-0.1539823100008863,1.172011443974876,True
3,log2fc_pos_pre,OWWWWWWW,OWOWWWWW,1,2,-0.6342920053472137,-0.5152610111048302,0.1190309942423835,True
3,log2fc_pos_pre,WWOWWWWW,OWOWWWWW,1,2,0.5492435961068808,-0.5152610111048302,-1.064504607211711,False
3,log2fc_pos_pre,OWWOOOOW,OWWOOOOO,5,6,0.1132380189884247,1.4573883324014365,1.3441503134130117,True
3,log2fc_pos_pre,OWWOOOWO,OWWOOOOO,5,6,0.1718651417192765,1.4573883324014365,1.28552319068216,True
3,log2fc_pos_pre,OWWOOWOO,OWWOOOOO,5,6,0.1436528332452343,1.4573883324014365,1.3137354991562022,True
3,log2fc_pos_pre,OWWOWOOO,OWWOOOOO,5,6,0.8192141870482912,1.4573883324014365,0.6381741453531453,True
3,log2fc_pos_pre,OWWWOOOO,OWWOOOOO,5,6,-0.2631061729284819,1.4573883324014365,1.7204945053299183,True
3,log2fc_pos_pre,WWWOOOOO,OWWOOOOO,5,6,1.753953888231654,1.4573883324014365,-0.2965655558302176,False
3,log2fc_pos_pre,OWWOOOWW,OWWOOOOW,4,5,-1.1132053958303296,0.1132380189884247,1.2264434148187544,True
3,log2fc_pos_pre,OWWOOWOW,OWWOOOOW,4,5,-0.1734961274797338,0.1132380189884247,0.28673414646815854,True
3,log2fc_pos_pre,OWWOWOOW,OWWOOOOW,4,5,0.2315061496694321,0.1132380189884247,-0.11826813068100739,False
3,log2fc_pos_pre,OWWWOOOW,OWWOOOOW,4,5,-0.2388875198086631,0.1132380189884247,0.3521255387970878,True
3,log2fc_pos_pre,WWWOOOOW,OWWOOOOW,4,5,-0.9275545813436552,0.1132380189884247,1.04079260033208,True
3,log2fc_pos_pre,OWWOOOWW,OWWOOOWO,4,5,-1.1132053958303296,0.1718651417192765,1.285070537549606,True
3,log2fc_pos_pre,OWWOOWWO,OWWOOOWO,4,5,-0.3416405423702835,0.1718651417192765,0.51350568408956,True
3,log2fc_pos_pre,OWWOWOWO,OWWOOOWO,4,5,-0.1374647294973902,0.1718651417192765,0.30932987121666666,True
3,log2fc_pos_pre,OWWWOOWO,OWWOOOWO,4,5,0.2295525982540171,0.1718651417192765,-0.05768745653474061,False
3,log2fc_pos_pre,WWWOOOWO,OWWOOOWO,4,5,-0.4429122922026705,0.1718651417192765,0.614777433921947,True
3,log2fc_pos_pre,OWWOOWWW,OWWOOOWW,3,4,-1.9057600505324048,-1.1132053958303296,0.7925546547020752,True
3,log2fc_pos_pre,OWWOWOWW,OWWOOOWW,3,4,-1.1006141125653008,-1.1132053958303296,-0.012591283265028785,False
3,log2fc_pos_pre,OWWWOOWW,OWWOOOWW,3,4,-0.8623961557327686,-1.1132053958303296,-0.250809240097561,False
3,log2fc_pos_pre,WWWOOOWW,OWWOOOWW,3,4,-1.634577675917182,-1.1132053958303296,0.5213722800868523,True
3,log2fc_pos_pre,OWWOOWOW,OWWOOWOO,4,5,-0.1734961274797338,0.1436528332452343,0.3171489607249681,True
3,log2fc_pos_pre,OWWOOWWO,OWWOOWOO,4,5,-0.3416405423702835,0.1436528332452343,0.48529337561551783,True
3,log2fc_pos_pre,OWWOWWOO,OWWOOWOO,4,5,0.1674863125347758,0.1436528332452343,-0.023833479289541493,False
3,log2fc_pos_pre,OWWWOWOO,OWWOOWOO,4,5,0.3142090351211176,0.1436528332452343,-0.17055620187588327,False
3,log2fc_pos_pre,WWWOOWOO,OWWOOWOO,4,5,-0.2311382589355601,0.1436528332452343,0.3747910921807944,True
3,log2fc_pos_pre,OWWOOWWW,OWWOOWOW,3,4,-1.9057600505324048,-0.1734961274797338,1.732263923052671,True
3,log2fc_pos_pre,OWWOWWOW,OWWOOWOW,3,4,-0.0632228425498267,-0.1734961274797338,-0.11027328492990711,False
3,log2fc_pos_pre,OWWWOWOW,OWWOOWOW,3,4,1.0099920122326205,-0.1734961274797338,-1.1834881397123542,False
3,log2fc_pos_pre,WWWOOWOW,OWWOOWOW,3,4,0.2065054528502158,-0.1734961274797338,-0.3800015803299496,False
3,log2fc_pos_pre,OWWOOWWW,OWWOOWWO,3,4,-1.9057600505324048,-0.3416405423702835,1.5641195081621213,True
3,log2fc_pos_pre,OWWOWWWO,OWWOOWWO,3,4,-0.985721660564377,-0.3416405423702835,0.6440811181940935,True
3,log2fc_pos_pre,OWWWOWWO,OWWOOWWO,3,4,-0.4927695043371668,-0.3416405423702835,0.1511289619668833,True
3,log2fc_pos_pre,WWWOOWWO,OWWOOWWO,3,4,-0.5287700254359657,-0.3416405423702835,0.18712948306568222,True
3,log2fc_pos_pre,OWWOWWWW,OWWOOWWW,2,3,0.019543770988531,-1.9057600505324048,-1.925303821520936,False
3,log2fc_pos_pre,OWWWOWWW,OWWOOWWW,2,3,-0.7262970773405207,-1.9057600505324048,-1.179462973191884,False
3,log2fc_pos_pre,WWWOOWWW,OWWOOWWW,2,3,-0.2986406670542013,-1.9057600505324048,-1.6071193834782036,False
3,log2fc_pos_pre,OWWOWOOW,OWWOWOOO,4,5,0.2315061496694321,0.8192141870482912,0.5877080373788591,True
3,log2fc_pos_pre,OWWOWOWO,OWWOWOOO,4,5,-0.1374647294973902,0.8192141870482912,0.9566789165456814,True
3,log2fc_pos_pre,OWWOWWOO,OWWOWOOO,4,5,0.1674863125347758,0.8192141870482912,0.6517278745135153,True
3,log2fc_pos_pre,OWWWWOOO,OWWOWOOO,4,5,-0.4488395038490715,0.8192141870482912,1.2680536908973628,True
3,log2fc_pos_pre,WWWOWOOO,OWWOWOOO,4,5,-0.095691469404235,0.8192141870482912,0.9149056564525262,True
3,log2fc_pos_pre,OWWOWOWW,OWWOWOOW,3,4,-1.1006141125653008,0.2315061496694321,1.332120262234733,True
3,log2fc_pos_pre,OWWOWWOW,OWWOWOOW,3,4,-0.0632228425498267,0.2315061496694321,0.2947289922192588,True
3,log2fc_pos_pre,OWWWWOOW,OWWOWOOW,3,4,0.7687092069137174,0.2315061496694321,-0.5372030572442853,False
3,log2fc_pos_pre,WWWOWOOW,OWWOWOOW,3,4,0.2883358363928017,0.2315061496694321,-0.056829686723369605,False
3,log2fc_pos_pre,OWWOWOWW,OWWOWOWO,3,4,-1.1006141125653008,-0.1374647294973902,0.9631493830679106,True
3,log2fc_pos_pre,OWWOWWWO,OWWOWOWO,3,4,-0.985721660564377,-0.1374647294973902,0.8482569310669869,True
3,log2fc_pos_pre,OWWWWOWO,OWWOWOWO,3,4,-0.3474168424374013,-0.1374647294973902,0.2099521129400111,True
3,log2fc_pos_pre,WWWOWOWO,OWWOWOWO,3,4,-0.6343397663738094,-0.1374647294973902,0.4968750368764192,True
3,log2fc_pos_pre,OWWOWWWW,OWWOWOWW,2,3,0.019543770988531,-1.1006141125653008,-1.120157883553832,False
3,log2fc_pos_pre,OWWWWOWW,OWWOWOWW,2,3,-0.5489948856825069,-1.1006141125653008,-0.551619226882794,False
3,log2fc_pos_pre,WWWOWOWW,OWWOWOWW,2,3,-0.1664893999303272,-1.1006141125653008,-0.9341247126349737,False
3,log2fc_pos_pre,OWWOWWOW,OWWOWWOO,3,4,-0.0632228425498267,0.1674863125347758,0.2307091550846025,True
3,log2fc_pos_pre,OWWOWWWO,OWWOWWOO,3,4,-0.985721660564377,0.1674863125347758,1.153207973099153,True
3,log2fc_pos_pre,OWWWWWOO,OWWOWWOO,3,4,0.5152513409359797,0.1674863125347758,-0.3477650284012039,False
3,log2fc_pos_pre,WWWOWWOO,OWWOWWOO,3,4,0.5004405770379181,0.1674863125347758,-0.3329542645031423,False
3,log2fc_pos_pre,OWWOWWWW,OWWOWWOW,2,3,0.019543770988531,-0.0632228425498267,-0.0827666135383577,False
3,log2fc_pos_pre,OWWWWWOW,OWWOWWOW,2,3,0.4051095522280161,-0.0632228425498267,-0.4683323947778428,False
3,log2fc_pos_pre,WWWOWWOW,OWWOWWOW,2,3,1.0874051185861442,-0.0632228425498267,-1.1506279611359709,False
3,log2fc_pos_pre,OWWOWWWW,OWWOWWWO,2,3,0.019543770988531,-0.985721660564377,-1.0052654315529082,False
3,log2fc_pos_pre,OWWWWWWO,OWWOWWWO,2,3,0.3686543551283576,-0.985721660564377,-1.3543760156927347,False
3,log2fc_pos_pre,WWWOWWWO,OWWOWWWO,2,3,-1.345116382950766,-0.985721660564377,0.3593947223863889,True
3,log2fc_pos_pre,OWWWWWWW,OWWOWWWW,1,2,-0.6342920053472137,0.019543770988531,0.6538357763357447,True
3,log2fc_pos_pre,WWWOWWWW,OWWOWWWW,1,2,0.4760943202966575,0.019543770988531,-0.4565505493081265,False
3,log2fc_pos_pre,OWWWOOOW,OWWWOOOO,4,5,-0.2388875198086631,-0.2631061729284819,-0.024218653119818773,False
3,log2fc_pos_pre,OWWWOOWO,OWWWOOOO,4,5,0.2295525982540171,-0.2631061729284819,-0.492658771182499,False
3,log2fc_pos_pre,OWWWOWOO,OWWWOOOO,4,5,0.3142090351211176,-0.2631061729284819,-0.5773152080495995,False
3,log2fc_pos_pre,OWWWWOOO,OWWWOOOO,4,5,-0.4488395038490715,-0.2631061729284819,0.18573333092058963,True
3,log2fc_pos_pre,WWWWOOOO,OWWWOOOO,4,5,0.9689524175276087,-0.2631061729284819,-1.2320585904560906,False
3,log2fc_pos_pre,OWWWOOWW,OWWWOOOW,3,4,-0.8623961557327686,-0.2388875198086631,0.6235086359241055,True
3,log2fc_pos_pre,OWWWOWOW,OWWWOOOW,3,4,1.0099920122326205,-0.2388875198086631,-1.2488795320412835,False
3,log2fc_pos_pre,OWWWWOOW,OWWWOOOW,3,4,0.7687092069137174,-0.2388875198086631,-1.0075967267223804,False
3,log2fc_pos_pre,WWWWOOOW,OWWWOOOW,3,4,0.1383898145158817,-0.2388875198086631,-0.3772773343245448,False
3,log2fc_pos_pre,OWWWOOWW,OWWWOOWO,3,4,-0.8623961557327686,0.2295525982540171,1.0919487539867858,True
3,log2fc_pos_pre,OWWWOWWO,OWWWOOWO,3,4,-0.4927695043371668,0.2295525982540171,0.7223221025911839,True
3,log2fc_pos_pre,OWWWWOWO,OWWWOOWO,3,4,-0.3474168424374013,0.2295525982540171,0.5769694406914184,True
3,log2fc_pos_pre,WWWWOOWO,OWWWOOWO,3,4,-0.0383619850422676,0.2295525982540171,0.2679145832962847,True
3,log2fc_pos_pre,OWWWOWWW,OWWWOOWW,2,3,-0.7262970773405207,-0.8623961557327686,-0.13609907839224789,False
3,log2fc_pos_pre,OWWWWOWW,OWWWOOWW,2,3,-0.5489948856825069,-0.8623961557327686,-0.31340127005026175,False
3,log2fc_pos_pre,WWWWOOWW,OWWWOOWW,2,3,-0.1345647715771092,-0.8623961557327686,-0.7278313841556594,False
3,log2fc_pos_pre,OWWWOWOW,OWWWOWOO,3,4,1.0099920122326205,0.3142090351211176,-0.6957829771115029,False
3,log2fc_pos_pre,OWWWOWWO,OWWWOWOO,3,4,-0.4927695043371668,0.3142090351211176,0.8069785394582845,True
3,log2fc_pos_pre,OWWWWWOO,OWWWOWOO,3,4,0.5152513409359797,0.3142090351211176,-0.2010423058148621,False
3,log2fc_pos_pre,WWWWOWOO,OWWWOWOO,3,4,0.2538781752696198,0.3142090351211176,0.060330859851497776,True
3,log2fc_pos_pre,OWWWOWWW,OWWWOWOW,2,3,-0.7262970773405207,1.0099920122326205,1.736289089573141,True
3,log2fc_pos_pre,OWWWWWOW,OWWWOWOW,2,3,0.4051095522280161,1.0099920122326205,0.6048824600046043,True
3,log2fc_pos_pre,WWWWOWOW,OWWWOWOW,2,3,0.4095302191510264,1.0099920122326205,0.6004617930815941,True
3,log2fc_pos_pre,OWWWOWWW,OWWWOWWO,2,3,-0.7262970773405207,-0.4927695043371668,0.23352757300335392,True
3,log2fc_pos_pre,OWWWWWWO,OWWWOWWO,2,3,0.3686543551283576,-0.4927695043371668,-0.8614238594655244,False
3,log2fc_pos_pre,WWWWOWWO,OWWWOWWO,2,3,0.5651081250557888,-0.4927695043371668,-1.0578776293929555,False
3,log2fc_pos_pre,OWWWWWWW,OWWWOWWW,1,2,-0.6342920053472137,-0.7262970773405207,-0.09200507199330699,False
3,log2fc_pos_pre,WWWWOWWW,OWWWOWWW,1,2,-1.6057092678970089,-0.7262970773405207,0.8794121905564881,True
3,log2fc_pos_pre,OWWWWOOW,OWWWWOOO,3,4,0.7687092069137174,-0.4488395038490715,-1.217548710762789,False
3,log2fc_pos_pre,OWWWWOWO,OWWWWOOO,3,4,-0.3474168424374013,-0.4488395038490715,-0.10142266141167022,False
3,log2fc_pos_pre,OWWWWWOO,OWWWWOOO,3,4,0.5152513409359797,-0.4488395038490715,-0.9640908447850511,False
3,log2fc_pos_pre,WWWWWOOO,OWWWWOOO,3,4,0.6494259261389146,-0.4488395038490715,-1.0982654299879862,False
3,log2fc_pos_pre,OWWWWOWW,OWWWWOOW,2,3,-0.5489948856825069,0.7687092069137174,1.3177040925962242,True
3,log2fc_pos_pre,OWWWWWOW,OWWWWOOW,2,3,0.4051095522280161,0.7687092069137174,0.36359965468570127,True
3,log2fc_pos_pre,WWWWWOOW,OWWWWOOW,2,3,0.2987738725456896,0.7687092069137174,0.46993533436802776,True
3,log2fc_pos_pre,OWWWWOWW,OWWWWOWO,2,3,-0.5489948856825069,-0.3474168424374013,0.2015780432451056,True
3,log2fc_pos_pre,OWWWWWWO,OWWWWOWO,2,3,0.3686543551283576,-0.3474168424374013,-0.7160711975657589,False
3,log2fc_pos_pre,WWWWWOWO,OWWWWOWO,2,3,0.6984141925869259,-0.3474168424374013,-1.0458310350243272,False
3,log2fc_pos_pre,OWWWWWWW,OWWWWOWW,1,2,-0.6342920053472137,-0.5489948856825069,0.08529711966470688,True
3,log2fc_pos_pre,WWWWWOWW,OWWWWOWW,1,2,-0.6688247211269845,-0.5489948856825069,0.11982983544447767,True
3,log2fc_pos_pre,OWWWWWOW,OWWWWWOO,2,3,0.4051095522280161,0.5152513409359797,0.1101417887079636,True
3,log2fc_pos_pre,OWWWWWWO,OWWWWWOO,2,3,0.3686543551283576,0.5152513409359797,0.1465969858076221,True
3,log2fc_pos_pre,WWWWWWOO,OWWWWWOO,2,3,0.2128250299253032,0.5152513409359797,0.3024263110106765,True
3,log2fc_pos_pre,OWWWWWWW,OWWWWWOW,1,2,-0.6342920053472137,0.4051095522280161,1.0394015575752298,True
3,log2fc_pos_pre,WWWWWWOW,OWWWWWOW,1,2,0.3038475225329401,0.4051095522280161,0.10126202969507597,True
3,log2fc_pos_pre,OWWWWWWW,OWWWWWWO,1,2,-0.6342920053472137,0.3686543551283576,1.0029463604755713,True
3,log2fc_pos_pre,WWWWWWWO,OWWWWWWO,1,2,-0.8865340783895432,0.3686543551283576,1.2551884335179009,True
3,log2fc_pos_pre,WWWWWWWW,OWWWWWWW,0,1,0.0022586756687291,-0.6342920053472137,-0.6365506810159428,False
3,log2fc_pos_pre,WOOOOOOW,WOOOOOOO,6,7,-0.3578107045965205,1.3454902480254758,1.7033009526219962,True
3,log2fc_pos_pre,WOOOOOWO,WOOOOOOO,6,7,0.4255112504071623,1.3454902480254758,0.9199789976183135,True
3,log2fc_pos_pre,WOOOOWOO,WOOOOOOO,6,7,-0.1478943243306485,1.3454902480254758,1.4933845723561243,True
3,log2fc_pos_pre,WOOOWOOO,WOOOOOOO,6,7,1.2549905158432424,1.3454902480254758,0.0904997321822334,True
3,log2fc_pos_pre,WOOWOOOO,WOOOOOOO,6,7,0.5083720158824406,1.3454902480254758,0.8371182321430352,True
3,log2fc_pos_pre,WOWOOOOO,WOOOOOOO,6,7,2.8649398213361312,1.3454902480254758,-1.5194495733106554,False
3,log2fc_pos_pre,WWOOOOOO,WOOOOOOO,6,7,1.7982491436465975,1.3454902480254758,-0.4527588956211217,False
3,log2fc_pos_pre,WOOOOOWW,WOOOOOOW,5,6,-1.1104543864456513,-0.3578107045965205,0.7526436818491309,True
3,log2fc_pos_pre,WOOOOWOW,WOOOOOOW,5,6,-0.6496070242328238,-0.3578107045965205,0.2917963196363033,True
3,log2fc_pos_pre,WOOOWOOW,WOOOOOOW,5,6,-0.322519885479605,-0.3578107045965205,-0.035290819116915506,False
3,log2fc_pos_pre,WOOWOOOW,WOOOOOOW,5,6,-0.5912422000588088,-0.3578107045965205,0.2334314954622883,True
3,log2fc_pos_pre,WOWOOOOW,WOOOOOOW,5,6,0.601761886151175,-0.3578107045965205,-0.9595725907476955,False
3,log2fc_pos_pre,WWOOOOOW,WOOOOOOW,5,6,-0.0756316499754779,-0.3578107045965205,-0.2821790546210426,False
3,log2fc_pos_pre,WOOOOOWW,WOOOOOWO,5,6,-1.1104543864456513,0.4255112504071623,1.5359656368528136,True
3,log2fc_pos_pre,WOOOOWWO,WOOOOOWO,5,6,-0.8305863039370659,0.4255112504071623,1.2560975543442283,True
3,log2fc_pos_pre,WOOOWOWO,WOOOOOWO,5,6,1.088899907055482,0.4255112504071623,-0.6633886566483196,False
3,log2fc_pos_pre,WOOWOOWO,WOOOOOWO,5,6,0.1453893975381283,0.4255112504071623,0.280121852869034,True
3,log2fc_pos_pre,WOWOOOWO,WOOOOOWO,5,6,-0.0674191311155514,0.4255112504071623,0.49293038152271373,True
3,log2fc_pos_pre,WWOOOOWO,WOOOOOWO,5,6,0.788403595076065,0.4255112504071623,-0.36289234466890263,False
3,log2fc_pos_pre,WOOOOWWW,WOOOOOWW,4,5,-0.9381412323584336,-1.1104543864456513,-0.1723131540872177,False
3,log2fc_pos_pre,WOOOWOWW,WOOOOOWW,4,5,-1.2928079573952376,-1.1104543864456513,0.18235357094958626,True
3,log2fc_pos_pre,WOOWOOWW,WOOOOOWW,4,5,-0.8780497202077269,-1.1104543864456513,-0.23240466623792444,False
3,log2fc_pos_pre,WOWOOOWW,WOOOOOWW,4,5,-0.4790795719165983,-1.1104543864456513,-0.631374814529053,False
3,log2fc_pos_pre,WWOOOOWW,WOOOOOWW,4,5,-1.465107046868729,-1.1104543864456513,0.35465266042307775,True
3,log2fc_pos_pre,WOOOOWOW,WOOOOWOO,5,6,-0.6496070242328238,-0.1478943243306485,0.5017126999021753,True
3,log2fc_pos_pre,WOOOOWWO,WOOOOWOO,5,6,-0.8305863039370659,-0.1478943243306485,0.6826919796064174,True
3,log2fc_pos_pre,WOOOWWOO,WOOOOWOO,5,6,0.7211941465195704,-0.1478943243306485,-0.8690884708502189,False
3,log2fc_pos_pre,WOOWOWOO,WOOOOWOO,5,6,0.4551212748067522,-0.1478943243306485,-0.6030155991374007,False
3,log2fc_pos_pre,WOWOOWOO,WOOOOWOO,5,6,0.080625651487202,-0.1478943243306485,-0.2285199758178505,False
3,log2fc_pos_pre,WWOOOWOO,WOOOOWOO,5,6,0.0508212859166148,-0.1478943243306485,-0.1987156102472633,False
3,log2fc_pos_pre,WOOOOWWW,WOOOOWOW,4,5,-0.9381412323584336,-0.6496070242328238,0.2885342081256098,True
3,log2fc_pos_pre,WOOOWWOW,WOOOOWOW,4,5,-0.0995209450291085,-0.6496070242328238,-0.5500860792037153,False
3,log2fc_pos_pre,WOOWOWOW,WOOOOWOW,4,5,-0.163533950543632,-0.6496070242328238,-0.4860730736891918,False
3,log2fc_pos_pre,WOWOOWOW,WOOOOWOW,4,5,-0.2856058936730629,-0.6496070242328238,-0.3640011305597609,False
3,log2fc_pos_pre,WWOOOWOW,WOOOOWOW,4,5,-0.8370716291598829,-0.6496070242328238,0.18746460492705908,True
3,log2fc_pos_pre,WOOOOWWW,WOOOOWWO,4,5,-0.9381412323584336,-0.8305863039370659,0.10755492842136771,True
3,log2fc_pos_pre,WOOOWWWO,WOOOOWWO,4,5,-0.5060628465140012,-0.8305863039370659,-0.32452345742306465,False
3,log2fc_pos_pre,WOOWOWWO,WOOOOWWO,4,5,-0.7150476275345619,-0.8305863039370659,-0.11553867640250404,False
3,log2fc_pos_pre,WOWOOWWO,WOOOOWWO,4,5,-2.7813783195825783,-0.8305863039370659,1.9507920156455123,True
3,log2fc_pos_pre,WWOOOWWO,WOOOOWWO,4,5,0.6739043103229928,-0.8305863039370659,-1.5044906142600587,False
3,log2fc_pos_pre,WOOOWWWW,WOOOOWWW,3,4,-0.4076267293944538,-0.9381412323584336,-0.5305145029639797,False
3,log2fc_pos_pre,WOOWOWWW,WOOOOWWW,3,4,-1.5762647853326668,-0.9381412323584336,0.6381235529742332,True
3,log2fc_pos_pre,WOWOOWWW,WOOOOWWW,3,4,-0.6400994717469809,-0.9381412323584336,-0.2980417606114527,False
3,log2fc_pos_pre,WWOOOWWW,WOOOOWWW,3,4,-1.2208591511772278,-0.9381412323584336,0.28271791881879416,True
3,log2fc_pos_pre,WOOOWOOW,WOOOWOOO,5,6,-0.322519885479605,1.2549905158432424,1.5775104013228474,True
3,log2fc_pos_pre,WOOOWOWO,WOOOWOOO,5,6,1.088899907055482,1.2549905158432424,0.1660906087877605,True
3,log2fc_pos_pre,WOOOWWOO,WOOOWOOO,5,6,0.7211941465195704,1.2549905158432424,0.533796369323672,True
3,log2fc_pos_pre,WOOWWOOO,WOOOWOOO,5,6,-0.0944722838254874,1.2549905158432424,1.3494627996687298,True
3,log2fc_pos_pre,WOWOWOOO,WOOOWOOO,5,6,1.12618998920818,1.2549905158432424,0.12880052663506247,True
3,log2fc_pos_pre,WWOOWOOO,WOOOWOOO,5,6,-0.1214757545328854,1.2549905158432424,1.376466270376128,True
3,log2fc_pos_pre,WOOOWOWW,WOOOWOOW,4,5,-1.2928079573952376,-0.322519885479605,0.9702880719156326,True
3,log2fc_pos_pre,WOOOWWOW,WOOOWOOW,4,5,-0.0995209450291085,-0.322519885479605,-0.22299894045049645,False
3,log2fc_pos_pre,WOOWWOOW,WOOOWOOW,4,5,-0.2740644041464824,-0.322519885479605,-0.04845548133312255,False
3,log2fc_pos_pre,WOWOWOOW,WOOOWOOW,4,5,1.4976390915074231,-0.322519885479605,-1.820158976987028,False
3,log2fc_pos_pre,WWOOWOOW,WOOOWOOW,4,5,-0.1289847680777171,-0.322519885479605,-0.19353511740188786,False
3,log2fc_pos_pre,WOOOWOWW,WOOOWOWO,4,5,-1.2928079573952376,1.088899907055482,2.3817078644507195,True
3,log2fc_pos_pre,WOOOWWWO,WOOOWOWO,4,5,-0.5060628465140012,1.088899907055482,1.594962753569483,True
3,log2fc_pos_pre,WOOWWOWO,WOOOWOWO,4,5,0.6943793992584807,1.088899907055482,0.3945205077970012,True
3,log2fc_pos_pre,WOWOWOWO,WOOOWOWO,4,5,0.2189675890641549,1.088899907055482,0.869932317991327,True
3,log2fc_pos_pre,WWOOWOWO,WOOOWOWO,4,5,-1.4364915837047905,1.088899907055482,2.5253914907602724,True
3,log2fc_pos_pre,WOOOWWWW,WOOOWOWW,3,4,-0.4076267293944538,-1.2928079573952376,-0.8851812280007838,False
3,log2fc_pos_pre,WOOWWOWW,WOOOWOWW,3,4,-0.0155215183918935,-1.2928079573952376,-1.277286439003344,False
3,log2fc_pos_pre,WOWOWOWW,WOOOWOWW,3,4,-0.6667481201663022,-1.2928079573952376,-0.6260598372289353,False
3,log2fc_pos_pre,WWOOWOWW,WOOOWOWW,3,4,-2.6035055289434323,-1.2928079573952376,1.3106975715481948,True
3,log2fc_pos_pre,WOOOWWOW,WOOOWWOO,4,5,-0.0995209450291085,0.7211941465195704,0.8207150915486788,True
3,log2fc_pos_pre,WOOOWWWO,WOOOWWOO,4,5,-0.5060628465140012,0.7211941465195704,1.2272569930335715,True
3,log2fc_pos_pre,WOOWWWOO,WOOOWWOO,4,5,-0.818013417426482,0.7211941465195704,1.5392075639460523,True
3,log2fc_pos_pre,WOWOWWOO,WOOOWWOO,4,5,0.3776468102183721,0.7211941465195704,0.34354733630119827,True
3,log2fc_pos_pre,WWOOWWOO,WOOOWWOO,4,5,0.0852160918974625,0.7211941465195704,0.6359780546221079,True
3,log2fc_pos_pre,WOOOWWWW,WOOOWWOW,3,4,-0.4076267293944538,-0.0995209450291085,0.3081057843653453,True
3,log2fc_pos_pre,WOOWWWOW,WOOOWWOW,3,4,-1.1660593713494285,-0.0995209450291085,1.06653842632032,True
3,log2fc_pos_pre,WOWOWWOW,WOOOWWOW,3,4,1.1756003125169932,-0.0995209450291085,-1.2751212575461017,False
3,log2fc_pos_pre,WWOOWWOW,WOOOWWOW,3,4,-0.197563956988619,-0.0995209450291085,0.0980430119595105,True
3,log2fc_pos_pre,WOOOWWWW,WOOOWWWO,3,4,-0.4076267293944538,-0.5060628465140012,-0.09843611711954742,False
3,log2fc_pos_pre,WOOWWWWO,WOOOWWWO,3,4,-0.071524169569171,-0.5060628465140012,-0.4345386769448302,False
3,log2fc_pos_pre,WOWOWWWO,WOOOWWWO,3,4,0.1505352242837897,-0.5060628465140012,-0.656598070797791,False
3,log2fc_pos_pre,WWOOWWWO,WOOOWWWO,3,4,-0.8904611809493423,-0.5060628465140012,0.3843983344353411,True
3,log2fc_pos_pre,WOOWWWWW,WOOOWWWW,2,3,0.0096999712897479,-0.4076267293944538,-0.41732670068420175,False
3,log2fc_pos_pre,WOWOWWWW,WOOOWWWW,2,3,-0.4522167573109927,-0.4076267293944538,0.04459002791653888,True
3,log2fc_pos_pre,WWOOWWWW,WOOOWWWW,2,3,-1.487659201592788,-0.4076267293944538,1.0800324721983343,True
3,log2fc_pos_pre,WOOWOOOW,WOOWOOOO,5,6,-0.5912422000588088,0.5083720158824406,1.0996142159412494,True
3,log2fc_pos_pre,WOOWOOWO,WOOWOOOO,5,6,0.1453893975381283,0.5083720158824406,0.36298261834431234,True
3,log2fc_pos_pre,WOOWOWOO,WOOWOOOO,5,6,0.4551212748067522,0.5083720158824406,0.053250741075688446,True
3,log2fc_pos_pre,WOOWWOOO,WOOWOOOO,5,6,-0.0944722838254874,0.5083720158824406,0.6028442997079281,True
3,log2fc_pos_pre,WOWWOOOO,WOOWOOOO,5,6,1.877975701946407,0.5083720158824406,-1.3696036860639662,False
3,log2fc_pos_pre,WWOWOOOO,WOOWOOOO,5,6,0.0987174193699651,0.5083720158824406,0.40965459651247554,True
3,log2fc_pos_pre,WOOWOOWW,WOOWOOOW,4,5,-0.8780497202077269,-0.5912422000588088,0.2868075201489181,True
3,log2fc_pos_pre,WOOWOWOW,WOOWOOOW,4,5,-0.163533950543632,-0.5912422000588088,-0.4277082495151768,False
3,log2fc_pos_pre,WOOWWOOW,WOOWOOOW,4,5,-0.2740644041464824,-0.5912422000588088,-0.31717779591232637,False
3,log2fc_pos_pre,WOWWOOOW,WOOWOOOW,4,5,0.8921974758629899,-0.5912422000588088,-1.4834396759217987,False
3,log2fc_pos_pre,WWOWOOOW,WOOWOOOW,4,5,0.0342664069043351,-0.5912422000588088,-0.6255086069631439,False
3,log2fc_pos_pre,WOOWOOWW,WOOWOOWO,4,5,-0.8780497202077269,0.1453893975381283,1.023439117745855,True
3,log2fc_pos_pre,WOOWOWWO,WOOWOOWO,4,5,-0.7150476275345619,0.1453893975381283,0.8604370250726902,True
3,log2fc_pos_pre,WOOWWOWO,WOOWOOWO,4,5,0.6943793992584807,0.1453893975381283,-0.5489900017203524,False
3,log2fc_pos_pre,WOWWOOWO,WOOWOOWO,4,5,0.2532457429148826,0.1453893975381283,-0.10785634537675431,False
3,log2fc_pos_pre,WWOWOOWO,WOOWOOWO,4,5,-1.448272166697402,0.1453893975381283,1.5936615642355303,True
3,log2fc_pos_pre,WOOWOWWW,WOOWOOWW,3,4,-1.5762647853326668,-0.8780497202077269,0.6982150651249399,True
3,log2fc_pos_pre,WOOWWOWW,WOOWOOWW,3,4,-0.0155215183918935,-0.8780497202077269,-0.8625282018158333,False
3,log2fc_pos_pre,WOWWOOWW,WOOWOOWW,3,4,-0.3904874478869001,-0.8780497202077269,-0.4875622723208268,False
3,log2fc_pos_pre,WWOWOOWW,WOOWOOWW,3,4,-1.665878017502872,-0.8780497202077269,0.7878282972951451,True
3,log2fc_pos_pre,WOOWOWOW,WOOWOWOO,4,5,-0.163533950543632,0.4551212748067522,0.6186552253503842,True
3,log2fc_pos_pre,WOOWOWWO,WOOWOWOO,4,5,-0.7150476275345619,0.4551212748067522,1.170168902341314,True
3,log2fc_pos_pre,WOOWWWOO,WOOWOWOO,4,5,-0.818013417426482,0.4551212748067522,1.2731346922332343,True
3,log2fc_pos_pre,WOWWOWOO,WOOWOWOO,4,5,1.5469203794690003,0.4551212748067522,-1.0917991046622482,False
3,log2fc_pos_pre,WWOWOWOO,WOOWOWOO,4,5,0.1184661703948537,0.4551212748067522,0.3366551044118985,True
3,log2fc_pos_pre,WOOWOWWW,WOOWOWOW,3,4,-1.5762647853326668,-0.163533950543632,1.4127308347890348,True
3,log2fc_pos_pre,WOOWWWOW,WOOWOWOW,3,4,-1.1660593713494285,-0.163533950543632,1.0025254208057965,True
3,log2fc_pos_pre,WOWWOWOW,WOOWOWOW,3,4,0.3173029055339653,-0.163533950543632,-0.4808368560775973,False
3,log2fc_pos_pre,WWOWOWOW,WOOWOWOW,3,4,-0.502323342769979,-0.163533950543632,0.338789392226347,True
3,log2fc_pos_pre,WOOWOWWW,WOOWOWWO,3,4,-1.5762647853326668,-0.7150476275345619,0.8612171577981049,True
3,log2fc_pos_pre,WOOWWWWO,WOOWOWWO,3,4,-0.071524169569171,-0.7150476275345619,-0.6435234579653909,False
3,log2fc_pos_pre,WOWWOWWO,WOOWOWWO,3,4,-0.1658510101080797,-0.7150476275345619,-0.5491966174264822,False
3,log2fc_pos_pre,WWOWOWWO,WOOWOWWO,3,4,-1.6912919086418454,-0.7150476275345619,0.9762442811072836,True
3,log2fc_pos_pre,WOOWWWWW,WOOWOWWW,2,3,0.0096999712897479,-1.5762647853326668,-1.5859647566224147,False
3,log2fc_pos_pre,WOWWOWWW,WOOWOWWW,2,3,0.1211632006967267,-1.5762647853326668,-1.6974279860293935,False
3,log2fc_pos_pre,WWOWOWWW,WOOWOWWW,2,3,-2.069760840780683,-1.5762647853326668,0.4934960554480161,True
3,log2fc_pos_pre,WOOWWOOW,WOOWWOOO,4,5,-0.2740644041464824,-0.0944722838254874,0.17959212032099503,True
3,log2fc_pos_pre,WOOWWOWO,WOOWWOOO,4,5,0.6943793992584807,-0.0944722838254874,-0.7888516830839681,False
3,log2fc_pos_pre,WOOWWWOO,WOOWWOOO,4,5,-0.818013417426482,-0.0944722838254874,0.7235411336009946,True
3,log2fc_pos_pre,WOWWWOOO,WOOWWOOO,4,5,0.7366011281750221,-0.0944722838254874,-0.8310734120005095,False
3,log2fc_pos_pre,WWOWWOOO,WOOWWOOO,4,5,-0.7270296337676309,-0.0944722838254874,0.6325573499421434,True
3,log2fc_pos_pre,WOOWWOWW,WOOWWOOW,3,4,-0.0155215183918935,-0.2740644041464824,-0.25854288575458895,False
3,log2fc_pos_pre,WOOWWWOW,WOOWWOOW,3,4,-1.1660593713494285,-0.2740644041464824,0.8919949672029461,True
3,log2fc_pos_pre,WOWWWOOW,WOOWWOOW,3,4,0.2655119025127778,-0.2740644041464824,-0.5395763066592603,False
3,log2fc_pos_pre,WWOWWOOW,WOOWWOOW,3,4,-0.0264810153276372,-0.2740644041464824,-0.24758338881884523,False
3,log2fc_pos_pre,WOOWWOWW,WOOWWOWO,3,4,-0.0155215183918935,0.6943793992584807,0.7099009176503742,True
3,log2fc_pos_pre,WOOWWWWO,WOOWWOWO,3,4,-0.071524169569171,0.6943793992584807,0.7659035688276516,True
3,log2fc_pos_pre,WOWWWOWO,WOOWWOWO,3,4,0.3074021893796879,0.6943793992584807,0.3869772098787928,True
3,log2fc_pos_pre,WWOWWOWO,WOOWWOWO,3,4,-1.071250182217913,0.6943793992584807,1.7656295814763938,True
3,log2fc_pos_pre,WOOWWWWW,WOOWWOWW,2,3,0.0096999712897479,-0.0155215183918935,-0.0252214896816414,False
3,log2fc_pos_pre,WOWWWOWW,WOOWWOWW,2,3,0.0041724551511008,-0.0155215183918935,-0.0196939735429943,False
3,log2fc_pos_pre,WWOWWOWW,WOOWWOWW,2,3,-1.271739917561777,-0.0155215183918935,1.2562183991698834,True
3,log2fc_pos_pre,WOOWWWOW,WOOWWWOO,3,4,-1.1660593713494285,-0.818013417426482,0.34804595392294646,True
3,log2fc_pos_pre,WOOWWWWO,WOOWWWOO,3,4,-0.071524169569171,-0.818013417426482,-0.7464892478573111,False
3,log2fc_pos_pre,WOWWWWOO,WOOWWWOO,3,4,0.3702832423520737,-0.818013417426482,-1.1882966597785558,False
3,log2fc_pos_pre,WWOWWWOO,WOOWWWOO,3,4,-0.3918206776354419,-0.818013417426482,-0.4261927397910401,False
3,log2fc_pos_pre,WOOWWWWW,WOOWWWOW,2,3,0.0096999712897479,-1.1660593713494285,-1.1757593426391764,False
3,log2fc_pos_pre,WOWWWWOW,WOOWWWOW,2,3,1.018183665052568,-1.1660593713494285,-2.1842430364019965,False
3,log2fc_pos_pre,WWOWWWOW,WOOWWWOW,2,3,0.2789334721869036,-1.1660593713494285,-1.4449928435363322,False
3,log2fc_pos_pre,WOOWWWWW,WOOWWWWO,2,3,0.0096999712897479,-0.071524169569171,-0.0812241408589189,False
3,log2fc_pos_pre,WOWWWWWO,WOOWWWWO,2,3,-0.7730444931401103,-0.071524169569171,0.7015203235709393,True
3,log2fc_pos_pre,WWOWWWWO,WOOWWWWO,2,3,-1.3259937539757625,-0.071524169569171,1.2544695844065914,True
3,log2fc_pos_pre,WOWWWWWW,WOOWWWWW,1,2,0.0707431284335245,0.0096999712897479,-0.061043157143776595,False
3,log2fc_pos_pre,WWOWWWWW,WOOWWWWW,1,2,0.5492435961068808,0.0096999712897479,-0.5395436248171329,False
3,log2fc_pos_pre,WOWOOOOW,WOWOOOOO,5,6,0.601761886151175,2.8649398213361312,2.2631779351849564,True
3,log2fc_pos_pre,WOWOOOWO,WOWOOOOO,5,6,-0.0674191311155514,2.8649398213361312,2.9323589524516827,True
3,log2fc_pos_pre,WOWOOWOO,WOWOOOOO,5,6,0.080625651487202,2.8649398213361312,2.7843141698489293,True
3,log2fc_pos_pre,WOWOWOOO,WOWOOOOO,5,6,1.12618998920818,2.8649398213361312,1.7387498321279513,True
3,log2fc_pos_pre,WOWWOOOO,WOWOOOOO,5,6,1.877975701946407,2.8649398213361312,0.9869641193897243,True
3,log2fc_pos_pre,WWWOOOOO,WOWOOOOO,5,6,1.753953888231654,2.8649398213361312,1.1109859331044771,True
3,log2fc_pos_pre,WOWOOOWW,WOWOOOOW,4,5,-0.4790795719165983,0.601761886151175,1.0808414580677732,True
3,log2fc_pos_pre,WOWOOWOW,WOWOOOOW,4,5,-0.2856058936730629,0.601761886151175,0.8873677798242379,True
3,log2fc_pos_pre,WOWOWOOW,WOWOOOOW,4,5,1.4976390915074231,0.601761886151175,-0.8958772053562482,False
3,log2fc_pos_pre,WOWWOOOW,WOWOOOOW,4,5,0.8921974758629899,0.601761886151175,-0.29043558971181493,False
3,log2fc_pos_pre,WWWOOOOW,WOWOOOOW,4,5,-0.9275545813436552,0.601761886151175,1.52931646749483,True
3,log2fc_pos_pre,WOWOOOWW,WOWOOOWO,4,5,-0.4790795719165983,-0.0674191311155514,0.4116604408010469,True
3,log2fc_pos_pre,WOWOOWWO,WOWOOOWO,4,5,-2.7813783195825783,-0.0674191311155514,2.713959188467027,True
3,log2fc_pos_pre,WOWOWOWO,WOWOOOWO,4,5,0.2189675890641549,-0.0674191311155514,-0.2863867201797063,False
3,log2fc_pos_pre,WOWWOOWO,WOWOOOWO,4,5,0.2532457429148826,-0.0674191311155514,-0.320664874030434,False
3,log2fc_pos_pre,WWWOOOWO,WOWOOOWO,4,5,-0.4429122922026705,-0.0674191311155514,0.37549316108711905,True
3,log2fc_pos_pre,WOWOOWWW,WOWOOOWW,3,4,-0.6400994717469809,-0.4790795719165983,0.16101989983038262,True
3,log2fc_pos_pre,WOWOWOWW,WOWOOOWW,3,4,-0.6667481201663022,-0.4790795719165983,0.18766854824970397,True
3,log2fc_pos_pre,WOWWOOWW,WOWOOOWW,3,4,-0.3904874478869001,-0.4790795719165983,-0.08859212402969818,False
3,log2fc_pos_pre,WWWOOOWW,WOWOOOWW,3,4,-1.634577675917182,-0.4790795719165983,1.1554981040005836,True
3,log2fc_pos_pre,WOWOOWOW,WOWOOWOO,4,5,-0.2856058936730629,0.080625651487202,0.3662315451602649,True
3,log2fc_pos_pre,WOWOOWWO,WOWOOWOO,4,5,-2.7813783195825783,0.080625651487202,2.86200397106978,True
3,log2fc_pos_pre,WOWOWWOO,WOWOOWOO,4,5,0.3776468102183721,0.080625651487202,-0.2970211587311701,False
3,log2fc_pos_pre,WOWWOWOO,WOWOOWOO,4,5,1.5469203794690003,0.080625651487202,-1.4662947279817984,False
3,log2fc_pos_pre,WWWOOWOO,WOWOOWOO,4,5,-0.2311382589355601,0.080625651487202,0.3117639104227621,True
3,log2fc_pos_pre,WOWOOWWW,WOWOOWOW,3,4,-0.6400994717469809,-0.2856058936730629,0.354493578073918,True
3,log2fc_pos_pre,WOWOWWOW,WOWOOWOW,3,4,1.1756003125169932,-0.2856058936730629,-1.461206206190056,False
3,log2fc_pos_pre,WOWWOWOW,WOWOOWOW,3,4,0.3173029055339653,-0.2856058936730629,-0.6029087992070281,False
3,log2fc_pos_pre,WWWOOWOW,WOWOOWOW,3,4,0.2065054528502158,-0.2856058936730629,-0.4921113465232787,False
3,log2fc_pos_pre,WOWOOWWW,WOWOOWWO,3,4,-0.6400994717469809,-2.7813783195825783,-2.1412788478355975,False
3,log2fc_pos_pre,WOWOWWWO,WOWOOWWO,3,4,0.1505352242837897,-2.7813783195825783,-2.931913543866368,False
3,log2fc_pos_pre,WOWWOWWO,WOWOOWWO,3,4,-0.1658510101080797,-2.7813783195825783,-2.6155273094744986,False
3,log2fc_pos_pre,WWWOOWWO,WOWOOWWO,3,4,-0.5287700254359657,-2.7813783195825783,-2.2526082941466123,False
3,log2fc_pos_pre,WOWOWWWW,WOWOOWWW,2,3,-0.4522167573109927,-0.6400994717469809,-0.1878827144359882,False
3,log2fc_pos_pre,WOWWOWWW,WOWOOWWW,2,3,0.1211632006967267,-0.6400994717469809,-0.7612626724437076,False
3,log2fc_pos_pre,WWWOOWWW,WOWOOWWW,2,3,-0.2986406670542013,-0.6400994717469809,-0.3414588046927796,False
3,log2fc_pos_pre,WOWOWOOW,WOWOWOOO,4,5,1.4976390915074231,1.12618998920818,-0.3714491022992432,False
3,log2fc_pos_pre,WOWOWOWO,WOWOWOOO,4,5,0.2189675890641549,1.12618998920818,0.907222400144025,True
3,log2fc_pos_pre,WOWOWWOO,WOWOWOOO,4,5,0.3776468102183721,1.12618998920818,0.7485431789898078,True
3,log2fc_pos_pre,WOWWWOOO,WOWOWOOO,4,5,0.7366011281750221,1.12618998920818,0.3895888610331578,True
3,log2fc_pos_pre,WWWOWOOO,WOWOWOOO,4,5,-0.095691469404235,1.12618998920818,1.221881458612415,True
3,log2fc_pos_pre,WOWOWOWW,WOWOWOOW,3,4,-0.6667481201663022,1.4976390915074231,2.1643872116737253,True
3,log2fc_pos_pre,WOWOWWOW,WOWOWOOW,3,4,1.1756003125169932,1.4976390915074231,0.32203877899043,True
3,log2fc_pos_pre,WOWWWOOW,WOWOWOOW,3,4,0.2655119025127778,1.4976390915074231,1.2321271889946455,True
3,log2fc_pos_pre,WWWOWOOW,WOWOWOOW,3,4,0.2883358363928017,1.4976390915074231,1.2093032551146214,True
3,log2fc_pos_pre,WOWOWOWW,WOWOWOWO,3,4,-0.6667481201663022,0.2189675890641549,0.8857157092304572,True
3,log2fc_pos_pre,WOWOWWWO,WOWOWOWO,3,4,0.1505352242837897,0.2189675890641549,0.06843236478036518,True
3,log2fc_pos_pre,WOWWWOWO,WOWOWOWO,3,4,0.3074021893796879,0.2189675890641549,-0.08843460031553299,False
3,log2fc_pos_pre,WWWOWOWO,WOWOWOWO,3,4,-0.6343397663738094,0.2189675890641549,0.8533073554379643,True
3,log2fc_pos_pre,WOWOWWWW,WOWOWOWW,2,3,-0.4522167573109927,-0.6667481201663022,-0.21453136285530955,False
3,log2fc_pos_pre,WOWWWOWW,WOWOWOWW,2,3,0.0041724551511008,-0.6667481201663022,-0.670920575317403,False
3,log2fc_pos_pre,WWWOWOWW,WOWOWOWW,2,3,-0.1664893999303272,-0.6667481201663022,-0.5002587202359751,False
3,log2fc_pos_pre,WOWOWWOW,WOWOWWOO,3,4,1.1756003125169932,0.3776468102183721,-0.797953502298621,False
3,log2fc_pos_pre,WOWOWWWO,WOWOWWOO,3,4,0.1505352242837897,0.3776468102183721,0.2271115859345824,True
3,log2fc_pos_pre,WOWWWWOO,WOWOWWOO,3,4,0.3702832423520737,0.3776468102183721,0.007363567866298382,True
3,log2fc_pos_pre,WWWOWWOO,WOWOWWOO,3,4,0.5004405770379181,0.3776468102183721,-0.12279376681954601,False
3,log2fc_pos_pre,WOWOWWWW,WOWOWWOW,2,3,-0.4522167573109927,1.1756003125169932,1.627817069827986,True
3,log2fc_pos_pre,WOWWWWOW,WOWOWWOW,2,3,1.018183665052568,1.1756003125169932,0.15741664746442519,True
3,log2fc_pos_pre,WWWOWWOW,WOWOWWOW,2,3,1.0874051185861442,1.1756003125169932,0.08819519393084896,True
3,log2fc_pos_pre,WOWOWWWW,WOWOWWWO,2,3,-0.4522167573109927,0.1505352242837897,0.6027519815947824,True
3,log2fc_pos_pre,WOWWWWWO,WOWOWWWO,2,3,-0.7730444931401103,0.1505352242837897,0.9235797174239,True
3,log2fc_pos_pre,WWWOWWWO,WOWOWWWO,2,3,-1.345116382950766,0.1505352242837897,1.4956516072345556,True
3,log2fc_pos_pre,WOWWWWWW,WOWOWWWW,1,2,0.0707431284335245,-0.4522167573109927,-0.5229598857445172,False
3,log2fc_pos_pre,WWWOWWWW,WOWOWWWW,1,2,0.4760943202966575,-0.4522167573109927,-0.9283110776076502,False
3,log2fc_pos_pre,WOWWOOOW,WOWWOOOO,4,5,0.8921974758629899,1.877975701946407,0.985778226083417,True
3,log2fc_pos_pre,WOWWOOWO,WOWWOOOO,4,5,0.2532457429148826,1.877975701946407,1.6247299590315243,True
3,log2fc_pos_pre,WOWWOWOO,WOWWOOOO,4,5,1.5469203794690003,1.877975701946407,0.33105532247740665,True
3,log2fc_pos_pre,WOWWWOOO,WOWWOOOO,4,5,0.7366011281750221,1.877975701946407,1.141374573771385,True
3,log2fc_pos_pre,WWWWOOOO,WOWWOOOO,4,5,0.9689524175276087,1.877975701946407,0.9090232844187982,True
3,log2fc_pos_pre,WOWWOOWW,WOWWOOOW,3,4,-0.3904874478869001,0.8921974758629899,1.28268492374989,True
3,log2fc_pos_pre,WOWWOWOW,WOWWOOOW,3,4,0.3173029055339653,0.8921974758629899,0.5748945703290247,True
3,log2fc_pos_pre,WOWWWOOW,WOWWOOOW,3,4,0.2655119025127778,0.8921974758629899,0.6266855733502121,True
3,log2fc_pos_pre,WWWWOOOW,WOWWOOOW,3,4,0.1383898145158817,0.8921974758629899,0.7538076613471082,True
3,log2fc_pos_pre,WOWWOOWW,WOWWOOWO,3,4,-0.3904874478869001,0.2532457429148826,0.6437331908017827,True
3,log2fc_pos_pre,WOWWOWWO,WOWWOOWO,3,4,-0.1658510101080797,0.2532457429148826,0.41909675302296234,True
3,log2fc_pos_pre,WOWWWOWO,WOWWOOWO,3,4,0.3074021893796879,0.2532457429148826,-0.054156446464805275,False
3,log2fc_pos_pre,WWWWOOWO,WOWWOOWO,3,4,-0.0383619850422676,0.2532457429148826,0.29160772795715023,True
3,log2fc_pos_pre,WOWWOWWW,WOWWOOWW,2,3,0.1211632006967267,-0.3904874478869001,-0.5116506485836267,False
3,log2fc_pos_pre,WOWWWOWW,WOWWOOWW,2,3,0.0041724551511008,-0.3904874478869001,-0.3946599030380009,False
3,log2fc_pos_pre,WWWWOOWW,WOWWOOWW,2,3,-0.1345647715771092,-0.3904874478869001,-0.25592267630979093,False
3,log2fc_pos_pre,WOWWOWOW,WOWWOWOO,3,4,0.3173029055339653,1.5469203794690003,1.229617473935035,True
3,log2fc_pos_pre,WOWWOWWO,WOWWOWOO,3,4,-0.1658510101080797,1.5469203794690003,1.71277138957708,True
3,log2fc_pos_pre,WOWWWWOO,WOWWOWOO,3,4,0.3702832423520737,1.5469203794690003,1.1766371371169266,True
3,log2fc_pos_pre,WWWWOWOO,WOWWOWOO,3,4,0.2538781752696198,1.5469203794690003,1.2930422041993805,True
3,log2fc_pos_pre,WOWWOWWW,WOWWOWOW,2,3,0.1211632006967267,0.3173029055339653,0.19613970483723858,True
3,log2fc_pos_pre,WOWWWWOW,WOWWOWOW,2,3,1.018183665052568,0.3173029055339653,-0.7008807595186026,False
3,log2fc_pos_pre,WWWWOWOW,WOWWOWOW,2,3,0.4095302191510264,0.3173029055339653,-0.0922273136170611,False
3,log2fc_pos_pre,WOWWOWWW,WOWWOWWO,2,3,0.1211632006967267,-0.1658510101080797,-0.2870142108048064,False
3,log2fc_pos_pre,WOWWWWWO,WOWWOWWO,2,3,-0.7730444931401103,-0.1658510101080797,0.6071934830320306,True
3,log2fc_pos_pre,WWWWOWWO,WOWWOWWO,2,3,0.5651081250557888,-0.1658510101080797,-0.7309591351638685,False
3,log2fc_pos_pre,WOWWWWWW,WOWWOWWW,1,2,0.0707431284335245,0.1211632006967267,0.050420072263202206,True
3,log2fc_pos_pre,WWWWOWWW,WOWWOWWW,1,2,-1.6057092678970089,0.1211632006967267,1.7268724685937356,True
3,log2fc_pos_pre,WOWWWOOW,WOWWWOOO,3,4,0.2655119025127778,0.7366011281750221,0.4710892256622443,True
3,log2fc_pos_pre,WOWWWOWO,WOWWWOOO,3,4,0.3074021893796879,0.7366011281750221,0.4291989387953342,True
3,log2fc_pos_pre,WOWWWWOO,WOWWWOOO,3,4,0.3702832423520737,0.7366011281750221,0.3663178858229484,True
3,log2fc_pos_pre,WWWWWOOO,WOWWWOOO,3,4,0.6494259261389146,0.7366011281750221,0.08717520203610751,True
3,log2fc_pos_pre,WOWWWOWW,WOWWWOOW,2,3,0.0041724551511008,0.2655119025127778,0.26133944736167697,True
3,log2fc_pos_pre,WOWWWWOW,WOWWWOOW,2,3,1.018183665052568,0.2655119025127778,-0.7526717625397902,False
3,log2fc_pos_pre,WWWWWOOW,WOWWWOOW,2,3,0.2987738725456896,0.2655119025127778,-0.033261970032911814,False
3,log2fc_pos_pre,WOWWWOWW,WOWWWOWO,2,3,0.0041724551511008,0.3074021893796879,0.30322973422858707,True
3,log2fc_pos_pre,WOWWWWWO,WOWWWOWO,2,3,-0.7730444931401103,0.3074021893796879,1.0804466825197983,True
3,log2fc_pos_pre,WWWWWOWO,WOWWWOWO,2,3,0.6984141925869259,0.3074021893796879,-0.39101200320723806,False
3,log2fc_pos_pre,WOWWWWWW,WOWWWOWW,1,2,0.0707431284335245,0.0041724551511008,-0.06657067328242369,False
3,log2fc_pos_pre,WWWWWOWW,WOWWWOWW,1,2,-0.6688247211269845,0.0041724551511008,0.6729971762780853,True
3,log2fc_pos_pre,WOWWWWOW,WOWWWWOO,2,3,1.018183665052568,0.3702832423520737,-0.6479004227004943,False
3,log2fc_pos_pre,WOWWWWWO,WOWWWWOO,2,3,-0.7730444931401103,0.3702832423520737,1.143327735492184,True
3,log2fc_pos_pre,WWWWWWOO,WOWWWWOO,2,3,0.2128250299253032,0.3702832423520737,0.15745821242677052,True
3,log2fc_pos_pre,WOWWWWWW,WOWWWWOW,1,2,0.0707431284335245,1.018183665052568,0.9474405366190435,True
3,log2fc_pos_pre,WWWWWWOW,WOWWWWOW,1,2,0.3038475225329401,1.018183665052568,0.7143361425196278,True
3,log2fc_pos_pre,WOWWWWWW,WOWWWWWO,1,2,0.0707431284335245,-0.7730444931401103,-0.8437876215736347,False
3,log2fc_pos_pre,WWWWWWWO,WOWWWWWO,1,2,-0.8865340783895432,-0.7730444931401103,0.11348958524943298,True
3,log2fc_pos_pre,WWWWWWWW,WOWWWWWW,0,1,0.0022586756687291,0.0707431284335245,0.0684844527647954,True
3,log2fc_pos_pre,WWOOOOOW,WWOOOOOO,5,6,-0.0756316499754779,1.7982491436465975,1.8738807936220754,True
3,log2fc_pos_pre,WWOOOOWO,WWOOOOOO,5,6,0.788403595076065,1.7982491436465975,1.0098455485705324,True
3,log2fc_pos_pre,WWOOOWOO,WWOOOOOO,5,6,0.0508212859166148,1.7982491436465975,1.7474278577299827,True
3,log2fc_pos_pre,WWOOWOOO,WWOOOOOO,5,6,-0.1214757545328854,1.7982491436465975,1.9197248981794828,True
3,log2fc_pos_pre,WWOWOOOO,WWOOOOOO,5,6,0.0987174193699651,1.7982491436465975,1.6995317242766323,True
3,log2fc_pos_pre,WWWOOOOO,WWOOOOOO,5,6,1.753953888231654,1.7982491436465975,0.04429525541494339,True
3,log2fc_pos_pre,WWOOOOWW,WWOOOOOW,4,5,-1.465107046868729,-0.0756316499754779,1.3894753968932512,True
3,log2fc_pos_pre,WWOOOWOW,WWOOOOOW,4,5,-0.8370716291598829,-0.0756316499754779,0.761439979184405,True
3,log2fc_pos_pre,WWOOWOOW,WWOOOOOW,4,5,-0.1289847680777171,-0.0756316499754779,0.05335311810223921,True
3,log2fc_pos_pre,WWOWOOOW,WWOOOOOW,4,5,0.0342664069043351,-0.0756316499754779,-0.109898056879813,False
3,log2fc_pos_pre,WWWOOOOW,WWOOOOOW,4,5,-0.9275545813436552,-0.0756316499754779,0.8519229313681773,True
3,log2fc_pos_pre,WWOOOOWW,WWOOOOWO,4,5,-1.465107046868729,0.788403595076065,2.253510641944794,True
3,log2fc_pos_pre,WWOOOWWO,WWOOOOWO,4,5,0.6739043103229928,0.788403595076065,0.11449928475307214,True
3,log2fc_pos_pre,WWOOWOWO,WWOOOOWO,4,5,-1.4364915837047905,0.788403595076065,2.2248951787808555,True
3,log2fc_pos_pre,WWOWOOWO,WWOOOOWO,4,5,-1.448272166697402,0.788403595076065,2.236675761773467,True
3,log2fc_pos_pre,WWWOOOWO,WWOOOOWO,4,5,-0.4429122922026705,0.788403595076065,1.2313158872787353,True
3,log2fc_pos_pre,WWOOOWWW,WWOOOOWW,3,4,-1.2208591511772278,-1.465107046868729,-0.2442478956915013,False
3,log2fc_pos_pre,WWOOWOWW,WWOOOOWW,3,4,-2.6035055289434323,-1.465107046868729,1.1383984820747033,True
3,log2fc_pos_pre,WWOWOOWW,WWOOOOWW,3,4,-1.665878017502872,-1.465107046868729,0.20077097063414295,True
3,log2fc_pos_pre,WWWOOOWW,WWOOOOWW,3,4,-1.634577675917182,-1.465107046868729,0.1694706290484529,True
3,log2fc_pos_pre,WWOOOWOW,WWOOOWOO,4,5,-0.8370716291598829,0.0508212859166148,0.8878929150764977,True
3,log2fc_pos_pre,WWOOOWWO,WWOOOWOO,4,5,0.6739043103229928,0.0508212859166148,-0.623083024406378,False
3,log2fc_pos_pre,WWOOWWOO,WWOOOWOO,4,5,0.0852160918974625,0.0508212859166148,-0.0343948059808477,False
3,log2fc_pos_pre,WWOWOWOO,WWOOOWOO,4,5,0.1184661703948537,0.0508212859166148,-0.06764488447823891,False
3,log2fc_pos_pre,WWWOOWOO,WWOOOWOO,4,5,-0.2311382589355601,0.0508212859166148,0.2819595448521749,True
3,log2fc_pos_pre,WWOOOWWW,WWOOOWOW,3,4,-1.2208591511772278,-0.8370716291598829,0.3837875220173449,True
3,log2fc_pos_pre,WWOOWWOW,WWOOOWOW,3,4,-0.197563956988619,-0.8370716291598829,-0.6395076721712638,False
3,log2fc_pos_pre,WWOWOWOW,WWOOOWOW,3,4,-0.502323342769979,-0.8370716291598829,-0.33474828638990384,False
3,log2fc_pos_pre,WWWOOWOW,WWOOOWOW,3,4,0.2065054528502158,-0.8370716291598829,-1.0435770820100987,False
3,log2fc_pos_pre,WWOOOWWW,WWOOOWWO,3,4,-1.2208591511772278,0.6739043103229928,1.8947634615002205,True
3,log2fc_pos_pre,WWOOWWWO,WWOOOWWO,3,4,-0.8904611809493423,0.6739043103229928,1.5643654912723353,True
3,log2fc_pos_pre,WWOWOWWO,WWOOOWWO,3,4,-1.6912919086418454,0.6739043103229928,2.3651962189648383,True
3,log2fc_pos_pre,WWWOOWWO,WWOOOWWO,3,4,-0.5287700254359657,0.6739043103229928,1.2026743357589584,True
3,log2fc_pos_pre,WWOOWWWW,WWOOOWWW,2,3,-1.487659201592788,-1.2208591511772278,0.2668000504155603,True
3,log2fc_pos_pre,WWOWOWWW,WWOOOWWW,2,3,-2.069760840780683,-1.2208591511772278,0.8489016896034551,True
3,log2fc_pos_pre,WWWOOWWW,WWOOOWWW,2,3,-0.2986406670542013,-1.2208591511772278,-0.9222184841230265,False
3,log2fc_pos_pre,WWOOWOOW,WWOOWOOO,4,5,-0.1289847680777171,-0.1214757545328854,0.007509013544831716,True
3,log2fc_pos_pre,WWOOWOWO,WWOOWOOO,4,5,-1.4364915837047905,-0.1214757545328854,1.3150158291719052,True
3,log2fc_pos_pre,WWOOWWOO,WWOOWOOO,4,5,0.0852160918974625,-0.1214757545328854,-0.20669184643034788,False
3,log2fc_pos_pre,WWOWWOOO,WWOOWOOO,4,5,-0.7270296337676309,-0.1214757545328854,0.6055538792347455,True
3,log2fc_pos_pre,WWWOWOOO,WWOOWOOO,4,5,-0.095691469404235,-0.1214757545328854,-0.0257842851286504,False
3,log2fc_pos_pre,WWOOWOWW,WWOOWOOW,3,4,-2.6035055289434323,-0.1289847680777171,2.4745207608657154,True
3,log2fc_pos_pre,WWOOWWOW,WWOOWOOW,3,4,-0.197563956988619,-0.1289847680777171,0.0685791889109019,True
3,log2fc_pos_pre,WWOWWOOW,WWOOWOOW,3,4,-0.0264810153276372,-0.1289847680777171,-0.10250375275007992,False
3,log2fc_pos_pre,WWWOWOOW,WWOOWOOW,3,4,0.2883358363928017,-0.1289847680777171,-0.4173206044705188,False
3,log2fc_pos_pre,WWOOWOWW,WWOOWOWO,3,4,-2.6035055289434323,-1.4364915837047905,1.1670139452386419,True
3,log2fc_pos_pre,WWOOWWWO,WWOOWOWO,3,4,-0.8904611809493423,-1.4364915837047905,-0.5460304027554481,False
3,log2fc_pos_pre,WWOWWOWO,WWOOWOWO,3,4,-1.071250182217913,-1.4364915837047905,-0.36524140148687745,False
3,log2fc_pos_pre,WWWOWOWO,WWOOWOWO,3,4,-0.6343397663738094,-1.4364915837047905,-0.8021518173309811,False
3,log2fc_pos_pre,WWOOWWWW,WWOOWOWW,2,3,-1.487659201592788,-2.6035055289434323,-1.1158463273506443,False
3,log2fc_pos_pre,WWOWWOWW,WWOOWOWW,2,3,-1.271739917561777,-2.6035055289434323,-1.3317656113816554,False
3,log2fc_pos_pre,WWWOWOWW,WWOOWOWW,2,3,-0.1664893999303272,-2.6035055289434323,-2.437016129013105,False
3,log2fc_pos_pre,WWOOWWOW,WWOOWWOO,3,4,-0.197563956988619,0.0852160918974625,0.2827800488860815,True
3,log2fc_pos_pre,WWOOWWWO,WWOOWWOO,3,4,-0.8904611809493423,0.0852160918974625,0.9756772728468048,True
3,log2fc_pos_pre,WWOWWWOO,WWOOWWOO,3,4,-0.3918206776354419,0.0852160918974625,0.4770367695329044,True
3,log2fc_pos_pre,WWWOWWOO,WWOOWWOO,3,4,0.5004405770379181,0.0852160918974625,-0.4152244851404556,False
3,log2fc_pos_pre,WWOOWWWW,WWOOWWOW,2,3,-1.487659201592788,-0.197563956988619,1.2900952446041691,True
3,log2fc_pos_pre,WWOWWWOW,WWOOWWOW,2,3,0.2789334721869036,-0.197563956988619,-0.4764974291755226,False
3,log2fc_pos_pre,WWWOWWOW,WWOOWWOW,2,3,1.0874051185861442,-0.197563956988619,-1.2849690755747631,False
3,log2fc_pos_pre,WWOOWWWW,WWOOWWWO,2,3,-1.487659201592788,-0.8904611809493423,0.5971980206434457,True
3,log2fc_pos_pre,WWOWWWWO,WWOOWWWO,2,3,-1.3259937539757625,-0.8904611809493423,0.4355325730264201,True
3,log2fc_pos_pre,WWWOWWWO,WWOOWWWO,2,3,-1.345116382950766,-0.8904611809493423,0.4546552020014236,True
3,log2fc_pos_pre,WWOWWWWW,WWOOWWWW,1,2,0.5492435961068808,-1.487659201592788,-2.036902797699669,False
3,log2fc_pos_pre,WWWOWWWW,WWOOWWWW,1,2,0.4760943202966575,-1.487659201592788,-1.9637535218894455,False
3,log2fc_pos_pre,WWOWOOOW,WWOWOOOO,4,5,0.0342664069043351,0.0987174193699651,0.06445101246563001,True
3,log2fc_pos_pre,WWOWOOWO,WWOWOOOO,4,5,-1.448272166697402,0.0987174193699651,1.5469895860673673,True
3,log2fc_pos_pre,WWOWOWOO,WWOWOOOO,4,5,0.1184661703948537,0.0987174193699651,-0.0197487510248886,False
3,log2fc_pos_pre,WWOWWOOO,WWOWOOOO,4,5,-0.7270296337676309,0.0987174193699651,0.825747053137596,True
3,log2fc_pos_pre,WWWWOOOO,WWOWOOOO,4,5,0.9689524175276087,0.0987174193699651,-0.8702349981576436,False
3,log2fc_pos_pre,WWOWOOWW,WWOWOOOW,3,4,-1.665878017502872,0.0342664069043351,1.700144424407207,True
3,log2fc_pos_pre,WWOWOWOW,WWOWOOOW,3,4,-0.502323342769979,0.0342664069043351,0.5365897496743142,True
3,log2fc_pos_pre,WWOWWOOW,WWOWOOOW,3,4,-0.0264810153276372,0.0342664069043351,0.0607474222319723,True
3,log2fc_pos_pre,WWWWOOOW,WWOWOOOW,3,4,0.1383898145158817,0.0342664069043351,-0.10412340761154659,False
3,log2fc_pos_pre,WWOWOOWW,WWOWOOWO,3,4,-1.665878017502872,-1.448272166697402,0.2176058508054699,True
3,log2fc_pos_pre,WWOWOWWO,WWOWOOWO,3,4,-1.6912919086418454,-1.448272166697402,0.2430197419444433,True
3,log2fc_pos_pre,WWOWWOWO,WWOWOOWO,3,4,-1.071250182217913,-1.448272166697402,-0.3770219844794891,False
3,log2fc_pos_pre,WWWWOOWO,WWOWOOWO,3,4,-0.0383619850422676,-1.448272166697402,-1.4099101816551345,False
3,log2fc_pos_pre,WWOWOWWW,WWOWOOWW,2,3,-2.069760840780683,-1.665878017502872,0.4038828232778109,True
3,log2fc_pos_pre,WWOWWOWW,WWOWOOWW,2,3,-1.271739917561777,-1.665878017502872,-0.39413809994109505,False
3,log2fc_pos_pre,WWWWOOWW,WWOWOOWW,2,3,-0.1345647715771092,-1.665878017502872,-1.5313132459257628,False
3,log2fc_pos_pre,WWOWOWOW,WWOWOWOO,3,4,-0.502323342769979,0.1184661703948537,0.6207895131648328,True
3,log2fc_pos_pre,WWOWOWWO,WWOWOWOO,3,4,-1.6912919086418454,0.1184661703948537,1.8097580790366992,True
3,log2fc_pos_pre,WWOWWWOO,WWOWOWOO,3,4,-0.3918206776354419,0.1184661703948537,0.5102868480302957,True
3,log2fc_pos_pre,WWWWOWOO,WWOWOWOO,3,4,0.2538781752696198,0.1184661703948537,-0.13541200487476612,False
3,log2fc_pos_pre,WWOWOWWW,WWOWOWOW,2,3,-2.069760840780683,-0.502323342769979,1.5674374980107038,True
3,log2fc_pos_pre,WWOWWWOW,WWOWOWOW,2,3,0.2789334721869036,-0.502323342769979,-0.7812568149568826,False
3,log2fc_pos_pre,WWWWOWOW,WWOWOWOW,2,3,0.4095302191510264,-0.502323342769979,-0.9118535619210054,False
3,log2fc_pos_pre,WWOWOWWW,WWOWOWWO,2,3,-2.069760840780683,-1.6912919086418454,0.3784689321388375,True
3,log2fc_pos_pre,WWOWWWWO,WWOWOWWO,2,3,-1.3259937539757625,-1.6912919086418454,-0.36529815466608295,False
3,log2fc_pos_pre,WWWWOWWO,WWOWOWWO,2,3,0.5651081250557888,-1.6912919086418454,-2.256400033697634,False
3,log2fc_pos_pre,WWOWWWWW,WWOWOWWW,1,2,0.5492435961068808,-2.069760840780683,-2.619004436887564,False
3,log2fc_pos_pre,WWWWOWWW,WWOWOWWW,1,2,-1.6057092678970089,-2.069760840780683,-0.46405157288367405,False
3,log2fc_pos_pre,WWOWWOOW,WWOWWOOO,3,4,-0.0264810153276372,-0.7270296337676309,-0.7005486184399936,False
3,log2fc_pos_pre,WWOWWOWO,WWOWWOOO,3,4,-1.071250182217913,-0.7270296337676309,0.34422054845028216,True
3,log2fc_pos_pre,WWOWWWOO,WWOWWOOO,3,4,-0.3918206776354419,-0.7270296337676309,-0.33520895613218893,False
3,log2fc_pos_pre,WWWWWOOO,WWOWWOOO,3,4,0.6494259261389146,-0.7270296337676309,-1.3764555599065456,False
3,log2fc_pos_pre,WWOWWOWW,WWOWWOOW,2,3,-1.271739917561777,-0.0264810153276372,1.2452589022341398,True
3,log2fc_pos_pre,WWOWWWOW,WWOWWOOW,2,3,0.2789334721869036,-0.0264810153276372,-0.3054144875145408,False
3,log2fc_pos_pre,WWWWWOOW,WWOWWOOW,2,3,0.2987738725456896,-0.0264810153276372,-0.3252548878733268,False
3,log2fc_pos_pre,WWOWWOWW,WWOWWOWO,2,3,-1.271739917561777,-1.071250182217913,0.20048973534386394,True
3,log2fc_pos_pre,WWOWWWWO,WWOWWOWO,2,3,-1.3259937539757625,-1.071250182217913,0.25474357175784945,True
3,log2fc_pos_pre,WWWWWOWO,WWOWWOWO,2,3,0.6984141925869259,-1.071250182217913,-1.7696643748048388,False
3,log2fc_pos_pre,WWOWWWWW,WWOWWOWW,1,2,0.5492435961068808,-1.271739917561777,-1.8209835136686578,False
3,log2fc_pos_pre,WWWWWOWW,WWOWWOWW,1,2,-0.6688247211269845,-1.271739917561777,-0.6029151964347924,False
3,log2fc_pos_pre,WWOWWWOW,WWOWWWOO,2,3,0.2789334721869036,-0.3918206776354419,-0.6707541498223455,False
3,log2fc_pos_pre,WWOWWWWO,WWOWWWOO,2,3,-1.3259937539757625,-0.3918206776354419,0.9341730763403205,True
3,log2fc_pos_pre,WWWWWWOO,WWOWWWOO,2,3,0.2128250299253032,-0.3918206776354419,-0.6046457075607451,False
3,log2fc_pos_pre,WWOWWWWW,WWOWWWOW,1,2,0.5492435961068808,0.2789334721869036,-0.27031012391997716,False
3,log2fc_pos_pre,WWWWWWOW,WWOWWWOW,1,2,0.3038475225329401,0.2789334721869036,-0.024914050346036498,False
3,log2fc_pos_pre,WWOWWWWW,WWOWWWWO,1,2,0.5492435961068808,-1.3259937539757625,-1.8752373500826431,False
3,log2fc_pos_pre,WWWWWWWO,WWOWWWWO,1,2,-0.8865340783895432,-1.3259937539757625,-0.43945967558621923,False
3,log2fc_pos_pre,WWWWWWWW,WWOWWWWW,0,1,0.0022586756687291,0.5492435961068808,0.5469849204381517,True
3,log2fc_pos_pre,WWWOOOOW,WWWOOOOO,4,5,-0.9275545813436552,1.753953888231654,2.6815084695753093,True
3,log2fc_pos_pre,WWWOOOWO,WWWOOOOO,4,5,-0.4429122922026705,1.753953888231654,2.1968661804343244,True
3,log2fc_pos_pre,WWWOOWOO,WWWOOOOO,4,5,-0.2311382589355601,1.753953888231654,1.9850921471672143,True
3,log2fc_pos_pre,WWWOWOOO,WWWOOOOO,4,5,-0.095691469404235,1.753953888231654,1.849645357635889,True
3,log2fc_pos_pre,WWWWOOOO,WWWOOOOO,4,5,0.9689524175276087,1.753953888231654,0.7850014707040454,True
3,log2fc_pos_pre,WWWOOOWW,WWWOOOOW,3,4,-1.634577675917182,-0.9275545813436552,0.7070230945735267,True
3,log2fc_pos_pre,WWWOOWOW,WWWOOOOW,3,4,0.2065054528502158,-0.9275545813436552,-1.134060034193871,False
3,log2fc_pos_pre,WWWOWOOW,WWWOOOOW,3,4,0.2883358363928017,-0.9275545813436552,-1.215890417736457,False
3,log2fc_pos_pre,WWWWOOOW,WWWOOOOW,3,4,0.1383898145158817,-0.9275545813436552,-1.065944395859537,False
3,log2fc_pos_pre,WWWOOOWW,WWWOOOWO,3,4,-1.634577675917182,-0.4429122922026705,1.1916653837145115,True
3,log2fc_pos_pre,WWWOOWWO,WWWOOOWO,3,4,-0.5287700254359657,-0.4429122922026705,0.08585773323329526,True
3,log2fc_pos_pre,WWWOWOWO,WWWOOOWO,3,4,-0.6343397663738094,-0.4429122922026705,0.19142747417113892,True
3,log2fc_pos_pre,WWWWOOWO,WWWOOOWO,3,4,-0.0383619850422676,-0.4429122922026705,-0.40455030716040286,False
3,log2fc_pos_pre,WWWOOWWW,WWWOOOWW,2,3,-0.2986406670542013,-1.634577675917182,-1.3359370088629807,False
3,log2fc_pos_pre,WWWOWOWW,WWWOOOWW,2,3,-0.1664893999303272,-1.634577675917182,-1.4680882759868548,False
3,log2fc_pos_pre,WWWWOOWW,WWWOOOWW,2,3,-0.1345647715771092,-1.634577675917182,-1.5000129043400727,False
3,log2fc_pos_pre,WWWOOWOW,WWWOOWOO,3,4,0.2065054528502158,-0.2311382589355601,-0.4376437117857759,False
3,log2fc_pos_pre,WWWOOWWO,WWWOOWOO,3,4,-0.5287700254359657,-0.2311382589355601,0.2976317665004057,True
3,log2fc_pos_pre,WWWOWWOO,WWWOOWOO,3,4,0.5004405770379181,-0.2311382589355601,-0.7315788359734782,False
3,log2fc_pos_pre,WWWWOWOO,WWWOOWOO,3,4,0.2538781752696198,-0.2311382589355601,-0.4850164342051799,False
3,log2fc_pos_pre,WWWOOWWW,WWWOOWOW,2,3,-0.2986406670542013,0.2065054528502158,0.505146119904417,True
3,log2fc_pos_pre,WWWOWWOW,WWWOOWOW,2,3,1.0874051185861442,0.2065054528502158,-0.8808996657359284,False
3,log2fc_pos_pre,WWWWOWOW,WWWOOWOW,2,3,0.4095302191510264,0.2065054528502158,-0.2030247663008106,False
3,log2fc_pos_pre,WWWOOWWW,WWWOOWWO,2,3,-0.2986406670542013,-0.5287700254359657,-0.23012935838176446,False
3,log2fc_pos_pre,WWWOWWWO,WWWOOWWO,2,3,-1.345116382950766,-0.5287700254359657,0.8163463575148002,True
3,log2fc_pos_pre,WWWWOWWO,WWWOOWWO,2,3,0.5651081250557888,-0.5287700254359657,-1.0938781504917545,False
3,log2fc_pos_pre,WWWOWWWW,WWWOOWWW,1,2,0.4760943202966575,-0.2986406670542013,-0.7747349873508588,False
3,log2fc_pos_pre,WWWWOWWW,WWWOOWWW,1,2,-1.6057092678970089,-0.2986406670542013,1.3070686008428076,True
3,log2fc_pos_pre,WWWOWOOW,WWWOWOOO,3,4,0.2883358363928017,-0.095691469404235,-0.3840273057970367,False
3,log2fc_pos_pre,WWWOWOWO,WWWOWOOO,3,4,-0.6343397663738094,-0.095691469404235,0.5386482969695744,True
3,log2fc_pos_pre,WWWOWWOO,WWWOWOOO,3,4,0.5004405770379181,-0.095691469404235,-0.5961320464421531,False
3,log2fc_pos_pre,WWWWWOOO,WWWOWOOO,3,4,0.6494259261389146,-0.095691469404235,-0.7451173955431496,False
3,log2fc_pos_pre,WWWOWOWW,WWWOWOOW,2,3,-0.1664893999303272,0.2883358363928017,0.4548252363231289,True
3,log2fc_pos_pre,WWWOWWOW,WWWOWOOW,2,3,1.0874051185861442,0.2883358363928017,-0.7990692821933425,False
3,log2fc_pos_pre,WWWWWOOW,WWWOWOOW,2,3,0.2987738725456896,0.2883358363928017,-0.010438036152887908,False
3,log2fc_pos_pre,WWWOWOWW,WWWOWOWO,2,3,-0.1664893999303272,-0.6343397663738094,-0.4678503664434822,False
3,log2fc_pos_pre,WWWOWWWO,WWWOWOWO,2,3,-1.345116382950766,-0.6343397663738094,0.7107766165769566,True
3,log2fc_pos_pre,WWWWWOWO,WWWOWOWO,2,3,0.6984141925869259,-0.6343397663738094,-1.3327539589607353,False
3,log2fc_pos_pre,WWWOWWWW,WWWOWOWW,1,2,0.4760943202966575,-0.1664893999303272,-0.6425837202269846,False
3,log2fc_pos_pre,WWWWWOWW,WWWOWOWW,1,2,-0.6688247211269845,-0.1664893999303272,0.5023353211966574,True
3,log2fc_pos_pre,WWWOWWOW,WWWOWWOO,2,3,1.0874051185861442,0.5004405770379181,-0.5869645415482261,False
3,log2fc_pos_pre,WWWOWWWO,WWWOWWOO,2,3,-1.345116382950766,0.5004405770379181,1.845556959988684,True
3,log2fc_pos_pre,WWWWWWOO,WWWOWWOO,2,3,0.2128250299253032,0.5004405770379181,0.28761554711261494,True
3,log2fc_pos_pre,WWWOWWWW,WWWOWWOW,1,2,0.4760943202966575,1.0874051185861442,0.6113107982894868,True
3,log2fc_pos_pre,WWWWWWOW,WWWOWWOW,1,2,0.3038475225329401,1.0874051185861442,0.7835575960532041,True
3,log2fc_pos_pre,WWWOWWWW,WWWOWWWO,1,2,0.4760943202966575,-1.345116382950766,-1.8212107032474234,False
3,log2fc_pos_pre,WWWWWWWO,WWWOWWWO,1,2,-0.8865340783895432,-1.345116382950766,-0.45858230456122273,False
3,log2fc_pos_pre,WWWWWWWW,WWWOWWWW,0,1,0.0022586756687291,0.4760943202966575,0.4738356446279284,True
3,log2fc_pos_pre,WWWWOOOW,WWWWOOOO,3,4,0.1383898145158817,0.9689524175276087,0.830562603011727,True
3,log2fc_pos_pre,WWWWOOWO,WWWWOOOO,3,4,-0.0383619850422676,0.9689524175276087,1.0073144025698764,True
3,log2fc_pos_pre,WWWWOWOO,WWWWOOOO,3,4,0.2538781752696198,0.9689524175276087,0.715074242257989,True
3,log2fc_pos_pre,WWWWWOOO,WWWWOOOO,3,4,0.6494259261389146,0.9689524175276087,0.31952649138869416,True
3,log2fc_pos_pre,WWWWOOWW,WWWWOOOW,2,3,-0.1345647715771092,0.1383898145158817,0.2729545860929909,True
3,log2fc_pos_pre,WWWWOWOW,WWWWOOOW,2,3,0.4095302191510264,0.1383898145158817,-0.27114040463514466,False
3,log2fc_pos_pre,WWWWWOOW,WWWWOOOW,2,3,0.2987738725456896,0.1383898145158817,-0.1603840580298079,False
3,log2fc_pos_pre,WWWWOOWW,WWWWOOWO,2,3,-0.1345647715771092,-0.0383619850422676,0.0962027865348416,True
3,log2fc_pos_pre,WWWWOWWO,WWWWOOWO,2,3,0.5651081250557888,-0.0383619850422676,-0.6034701100980564,False
3,log2fc_pos_pre,WWWWWOWO,WWWWOOWO,2,3,0.6984141925869259,-0.0383619850422676,-0.7367761776291936,False
3,log2fc_pos_pre,WWWWOWWW,WWWWOOWW,1,2,-1.6057092678970089,-0.1345647715771092,1.4711444963198996,True
3,log2fc_pos_pre,WWWWWOWW,WWWWOOWW,1,2,-0.6688247211269845,-0.1345647715771092,0.5342599495498753,True
3,log2fc_pos_pre,WWWWOWOW,WWWWOWOO,2,3,0.4095302191510264,0.2538781752696198,-0.15565204388140658,False
3,log2fc_pos_pre,WWWWOWWO,WWWWOWOO,2,3,0.5651081250557888,0.2538781752696198,-0.31122994978616897,False
3,log2fc_pos_pre,WWWWWWOO,WWWWOWOO,2,3,0.2128250299253032,0.2538781752696198,0.041053145344316616,True
3,log2fc_pos_pre,WWWWOWWW,WWWWOWOW,1,2,-1.6057092678970089,0.4095302191510264,2.015239487048035,True
3,log2fc_pos_pre,WWWWWWOW,WWWWOWOW,1,2,0.3038475225329401,0.4095302191510264,0.10568269661808627,True
3,log2fc_pos_pre,WWWWOWWW,WWWWOWWO,1,2,-1.6057092678970089,0.5651081250557888,2.170817392952798,True
3,log2fc_pos_pre,WWWWWWWO,WWWWOWWO,1,2,-0.8865340783895432,0.5651081250557888,1.451642203445332,True
3,log2fc_pos_pre,WWWWWWWW,WWWWOWWW,0,1,0.0022586756687291,-1.6057092678970089,-1.607967943565738,False
3,log2fc_pos_pre,WWWWWOOW,WWWWWOOO,2,3,0.2987738725456896,0.6494259261389146,0.350652053593225,True
3,log2fc_pos_pre,WWWWWOWO,WWWWWOOO,2,3,0.6984141925869259,0.6494259261389146,-0.04898826644801135,False
3,log2fc_pos_pre,WWWWWWOO,WWWWWOOO,2,3,0.2128250299253032,0.6494259261389146,0.4366008962136114,True
3,log2fc_pos_pre,WWWWWOWW,WWWWWOOW,1,2,-0.6688247211269845,0.2987738725456896,0.9675985936726741,True
3,log2fc_pos_pre,WWWWWWOW,WWWWWOOW,1,2,0.3038475225329401,0.2987738725456896,-0.005073649987250517,False
3,log2fc_pos_pre,WWWWWOWW,WWWWWOWO,1,2,-0.6688247211269845,0.6984141925869259,1.3672389137139105,True
3,log2fc_pos_pre,WWWWWWWO,WWWWWOWO,1,2,-0.8865340783895432,0.6984141925869259,1.584948270976469,True
3,log2fc_pos_pre,WWWWWWWW,WWWWWOWW,0,1,0.0022586756687291,-0.6688247211269845,-0.6710833967957136,False
3,log2fc_pos_pre,WWWWWWOW,WWWWWWOO,1,2,0.3038475225329401,0.2128250299253032,-0.09102249260763692,False
3,log2fc_pos_pre,WWWWWWWO,WWWWWWOO,1,2,-0.8865340783895432,0.2128250299253032,1.0993591083148464,True
3,log2fc_pos_pre,WWWWWWWW,WWWWWWOW,0,1,0.0022586756687291,0.3038475225329401,0.301588846864211,True
3,log2fc_pos_pre,WWWWWWWW,WWWWWWWO,0,1,0.0022586756687291,-0.8865340783895432,-0.8887927540582723,False
1,log2fc_neg_pre,OOOOOOOW,OOOOOOOO,7,8,-0.4148199433173347,0.8700726782791035,1.2848926215964382,True
1,log2fc_neg_pre,OOOOOOWO,OOOOOOOO,7,8,0.3061123150793027,0.8700726782791035,0.5639603631998008,True
1,log2fc_neg_pre,OOOOOWOO,OOOOOOOO,7,8,0.5533115110930845,0.8700726782791035,0.316761167186019,True
1,log2fc_neg_pre,OOOOWOOO,OOOOOOOO,7,8,0.6163177949323557,0.8700726782791035,0.2537548833467478,True
1,log2fc_neg_pre,OOOWOOOO,OOOOOOOO,7,8,1.700713901594122,0.8700726782791035,-0.8306412233150184,False
1,log2fc_neg_pre,OOWOOOOO,OOOOOOOO,7,8,1.4122986332165937,0.8700726782791035,-0.5422259549374902,False
1,log2fc_neg_pre,OWOOOOOO,OOOOOOOO,7,8,0.2546806450336374,0.8700726782791035,0.6153920332454661,True
1,log2fc_neg_pre,WOOOOOOO,OOOOOOOO,7,8,1.4169159376826488,0.8700726782791035,-0.5468432594035453,False
1,log2fc_neg_pre,OOOOOOWW,OOOOOOOW,6,7,-0.5658284784286554,-0.4148199433173347,0.15100853511132067,True
1,log2fc_neg_pre,OOOOOWOW,OOOOOOOW,6,7,-0.2707285405503006,-0.4148199433173347,-0.14409140276703408,False
1,log2fc_neg_pre,OOOOWOOW,OOOOOOOW,6,7,0.3236035751421795,-0.4148199433173347,-0.7384235184595143,False
1,log2fc_neg_pre,OOOWOOOW,OOOOOOOW,6,7,0.0504771447222187,-0.4148199433173347,-0.4652970880395534,False
1,log2fc_neg_pre,OOWOOOOW,OOOOOOOW,6,7,-0.4651208045359486,-0.4148199433173347,0.050300861218613935,True
1,log2fc_neg_pre,OWOOOOOW,OOOOOOOW,6,7,0.2568772969569243,-0.4148199433173347,-0.6716972402742589,False
1,log2fc_neg_pre,WOOOOOOW,OOOOOOOW,6,7,-1.2864563094559764,-0.4148199433173347,0.8716363661386417,True
1,log2fc_neg_pre,OOOOOOWW,OOOOOOWO,6,7,-0.5658284784286554,0.3061123150793027,0.8719407935079581,True
1,log2fc_neg_pre,OOOOOWWO,OOOOOOWO,6,7,-0.317603993317162,0.3061123150793027,0.6237163083964647,True
1,log2fc_neg_pre,OOOOWOWO,OOOOOOWO,6,7,0.5250253770731106,0.3061123150793027,-0.2189130619938079,False
1,log2fc_neg_pre,OOOWOOWO,OOOOOOWO,6,7,-0.1090937957567097,0.3061123150793027,0.4152061108360124,True
1,log2fc_neg_pre,OOWOOOWO,OOOOOOWO,6,7,-0.1645018638375731,0.3061123150793027,0.4706141789168758,True
1,log2fc_neg_pre,OWOOOOWO,OOOOOOWO,6,7,0.1943659370863756,0.3061123150793027,0.11174637799292711,True
1,log2fc_neg_pre,WOOOOOWO,OOOOOOWO,6,7,0.6699525663805384,0.3061123150793027,-0.36384025130123565,False
1,log2fc_neg_pre,OOOOOWWW,OOOOOOWW,5,6,-0.5859970301584725,-0.5658284784286554,0.02016855172981713,True
1,log2fc_neg_pre,OOOOWOWW,OOOOOOWW,5,6,-1.84442583682825,-0.5658284784286554,1.2785973583995947,True
1,log2fc_neg_pre,OOOWOOWW,OOOOOOWW,5,6,-1.1584072802017618,-0.5658284784286554,0.5925788017731064,True
1,log2fc_neg_pre,OOWOOOWW,OOOOOOWW,5,6,-0.754675768744425,-0.5658284784286554,0.18884729031576963,True
1,log2fc_neg_pre,OWOOOOWW,OOOOOOWW,5,6,-0.200245891813225,-0.5658284784286554,-0.36558258661543036,False
1,log2fc_neg_pre,WOOOOOWW,OOOOOOWW,5,6,-0.8804170766419169,-0.5658284784286554,0.31458859821326157,True
1,log2fc_neg_pre,OOOOOWOW,OOOOOWOO,6,7,-0.2707285405503006,0.5533115110930845,0.8240400516433851,True
1,log2fc_neg_pre,OOOOOWWO,OOOOOWOO,6,7,-0.317603993317162,0.5533115110930845,0.8709155044102466,True
1,log2fc_neg_pre,OOOOWWOO,OOOOOWOO,6,7,0.179441288388482,0.5533115110930845,0.3738702227046025,True
1,log2fc_neg_pre,OOOWOWOO,OOOOOWOO,6,7,-0.3078071028213825,0.5533115110930845,0.8611186139144671,True
1,log2fc_neg_pre,OOWOOWOO,OOOOOWOO,6,7,0.9119599366511884,0.5533115110930845,-0.35864842555810383,False
1,log2fc_neg_pre,OWOOOWOO,OOOOOWOO,6,7,-0.5427687022458594,0.5533115110930845,1.096080213338944,True
1,log2fc_neg_pre,WOOOOWOO,OOOOOWOO,6,7,0.151496271412549,0.5533115110930845,0.4018152396805355,True
1,log2fc_neg_pre,OOOOOWWW,OOOOOWOW,5,6,-0.5859970301584725,-0.2707285405503006,0.3152684896081719,True
1,log2fc_neg_pre,OOOOWWOW,OOOOOWOW,5,6,0.5237321593967292,-0.2707285405503006,-0.7944606999470298,False
1,log2fc_neg_pre,OOOWOWOW,OOOOOWOW,5,6,0.03475638854438,-0.2707285405503006,-0.3054849290946806,False
1,log2fc_neg_pre,OOWOOWOW,OOOOOWOW,5,6,0.6222754152574924,-0.2707285405503006,-0.893003955807793,False
1,log2fc_neg_pre,OWOOOWOW,OOOOOWOW,5,6,-0.891469307313965,-0.2707285405503006,0.6207407667636644,True
1,log2fc_neg_pre,WOOOOWOW,OOOOOWOW,5,6,-0.4714072731032686,-0.2707285405503006,0.20067873255296798,True
1,log2fc_neg_pre,OOOOOWWW,OOOOOWWO,5,6,-0.5859970301584725,-0.317603993317162,0.2683930368413105,True
1,log2fc_neg_pre,OOOOWWWO,OOOOOWWO,5,6,-0.0747256350686801,-0.317603993317162,-0.2428783582484819,False
1,log2fc_neg_pre,OOOWOWWO,OOOOOWWO,5,6,-0.5974906166968238,-0.317603993317162,0.2798866233796618,True
1,log2fc_neg_pre,OOWOOWWO,OOOOOWWO,5,6,0.1916754453850303,-0.317603993317162,-0.5092794387021923,False
1,log2fc_neg_pre,OWOOOWWO,OOOOOWWO,5,6,-2.015194833289101,-0.317603993317162,1.697590839971939,True
1,log2fc_neg_pre,WOOOOWWO,OOOOOWWO,5,6,-0.9339943073577284,-0.317603993317162,0.6163903140405664,True
1,log2fc_neg_pre,OOOOWWWW,OOOOOWWW,4,5,-0.5502388899446349,-0.5859970301584725,-0.03575814021383761,False
1,log2fc_neg_pre,OOOWOWWW,OOOOOWWW,4,5,-1.640724137015455,-0.5859970301584725,1.0547271068569826,True
1,log2fc_neg_pre,OOWOOWWW,OOOOOWWW,4,5,-0.8502123389468883,-0.5859970301584725,0.2642153087884158,True
1,log2fc_neg_pre,OWOOOWWW,OOOOOWWW,4,5,-1.3060138941068455,-0.5859970301584725,0.720016863948373,True
1,log2fc_neg_pre,WOOOOWWW,OOOOOWWW,4,5,-1.3477591347144713,-0.5859970301584725,0.7617621045559988,True
1,log2fc_neg_pre,OOOOWOOW,OOOOWOOO,6,7,0.3236035751421795,0.6163177949323557,0.2927142197901762,True
1,log2fc_neg_pre,OOOOWOWO,OOOOWOOO,6,7,0.5250253770731106,0.6163177949323557,0.09129241785924513,True
1,log2fc_neg_pre,OOOOWWOO,OOOOWOOO,6,7,0.179441288388482,0.6163177949323557,0.4368765065438737,True
1,log2fc_neg_pre,OOOWWOOO,OOOOWOOO,6,7,-0.5204259143802824,0.6163177949323557,1.136743709312638,True
1,log2fc_neg_pre,OOWOWOOO,OOOOWOOO,6,7,-0.9709112404921512,0.6163177949323557,1.5872290354245069,True
1,log2fc_neg_pre,OWOOWOOO,OOOOWOOO,6,7,0.0729724230320404,0.6163177949323557,0.5433453719003153,True
1,log2fc_neg_pre,WOOOWOOO,OOOOWOOO,6,7,-0.738645179353934,0.6163177949323557,1.3549629742862899,True
1,log2fc_neg_pre,OOOOWOWW,OOOOWOOW,5,6,-1.84442583682825,0.3236035751421795,2.1680294119704295,True
1,log2fc_neg_pre,OOOOWWOW,OOOOWOOW,5,6,0.5237321593967292,0.3236035751421795,-0.2001285842545497,False
1,log2fc_neg_pre,OOOWWOOW,OOOOWOOW,5,6,-1.1843241613380466,0.3236035751421795,1.5079277364802262,True
1,log2fc_neg_pre,OOWOWOOW,OOOOWOOW,5,6,-0.2613983687128205,0.3236035751421795,0.585001943855,True
1,log2fc_neg_pre,OWOOWOOW,OOOOWOOW,5,6,-0.0180455668202602,0.3236035751421795,0.34164914196243973,True
1,log2fc_neg_pre,WOOOWOOW,OOOOWOOW,5,6,-0.1714783827252272,0.3236035751421795,0.4950819578674067,True
1,log2fc_neg_pre,OOOOWOWW,OOOOWOWO,5,6,-1.84442583682825,0.5250253770731106,2.3694512139013604,True
1,log2fc_neg_pre,OOOOWWWO,OOOOWOWO,5,6,-0.0747256350686801,0.5250253770731106,0.5997510121417907,True
1,log2fc_neg_pre,OOOWWOWO,OOOOWOWO,5,6,-0.2104671672256278,0.5250253770731106,0.7354925442987383,True
1,log2fc_neg_pre,OOWOWOWO,OOOOWOWO,5,6,-0.3113257512452552,0.5250253770731106,0.8363511283183658,True
1,log2fc_neg_pre,OWOOWOWO,OOOOWOWO,5,6,0.453560356948502,0.5250253770731106,0.07146502012460859,True
1,log2fc_neg_pre,WOOOWOWO,OOOOWOWO,5,6,0.985841938866588,0.5250253770731106,-0.4608165617934774,False
1,log2fc_neg_pre,OOOOWWWW,OOOOWOWW,4,5,-0.5502388899446349,-1.84442583682825,-1.2941869468836151,False
1,log2fc_neg_pre,OOOWWOWW,OOOOWOWW,4,5,-0.5187239498544789,-1.84442583682825,-1.3257018869737711,False
1,log2fc_neg_pre,OOWOWOWW,OOOOWOWW,4,5,-0.134841597079861,-1.84442583682825,-1.7095842397483891,False
1,log2fc_neg_pre,OWOOWOWW,OOOOWOWW,4,5,-1.643974557174597,-1.84442583682825,-0.20045127965365306,False
1,log2fc_neg_pre,WOOOWOWW,OOOOWOWW,4,5,-1.2418597560307494,-1.84442583682825,-0.6025660807975006,False
1,log2fc_neg_pre,OOOOWWOW,OOOOWWOO,5,6,0.5237321593967292,0.179441288388482,-0.34429087100824723,False
1,log2fc_neg_pre,OOOOWWWO,OOOOWWOO,5,6,-0.0747256350686801,0.179441288388482,0.2541669234571621,True
1,log2fc_neg_pre,OOOWWWOO,OOOOWWOO,5,6,-0.289682688247133,0.179441288388482,0.469123976635615,True
1,log2fc_neg_pre,OOWOWWOO,OOOOWWOO,5,6,0.8254953396667936,0.179441288388482,-0.6460540512783115,False
1,log2fc_neg_pre,OWOOWWOO,OOOOWWOO,5,6,-0.2480059217893335,0.179441288388482,0.4274472101778155,True
1,log2fc_neg_pre,WOOOWWOO,OOOOWWOO,5,6,0.660275325244237,0.179441288388482,-0.48083403685575504,False
1,log2fc_neg_pre,OOOOWWWW,OOOOWWOW,4,5,-0.5502388899446349,0.5237321593967292,1.0739710493413641,True
1,log2fc_neg_pre,OOOWWWOW,OOOOWWOW,4,5,-0.8507166572701234,0.5237321593967292,1.3744488166668525,True
1,log2fc_neg_pre,OOWOWWOW,OOOOWWOW,4,5,0.0328936224533063,0.5237321593967292,0.49083853694342294,True
1,log2fc_neg_pre,OWOOWWOW,OOOOWWOW,4,5,0.5911224439444842,0.5237321593967292,-0.06739028454775498,False
1,log2fc_neg_pre,WOOOWWOW,OOOOWWOW,4,5,-0.1696564313409952,0.5237321593967292,0.6933885907377244,True
1,log2fc_neg_pre,OOOOWWWW,OOOOWWWO,4,5,-0.5502388899446349,-0.0747256350686801,0.47551325487595475,True
1,log2fc_neg_pre,OOOWWWWO,OOOOWWWO,4,5,-0.78982195230404,-0.0747256350686801,0.7150963172353598,True
1,log2fc_neg_pre,OOWOWWWO,OOOOWWWO,4,5,-0.7977290987964907,-0.0747256350686801,0.7230034637278105,True
1,log2fc_neg_pre,OWOOWWWO,OOOOWWWO,4,5,-0.0159953261222123,-0.0747256350686801,-0.0587303089464678,False
1,log2fc_neg_pre,WOOOWWWO,OOOOWWWO,4,5,-0.2958652942693694,-0.0747256350686801,0.22113965920068931,True
1,log2fc_neg_pre,OOOWWWWW,OOOOWWWW,3,4,-0.6147626121871944,-0.5502388899446349,0.06452372224255953,True
1,log2fc_neg_pre,OOWOWWWW,OOOOWWWW,3,4,-0.8267695348538111,-0.5502388899446349,0.2765306449091762,True
1,log2fc_neg_pre,OWOOWWWW,OOOOWWWW,3,4,-0.3865028855363679,-0.5502388899446349,-0.16373600440826697,False
1,log2fc_neg_pre,WOOOWWWW,OOOOWWWW,3,4,-0.1338001149304757,-0.5502388899446349,-0.41643877501415916,False
1,log2fc_neg_pre,OOOWOOOW,OOOWOOOO,6,7,0.0504771447222187,1.700713901594122,1.6502367568719032,True
1,log2fc_neg_pre,OOOWOOWO,OOOWOOOO,6,7,-0.1090937957567097,1.700713901594122,1.8098076973508317,True
1,log2fc_neg_pre,OOOWOWOO,OOOWOOOO,6,7,-0.3078071028213825,1.700713901594122,2.0085210044155044,True
1,log2fc_neg_pre,OOOWWOOO,OOOWOOOO,6,7,-0.5204259143802824,1.700713901594122,2.2211398159744045,True
1,log2fc_neg_pre,OOWWOOOO,OOOWOOOO,6,7,1.365323216196384,1.700713901594122,0.335390685397738,True
1,log2fc_neg_pre,OWOWOOOO,OOOWOOOO,6,7,-0.9017364698934972,1.700713901594122,2.602450371487619,True
1,log2fc_neg_pre,WOOWOOOO,OOOWOOOO,6,7,-0.0615919578475175,1.700713901594122,1.7623058594416394,True
1,log2fc_neg_pre,OOOWOOWW,OOOWOOOW,5,6,-1.1584072802017618,0.0504771447222187,1.2088844249239805,True
1,log2fc_neg_pre,OOOWOWOW,OOOWOOOW,5,6,0.03475638854438,0.0504771447222187,0.015720756177838704,True
1,log2fc_neg_pre,OOOWWOOW,OOOWOOOW,5,6,-1.1843241613380466,0.0504771447222187,1.2348013060602654,True
1,log2fc_neg_pre,OOWWOOOW,OOOWOOOW,5,6,1.6090551432330018,0.0504771447222187,-1.558577998510783,False
1,log2fc_neg_pre,OWOWOOOW,OOOWOOOW,5,6,-0.4010753595602546,0.0504771447222187,0.4515525042824733,True
1,log2fc_neg_pre,WOOWOOOW,OOOWOOOW,5,6,-0.2589865393779934,0.0504771447222187,0.3094636841002121,True
1,log2fc_neg_pre,OOOWOOWW,OOOWOOWO,5,6,-1.1584072802017618,-0.1090937957567097,1.049313484445052,True
1,log2fc_neg_pre,OOOWOWWO,OOOWOOWO,5,6,-0.5974906166968238,-0.1090937957567097,0.4883968209401141,True
1,log2fc_neg_pre,OOOWWOWO,OOOWOOWO,5,6,-0.2104671672256278,-0.1090937957567097,0.1013733714689181,True
1,log2fc_neg_pre,OOWWOOWO,OOOWOOWO,5,6,0.4878867327471243,-0.1090937957567097,-0.596980528503834,False
1,log2fc_neg_pre,OWOWOOWO,OOOWOOWO,5,6,-0.5206578874520214,-0.1090937957567097,0.41156409169531166,True
1,log2fc_neg_pre,WOOWOOWO,OOOWOOWO,5,6,-0.2515380065418574,-0.1090937957567097,0.14244421078514768,True
1,log2fc_neg_pre,OOOWOWWW,OOOWOOWW,4,5,-1.640724137015455,-1.1584072802017618,0.4823168568136933,True
1,log2fc_neg_pre,OOOWWOWW,OOOWOOWW,4,5,-0.5187239498544789,-1.1584072802017618,-0.6396833303472829,False
1,log2fc_neg_pre,OOWWOOWW,OOOWOOWW,4,5,-1.1080230518776777,-1.1584072802017618,-0.05038422832408407,False
1,log2fc_neg_pre,OWOWOOWW,OOOWOOWW,4,5,-0.5542538140141469,-1.1584072802017618,-0.6041534661876149,False
1,log2fc_neg_pre,WOOWOOWW,OOOWOOWW,4,5,-0.288643350822844,-1.1584072802017618,-0.8697639293789178,False
1,log2fc_neg_pre,OOOWOWOW,OOOWOWOO,5,6,0.03475638854438,-0.3078071028213825,-0.34256349136576253,False
1,log2fc_neg_pre,OOOWOWWO,OOOWOWOO,5,6,-0.5974906166968238,-0.3078071028213825,0.2896835138754413,True
1,log2fc_neg_pre,OOOWWWOO,OOOWOWOO,5,6,-0.289682688247133,-0.3078071028213825,-0.018124414574249514,False
1,log2fc_neg_pre,OOWWOWOO,OOOWOWOO,5,6,1.182190566502097,-0.3078071028213825,-1.4899976693234795,False
1,log2fc_neg_pre,OWOWOWOO,OOOWOWOO,5,6,1.066620039531991,-0.3078071028213825,-1.3744271423533734,False
1,log2fc_neg_pre,WOOWOWOO,OOOWOWOO,5,6,0.7221930513830179,-0.3078071028213825,-1.0300001542044004,False
1,log2fc_neg_pre,OOOWOWWW,OOOWOWOW,4,5,-1.640724137015455,0.03475638854438,1.675480525559835,True
1,log2fc_neg_pre,OOOWWWOW,OOOWOWOW,4,5,-0.8507166572701234,0.03475638854438,0.8854730458145034,True
1,log2fc_neg_pre,OOWWOWOW,OOOWOWOW,4,5,0.2733655771643385,0.03475638854438,-0.2386091886199585,False
1,log2fc_neg_pre,OWOWOWOW,OOOWOWOW,4,5,-0.1001192981531205,0.03475638854438,0.1348756866975005,True
1,log2fc_neg_pre,WOOWOWOW,OOOWOWOW,4,5,-0.2053875104060247,0.03475638854438,0.24014389895040472,True
1,log2fc_neg_pre,OOOWOWWW,OOOWOWWO,4,5,-1.640724137015455,-0.5974906166968238,1.0432335203186311,True
1,log2fc_neg_pre,OOOWWWWO,OOOWOWWO,4,5,-0.78982195230404,-0.5974906166968238,0.19233133560721616,True
1,log2fc_neg_pre,OOWWOWWO,OOOWOWWO,4,5,-0.2386220999601792,-0.5974906166968238,-0.3588685167366446,False
1,log2fc_neg_pre,OWOWOWWO,OOOWOWWO,4,5,-2.0674360879936384,-0.5974906166968238,1.4699454712968145,True
1,log2fc_neg_pre,WOOWOWWO,OOOWOWWO,4,5,-0.11510779093026,-0.5974906166968238,-0.48238282576656377,False
1,log2fc_neg_pre,OOOWWWWW,OOOWOWWW,3,4,-0.6147626121871944,-1.640724137015455,-1.0259615248282605,False
1,log2fc_neg_pre,OOWWOWWW,OOOWOWWW,3,4,-0.4778013651884903,-1.640724137015455,-1.1629227718269648,False
1,log2fc_neg_pre,OWOWOWWW,OOOWOWWW,3,4,0.1304125467398574,-1.640724137015455,-1.7711366837553124,False
1,log2fc_neg_pre,WOOWOWWW,OOOWOWWW,3,4,-1.3716420819665638,-1.640724137015455,-0.26908205504889127,False
1,log2fc_neg_pre,OOOWWOOW,OOOWWOOO,5,6,-1.1843241613380466,-0.5204259143802824,0.6638982469577642,True
1,log2fc_neg_pre,OOOWWOWO,OOOWWOOO,5,6,-0.2104671672256278,-0.5204259143802824,-0.3099587471546546,False
1,log2fc_neg_pre,OOOWWWOO,OOOWWOOO,5,6,-0.289682688247133,-0.5204259143802824,-0.2307432261331494,False
1,log2fc_neg_pre,OOWWWOOO,OOOWWOOO,5,6,0.7953028621085808,-0.5204259143802824,-1.3157287764888632,False
1,log2fc_neg_pre,OWOWWOOO,OOOWWOOO,5,6,-0.4263948067636218,-0.5204259143802824,-0.09403110761666061,False
1,log2fc_neg_pre,WOOWWOOO,OOOWWOOO,5,6,-0.0500738043379212,-0.5204259143802824,-0.4703521100423612,False
1,log2fc_neg_pre,OOOWWOWW,OOOWWOOW,4,5,-0.5187239498544789,-1.1843241613380466,-0.6656002114835677,False
1,log2fc_neg_pre,OOOWWWOW,OOOWWOOW,4,5,-0.8507166572701234,-1.1843241613380466,-0.3336075040679233,False
1,log2fc_neg_pre,OOWWWOOW,OOOWWOOW,4,5,0.4144103771443945,-1.1843241613380466,-1.5987345384824412,False
1,log2fc_neg_pre,OWOWWOOW,OOOWWOOW,4,5,-0.4214004409384444,-1.1843241613380466,-0.7629237203996022,False
1,log2fc_neg_pre,WOOWWOOW,OOOWWOOW,4,5,0.0166040085726773,-1.1843241613380466,-1.200928169910724,False
1,log2fc_neg_pre,OOOWWOWW,OOOWWOWO,4,5,-0.5187239498544789,-0.2104671672256278,0.3082567826288511,True
1,log2fc_neg_pre,OOOWWWWO,OOOWWOWO,4,5,-0.78982195230404,-0.2104671672256278,0.5793547850784122,True
1,log2fc_neg_pre,OOWWWOWO,OOOWWOWO,4,5,0.2658810502957732,-0.2104671672256278,-0.476348217521401,False
1,log2fc_neg_pre,OWOWWOWO,OOOWWOWO,4,5,-0.0007161511706114,-0.2104671672256278,-0.2097510160550164,False
1,log2fc_neg_pre,WOOWWOWO,OOOWWOWO,4,5,0.15824731511199,-0.2104671672256278,-0.36871448233761783,False
1,log2fc_neg_pre,OOOWWWWW,OOOWWOWW,3,4,-0.6147626121871944,-0.5187239498544789,0.09603866233271552,True
1,log2fc_neg_pre,OOWWWOWW,OOOWWOWW,3,4,-0.3664955437216841,-0.5187239498544789,-0.1522284061327948,False
1,log2fc_neg_pre,OWOWWOWW,OOOWWOWW,3,4,0.3405896698655108,-0.5187239498544789,-0.8593136197199898,False
1,log2fc_neg_pre,WOOWWOWW,OOOWWOWW,3,4,-0.4875090485341453,-0.5187239498544789,-0.03121490132033361,False
1,log2fc_neg_pre,OOOWWWOW,OOOWWWOO,4,5,-0.8507166572701234,-0.289682688247133,0.5610339690229904,True
1,log2fc_neg_pre,OOOWWWWO,OOOWWWOO,4,5,-0.78982195230404,-0.289682688247133,0.5001392640569069,True
1,log2fc_neg_pre,OOWWWWOO,OOOWWWOO,4,5,0.4164303112950904,-0.289682688247133,-0.7061129995422234,False
1,log2fc_neg_pre,OWOWWWOO,OOOWWWOO,4,5,-0.232424952848869,-0.289682688247133,-0.05725773539826401,False
1,log2fc_neg_pre,WOOWWWOO,OOOWWWOO,4,5,-0.9260607227454496,-0.289682688247133,0.6363780344983165,True
1,log2fc_neg_pre,OOOWWWWW,OOOWWWOW,3,4,-0.6147626121871944,-0.8507166572701234,-0.23595404508292894,False
1,log2fc_neg_pre,OOWWWWOW,OOOWWWOW,3,4,0.3145385364490809,-0.8507166572701234,-1.1652551937192044,False
1,log2fc_neg_pre,OWOWWWOW,OOOWWWOW,3,4,-0.5419869962316864,-0.8507166572701234,-0.3087296610384369,False
1,log2fc_neg_pre,WOOWWWOW,OOOWWWOW,3,4,-0.5593252270793294,-0.8507166572701234,-0.29139143019079394,False
1,log2fc_neg_pre,OOOWWWWW,OOOWWWWO,3,4,-0.6147626121871944,-0.78982195230404,-0.17505934011684554,False
1,log2fc_neg_pre,OOWWWWWO,OOOWWWWO,3,4,0.8076370122681361,-0.78982195230404,-1.597458964572176,False
1,log2fc_neg_pre,OWOWWWWO,OOOWWWWO,3,4,-0.1971745011728726,-0.78982195230404,-0.5926474511311673,False
1,log2fc_neg_pre,WOOWWWWO,OOOWWWWO,3,4,-0.1880982001835272,-0.78982195230404,-0.6017237521205128,False
1,log2fc_neg_pre,OOWWWWWW,OOOWWWWW,2,3,-0.1608537484143914,-0.6147626121871944,-0.45390886377280304,False
1,log2fc_neg_pre,OWOWWWWW,OOOWWWWW,2,3,-0.4550361418810847,-0.6147626121871944,-0.1597264703061097,False
1,log2fc_neg_pre,WOOWWWWW,OOOWWWWW,2,3,0.1177386723650327,-0.6147626121871944,-0.7325012845522271,False
1,log2fc_neg_pre,OOWOOOOW,OOWOOOOO,6,7,-0.4651208045359486,1.4122986332165937,1.8774194377525424,True
1,log2fc_neg_pre,OOWOOOWO,OOWOOOOO,6,7,-0.1645018638375731,1.4122986332165937,1.5768004970541667,True
1,log2fc_neg_pre,OOWOOWOO,OOWOOOOO,6,7,0.9119599366511884,1.4122986332165937,0.5003386965654053,True
1,log2fc_neg_pre,OOWOWOOO,OOWOOOOO,6,7,-0.9709112404921512,1.4122986332165937,2.383209873708745,True
1,log2fc_neg_pre,OOWWOOOO,OOWOOOOO,6,7,1.365323216196384,1.4122986332165937,0.04697541702020969,True
1,log2fc_neg_pre,OWWOOOOO,OOWOOOOO,6,7,1.0410490742695222,1.4122986332165937,0.37124955894707146,True
1,log2fc_neg_pre,WOWOOOOO,OOWOOOOO,6,7,2.5286252988944695,1.4122986332165937,-1.1163266656778759,False
1,log2fc_neg_pre,OOWOOOWW,OOWOOOOW,5,6,-0.754675768744425,-0.4651208045359486,0.2895549642084764,True
1,log2fc_neg_pre,OOWOOWOW,OOWOOOOW,5,6,0.6222754152574924,-0.4651208045359486,-1.087396219793441,False
1,log2fc_neg_pre,OOWOWOOW,OOWOOOOW,5,6,-0.2613983687128205,-0.4651208045359486,-0.2037224358231281,False
1,log2fc_neg_pre,OOWWOOOW,OOWOOOOW,5,6,1.6090551432330018,-0.4651208045359486,-2.0741759477689503,False
1,log2fc_neg_pre,OWWOOOOW,OOWOOOOW,5,6,0.2857753235699251,-0.4651208045359486,-0.7508961281058737,False
1,log2fc_neg_pre,WOWOOOOW,OOWOOOOW,5,6,0.1231117067547927,-0.4651208045359486,-0.5882325112907413,False
1,log2fc_neg_pre,OOWOOOWW,OOWOOOWO,5,6,-0.754675768744425,-0.1645018638375731,0.590173904906852,True
1,log2fc_neg_pre,OOWOOWWO,OOWOOOWO,5,6,0.1916754453850303,-0.1645018638375731,-0.3561773092226034,False
1,log2fc_neg_pre,OOWOWOWO,OOWOOOWO,5,6,-0.3113257512452552,-0.1645018638375731,0.1468238874076821,True
1,log2fc_neg_pre,OOWWOOWO,OOWOOOWO,5,6,0.4878867327471243,-0.1645018638375731,-0.6523885965846974,False
1,log2fc_neg_pre,OWWOOOWO,OOWOOOWO,5,6,0.3140455602615291,-0.1645018638375731,-0.47854742409910217,False
1,log2fc_neg_pre,WOWOOOWO,OOWOOOWO,5,6,0.2644899604257493,-0.1645018638375731,-0.4289918242633224,False
1,log2fc_neg_pre,OOWOOWWW,OOWOOOWW,4,5,-0.8502123389468883,-0.754675768744425,0.09553657020246331,True
1,log2fc_neg_pre,OOWOWOWW,OOWOOOWW,4,5,-0.134841597079861,-0.754675768744425,-0.619834171664564,False
1,log2fc_neg_pre,OOWWOOWW,OOWOOOWW,4,5,-1.1080230518776777,-0.754675768744425,0.3533472831332527,True
1,log2fc_neg_pre,OWWOOOWW,OOWOOOWW,4,5,-0.3421072004475992,-0.754675768744425,-0.4125685682968258,False
1,log2fc_neg_pre,WOWOOOWW,OOWOOOWW,4,5,-0.6033496038817058,-0.754675768744425,-0.15132616486271921,False
1,log2fc_neg_pre,OOWOOWOW,OOWOOWOO,5,6,0.6222754152574924,0.9119599366511884,0.28968452139369594,True
1,log2fc_neg_pre,OOWOOWWO,OOWOOWOO,5,6,0.1916754453850303,0.9119599366511884,0.720284491266158,True
1,log2fc_neg_pre,OOWOWWOO,OOWOOWOO,5,6,0.8254953396667936,0.9119599366511884,0.08646459698439479,True
1,log2fc_neg_pre,OOWWOWOO,OOWOOWOO,5,6,1.182190566502097,0.9119599366511884,-0.27023062985090873,False
1,log2fc_neg_pre,OWWOOWOO,OOWOOWOO,5,6,0.8826905516893718,0.9119599366511884,0.029269384961816525,True
1,log2fc_neg_pre,WOWOOWOO,OOWOOWOO,5,6,1.8516030329726172,0.9119599366511884,-0.9396430963214288,False
1,log2fc_neg_pre,OOWOOWWW,OOWOOWOW,4,5,-0.8502123389468883,0.6222754152574924,1.4724877542043808,True
1,log2fc_neg_pre,OOWOWWOW,OOWOOWOW,4,5,0.0328936224533063,0.6222754152574924,0.5893817928041861,True
1,log2fc_neg_pre,OOWWOWOW,OOWOOWOW,4,5,0.2733655771643385,0.6222754152574924,0.3489098380931539,True
1,log2fc_neg_pre,OWWOOWOW,OOWOOWOW,4,5,-0.2939510553672018,0.6222754152574924,0.9162264706246942,True
1,log2fc_neg_pre,WOWOOWOW,OOWOOWOW,4,5,0.1437397044753704,0.6222754152574924,0.478535710782122,True
1,log2fc_neg_pre,OOWOOWWW,OOWOOWWO,4,5,-0.8502123389468883,0.1916754453850303,1.0418877843319185,True
1,log2fc_neg_pre,OOWOWWWO,OOWOOWWO,4,5,-0.7977290987964907,0.1916754453850303,0.989404544181521,True
1,log2fc_neg_pre,OOWWOWWO,OOWOOWWO,4,5,-0.2386220999601792,0.1916754453850303,0.4302975453452095,True
1,log2fc_neg_pre,OWWOOWWO,OOWOOWWO,4,5,-0.0594206383397678,0.1916754453850303,0.25109608372479814,True
1,log2fc_neg_pre,WOWOOWWO,OOWOOWWO,4,5,-2.6172595985167195,0.1916754453850303,2.8089350439017498,True
1,log2fc_neg_pre,OOWOWWWW,OOWOOWWW,3,4,-0.8267695348538111,-0.8502123389468883,-0.023442804093077196,False
1,log2fc_neg_pre,OOWWOWWW,OOWOOWWW,3,4,-0.4778013651884903,-0.8502123389468883,-0.372410973758398,False
1,log2fc_neg_pre,OWWOOWWW,OOWOOWWW,3,4,-1.1773329027089583,-0.8502123389468883,0.32712056376207,True
1,log2fc_neg_pre,WOWOOWWW,OOWOOWWW,3,4,-1.0289969813758617,-0.8502123389468883,0.1787846424289734,True
1,log2fc_neg_pre,OOWOWOOW,OOWOWOOO,5,6,-0.2613983687128205,-0.9709112404921512,-0.7095128717793306,False
1,log2fc_neg_pre,OOWOWOWO,OOWOWOOO,5,6,-0.3113257512452552,-0.9709112404921512,-0.659585489246896,False
1,log2fc_neg_pre,OOWOWWOO,OOWOWOOO,5,6,0.8254953396667936,-0.9709112404921512,-1.7964065801589446,False
1,log2fc_neg_pre,OOWWWOOO,OOWOWOOO,5,6,0.7953028621085808,-0.9709112404921512,-1.766214102600732,False
1,log2fc_neg_pre,OWWOWOOO,OOWOWOOO,5,6,0.6997333468488913,-0.9709112404921512,-1.6706445873410425,False
1,log2fc_neg_pre,WOWOWOOO,OOWOWOOO,5,6,0.3058040848049707,-0.9709112404921512,-1.276715325297122,False
1,log2fc_neg_pre,OOWOWOWW,OOWOWOOW,4,5,-0.134841597079861,-0.2613983687128205,-0.12655677163295953,False
1,log2fc_neg_pre,OOWOWWOW,OOWOWOOW,4,5,0.0328936224533063,-0.2613983687128205,-0.2942919911661268,False
1,log2fc_neg_pre,OOWWWOOW,OOWOWOOW,4,5,0.4144103771443945,-0.2613983687128205,-0.6758087458572151,False
1,log2fc_neg_pre,OWWOWOOW,OOWOWOOW,4,5,0.3095342193109931,-0.2613983687128205,-0.5709325880238136,False
1,log2fc_neg_pre,WOWOWOOW,OOWOWOOW,4,5,0.9192968252583512,-0.2613983687128205,-1.1806951939711716,False
1,log2fc_neg_pre,OOWOWOWW,OOWOWOWO,4,5,-0.134841597079861,-0.3113257512452552,-0.1764841541653942,False
1,log2fc_neg_pre,OOWOWWWO,OOWOWOWO,4,5,-0.7977290987964907,-0.3113257512452552,0.4864033475512355,True
1,log2fc_neg_pre,OOWWWOWO,OOWOWOWO,4,5,0.2658810502957732,-0.3113257512452552,-0.5772068015410283,False
1,log2fc_neg_pre,OWWOWOWO,OOWOWOWO,4,5,0.0995538992865977,-0.3113257512452552,-0.4108796505318529,False
1,log2fc_neg_pre,WOWOWOWO,OOWOWOWO,4,5,0.8101265659031852,-0.3113257512452552,-1.1214523171484405,False
1,log2fc_neg_pre,OOWOWWWW,OOWOWOWW,3,4,-0.8267695348538111,-0.134841597079861,0.6919279377739501,True
1,log2fc_neg_pre,OOWWWOWW,OOWOWOWW,3,4,-0.3664955437216841,-0.134841597079861,0.2316539466418231,True
1,log2fc_neg_pre,OWWOWOWW,OOWOWOWW,3,4,-1.0612133993994215,-0.134841597079861,0.9263718023195605,True
1,log2fc_neg_pre,WOWOWOWW,OOWOWOWW,3,4,-0.429499669738545,-0.134841597079861,0.294658072658684,True
1,log2fc_neg_pre,OOWOWWOW,OOWOWWOO,4,5,0.0328936224533063,0.8254953396667936,0.7926017172134873,True
1,log2fc_neg_pre,OOWOWWWO,OOWOWWOO,4,5,-0.7977290987964907,0.8254953396667936,1.6232244384632843,True
1,log2fc_neg_pre,OOWWWWOO,OOWOWWOO,4,5,0.4164303112950904,0.8254953396667936,0.40906502837170317,True
1,log2fc_neg_pre,OWWOWWOO,OOWOWWOO,4,5,0.1384657981113384,0.8254953396667936,0.6870295415554551,True
1,log2fc_neg_pre,WOWOWWOO,OOWOWWOO,4,5,0.5448748539769939,0.8254953396667936,0.2806204856897997,True
1,log2fc_neg_pre,OOWOWWWW,OOWOWWOW,3,4,-0.8267695348538111,0.0328936224533063,0.8596631573071174,True
1,log2fc_neg_pre,OOWWWWOW,OOWOWWOW,3,4,0.3145385364490809,0.0328936224533063,-0.2816449139957746,False
1,log2fc_neg_pre,OWWOWWOW,OOWOWWOW,3,4,0.0375978631650159,0.0328936224533063,-0.004704240711709599,False
1,log2fc_neg_pre,WOWOWWOW,OOWOWWOW,3,4,0.8385030564278463,0.0328936224533063,-0.80560943397454,False
1,log2fc_neg_pre,OOWOWWWW,OOWOWWWO,3,4,-0.8267695348538111,-0.7977290987964907,0.02904043605732043,True
1,log2fc_neg_pre,OOWWWWWO,OOWOWWWO,3,4,0.8076370122681361,-0.7977290987964907,-1.605366111064627,False
1,log2fc_neg_pre,OWWOWWWO,OOWOWWWO,3,4,-0.7862132056108243,-0.7977290987964907,-0.01151589318566637,False
1,log2fc_neg_pre,WOWOWWWO,OOWOWWWO,3,4,0.3916961879137,-0.7977290987964907,-1.1894252867101907,False
1,log2fc_neg_pre,OOWWWWWW,OOWOWWWW,2,3,-0.1608537484143914,-0.8267695348538111,-0.6659157864394197,False
1,log2fc_neg_pre,OWWOWWWW,OOWOWWWW,2,3,-0.2200072711943611,-0.8267695348538111,-0.6067622636594501,False
1,log2fc_neg_pre,WOWOWWWW,OOWOWWWW,2,3,-0.318475844130841,-0.8267695348538111,-0.50829369072297,False
1,log2fc_neg_pre,OOWWOOOW,OOWWOOOO,5,6,1.6090551432330018,1.365323216196384,-0.24373192703661783,False
1,log2fc_neg_pre,OOWWOOWO,OOWWOOOO,5,6,0.4878867327471243,1.365323216196384,0.8774364834492596,True
1,log2fc_neg_pre,OOWWOWOO,OOWWOOOO,5,6,1.182190566502097,1.365323216196384,0.1831326496942869,True
1,log2fc_neg_pre,OOWWWOOO,OOWWOOOO,5,6,0.7953028621085808,1.365323216196384,0.5700203540878032,True
1,log2fc_neg_pre,OWWWOOOO,OOWWOOOO,5,6,-2.0499884398680916,1.365323216196384,3.4153116560644756,True
1,log2fc_neg_pre,WOWWOOOO,OOWWOOOO,5,6,0.6011752705915497,1.365323216196384,0.7641479456048342,True
1,log2fc_neg_pre,OOWWOOWW,OOWWOOOW,4,5,-1.1080230518776777,1.6090551432330018,2.7170781951106795,True
1,log2fc_neg_pre,OOWWOWOW,OOWWOOOW,4,5,0.2733655771643385,1.6090551432330018,1.3356895660686634,True
1,log2fc_neg_pre,OOWWWOOW,OOWWOOOW,4,5,0.4144103771443945,1.6090551432330018,1.1946447660886073,True
1,log2fc_neg_pre,OWWWOOOW,OOWWOOOW,4,5,0.3248966684006781,1.6090551432330018,1.2841584748323238,True
1,log2fc_neg_pre,WOWWOOOW,OOWWOOOW,4,5,0.5565047131334337,1.6090551432330018,1.052550430099568,True
1,log2fc_neg_pre,OOWWOOWW,OOWWOOWO,4,5,-1.1080230518776777,0.4878867327471243,1.595909784624802,True
1,log2fc_neg_pre,OOWWOWWO,OOWWOOWO,4,5,-0.2386220999601792,0.4878867327471243,0.7265088327073035,True
1,log2fc_neg_pre,OOWWWOWO,OOWWOOWO,4,5,0.2658810502957732,0.4878867327471243,0.2220056824513511,True
1,log2fc_neg_pre,OWWWOOWO,OOWWOOWO,4,5,0.2623586281093886,0.4878867327471243,0.2255281046377357,True
1,log2fc_neg_pre,WOWWOOWO,OOWWOOWO,4,5,0.6658316604756286,0.4878867327471243,-0.1779449277285043,False
1,log2fc_neg_pre,OOWWOWWW,OOWWOOWW,3,4,-0.4778013651884903,-1.1080230518776777,-0.6302216866891874,False
1,log2fc_neg_pre,OOWWWOWW,OOWWOOWW,3,4,-0.3664955437216841,-1.1080230518776777,-0.7415275081559936,False
1,log2fc_neg_pre,OWWWOOWW,OOWWOOWW,3,4,-0.5728401658981831,-1.1080230518776777,-0.5351828859794946,False
1,log2fc_neg_pre,WOWWOOWW,OOWWOOWW,3,4,-0.6084810777134226,-1.1080230518776777,-0.49954197416425505,False
1,log2fc_neg_pre,OOWWOWOW,OOWWOWOO,4,5,0.2733655771643385,1.182190566502097,0.9088249893377586,True
1,log2fc_neg_pre,OOWWOWWO,OOWWOWOO,4,5,-0.2386220999601792,1.182190566502097,1.4208126664622762,True
1,log2fc_neg_pre,OOWWWWOO,OOWWOWOO,4,5,0.4164303112950904,1.182190566502097,0.7657602552070066,True
1,log2fc_neg_pre,OWWWOWOO,OOWWOWOO,4,5,0.4103637231726972,1.182190566502097,0.7718268433293999,True
1,log2fc_neg_pre,WOWWOWOO,OOWWOWOO,4,5,0.6226894913224019,1.182190566502097,0.5595010751796952,True
1,log2fc_neg_pre,OOWWOWWW,OOWWOWOW,3,4,-0.4778013651884903,0.2733655771643385,0.7511669423528289,True
1,log2fc_neg_pre,OOWWWWOW,OOWWOWOW,3,4,0.3145385364490809,0.2733655771643385,-0.041172959284742405,False
1,log2fc_neg_pre,OWWWOWOW,OOWWOWOW,3,4,0.6668912101525757,0.2733655771643385,-0.3935256329882372,False
1,log2fc_neg_pre,WOWWOWOW,OOWWOWOW,3,4,0.2548203497379533,0.2733655771643385,0.018545227426385202,True
1,log2fc_neg_pre,OOWWOWWW,OOWWOWWO,3,4,-0.4778013651884903,-0.2386220999601792,0.23917926522831112,True
1,log2fc_neg_pre,OOWWWWWO,OOWWOWWO,3,4,0.8076370122681361,-0.2386220999601792,-1.0462591122283154,False
1,log2fc_neg_pre,OWWWOWWO,OOWWOWWO,3,4,-0.5910749581359931,-0.2386220999601792,0.3524528581758139,True
1,log2fc_neg_pre,WOWWOWWO,OOWWOWWO,3,4,0.2338492298926595,-0.2386220999601792,-0.4724713298528387,False
1,log2fc_neg_pre,OOWWWWWW,OOWWOWWW,2,3,-0.1608537484143914,-0.4778013651884903,-0.3169476167740989,False
1,log2fc_neg_pre,OWWWOWWW,OOWWOWWW,2,3,-0.1453793196761329,-0.4778013651884903,-0.33242204551235743,False
1,log2fc_neg_pre,WOWWOWWW,OOWWOWWW,2,3,0.2089036563754535,-0.4778013651884903,-0.6867050215639439,False
1,log2fc_neg_pre,OOWWWOOW,OOWWWOOO,4,5,0.4144103771443945,0.7953028621085808,0.3808924849641863,True
1,log2fc_neg_pre,OOWWWOWO,OOWWWOOO,4,5,0.2658810502957732,0.7953028621085808,0.5294218118128076,True
1,log2fc_neg_pre,OOWWWWOO,OOWWWOOO,4,5,0.4164303112950904,0.7953028621085808,0.3788725508134904,True
1,log2fc_neg_pre,OWWWWOOO,OOWWWOOO,4,5,-0.4962684746861601,0.7953028621085808,1.2915713367947408,True
1,log2fc_neg_pre,WOWWWOOO,OOWWWOOO,4,5,0.1637407469679236,0.7953028621085808,0.6315621151406572,True
1,log2fc_neg_pre,OOWWWOWW,OOWWWOOW,3,4,-0.3664955437216841,0.4144103771443945,0.7809059208660786,True
1,log2fc_neg_pre,OOWWWWOW,OOWWWOOW,3,4,0.3145385364490809,0.4144103771443945,0.09987184069531357,True
1,log2fc_neg_pre,OWWWWOOW,OOWWWOOW,3,4,0.332920299775614,0.4144103771443945,0.0814900773687805,True
1,log2fc_neg_pre,WOWWWOOW,OOWWWOOW,3,4,0.2440900928920666,0.4144103771443945,0.1703202842523279,True
1,log2fc_neg_pre,OOWWWOWW,OOWWWOWO,3,4,-0.3664955437216841,0.2658810502957732,0.6323765940174573,True
1,log2fc_neg_pre,OOWWWWWO,OOWWWOWO,3,4,0.8076370122681361,0.2658810502957732,-0.5417559619723629,False
1,log2fc_neg_pre,OWWWWOWO,OOWWWOWO,3,4,-0.2834585970901896,0.2658810502957732,0.5493396473859629,True
1,log2fc_neg_pre,WOWWWOWO,OOWWWOWO,3,4,-0.1468805782853717,0.2658810502957732,0.4127616285811449,True
1,log2fc_neg_pre,OOWWWWWW,OOWWWOWW,2,3,-0.1608537484143914,-0.3664955437216841,-0.20564179530729268,False
1,log2fc_neg_pre,OWWWWOWW,OOWWWOWW,2,3,-0.8731056462438943,-0.3664955437216841,0.5066101025222103,True
1,log2fc_neg_pre,WOWWWOWW,OOWWWOWW,2,3,-0.4460371068888112,-0.3664955437216841,0.07954156316712713,True
1,log2fc_neg_pre,OOWWWWOW,OOWWWWOO,3,4,0.3145385364490809,0.4164303112950904,0.10189177484600948,True
1,log2fc_neg_pre,OOWWWWWO,OOWWWWOO,3,4,0.8076370122681361,0.4164303112950904,-0.3912067009730457,False
1,log2fc_neg_pre,OWWWWWOO,OOWWWWOO,3,4,0.5350812182349579,0.4164303112950904,-0.11865090693986752,False
1,log2fc_neg_pre,WOWWWWOO,OOWWWWOO,3,4,0.2655732121471205,0.4164303112950904,0.1508570991479699,True
1,log2fc_neg_pre,OOWWWWWW,OOWWWWOW,2,3,-0.1608537484143914,0.3145385364490809,0.4753922848634723,True
1,log2fc_neg_pre,OWWWWWOW,OOWWWWOW,2,3,0.5318940579865824,0.3145385364490809,-0.21735552153750148,False
1,log2fc_neg_pre,WOWWWWOW,OOWWWWOW,2,3,0.5562103177997566,0.3145385364490809,-0.24167178135067569,False
1,log2fc_neg_pre,OOWWWWWW,OOWWWWWO,2,3,-0.1608537484143914,0.8076370122681361,0.9684907606825275,True
1,log2fc_neg_pre,OWWWWWWO,OOWWWWWO,2,3,0.1778670637448121,0.8076370122681361,0.629769948523324,True
1,log2fc_neg_pre,WOWWWWWO,OOWWWWWO,2,3,-0.0505158612398448,0.8076370122681361,0.8581528735079809,True
1,log2fc_neg_pre,OWWWWWWW,OOWWWWWW,1,2,0.2740596314908667,-0.1608537484143914,-0.43491337990525814,False
1,log2fc_neg_pre,WOWWWWWW,OOWWWWWW,1,2,0.0135969788081862,-0.1608537484143914,-0.1744507272225776,False
1,log2fc_neg_pre,OWOOOOOW,OWOOOOOO,6,7,0.2568772969569243,0.2546806450336374,-0.0021966519232868853,False
1,log2fc_neg_pre,OWOOOOWO,OWOOOOOO,6,7,0.1943659370863756,0.2546806450336374,0.06031470794726182,True
1,log2fc_neg_pre,OWOOOWOO,OWOOOOOO,6,7,-0.5427687022458594,0.2546806450336374,0.7974493472794968,True
1,log2fc_neg_pre,OWOOWOOO,OWOOOOOO,6,7,0.0729724230320404,0.2546806450336374,0.181708222001597,True
1,log2fc_neg_pre,OWOWOOOO,OWOOOOOO,6,7,-0.9017364698934972,0.2546806450336374,1.1564171149271347,True
1,log2fc_neg_pre,OWWOOOOO,OWOOOOOO,6,7,1.0410490742695222,0.2546806450336374,-0.7863684292358848,False
1,log2fc_neg_pre,WWOOOOOO,OWOOOOOO,6,7,1.2939810474386235,0.2546806450336374,-1.0393004024049861,False
1,log2fc_neg_pre,OWOOOOWW,OWOOOOOW,5,6,-0.200245891813225,0.2568772969569243,0.4571231887701493,True
1,log2fc_neg_pre,OWOOOWOW,OWOOOOOW,5,6,-0.891469307313965,0.2568772969569243,1.1483466042708894,True
1,log2fc_neg_pre,OWOOWOOW,OWOOOOOW,5,6,-0.0180455668202602,0.2568772969569243,0.2749228637771845,True
1,log2fc_neg_pre,OWOWOOOW,OWOOOOOW,5,6,-0.4010753595602546,0.2568772969569243,0.6579526565171789,True
1,log2fc_neg_pre,OWWOOOOW,OWOOOOOW,5,6,0.2857753235699251,0.2568772969569243,-0.028898026613000782,False
1,log2fc_neg_pre,WWOOOOOW,OWOOOOOW,5,6,0.3005479054309603,0.2568772969569243,-0.04367060847403603,False
1,log2fc_neg_pre,OWOOOOWW,OWOOOOWO,5,6,-0.200245891813225,0.1943659370863756,0.39461182889960056,True
1,log2fc_neg_pre,OWOOOWWO,OWOOOOWO,5,6,-2.015194833289101,0.1943659370863756,2.2095607703754765,True
1,log2fc_neg_pre,OWOOWOWO,OWOOOOWO,5,6,0.453560356948502,0.1943659370863756,-0.25919441986212644,False
1,log2fc_neg_pre,OWOWOOWO,OWOOOOWO,5,6,-0.5206578874520214,0.1943659370863756,0.715023824538397,True
1,log2fc_neg_pre,OWWOOOWO,OWOOOOWO,5,6,0.3140455602615291,0.1943659370863756,-0.11967962317515349,False
1,log2fc_neg_pre,WWOOOOWO,OWOOOOWO,5,6,0.5851041995260529,0.1943659370863756,-0.39073826243967724,False
1,log2fc_neg_pre,OWOOOWWW,OWOOOOWW,4,5,-1.3060138941068455,-0.200245891813225,1.1057680022936205,True
1,log2fc_neg_pre,OWOOWOWW,OWOOOOWW,4,5,-1.643974557174597,-0.200245891813225,1.443728665361372,True
1,log2fc_neg_pre,OWOWOOWW,OWOOOOWW,4,5,-0.5542538140141469,-0.200245891813225,0.35400792220092187,True
1,log2fc_neg_pre,OWWOOOWW,OWOOOOWW,4,5,-0.3421072004475992,-0.200245891813225,0.14186130863437418,True
1,log2fc_neg_pre,WWOOOOWW,OWOOOOWW,4,5,-1.2756218242412158,-0.200245891813225,1.0753759324279908,True
1,log2fc_neg_pre,OWOOOWOW,OWOOOWOO,5,6,-0.891469307313965,-0.5427687022458594,0.34870060506810563,True
1,log2fc_neg_pre,OWOOOWWO,OWOOOWOO,5,6,-2.015194833289101,-0.5427687022458594,1.4724261310432416,True
1,log2fc_neg_pre,OWOOWWOO,OWOOOWOO,5,6,-0.2480059217893335,-0.5427687022458594,-0.2947627804565259,False
1,log2fc_neg_pre,OWOWOWOO,OWOOOWOO,5,6,1.066620039531991,-0.5427687022458594,-1.6093887417778503,False
1,log2fc_neg_pre,OWWOOWOO,OWOOOWOO,5,6,0.8826905516893718,-0.5427687022458594,-1.425459253935231,False
1,log2fc_neg_pre,WWOOOWOO,OWOOOWOO,5,6,-0.8296369148272282,-0.5427687022458594,0.28686821258136885,True
1,log2fc_neg_pre,OWOOOWWW,OWOOOWOW,4,5,-1.3060138941068455,-0.891469307313965,0.41454458679288053,True
1,log2fc_neg_pre,OWOOWWOW,OWOOOWOW,4,5,0.5911224439444842,-0.891469307313965,-1.4825917512584492,False
1,log2fc_neg_pre,OWOWOWOW,OWOOOWOW,4,5,-0.1001192981531205,-0.891469307313965,-0.7913500091608445,False
1,log2fc_neg_pre,OWWOOWOW,OWOOOWOW,4,5,-0.2939510553672018,-0.891469307313965,-0.5975182519467632,False
1,log2fc_neg_pre,WWOOOWOW,OWOOOWOW,4,5,-0.7029972696655874,-0.891469307313965,-0.1884720376483776,False
1,log2fc_neg_pre,OWOOOWWW,OWOOOWWO,4,5,-1.3060138941068455,-2.015194833289101,-0.7091809391822554,False
1,log2fc_neg_pre,OWOOWWWO,OWOOOWWO,4,5,-0.0159953261222123,-2.015194833289101,-1.9991995071668887,False
1,log2fc_neg_pre,OWOWOWWO,OWOOOWWO,4,5,-2.0674360879936384,-2.015194833289101,0.05224125470453744,True
1,log2fc_neg_pre,OWWOOWWO,OWOOOWWO,4,5,-0.0594206383397678,-2.015194833289101,-1.9557741949493332,False
1,log2fc_neg_pre,WWOOOWWO,OWOOOWWO,4,5,0.6889330456665081,-2.015194833289101,-2.7041278789556094,False
1,log2fc_neg_pre,OWOOWWWW,OWOOOWWW,3,4,-0.3865028855363679,-1.3060138941068455,-0.9195110085704776,False
1,log2fc_neg_pre,OWOWOWWW,OWOOOWWW,3,4,0.1304125467398574,-1.3060138941068455,-1.436426440846703,False
1,log2fc_neg_pre,OWWOOWWW,OWOOOWWW,3,4,-1.1773329027089583,-1.3060138941068455,-0.12868099139788725,False
1,log2fc_neg_pre,WWOOOWWW,OWOOOWWW,3,4,-0.8963874454090227,-1.3060138941068455,-0.40962644869782283,False
1,log2fc_neg_pre,OWOOWOOW,OWOOWOOO,5,6,-0.0180455668202602,0.0729724230320404,0.09101798985230061,True
1,log2fc_neg_pre,OWOOWOWO,OWOOWOOO,5,6,0.453560356948502,0.0729724230320404,-0.3805879339164616,False
1,log2fc_neg_pre,OWOOWWOO,OWOOWOOO,5,6,-0.2480059217893335,0.0729724230320404,0.3209783448213739,True
1,log2fc_neg_pre,OWOWWOOO,OWOOWOOO,5,6,-0.4263948067636218,0.0729724230320404,0.49936722979566217,True
1,log2fc_neg_pre,OWWOWOOO,OWOOWOOO,5,6,0.6997333468488913,0.0729724230320404,-0.6267609238168509,False
1,log2fc_neg_pre,WWOOWOOO,OWOOWOOO,5,6,-2.0866766140013695,0.0729724230320404,2.15964903703341,True
1,log2fc_neg_pre,OWOOWOWW,OWOOWOOW,4,5,-1.643974557174597,-0.0180455668202602,1.6259289903543368,True
1,log2fc_neg_pre,OWOOWWOW,OWOOWOOW,4,5,0.5911224439444842,-0.0180455668202602,-0.6091680107647444,False
1,log2fc_neg_pre,OWOWWOOW,OWOOWOOW,4,5,-0.4214004409384444,-0.0180455668202602,0.4033548741181842,True
1,log2fc_neg_pre,OWWOWOOW,OWOOWOOW,4,5,0.3095342193109931,-0.0180455668202602,-0.3275797861312533,False
1,log2fc_neg_pre,WWOOWOOW,OWOOWOOW,4,5,-0.1115834137702996,-0.0180455668202602,0.09353784695003939,True
1,log2fc_neg_pre,OWOOWOWW,OWOOWOWO,4,5,-1.643974557174597,0.453560356948502,2.097534914123099,True
1,log2fc_neg_pre,OWOOWWWO,OWOOWOWO,4,5,-0.0159953261222123,0.453560356948502,0.46955568307071427,True
1,log2fc_neg_pre,OWOWWOWO,OWOOWOWO,4,5,-0.0007161511706114,0.453560356948502,0.4542765081191134,True
1,log2fc_neg_pre,OWWOWOWO,OWOOWOWO,4,5,0.0995538992865977,0.453560356948502,0.3540064576619043,True
1,log2fc_neg_pre,WWOOWOWO,OWOOWOWO,4,5,-1.1242021302767369,0.453560356948502,1.577762487225239,True
1,log2fc_neg_pre,OWOOWWWW,OWOOWOWW,3,4,-0.3865028855363679,-1.643974557174597,-1.257471671638229,False
1,log2fc_neg_pre,OWOWWOWW,OWOOWOWW,3,4,0.3405896698655108,-1.643974557174597,-1.9845642270401078,False
1,log2fc_neg_pre,OWWOWOWW,OWOOWOWW,3,4,-1.0612133993994215,-1.643974557174597,-0.5827611577751755,False
1,log2fc_neg_pre,WWOOWOWW,OWOOWOWW,3,4,-2.23758984532947,-1.643974557174597,0.5936152881548729,True
1,log2fc_neg_pre,OWOOWWOW,OWOOWWOO,4,5,0.5911224439444842,-0.2480059217893335,-0.8391283657338178,False
1,log2fc_neg_pre,OWOOWWWO,OWOOWWOO,4,5,-0.0159953261222123,-0.2480059217893335,-0.2320105956671212,False
1,log2fc_neg_pre,OWOWWWOO,OWOOWWOO,4,5,-0.232424952848869,-0.2480059217893335,-0.015580968940464512,False
1,log2fc_neg_pre,OWWOWWOO,OWOOWWOO,4,5,0.1384657981113384,-0.2480059217893335,-0.3864717199006719,False
1,log2fc_neg_pre,WWOOWWOO,OWOOWWOO,4,5,-0.5089717241350341,-0.2480059217893335,0.2609658023457006,True
1,log2fc_neg_pre,OWOOWWWW,OWOOWWOW,3,4,-0.3865028855363679,0.5911224439444842,0.9776253294808521,True
1,log2fc_neg_pre,OWOWWWOW,OWOOWWOW,3,4,-0.5419869962316864,0.5911224439444842,1.1331094401761708,True
1,log2fc_neg_pre,OWWOWWOW,OWOOWWOW,3,4,0.0375978631650159,0.5911224439444842,0.5535245807794683,True
1,log2fc_neg_pre,WWOOWWOW,OWOOWWOW,3,4,-0.5629774834280695,0.5911224439444842,1.1540999273725538,True
1,log2fc_neg_pre,OWOOWWWW,OWOOWWWO,3,4,-0.3865028855363679,-0.0159953261222123,0.3705075594141556,True
1,log2fc_neg_pre,OWOWWWWO,OWOOWWWO,3,4,-0.1971745011728726,-0.0159953261222123,0.1811791750506603,True
1,log2fc_neg_pre,OWWOWWWO,OWOOWWWO,3,4,-0.7862132056108243,-0.0159953261222123,0.770217879488612,True
1,log2fc_neg_pre,WWOOWWWO,OWOOWWWO,3,4,-0.9685819253234064,-0.0159953261222123,0.952586599201194,True
1,log2fc_neg_pre,OWOWWWWW,OWOOWWWW,2,3,-0.4550361418810847,-0.3865028855363679,0.0685332563447168,True
1,log2fc_neg_pre,OWWOWWWW,OWOOWWWW,2,3,-0.2200072711943611,-0.3865028855363679,-0.16649561434200683,False
1,log2fc_neg_pre,WWOOWWWW,OWOOWWWW,2,3,-1.5202719605489403,-0.3865028855363679,1.1337690750125724,True
1,log2fc_neg_pre,OWOWOOOW,OWOWOOOO,5,6,-0.4010753595602546,-0.9017364698934972,-0.5006611103332426,False
1,log2fc_neg_pre,OWOWOOWO,OWOWOOOO,5,6,-0.5206578874520214,-0.9017364698934972,-0.38107858244147585,False
1,log2fc_neg_pre,OWOWOWOO,OWOWOOOO,5,6,1.066620039531991,-0.9017364698934972,-1.968356509425488,False
1,log2fc_neg_pre,OWOWWOOO,OWOWOOOO,5,6,-0.4263948067636218,-0.9017364698934972,-0.4753416631298754,False
1,log2fc_neg_pre,OWWWOOOO,OWOWOOOO,5,6,-2.0499884398680916,-0.9017364698934972,1.1482519699745946,True
1,log2fc_neg_pre,WWOWOOOO,OWOWOOOO,5,6,0.6586905398174779,-0.9017364698934972,-1.5604270097109751,False
1,log2fc_neg_pre,OWOWOOWW,OWOWOOOW,4,5,-0.5542538140141469,-0.4010753595602546,0.15317845445389228,True
1,log2fc_neg_pre,OWOWOWOW,OWOWOOOW,4,5,-0.1001192981531205,-0.4010753595602546,-0.3009560614071341,False
1,log2fc_neg_pre,OWOWWOOW,OWOWOOOW,4,5,-0.4214004409384444,-0.4010753595602546,0.020325081378189835,True
1,log2fc_neg_pre,OWWWOOOW,OWOWOOOW,4,5,0.3248966684006781,-0.4010753595602546,-0.7259720279609327,False
1,log2fc_neg_pre,WWOWOOOW,OWOWOOOW,4,5,-0.2124153082835551,-0.4010753595602546,-0.1886600512766995,False
1,log2fc_neg_pre,OWOWOOWW,OWOWOOWO,4,5,-0.5542538140141469,-0.5206578874520214,0.03359592656212551,True
1,log2fc_neg_pre,OWOWOWWO,OWOWOOWO,4,5,-2.0674360879936384,-0.5206578874520214,1.546778200541617,True
1,log2fc_neg_pre,OWOWWOWO,OWOWOOWO,4,5,-0.0007161511706114,-0.5206578874520214,-0.5199417362814099,False
1,log2fc_neg_pre,OWWWOOWO,OWOWOOWO,4,5,0.2623586281093886,-0.5206578874520214,-0.7830165155614099,False
1,log2fc_neg_pre,WWOWOOWO,OWOWOOWO,4,5,-1.0289653517396191,-0.5206578874520214,0.5083074642875978,True
1,log2fc_neg_pre,OWOWOWWW,OWOWOOWW,3,4,0.1304125467398574,-0.5542538140141469,-0.6846663607540042,False
1,log2fc_neg_pre,OWOWWOWW,OWOWOOWW,3,4,0.3405896698655108,-0.5542538140141469,-0.8948434838796577,False
1,log2fc_neg_pre,OWWWOOWW,OWOWOOWW,3,4,-0.5728401658981831,-0.5542538140141469,0.018586351884036234,True
1,log2fc_neg_pre,WWOWOOWW,OWOWOOWW,3,4,-1.8914532155550885,-0.5542538140141469,1.3371994015409416,True
1,log2fc_neg_pre,OWOWOWOW,OWOWOWOO,4,5,-0.1001192981531205,1.066620039531991,1.1667393376851114,True
1,log2fc_neg_pre,OWOWOWWO,OWOWOWOO,4,5,-2.0674360879936384,1.066620039531991,3.1340561275256293,True
1,log2fc_neg_pre,OWOWWWOO,OWOWOWOO,4,5,-0.232424952848869,1.066620039531991,1.29904499238086,True
1,log2fc_neg_pre,OWWWOWOO,OWOWOWOO,4,5,0.4103637231726972,1.066620039531991,0.6562563163592937,True
1,log2fc_neg_pre,WWOWOWOO,OWOWOWOO,4,5,0.406922808280649,1.066620039531991,0.6596972312513419,True
1,log2fc_neg_pre,OWOWOWWW,OWOWOWOW,3,4,0.1304125467398574,-0.1001192981531205,-0.2305318448929779,False
1,log2fc_neg_pre,OWOWWWOW,OWOWOWOW,3,4,-0.5419869962316864,-0.1001192981531205,0.44186769807856596,True
1,log2fc_neg_pre,OWWWOWOW,OWOWOWOW,3,4,0.6668912101525757,-0.1001192981531205,-0.7670105083056962,False
1,log2fc_neg_pre,WWOWOWOW,OWOWOWOW,3,4,-0.4817878875481904,-0.1001192981531205,0.3816685893950699,True
1,log2fc_neg_pre,OWOWOWWW,OWOWOWWO,3,4,0.1304125467398574,-2.0674360879936384,-2.197848634733496,False
1,log2fc_neg_pre,OWOWWWWO,OWOWOWWO,3,4,-0.1971745011728726,-2.0674360879936384,-1.870261586820766,False
1,log2fc_neg_pre,OWWWOWWO,OWOWOWWO,3,4,-0.5910749581359931,-2.0674360879936384,-1.4763611298576453,False
1,log2fc_neg_pre,WWOWOWWO,OWOWOWWO,3,4,-1.2647246891635056,-2.0674360879936384,-0.8027113988301329,False
1,log2fc_neg_pre,OWOWWWWW,OWOWOWWW,2,3,-0.4550361418810847,0.1304125467398574,0.5854486886209421,True
1,log2fc_neg_pre,OWWWOWWW,OWOWOWWW,2,3,-0.1453793196761329,0.1304125467398574,0.2757918664159903,True
1,log2fc_neg_pre,WWOWOWWW,OWOWOWWW,2,3,-1.1938361110820783,0.1304125467398574,1.3242486578219357,True
1,log2fc_neg_pre,OWOWWOOW,OWOWWOOO,4,5,-0.4214004409384444,-0.4263948067636218,-0.0049943658251773715,False
1,log2fc_neg_pre,OWOWWOWO,OWOWWOOO,4,5,-0.0007161511706114,-0.4263948067636218,-0.4256786555930104,False
1,log2fc_neg_pre,OWOWWWOO,OWOWWOOO,4,5,-0.232424952848869,-0.4263948067636218,-0.1939698539147528,False
1,log2fc_neg_pre,OWWWWOOO,OWOWWOOO,4,5,-0.4962684746861601,-0.4263948067636218,0.0698736679225383,True
1,log2fc_neg_pre,WWOWWOOO,OWOWWOOO,4,5,-1.3284573259989887,-0.4263948067636218,0.9020625192353668,True
1,log2fc_neg_pre,OWOWWOWW,OWOWWOOW,3,4,0.3405896698655108,-0.4214004409384444,-0.7619901108039553,False
1,log2fc_neg_pre,OWOWWWOW,OWOWWOOW,3,4,-0.5419869962316864,-0.4214004409384444,0.12058655529324203,True
1,log2fc_neg_pre,OWWWWOOW,OWOWWOOW,3,4,0.332920299775614,-0.4214004409384444,-0.7543207407140584,False
1,log2fc_neg_pre,WWOWWOOW,OWOWWOOW,3,4,-0.0682295250704406,-0.4214004409384444,-0.3531709158680038,False
1,log2fc_neg_pre,OWOWWOWW,OWOWWOWO,3,4,0.3405896698655108,-0.0007161511706114,-0.3413058210361222,False
1,log2fc_neg_pre,OWOWWWWO,OWOWWOWO,3,4,-0.1971745011728726,-0.0007161511706114,0.1964583500022612,True
1,log2fc_neg_pre,OWWWWOWO,OWOWWOWO,3,4,-0.2834585970901896,-0.0007161511706114,0.2827424459195782,True
1,log2fc_neg_pre,WWOWWOWO,OWOWWOWO,3,4,-1.3034964532504285,-0.0007161511706114,1.3027803020798172,True
1,log2fc_neg_pre,OWOWWWWW,OWOWWOWW,2,3,-0.4550361418810847,0.3405896698655108,0.7956258117465955,True
1,log2fc_neg_pre,OWWWWOWW,OWOWWOWW,2,3,-0.8731056462438943,0.3405896698655108,1.213695316109405,True
1,log2fc_neg_pre,WWOWWOWW,OWOWWOWW,2,3,-0.4827190015231369,0.3405896698655108,0.8233086713886477,True
1,log2fc_neg_pre,OWOWWWOW,OWOWWWOO,3,4,-0.5419869962316864,-0.232424952848869,0.30956204338281745,True
1,log2fc_neg_pre,OWOWWWWO,OWOWWWOO,3,4,-0.1971745011728726,-0.232424952848869,-0.035250451675996386,False
1,log2fc_neg_pre,OWWWWWOO,OWOWWWOO,3,4,0.5350812182349579,-0.232424952848869,-0.7675061710838269,False
1,log2fc_neg_pre,WWOWWWOO,OWOWWWOO,3,4,-0.6146747832291465,-0.232424952848869,0.3822498303802775,True
1,log2fc_neg_pre,OWOWWWWW,OWOWWWOW,2,3,-0.4550361418810847,-0.5419869962316864,-0.08695085435060174,False
1,log2fc_neg_pre,OWWWWWOW,OWOWWWOW,2,3,0.5318940579865824,-0.5419869962316864,-1.0738810542182688,False
1,log2fc_neg_pre,WWOWWWOW,OWOWWWOW,2,3,0.2533932890308687,-0.5419869962316864,-0.7953802852625551,False
1,log2fc_neg_pre,OWOWWWWW,OWOWWWWO,2,3,-0.4550361418810847,-0.1971745011728726,0.2578616407082121,True
1,log2fc_neg_pre,OWWWWWWO,OWOWWWWO,2,3,0.1778670637448121,-0.1971745011728726,-0.3750415649176847,False
1,log2fc_neg_pre,WWOWWWWO,OWOWWWWO,2,3,-1.4181086998367538,-0.1971745011728726,1.220934198663881,True
1,log2fc_neg_pre,OWWWWWWW,OWOWWWWW,1,2,0.2740596314908667,-0.4550361418810847,-0.7290957733719514,False
1,log2fc_neg_pre,WWOWWWWW,OWOWWWWW,1,2,0.3270753618778919,-0.4550361418810847,-0.7821115037589765,False
1,log2fc_neg_pre,OWWOOOOW,OWWOOOOO,5,6,0.2857753235699251,1.0410490742695222,0.7552737506995971,True
1,log2fc_neg_pre,OWWOOOWO,OWWOOOOO,5,6,0.3140455602615291,1.0410490742695222,0.7270035140079931,True
1,log2fc_neg_pre,OWWOOWOO,OWWOOOOO,5,6,0.8826905516893718,1.0410490742695222,0.15835852258015037,True
1,log2fc_neg_pre,OWWOWOOO,OWWOOOOO,5,6,0.6997333468488913,1.0410490742695222,0.3413157274206309,True
1,log2fc_neg_pre,OWWWOOOO,OWWOOOOO,5,6,-2.0499884398680916,1.0410490742695222,3.091037514137614,True
1,log2fc_neg_pre,WWWOOOOO,OWWOOOOO,5,6,1.3500125688070843,1.0410490742695222,-0.3089634945375621,False
1,log2fc_neg_pre,OWWOOOWW,OWWOOOOW,4,5,-0.3421072004475992,0.2857753235699251,0.6278825240175243,True
1,log2fc_neg_pre,OWWOOWOW,OWWOOOOW,4,5,-0.2939510553672018,0.2857753235699251,0.5797263789371269,True
1,log2fc_neg_pre,OWWOWOOW,OWWOOOOW,4,5,0.3095342193109931,0.2857753235699251,-0.023758895741068042,False
1,log2fc_neg_pre,OWWWOOOW,OWWOOOOW,4,5,0.3248966684006781,0.2857753235699251,-0.039121344830753024,False
1,log2fc_neg_pre,WWWOOOOW,OWWOOOOW,4,5,-0.760500326593963,0.2857753235699251,1.0462756501638881,True
1,log2fc_neg_pre,OWWOOOWW,OWWOOOWO,4,5,-0.3421072004475992,0.3140455602615291,0.6561527607091282,True
1,log2fc_neg_pre,OWWOOWWO,OWWOOOWO,4,5,-0.0594206383397678,0.3140455602615291,0.3734661986012969,True
1,log2fc_neg_pre,OWWOWOWO,OWWOOOWO,4,5,0.0995538992865977,0.3140455602615291,0.2144916609749314,True
1,log2fc_neg_pre,OWWWOOWO,OWWOOOWO,4,5,0.2623586281093886,0.3140455602615291,0.051686932152140486,True
1,log2fc_neg_pre,WWWOOOWO,OWWOOOWO,4,5,-0.0925241802545667,0.3140455602615291,0.4065697405160958,True
1,log2fc_neg_pre,OWWOOWWW,OWWOOOWW,3,4,-1.1773329027089583,-0.3421072004475992,0.8352257022613592,True
1,log2fc_neg_pre,OWWOWOWW,OWWOOOWW,3,4,-1.0612133993994215,-0.3421072004475992,0.7191061989518224,True
1,log2fc_neg_pre,OWWWOOWW,OWWOOOWW,3,4,-0.5728401658981831,-0.3421072004475992,0.23073296545058392,True
1,log2fc_neg_pre,WWWOOOWW,OWWOOOWW,3,4,-1.2223982913920115,-0.3421072004475992,0.8802910909444124,True
1,log2fc_neg_pre,OWWOOWOW,OWWOOWOO,4,5,-0.2939510553672018,0.8826905516893718,1.1766416070565735,True
1,log2fc_neg_pre,OWWOOWWO,OWWOOWOO,4,5,-0.0594206383397678,0.8826905516893718,0.9421111900291397,True
1,log2fc_neg_pre,OWWOWWOO,OWWOOWOO,4,5,0.1384657981113384,0.8826905516893718,0.7442247535780334,True
1,log2fc_neg_pre,OWWWOWOO,OWWOOWOO,4,5,0.4103637231726972,0.8826905516893718,0.4723268285166746,True
1,log2fc_neg_pre,WWWOOWOO,OWWOOWOO,4,5,-0.2528417174789356,0.8826905516893718,1.1355322691683074,True
1,log2fc_neg_pre,OWWOOWWW,OWWOOWOW,3,4,-1.1773329027089583,-0.2939510553672018,0.8833818473417565,True
1,log2fc_neg_pre,OWWOWWOW,OWWOOWOW,3,4,0.0375978631650159,-0.2939510553672018,-0.3315489185322177,False
1,log2fc_neg_pre,OWWWOWOW,OWWOOWOW,3,4,0.6668912101525757,-0.2939510553672018,-0.9608422655197775,False
1,log2fc_neg_pre,WWWOOWOW,OWWOOWOW,3,4,-0.2958132203324606,-0.2939510553672018,0.0018621649652588168,True
1,log2fc_neg_pre,OWWOOWWW,OWWOOWWO,3,4,-1.1773329027089583,-0.0594206383397678,1.1179122643691906,True
1,log2fc_neg_pre,OWWOWWWO,OWWOOWWO,3,4,-0.7862132056108243,-0.0594206383397678,0.7267925672710565,True
1,log2fc_neg_pre,OWWWOWWO,OWWOOWWO,3,4,-0.5910749581359931,-0.0594206383397678,0.5316543197962252,True
1,log2fc_neg_pre,WWWOOWWO,OWWOOWWO,3,4,0.103068203636181,-0.0594206383397678,-0.1624888419759488,False
1,log2fc_neg_pre,OWWOWWWW,OWWOOWWW,2,3,-0.2200072711943611,-1.1773329027089583,-0.9573256315145973,False
1,log2fc_neg_pre,OWWWOWWW,OWWOOWWW,2,3,-0.1453793196761329,-1.1773329027089583,-1.0319535830328255,False
1,log2fc_neg_pre,WWWOOWWW,OWWOOWWW,2,3,-0.3122571734587876,-1.1773329027089583,-0.8650757292501707,False
1,log2fc_neg_pre,OWWOWOOW,OWWOWOOO,4,5,0.3095342193109931,0.6997333468488913,0.3901991275378982,True
1,log2fc_neg_pre,OWWOWOWO,OWWOWOOO,4,5,0.0995538992865977,0.6997333468488913,0.6001794475622936,True
1,log2fc_neg_pre,OWWOWWOO,OWWOWOOO,4,5,0.1384657981113384,0.6997333468488913,0.5612675487375529,True
1,log2fc_neg_pre,OWWWWOOO,OWWOWOOO,4,5,-0.4962684746861601,0.6997333468488913,1.1960018215350514,True
1,log2fc_neg_pre,WWWOWOOO,OWWOWOOO,4,5,-0.3993272754871048,0.6997333468488913,1.0990606223359962,True
1,log2fc_neg_pre,OWWOWOWW,OWWOWOOW,3,4,-1.0612133993994215,0.3095342193109931,1.3707476187104146,True
1,log2fc_neg_pre,OWWOWWOW,OWWOWOOW,3,4,0.0375978631650159,0.3095342193109931,0.2719363561459772,True
1,log2fc_neg_pre,OWWWWOOW,OWWOWOOW,3,4,0.332920299775614,0.3095342193109931,-0.023386080464620873,False
1,log2fc_neg_pre,WWWOWOOW,OWWOWOOW,3,4,-0.1019234645266701,0.3095342193109931,0.41145768383766324,True
1,log2fc_neg_pre,OWWOWOWW,OWWOWOWO,3,4,-1.0612133993994215,0.0995538992865977,1.1607672986860191,True
1,log2fc_neg_pre,OWWOWWWO,OWWOWOWO,3,4,-0.7862132056108243,0.0995538992865977,0.885767104897422,True
1,log2fc_neg_pre,OWWWWOWO,OWWOWOWO,3,4,-0.2834585970901896,0.0995538992865977,0.3830124963767873,True
1,log2fc_neg_pre,WWWOWOWO,OWWOWOWO,3,4,-0.6993852033495567,0.0995538992865977,0.7989391026361544,True
1,log2fc_neg_pre,OWWOWWWW,OWWOWOWW,2,3,-0.2200072711943611,-1.0612133993994215,-0.8412061282050605,False
1,log2fc_neg_pre,OWWWWOWW,OWWOWOWW,2,3,-0.8731056462438943,-1.0612133993994215,-0.1881077531555272,False
1,log2fc_neg_pre,WWWOWOWW,OWWOWOWW,2,3,-0.5433531282558437,-1.0612133993994215,-0.5178602711435778,False
1,log2fc_neg_pre,OWWOWWOW,OWWOWWOO,3,4,0.0375978631650159,0.1384657981113384,0.10086793494632251,True
1,log2fc_neg_pre,OWWOWWWO,OWWOWWOO,3,4,-0.7862132056108243,0.1384657981113384,0.9246790037221627,True
1,log2fc_neg_pre,OWWWWWOO,OWWOWWOO,3,4,0.5350812182349579,0.1384657981113384,-0.3966154201236195,False
1,log2fc_neg_pre,WWWOWWOO,OWWOWWOO,3,4,0.0571868732910701,0.1384657981113384,0.08127892482026831,True
1,log2fc_neg_pre,OWWOWWWW,OWWOWWOW,2,3,-0.2200072711943611,0.0375978631650159,0.257605134359377,True
1,log2fc_neg_pre,OWWWWWOW,OWWOWWOW,2,3,0.5318940579865824,0.0375978631650159,-0.4942961948215665,False
1,log2fc_neg_pre,WWWOWWOW,OWWOWWOW,2,3,0.871043553021518,0.0375978631650159,-0.8334456898565021,False
1,log2fc_neg_pre,OWWOWWWW,OWWOWWWO,2,3,-0.2200072711943611,-0.7862132056108243,-0.5662059344164632,False
1,log2fc_neg_pre,OWWWWWWO,OWWOWWWO,2,3,0.1778670637448121,-0.7862132056108243,-0.9640802693556364,False
1,log2fc_neg_pre,WWWOWWWO,OWWOWWWO,2,3,-1.2931399767052256,-0.7862132056108243,0.5069267710944013,True
1,log2fc_neg_pre,OWWWWWWW,OWWOWWWW,1,2,0.2740596314908667,-0.2200072711943611,-0.4940669026852278,False
1,log2fc_neg_pre,WWWOWWWW,OWWOWWWW,1,2,0.6790122027876103,-0.2200072711943611,-0.8990194739819715,False
1,log2fc_neg_pre,OWWWOOOW,OWWWOOOO,4,5,0.3248966684006781,-2.0499884398680916,-2.37488510826877,False
1,log2fc_neg_pre,OWWWOOWO,OWWWOOOO,4,5,0.2623586281093886,-2.0499884398680916,-2.3123470679774805,False
1,log2fc_neg_pre,OWWWOWOO,OWWWOOOO,4,5,0.4103637231726972,-2.0499884398680916,-2.4603521630407887,False
1,log2fc_neg_pre,OWWWWOOO,OWWWOOOO,4,5,-0.4962684746861601,-2.0499884398680916,-1.5537199651819316,False
1,log2fc_neg_pre,WWWWOOOO,OWWWOOOO,4,5,1.6909753792868585,-2.0499884398680916,-3.74096381915495,False
1,log2fc_neg_pre,OWWWOOWW,OWWWOOOW,3,4,-0.5728401658981831,0.3248966684006781,0.8977368342988612,True
1,log2fc_neg_pre,OWWWOWOW,OWWWOOOW,3,4,0.6668912101525757,0.3248966684006781,-0.3419945417518976,False
1,log2fc_neg_pre,OWWWWOOW,OWWWOOOW,3,4,0.332920299775614,0.3248966684006781,-0.008023631374935891,False
1,log2fc_neg_pre,WWWWOOOW,OWWWOOOW,3,4,0.3325560836151979,0.3248966684006781,-0.007659415214519794,False
1,log2fc_neg_pre,OWWWOOWW,OWWWOOWO,3,4,-0.5728401658981831,0.2623586281093886,0.8351987940075717,True
1,log2fc_neg_pre,OWWWOWWO,OWWWOOWO,3,4,-0.5910749581359931,0.2623586281093886,0.8534335862453817,True
1,log2fc_neg_pre,OWWWWOWO,OWWWOOWO,3,4,-0.2834585970901896,0.2623586281093886,0.5458172251995782,True
1,log2fc_neg_pre,WWWWOOWO,OWWWOOWO,3,4,-0.3109087938655235,0.2623586281093886,0.5732674219749121,True
1,log2fc_neg_pre,OWWWOWWW,OWWWOOWW,2,3,-0.1453793196761329,-0.5728401658981831,-0.42746084622205016,False
1,log2fc_neg_pre,OWWWWOWW,OWWWOOWW,2,3,-0.8731056462438943,-0.5728401658981831,0.3002654803457112,True
1,log2fc_neg_pre,WWWWOOWW,OWWWOOWW,2,3,-0.5344233162354927,-0.5728401658981831,-0.03841684966269043,False
1,log2fc_neg_pre,OWWWOWOW,OWWWOWOO,3,4,0.6668912101525757,0.4103637231726972,-0.2565274869798785,False
1,log2fc_neg_pre,OWWWOWWO,OWWWOWOO,3,4,-0.5910749581359931,0.4103637231726972,1.0014386813086902,True
1,log2fc_neg_pre,OWWWWWOO,OWWWOWOO,3,4,0.5350812182349579,0.4103637231726972,-0.12471749506226071,False
1,log2fc_neg_pre,WWWWOWOO,OWWWOWOO,3,4,0.8344409072432389,0.4103637231726972,-0.42407718407054174,False
1,log2fc_neg_pre,OWWWOWWW,OWWWOWOW,2,3,-0.1453793196761329,0.6668912101525757,0.8122705298287086,True
1,log2fc_neg_pre,OWWWWWOW,OWWWOWOW,2,3,0.5318940579865824,0.6668912101525757,0.13499715216599328,True
1,log2fc_neg_pre,WWWWOWOW,OWWWOWOW,2,3,-0.2426471405040298,0.6668912101525757,0.9095383506566055,True
1,log2fc_neg_pre,OWWWOWWW,OWWWOWWO,2,3,-0.1453793196761329,-0.5910749581359931,-0.44569563845986016,False
1,log2fc_neg_pre,OWWWWWWO,OWWWOWWO,2,3,0.1778670637448121,-0.5910749581359931,-0.7689420218808052,False
1,log2fc_neg_pre,WWWWOWWO,OWWWOWWO,2,3,0.5179640509776344,-0.5910749581359931,-1.1090390091136275,False
1,log2fc_neg_pre,OWWWWWWW,OWWWOWWW,1,2,0.2740596314908667,-0.1453793196761329,-0.4194389511669996,False
1,log2fc_neg_pre,WWWWOWWW,OWWWOWWW,1,2,-1.526280934503566,-0.1453793196761329,1.3809016148274331,True
1,log2fc_neg_pre,OWWWWOOW,OWWWWOOO,3,4,0.332920299775614,-0.4962684746861601,-0.8291887744617741,False
1,log2fc_neg_pre,OWWWWOWO,OWWWWOOO,3,4,-0.2834585970901896,-0.4962684746861601,-0.21280987759597048,False
1,log2fc_neg_pre,OWWWWWOO,OWWWWOOO,3,4,0.5350812182349579,-0.4962684746861601,-1.0313496929211179,False
1,log2fc_neg_pre,WWWWWOOO,OWWWWOOO,3,4,0.3796603569198267,-0.4962684746861601,-0.8759288316059868,False
1,log2fc_neg_pre,OWWWWOWW,OWWWWOOW,2,3,-0.8731056462438943,0.332920299775614,1.2060259460195084,True
1,log2fc_neg_pre,OWWWWWOW,OWWWWOOW,2,3,0.5318940579865824,0.332920299775614,-0.1989737582109684,False
1,log2fc_neg_pre,WWWWWOOW,OWWWWOOW,2,3,0.3080457736406157,0.332920299775614,0.024874526134998298,True
1,log2fc_neg_pre,OWWWWOWW,OWWWWOWO,2,3,-0.8731056462438943,-0.2834585970901896,0.5896470491537047,True
1,log2fc_neg_pre,OWWWWWWO,OWWWWOWO,2,3,0.1778670637448121,-0.2834585970901896,-0.4613256608350017,False
1,log2fc_neg_pre,WWWWWOWO,OWWWWOWO,2,3,0.3633708012642223,-0.2834585970901896,-0.6468293983544119,False
1,log2fc_neg_pre,OWWWWWWW,OWWWWOWW,1,2,0.2740596314908667,-0.8731056462438943,-1.147165277734761,False
1,log2fc_neg_pre,WWWWWOWW,OWWWWOWW,1,2,-0.4053865599737741,-0.8731056462438943,-0.4677190862701202,False
1,log2fc_neg_pre,OWWWWWOW,OWWWWWOO,2,3,0.5318940579865824,0.5350812182349579,0.003187160248375509,True
1,log2fc_neg_pre,OWWWWWWO,OWWWWWOO,2,3,0.1778670637448121,0.5350812182349579,0.3572141544901458,True
1,log2fc_neg_pre,WWWWWWOO,OWWWWWOO,2,3,0.176582983207322,0.5350812182349579,0.3584982350276359,True
1,log2fc_neg_pre,OWWWWWWW,OWWWWWOW,1,2,0.2740596314908667,0.5318940579865824,0.2578344264957157,True
1,log2fc_neg_pre,WWWWWWOW,OWWWWWOW,1,2,0.4332367971123798,0.5318940579865824,0.09865726087420262,True
1,log2fc_neg_pre,OWWWWWWW,OWWWWWWO,1,2,0.2740596314908667,0.1778670637448121,-0.09619256774605461,False
1,log2fc_neg_pre,WWWWWWWO,OWWWWWWO,1,2,-0.533372804343692,0.1778670637448121,0.7112398680885041,True
1,log2fc_neg_pre,WWWWWWWW,OWWWWWWW,0,1,-0.0056899177436057,0.2740596314908667,0.2797495492344724,True
1,log2fc_neg_pre,WOOOOOOW,WOOOOOOO,6,7,-1.2864563094559764,1.4169159376826488,2.703372247138625,True
1,log2fc_neg_pre,WOOOOOWO,WOOOOOOO,6,7,0.6699525663805384,1.4169159376826488,0.7469633713021104,True
1,log2fc_neg_pre,WOOOOWOO,WOOOOOOO,6,7,0.151496271412549,1.4169159376826488,1.2654196662700998,True
1,log2fc_neg_pre,WOOOWOOO,WOOOOOOO,6,7,-0.738645179353934,1.4169159376826488,2.1555611170365827,True
1,log2fc_neg_pre,WOOWOOOO,WOOOOOOO,6,7,-0.0615919578475175,1.4169159376826488,1.4785078955301663,True
1,log2fc_neg_pre,WOWOOOOO,WOOOOOOO,6,7,2.5286252988944695,1.4169159376826488,-1.1117093612118207,False
1,log2fc_neg_pre,WWOOOOOO,WOOOOOOO,6,7,1.2939810474386235,1.4169159376826488,0.12293489024402526,True
1,log2fc_neg_pre,WOOOOOWW,WOOOOOOW,5,6,-0.8804170766419169,-1.2864563094559764,-0.4060392328140595,False
1,log2fc_neg_pre,WOOOOWOW,WOOOOOOW,5,6,-0.4714072731032686,-1.2864563094559764,-0.8150490363527079,False
1,log2fc_neg_pre,WOOOWOOW,WOOOOOOW,5,6,-0.1714783827252272,-1.2864563094559764,-1.1149779267307491,False
1,log2fc_neg_pre,WOOWOOOW,WOOOOOOW,5,6,-0.2589865393779934,-1.2864563094559764,-1.0274697700779831,False
1,log2fc_neg_pre,WOWOOOOW,WOOOOOOW,5,6,0.1231117067547927,-1.2864563094559764,-1.409568016210769,False
1,log2fc_neg_pre,WWOOOOOW,WOOOOOOW,5,6,0.3005479054309603,-1.2864563094559764,-1.5870042148869368,False
1,log2fc_neg_pre,WOOOOOWW,WOOOOOWO,5,6,-0.8804170766419169,0.6699525663805384,1.5503696430224552,True
1,log2fc_neg_pre,WOOOOWWO,WOOOOOWO,5,6,-0.9339943073577284,0.6699525663805384,1.6039468737382667,True
1,log2fc_neg_pre,WOOOWOWO,WOOOOOWO,5,6,0.985841938866588,0.6699525663805384,-0.31588937248604965,False
1,log2fc_neg_pre,WOOWOOWO,WOOOOOWO,5,6,-0.2515380065418574,0.6699525663805384,0.9214905729223957,True
1,log2fc_neg_pre,WOWOOOWO,WOOOOOWO,5,6,0.2644899604257493,0.6699525663805384,0.40546260595478906,True
1,log2fc_neg_pre,WWOOOOWO,WOOOOOWO,5,6,0.5851041995260529,0.6699525663805384,0.08484836685448549,True
1,log2fc_neg_pre,WOOOOWWW,WOOOOOWW,4,5,-1.3477591347144713,-0.8804170766419169,0.46734205807255436,True
1,log2fc_neg_pre,WOOOWOWW,WOOOOOWW,4,5,-1.2418597560307494,-0.8804170766419169,0.36144267938883246,True
1,log2fc_neg_pre,WOOWOOWW,WOOOOOWW,4,5,-0.288643350822844,-0.8804170766419169,-0.591773725819073,False
1,log2fc_neg_pre,WOWOOOWW,WOOOOOWW,4,5,-0.6033496038817058,-0.8804170766419169,-0.27706747276021115,False
1,log2fc_neg_pre,WWOOOOWW,WOOOOOWW,4,5,-1.2756218242412158,-0.8804170766419169,0.3952047475992989,True
1,log2fc_neg_pre,WOOOOWOW,WOOOOWOO,5,6,-0.4714072731032686,0.151496271412549,0.6229035445158175,True
1,log2fc_neg_pre,WOOOOWWO,WOOOOWOO,5,6,-0.9339943073577284,0.151496271412549,1.0854905787702773,True
1,log2fc_neg_pre,WOOOWWOO,WOOOOWOO,5,6,0.660275325244237,0.151496271412549,-0.5087790538316881,False
1,log2fc_neg_pre,WOOWOWOO,WOOOOWOO,5,6,0.7221930513830179,0.151496271412549,-0.570696779970469,False
1,log2fc_neg_pre,WOWOOWOO,WOOOOWOO,5,6,1.8516030329726172,0.151496271412549,-1.7001067615600682,False
1,log2fc_neg_pre,WWOOOWOO,WOOOOWOO,5,6,-0.8296369148272282,0.151496271412549,0.9811331862397772,True
1,log2fc_neg_pre,WOOOOWWW,WOOOOWOW,4,5,-1.3477591347144713,-0.4714072731032686,0.8763518616112027,True
1,log2fc_neg_pre,WOOOWWOW,WOOOOWOW,4,5,-0.1696564313409952,-0.4714072731032686,-0.3017508417622734,False
1,log2fc_neg_pre,WOOWOWOW,WOOOOWOW,4,5,-0.2053875104060247,-0.4714072731032686,-0.26601976269724387,False
1,log2fc_neg_pre,WOWOOWOW,WOOOOWOW,4,5,0.1437397044753704,-0.4714072731032686,-0.615146977578639,False
1,log2fc_neg_pre,WWOOOWOW,WOOOOWOW,4,5,-0.7029972696655874,-0.4714072731032686,0.23158999656231882,True
1,log2fc_neg_pre,WOOOOWWW,WOOOOWWO,4,5,-1.3477591347144713,-0.9339943073577284,0.4137648273567429,True
1,log2fc_neg_pre,WOOOWWWO,WOOOOWWO,4,5,-0.2958652942693694,-0.9339943073577284,-0.638129013088359,False
1,log2fc_neg_pre,WOOWOWWO,WOOOOWWO,4,5,-0.11510779093026,-0.9339943073577284,-0.8188865164274683,False
1,log2fc_neg_pre,WOWOOWWO,WOOOOWWO,4,5,-2.6172595985167195,-0.9339943073577284,1.6832652911589912,True
1,log2fc_neg_pre,WWOOOWWO,WOOOOWWO,4,5,0.6889330456665081,-0.9339943073577284,-1.6229273530242365,False
1,log2fc_neg_pre,WOOOWWWW,WOOOOWWW,3,4,-0.1338001149304757,-1.3477591347144713,-1.2139590197839956,False
1,log2fc_neg_pre,WOOWOWWW,WOOOOWWW,3,4,-1.3716420819665638,-1.3477591347144713,0.0238829472520925,True
1,log2fc_neg_pre,WOWOOWWW,WOOOOWWW,3,4,-1.0289969813758617,-1.3477591347144713,-0.3187621533386096,False
1,log2fc_neg_pre,WWOOOWWW,WOOOOWWW,3,4,-0.8963874454090227,-1.3477591347144713,-0.4513716893054486,False
1,log2fc_neg_pre,WOOOWOOW,WOOOWOOO,5,6,-0.1714783827252272,-0.738645179353934,-0.5671667966287068,False
1,log2fc_neg_pre,WOOOWOWO,WOOOWOOO,5,6,0.985841938866588,-0.738645179353934,-1.7244871182205221,False
1,log2fc_neg_pre,WOOOWWOO,WOOOWOOO,5,6,0.660275325244237,-0.738645179353934,-1.3989205045981712,False
1,log2fc_neg_pre,WOOWWOOO,WOOOWOOO,5,6,-0.0500738043379212,-0.738645179353934,-0.6885713750160128,False
1,log2fc_neg_pre,WOWOWOOO,WOOOWOOO,5,6,0.3058040848049707,-0.738645179353934,-1.0444492641589047,False
1,log2fc_neg_pre,WWOOWOOO,WOOOWOOO,5,6,-2.0866766140013695,-0.738645179353934,1.3480314346474356,True
1,log2fc_neg_pre,WOOOWOWW,WOOOWOOW,4,5,-1.2418597560307494,-0.1714783827252272,1.0703813733055223,True
1,log2fc_neg_pre,WOOOWWOW,WOOOWOOW,4,5,-0.1696564313409952,-0.1714783827252272,-0.0018219513842319957,False
1,log2fc_neg_pre,WOOWWOOW,WOOOWOOW,4,5,0.0166040085726773,-0.1714783827252272,-0.1880823912979045,False
1,log2fc_neg_pre,WOWOWOOW,WOOOWOOW,4,5,0.9192968252583512,-0.1714783827252272,-1.0907752079835784,False
1,log2fc_neg_pre,WWOOWOOW,WOOOWOOW,4,5,-0.1115834137702996,-0.1714783827252272,-0.0598949689549276,False
1,log2fc_neg_pre,WOOOWOWW,WOOOWOWO,4,5,-1.2418597560307494,0.985841938866588,2.2277016948973376,True
1,log2fc_neg_pre,WOOOWWWO,WOOOWOWO,4,5,-0.2958652942693694,0.985841938866588,1.2817072331359574,True
1,log2fc_neg_pre,WOOWWOWO,WOOOWOWO,4,5,0.15824731511199,0.985841938866588,0.827594623754598,True
1,log2fc_neg_pre,WOWOWOWO,WOOOWOWO,4,5,0.8101265659031852,0.985841938866588,0.17571537296340278,True
1,log2fc_neg_pre,WWOOWOWO,WOOOWOWO,4,5,-1.1242021302767369,0.985841938866588,2.110044069143325,True
1,log2fc_neg_pre,WOOOWWWW,WOOOWOWW,3,4,-0.1338001149304757,-1.2418597560307494,-1.1080596411002737,False
1,log2fc_neg_pre,WOOWWOWW,WOOOWOWW,3,4,-0.4875090485341453,-1.2418597560307494,-0.754350707496604,False
1,log2fc_neg_pre,WOWOWOWW,WOOOWOWW,3,4,-0.429499669738545,-1.2418597560307494,-0.8123600862922045,False
1,log2fc_neg_pre,WWOOWOWW,WOOOWOWW,3,4,-2.23758984532947,-1.2418597560307494,0.9957300892987204,True
1,log2fc_neg_pre,WOOOWWOW,WOOOWWOO,4,5,-0.1696564313409952,0.660275325244237,0.8299317565852322,True
1,log2fc_neg_pre,WOOOWWWO,WOOOWWOO,4,5,-0.2958652942693694,0.660275325244237,0.9561406195136064,True
1,log2fc_neg_pre,WOOWWWOO,WOOOWWOO,4,5,-0.9260607227454496,0.660275325244237,1.5863360479896866,True
1,log2fc_neg_pre,WOWOWWOO,WOOOWWOO,4,5,0.5448748539769939,0.660275325244237,0.11540047126724318,True
1,log2fc_neg_pre,WWOOWWOO,WOOOWWOO,4,5,-0.5089717241350341,0.660275325244237,1.1692470493792713,True
1,log2fc_neg_pre,WOOOWWWW,WOOOWWOW,3,4,-0.1338001149304757,-0.1696564313409952,-0.035856316410519506,False
1,log2fc_neg_pre,WOOWWWOW,WOOOWWOW,3,4,-0.5593252270793294,-0.1696564313409952,0.38966879573833424,True
1,log2fc_neg_pre,WOWOWWOW,WOOOWWOW,3,4,0.8385030564278463,-0.1696564313409952,-1.0081594877688416,False
1,log2fc_neg_pre,WWOOWWOW,WOOOWWOW,3,4,-0.5629774834280695,-0.1696564313409952,0.39332105208707435,True
1,log2fc_neg_pre,WOOOWWWW,WOOOWWWO,3,4,-0.1338001149304757,-0.2958652942693694,-0.16206517933889372,False
1,log2fc_neg_pre,WOOWWWWO,WOOOWWWO,3,4,-0.1880982001835272,-0.2958652942693694,-0.10776709408584223,False
1,log2fc_neg_pre,WOWOWWWO,WOOOWWWO,3,4,0.3916961879137,-0.2958652942693694,-0.6875614821830693,False
1,log2fc_neg_pre,WWOOWWWO,WOOOWWWO,3,4,-0.9685819253234064,-0.2958652942693694,0.6727166310540369,True
1,log2fc_neg_pre,WOOWWWWW,WOOOWWWW,2,3,0.1177386723650327,-0.1338001149304757,-0.2515387872955084,False
1,log2fc_neg_pre,WOWOWWWW,WOOOWWWW,2,3,-0.318475844130841,-0.1338001149304757,0.18467572920036532,True
1,log2fc_neg_pre,WWOOWWWW,WOOOWWWW,2,3,-1.5202719605489403,-0.1338001149304757,1.3864718456184646,True
1,log2fc_neg_pre,WOOWOOOW,WOOWOOOO,5,6,-0.2589865393779934,-0.0615919578475175,0.19739458153047587,True
1,log2fc_neg_pre,WOOWOOWO,WOOWOOOO,5,6,-0.2515380065418574,-0.0615919578475175,0.18994604869433987,True
1,log2fc_neg_pre,WOOWOWOO,WOOWOOOO,5,6,0.7221930513830179,-0.0615919578475175,-0.7837850092305354,False
1,log2fc_neg_pre,WOOWWOOO,WOOWOOOO,5,6,-0.0500738043379212,-0.0615919578475175,-0.011518153509596306,False
1,log2fc_neg_pre,WOWWOOOO,WOOWOOOO,5,6,0.6011752705915497,-0.0615919578475175,-0.6627672284390672,False
1,log2fc_neg_pre,WWOWOOOO,WOOWOOOO,5,6,0.6586905398174779,-0.0615919578475175,-0.7202824976649954,False
1,log2fc_neg_pre,WOOWOOWW,WOOWOOOW,4,5,-0.288643350822844,-0.2589865393779934,0.029656811444850606,True
1,log2fc_neg_pre,WOOWOWOW,WOOWOOOW,4,5,-0.2053875104060247,-0.2589865393779934,-0.053599028971968665,False
1,log2fc_neg_pre,WOOWWOOW,WOOWOOOW,4,5,0.0166040085726773,-0.2589865393779934,-0.2755905479506707,False
1,log2fc_neg_pre,WOWWOOOW,WOOWOOOW,4,5,0.5565047131334337,-0.2589865393779934,-0.8154912525114271,False
1,log2fc_neg_pre,WWOWOOOW,WOOWOOOW,4,5,-0.2124153082835551,-0.2589865393779934,-0.04657123109443828,False
1,log2fc_neg_pre,WOOWOOWW,WOOWOOWO,4,5,-0.288643350822844,-0.2515380065418574,0.03710534428098661,True
1,log2fc_neg_pre,WOOWOWWO,WOOWOOWO,4,5,-0.11510779093026,-0.2515380065418574,-0.13643021561159738,False
1,log2fc_neg_pre,WOOWWOWO,WOOWOOWO,4,5,0.15824731511199,-0.2515380065418574,-0.4097853216538474,False
1,log2fc_neg_pre,WOWWOOWO,WOOWOOWO,4,5,0.6658316604756286,-0.2515380065418574,-0.917369667017486,False
1,log2fc_neg_pre,WWOWOOWO,WOOWOOWO,4,5,-1.0289653517396191,-0.2515380065418574,0.7774273451977618,True
1,log2fc_neg_pre,WOOWOWWW,WOOWOOWW,3,4,-1.3716420819665638,-0.288643350822844,1.0829987311437197,True
1,log2fc_neg_pre,WOOWWOWW,WOOWOOWW,3,4,-0.4875090485341453,-0.288643350822844,0.1988656977113013,True
1,log2fc_neg_pre,WOWWOOWW,WOOWOOWW,3,4,-0.6084810777134226,-0.288643350822844,0.31983772689057866,True
1,log2fc_neg_pre,WWOWOOWW,WOOWOOWW,3,4,-1.8914532155550885,-0.288643350822844,1.6028098647322446,True
1,log2fc_neg_pre,WOOWOWOW,WOOWOWOO,4,5,-0.2053875104060247,0.7221930513830179,0.9275805617890427,True
1,log2fc_neg_pre,WOOWOWWO,WOOWOWOO,4,5,-0.11510779093026,0.7221930513830179,0.837300842313278,True
1,log2fc_neg_pre,WOOWWWOO,WOOWOWOO,4,5,-0.9260607227454496,0.7221930513830179,1.6482537741284675,True
1,log2fc_neg_pre,WOWWOWOO,WOOWOWOO,4,5,0.6226894913224019,0.7221930513830179,0.099503560060616,True
1,log2fc_neg_pre,WWOWOWOO,WOOWOWOO,4,5,0.406922808280649,0.7221930513830179,0.31527024310236895,True
1,log2fc_neg_pre,WOOWOWWW,WOOWOWOW,3,4,-1.3716420819665638,-0.2053875104060247,1.166254571560539,True
1,log2fc_neg_pre,WOOWWWOW,WOOWOWOW,3,4,-0.5593252270793294,-0.2053875104060247,0.3539377166733047,True
1,log2fc_neg_pre,WOWWOWOW,WOOWOWOW,3,4,0.2548203497379533,-0.2053875104060247,-0.460207860143978,False
1,log2fc_neg_pre,WWOWOWOW,WOOWOWOW,3,4,-0.4817878875481904,-0.2053875104060247,0.2764003771421657,True
1,log2fc_neg_pre,WOOWOWWW,WOOWOWWO,3,4,-1.3716420819665638,-0.11510779093026,1.2565342910363038,True
1,log2fc_neg_pre,WOOWWWWO,WOOWOWWO,3,4,-0.1880982001835272,-0.11510779093026,0.07299040925326719,True
1,log2fc_neg_pre,WOWWOWWO,WOOWOWWO,3,4,0.2338492298926595,-0.11510779093026,-0.34895702082291946,False
1,log2fc_neg_pre,WWOWOWWO,WOOWOWWO,3,4,-1.2647246891635056,-0.11510779093026,1.1496168982332455,True
1,log2fc_neg_pre,WOOWWWWW,WOOWOWWW,2,3,0.1177386723650327,-1.3716420819665638,-1.4893807543315964,False
1,log2fc_neg_pre,WOWWOWWW,WOOWOWWW,2,3,0.2089036563754535,-1.3716420819665638,-1.5805457383420172,False
1,log2fc_neg_pre,WWOWOWWW,WOOWOWWW,2,3,-1.1938361110820783,-1.3716420819665638,-0.17780597088448546,False
1,log2fc_neg_pre,WOOWWOOW,WOOWWOOO,4,5,0.0166040085726773,-0.0500738043379212,-0.0666778129105985,False
1,log2fc_neg_pre,WOOWWOWO,WOOWWOOO,4,5,0.15824731511199,-0.0500738043379212,-0.2083211194499112,False
1,log2fc_neg_pre,WOOWWWOO,WOOWWOOO,4,5,-0.9260607227454496,-0.0500738043379212,0.8759869184075284,True
1,log2fc_neg_pre,WOWWWOOO,WOOWWOOO,4,5,0.1637407469679236,-0.0500738043379212,-0.21381455130584479,False
1,log2fc_neg_pre,WWOWWOOO,WOOWWOOO,4,5,-1.3284573259989887,-0.0500738043379212,1.2783835216610675,True
1,log2fc_neg_pre,WOOWWOWW,WOOWWOOW,3,4,-0.4875090485341453,0.0166040085726773,0.5041130571068226,True
1,log2fc_neg_pre,WOOWWWOW,WOOWWOOW,3,4,-0.5593252270793294,0.0166040085726773,0.5759292356520067,True
1,log2fc_neg_pre,WOWWWOOW,WOOWWOOW,3,4,0.2440900928920666,0.0166040085726773,-0.2274860843193893,False
1,log2fc_neg_pre,WWOWWOOW,WOOWWOOW,3,4,-0.0682295250704406,0.0166040085726773,0.0848335336431179,True
1,log2fc_neg_pre,WOOWWOWW,WOOWWOWO,3,4,-0.4875090485341453,0.15824731511199,0.6457563636461353,True
1,log2fc_neg_pre,WOOWWWWO,WOOWWOWO,3,4,-0.1880982001835272,0.15824731511199,0.34634551529551716,True
1,log2fc_neg_pre,WOWWWOWO,WOOWWOWO,3,4,-0.1468805782853717,0.15824731511199,0.3051278933973617,True
1,log2fc_neg_pre,WWOWWOWO,WOOWWOWO,3,4,-1.3034964532504285,0.15824731511199,1.4617437683624186,True
1,log2fc_neg_pre,WOOWWWWW,WOOWWOWW,2,3,0.1177386723650327,-0.4875090485341453,-0.605247720899178,False
1,log2fc_neg_pre,WOWWWOWW,WOOWWOWW,2,3,-0.4460371068888112,-0.4875090485341453,-0.041471941645334076,False
1,log2fc_neg_pre,WWOWWOWW,WOOWWOWW,2,3,-0.4827190015231369,-0.4875090485341453,-0.00479004701100838,False
1,log2fc_neg_pre,WOOWWWOW,WOOWWWOO,3,4,-0.5593252270793294,-0.9260607227454496,-0.3667354956661202,False
1,log2fc_neg_pre,WOOWWWWO,WOOWWWOO,3,4,-0.1880982001835272,-0.9260607227454496,-0.7379625225619224,False
1,log2fc_neg_pre,WOWWWWOO,WOOWWWOO,3,4,0.2655732121471205,-0.9260607227454496,-1.19163393489257,False
1,log2fc_neg_pre,WWOWWWOO,WOOWWWOO,3,4,-0.6146747832291465,-0.9260607227454496,-0.3113859395163031,False
1,log2fc_neg_pre,WOOWWWWW,WOOWWWOW,2,3,0.1177386723650327,-0.5593252270793294,-0.6770638994443621,False
1,log2fc_neg_pre,WOWWWWOW,WOOWWWOW,2,3,0.5562103177997566,-0.5593252270793294,-1.115535544879086,False
1,log2fc_neg_pre,WWOWWWOW,WOOWWWOW,2,3,0.2533932890308687,-0.5593252270793294,-0.8127185161101982,False
1,log2fc_neg_pre,WOOWWWWW,WOOWWWWO,2,3,0.1177386723650327,-0.1880982001835272,-0.3058368725485599,False
1,log2fc_neg_pre,WOWWWWWO,WOOWWWWO,2,3,-0.0505158612398448,-0.1880982001835272,-0.13758233894368238,False
1,log2fc_neg_pre,WWOWWWWO,WOOWWWWO,2,3,-1.4181086998367538,-0.1880982001835272,1.2300104996532266,True
1,log2fc_neg_pre,WOWWWWWW,WOOWWWWW,1,2,0.0135969788081862,0.1177386723650327,0.1041416935568465,True
1,log2fc_neg_pre,WWOWWWWW,WOOWWWWW,1,2,0.3270753618778919,0.1177386723650327,-0.20933668951285916,False
1,log2fc_neg_pre,WOWOOOOW,WOWOOOOO,5,6,0.1231117067547927,2.5286252988944695,2.405513592139677,True
1,log2fc_neg_pre,WOWOOOWO,WOWOOOOO,5,6,0.2644899604257493,2.5286252988944695,2.26413533846872,True
1,log2fc_neg_pre,WOWOOWOO,WOWOOOOO,5,6,1.8516030329726172,2.5286252988944695,0.6770222659218523,True
1,log2fc_neg_pre,WOWOWOOO,WOWOOOOO,5,6,0.3058040848049707,2.5286252988944695,2.2228212140894987,True
1,log2fc_neg_pre,WOWWOOOO,WOWOOOOO,5,6,0.6011752705915497,2.5286252988944695,1.92745002830292,True
1,log2fc_neg_pre,WWWOOOOO,WOWOOOOO,5,6,1.3500125688070843,2.5286252988944695,1.1786127300873852,True
1,log2fc_neg_pre,WOWOOOWW,WOWOOOOW,4,5,-0.6033496038817058,0.1231117067547927,0.7264613106364984,True
1,log2fc_neg_pre,WOWOOWOW,WOWOOOOW,4,5,0.1437397044753704,0.1231117067547927,-0.020627997720577704,False
1,log2fc_neg_pre,WOWOWOOW,WOWOOOOW,4,5,0.9192968252583512,0.1231117067547927,-0.7961851185035586,False
1,log2fc_neg_pre,WOWWOOOW,WOWOOOOW,4,5,0.5565047131334337,0.1231117067547927,-0.43339300637864103,False
1,log2fc_neg_pre,WWWOOOOW,WOWOOOOW,4,5,-0.760500326593963,0.1231117067547927,0.8836120333487557,True
1,log2fc_neg_pre,WOWOOOWW,WOWOOOWO,4,5,-0.6033496038817058,0.2644899604257493,0.867839564307455,True
1,log2fc_neg_pre,WOWOOWWO,WOWOOOWO,4,5,-2.6172595985167195,0.2644899604257493,2.881749558942469,True
1,log2fc_neg_pre,WOWOWOWO,WOWOOOWO,4,5,0.8101265659031852,0.2644899604257493,-0.545636605477436,False
1,log2fc_neg_pre,WOWWOOWO,WOWOOOWO,4,5,0.6658316604756286,0.2644899604257493,-0.4013417000498793,False
1,log2fc_neg_pre,WWWOOOWO,WOWOOOWO,4,5,-0.0925241802545667,0.2644899604257493,0.357014140680316,True
1,log2fc_neg_pre,WOWOOWWW,WOWOOOWW,3,4,-1.0289969813758617,-0.6033496038817058,0.42564737749415593,True
1,log2fc_neg_pre,WOWOWOWW,WOWOOOWW,3,4,-0.429499669738545,-0.6033496038817058,-0.1738499341431608,False
1,log2fc_neg_pre,WOWWOOWW,WOWOOOWW,3,4,-0.6084810777134226,-0.6033496038817058,0.0051314738317168596,True
1,log2fc_neg_pre,WWWOOOWW,WOWOOOWW,3,4,-1.2223982913920115,-0.6033496038817058,0.6190486875103057,True
1,log2fc_neg_pre,WOWOOWOW,WOWOOWOO,4,5,0.1437397044753704,1.8516030329726172,1.7078633284972469,True
1,log2fc_neg_pre,WOWOOWWO,WOWOOWOO,4,5,-2.6172595985167195,1.8516030329726172,4.468862631489337,True
1,log2fc_neg_pre,WOWOWWOO,WOWOOWOO,4,5,0.5448748539769939,1.8516030329726172,1.3067281789956233,True
1,log2fc_neg_pre,WOWWOWOO,WOWOOWOO,4,5,0.6226894913224019,1.8516030329726172,1.2289135416502153,True
1,log2fc_neg_pre,WWWOOWOO,WOWOOWOO,4,5,-0.2528417174789356,1.8516030329726172,2.104444750451553,True
1,log2fc_neg_pre,WOWOOWWW,WOWOOWOW,3,4,-1.0289969813758617,0.1437397044753704,1.172736685851232,True
1,log2fc_neg_pre,WOWOWWOW,WOWOOWOW,3,4,0.8385030564278463,0.1437397044753704,-0.6947633519524758,False
1,log2fc_neg_pre,WOWWOWOW,WOWOOWOW,3,4,0.2548203497379533,0.1437397044753704,-0.1110806452625829,False
1,log2fc_neg_pre,WWWOOWOW,WOWOOWOW,3,4,-0.2958132203324606,0.1437397044753704,0.43955292480783104,True
1,log2fc_neg_pre,WOWOOWWW,WOWOOWWO,3,4,-1.0289969813758617,-2.6172595985167195,-1.5882626171408578,False
1,log2fc_neg_pre,WOWOWWWO,WOWOOWWO,3,4,0.3916961879137,-2.6172595985167195,-3.0089557864304197,False
1,log2fc_neg_pre,WOWWOWWO,WOWOOWWO,3,4,0.2338492298926595,-2.6172595985167195,-2.851108828409379,False
1,log2fc_neg_pre,WWWOOWWO,WOWOOWWO,3,4,0.103068203636181,-2.6172595985167195,-2.7203278021529007,False
1,log2fc_neg_pre,WOWOWWWW,WOWOOWWW,2,3,-0.318475844130841,-1.0289969813758617,-0.7105211372450206,False
1,log2fc_neg_pre,WOWWOWWW,WOWOOWWW,2,3,0.2089036563754535,-1.0289969813758617,-1.237900637751315,False
1,log2fc_neg_pre,WWWOOWWW,WOWOOWWW,2,3,-0.3122571734587876,-1.0289969813758617,-0.7167398079170741,False
1,log2fc_neg_pre,WOWOWOOW,WOWOWOOO,4,5,0.9192968252583512,0.3058040848049707,-0.6134927404533805,False
1,log2fc_neg_pre,WOWOWOWO,WOWOWOOO,4,5,0.8101265659031852,0.3058040848049707,-0.5043224810982145,False
1,log2fc_neg_pre,WOWOWWOO,WOWOWOOO,4,5,0.5448748539769939,0.3058040848049707,-0.2390707691720232,False
1,log2fc_neg_pre,WOWWWOOO,WOWOWOOO,4,5,0.1637407469679236,0.3058040848049707,0.14206333783704708,True
1,log2fc_neg_pre,WWWOWOOO,WOWOWOOO,4,5,-0.3993272754871048,0.3058040848049707,0.7051313602920755,True
1,log2fc_neg_pre,WOWOWOWW,WOWOWOOW,3,4,-0.429499669738545,0.9192968252583512,1.3487964949968962,True
1,log2fc_neg_pre,WOWOWWOW,WOWOWOOW,3,4,0.8385030564278463,0.9192968252583512,0.08079376883050493,True
1,log2fc_neg_pre,WOWWWOOW,WOWOWOOW,3,4,0.2440900928920666,0.9192968252583512,0.6752067323662846,True
1,log2fc_neg_pre,WWWOWOOW,WOWOWOOW,3,4,-0.1019234645266701,0.9192968252583512,1.0212202897850213,True
1,log2fc_neg_pre,WOWOWOWW,WOWOWOWO,3,4,-0.429499669738545,0.8101265659031852,1.2396262356417302,True
1,log2fc_neg_pre,WOWOWWWO,WOWOWOWO,3,4,0.3916961879137,0.8101265659031852,0.41843037798948524,True
1,log2fc_neg_pre,WOWWWOWO,WOWOWOWO,3,4,-0.1468805782853717,0.8101265659031852,0.9570071441885569,True
1,log2fc_neg_pre,WWWOWOWO,WOWOWOWO,3,4,-0.6993852033495567,0.8101265659031852,1.5095117692527418,True
1,log2fc_neg_pre,WOWOWWWW,WOWOWOWW,2,3,-0.318475844130841,-0.429499669738545,-0.11102382560770396,False
1,log2fc_neg_pre,WOWWWOWW,WOWOWOWW,2,3,-0.4460371068888112,-0.429499669738545,0.016537437150266232,True
1,log2fc_neg_pre,WWWOWOWW,WOWOWOWW,2,3,-0.5433531282558437,-0.429499669738545,0.11385345851729872,True
1,log2fc_neg_pre,WOWOWWOW,WOWOWWOO,3,4,0.8385030564278463,0.5448748539769939,-0.2936282024508524,False
1,log2fc_neg_pre,WOWOWWWO,WOWOWWOO,3,4,0.3916961879137,0.5448748539769939,0.1531786660632939,True
1,log2fc_neg_pre,WOWWWWOO,WOWOWWOO,3,4,0.2655732121471205,0.5448748539769939,0.2793016418298734,True
1,log2fc_neg_pre,WWWOWWOO,WOWOWWOO,3,4,0.0571868732910701,0.5448748539769939,0.4876879806859238,True
1,log2fc_neg_pre,WOWOWWWW,WOWOWWOW,2,3,-0.318475844130841,0.8385030564278463,1.1569789005586872,True
1,log2fc_neg_pre,WOWWWWOW,WOWOWWOW,2,3,0.5562103177997566,0.8385030564278463,0.2822927386280897,True
1,log2fc_neg_pre,WWWOWWOW,WOWOWWOW,2,3,0.871043553021518,0.8385030564278463,-0.03254049659367175,False
1,log2fc_neg_pre,WOWOWWWW,WOWOWWWO,2,3,-0.318475844130841,0.3916961879137,0.710172032044541,True
1,log2fc_neg_pre,WOWWWWWO,WOWOWWWO,2,3,-0.0505158612398448,0.3916961879137,0.4422120491535448,True
1,log2fc_neg_pre,WWWOWWWO,WOWOWWWO,2,3,-1.2931399767052256,0.3916961879137,1.6848361646189256,True
1,log2fc_neg_pre,WOWWWWWW,WOWOWWWW,1,2,0.0135969788081862,-0.318475844130841,-0.33207282293902723,False
1,log2fc_neg_pre,WWWOWWWW,WOWOWWWW,1,2,0.6790122027876103,-0.318475844130841,-0.9974880469184513,False
1,log2fc_neg_pre,WOWWOOOW,WOWWOOOO,4,5,0.5565047131334337,0.6011752705915497,0.04467055745811599,True
1,log2fc_neg_pre,WOWWOOWO,WOWWOOOO,4,5,0.6658316604756286,0.6011752705915497,-0.06465638988407885,False
1,log2fc_neg_pre,WOWWOWOO,WOWWOOOO,4,5,0.6226894913224019,0.6011752705915497,-0.021514220730852185,False
1,log2fc_neg_pre,WOWWWOOO,WOWWOOOO,4,5,0.1637407469679236,0.6011752705915497,0.4374345236236261,True
1,log2fc_neg_pre,WWWWOOOO,WOWWOOOO,4,5,1.6909753792868585,0.6011752705915497,-1.0898001086953086,False
1,log2fc_neg_pre,WOWWOOWW,WOWWOOOW,3,4,-0.6084810777134226,0.5565047131334337,1.1649857908468564,True
1,log2fc_neg_pre,WOWWOWOW,WOWWOOOW,3,4,0.2548203497379533,0.5565047131334337,0.30168436339548044,True
1,log2fc_neg_pre,WOWWWOOW,WOWWOOOW,3,4,0.2440900928920666,0.5565047131334337,0.3124146202413671,True
1,log2fc_neg_pre,WWWWOOOW,WOWWOOOW,3,4,0.3325560836151979,0.5565047131334337,0.22394862951823585,True
1,log2fc_neg_pre,WOWWOOWW,WOWWOOWO,3,4,-0.6084810777134226,0.6658316604756286,1.2743127381890513,True
1,log2fc_neg_pre,WOWWOWWO,WOWWOOWO,3,4,0.2338492298926595,0.6658316604756286,0.4319824305829691,True
1,log2fc_neg_pre,WOWWWOWO,WOWWOOWO,3,4,-0.1468805782853717,0.6658316604756286,0.8127122387610003,True
1,log2fc_neg_pre,WWWWOOWO,WOWWOOWO,3,4,-0.3109087938655235,0.6658316604756286,0.9767404543411521,True
1,log2fc_neg_pre,WOWWOWWW,WOWWOOWW,2,3,0.2089036563754535,-0.6084810777134226,-0.8173847340888761,False
1,log2fc_neg_pre,WOWWWOWW,WOWWOOWW,2,3,-0.4460371068888112,-0.6084810777134226,-0.16244397082461143,False
1,log2fc_neg_pre,WWWWOOWW,WOWWOOWW,2,3,-0.5344233162354927,-0.6084810777134226,-0.07405776147792997,False
1,log2fc_neg_pre,WOWWOWOW,WOWWOWOO,3,4,0.2548203497379533,0.6226894913224019,0.3678691415844486,True
1,log2fc_neg_pre,WOWWOWWO,WOWWOWOO,3,4,0.2338492298926595,0.6226894913224019,0.38884026142974243,True
1,log2fc_neg_pre,WOWWWWOO,WOWWOWOO,3,4,0.2655732121471205,0.6226894913224019,0.35711627917528144,True
1,log2fc_neg_pre,WWWWOWOO,WOWWOWOO,3,4,0.8344409072432389,0.6226894913224019,-0.21175141592083702,False
1,log2fc_neg_pre,WOWWOWWW,WOWWOWOW,2,3,0.2089036563754535,0.2548203497379533,0.045916693362499816,True
1,log2fc_neg_pre,WOWWWWOW,WOWWOWOW,2,3,0.5562103177997566,0.2548203497379533,-0.3013899680618033,False
1,log2fc_neg_pre,WWWWOWOW,WOWWOWOW,2,3,-0.2426471405040298,0.2548203497379533,0.4974674902419831,True
1,log2fc_neg_pre,WOWWOWWW,WOWWOWWO,2,3,0.2089036563754535,0.2338492298926595,0.024945573517206,True
1,log2fc_neg_pre,WOWWWWWO,WOWWOWWO,2,3,-0.0505158612398448,0.2338492298926595,0.2843650911325043,True
1,log2fc_neg_pre,WWWWOWWO,WOWWOWWO,2,3,0.5179640509776344,0.2338492298926595,-0.28411482108497493,False
1,log2fc_neg_pre,WOWWWWWW,WOWWOWWW,1,2,0.0135969788081862,0.2089036563754535,0.1953066775672673,True
1,log2fc_neg_pre,WWWWOWWW,WOWWOWWW,1,2,-1.526280934503566,0.2089036563754535,1.7351845908790193,True
1,log2fc_neg_pre,WOWWWOOW,WOWWWOOO,3,4,0.2440900928920666,0.1637407469679236,-0.080349345924143,False
1,log2fc_neg_pre,WOWWWOWO,WOWWWOOO,3,4,-0.1468805782853717,0.1637407469679236,0.31062132525329533,True
1,log2fc_neg_pre,WOWWWWOO,WOWWWOOO,3,4,0.2655732121471205,0.1637407469679236,-0.10183246517919689,False
1,log2fc_neg_pre,WWWWWOOO,WOWWWOOO,3,4,0.3796603569198267,0.1637407469679236,-0.2159196099519031,False
1,log2fc_neg_pre,WOWWWOWW,WOWWWOOW,2,3,-0.4460371068888112,0.2440900928920666,0.6901271997808778,True
1,log2fc_neg_pre,WOWWWWOW,WOWWWOOW,2,3,0.5562103177997566,0.2440900928920666,-0.31212022490769,False
1,log2fc_neg_pre,WWWWWOOW,WOWWWOOW,2,3,0.3080457736406157,0.2440900928920666,-0.0639556807485491,False
1,log2fc_neg_pre,WOWWWOWW,WOWWWOWO,2,3,-0.4460371068888112,-0.1468805782853717,0.2991565286034395,True
1,log2fc_neg_pre,WOWWWWWO,WOWWWOWO,2,3,-0.0505158612398448,-0.1468805782853717,-0.0963647170455269,False
1,log2fc_neg_pre,WWWWWOWO,WOWWWOWO,2,3,0.3633708012642223,-0.1468805782853717,-0.510251379549594,False
1,log2fc_neg_pre,WOWWWWWW,WOWWWOWW,1,2,0.0135969788081862,-0.4460371068888112,-0.45963408569699743,False
1,log2fc_neg_pre,WWWWWOWW,WOWWWOWW,1,2,-0.4053865599737741,-0.4460371068888112,-0.04065054691503711,False
1,log2fc_neg_pre,WOWWWWOW,WOWWWWOO,2,3,0.5562103177997566,0.2655732121471205,-0.2906371056526361,False
1,log2fc_neg_pre,WOWWWWWO,WOWWWWOO,2,3,-0.0505158612398448,0.2655732121471205,0.3160890733869653,True
1,log2fc_neg_pre,WWWWWWOO,WOWWWWOO,2,3,0.176582983207322,0.2655732121471205,0.0889902289397985,True
1,log2fc_neg_pre,WOWWWWWW,WOWWWWOW,1,2,0.0135969788081862,0.5562103177997566,0.5426133389915704,True
1,log2fc_neg_pre,WWWWWWOW,WOWWWWOW,1,2,0.4332367971123798,0.5562103177997566,0.12297352068737682,True
1,log2fc_neg_pre,WOWWWWWW,WOWWWWWO,1,2,0.0135969788081862,-0.0505158612398448,-0.064112840048031,False
1,log2fc_neg_pre,WWWWWWWO,WOWWWWWO,1,2,-0.533372804343692,-0.0505158612398448,0.48285694310384725,True
1,log2fc_neg_pre,WWWWWWWW,WOWWWWWW,0,1,-0.0056899177436057,0.0135969788081862,0.019286896551791898,True
1,log2fc_neg_pre,WWOOOOOW,WWOOOOOO,5,6,0.3005479054309603,1.2939810474386235,0.9934331420076632,True
1,log2fc_neg_pre,WWOOOOWO,WWOOOOOO,5,6,0.5851041995260529,1.2939810474386235,0.7088768479125707,True
1,log2fc_neg_pre,WWOOOWOO,WWOOOOOO,5,6,-0.8296369148272282,1.2939810474386235,2.1236179622658518,True
1,log2fc_neg_pre,WWOOWOOO,WWOOOOOO,5,6,-2.0866766140013695,1.2939810474386235,3.380657661439993,True
1,log2fc_neg_pre,WWOWOOOO,WWOOOOOO,5,6,0.6586905398174779,1.2939810474386235,0.6352905076211456,True
1,log2fc_neg_pre,WWWOOOOO,WWOOOOOO,5,6,1.3500125688070843,1.2939810474386235,-0.05603152136846079,False
1,log2fc_neg_pre,WWOOOOWW,WWOOOOOW,4,5,-1.2756218242412158,0.3005479054309603,1.5761697296721762,True
1,log2fc_neg_pre,WWOOOWOW,WWOOOOOW,4,5,-0.7029972696655874,0.3005479054309603,1.0035451750965478,True
1,log2fc_neg_pre,WWOOWOOW,WWOOOOOW,4,5,-0.1115834137702996,0.3005479054309603,0.4121313192012599,True
1,log2fc_neg_pre,WWOWOOOW,WWOOOOOW,4,5,-0.2124153082835551,0.3005479054309603,0.5129632137145155,True
1,log2fc_neg_pre,WWWOOOOW,WWOOOOOW,4,5,-0.760500326593963,0.3005479054309603,1.0610482320249233,True
1,log2fc_neg_pre,WWOOOOWW,WWOOOOWO,4,5,-1.2756218242412158,0.5851041995260529,1.8607260237672687,True
1,log2fc_neg_pre,WWOOOWWO,WWOOOOWO,4,5,0.6889330456665081,0.5851041995260529,-0.10382884614045529,False
1,log2fc_neg_pre,WWOOWOWO,WWOOOOWO,4,5,-1.1242021302767369,0.5851041995260529,1.7093063298027897,True
1,log2fc_neg_pre,WWOWOOWO,WWOOOOWO,4,5,-1.0289653517396191,0.5851041995260529,1.614069551265672,True
1,log2fc_neg_pre,WWWOOOWO,WWOOOOWO,4,5,-0.0925241802545667,0.5851041995260529,0.6776283797806195,True
1,log2fc_neg_pre,WWOOOWWW,WWOOOOWW,3,4,-0.8963874454090227,-1.2756218242412158,-0.37923437883219313,False
1,log2fc_neg_pre,WWOOWOWW,WWOOOOWW,3,4,-2.23758984532947,-1.2756218242412158,0.961968021088254,True
1,log2fc_neg_pre,WWOWOOWW,WWOOOOWW,3,4,-1.8914532155550885,-1.2756218242412158,0.6158313913138727,True
1,log2fc_neg_pre,WWWOOOWW,WWOOOOWW,3,4,-1.2223982913920115,-1.2756218242412158,-0.053223532849204336,False
1,log2fc_neg_pre,WWOOOWOW,WWOOOWOO,4,5,-0.7029972696655874,-0.8296369148272282,-0.12663964516164083,False
1,log2fc_neg_pre,WWOOOWWO,WWOOOWOO,4,5,0.6889330456665081,-0.8296369148272282,-1.5185699604937364,False
1,log2fc_neg_pre,WWOOWWOO,WWOOOWOO,4,5,-0.5089717241350341,-0.8296369148272282,-0.3206651906921941,False
1,log2fc_neg_pre,WWOWOWOO,WWOOOWOO,4,5,0.406922808280649,-0.8296369148272282,-1.2365597231078773,False
1,log2fc_neg_pre,WWWOOWOO,WWOOOWOO,4,5,-0.2528417174789356,-0.8296369148272282,-0.5767951973482927,False
1,log2fc_neg_pre,WWOOOWWW,WWOOOWOW,3,4,-0.8963874454090227,-0.7029972696655874,0.1933901757434353,True
1,log2fc_neg_pre,WWOOWWOW,WWOOOWOW,3,4,-0.5629774834280695,-0.7029972696655874,-0.14001978623751787,False
1,log2fc_neg_pre,WWOWOWOW,WWOOOWOW,3,4,-0.4817878875481904,-0.7029972696655874,-0.221209382117397,False
1,log2fc_neg_pre,WWWOOWOW,WWOOOWOW,3,4,-0.2958132203324606,-0.7029972696655874,-0.4071840493331268,False
1,log2fc_neg_pre,WWOOOWWW,WWOOOWWO,3,4,-0.8963874454090227,0.6889330456665081,1.5853204910755307,True
1,log2fc_neg_pre,WWOOWWWO,WWOOOWWO,3,4,-0.9685819253234064,0.6889330456665081,1.6575149709899146,True
1,log2fc_neg_pre,WWOWOWWO,WWOOOWWO,3,4,-1.2647246891635056,0.6889330456665081,1.9536577348300137,True
1,log2fc_neg_pre,WWWOOWWO,WWOOOWWO,3,4,0.103068203636181,0.6889330456665081,0.5858648420303272,True
1,log2fc_neg_pre,WWOOWWWW,WWOOOWWW,2,3,-1.5202719605489403,-0.8963874454090227,0.6238845151399176,True
1,log2fc_neg_pre,WWOWOWWW,WWOOOWWW,2,3,-1.1938361110820783,-0.8963874454090227,0.2974486656730556,True
1,log2fc_neg_pre,WWWOOWWW,WWOOOWWW,2,3,-0.3122571734587876,-0.8963874454090227,-0.584130271950235,False
1,log2fc_neg_pre,WWOOWOOW,WWOOWOOO,4,5,-0.1115834137702996,-2.0866766140013695,-1.97509320023107,False
1,log2fc_neg_pre,WWOOWOWO,WWOOWOOO,4,5,-1.1242021302767369,-2.0866766140013695,-0.9624744837246326,False
1,log2fc_neg_pre,WWOOWWOO,WWOOWOOO,4,5,-0.5089717241350341,-2.0866766140013695,-1.5777048898663355,False
1,log2fc_neg_pre,WWOWWOOO,WWOOWOOO,4,5,-1.3284573259989887,-2.0866766140013695,-0.7582192880023808,False
1,log2fc_neg_pre,WWWOWOOO,WWOOWOOO,4,5,-0.3993272754871048,-2.0866766140013695,-1.6873493385142648,False
1,log2fc_neg_pre,WWOOWOWW,WWOOWOOW,3,4,-2.23758984532947,-0.1115834137702996,2.12600643155917,True
1,log2fc_neg_pre,WWOOWWOW,WWOOWOOW,3,4,-0.5629774834280695,-0.1115834137702996,0.45139406965776996,True
1,log2fc_neg_pre,WWOWWOOW,WWOOWOOW,3,4,-0.0682295250704406,-0.1115834137702996,-0.043353888699859,False
1,log2fc_neg_pre,WWWOWOOW,WWOOWOOW,3,4,-0.1019234645266701,-0.1115834137702996,-0.009659949243629493,False
1,log2fc_neg_pre,WWOOWOWW,WWOOWOWO,3,4,-2.23758984532947,-1.1242021302767369,1.113387715052733,True
1,log2fc_neg_pre,WWOOWWWO,WWOOWOWO,3,4,-0.9685819253234064,-1.1242021302767369,-0.1556202049533305,False
1,log2fc_neg_pre,WWOWWOWO,WWOOWOWO,3,4,-1.3034964532504285,-1.1242021302767369,0.17929432297369163,True
1,log2fc_neg_pre,WWWOWOWO,WWOOWOWO,3,4,-0.6993852033495567,-1.1242021302767369,-0.4248169269271802,False
1,log2fc_neg_pre,WWOOWWWW,WWOOWOWW,2,3,-1.5202719605489403,-2.23758984532947,-0.7173178847805295,False
1,log2fc_neg_pre,WWOWWOWW,WWOOWOWW,2,3,-0.4827190015231369,-2.23758984532947,-1.754870843806333,False
1,log2fc_neg_pre,WWWOWOWW,WWOOWOWW,2,3,-0.5433531282558437,-2.23758984532947,-1.694236717073626,False
1,log2fc_neg_pre,WWOOWWOW,WWOOWWOO,3,4,-0.5629774834280695,-0.5089717241350341,0.054005759293035416,True
1,log2fc_neg_pre,WWOOWWWO,WWOOWWOO,3,4,-0.9685819253234064,-0.5089717241350341,0.45961020118837226,True
1,log2fc_neg_pre,WWOWWWOO,WWOOWWOO,3,4,-0.6146747832291465,-0.5089717241350341,0.10570305909411237,True
1,log2fc_neg_pre,WWWOWWOO,WWOOWWOO,3,4,0.0571868732910701,-0.5089717241350341,-0.5661585974261042,False
1,log2fc_neg_pre,WWOOWWWW,WWOOWWOW,2,3,-1.5202719605489403,-0.5629774834280695,0.9572944771208708,True
1,log2fc_neg_pre,WWOWWWOW,WWOOWWOW,2,3,0.2533932890308687,-0.5629774834280695,-0.8163707724589382,False
1,log2fc_neg_pre,WWWOWWOW,WWOOWWOW,2,3,0.871043553021518,-0.5629774834280695,-1.4340210364495876,False
1,log2fc_neg_pre,WWOOWWWW,WWOOWWWO,2,3,-1.5202719605489403,-0.9685819253234064,0.551690035225534,True
1,log2fc_neg_pre,WWOWWWWO,WWOOWWWO,2,3,-1.4181086998367538,-0.9685819253234064,0.44952677451334744,True
1,log2fc_neg_pre,WWWOWWWO,WWOOWWWO,2,3,-1.2931399767052256,-0.9685819253234064,0.32455805138181926,True
1,log2fc_neg_pre,WWOWWWWW,WWOOWWWW,1,2,0.3270753618778919,-1.5202719605489403,-1.8473473224268322,False
1,log2fc_neg_pre,WWWOWWWW,WWOOWWWW,1,2,0.6790122027876103,-1.5202719605489403,-2.1992841633365505,False
1,log2fc_neg_pre,WWOWOOOW,WWOWOOOO,4,5,-0.2124153082835551,0.6586905398174779,0.871105848101033,True
1,log2fc_neg_pre,WWOWOOWO,WWOWOOOO,4,5,-1.0289653517396191,0.6586905398174779,1.687655891557097,True
1,log2fc_neg_pre,WWOWOWOO,WWOWOOOO,4,5,0.406922808280649,0.6586905398174779,0.25176773153682896,True
1,log2fc_neg_pre,WWOWWOOO,WWOWOOOO,4,5,-1.3284573259989887,0.6586905398174779,1.9871478658164667,True
1,log2fc_neg_pre,WWWWOOOO,WWOWOOOO,4,5,1.6909753792868585,0.6586905398174779,-1.0322848394693804,False
1,log2fc_neg_pre,WWOWOOWW,WWOWOOOW,3,4,-1.8914532155550885,-0.2124153082835551,1.6790379072715333,True
1,log2fc_neg_pre,WWOWOWOW,WWOWOOOW,3,4,-0.4817878875481904,-0.2124153082835551,0.2693725792646353,True
1,log2fc_neg_pre,WWOWWOOW,WWOWOOOW,3,4,-0.0682295250704406,-0.2124153082835551,-0.14418578321311448,False
1,log2fc_neg_pre,WWWWOOOW,WWOWOOOW,3,4,0.3325560836151979,-0.2124153082835551,-0.544971391898753,False
1,log2fc_neg_pre,WWOWOOWW,WWOWOOWO,3,4,-1.8914532155550885,-1.0289653517396191,0.8624878638154694,True
1,log2fc_neg_pre,WWOWOWWO,WWOWOOWO,3,4,-1.2647246891635056,-1.0289653517396191,0.23575933742388644,True
1,log2fc_neg_pre,WWOWWOWO,WWOWOOWO,3,4,-1.3034964532504285,-1.0289653517396191,0.2745311015108094,True
1,log2fc_neg_pre,WWWWOOWO,WWOWOOWO,3,4,-0.3109087938655235,-1.0289653517396191,-0.7180565578740956,False
1,log2fc_neg_pre,WWOWOWWW,WWOWOOWW,2,3,-1.1938361110820783,-1.8914532155550885,-0.6976171044730102,False
1,log2fc_neg_pre,WWOWWOWW,WWOWOOWW,2,3,-0.4827190015231369,-1.8914532155550885,-1.4087342140319516,False
1,log2fc_neg_pre,WWWWOOWW,WWOWOOWW,2,3,-0.5344233162354927,-1.8914532155550885,-1.357029899319596,False
1,log2fc_neg_pre,WWOWOWOW,WWOWOWOO,3,4,-0.4817878875481904,0.406922808280649,0.8887106958288393,True
1,log2fc_neg_pre,WWOWOWWO,WWOWOWOO,3,4,-1.2647246891635056,0.406922808280649,1.6716474974441544,True
1,log2fc_neg_pre,WWOWWWOO,WWOWOWOO,3,4,-0.6146747832291465,0.406922808280649,1.0215975915097955,True
1,log2fc_neg_pre,WWWWOWOO,WWOWOWOO,3,4,0.8344409072432389,0.406922808280649,-0.42751809896258997,False
1,log2fc_neg_pre,WWOWOWWW,WWOWOWOW,2,3,-1.1938361110820783,-0.4817878875481904,0.7120482235338879,True
1,log2fc_neg_pre,WWOWWWOW,WWOWOWOW,2,3,0.2533932890308687,-0.4817878875481904,-0.7351811765790591,False
1,log2fc_neg_pre,WWWWOWOW,WWOWOWOW,2,3,-0.2426471405040298,-0.4817878875481904,-0.2391407470441606,False
1,log2fc_neg_pre,WWOWOWWW,WWOWOWWO,2,3,-1.1938361110820783,-1.2647246891635056,-0.07088857808142723,False
1,log2fc_neg_pre,WWOWWWWO,WWOWOWWO,2,3,-1.4181086998367538,-1.2647246891635056,0.15338401067324825,True
1,log2fc_neg_pre,WWWWOWWO,WWOWOWWO,2,3,0.5179640509776344,-1.2647246891635056,-1.78268874014114,False
1,log2fc_neg_pre,WWOWWWWW,WWOWOWWW,1,2,0.3270753618778919,-1.1938361110820783,-1.5209114729599702,False
1,log2fc_neg_pre,WWWWOWWW,WWOWOWWW,1,2,-1.526280934503566,-1.1938361110820783,0.3324448234214876,True
1,log2fc_neg_pre,WWOWWOOW,WWOWWOOO,3,4,-0.0682295250704406,-1.3284573259989887,-1.2602278009285481,False
1,log2fc_neg_pre,WWOWWOWO,WWOWWOOO,3,4,-1.3034964532504285,-1.3284573259989887,-0.02496087274856018,False
1,log2fc_neg_pre,WWOWWWOO,WWOWWOOO,3,4,-0.6146747832291465,-1.3284573259989887,-0.7137825427698422,False
1,log2fc_neg_pre,WWWWWOOO,WWOWWOOO,3,4,0.3796603569198267,-1.3284573259989887,-1.7081176829188154,False
1,log2fc_neg_pre,WWOWWOWW,WWOWWOOW,2,3,-0.4827190015231369,-0.0682295250704406,0.4144894764526963,True
1,log2fc_neg_pre,WWOWWWOW,WWOWWOOW,2,3,0.2533932890308687,-0.0682295250704406,-0.32162281410130933,False
1,log2fc_neg_pre,WWWWWOOW,WWOWWOOW,2,3,0.3080457736406157,-0.0682295250704406,-0.3762752987110563,False
1,log2fc_neg_pre,WWOWWOWW,WWOWWOWO,2,3,-0.4827190015231369,-1.3034964532504285,-0.8207774517272917,False
1,log2fc_neg_pre,WWOWWWWO,WWOWWOWO,2,3,-1.4181086998367538,-1.3034964532504285,0.1146122465863253,True
1,log2fc_neg_pre,WWWWWOWO,WWOWWOWO,2,3,0.3633708012642223,-1.3034964532504285,-1.6668672545146508,False
1,log2fc_neg_pre,WWOWWWWW,WWOWWOWW,1,2,0.3270753618778919,-0.4827190015231369,-0.8097943634010287,False
1,log2fc_neg_pre,WWWWWOWW,WWOWWOWW,1,2,-0.4053865599737741,-0.4827190015231369,-0.07733244154936281,False
1,log2fc_neg_pre,WWOWWWOW,WWOWWWOO,2,3,0.2533932890308687,-0.6146747832291465,-0.8680680722600151,False
1,log2fc_neg_pre,WWOWWWWO,WWOWWWOO,2,3,-1.4181086998367538,-0.6146747832291465,0.8034339166076073,True
1,log2fc_neg_pre,WWWWWWOO,WWOWWWOO,2,3,0.176582983207322,-0.6146747832291465,-0.7912577664364685,False
1,log2fc_neg_pre,WWOWWWWW,WWOWWWOW,1,2,0.3270753618778919,0.2533932890308687,-0.07368207284702316,False
1,log2fc_neg_pre,WWWWWWOW,WWOWWWOW,1,2,0.4332367971123798,0.2533932890308687,-0.17984350808151106,False
1,log2fc_neg_pre,WWOWWWWW,WWOWWWWO,1,2,0.3270753618778919,-1.4181086998367538,-1.7451840617146457,False
1,log2fc_neg_pre,WWWWWWWO,WWOWWWWO,1,2,-0.533372804343692,-1.4181086998367538,-0.8847358954930618,False
1,log2fc_neg_pre,WWWWWWWW,WWOWWWWW,0,1,-0.0056899177436057,0.3270753618778919,0.3327652796214976,True
1,log2fc_neg_pre,WWWOOOOW,WWWOOOOO,4,5,-0.760500326593963,1.3500125688070843,2.1105128954010475,True
1,log2fc_neg_pre,WWWOOOWO,WWWOOOOO,4,5,-0.0925241802545667,1.3500125688070843,1.442536749061651,True
1,log2fc_neg_pre,WWWOOWOO,WWWOOOOO,4,5,-0.2528417174789356,1.3500125688070843,1.60285428628602,True
1,log2fc_neg_pre,WWWOWOOO,WWWOOOOO,4,5,-0.3993272754871048,1.3500125688070843,1.7493398442941892,True
1,log2fc_neg_pre,WWWWOOOO,WWWOOOOO,4,5,1.6909753792868585,1.3500125688070843,-0.34096281047977417,False
1,log2fc_neg_pre,WWWOOOWW,WWWOOOOW,3,4,-1.2223982913920115,-0.760500326593963,0.46189796479804845,True
1,log2fc_neg_pre,WWWOOWOW,WWWOOOOW,3,4,-0.2958132203324606,-0.760500326593963,-0.46468710626150245,False
1,log2fc_neg_pre,WWWOWOOW,WWWOOOOW,3,4,-0.1019234645266701,-0.760500326593963,-0.6585768620672929,False
1,log2fc_neg_pre,WWWWOOOW,WWWOOOOW,3,4,0.3325560836151979,-0.760500326593963,-1.093056410209161,False
1,log2fc_neg_pre,WWWOOOWW,WWWOOOWO,3,4,-1.2223982913920115,-0.0925241802545667,1.1298741111374448,True
1,log2fc_neg_pre,WWWOOWWO,WWWOOOWO,3,4,0.103068203636181,-0.0925241802545667,-0.19559238389074768,False
1,log2fc_neg_pre,WWWOWOWO,WWWOOOWO,3,4,-0.6993852033495567,-0.0925241802545667,0.60686102309499,True
1,log2fc_neg_pre,WWWWOOWO,WWWOOOWO,3,4,-0.3109087938655235,-0.0925241802545667,0.2183846136109568,True
1,log2fc_neg_pre,WWWOOWWW,WWWOOOWW,2,3,-0.3122571734587876,-1.2223982913920115,-0.9101411179332239,False
1,log2fc_neg_pre,WWWOWOWW,WWWOOOWW,2,3,-0.5433531282558437,-1.2223982913920115,-0.6790451631361678,False
1,log2fc_neg_pre,WWWWOOWW,WWWOOOWW,2,3,-0.5344233162354927,-1.2223982913920115,-0.6879749751565188,False
1,log2fc_neg_pre,WWWOOWOW,WWWOOWOO,3,4,-0.2958132203324606,-0.2528417174789356,0.04297150285352502,True
1,log2fc_neg_pre,WWWOOWWO,WWWOOWOO,3,4,0.103068203636181,-0.2528417174789356,-0.35590992111511655,False
1,log2fc_neg_pre,WWWOWWOO,WWWOOWOO,3,4,0.0571868732910701,-0.2528417174789356,-0.31002859077000566,False
1,log2fc_neg_pre,WWWWOWOO,WWWOOWOO,3,4,0.8344409072432389,-0.2528417174789356,-1.0872826247221745,False
1,log2fc_neg_pre,WWWOOWWW,WWWOOWOW,2,3,-0.3122571734587876,-0.2958132203324606,0.016443953126327016,True
1,log2fc_neg_pre,WWWOWWOW,WWWOOWOW,2,3,0.871043553021518,-0.2958132203324606,-1.1668567733539787,False
1,log2fc_neg_pre,WWWWOWOW,WWWOOWOW,2,3,-0.2426471405040298,-0.2958132203324606,-0.0531660798284308,False
1,log2fc_neg_pre,WWWOOWWW,WWWOOWWO,2,3,-0.3122571734587876,0.103068203636181,0.41532537709496864,True
1,log2fc_neg_pre,WWWOWWWO,WWWOOWWO,2,3,-1.2931399767052256,0.103068203636181,1.3962081803414066,True
1,log2fc_neg_pre,WWWWOWWO,WWWOOWWO,2,3,0.5179640509776344,0.103068203636181,-0.41489584734145346,False
1,log2fc_neg_pre,WWWOWWWW,WWWOOWWW,1,2,0.6790122027876103,-0.3122571734587876,-0.991269376246398,False
1,log2fc_neg_pre,WWWWOWWW,WWWOOWWW,1,2,-1.526280934503566,-0.3122571734587876,1.2140237610447784,True
1,log2fc_neg_pre,WWWOWOOW,WWWOWOOO,3,4,-0.1019234645266701,-0.3993272754871048,-0.29740381096043467,False
1,log2fc_neg_pre,WWWOWOWO,WWWOWOOO,3,4,-0.6993852033495567,-0.3993272754871048,0.3000579278624519,True
1,log2fc_neg_pre,WWWOWWOO,WWWOWOOO,3,4,0.0571868732910701,-0.3993272754871048,-0.45651414877817487,False
1,log2fc_neg_pre,WWWWWOOO,WWWOWOOO,3,4,0.3796603569198267,-0.3993272754871048,-0.7789876324069315,False
1,log2fc_neg_pre,WWWOWOWW,WWWOWOOW,2,3,-0.5433531282558437,-0.1019234645266701,0.4414296637291736,True
1,log2fc_neg_pre,WWWOWWOW,WWWOWOOW,2,3,0.871043553021518,-0.1019234645266701,-0.9729670175481882,False
1,log2fc_neg_pre,WWWWWOOW,WWWOWOOW,2,3,0.3080457736406157,-0.1019234645266701,-0.4099692381672858,False
1,log2fc_neg_pre,WWWOWOWW,WWWOWOWO,2,3,-0.5433531282558437,-0.6993852033495567,-0.15603207509371297,False
1,log2fc_neg_pre,WWWOWWWO,WWWOWOWO,2,3,-1.2931399767052256,-0.6993852033495567,0.593754773355669,True
1,log2fc_neg_pre,WWWWWOWO,WWWOWOWO,2,3,0.3633708012642223,-0.6993852033495567,-1.062756004613779,False
1,log2fc_neg_pre,WWWOWWWW,WWWOWOWW,1,2,0.6790122027876103,-0.5433531282558437,-1.222365331043454,False
1,log2fc_neg_pre,WWWWWOWW,WWWOWOWW,1,2,-0.4053865599737741,-0.5433531282558437,-0.1379665682820696,False
1,log2fc_neg_pre,WWWOWWOW,WWWOWWOO,2,3,0.871043553021518,0.0571868732910701,-0.813856679730448,False
1,log2fc_neg_pre,WWWOWWWO,WWWOWWOO,2,3,-1.2931399767052256,0.0571868732910701,1.3503268499962957,True
1,log2fc_neg_pre,WWWWWWOO,WWWOWWOO,2,3,0.176582983207322,0.0571868732910701,-0.1193961099162519,False
1,log2fc_neg_pre,WWWOWWWW,WWWOWWOW,1,2,0.6790122027876103,0.871043553021518,0.19203135023390772,True
1,log2fc_neg_pre,WWWWWWOW,WWWOWWOW,1,2,0.4332367971123798,0.871043553021518,0.43780675590913826,True
1,log2fc_neg_pre,WWWOWWWW,WWWOWWWO,1,2,0.6790122027876103,-1.2931399767052256,-1.972152179492836,False
1,log2fc_neg_pre,WWWWWWWO,WWWOWWWO,1,2,-0.533372804343692,-1.2931399767052256,-0.7597671723615336,False
1,log2fc_neg_pre,WWWWWWWW,WWWOWWWW,0,1,-0.0056899177436057,0.6790122027876103,0.684702120531216,True
1,log2fc_neg_pre,WWWWOOOW,WWWWOOOO,3,4,0.3325560836151979,1.6909753792868585,1.3584192956716605,True
1,log2fc_neg_pre,WWWWOOWO,WWWWOOOO,3,4,-0.3109087938655235,1.6909753792868585,2.0018841731523818,True
1,log2fc_neg_pre,WWWWOWOO,WWWWOOOO,3,4,0.8344409072432389,1.6909753792868585,0.8565344720436195,True
1,log2fc_neg_pre,WWWWWOOO,WWWWOOOO,3,4,0.3796603569198267,1.6909753792868585,1.3113150223670318,True
1,log2fc_neg_pre,WWWWOOWW,WWWWOOOW,2,3,-0.5344233162354927,0.3325560836151979,0.8669793998506905,True
1,log2fc_neg_pre,WWWWOWOW,WWWWOOOW,2,3,-0.2426471405040298,0.3325560836151979,0.5752032241192278,True
1,log2fc_neg_pre,WWWWWOOW,WWWWOOOW,2,3,0.3080457736406157,0.3325560836151979,0.0245103099745822,True
1,log2fc_neg_pre,WWWWOOWW,WWWWOOWO,2,3,-0.5344233162354927,-0.3109087938655235,0.22351452236996916,True
1,log2fc_neg_pre,WWWWOWWO,WWWWOOWO,2,3,0.5179640509776344,-0.3109087938655235,-0.8288728448431579,False
1,log2fc_neg_pre,WWWWWOWO,WWWWOOWO,2,3,0.3633708012642223,-0.3109087938655235,-0.6742795951297458,False
1,log2fc_neg_pre,WWWWOWWW,WWWWOOWW,1,2,-1.526280934503566,-0.5344233162354927,0.9918576182680733,True
1,log2fc_neg_pre,WWWWWOWW,WWWWOOWW,1,2,-0.4053865599737741,-0.5344233162354927,-0.12903675626171857,False
1,log2fc_neg_pre,WWWWOWOW,WWWWOWOO,2,3,-0.2426471405040298,0.8344409072432389,1.0770880477472686,True
1,log2fc_neg_pre,WWWWOWWO,WWWWOWOO,2,3,0.5179640509776344,0.8344409072432389,0.3164768562656045,True
1,log2fc_neg_pre,WWWWWWOO,WWWWOWOO,2,3,0.176582983207322,0.8344409072432389,0.6578579240359169,True
1,log2fc_neg_pre,WWWWOWWW,WWWWOWOW,1,2,-1.526280934503566,-0.2426471405040298,1.2836337939995361,True
1,log2fc_neg_pre,WWWWWWOW,WWWWOWOW,1,2,0.4332367971123798,-0.2426471405040298,-0.6758839376164096,False
1,log2fc_neg_pre,WWWWOWWW,WWWWOWWO,1,2,-1.526280934503566,0.5179640509776344,2.0442449854812006,True
1,log2fc_neg_pre,WWWWWWWO,WWWWOWWO,1,2,-0.533372804343692,0.5179640509776344,1.0513368553213265,True
1,log2fc_neg_pre,WWWWWWWW,WWWWOWWW,0,1,-0.0056899177436057,-1.526280934503566,-1.5205910167599603,False
1,log2fc_neg_pre,WWWWWOOW,WWWWWOOO,2,3,0.3080457736406157,0.3796603569198267,0.071614583279211,True
1,log2fc_neg_pre,WWWWWOWO,WWWWWOOO,2,3,0.3633708012642223,0.3796603569198267,0.016289555655604415,True
1,log2fc_neg_pre,WWWWWWOO,WWWWWOOO,2,3,0.176582983207322,0.3796603569198267,0.2030773737125047,True
1,log2fc_neg_pre,WWWWWOWW,WWWWWOOW,1,2,-0.4053865599737741,0.3080457736406157,0.7134323336143897,True
1,log2fc_neg_pre,WWWWWWOW,WWWWWOOW,1,2,0.4332367971123798,0.3080457736406157,-0.12519102347176408,False
1,log2fc_neg_pre,WWWWWOWW,WWWWWOWO,1,2,-0.4053865599737741,0.3633708012642223,0.7687573612379963,True
1,log2fc_neg_pre,WWWWWWWO,WWWWWOWO,1,2,-0.533372804343692,0.3633708012642223,0.8967436056079143,True
1,log2fc_neg_pre,WWWWWWWW,WWWWWOWW,0,1,-0.0056899177436057,-0.4053865599737741,-0.3996966422301684,False
1,log2fc_neg_pre,WWWWWWOW,WWWWWWOO,1,2,0.4332367971123798,0.176582983207322,-0.2566538139050578,False
1,log2fc_neg_pre,WWWWWWWO,WWWWWWOO,1,2,-0.533372804343692,0.176582983207322,0.7099557875510141,True
1,log2fc_neg_pre,WWWWWWWW,WWWWWWOW,0,1,-0.0056899177436057,0.4332367971123798,0.4389267148559855,True
1,log2fc_neg_pre,WWWWWWWW,WWWWWWWO,0,1,-0.0056899177436057,-0.533372804343692,-0.5276828866000863,False
2,log2fc_neg_pre,OOOOOOOW,OOOOOOOO,7,8,-0.2079076711986407,0.6516076690419825,0.8595153402406233,True
2,log2fc_neg_pre,OOOOOOWO,OOOOOOOO,7,8,-0.2992948203227952,0.6516076690419825,0.9509024893647777,True
2,log2fc_neg_pre,OOOOOWOO,OOOOOOOO,7,8,-1.0311352887153415,0.6516076690419825,1.682742957757324,True
2,log2fc_neg_pre,OOOOWOOO,OOOOOOOO,7,8,-1.0397129491313208,0.6516076690419825,1.6913206181733034,True
2,log2fc_neg_pre,OOOWOOOO,OOOOOOOO,7,8,-0.0927206337601307,0.6516076690419825,0.7443283028021133,True
2,log2fc_neg_pre,OOWOOOOO,OOOOOOOO,7,8,0.660965618222909,0.6516076690419825,-0.009357949180926473,False
2,log2fc_neg_pre,OWOOOOOO,OOOOOOOO,7,8,-0.7884883865644793,0.6516076690419825,1.4400960556064617,True
2,log2fc_neg_pre,WOOOOOOO,OOOOOOOO,7,8,1.4564779867019326,0.6516076690419825,-0.8048703176599501,False
2,log2fc_neg_pre,OOOOOOWW,OOOOOOOW,6,7,0.3255828108264009,-0.2079076711986407,-0.5334904820250416,False
2,log2fc_neg_pre,OOOOOWOW,OOOOOOOW,6,7,-1.2148120211804845,-0.2079076711986407,1.0069043499818437,True
2,log2fc_neg_pre,OOOOWOOW,OOOOOOOW,6,7,-0.2834102031219822,-0.2079076711986407,0.07550253192334147,True
2,log2fc_neg_pre,OOOWOOOW,OOOOOOOW,6,7,-0.498532655426622,-0.2079076711986407,0.29062498422798133,True
2,log2fc_neg_pre,OOWOOOOW,OOOOOOOW,6,7,0.2459992290253854,-0.2079076711986407,-0.45390690022402613,False
2,log2fc_neg_pre,OWOOOOOW,OOOOOOOW,6,7,-0.1244779139173652,-0.2079076711986407,-0.08342975728127551,False
2,log2fc_neg_pre,WOOOOOOW,OOOOOOOW,6,7,1.0189360378528316,-0.2079076711986407,-1.2268437090514723,False
2,log2fc_neg_pre,OOOOOOWW,OOOOOOWO,6,7,0.3255828108264009,-0.2992948203227952,-0.6248776311491961,False
2,log2fc_neg_pre,OOOOOWWO,OOOOOOWO,6,7,-0.4499095423875928,-0.2992948203227952,0.1506147220647976,True
2,log2fc_neg_pre,OOOOWOWO,OOOOOOWO,6,7,-0.161431662451664,-0.2992948203227952,-0.1378631578711312,False
2,log2fc_neg_pre,OOOWOOWO,OOOOOOWO,6,7,-0.0581372596075313,-0.2992948203227952,-0.2411575607152639,False
2,log2fc_neg_pre,OOWOOOWO,OOOOOOWO,6,7,-0.3189666130279584,-0.2992948203227952,0.019671792705163227,True
2,log2fc_neg_pre,OWOOOOWO,OOOOOOWO,6,7,0.2051667891913607,-0.2992948203227952,-0.5044616095141559,False
2,log2fc_neg_pre,WOOOOOWO,OOOOOOWO,6,7,0.2104290600980992,-0.2992948203227952,-0.5097238804208943,False
2,log2fc_neg_pre,OOOOOWWW,OOOOOOWW,5,6,-0.0616989851383925,0.3255828108264009,0.3872817959647934,True
2,log2fc_neg_pre,OOOOWOWW,OOOOOOWW,5,6,-0.2021263272541648,0.3255828108264009,0.5277091380805656,True
2,log2fc_neg_pre,OOOWOOWW,OOOOOOWW,5,6,-0.5376807167956676,0.3255828108264009,0.8632635276220686,True
2,log2fc_neg_pre,OOWOOOWW,OOOOOOWW,5,6,-0.6416966396283073,0.3255828108264009,0.9672794504547082,True
2,log2fc_neg_pre,OWOOOOWW,OOOOOOWW,5,6,-1.3505889462698135,0.3255828108264009,1.6761717570962145,True
2,log2fc_neg_pre,WOOOOOWW,OOOOOOWW,5,6,0.91243841691454,0.3255828108264009,-0.5868556060881391,False
2,log2fc_neg_pre,OOOOOWOW,OOOOOWOO,6,7,-1.2148120211804845,-1.0311352887153415,0.18367673246514293,True
2,log2fc_neg_pre,OOOOOWWO,OOOOOWOO,6,7,-0.4499095423875928,-1.0311352887153415,-0.5812257463277488,False
2,log2fc_neg_pre,OOOOWWOO,OOOOOWOO,6,7,0.5694594721145609,-1.0311352887153415,-1.6005947608299025,False
2,log2fc_neg_pre,OOOWOWOO,OOOOOWOO,6,7,-0.76328717746735,-1.0311352887153415,-0.26784811124799157,False
2,log2fc_neg_pre,OOWOOWOO,OOOOOWOO,6,7,-0.5842011518327991,-1.0311352887153415,-0.44693413688254247,False
2,log2fc_neg_pre,OWOOOWOO,OOOOOWOO,6,7,-0.5438098629784786,-1.0311352887153415,-0.487325425736863,False
2,log2fc_neg_pre,WOOOOWOO,OOOOOWOO,6,7,1.243820856479762,-1.0311352887153415,-2.2749561451951035,False
2,log2fc_neg_pre,OOOOOWWW,OOOOOWOW,5,6,-0.0616989851383925,-1.2148120211804845,-1.153113036042092,False
2,log2fc_neg_pre,OOOOWWOW,OOOOOWOW,5,6,0.1858952849194259,-1.2148120211804845,-1.4007073060999105,False
2,log2fc_neg_pre,OOOWOWOW,OOOOOWOW,5,6,-0.4525188587469784,-1.2148120211804845,-0.7622931624335061,False
2,log2fc_neg_pre,OOWOOWOW,OOOOOWOW,5,6,-0.5280369030470752,-1.2148120211804845,-0.6867751181334093,False
2,log2fc_neg_pre,OWOOOWOW,OOOOOWOW,5,6,-0.9497072935704772,-1.2148120211804845,-0.26510472761000725,False
2,log2fc_neg_pre,WOOOOWOW,OOOOOWOW,5,6,0.506150947104539,-1.2148120211804845,-1.7209629682850234,False
2,log2fc_neg_pre,OOOOOWWW,OOOOOWWO,5,6,-0.0616989851383925,-0.4499095423875928,-0.3882105572492003,False
2,log2fc_neg_pre,OOOOWWWO,OOOOOWWO,5,6,0.9283609699465128,-0.4499095423875928,-1.3782705123341057,False
2,log2fc_neg_pre,OOOWOWWO,OOOOOWWO,5,6,0.1474999007509232,-0.4499095423875928,-0.597409443138516,False
2,log2fc_neg_pre,OOWOOWWO,OOOOOWWO,5,6,-1.0887590739251118,-0.4499095423875928,0.6388495315375191,True
2,log2fc_neg_pre,OWOOOWWO,OOOOOWWO,5,6,-0.1406738155279235,-0.4499095423875928,-0.30923572685966927,False
2,log2fc_neg_pre,WOOOOWWO,OOOOOWWO,5,6,-0.0574362806160489,-0.4499095423875928,-0.3924732617715439,False
2,log2fc_neg_pre,OOOOWWWW,OOOOOWWW,4,5,-0.009615125060725,-0.0616989851383925,-0.05208386007766749,False
2,log2fc_neg_pre,OOOWOWWW,OOOOOWWW,4,5,-0.4568458941421925,-0.0616989851383925,0.3951469090038,True
2,log2fc_neg_pre,OOWOOWWW,OOOOOWWW,4,5,-0.2626697039332791,-0.0616989851383925,0.2009707187948866,True
2,log2fc_neg_pre,OWOOOWWW,OOOOOWWW,4,5,-1.046009670688801,-0.0616989851383925,0.9843106855504085,True
2,log2fc_neg_pre,WOOOOWWW,OOOOOWWW,4,5,0.2086039331814098,-0.0616989851383925,-0.2703029183198023,False
2,log2fc_neg_pre,OOOOWOOW,OOOOWOOO,6,7,-0.2834102031219822,-1.0397129491313208,-0.7563027460093387,False
2,log2fc_neg_pre,OOOOWOWO,OOOOWOOO,6,7,-0.161431662451664,-1.0397129491313208,-0.8782812866796569,False
2,log2fc_neg_pre,OOOOWWOO,OOOOWOOO,6,7,0.5694594721145609,-1.0397129491313208,-1.6091724212458818,False
2,log2fc_neg_pre,OOOWWOOO,OOOOWOOO,6,7,-0.3812751852038994,-1.0397129491313208,-0.6584377639274215,False
2,log2fc_neg_pre,OOWOWOOO,OOOOWOOO,6,7,-0.6627939494076011,-1.0397129491313208,-0.3769189997237198,False
2,log2fc_neg_pre,OWOOWOOO,OOOOWOOO,6,7,-0.507923808029306,-1.0397129491313208,-0.5317891411020148,False
2,log2fc_neg_pre,WOOOWOOO,OOOOWOOO,6,7,-0.2198537309608514,-1.0397129491313208,-0.8198592181704695,False
2,log2fc_neg_pre,OOOOWOWW,OOOOWOOW,5,6,-0.2021263272541648,-0.2834102031219822,-0.08128387586781738,False
2,log2fc_neg_pre,OOOOWWOW,OOOOWOOW,5,6,0.1858952849194259,-0.2834102031219822,-0.46930548804140804,False
2,log2fc_neg_pre,OOOWWOOW,OOOOWOOW,5,6,-0.7136921543960677,-0.2834102031219822,0.43028195127408553,True
2,log2fc_neg_pre,OOWOWOOW,OOOOWOOW,5,6,-0.3986698826026697,-0.2834102031219822,0.11525967948068755,True
2,log2fc_neg_pre,OWOOWOOW,OOOOWOOW,5,6,-0.0153065407699968,-0.2834102031219822,-0.26810366235198535,False
2,log2fc_neg_pre,WOOOWOOW,OOOOWOOW,5,6,0.6857790073604729,-0.2834102031219822,-0.9691892104824551,False
2,log2fc_neg_pre,OOOOWOWW,OOOOWOWO,5,6,-0.2021263272541648,-0.161431662451664,0.04069466480250081,True
2,log2fc_neg_pre,OOOOWWWO,OOOOWOWO,5,6,0.9283609699465128,-0.161431662451664,-1.0897926323981768,False
2,log2fc_neg_pre,OOOWWOWO,OOOOWOWO,5,6,-0.381826195409982,-0.161431662451664,0.22039453295831804,True
2,log2fc_neg_pre,OOWOWOWO,OOOOWOWO,5,6,-0.7036084117292948,-0.161431662451664,0.5421767492776308,True
2,log2fc_neg_pre,OWOOWOWO,OOOOWOWO,5,6,0.0356044710135726,-0.161431662451664,-0.19703613346523657,False
2,log2fc_neg_pre,WOOOWOWO,OOOOWOWO,5,6,-0.1772141096570489,-0.161431662451664,0.01578244720538491,True
2,log2fc_neg_pre,OOOOWWWW,OOOOWOWW,4,5,-0.009615125060725,-0.2021263272541648,-0.19251120219343978,False
2,log2fc_neg_pre,OOOWWOWW,OOOOWOWW,4,5,0.5264395692339434,-0.2021263272541648,-0.7285658964881082,False
2,log2fc_neg_pre,OOWOWOWW,OOOOWOWW,4,5,0.045589591522573,-0.2021263272541648,-0.2477159187767378,False
2,log2fc_neg_pre,OWOOWOWW,OOOOWOWW,4,5,0.1760571076927983,-0.2021263272541648,-0.3781834349469631,False
2,log2fc_neg_pre,WOOOWOWW,OOOOWOWW,4,5,0.4163429485663411,-0.2021263272541648,-0.6184692758205059,False
2,log2fc_neg_pre,OOOOWWOW,OOOOWWOO,5,6,0.1858952849194259,0.5694594721145609,0.3835641871951351,True
2,log2fc_neg_pre,OOOOWWWO,OOOOWWOO,5,6,0.9283609699465128,0.5694594721145609,-0.3589014978319519,False
2,log2fc_neg_pre,OOOWWWOO,OOOOWWOO,5,6,-0.7950214197951257,0.5694594721145609,1.3644808919096867,True
2,log2fc_neg_pre,OOWOWWOO,OOOOWWOO,5,6,0.4376529516785701,0.5694594721145609,0.13180652043599084,True
2,log2fc_neg_pre,OWOOWWOO,OOOOWWOO,5,6,0.2354649889024878,0.5694594721145609,0.33399448321207315,True
2,log2fc_neg_pre,WOOOWWOO,OOOOWWOO,5,6,-0.1401741192024159,0.5694594721145609,0.7096335913169769,True
2,log2fc_neg_pre,OOOOWWWW,OOOOWWOW,4,5,-0.009615125060725,0.1858952849194259,0.1955104099801509,True
2,log2fc_neg_pre,OOOWWWOW,OOOOWWOW,4,5,-0.1433404892187032,0.1858952849194259,0.3292357741381291,True
2,log2fc_neg_pre,OOWOWWOW,OOOOWWOW,4,5,0.3008901520246875,0.1858952849194259,-0.1149948671052616,False
2,log2fc_neg_pre,OWOOWWOW,OOOOWWOW,4,5,0.55554401579526,0.1858952849194259,-0.36964873087583416,False
2,log2fc_neg_pre,WOOOWWOW,OOOOWWOW,4,5,-0.8135763028302512,0.1858952849194259,0.999471587749677,True
2,log2fc_neg_pre,OOOOWWWW,OOOOWWWO,4,5,-0.009615125060725,0.9283609699465128,0.9379760950072379,True
2,log2fc_neg_pre,OOOWWWWO,OOOOWWWO,4,5,0.6175758676691859,0.9283609699465128,0.3107851022773269,True
2,log2fc_neg_pre,OOWOWWWO,OOOOWWWO,4,5,-0.0308016323156077,0.9283609699465128,0.9591626022621206,True
2,log2fc_neg_pre,OWOOWWWO,OOOOWWWO,4,5,0.1783469587074953,0.9283609699465128,0.7500140112390176,True
2,log2fc_neg_pre,WOOOWWWO,OOOOWWWO,4,5,0.0021675871456777,0.9283609699465128,0.9261933828008352,True
2,log2fc_neg_pre,OOOWWWWW,OOOOWWWW,3,4,-0.6240892385692627,-0.009615125060725,0.6144741135085376,True
2,log2fc_neg_pre,OOWOWWWW,OOOOWWWW,3,4,-0.0266683513637553,-0.009615125060725,0.0170532263030303,True
2,log2fc_neg_pre,OWOOWWWW,OOOOWWWW,3,4,-0.2000387241550474,-0.009615125060725,0.19042359909432238,True
2,log2fc_neg_pre,WOOOWWWW,OOOOWWWW,3,4,-0.4064352353063367,-0.009615125060725,0.3968201102456117,True
2,log2fc_neg_pre,OOOWOOOW,OOOWOOOO,6,7,-0.498532655426622,-0.0927206337601307,0.40581202166649133,True
2,log2fc_neg_pre,OOOWOOWO,OOOWOOOO,6,7,-0.0581372596075313,-0.0927206337601307,-0.034583374152599405,False
2,log2fc_neg_pre,OOOWOWOO,OOOWOOOO,6,7,-0.76328717746735,-0.0927206337601307,0.6705665437072192,True
2,log2fc_neg_pre,OOOWWOOO,OOOWOOOO,6,7,-0.3812751852038994,-0.0927206337601307,0.28855455144376874,True
2,log2fc_neg_pre,OOWWOOOO,OOOWOOOO,6,7,0.4840909426183138,-0.0927206337601307,-0.5768115763784445,False
2,log2fc_neg_pre,OWOWOOOO,OOOWOOOO,6,7,0.5611131805978363,-0.0927206337601307,-0.6538338143579671,False
2,log2fc_neg_pre,WOOWOOOO,OOOWOOOO,6,7,0.0664845426982089,-0.0927206337601307,-0.1592051764583396,False
2,log2fc_neg_pre,OOOWOOWW,OOOWOOOW,5,6,-0.5376807167956676,-0.498532655426622,0.03914806136904564,True
2,log2fc_neg_pre,OOOWOWOW,OOOWOOOW,5,6,-0.4525188587469784,-0.498532655426622,-0.046013796679643615,False
2,log2fc_neg_pre,OOOWWOOW,OOOWOOOW,5,6,-0.7136921543960677,-0.498532655426622,0.2151594989694457,True
2,log2fc_neg_pre,OOWWOOOW,OOOWOOOW,5,6,0.3916214139269723,-0.498532655426622,-0.8901540693535943,False
2,log2fc_neg_pre,OWOWOOOW,OOOWOOOW,5,6,0.0792852836174996,-0.498532655426622,-0.5778179390441216,False
2,log2fc_neg_pre,WOOWOOOW,OOOWOOOW,5,6,0.3502264230998722,-0.498532655426622,-0.8487590785264942,False
2,log2fc_neg_pre,OOOWOOWW,OOOWOOWO,5,6,-0.5376807167956676,-0.0581372596075313,0.47954345718813635,True
2,log2fc_neg_pre,OOOWOWWO,OOOWOOWO,5,6,0.1474999007509232,-0.0581372596075313,-0.2056371603584545,False
2,log2fc_neg_pre,OOOWWOWO,OOOWOOWO,5,6,-0.381826195409982,-0.0581372596075313,0.32368893580245073,True
2,log2fc_neg_pre,OOWWOOWO,OOOWOOWO,5,6,-0.3440375507439234,-0.0581372596075313,0.2859002911363921,True
2,log2fc_neg_pre,OWOWOOWO,OOOWOOWO,5,6,-0.1861528468233583,-0.0581372596075313,0.128015587215827,True
2,log2fc_neg_pre,WOOWOOWO,OOOWOOWO,5,6,-0.4027498333455717,-0.0581372596075313,0.3446125737380404,True
2,log2fc_neg_pre,OOOWOWWW,OOOWOOWW,4,5,-0.4568458941421925,-0.5376807167956676,-0.08083482265347514,False
2,log2fc_neg_pre,OOOWWOWW,OOOWOOWW,4,5,0.5264395692339434,-0.5376807167956676,-1.064120286029611,False
2,log2fc_neg_pre,OOWWOOWW,OOOWOOWW,4,5,-0.3350469506833415,-0.5376807167956676,-0.20263376611232614,False
2,log2fc_neg_pre,OWOWOOWW,OOOWOOWW,4,5,0.503216294495319,-0.5376807167956676,-1.0408970112909866,False
2,log2fc_neg_pre,WOOWOOWW,OOOWOOWW,4,5,-0.0967126469677381,-0.5376807167956676,-0.4409680698279296,False
2,log2fc_neg_pre,OOOWOWOW,OOOWOWOO,5,6,-0.4525188587469784,-0.76328717746735,-0.3107683187203716,False
2,log2fc_neg_pre,OOOWOWWO,OOOWOWOO,5,6,0.1474999007509232,-0.76328717746735,-0.9107870782182732,False
2,log2fc_neg_pre,OOOWWWOO,OOOWOWOO,5,6,-0.7950214197951257,-0.76328717746735,0.031734242327775775,True
2,log2fc_neg_pre,OOWWOWOO,OOOWOWOO,5,6,0.1791505123882152,-0.76328717746735,-0.9424376898555652,False
2,log2fc_neg_pre,OWOWOWOO,OOOWOWOO,5,6,-0.5984890314339206,-0.76328717746735,-0.16479814603342935,False
2,log2fc_neg_pre,WOOWOWOO,OOOWOWOO,5,6,-0.4351148136364349,-0.76328717746735,-0.3281723638309151,False
2,log2fc_neg_pre,OOOWOWWW,OOOWOWOW,4,5,-0.4568458941421925,-0.4525188587469784,0.004327035395214118,True
2,log2fc_neg_pre,OOOWWWOW,OOOWOWOW,4,5,-0.1433404892187032,-0.4525188587469784,-0.30917836952827515,False
2,log2fc_neg_pre,OOWWOWOW,OOOWOWOW,4,5,-0.4157306652934265,-0.4525188587469784,-0.03678819345355189,False
2,log2fc_neg_pre,OWOWOWOW,OOOWOWOW,4,5,0.1942097916860984,-0.4525188587469784,-0.6467286504330768,False
2,log2fc_neg_pre,WOOWOWOW,OOOWOWOW,4,5,0.2156984862500838,-0.4525188587469784,-0.6682173449970622,False
2,log2fc_neg_pre,OOOWOWWW,OOOWOWWO,4,5,-0.4568458941421925,0.1474999007509232,0.6043457948931157,True
2,log2fc_neg_pre,OOOWWWWO,OOOWOWWO,4,5,0.6175758676691859,0.1474999007509232,-0.4700759669182627,False
2,log2fc_neg_pre,OOWWOWWO,OOOWOWWO,4,5,0.134755259739636,0.1474999007509232,0.012744641011287194,True
2,log2fc_neg_pre,OWOWOWWO,OOOWOWWO,4,5,0.1192568144490096,0.1474999007509232,0.028243086301913606,True
2,log2fc_neg_pre,WOOWOWWO,OOOWOWWO,4,5,-0.6203709544974972,0.1474999007509232,0.7678708552484205,True
2,log2fc_neg_pre,OOOWWWWW,OOOWOWWW,3,4,-0.6240892385692627,-0.4568458941421925,0.16724334442707017,True
2,log2fc_neg_pre,OOWWOWWW,OOOWOWWW,3,4,0.2366716237776129,-0.4568458941421925,-0.6935175179198054,False
2,log2fc_neg_pre,OWOWOWWW,OOOWOWWW,3,4,0.0026643314364274,-0.4568458941421925,-0.4595102255786199,False
2,log2fc_neg_pre,WOOWOWWW,OOOWOWWW,3,4,-0.0087711035746434,-0.4568458941421925,-0.4480747905675491,False
2,log2fc_neg_pre,OOOWWOOW,OOOWWOOO,5,6,-0.7136921543960677,-0.3812751852038994,0.3324169691921683,True
2,log2fc_neg_pre,OOOWWOWO,OOOWWOOO,5,6,-0.381826195409982,-0.3812751852038994,0.0005510102060826139,True
2,log2fc_neg_pre,OOOWWWOO,OOOWWOOO,5,6,-0.7950214197951257,-0.3812751852038994,0.41374623459122634,True
2,log2fc_neg_pre,OOWWWOOO,OOOWWOOO,5,6,0.1304489079595778,-0.3812751852038994,-0.5117240931634772,False
2,log2fc_neg_pre,OWOWWOOO,OOOWWOOO,5,6,0.5221723394805257,-0.3812751852038994,-0.9034475246844251,False
2,log2fc_neg_pre,WOOWWOOO,OOOWWOOO,5,6,-0.0345572462378838,-0.3812751852038994,-0.3467179389660156,False
2,log2fc_neg_pre,OOOWWOWW,OOOWWOOW,4,5,0.5264395692339434,-0.7136921543960677,-1.2401317236300111,False
2,log2fc_neg_pre,OOOWWWOW,OOOWWOOW,4,5,-0.1433404892187032,-0.7136921543960677,-0.5703516651773645,False
2,log2fc_neg_pre,OOWWWOOW,OOOWWOOW,4,5,-1.161954640030882,-0.7136921543960677,0.4482624856348143,True
2,log2fc_neg_pre,OWOWWOOW,OOOWWOOW,4,5,0.2542181086312814,-0.7136921543960677,-0.9679102630273491,False
2,log2fc_neg_pre,WOOWWOOW,OOOWWOOW,4,5,-0.7993370753583204,-0.7136921543960677,0.08564492096225274,True
2,log2fc_neg_pre,OOOWWOWW,OOOWWOWO,4,5,0.5264395692339434,-0.381826195409982,-0.9082657646439254,False
2,log2fc_neg_pre,OOOWWWWO,OOOWWOWO,4,5,0.6175758676691859,-0.381826195409982,-0.999402063079168,False
2,log2fc_neg_pre,OOWWWOWO,OOOWWOWO,4,5,-0.8072133734683444,-0.381826195409982,0.4253871780583624,True
2,log2fc_neg_pre,OWOWWOWO,OOOWWOWO,4,5,0.6044168529810172,-0.381826195409982,-0.9862430483909992,False
2,log2fc_neg_pre,WOOWWOWO,OOOWWOWO,4,5,-1.0336414557425917,-0.381826195409982,0.6518152603326097,True
2,log2fc_neg_pre,OOOWWWWW,OOOWWOWW,3,4,-0.6240892385692627,0.5264395692339434,1.150528807803206,True
2,log2fc_neg_pre,OOWWWOWW,OOOWWOWW,3,4,-0.6920366902419856,0.5264395692339434,1.218476259475929,True
2,log2fc_neg_pre,OWOWWOWW,OOOWWOWW,3,4,-0.1572247564027699,0.5264395692339434,0.6836643256367133,True
2,log2fc_neg_pre,WOOWWOWW,OOOWWOWW,3,4,-0.6042847688300002,0.5264395692339434,1.1307243380639436,True
2,log2fc_neg_pre,OOOWWWOW,OOOWWWOO,4,5,-0.1433404892187032,-0.7950214197951257,-0.6516809305764225,False
2,log2fc_neg_pre,OOOWWWWO,OOOWWWOO,4,5,0.6175758676691859,-0.7950214197951257,-1.4125972874643118,False
2,log2fc_neg_pre,OOWWWWOO,OOOWWWOO,4,5,0.9574484096991612,-0.7950214197951257,-1.752469829494287,False
2,log2fc_neg_pre,OWOWWWOO,OOOWWWOO,4,5,0.0571454479473077,-0.7950214197951257,-0.8521668677424334,False
2,log2fc_neg_pre,WOOWWWOO,OOOWWWOO,4,5,-0.314479862749059,-0.7950214197951257,-0.48054155704606677,False
2,log2fc_neg_pre,OOOWWWWW,OOOWWWOW,3,4,-0.6240892385692627,-0.1433404892187032,0.48074874935055945,True
2,log2fc_neg_pre,OOWWWWOW,OOOWWWOW,3,4,-0.1115932072026168,-0.1433404892187032,-0.03174728201608641,False
2,log2fc_neg_pre,OWOWWWOW,OOOWWWOW,3,4,-0.636276294712346,-0.1433404892187032,0.4929358054936428,True
2,log2fc_neg_pre,WOOWWWOW,OOOWWWOW,3,4,-0.6798443327508515,-0.1433404892187032,0.5365038435321483,True
2,log2fc_neg_pre,OOOWWWWW,OOOWWWWO,3,4,-0.6240892385692627,0.6175758676691859,1.2416651062384485,True
2,log2fc_neg_pre,OOWWWWWO,OOOWWWWO,3,4,-0.8859335528873737,0.6175758676691859,1.5035094205565596,True
2,log2fc_neg_pre,OWOWWWWO,OOOWWWWO,3,4,-0.2974707367550483,0.6175758676691859,0.9150466044242342,True
2,log2fc_neg_pre,WOOWWWWO,OOOWWWWO,3,4,0.0454895263858426,0.6175758676691859,0.5720863412833433,True
2,log2fc_neg_pre,OOWWWWWW,OOOWWWWW,2,3,-0.7351679288715557,-0.6240892385692627,0.111078690302293,True
2,log2fc_neg_pre,OWOWWWWW,OOOWWWWW,2,3,0.3850921625342923,-0.6240892385692627,-1.009181401103555,False
2,log2fc_neg_pre,WOOWWWWW,OOOWWWWW,2,3,0.1341035297193071,-0.6240892385692627,-0.7581927682885699,False
2,log2fc_neg_pre,OOWOOOOW,OOWOOOOO,6,7,0.2459992290253854,0.660965618222909,0.4149663891975236,True
2,log2fc_neg_pre,OOWOOOWO,OOWOOOOO,6,7,-0.3189666130279584,0.660965618222909,0.9799322312508674,True
2,log2fc_neg_pre,OOWOOWOO,OOWOOOOO,6,7,-0.5842011518327991,0.660965618222909,1.245166770055708,True
2,log2fc_neg_pre,OOWOWOOO,OOWOOOOO,6,7,-0.6627939494076011,0.660965618222909,1.32375956763051,True
2,log2fc_neg_pre,OOWWOOOO,OOWOOOOO,6,7,0.4840909426183138,0.660965618222909,0.1768746756045952,True
2,log2fc_neg_pre,OWWOOOOO,OOWOOOOO,6,7,0.2609919927499584,0.660965618222909,0.3999736254729506,True
2,log2fc_neg_pre,WOWOOOOO,OOWOOOOO,6,7,0.982963345345668,0.660965618222909,-0.321997727122759,False
2,log2fc_neg_pre,OOWOOOWW,OOWOOOOW,5,6,-0.6416966396283073,0.2459992290253854,0.8876958686536927,True
2,log2fc_neg_pre,OOWOOWOW,OOWOOOOW,5,6,-0.5280369030470752,0.2459992290253854,0.7740361320724606,True
2,log2fc_neg_pre,OOWOWOOW,OOWOOOOW,5,6,-0.3986698826026697,0.2459992290253854,0.6446691116280552,True
2,log2fc_neg_pre,OOWWOOOW,OOWOOOOW,5,6,0.3916214139269723,0.2459992290253854,-0.1456221849015869,False
2,log2fc_neg_pre,OWWOOOOW,OOWOOOOW,5,6,0.3037934562445382,0.2459992290253854,-0.05779422721915278,False
2,log2fc_neg_pre,WOWOOOOW,OOWOOOOW,5,6,-0.6067283591348654,0.2459992290253854,0.8527275881602508,True
2,log2fc_neg_pre,OOWOOOWW,OOWOOOWO,5,6,-0.6416966396283073,-0.3189666130279584,0.32273002660034883,True
2,log2fc_neg_pre,OOWOOWWO,OOWOOOWO,5,6,-1.0887590739251118,-0.3189666130279584,0.7697924608971534,True
2,log2fc_neg_pre,OOWOWOWO,OOWOOOWO,5,6,-0.7036084117292948,-0.3189666130279584,0.38464179870133636,True
2,log2fc_neg_pre,OOWWOOWO,OOWOOOWO,5,6,-0.3440375507439234,-0.3189666130279584,0.02507093771596497,True
2,log2fc_neg_pre,OWWOOOWO,OOWOOOWO,5,6,-0.4885682255453054,-0.3189666130279584,0.16960161251734696,True
2,log2fc_neg_pre,WOWOOOWO,OOWOOOWO,5,6,0.391801906986003,-0.3189666130279584,-0.7107685200139614,False
2,log2fc_neg_pre,OOWOOWWW,OOWOOOWW,4,5,-0.2626697039332791,-0.6416966396283073,-0.37902693569502816,False
2,log2fc_neg_pre,OOWOWOWW,OOWOOOWW,4,5,0.045589591522573,-0.6416966396283073,-0.6872862311508803,False
2,log2fc_neg_pre,OOWWOOWW,OOWOOOWW,4,5,-0.3350469506833415,-0.6416966396283073,-0.30664968894496575,False
2,log2fc_neg_pre,OWWOOOWW,OOWOOOWW,4,5,0.4631519598553279,-0.6416966396283073,-1.1048485994836352,False
2,log2fc_neg_pre,WOWOOOWW,OOWOOOWW,4,5,0.5477382995374944,-0.6416966396283073,-1.1894349391658017,False
2,log2fc_neg_pre,OOWOOWOW,OOWOOWOO,5,6,-0.5280369030470752,-0.5842011518327991,-0.0561642487857239,False
2,log2fc_neg_pre,OOWOOWWO,OOWOOWOO,5,6,-1.0887590739251118,-0.5842011518327991,0.5045579220923128,True
2,log2fc_neg_pre,OOWOWWOO,OOWOOWOO,5,6,0.4376529516785701,-0.5842011518327991,-1.021854103511369,False
2,log2fc_neg_pre,OOWWOWOO,OOWOOWOO,5,6,0.1791505123882152,-0.5842011518327991,-0.7633516642210143,False
2,log2fc_neg_pre,OWWOOWOO,OOWOOWOO,5,6,-0.7818805542104957,-0.5842011518327991,0.19767940237769666,True
2,log2fc_neg_pre,WOWOOWOO,OOWOOWOO,5,6,-2.4697862455582085,-0.5842011518327991,1.8855850937254095,True
2,log2fc_neg_pre,OOWOOWWW,OOWOOWOW,4,5,-0.2626697039332791,-0.5280369030470752,-0.2653671991137961,False
2,log2fc_neg_pre,OOWOWWOW,OOWOOWOW,4,5,0.3008901520246875,-0.5280369030470752,-0.8289270550717627,False
2,log2fc_neg_pre,OOWWOWOW,OOWOOWOW,4,5,-0.4157306652934265,-0.5280369030470752,-0.11230623775364867,False
2,log2fc_neg_pre,OWWOOWOW,OOWOOWOW,4,5,0.6239934065726428,-0.5280369030470752,-1.152030309619718,False
2,log2fc_neg_pre,WOWOOWOW,OOWOOWOW,4,5,0.9170037103323092,-0.5280369030470752,-1.4450406133793843,False
2,log2fc_neg_pre,OOWOOWWW,OOWOOWWO,4,5,-0.2626697039332791,-1.0887590739251118,-0.8260893699918328,False
2,log2fc_neg_pre,OOWOWWWO,OOWOOWWO,4,5,-0.0308016323156077,-1.0887590739251118,-1.0579574416095041,False
2,log2fc_neg_pre,OOWWOWWO,OOWOOWWO,4,5,0.134755259739636,-1.0887590739251118,-1.2235143336647478,False
2,log2fc_neg_pre,OWWOOWWO,OOWOOWWO,4,5,0.156317580636858,-1.0887590739251118,-1.2450766545619698,False
2,log2fc_neg_pre,WOWOOWWO,OOWOOWWO,4,5,-0.2820818916691899,-1.0887590739251118,-0.806677182255922,False
2,log2fc_neg_pre,OOWOWWWW,OOWOOWWW,3,4,-0.0266683513637553,-0.2626697039332791,-0.2360013525695238,False
2,log2fc_neg_pre,OOWWOWWW,OOWOOWWW,3,4,0.2366716237776129,-0.2626697039332791,-0.499341327710892,False
2,log2fc_neg_pre,OWWOOWWW,OOWOOWWW,3,4,-0.4491167736770942,-0.2626697039332791,0.18644706974381509,True
2,log2fc_neg_pre,WOWOOWWW,OOWOOWWW,3,4,-2.1493394781026107,-0.2626697039332791,1.8866697741693317,True
2,log2fc_neg_pre,OOWOWOOW,OOWOWOOO,5,6,-0.3986698826026697,-0.6627939494076011,-0.26412406680493133,False
2,log2fc_neg_pre,OOWOWOWO,OOWOWOOO,5,6,-0.7036084117292948,-0.6627939494076011,0.04081446232169372,True
2,log2fc_neg_pre,OOWOWWOO,OOWOWOOO,5,6,0.4376529516785701,-0.6627939494076011,-1.1004469010861713,False
2,log2fc_neg_pre,OOWWWOOO,OOWOWOOO,5,6,0.1304489079595778,-0.6627939494076011,-0.7932428573671788,False
2,log2fc_neg_pre,OWWOWOOO,OOWOWOOO,5,6,-1.0088438284830656,-0.6627939494076011,0.3460498790754646,True
2,log2fc_neg_pre,WOWOWOOO,OOWOWOOO,5,6,0.3928189702949539,-0.6627939494076011,-1.055612919702555,False
2,log2fc_neg_pre,OOWOWOWW,OOWOWOOW,4,5,0.045589591522573,-0.3986698826026697,-0.4442594741252427,False
2,log2fc_neg_pre,OOWOWWOW,OOWOWOOW,4,5,0.3008901520246875,-0.3986698826026697,-0.6995600346273572,False
2,log2fc_neg_pre,OOWWWOOW,OOWOWOOW,4,5,-1.161954640030882,-0.3986698826026697,0.7632847574282122,True
2,log2fc_neg_pre,OWWOWOOW,OOWOWOOW,4,5,-0.1680866693337216,-0.3986698826026697,-0.23058321326894812,False
2,log2fc_neg_pre,WOWOWOOW,OOWOWOOW,4,5,-0.6101703740274804,-0.3986698826026697,0.2115004914248107,True
2,log2fc_neg_pre,OOWOWOWW,OOWOWOWO,4,5,0.045589591522573,-0.7036084117292948,-0.7491980032518678,False
2,log2fc_neg_pre,OOWOWWWO,OOWOWOWO,4,5,-0.0308016323156077,-0.7036084117292948,-0.672806779413687,False
2,log2fc_neg_pre,OOWWWOWO,OOWOWOWO,4,5,-0.8072133734683444,-0.7036084117292948,0.10360496173904965,True
2,log2fc_neg_pre,OWWOWOWO,OOWOWOWO,4,5,0.0148543824733788,-0.7036084117292948,-0.7184627942026736,False
2,log2fc_neg_pre,WOWOWOWO,OOWOWOWO,4,5,0.0586131970436313,-0.7036084117292948,-0.7622216087729261,False
2,log2fc_neg_pre,OOWOWWWW,OOWOWOWW,3,4,-0.0266683513637553,0.045589591522573,0.0722579428863283,True
2,log2fc_neg_pre,OOWWWOWW,OOWOWOWW,3,4,-0.6920366902419856,0.045589591522573,0.7376262817645586,True
2,log2fc_neg_pre,OWWOWOWW,OOWOWOWW,3,4,-0.2112944683743405,0.045589591522573,0.2568840598969135,True
2,log2fc_neg_pre,WOWOWOWW,OOWOWOWW,3,4,-0.6902790238823554,0.045589591522573,0.7358686154049284,True
2,log2fc_neg_pre,OOWOWWOW,OOWOWWOO,4,5,0.3008901520246875,0.4376529516785701,0.1367627996538826,True
2,log2fc_neg_pre,OOWOWWWO,OOWOWWOO,4,5,-0.0308016323156077,0.4376529516785701,0.4684545839941778,True
2,log2fc_neg_pre,OOWWWWOO,OOWOWWOO,4,5,0.9574484096991612,0.4376529516785701,-0.5197954580205911,False
2,log2fc_neg_pre,OWWOWWOO,OOWOWWOO,4,5,0.1454245542513197,0.4376529516785701,0.2922283974272504,True
2,log2fc_neg_pre,WOWOWWOO,OOWOWWOO,4,5,-0.5164251881141465,0.4376529516785701,0.9540781397927166,True
2,log2fc_neg_pre,OOWOWWWW,OOWOWWOW,3,4,-0.0266683513637553,0.3008901520246875,0.3275585033884428,True
2,log2fc_neg_pre,OOWWWWOW,OOWOWWOW,3,4,-0.1115932072026168,0.3008901520246875,0.4124833592273043,True
2,log2fc_neg_pre,OWWOWWOW,OOWOWWOW,3,4,-0.3053810398134368,0.3008901520246875,0.6062711918381243,True
2,log2fc_neg_pre,WOWOWWOW,OOWOWWOW,3,4,0.3908939426746146,0.3008901520246875,-0.09000379064992708,False
2,log2fc_neg_pre,OOWOWWWW,OOWOWWWO,3,4,-0.0266683513637553,-0.0308016323156077,-0.004133280951852399,False
2,log2fc_neg_pre,OOWWWWWO,OOWOWWWO,3,4,-0.8859335528873737,-0.0308016323156077,0.855131920571766,True
2,log2fc_neg_pre,OWWOWWWO,OOWOWWWO,3,4,0.3746516777441014,-0.0308016323156077,-0.4054533100597091,False
2,log2fc_neg_pre,WOWOWWWO,OOWOWWWO,3,4,-0.4919487125755596,-0.0308016323156077,0.46114708025995194,True
2,log2fc_neg_pre,OOWWWWWW,OOWOWWWW,2,3,-0.7351679288715557,-0.0266683513637553,0.7084995775078003,True
2,log2fc_neg_pre,OWWOWWWW,OOWOWWWW,2,3,-0.0540480642498381,-0.0266683513637553,0.0273797128860828,True
2,log2fc_neg_pre,WOWOWWWW,OOWOWWWW,2,3,-0.0745827178145292,-0.0266683513637553,0.047914366450773904,True
2,log2fc_neg_pre,OOWWOOOW,OOWWOOOO,5,6,0.3916214139269723,0.4840909426183138,0.09246952869134151,True
2,log2fc_neg_pre,OOWWOOWO,OOWWOOOO,5,6,-0.3440375507439234,0.4840909426183138,0.8281284933622373,True
2,log2fc_neg_pre,OOWWOWOO,OOWWOOOO,5,6,0.1791505123882152,0.4840909426183138,0.30494043023009865,True
2,log2fc_neg_pre,OOWWWOOO,OOWWOOOO,5,6,0.1304489079595778,0.4840909426183138,0.353642034658736,True
2,log2fc_neg_pre,OWWWOOOO,OOWWOOOO,5,6,-1.5377253526064305,0.4840909426183138,2.0218162952247445,True
2,log2fc_neg_pre,WOWWOOOO,OOWWOOOO,5,6,-0.823478884416684,0.4840909426183138,1.3075698270349978,True
2,log2fc_neg_pre,OOWWOOWW,OOWWOOOW,4,5,-0.3350469506833415,0.3916214139269723,0.7266683646103138,True
2,log2fc_neg_pre,OOWWOWOW,OOWWOOOW,4,5,-0.4157306652934265,0.3916214139269723,0.8073520792203988,True
2,log2fc_neg_pre,OOWWWOOW,OOWWOOOW,4,5,-1.161954640030882,0.3916214139269723,1.5535760539578543,True
2,log2fc_neg_pre,OWWWOOOW,OOWWOOOW,4,5,0.1322779208204062,0.3916214139269723,0.2593434931065661,True
2,log2fc_neg_pre,WOWWOOOW,OOWWOOOW,4,5,-1.2346638627344282,0.3916214139269723,1.6262852766614004,True
2,log2fc_neg_pre,OOWWOOWW,OOWWOOWO,4,5,-0.3350469506833415,-0.3440375507439234,-0.008990600060581888,False
2,log2fc_neg_pre,OOWWOWWO,OOWWOOWO,4,5,0.134755259739636,-0.3440375507439234,-0.4787928104835594,False
2,log2fc_neg_pre,OOWWWOWO,OOWWOOWO,4,5,-0.8072133734683444,-0.3440375507439234,0.46317582272442104,True
2,log2fc_neg_pre,OWWWOOWO,OOWWOOWO,4,5,-0.0358530213710241,-0.3440375507439234,-0.3081845293728993,False
2,log2fc_neg_pre,WOWWOOWO,OOWWOOWO,4,5,-0.2882189123104101,-0.3440375507439234,-0.05581863843351331,False
2,log2fc_neg_pre,OOWWOWWW,OOWWOOWW,3,4,0.2366716237776129,-0.3350469506833415,-0.5717185744609544,False
2,log2fc_neg_pre,OOWWWOWW,OOWWOOWW,3,4,-0.6920366902419856,-0.3350469506833415,0.35698973955864405,True
2,log2fc_neg_pre,OWWWOOWW,OOWWOOWW,3,4,0.0813578239853249,-0.3350469506833415,-0.41640477466866643,False
2,log2fc_neg_pre,WOWWOOWW,OOWWOOWW,3,4,0.6576097580694625,-0.3350469506833415,-0.992656708752804,False
2,log2fc_neg_pre,OOWWOWOW,OOWWOWOO,4,5,-0.4157306652934265,0.1791505123882152,0.5948811776816417,True
2,log2fc_neg_pre,OOWWOWWO,OOWWOWOO,4,5,0.134755259739636,0.1791505123882152,0.044395252648579187,True
2,log2fc_neg_pre,OOWWWWOO,OOWWOWOO,4,5,0.9574484096991612,0.1791505123882152,-0.778297897310946,False
2,log2fc_neg_pre,OWWWOWOO,OOWWOWOO,4,5,0.0523253343841757,0.1791505123882152,0.1268251780040395,True
2,log2fc_neg_pre,WOWWOWOO,OOWWOWOO,4,5,-0.0939956308256896,0.1791505123882152,0.2731461432139048,True
2,log2fc_neg_pre,OOWWOWWW,OOWWOWOW,3,4,0.2366716237776129,-0.4157306652934265,-0.6524022890710394,False
2,log2fc_neg_pre,OOWWWWOW,OOWWOWOW,3,4,-0.1115932072026168,-0.4157306652934265,-0.3041374580908097,False
2,log2fc_neg_pre,OWWWOWOW,OOWWOWOW,3,4,-0.6869112774495867,-0.4157306652934265,0.2711806121561602,True
2,log2fc_neg_pre,WOWWOWOW,OOWWOWOW,3,4,-0.3058196018263909,-0.4157306652934265,-0.10991106346703561,False
2,log2fc_neg_pre,OOWWOWWW,OOWWOWWO,3,4,0.2366716237776129,0.134755259739636,-0.10191636403797688,False
2,log2fc_neg_pre,OOWWWWWO,OOWWOWWO,3,4,-0.8859335528873737,0.134755259739636,1.0206888126270097,True
2,log2fc_neg_pre,OWWWOWWO,OOWWOWWO,3,4,0.324076442051227,0.134755259739636,-0.18932118231159098,False
2,log2fc_neg_pre,WOWWOWWO,OOWWOWWO,3,4,1.007719088660875,0.134755259739636,-0.8729638289212389,False
2,log2fc_neg_pre,OOWWWWWW,OOWWOWWW,2,3,-0.7351679288715557,0.2366716237776129,0.9718395526491685,True
2,log2fc_neg_pre,OWWWOWWW,OOWWOWWW,2,3,-0.47051275305406,0.2366716237776129,0.7071843768316729,True
2,log2fc_neg_pre,WOWWOWWW,OOWWOWWW,2,3,-0.3620699032814429,0.2366716237776129,0.5987415270590558,True
2,log2fc_neg_pre,OOWWWOOW,OOWWWOOO,4,5,-1.161954640030882,0.1304489079595778,1.2924035479904599,True
2,log2fc_neg_pre,OOWWWOWO,OOWWWOOO,4,5,-0.8072133734683444,0.1304489079595778,0.9376622814279223,True
2,log2fc_neg_pre,OOWWWWOO,OOWWWOOO,4,5,0.9574484096991612,0.1304489079595778,-0.8269995017395835,False
2,log2fc_neg_pre,OWWWWOOO,OOWWWOOO,4,5,0.794762678273487,0.1304489079595778,-0.6643137703139093,False
2,log2fc_neg_pre,WOWWWOOO,OOWWWOOO,4,5,-0.2595242673020472,0.1304489079595778,0.389973175261625,True
2,log2fc_neg_pre,OOWWWOWW,OOWWWOOW,3,4,-0.6920366902419856,-1.161954640030882,-0.46991794978889645,False
2,log2fc_neg_pre,OOWWWWOW,OOWWWOOW,3,4,-0.1115932072026168,-1.161954640030882,-1.050361432828265,False
2,log2fc_neg_pre,OWWWWOOW,OOWWWOOW,3,4,-0.6041614768582448,-1.161954640030882,-0.5577931631726372,False
2,log2fc_neg_pre,WOWWWOOW,OOWWWOOW,3,4,0.9799437170231876,-1.161954640030882,-2.1418983570540697,False
2,log2fc_neg_pre,OOWWWOWW,OOWWWOWO,3,4,-0.6920366902419856,-0.8072133734683444,-0.11517668322635888,False
2,log2fc_neg_pre,OOWWWWWO,OOWWWOWO,3,4,-0.8859335528873737,-0.8072133734683444,0.07872017941902931,True
2,log2fc_neg_pre,OWWWWOWO,OOWWWOWO,3,4,1.101430997697418,-0.8072133734683444,-1.9086443711657624,False
2,log2fc_neg_pre,WOWWWOWO,OOWWWOWO,3,4,-0.4043181287311476,-0.8072133734683444,-0.40289524473719684,False
2,log2fc_neg_pre,OOWWWWWW,OOWWWOWW,2,3,-0.7351679288715557,-0.6920366902419856,0.043131238629570134,True
2,log2fc_neg_pre,OWWWWOWW,OOWWWOWW,2,3,0.216879028170794,-0.6920366902419856,-0.9089157184127795,False
2,log2fc_neg_pre,WOWWWOWW,OOWWWOWW,2,3,0.2323347360896957,-0.6920366902419856,-0.9243714263316812,False
2,log2fc_neg_pre,OOWWWWOW,OOWWWWOO,3,4,-0.1115932072026168,0.9574484096991612,1.069041616901778,True
2,log2fc_neg_pre,OOWWWWWO,OOWWWWOO,3,4,-0.8859335528873737,0.9574484096991612,1.8433819625865349,True
2,log2fc_neg_pre,OWWWWWOO,OOWWWWOO,3,4,0.0743229829384173,0.9574484096991612,0.8831254267607439,True
2,log2fc_neg_pre,WOWWWWOO,OOWWWWOO,3,4,-0.2261088219721946,0.9574484096991612,1.1835572316713558,True
2,log2fc_neg_pre,OOWWWWWW,OOWWWWOW,2,3,-0.7351679288715557,-0.1115932072026168,0.6235747216689389,True
2,log2fc_neg_pre,OWWWWWOW,OOWWWWOW,2,3,-0.2271384497409415,-0.1115932072026168,0.1155452425383247,True
2,log2fc_neg_pre,WOWWWWOW,OOWWWWOW,2,3,-0.1168119989716421,-0.1115932072026168,0.005218791769025302,True
2,log2fc_neg_pre,OOWWWWWW,OOWWWWWO,2,3,-0.7351679288715557,-0.8859335528873737,-0.15076562401581806,False
2,log2fc_neg_pre,OWWWWWWO,OOWWWWWO,2,3,-0.0456674897638545,-0.8859335528873737,-0.8402660631235193,False
2,log2fc_neg_pre,WOWWWWWO,OOWWWWWO,2,3,0.2387703172746108,-0.8859335528873737,-1.1247038701619845,False
2,log2fc_neg_pre,OWWWWWWW,OOWWWWWW,1,2,-0.2475280980713217,-0.7351679288715557,-0.487639830800234,False
2,log2fc_neg_pre,WOWWWWWW,OOWWWWWW,1,2,0.7749909539035296,-0.7351679288715557,-1.5101588827750851,False
2,log2fc_neg_pre,OWOOOOOW,OWOOOOOO,6,7,-0.1244779139173652,-0.7884883865644793,-0.6640104726471141,False
2,log2fc_neg_pre,OWOOOOWO,OWOOOOOO,6,7,0.2051667891913607,-0.7884883865644793,-0.99365517575584,False
2,log2fc_neg_pre,OWOOOWOO,OWOOOOOO,6,7,-0.5438098629784786,-0.7884883865644793,-0.24467852358600073,False
2,log2fc_neg_pre,OWOOWOOO,OWOOOOOO,6,7,-0.507923808029306,-0.7884883865644793,-0.28056457853517325,False
2,log2fc_neg_pre,OWOWOOOO,OWOOOOOO,6,7,0.5611131805978363,-0.7884883865644793,-1.3496015671623156,False
2,log2fc_neg_pre,OWWOOOOO,OWOOOOOO,6,7,0.2609919927499584,-0.7884883865644793,-1.0494803793144376,False
2,log2fc_neg_pre,WWOOOOOO,OWOOOOOO,6,7,-0.4800036963820111,-0.7884883865644793,-0.30848469018246816,False
2,log2fc_neg_pre,OWOOOOWW,OWOOOOOW,5,6,-1.3505889462698135,-0.1244779139173652,1.2261110323524482,True
2,log2fc_neg_pre,OWOOOWOW,OWOOOOOW,5,6,-0.9497072935704772,-0.1244779139173652,0.825229379653112,True
2,log2fc_neg_pre,OWOOWOOW,OWOOOOOW,5,6,-0.0153065407699968,-0.1244779139173652,-0.1091713731473684,False
2,log2fc_neg_pre,OWOWOOOW,OWOOOOOW,5,6,0.0792852836174996,-0.1244779139173652,-0.2037631975348648,False
2,log2fc_neg_pre,OWWOOOOW,OWOOOOOW,5,6,0.3037934562445382,-0.1244779139173652,-0.42827137016190336,False
2,log2fc_neg_pre,WWOOOOOW,OWOOOOOW,5,6,-0.7189123018493416,-0.1244779139173652,0.5944343879319764,True
2,log2fc_neg_pre,OWOOOOWW,OWOOOOWO,5,6,-1.3505889462698135,0.2051667891913607,1.5557557354611742,True
2,log2fc_neg_pre,OWOOOWWO,OWOOOOWO,5,6,-0.1406738155279235,0.2051667891913607,0.3458406047192842,True
2,log2fc_neg_pre,OWOOWOWO,OWOOOOWO,5,6,0.0356044710135726,0.2051667891913607,0.1695623181777881,True
2,log2fc_neg_pre,OWOWOOWO,OWOOOOWO,5,6,-0.1861528468233583,0.2051667891913607,0.391319636014719,True
2,log2fc_neg_pre,OWWOOOWO,OWOOOOWO,5,6,-0.4885682255453054,0.2051667891913607,0.6937350147366661,True
2,log2fc_neg_pre,WWOOOOWO,OWOOOOWO,5,6,-0.2746332152668728,0.2051667891913607,0.47980000445823345,True
2,log2fc_neg_pre,OWOOOWWW,OWOOOOWW,4,5,-1.046009670688801,-1.3505889462698135,-0.3045792755810126,False
2,log2fc_neg_pre,OWOOWOWW,OWOOOOWW,4,5,0.1760571076927983,-1.3505889462698135,-1.5266460539626119,False
2,log2fc_neg_pre,OWOWOOWW,OWOOOOWW,4,5,0.503216294495319,-1.3505889462698135,-1.8538052407651326,False
2,log2fc_neg_pre,OWWOOOWW,OWOOOOWW,4,5,0.4631519598553279,-1.3505889462698135,-1.8137409061251415,False
2,log2fc_neg_pre,WWOOOOWW,OWOOOOWW,4,5,-0.1968381389208416,-1.3505889462698135,-1.153750807348972,False
2,log2fc_neg_pre,OWOOOWOW,OWOOOWOO,5,6,-0.9497072935704772,-0.5438098629784786,0.4058974305919987,True
2,log2fc_neg_pre,OWOOOWWO,OWOOOWOO,5,6,-0.1406738155279235,-0.5438098629784786,-0.4031360474505551,False
2,log2fc_neg_pre,OWOOWWOO,OWOOOWOO,5,6,0.2354649889024878,-0.5438098629784786,-0.7792748518809663,False
2,log2fc_neg_pre,OWOWOWOO,OWOOOWOO,5,6,-0.5984890314339206,-0.5438098629784786,0.05467916845544207,True
2,log2fc_neg_pre,OWWOOWOO,OWOOOWOO,5,6,-0.7818805542104957,-0.5438098629784786,0.23807069123201718,True
2,log2fc_neg_pre,WWOOOWOO,OWOOOWOO,5,6,0.4509614946202786,-0.5438098629784786,-0.9947713575987571,False
2,log2fc_neg_pre,OWOOOWWW,OWOOOWOW,4,5,-1.046009670688801,-0.9497072935704772,0.09630237711832368,True
2,log2fc_neg_pre,OWOOWWOW,OWOOOWOW,4,5,0.55554401579526,-0.9497072935704772,-1.5052513093657374,False
2,log2fc_neg_pre,OWOWOWOW,OWOOOWOW,4,5,0.1942097916860984,-0.9497072935704772,-1.1439170852565756,False
2,log2fc_neg_pre,OWWOOWOW,OWOOOWOW,4,5,0.6239934065726428,-0.9497072935704772,-1.57370070014312,False
2,log2fc_neg_pre,WWOOOWOW,OWOOOWOW,4,5,0.2293082971315605,-0.9497072935704772,-1.1790155907020377,False
2,log2fc_neg_pre,OWOOOWWW,OWOOOWWO,4,5,-1.046009670688801,-0.1406738155279235,0.9053358551608774,True
2,log2fc_neg_pre,OWOOWWWO,OWOOOWWO,4,5,0.1783469587074953,-0.1406738155279235,-0.3190207742354188,False
2,log2fc_neg_pre,OWOWOWWO,OWOOOWWO,4,5,0.1192568144490096,-0.1406738155279235,-0.25993062997693306,False
2,log2fc_neg_pre,OWWOOWWO,OWOOOWWO,4,5,0.156317580636858,-0.1406738155279235,-0.2969913961647815,False
2,log2fc_neg_pre,WWOOOWWO,OWOOOWWO,4,5,-0.2478757839136711,-0.1406738155279235,0.10720196838574761,True
2,log2fc_neg_pre,OWOOWWWW,OWOOOWWW,3,4,-0.2000387241550474,-1.046009670688801,-0.8459709465337535,False
2,log2fc_neg_pre,OWOWOWWW,OWOOOWWW,3,4,0.0026643314364274,-1.046009670688801,-1.0486740021252283,False
2,log2fc_neg_pre,OWWOOWWW,OWOOOWWW,3,4,-0.4491167736770942,-1.046009670688801,-0.5968928970117067,False
2,log2fc_neg_pre,WWOOOWWW,OWOOOWWW,3,4,-0.7519556494993556,-1.046009670688801,-0.29405402118944535,False
2,log2fc_neg_pre,OWOOWOOW,OWOOWOOO,5,6,-0.0153065407699968,-0.507923808029306,-0.4926172672593092,False
2,log2fc_neg_pre,OWOOWOWO,OWOOWOOO,5,6,0.0356044710135726,-0.507923808029306,-0.5435282790428786,False
2,log2fc_neg_pre,OWOOWWOO,OWOOWOOO,5,6,0.2354649889024878,-0.507923808029306,-0.7433887969317938,False
2,log2fc_neg_pre,OWOWWOOO,OWOOWOOO,5,6,0.5221723394805257,-0.507923808029306,-1.0300961475098318,False
2,log2fc_neg_pre,OWWOWOOO,OWOOWOOO,5,6,-1.0088438284830656,-0.507923808029306,0.5009200204537596,True
2,log2fc_neg_pre,WWOOWOOO,OWOOWOOO,5,6,-0.6277876542983086,-0.507923808029306,0.1198638462690026,True
2,log2fc_neg_pre,OWOOWOWW,OWOOWOOW,4,5,0.1760571076927983,-0.0153065407699968,-0.1913636484627951,False
2,log2fc_neg_pre,OWOOWWOW,OWOOWOOW,4,5,0.55554401579526,-0.0153065407699968,-0.5708505565652569,False
2,log2fc_neg_pre,OWOWWOOW,OWOOWOOW,4,5,0.2542181086312814,-0.0153065407699968,-0.26952464940127824,False
2,log2fc_neg_pre,OWWOWOOW,OWOOWOOW,4,5,-0.1680866693337216,-0.0153065407699968,0.1527801285637248,True
2,log2fc_neg_pre,WWOOWOOW,OWOOWOOW,4,5,-0.6634313808949405,-0.0153065407699968,0.6481248401249436,True
2,log2fc_neg_pre,OWOOWOWW,OWOOWOWO,4,5,0.1760571076927983,0.0356044710135726,-0.1404526366792257,False
2,log2fc_neg_pre,OWOOWWWO,OWOOWOWO,4,5,0.1783469587074953,0.0356044710135726,-0.14274248769392273,False
2,log2fc_neg_pre,OWOWWOWO,OWOOWOWO,4,5,0.6044168529810172,0.0356044710135726,-0.5688123819674447,False
2,log2fc_neg_pre,OWWOWOWO,OWOOWOWO,4,5,0.0148543824733788,0.0356044710135726,0.0207500885401938,True
2,log2fc_neg_pre,WWOOWOWO,OWOOWOWO,4,5,0.4746332913730238,0.0356044710135726,-0.4390288203594512,False
2,log2fc_neg_pre,OWOOWWWW,OWOOWOWW,3,4,-0.2000387241550474,0.1760571076927983,0.3760958318478457,True
2,log2fc_neg_pre,OWOWWOWW,OWOOWOWW,3,4,-0.1572247564027699,0.1760571076927983,0.3332818640955682,True
2,log2fc_neg_pre,OWWOWOWW,OWOOWOWW,3,4,-0.2112944683743405,0.1760571076927983,0.38735157606713877,True
2,log2fc_neg_pre,WWOOWOWW,OWOOWOWW,3,4,-0.0180112050040637,0.1760571076927983,0.194068312696862,True
2,log2fc_neg_pre,OWOOWWOW,OWOOWWOO,4,5,0.55554401579526,0.2354649889024878,-0.32007902689277223,False
2,log2fc_neg_pre,OWOOWWWO,OWOOWWOO,4,5,0.1783469587074953,0.2354649889024878,0.05711803019499248,True
2,log2fc_neg_pre,OWOWWWOO,OWOOWWOO,4,5,0.0571454479473077,0.2354649889024878,0.1783195409551801,True
2,log2fc_neg_pre,OWWOWWOO,OWOOWWOO,4,5,0.1454245542513197,0.2354649889024878,0.0900404346511681,True
2,log2fc_neg_pre,WWOOWWOO,OWOOWWOO,4,5,-1.0251135512274896,0.2354649889024878,1.2605785401299774,True
2,log2fc_neg_pre,OWOOWWWW,OWOOWWOW,3,4,-0.2000387241550474,0.55554401579526,0.7555827399503074,True
2,log2fc_neg_pre,OWOWWWOW,OWOOWWOW,3,4,-0.636276294712346,0.55554401579526,1.1918203105076062,True
2,log2fc_neg_pre,OWWOWWOW,OWOOWWOW,3,4,-0.3053810398134368,0.55554401579526,0.8609250556086968,True
2,log2fc_neg_pre,WWOOWWOW,OWOOWWOW,3,4,0.098190560551665,0.55554401579526,0.45735345524359505,True
2,log2fc_neg_pre,OWOOWWWW,OWOOWWWO,3,4,-0.2000387241550474,0.1783469587074953,0.3783856828625427,True
2,log2fc_neg_pre,OWOWWWWO,OWOOWWWO,3,4,-0.2974707367550483,0.1783469587074953,0.4758176954625436,True
2,log2fc_neg_pre,OWWOWWWO,OWOOWWWO,3,4,0.3746516777441014,0.1783469587074953,-0.1963047190366061,False
2,log2fc_neg_pre,WWOOWWWO,OWOOWWWO,3,4,0.5295761980551117,0.1783469587074953,-0.3512292393476164,False
2,log2fc_neg_pre,OWOWWWWW,OWOOWWWW,2,3,0.3850921625342923,-0.2000387241550474,-0.5851308866893397,False
2,log2fc_neg_pre,OWWOWWWW,OWOOWWWW,2,3,-0.0540480642498381,-0.2000387241550474,-0.1459906599052093,False
2,log2fc_neg_pre,WWOOWWWW,OWOOWWWW,2,3,-1.707368534801568,-0.2000387241550474,1.5073298106465205,True
2,log2fc_neg_pre,OWOWOOOW,OWOWOOOO,5,6,0.0792852836174996,0.5611131805978363,0.48182789698033673,True
2,log2fc_neg_pre,OWOWOOWO,OWOWOOOO,5,6,-0.1861528468233583,0.5611131805978363,0.7472660274211946,True
2,log2fc_neg_pre,OWOWOWOO,OWOWOOOO,5,6,-0.5984890314339206,0.5611131805978363,1.159602212031757,True
2,log2fc_neg_pre,OWOWWOOO,OWOWOOOO,5,6,0.5221723394805257,0.5611131805978363,0.038940841117310665,True
2,log2fc_neg_pre,OWWWOOOO,OWOWOOOO,5,6,-1.5377253526064305,0.5611131805978363,2.0988385332042667,True
2,log2fc_neg_pre,WWOWOOOO,OWOWOOOO,5,6,-0.3718499214949881,0.5611131805978363,0.9329631020928244,True
2,log2fc_neg_pre,OWOWOOWW,OWOWOOOW,4,5,0.503216294495319,0.0792852836174996,-0.4239310108778194,False
2,log2fc_neg_pre,OWOWOWOW,OWOWOOOW,4,5,0.1942097916860984,0.0792852836174996,-0.11492450806859879,False
2,log2fc_neg_pre,OWOWWOOW,OWOWOOOW,4,5,0.2542181086312814,0.0792852836174996,-0.17493282501378182,False
2,log2fc_neg_pre,OWWWOOOW,OWOWOOOW,4,5,0.1322779208204062,0.0792852836174996,-0.0529926372029066,False
2,log2fc_neg_pre,WWOWOOOW,OWOWOOOW,4,5,0.1243369210345224,0.0792852836174996,-0.0450516374170228,False
2,log2fc_neg_pre,OWOWOOWW,OWOWOOWO,4,5,0.503216294495319,-0.1861528468233583,-0.6893691413186773,False
2,log2fc_neg_pre,OWOWOWWO,OWOWOOWO,4,5,0.1192568144490096,-0.1861528468233583,-0.3054096612723679,False
2,log2fc_neg_pre,OWOWWOWO,OWOWOOWO,4,5,0.6044168529810172,-0.1861528468233583,-0.7905696998043755,False
2,log2fc_neg_pre,OWWWOOWO,OWOWOOWO,4,5,-0.0358530213710241,-0.1861528468233583,-0.15029982545233422,False
2,log2fc_neg_pre,WWOWOOWO,OWOWOOWO,4,5,0.6210214194936167,-0.1861528468233583,-0.807174266316975,False
2,log2fc_neg_pre,OWOWOWWW,OWOWOOWW,3,4,0.0026643314364274,0.503216294495319,0.5005519630588916,True
2,log2fc_neg_pre,OWOWWOWW,OWOWOOWW,3,4,-0.1572247564027699,0.503216294495319,0.6604410508980889,True
2,log2fc_neg_pre,OWWWOOWW,OWOWOOWW,3,4,0.0813578239853249,0.503216294495319,0.42185847050999414,True
2,log2fc_neg_pre,WWOWOOWW,OWOWOOWW,3,4,-0.3147901501014639,0.503216294495319,0.818006444596783,True
2,log2fc_neg_pre,OWOWOWOW,OWOWOWOO,4,5,0.1942097916860984,-0.5984890314339206,-0.792698823120019,False
2,log2fc_neg_pre,OWOWOWWO,OWOWOWOO,4,5,0.1192568144490096,-0.5984890314339206,-0.7177458458829302,False
2,log2fc_neg_pre,OWOWWWOO,OWOWOWOO,4,5,0.0571454479473077,-0.5984890314339206,-0.6556344793812283,False
2,log2fc_neg_pre,OWWWOWOO,OWOWOWOO,4,5,0.0523253343841757,-0.5984890314339206,-0.6508143658180964,False
2,log2fc_neg_pre,WWOWOWOO,OWOWOWOO,4,5,-0.7111728250174442,-0.5984890314339206,0.11268379358352354,True
2,log2fc_neg_pre,OWOWOWWW,OWOWOWOW,3,4,0.0026643314364274,0.1942097916860984,0.191545460249671,True
2,log2fc_neg_pre,OWOWWWOW,OWOWOWOW,3,4,-0.636276294712346,0.1942097916860984,0.8304860863984445,True
2,log2fc_neg_pre,OWWWOWOW,OWOWOWOW,3,4,-0.6869112774495867,0.1942097916860984,0.8811210691356851,True
2,log2fc_neg_pre,WWOWOWOW,OWOWOWOW,3,4,-0.1458948319361411,0.1942097916860984,0.3401046236222395,True
2,log2fc_neg_pre,OWOWOWWW,OWOWOWWO,3,4,0.0026643314364274,0.1192568144490096,0.1165924830125822,True
2,log2fc_neg_pre,OWOWWWWO,OWOWOWWO,3,4,-0.2974707367550483,0.1192568144490096,0.4167275512040579,True
2,log2fc_neg_pre,OWWWOWWO,OWOWOWWO,3,4,0.324076442051227,0.1192568144490096,-0.2048196276022174,False
2,log2fc_neg_pre,WWOWOWWO,OWOWOWWO,3,4,0.820509578176358,0.1192568144490096,-0.7012527637273483,False
2,log2fc_neg_pre,OWOWWWWW,OWOWOWWW,2,3,0.3850921625342923,0.0026643314364274,-0.3824278310978649,False
2,log2fc_neg_pre,OWWWOWWW,OWOWOWWW,2,3,-0.47051275305406,0.0026643314364274,0.4731770844904874,True
2,log2fc_neg_pre,WWOWOWWW,OWOWOWWW,2,3,0.3522818472150217,0.0026643314364274,-0.3496175157785943,False
2,log2fc_neg_pre,OWOWWOOW,OWOWWOOO,4,5,0.2542181086312814,0.5221723394805257,0.26795423084924425,True
2,log2fc_neg_pre,OWOWWOWO,OWOWWOOO,4,5,0.6044168529810172,0.5221723394805257,-0.08224451350049156,False
2,log2fc_neg_pre,OWOWWWOO,OWOWWOOO,4,5,0.0571454479473077,0.5221723394805257,0.46502689153321797,True
2,log2fc_neg_pre,OWWWWOOO,OWOWWOOO,4,5,0.794762678273487,0.5221723394805257,-0.27259033879296135,False
2,log2fc_neg_pre,WWOWWOOO,OWOWWOOO,4,5,-1.140117990097133,0.5221723394805257,1.6622903295776585,True
2,log2fc_neg_pre,OWOWWOWW,OWOWWOOW,3,4,-0.1572247564027699,0.2542181086312814,0.4114428650340513,True
2,log2fc_neg_pre,OWOWWWOW,OWOWWOOW,3,4,-0.636276294712346,0.2542181086312814,0.8904944033436275,True
2,log2fc_neg_pre,OWWWWOOW,OWOWWOOW,3,4,-0.6041614768582448,0.2542181086312814,0.8583795854895262,True
2,log2fc_neg_pre,WWOWWOOW,OWOWWOOW,3,4,-0.2641018508950584,0.2542181086312814,0.5183199595263398,True
2,log2fc_neg_pre,OWOWWOWW,OWOWWOWO,3,4,-0.1572247564027699,0.6044168529810172,0.7616416093837871,True
2,log2fc_neg_pre,OWOWWWWO,OWOWWOWO,3,4,-0.2974707367550483,0.6044168529810172,0.9018875897360655,True
2,log2fc_neg_pre,OWWWWOWO,OWOWWOWO,3,4,1.101430997697418,0.6044168529810172,-0.4970141447164007,False
2,log2fc_neg_pre,WWOWWOWO,OWOWWOWO,3,4,-0.0946342529714107,0.6044168529810172,0.6990511059524279,True
2,log2fc_neg_pre,OWOWWWWW,OWOWWOWW,2,3,0.3850921625342923,-0.1572247564027699,-0.5423169189370622,False
2,log2fc_neg_pre,OWWWWOWW,OWOWWOWW,2,3,0.216879028170794,-0.1572247564027699,-0.37410378457356386,False
2,log2fc_neg_pre,WWOWWOWW,OWOWWOWW,2,3,-0.1252704957421487,-0.1572247564027699,-0.03195426066062118,False
2,log2fc_neg_pre,OWOWWWOW,OWOWWWOO,3,4,-0.636276294712346,0.0571454479473077,0.6934217426596537,True
2,log2fc_neg_pre,OWOWWWWO,OWOWWWOO,3,4,-0.2974707367550483,0.0571454479473077,0.354616184702356,True
2,log2fc_neg_pre,OWWWWWOO,OWOWWWOO,3,4,0.0743229829384173,0.0571454479473077,-0.0171775349911096,False
2,log2fc_neg_pre,WWOWWWOO,OWOWWWOO,3,4,-0.1450845847582348,0.0571454479473077,0.2022300327055425,True
2,log2fc_neg_pre,OWOWWWWW,OWOWWWOW,2,3,0.3850921625342923,-0.636276294712346,-1.0213684572466384,False
2,log2fc_neg_pre,OWWWWWOW,OWOWWWOW,2,3,-0.2271384497409415,-0.636276294712346,-0.40913784497140454,False
2,log2fc_neg_pre,WWOWWWOW,OWOWWWOW,2,3,0.622041459611774,-0.636276294712346,-1.25831775432412,False
2,log2fc_neg_pre,OWOWWWWW,OWOWWWWO,2,3,0.3850921625342923,-0.2974707367550483,-0.6825628992893407,False
2,log2fc_neg_pre,OWWWWWWO,OWOWWWWO,2,3,-0.0456674897638545,-0.2974707367550483,-0.25180324699119383,False
2,log2fc_neg_pre,WWOWWWWO,OWOWWWWO,2,3,-0.1591546502782614,-0.2974707367550483,-0.13831608647678692,False
2,log2fc_neg_pre,OWWWWWWW,OWOWWWWW,1,2,-0.2475280980713217,0.3850921625342923,0.6326202606056139,True
2,log2fc_neg_pre,WWOWWWWW,OWOWWWWW,1,2,0.3590098366683478,0.3850921625342923,0.0260823258659445,True
2,log2fc_neg_pre,OWWOOOOW,OWWOOOOO,5,6,0.3037934562445382,0.2609919927499584,-0.042801463494579806,False
2,log2fc_neg_pre,OWWOOOWO,OWWOOOOO,5,6,-0.4885682255453054,0.2609919927499584,0.7495602182952638,True
2,log2fc_neg_pre,OWWOOWOO,OWWOOOOO,5,6,-0.7818805542104957,0.2609919927499584,1.042872546960454,True
2,log2fc_neg_pre,OWWOWOOO,OWWOOOOO,5,6,-1.0088438284830656,0.2609919927499584,1.269835821233024,True
2,log2fc_neg_pre,OWWWOOOO,OWWOOOOO,5,6,-1.5377253526064305,0.2609919927499584,1.798717345356389,True
2,log2fc_neg_pre,WWWOOOOO,OWWOOOOO,5,6,0.2905720615097767,0.2609919927499584,-0.029580068759818334,False
2,log2fc_neg_pre,OWWOOOWW,OWWOOOOW,4,5,0.4631519598553279,0.3037934562445382,-0.15935850361078974,False
2,log2fc_neg_pre,OWWOOWOW,OWWOOOOW,4,5,0.6239934065726428,0.3037934562445382,-0.3201999503281046,False
2,log2fc_neg_pre,OWWOWOOW,OWWOOOOW,4,5,-0.1680866693337216,0.3037934562445382,0.47188012557825976,True
2,log2fc_neg_pre,OWWWOOOW,OWWOOOOW,4,5,0.1322779208204062,0.3037934562445382,0.17151553542413198,True
2,log2fc_neg_pre,WWWOOOOW,OWWOOOOW,4,5,-0.2960262136362745,0.3037934562445382,0.5998196698808127,True
2,log2fc_neg_pre,OWWOOOWW,OWWOOOWO,4,5,0.4631519598553279,-0.4885682255453054,-0.9517201854006333,False
2,log2fc_neg_pre,OWWOOWWO,OWWOOOWO,4,5,0.156317580636858,-0.4885682255453054,-0.6448858061821634,False
2,log2fc_neg_pre,OWWOWOWO,OWWOOOWO,4,5,0.0148543824733788,-0.4885682255453054,-0.5034226080186842,False
2,log2fc_neg_pre,OWWWOOWO,OWWOOOWO,4,5,-0.0358530213710241,-0.4885682255453054,-0.4527152041742813,False
2,log2fc_neg_pre,WWWOOOWO,OWWOOOWO,4,5,-0.6358344935967915,-0.4885682255453054,0.14726626805148607,True
2,log2fc_neg_pre,OWWOOWWW,OWWOOOWW,3,4,-0.4491167736770942,0.4631519598553279,0.9122687335324221,True
2,log2fc_neg_pre,OWWOWOWW,OWWOOOWW,3,4,-0.2112944683743405,0.4631519598553279,0.6744464282296684,True
2,log2fc_neg_pre,OWWWOOWW,OWWOOOWW,3,4,0.0813578239853249,0.4631519598553279,0.381794135870003,True
2,log2fc_neg_pre,WWWOOOWW,OWWOOOWW,3,4,-0.1722956167331419,0.4631519598553279,0.6354475765884698,True
2,log2fc_neg_pre,OWWOOWOW,OWWOOWOO,4,5,0.6239934065726428,-0.7818805542104957,-1.4058739607831385,False
2,log2fc_neg_pre,OWWOOWWO,OWWOOWOO,4,5,0.156317580636858,-0.7818805542104957,-0.9381981348473537,False
2,log2fc_neg_pre,OWWOWWOO,OWWOOWOO,4,5,0.1454245542513197,-0.7818805542104957,-0.9273051084618155,False
2,log2fc_neg_pre,OWWWOWOO,OWWOOWOO,4,5,0.0523253343841757,-0.7818805542104957,-0.8342058885946715,False
2,log2fc_neg_pre,WWWOOWOO,OWWOOWOO,4,5,-0.628799823798649,-0.7818805542104957,-0.15308073041184678,False
2,log2fc_neg_pre,OWWOOWWW,OWWOOWOW,3,4,-0.4491167736770942,0.6239934065726428,1.073110180249737,True
2,log2fc_neg_pre,OWWOWWOW,OWWOOWOW,3,4,-0.3053810398134368,0.6239934065726428,0.9293744463860796,True
2,log2fc_neg_pre,OWWWOWOW,OWWOOWOW,3,4,-0.6869112774495867,0.6239934065726428,1.3109046840222294,True
2,log2fc_neg_pre,WWWOOWOW,OWWOOWOW,3,4,-0.9933060333641888,0.6239934065726428,1.6172994399368315,True
2,log2fc_neg_pre,OWWOOWWW,OWWOOWWO,3,4,-0.4491167736770942,0.156317580636858,0.6054343543139522,True
2,log2fc_neg_pre,OWWOWWWO,OWWOOWWO,3,4,0.3746516777441014,0.156317580636858,-0.2183340971072434,False
2,log2fc_neg_pre,OWWWOWWO,OWWOOWWO,3,4,0.324076442051227,0.156317580636858,-0.167758861414369,False
2,log2fc_neg_pre,WWWOOWWO,OWWOOWWO,3,4,0.556262343204734,0.156317580636858,-0.39994476256787603,False
2,log2fc_neg_pre,OWWOWWWW,OWWOOWWW,2,3,-0.0540480642498381,-0.4491167736770942,-0.3950687094272561,False
2,log2fc_neg_pre,OWWWOWWW,OWWOOWWW,2,3,-0.47051275305406,-0.4491167736770942,0.0213959793769658,True
2,log2fc_neg_pre,WWWOOWWW,OWWOOWWW,2,3,-0.4935669298824305,-0.4491167736770942,0.04445015620533632,True
2,log2fc_neg_pre,OWWOWOOW,OWWOWOOO,4,5,-0.1680866693337216,-1.0088438284830656,-0.840757159149344,False
2,log2fc_neg_pre,OWWOWOWO,OWWOWOOO,4,5,0.0148543824733788,-1.0088438284830656,-1.0236982109564445,False
2,log2fc_neg_pre,OWWOWWOO,OWWOWOOO,4,5,0.1454245542513197,-1.0088438284830656,-1.1542683827343854,False
2,log2fc_neg_pre,OWWWWOOO,OWWOWOOO,4,5,0.794762678273487,-1.0088438284830656,-1.8036065067565525,False
2,log2fc_neg_pre,WWWOWOOO,OWWOWOOO,4,5,-1.1255039213445486,-1.0088438284830656,0.11666009286148293,True
2,log2fc_neg_pre,OWWOWOWW,OWWOWOOW,3,4,-0.2112944683743405,-0.1680866693337216,0.04320779904061889,True
2,log2fc_neg_pre,OWWOWWOW,OWWOWOOW,3,4,-0.3053810398134368,-0.1680866693337216,0.13729437047971518,True
2,log2fc_neg_pre,OWWWWOOW,OWWOWOOW,3,4,-0.6041614768582448,-0.1680866693337216,0.4360748075245232,True
2,log2fc_neg_pre,WWWOWOOW,OWWOWOOW,3,4,0.2045329986135782,-0.1680866693337216,-0.37261966794729984,False
2,log2fc_neg_pre,OWWOWOWW,OWWOWOWO,3,4,-0.2112944683743405,0.0148543824733788,0.2261488508477193,True
2,log2fc_neg_pre,OWWOWWWO,OWWOWOWO,3,4,0.3746516777441014,0.0148543824733788,-0.35979729527072263,False
2,log2fc_neg_pre,OWWWWOWO,OWWOWOWO,3,4,1.101430997697418,0.0148543824733788,-1.086576615224039,False
2,log2fc_neg_pre,WWWOWOWO,OWWOWOWO,3,4,0.1445960725057359,0.0148543824733788,-0.12974169003235708,False
2,log2fc_neg_pre,OWWOWWWW,OWWOWOWW,2,3,-0.0540480642498381,-0.2112944683743405,-0.1572464041245024,False
2,log2fc_neg_pre,OWWWWOWW,OWWOWOWW,2,3,0.216879028170794,-0.2112944683743405,-0.4281734965451345,False
2,log2fc_neg_pre,WWWOWOWW,OWWOWOWW,2,3,-0.3074516221824528,-0.2112944683743405,0.09615715380811232,True
2,log2fc_neg_pre,OWWOWWOW,OWWOWWOO,3,4,-0.3053810398134368,0.1454245542513197,0.4508055940647565,True
2,log2fc_neg_pre,OWWOWWWO,OWWOWWOO,3,4,0.3746516777441014,0.1454245542513197,-0.2292271234927817,False
2,log2fc_neg_pre,OWWWWWOO,OWWOWWOO,3,4,0.0743229829384173,0.1454245542513197,0.0711015713129024,True
2,log2fc_neg_pre,WWWOWWOO,OWWOWWOO,3,4,0.1385952477942683,0.1454245542513197,0.006829306457051404,True
2,log2fc_neg_pre,OWWOWWWW,OWWOWWOW,2,3,-0.0540480642498381,-0.3053810398134368,-0.2513329755635987,False
2,log2fc_neg_pre,OWWWWWOW,OWWOWWOW,2,3,-0.2271384497409415,-0.3053810398134368,-0.07824259007249529,False
2,log2fc_neg_pre,WWWOWWOW,OWWOWWOW,2,3,0.2712886053092611,-0.3053810398134368,-0.5766696451226978,False
2,log2fc_neg_pre,OWWOWWWW,OWWOWWWO,2,3,-0.0540480642498381,0.3746516777441014,0.4286997419939395,True
2,log2fc_neg_pre,OWWWWWWO,OWWOWWWO,2,3,-0.0456674897638545,0.3746516777441014,0.4203191675079559,True
2,log2fc_neg_pre,WWWOWWWO,OWWOWWWO,2,3,0.1060980612993534,0.3746516777441014,0.268553616444748,True
2,log2fc_neg_pre,OWWWWWWW,OWWOWWWW,1,2,-0.2475280980713217,-0.0540480642498381,0.1934800338214836,True
2,log2fc_neg_pre,WWWOWWWW,OWWOWWWW,1,2,-0.183262319252949,-0.0540480642498381,0.1292142550031109,True
2,log2fc_neg_pre,OWWWOOOW,OWWWOOOO,4,5,0.1322779208204062,-1.5377253526064305,-1.6700032734268366,False
2,log2fc_neg_pre,OWWWOOWO,OWWWOOOO,4,5,-0.0358530213710241,-1.5377253526064305,-1.5018723312354063,False
2,log2fc_neg_pre,OWWWOWOO,OWWWOOOO,4,5,0.0523253343841757,-1.5377253526064305,-1.5900506869906061,False
2,log2fc_neg_pre,OWWWWOOO,OWWWOOOO,4,5,0.794762678273487,-1.5377253526064305,-2.3324880308799174,False
2,log2fc_neg_pre,WWWWOOOO,OWWWOOOO,4,5,-0.435014997431032,-1.5377253526064305,-1.1027103551753985,False
2,log2fc_neg_pre,OWWWOOWW,OWWWOOOW,3,4,0.0813578239853249,0.1322779208204062,0.05092009683508131,True
2,log2fc_neg_pre,OWWWOWOW,OWWWOOOW,3,4,-0.6869112774495867,0.1322779208204062,0.8191891982699929,True
2,log2fc_neg_pre,OWWWWOOW,OWWWOOOW,3,4,-0.6041614768582448,0.1322779208204062,0.7364393976786511,True
2,log2fc_neg_pre,WWWWOOOW,OWWWOOOW,3,4,0.1229806512411905,0.1322779208204062,0.009297269579215714,True
2,log2fc_neg_pre,OWWWOOWW,OWWWOOWO,3,4,0.0813578239853249,-0.0358530213710241,-0.117210845356349,False
2,log2fc_neg_pre,OWWWOWWO,OWWWOOWO,3,4,0.324076442051227,-0.0358530213710241,-0.3599294634222511,False
2,log2fc_neg_pre,OWWWWOWO,OWWWOOWO,3,4,1.101430997697418,-0.0358530213710241,-1.1372840190684421,False
2,log2fc_neg_pre,WWWWOOWO,OWWWOOWO,3,4,-1.0548871333631964,-0.0358530213710241,1.0190341119921722,True
2,log2fc_neg_pre,OWWWOWWW,OWWWOOWW,2,3,-0.47051275305406,0.0813578239853249,0.5518705770393849,True
2,log2fc_neg_pre,OWWWWOWW,OWWWOOWW,2,3,0.216879028170794,0.0813578239853249,-0.1355212041854691,False
2,log2fc_neg_pre,WWWWOOWW,OWWWOOWW,2,3,0.3865994020169385,0.0813578239853249,-0.30524157803161356,False
2,log2fc_neg_pre,OWWWOWOW,OWWWOWOO,3,4,-0.6869112774495867,0.0523253343841757,0.7392366118337624,True
2,log2fc_neg_pre,OWWWOWWO,OWWWOWOO,3,4,0.324076442051227,0.0523253343841757,-0.2717511076670513,False
2,log2fc_neg_pre,OWWWWWOO,OWWWOWOO,3,4,0.0743229829384173,0.0523253343841757,-0.0219976485542416,False
2,log2fc_neg_pre,WWWWOWOO,OWWWOWOO,3,4,0.2062935196752586,0.0523253343841757,-0.15396818529108292,False
2,log2fc_neg_pre,OWWWOWWW,OWWWOWOW,2,3,-0.47051275305406,-0.6869112774495867,-0.2163985243955267,False
2,log2fc_neg_pre,OWWWWWOW,OWWWOWOW,2,3,-0.2271384497409415,-0.6869112774495867,-0.4597728277086452,False
2,log2fc_neg_pre,WWWWOWOW,OWWWOWOW,2,3,-0.6992875945113219,-0.6869112774495867,0.012376317061735254,True
2,log2fc_neg_pre,OWWWOWWW,OWWWOWWO,2,3,-0.47051275305406,0.324076442051227,0.794589195105287,True
2,log2fc_neg_pre,OWWWWWWO,OWWWOWWO,2,3,-0.0456674897638545,0.324076442051227,0.3697439318150815,True
2,log2fc_neg_pre,WWWWOWWO,OWWWOWWO,2,3,1.277003607804604,0.324076442051227,-0.9529271657533771,False
2,log2fc_neg_pre,OWWWWWWW,OWWWOWWW,1,2,-0.2475280980713217,-0.47051275305406,-0.22298465498273828,False
2,log2fc_neg_pre,WWWWOWWW,OWWWOWWW,1,2,-0.945905903720279,-0.47051275305406,0.47539315066621907,True
2,log2fc_neg_pre,OWWWWOOW,OWWWWOOO,3,4,-0.6041614768582448,0.794762678273487,1.398924155131732,True
2,log2fc_neg_pre,OWWWWOWO,OWWWWOOO,3,4,1.101430997697418,0.794762678273487,-0.3066683194239309,False
2,log2fc_neg_pre,OWWWWWOO,OWWWWOOO,3,4,0.0743229829384173,0.794762678273487,0.7204396953350697,True
2,log2fc_neg_pre,WWWWWOOO,OWWWWOOO,3,4,0.9110025386060224,0.794762678273487,-0.11623986033253542,False
2,log2fc_neg_pre,OWWWWOWW,OWWWWOOW,2,3,0.216879028170794,-0.6041614768582448,-0.8210405050290388,False
2,log2fc_neg_pre,OWWWWWOW,OWWWWOOW,2,3,-0.2271384497409415,-0.6041614768582448,-0.37702302711730334,False
2,log2fc_neg_pre,WWWWWOOW,OWWWWOOW,2,3,0.0784273443213004,-0.6041614768582448,-0.6825888211795452,False
2,log2fc_neg_pre,OWWWWOWW,OWWWWOWO,2,3,0.216879028170794,1.101430997697418,0.884551969526624,True
2,log2fc_neg_pre,OWWWWWWO,OWWWWOWO,2,3,-0.0456674897638545,1.101430997697418,1.1470984874612724,True
2,log2fc_neg_pre,WWWWWOWO,OWWWWOWO,2,3,-0.3197398919141512,1.101430997697418,1.4211708896115691,True
2,log2fc_neg_pre,OWWWWWWW,OWWWWOWW,1,2,-0.2475280980713217,0.216879028170794,0.46440712624211566,True
2,log2fc_neg_pre,WWWWWOWW,OWWWWOWW,1,2,-0.0211751568234195,0.216879028170794,0.2380541849942135,True
2,log2fc_neg_pre,OWWWWWOW,OWWWWWOO,2,3,-0.2271384497409415,0.0743229829384173,0.30146143267935877,True
2,log2fc_neg_pre,OWWWWWWO,OWWWWWOO,2,3,-0.0456674897638545,0.0743229829384173,0.1199904727022718,True
2,log2fc_neg_pre,WWWWWWOO,OWWWWWOO,2,3,0.3768541549472359,0.0743229829384173,-0.3025311720088186,False
2,log2fc_neg_pre,OWWWWWWW,OWWWWWOW,1,2,-0.2475280980713217,-0.2271384497409415,0.020389648330380206,True
2,log2fc_neg_pre,WWWWWWOW,OWWWWWOW,1,2,0.1079398977440485,-0.2271384497409415,-0.33507834748499,False
2,log2fc_neg_pre,OWWWWWWW,OWWWWWWO,1,2,-0.2475280980713217,-0.0456674897638545,0.20186060830746722,True
2,log2fc_neg_pre,WWWWWWWO,OWWWWWWO,1,2,-0.4667499011637589,-0.0456674897638545,0.42108241139990443,True
2,log2fc_neg_pre,WWWWWWWW,OWWWWWWW,0,1,-0.210162982706005,-0.2475280980713217,-0.0373651153653167,False
2,log2fc_neg_pre,WOOOOOOW,WOOOOOOO,6,7,1.0189360378528316,1.4564779867019326,0.437541948849101,True
2,log2fc_neg_pre,WOOOOOWO,WOOOOOOO,6,7,0.2104290600980992,1.4564779867019326,1.2460489266038335,True
2,log2fc_neg_pre,WOOOOWOO,WOOOOOOO,6,7,1.243820856479762,1.4564779867019326,0.2126571302221707,True
2,log2fc_neg_pre,WOOOWOOO,WOOOOOOO,6,7,-0.2198537309608514,1.4564779867019326,1.676331717662784,True
2,log2fc_neg_pre,WOOWOOOO,WOOOOOOO,6,7,0.0664845426982089,1.4564779867019326,1.3899934440037238,True
2,log2fc_neg_pre,WOWOOOOO,WOOOOOOO,6,7,0.982963345345668,1.4564779867019326,0.47351464135626464,True
2,log2fc_neg_pre,WWOOOOOO,WOOOOOOO,6,7,-0.4800036963820111,1.4564779867019326,1.9364816830839438,True
2,log2fc_neg_pre,WOOOOOWW,WOOOOOOW,5,6,0.91243841691454,1.0189360378528316,0.10649762093829163,True
2,log2fc_neg_pre,WOOOOWOW,WOOOOOOW,5,6,0.506150947104539,1.0189360378528316,0.5127850907482926,True
2,log2fc_neg_pre,WOOOWOOW,WOOOOOOW,5,6,0.6857790073604729,1.0189360378528316,0.3331570304923587,True
2,log2fc_neg_pre,WOOWOOOW,WOOOOOOW,5,6,0.3502264230998722,1.0189360378528316,0.6687096147529594,True
2,log2fc_neg_pre,WOWOOOOW,WOOOOOOW,5,6,-0.6067283591348654,1.0189360378528316,1.625664396987697,True
2,log2fc_neg_pre,WWOOOOOW,WOOOOOOW,5,6,-0.7189123018493416,1.0189360378528316,1.7378483397021731,True
2,log2fc_neg_pre,WOOOOOWW,WOOOOOWO,5,6,0.91243841691454,0.2104290600980992,-0.7020093568164407,False
2,log2fc_neg_pre,WOOOOWWO,WOOOOOWO,5,6,-0.0574362806160489,0.2104290600980992,0.2678653407141481,True
2,log2fc_neg_pre,WOOOWOWO,WOOOOOWO,5,6,-0.1772141096570489,0.2104290600980992,0.3876431697551481,True
2,log2fc_neg_pre,WOOWOOWO,WOOOOOWO,5,6,-0.4027498333455717,0.2104290600980992,0.6131788934436708,True
2,log2fc_neg_pre,WOWOOOWO,WOOOOOWO,5,6,0.391801906986003,0.2104290600980992,-0.18137284688790378,False
2,log2fc_neg_pre,WWOOOOWO,WOOOOOWO,5,6,-0.2746332152668728,0.2104290600980992,0.485062275364972,True
2,log2fc_neg_pre,WOOOOWWW,WOOOOOWW,4,5,0.2086039331814098,0.91243841691454,0.7038344837331302,True
2,log2fc_neg_pre,WOOOWOWW,WOOOOOWW,4,5,0.4163429485663411,0.91243841691454,0.4960954683481989,True
2,log2fc_neg_pre,WOOWOOWW,WOOOOOWW,4,5,-0.0967126469677381,0.91243841691454,1.009151063882278,True
2,log2fc_neg_pre,WOWOOOWW,WOOOOOWW,4,5,0.5477382995374944,0.91243841691454,0.36470011737704555,True
2,log2fc_neg_pre,WWOOOOWW,WOOOOOWW,4,5,-0.1968381389208416,0.91243841691454,1.1092765558353817,True
2,log2fc_neg_pre,WOOOOWOW,WOOOOWOO,5,6,0.506150947104539,1.243820856479762,0.7376699093752229,True
2,log2fc_neg_pre,WOOOOWWO,WOOOOWOO,5,6,-0.0574362806160489,1.243820856479762,1.3012571370958108,True
2,log2fc_neg_pre,WOOOWWOO,WOOOOWOO,5,6,-0.1401741192024159,1.243820856479762,1.3839949756821779,True
2,log2fc_neg_pre,WOOWOWOO,WOOOOWOO,5,6,-0.4351148136364349,1.243820856479762,1.6789356701161968,True
2,log2fc_neg_pre,WOWOOWOO,WOOOOWOO,5,6,-2.4697862455582085,1.243820856479762,3.7136071020379706,True
2,log2fc_neg_pre,WWOOOWOO,WOOOOWOO,5,6,0.4509614946202786,1.243820856479762,0.7928593618594832,True
2,log2fc_neg_pre,WOOOOWWW,WOOOOWOW,4,5,0.2086039331814098,0.506150947104539,0.2975470139231292,True
2,log2fc_neg_pre,WOOOWWOW,WOOOOWOW,4,5,-0.8135763028302512,0.506150947104539,1.31972724993479,True
2,log2fc_neg_pre,WOOWOWOW,WOOOOWOW,4,5,0.2156984862500838,0.506150947104539,0.2904524608544552,True
2,log2fc_neg_pre,WOWOOWOW,WOOOOWOW,4,5,0.9170037103323092,0.506150947104539,-0.4108527632277702,False
2,log2fc_neg_pre,WWOOOWOW,WOOOOWOW,4,5,0.2293082971315605,0.506150947104539,0.27684264997297847,True
2,log2fc_neg_pre,WOOOOWWW,WOOOOWWO,4,5,0.2086039331814098,-0.0574362806160489,-0.2660402137974587,False
2,log2fc_neg_pre,WOOOWWWO,WOOOOWWO,4,5,0.0021675871456777,-0.0574362806160489,-0.059603867761726596,False
2,log2fc_neg_pre,WOOWOWWO,WOOOOWWO,4,5,-0.6203709544974972,-0.0574362806160489,0.5629346738814484,True
2,log2fc_neg_pre,WOWOOWWO,WOOOOWWO,4,5,-0.2820818916691899,-0.0574362806160489,0.22464561105314101,True
2,log2fc_neg_pre,WWOOOWWO,WOOOOWWO,4,5,-0.2478757839136711,-0.0574362806160489,0.19043950329762221,True
2,log2fc_neg_pre,WOOOWWWW,WOOOOWWW,3,4,-0.4064352353063367,0.2086039331814098,0.6150391684877465,True
2,log2fc_neg_pre,WOOWOWWW,WOOOOWWW,3,4,-0.0087711035746434,0.2086039331814098,0.21737503675605319,True
2,log2fc_neg_pre,WOWOOWWW,WOOOOWWW,3,4,-2.1493394781026107,0.2086039331814098,2.3579434112840207,True
2,log2fc_neg_pre,WWOOOWWW,WOOOOWWW,3,4,-0.7519556494993556,0.2086039331814098,0.9605595826807654,True
2,log2fc_neg_pre,WOOOWOOW,WOOOWOOO,5,6,0.6857790073604729,-0.2198537309608514,-0.9056327383213243,False
2,log2fc_neg_pre,WOOOWOWO,WOOOWOOO,5,6,-0.1772141096570489,-0.2198537309608514,-0.0426396213038025,False
2,log2fc_neg_pre,WOOOWWOO,WOOOWOOO,5,6,-0.1401741192024159,-0.2198537309608514,-0.07967961175843549,False
2,log2fc_neg_pre,WOOWWOOO,WOOOWOOO,5,6,-0.0345572462378838,-0.2198537309608514,-0.18529648472296759,False
2,log2fc_neg_pre,WOWOWOOO,WOOOWOOO,5,6,0.3928189702949539,-0.2198537309608514,-0.6126727012558053,False
2,log2fc_neg_pre,WWOOWOOO,WOOOWOOO,5,6,-0.6277876542983086,-0.2198537309608514,0.40793392333745726,True
2,log2fc_neg_pre,WOOOWOWW,WOOOWOOW,4,5,0.4163429485663411,0.6857790073604729,0.26943605879413185,True
2,log2fc_neg_pre,WOOOWWOW,WOOOWOOW,4,5,-0.8135763028302512,0.6857790073604729,1.4993553101907242,True
2,log2fc_neg_pre,WOOWWOOW,WOOOWOOW,4,5,-0.7993370753583204,0.6857790073604729,1.4851160827187933,True
2,log2fc_neg_pre,WOWOWOOW,WOOOWOOW,4,5,-0.6101703740274804,0.6857790073604729,1.2959493813879535,True
2,log2fc_neg_pre,WWOOWOOW,WOOOWOOW,4,5,-0.6634313808949405,0.6857790073604729,1.3492103882554134,True
2,log2fc_neg_pre,WOOOWOWW,WOOOWOWO,4,5,0.4163429485663411,-0.1772141096570489,-0.59355705822339,False
2,log2fc_neg_pre,WOOOWWWO,WOOOWOWO,4,5,0.0021675871456777,-0.1772141096570489,-0.1793816968027266,False
2,log2fc_neg_pre,WOOWWOWO,WOOOWOWO,4,5,-1.0336414557425917,-0.1772141096570489,0.8564273460855428,True
2,log2fc_neg_pre,WOWOWOWO,WOOOWOWO,4,5,0.0586131970436313,-0.1772141096570489,-0.2358273067006802,False
2,log2fc_neg_pre,WWOOWOWO,WOOOWOWO,4,5,0.4746332913730238,-0.1772141096570489,-0.6518474010300727,False
2,log2fc_neg_pre,WOOOWWWW,WOOOWOWW,3,4,-0.4064352353063367,0.4163429485663411,0.8227781838726778,True
2,log2fc_neg_pre,WOOWWOWW,WOOOWOWW,3,4,-0.6042847688300002,0.4163429485663411,1.0206277173963412,True
2,log2fc_neg_pre,WOWOWOWW,WOOOWOWW,3,4,-0.6902790238823554,0.4163429485663411,1.1066219724486965,True
2,log2fc_neg_pre,WWOOWOWW,WOOOWOWW,3,4,-0.0180112050040637,0.4163429485663411,0.4343541535704048,True
2,log2fc_neg_pre,WOOOWWOW,WOOOWWOO,4,5,-0.8135763028302512,-0.1401741192024159,0.6734021836278352,True
2,log2fc_neg_pre,WOOOWWWO,WOOOWWOO,4,5,0.0021675871456777,-0.1401741192024159,-0.1423417063480936,False
2,log2fc_neg_pre,WOOWWWOO,WOOOWWOO,4,5,-0.314479862749059,-0.1401741192024159,0.17430574354664308,True
2,log2fc_neg_pre,WOWOWWOO,WOOOWWOO,4,5,-0.5164251881141465,-0.1401741192024159,0.3762510689117306,True
2,log2fc_neg_pre,WWOOWWOO,WOOOWWOO,4,5,-1.0251135512274896,-0.1401741192024159,0.8849394320250736,True
2,log2fc_neg_pre,WOOOWWWW,WOOOWWOW,3,4,-0.4064352353063367,-0.8135763028302512,-0.4071410675239145,False
2,log2fc_neg_pre,WOOWWWOW,WOOOWWOW,3,4,-0.6798443327508515,-0.8135763028302512,-0.13373197007939963,False
2,log2fc_neg_pre,WOWOWWOW,WOOOWWOW,3,4,0.3908939426746146,-0.8135763028302512,-1.2044702455048657,False
2,log2fc_neg_pre,WWOOWWOW,WOOOWWOW,3,4,0.098190560551665,-0.8135763028302512,-0.9117668633819161,False
2,log2fc_neg_pre,WOOOWWWW,WOOOWWWO,3,4,-0.4064352353063367,0.0021675871456777,0.4086028224520144,True
2,log2fc_neg_pre,WOOWWWWO,WOOOWWWO,3,4,0.0454895263858426,0.0021675871456777,-0.043321939240164906,False
2,log2fc_neg_pre,WOWOWWWO,WOOOWWWO,3,4,-0.4919487125755596,0.0021675871456777,0.49411629972123733,True
2,log2fc_neg_pre,WWOOWWWO,WOOOWWWO,3,4,0.5295761980551117,0.0021675871456777,-0.527408610909434,False
2,log2fc_neg_pre,WOOWWWWW,WOOOWWWW,2,3,0.1341035297193071,-0.4064352353063367,-0.5405387650256438,False
2,log2fc_neg_pre,WOWOWWWW,WOOOWWWW,2,3,-0.0745827178145292,-0.4064352353063367,-0.3318525174918075,False
2,log2fc_neg_pre,WWOOWWWW,WOOOWWWW,2,3,-1.707368534801568,-0.4064352353063367,1.3009332994952312,True
2,log2fc_neg_pre,WOOWOOOW,WOOWOOOO,5,6,0.3502264230998722,0.0664845426982089,-0.28374188040166326,False
2,log2fc_neg_pre,WOOWOOWO,WOOWOOOO,5,6,-0.4027498333455717,0.0664845426982089,0.4692343760437806,True
2,log2fc_neg_pre,WOOWOWOO,WOOWOOOO,5,6,-0.4351148136364349,0.0664845426982089,0.5015993563346438,True
2,log2fc_neg_pre,WOOWWOOO,WOOWOOOO,5,6,-0.0345572462378838,0.0664845426982089,0.1010417889360927,True
2,log2fc_neg_pre,WOWWOOOO,WOOWOOOO,5,6,-0.823478884416684,0.0664845426982089,0.889963427114893,True
2,log2fc_neg_pre,WWOWOOOO,WOOWOOOO,5,6,-0.3718499214949881,0.0664845426982089,0.438334464193197,True
2,log2fc_neg_pre,WOOWOOWW,WOOWOOOW,4,5,-0.0967126469677381,0.3502264230998722,0.44693907006761024,True
2,log2fc_neg_pre,WOOWOWOW,WOOWOOOW,4,5,0.2156984862500838,0.3502264230998722,0.13452793684978837,True
2,log2fc_neg_pre,WOOWWOOW,WOOWOOOW,4,5,-0.7993370753583204,0.3502264230998722,1.1495634984581926,True
2,log2fc_neg_pre,WOWWOOOW,WOOWOOOW,4,5,-1.2346638627344282,0.3502264230998722,1.5848902858343004,True
2,log2fc_neg_pre,WWOWOOOW,WOOWOOOW,4,5,0.1243369210345224,0.3502264230998722,0.22588950206534977,True
2,log2fc_neg_pre,WOOWOOWW,WOOWOOWO,4,5,-0.0967126469677381,-0.4027498333455717,-0.3060371863778336,False
2,log2fc_neg_pre,WOOWOWWO,WOOWOOWO,4,5,-0.6203709544974972,-0.4027498333455717,0.21762112115192556,True
2,log2fc_neg_pre,WOOWWOWO,WOOWOOWO,4,5,-1.0336414557425917,-0.4027498333455717,0.63089162239702,True
2,log2fc_neg_pre,WOWWOOWO,WOOWOOWO,4,5,-0.2882189123104101,-0.4027498333455717,-0.1145309210351616,False
2,log2fc_neg_pre,WWOWOOWO,WOOWOOWO,4,5,0.6210214194936167,-0.4027498333455717,-1.0237712528391882,False
2,log2fc_neg_pre,WOOWOWWW,WOOWOOWW,3,4,-0.0087711035746434,-0.0967126469677381,-0.08794154339309469,False
2,log2fc_neg_pre,WOOWWOWW,WOOWOOWW,3,4,-0.6042847688300002,-0.0967126469677381,0.5075721218622621,True
2,log2fc_neg_pre,WOWWOOWW,WOOWOOWW,3,4,0.6576097580694625,-0.0967126469677381,-0.7543224050372006,False
2,log2fc_neg_pre,WWOWOOWW,WOOWOOWW,3,4,-0.3147901501014639,-0.0967126469677381,0.2180775031337258,True
2,log2fc_neg_pre,WOOWOWOW,WOOWOWOO,4,5,0.2156984862500838,-0.4351148136364349,-0.6508132998865187,False
2,log2fc_neg_pre,WOOWOWWO,WOOWOWOO,4,5,-0.6203709544974972,-0.4351148136364349,0.18525614086106235,True
2,log2fc_neg_pre,WOOWWWOO,WOOWOWOO,4,5,-0.314479862749059,-0.4351148136364349,-0.12063495088737591,False
2,log2fc_neg_pre,WOWWOWOO,WOOWOWOO,4,5,-0.0939956308256896,-0.4351148136364349,-0.34111918281074527,False
2,log2fc_neg_pre,WWOWOWOO,WOOWOWOO,4,5,-0.7111728250174442,-0.4351148136364349,0.27605801138100927,True
2,log2fc_neg_pre,WOOWOWWW,WOOWOWOW,3,4,-0.0087711035746434,0.2156984862500838,0.2244695898247272,True
2,log2fc_neg_pre,WOOWWWOW,WOOWOWOW,3,4,-0.6798443327508515,0.2156984862500838,0.8955428190009354,True
2,log2fc_neg_pre,WOWWOWOW,WOOWOWOW,3,4,-0.3058196018263909,0.2156984862500838,0.5215180880764747,True
2,log2fc_neg_pre,WWOWOWOW,WOOWOWOW,3,4,-0.1458948319361411,0.2156984862500838,0.3615933181862249,True
2,log2fc_neg_pre,WOOWOWWW,WOOWOWWO,3,4,-0.0087711035746434,-0.6203709544974972,-0.6115998509228538,False
2,log2fc_neg_pre,WOOWWWWO,WOOWOWWO,3,4,0.0454895263858426,-0.6203709544974972,-0.6658604808833398,False
2,log2fc_neg_pre,WOWWOWWO,WOOWOWWO,3,4,1.007719088660875,-0.6203709544974972,-1.6280900431583722,False
2,log2fc_neg_pre,WWOWOWWO,WOOWOWWO,3,4,0.820509578176358,-0.6203709544974972,-1.4408805326738552,False
2,log2fc_neg_pre,WOOWWWWW,WOOWOWWW,2,3,0.1341035297193071,-0.0087711035746434,-0.1428746332939505,False
2,log2fc_neg_pre,WOWWOWWW,WOOWOWWW,2,3,-0.3620699032814429,-0.0087711035746434,0.3532987997067995,True
2,log2fc_neg_pre,WWOWOWWW,WOOWOWWW,2,3,0.3522818472150217,-0.0087711035746434,-0.3610529507896651,False
2,log2fc_neg_pre,WOOWWOOW,WOOWWOOO,4,5,-0.7993370753583204,-0.0345572462378838,0.7647798291204366,True
2,log2fc_neg_pre,WOOWWOWO,WOOWWOOO,4,5,-1.0336414557425917,-0.0345572462378838,0.9990842095047079,True
2,log2fc_neg_pre,WOOWWWOO,WOOWWOOO,4,5,-0.314479862749059,-0.0345572462378838,0.27992261651117517,True
2,log2fc_neg_pre,WOWWWOOO,WOOWWOOO,4,5,-0.2595242673020472,-0.0345572462378838,0.22496702106416339,True
2,log2fc_neg_pre,WWOWWOOO,WOOWWOOO,4,5,-1.140117990097133,-0.0345572462378838,1.1055607438592492,True
2,log2fc_neg_pre,WOOWWOWW,WOOWWOOW,3,4,-0.6042847688300002,-0.7993370753583204,-0.19505230652832029,False
2,log2fc_neg_pre,WOOWWWOW,WOOWWOOW,3,4,-0.6798443327508515,-0.7993370753583204,-0.1194927426074689,False
2,log2fc_neg_pre,WOWWWOOW,WOOWWOOW,3,4,0.9799437170231876,-0.7993370753583204,-1.779280792381508,False
2,log2fc_neg_pre,WWOWWOOW,WOOWWOOW,3,4,-0.2641018508950584,-0.7993370753583204,-0.5352352244632621,False
2,log2fc_neg_pre,WOOWWOWW,WOOWWOWO,3,4,-0.6042847688300002,-1.0336414557425917,-0.42935668691259155,False
2,log2fc_neg_pre,WOOWWWWO,WOOWWOWO,3,4,0.0454895263858426,-1.0336414557425917,-1.0791309821284343,False
2,log2fc_neg_pre,WOWWWOWO,WOOWWOWO,3,4,-0.4043181287311476,-1.0336414557425917,-0.6293233270114441,False
2,log2fc_neg_pre,WWOWWOWO,WOOWWOWO,3,4,-0.0946342529714107,-1.0336414557425917,-0.939007202771181,False
2,log2fc_neg_pre,WOOWWWWW,WOOWWOWW,2,3,0.1341035297193071,-0.6042847688300002,-0.7383882985493073,False
2,log2fc_neg_pre,WOWWWOWW,WOOWWOWW,2,3,0.2323347360896957,-0.6042847688300002,-0.8366195049196958,False
2,log2fc_neg_pre,WWOWWOWW,WOOWWOWW,2,3,-0.1252704957421487,-0.6042847688300002,-0.47901427308785144,False
2,log2fc_neg_pre,WOOWWWOW,WOOWWWOO,3,4,-0.6798443327508515,-0.314479862749059,0.36536447000179256,True
2,log2fc_neg_pre,WOOWWWWO,WOOWWWOO,3,4,0.0454895263858426,-0.314479862749059,-0.35996938913490156,False
2,log2fc_neg_pre,WOWWWWOO,WOOWWWOO,3,4,-0.2261088219721946,-0.314479862749059,-0.08837104077686439,False
2,log2fc_neg_pre,WWOWWWOO,WOOWWWOO,3,4,-0.1450845847582348,-0.314479862749059,-0.16939527799082418,False
2,log2fc_neg_pre,WOOWWWWW,WOOWWWOW,2,3,0.1341035297193071,-0.6798443327508515,-0.8139478624701586,False
2,log2fc_neg_pre,WOWWWWOW,WOOWWWOW,2,3,-0.1168119989716421,-0.6798443327508515,-0.5630323337792095,False
2,log2fc_neg_pre,WWOWWWOW,WOOWWWOW,2,3,0.622041459611774,-0.6798443327508515,-1.3018857923626257,False
2,log2fc_neg_pre,WOOWWWWW,WOOWWWWO,2,3,0.1341035297193071,0.0454895263858426,-0.0886140033334645,False
2,log2fc_neg_pre,WOWWWWWO,WOOWWWWO,2,3,0.2387703172746108,0.0454895263858426,-0.19328079088876818,False
2,log2fc_neg_pre,WWOWWWWO,WOOWWWWO,2,3,-0.1591546502782614,0.0454895263858426,0.204644176664104,True
2,log2fc_neg_pre,WOWWWWWW,WOOWWWWW,1,2,0.7749909539035296,0.1341035297193071,-0.6408874241842224,False
2,log2fc_neg_pre,WWOWWWWW,WOOWWWWW,1,2,0.3590098366683478,0.1341035297193071,-0.22490630694904068,False
2,log2fc_neg_pre,WOWOOOOW,WOWOOOOO,5,6,-0.6067283591348654,0.982963345345668,1.5896917044805334,True
2,log2fc_neg_pre,WOWOOOWO,WOWOOOOO,5,6,0.391801906986003,0.982963345345668,0.5911614383596651,True
2,log2fc_neg_pre,WOWOOWOO,WOWOOOOO,5,6,-2.4697862455582085,0.982963345345668,3.4527495909038763,True
2,log2fc_neg_pre,WOWOWOOO,WOWOOOOO,5,6,0.3928189702949539,0.982963345345668,0.590144375050714,True
2,log2fc_neg_pre,WOWWOOOO,WOWOOOOO,5,6,-0.823478884416684,0.982963345345668,1.806442229762352,True
2,log2fc_neg_pre,WWWOOOOO,WOWOOOOO,5,6,0.2905720615097767,0.982963345345668,0.6923912838358912,True
2,log2fc_neg_pre,WOWOOOWW,WOWOOOOW,4,5,0.5477382995374944,-0.6067283591348654,-1.15446665867236,False
2,log2fc_neg_pre,WOWOOWOW,WOWOOOOW,4,5,0.9170037103323092,-0.6067283591348654,-1.5237320694671745,False
2,log2fc_neg_pre,WOWOWOOW,WOWOOOOW,4,5,-0.6101703740274804,-0.6067283591348654,0.003442014892614975,True
2,log2fc_neg_pre,WOWWOOOW,WOWOOOOW,4,5,-1.2346638627344282,-0.6067283591348654,0.6279355035995627,True
2,log2fc_neg_pre,WWWOOOOW,WOWOOOOW,4,5,-0.2960262136362745,-0.6067283591348654,-0.31070214549859093,False
2,log2fc_neg_pre,WOWOOOWW,WOWOOOWO,4,5,0.5477382995374944,0.391801906986003,-0.15593639255149144,False
2,log2fc_neg_pre,WOWOOWWO,WOWOOOWO,4,5,-0.2820818916691899,0.391801906986003,0.6738837986551929,True
2,log2fc_neg_pre,WOWOWOWO,WOWOOOWO,4,5,0.0586131970436313,0.391801906986003,0.3331887099423717,True
2,log2fc_neg_pre,WOWWOOWO,WOWOOOWO,4,5,-0.2882189123104101,0.391801906986003,0.680020819296413,True
2,log2fc_neg_pre,WWWOOOWO,WOWOOOWO,4,5,-0.6358344935967915,0.391801906986003,1.0276364005827945,True
2,log2fc_neg_pre,WOWOOWWW,WOWOOOWW,3,4,-2.1493394781026107,0.5477382995374944,2.6970777776401054,True
2,log2fc_neg_pre,WOWOWOWW,WOWOOOWW,3,4,-0.6902790238823554,0.5477382995374944,1.2380173234198497,True
2,log2fc_neg_pre,WOWWOOWW,WOWOOOWW,3,4,0.6576097580694625,0.5477382995374944,-0.10987145853196811,False
2,log2fc_neg_pre,WWWOOOWW,WOWOOOWW,3,4,-0.1722956167331419,0.5477382995374944,0.7200339162706363,True
2,log2fc_neg_pre,WOWOOWOW,WOWOOWOO,4,5,0.9170037103323092,-2.4697862455582085,-3.3867899558905177,False
2,log2fc_neg_pre,WOWOOWWO,WOWOOWOO,4,5,-0.2820818916691899,-2.4697862455582085,-2.1877043538890186,False
2,log2fc_neg_pre,WOWOWWOO,WOWOOWOO,4,5,-0.5164251881141465,-2.4697862455582085,-1.953361057444062,False
2,log2fc_neg_pre,WOWWOWOO,WOWOOWOO,4,5,-0.0939956308256896,-2.4697862455582085,-2.375790614732519,False
2,log2fc_neg_pre,WWWOOWOO,WOWOOWOO,4,5,-0.628799823798649,-2.4697862455582085,-1.8409864217595595,False
2,log2fc_neg_pre,WOWOOWWW,WOWOOWOW,3,4,-2.1493394781026107,0.9170037103323092,3.06634318843492,True
2,log2fc_neg_pre,WOWOWWOW,WOWOOWOW,3,4,0.3908939426746146,0.9170037103323092,0.5261097676576947,True
2,log2fc_neg_pre,WOWWOWOW,WOWOOWOW,3,4,-0.3058196018263909,0.9170037103323092,1.2228233121587002,True
2,log2fc_neg_pre,WWWOOWOW,WOWOOWOW,3,4,-0.9933060333641888,0.9170037103323092,1.910309743696498,True
2,log2fc_neg_pre,WOWOOWWW,WOWOOWWO,3,4,-2.1493394781026107,-0.2820818916691899,1.8672575864334209,True
2,log2fc_neg_pre,WOWOWWWO,WOWOOWWO,3,4,-0.4919487125755596,-0.2820818916691899,0.2098668209063697,True
2,log2fc_neg_pre,WOWWOWWO,WOWOOWWO,3,4,1.007719088660875,-0.2820818916691899,-1.2898009803300647,False
2,log2fc_neg_pre,WWWOOWWO,WOWOOWWO,3,4,0.556262343204734,-0.2820818916691899,-0.8383442348739238,False
2,log2fc_neg_pre,WOWOWWWW,WOWOOWWW,2,3,-0.0745827178145292,-2.1493394781026107,-2.0747567602880816,False
2,log2fc_neg_pre,WOWWOWWW,WOWOOWWW,2,3,-0.3620699032814429,-2.1493394781026107,-1.7872695748211678,False
2,log2fc_neg_pre,WWWOOWWW,WOWOOWWW,2,3,-0.4935669298824305,-2.1493394781026107,-1.6557725482201802,False
2,log2fc_neg_pre,WOWOWOOW,WOWOWOOO,4,5,-0.6101703740274804,0.3928189702949539,1.0029893443224343,True
2,log2fc_neg_pre,WOWOWOWO,WOWOWOOO,4,5,0.0586131970436313,0.3928189702949539,0.3342057732513226,True
2,log2fc_neg_pre,WOWOWWOO,WOWOWOOO,4,5,-0.5164251881141465,0.3928189702949539,0.9092441584091004,True
2,log2fc_neg_pre,WOWWWOOO,WOWOWOOO,4,5,-0.2595242673020472,0.3928189702949539,0.6523432375970011,True
2,log2fc_neg_pre,WWWOWOOO,WOWOWOOO,4,5,-1.1255039213445486,0.3928189702949539,1.5183228916395024,True
2,log2fc_neg_pre,WOWOWOWW,WOWOWOOW,3,4,-0.6902790238823554,-0.6101703740274804,0.08010864985487498,True
2,log2fc_neg_pre,WOWOWWOW,WOWOWOOW,3,4,0.3908939426746146,-0.6101703740274804,-1.001064316702095,False
2,log2fc_neg_pre,WOWWWOOW,WOWOWOOW,3,4,0.9799437170231876,-0.6101703740274804,-1.5901140910506681,False
2,log2fc_neg_pre,WWWOWOOW,WOWOWOOW,3,4,0.2045329986135782,-0.6101703740274804,-0.8147033726410586,False
2,log2fc_neg_pre,WOWOWOWW,WOWOWOWO,3,4,-0.6902790238823554,0.0586131970436313,0.7488922209259867,True
2,log2fc_neg_pre,WOWOWWWO,WOWOWOWO,3,4,-0.4919487125755596,0.0586131970436313,0.5505619096191909,True
2,log2fc_neg_pre,WOWWWOWO,WOWOWOWO,3,4,-0.4043181287311476,0.0586131970436313,0.4629313257747789,True
2,log2fc_neg_pre,WWWOWOWO,WOWOWOWO,3,4,0.1445960725057359,0.0586131970436313,-0.08598287546210459,False
2,log2fc_neg_pre,WOWOWWWW,WOWOWOWW,2,3,-0.0745827178145292,-0.6902790238823554,-0.6156963060678262,False
2,log2fc_neg_pre,WOWWWOWW,WOWOWOWW,2,3,0.2323347360896957,-0.6902790238823554,-0.9226137599720511,False
2,log2fc_neg_pre,WWWOWOWW,WOWOWOWW,2,3,-0.3074516221824528,-0.6902790238823554,-0.3828274016999026,False
2,log2fc_neg_pre,WOWOWWOW,WOWOWWOO,3,4,0.3908939426746146,-0.5164251881141465,-0.9073191307887611,False
2,log2fc_neg_pre,WOWOWWWO,WOWOWWOO,3,4,-0.4919487125755596,-0.5164251881141465,-0.024476475538586895,False
2,log2fc_neg_pre,WOWWWWOO,WOWOWWOO,3,4,-0.2261088219721946,-0.5164251881141465,-0.2903163661419519,False
2,log2fc_neg_pre,WWWOWWOO,WOWOWWOO,3,4,0.1385952477942683,-0.5164251881141465,-0.6550204359084149,False
2,log2fc_neg_pre,WOWOWWWW,WOWOWWOW,2,3,-0.0745827178145292,0.3908939426746146,0.46547666048914377,True
2,log2fc_neg_pre,WOWWWWOW,WOWOWWOW,2,3,-0.1168119989716421,0.3908939426746146,0.5077059416462567,True
2,log2fc_neg_pre,WWWOWWOW,WOWOWWOW,2,3,0.2712886053092611,0.3908939426746146,0.1196053373653535,True
2,log2fc_neg_pre,WOWOWWWW,WOWOWWWO,2,3,-0.0745827178145292,-0.4919487125755596,-0.4173659947610304,False
2,log2fc_neg_pre,WOWWWWWO,WOWOWWWO,2,3,0.2387703172746108,-0.4919487125755596,-0.7307190298501705,False
2,log2fc_neg_pre,WWWOWWWO,WOWOWWWO,2,3,0.1060980612993534,-0.4919487125755596,-0.598046773874913,False
2,log2fc_neg_pre,WOWWWWWW,WOWOWWWW,1,2,0.7749909539035296,-0.0745827178145292,-0.8495736717180588,False
2,log2fc_neg_pre,WWWOWWWW,WOWOWWWW,1,2,-0.183262319252949,-0.0745827178145292,0.1086796014384198,True
2,log2fc_neg_pre,WOWWOOOW,WOWWOOOO,4,5,-1.2346638627344282,-0.823478884416684,0.41118497831774414,True
2,log2fc_neg_pre,WOWWOOWO,WOWWOOOO,4,5,-0.2882189123104101,-0.823478884416684,-0.535259972106274,False
2,log2fc_neg_pre,WOWWOWOO,WOWWOOOO,4,5,-0.0939956308256896,-0.823478884416684,-0.7294832535909944,False
2,log2fc_neg_pre,WOWWWOOO,WOWWOOOO,4,5,-0.2595242673020472,-0.823478884416684,-0.5639546171146368,False
2,log2fc_neg_pre,WWWWOOOO,WOWWOOOO,4,5,-0.435014997431032,-0.823478884416684,-0.38846388698565204,False
2,log2fc_neg_pre,WOWWOOWW,WOWWOOOW,3,4,0.6576097580694625,-1.2346638627344282,-1.8922736208038908,False
2,log2fc_neg_pre,WOWWOWOW,WOWWOOOW,3,4,-0.3058196018263909,-1.2346638627344282,-0.9288442609080373,False
2,log2fc_neg_pre,WOWWWOOW,WOWWOOOW,3,4,0.9799437170231876,-1.2346638627344282,-2.2146075797576157,False
2,log2fc_neg_pre,WWWWOOOW,WOWWOOOW,3,4,0.1229806512411905,-1.2346638627344282,-1.3576445139756186,False
2,log2fc_neg_pre,WOWWOOWW,WOWWOOWO,3,4,0.6576097580694625,-0.2882189123104101,-0.9458286703798726,False
2,log2fc_neg_pre,WOWWOWWO,WOWWOOWO,3,4,1.007719088660875,-0.2882189123104101,-1.2959380009712849,False
2,log2fc_neg_pre,WOWWWOWO,WOWWOOWO,3,4,-0.4043181287311476,-0.2882189123104101,0.1160992164207375,True
2,log2fc_neg_pre,WWWWOOWO,WOWWOOWO,3,4,-1.0548871333631964,-0.2882189123104101,0.7666682210527863,True
2,log2fc_neg_pre,WOWWOWWW,WOWWOOWW,2,3,-0.3620699032814429,0.6576097580694625,1.0196796613509054,True
2,log2fc_neg_pre,WOWWWOWW,WOWWOOWW,2,3,0.2323347360896957,0.6576097580694625,0.42527502197976685,True
2,log2fc_neg_pre,WWWWOOWW,WOWWOOWW,2,3,0.3865994020169385,0.6576097580694625,0.27101035605252405,True
2,log2fc_neg_pre,WOWWOWOW,WOWWOWOO,3,4,-0.3058196018263909,-0.0939956308256896,0.2118239710007013,True
2,log2fc_neg_pre,WOWWOWWO,WOWWOWOO,3,4,1.007719088660875,-0.0939956308256896,-1.1017147194865644,False
2,log2fc_neg_pre,WOWWWWOO,WOWWOWOO,3,4,-0.2261088219721946,-0.0939956308256896,0.132113191146505,True
2,log2fc_neg_pre,WWWWOWOO,WOWWOWOO,3,4,0.2062935196752586,-0.0939956308256896,-0.3002891505009482,False
2,log2fc_neg_pre,WOWWOWWW,WOWWOWOW,2,3,-0.3620699032814429,-0.3058196018263909,0.056250301455052,True
2,log2fc_neg_pre,WOWWWWOW,WOWWOWOW,2,3,-0.1168119989716421,-0.3058196018263909,-0.1890076028547488,False
2,log2fc_neg_pre,WWWWOWOW,WOWWOWOW,2,3,-0.6992875945113219,-0.3058196018263909,0.39346799268493104,True
2,log2fc_neg_pre,WOWWOWWW,WOWWOWWO,2,3,-0.3620699032814429,1.007719088660875,1.3697889919423178,True
2,log2fc_neg_pre,WOWWWWWO,WOWWOWWO,2,3,0.2387703172746108,1.007719088660875,0.7689487713862642,True
2,log2fc_neg_pre,WWWWOWWO,WOWWOWWO,2,3,1.277003607804604,1.007719088660875,-0.2692845191437292,False
2,log2fc_neg_pre,WOWWWWWW,WOWWOWWW,1,2,0.7749909539035296,-0.3620699032814429,-1.1370608571849725,False
2,log2fc_neg_pre,WWWWOWWW,WOWWOWWW,1,2,-0.945905903720279,-0.3620699032814429,0.5838360004388361,True
2,log2fc_neg_pre,WOWWWOOW,WOWWWOOO,3,4,0.9799437170231876,-0.2595242673020472,-1.2394679843252348,False
2,log2fc_neg_pre,WOWWWOWO,WOWWWOOO,3,4,-0.4043181287311476,-0.2595242673020472,0.1447938614291004,True
2,log2fc_neg_pre,WOWWWWOO,WOWWWOOO,3,4,-0.2261088219721946,-0.2595242673020472,-0.033415445329852606,False
2,log2fc_neg_pre,WWWWWOOO,WOWWWOOO,3,4,0.9110025386060224,-0.2595242673020472,-1.1705268059080696,False
2,log2fc_neg_pre,WOWWWOWW,WOWWWOOW,2,3,0.2323347360896957,0.9799437170231876,0.7476089809334919,True
2,log2fc_neg_pre,WOWWWWOW,WOWWWOOW,2,3,-0.1168119989716421,0.9799437170231876,1.0967557159948298,True
2,log2fc_neg_pre,WWWWWOOW,WOWWWOOW,2,3,0.0784273443213004,0.9799437170231876,0.9015163727018872,True
2,log2fc_neg_pre,WOWWWOWW,WOWWWOWO,2,3,0.2323347360896957,-0.4043181287311476,-0.6366528648208433,False
2,log2fc_neg_pre,WOWWWWWO,WOWWWOWO,2,3,0.2387703172746108,-0.4043181287311476,-0.6430884460057584,False
2,log2fc_neg_pre,WWWWWOWO,WOWWWOWO,2,3,-0.3197398919141512,-0.4043181287311476,-0.08457823681699639,False
2,log2fc_neg_pre,WOWWWWWW,WOWWWOWW,1,2,0.7749909539035296,0.2323347360896957,-0.5426562178138339,False
2,log2fc_neg_pre,WWWWWOWW,WOWWWOWW,1,2,-0.0211751568234195,0.2323347360896957,0.2535098929131152,True
2,log2fc_neg_pre,WOWWWWOW,WOWWWWOO,2,3,-0.1168119989716421,-0.2261088219721946,-0.10929682300055249,False
2,log2fc_neg_pre,WOWWWWWO,WOWWWWOO,2,3,0.2387703172746108,-0.2261088219721946,-0.46487913924680535,False
2,log2fc_neg_pre,WWWWWWOO,WOWWWWOO,2,3,0.3768541549472359,-0.2261088219721946,-0.6029629769194305,False
2,log2fc_neg_pre,WOWWWWWW,WOWWWWOW,1,2,0.7749909539035296,-0.1168119989716421,-0.8918029528751716,False
2,log2fc_neg_pre,WWWWWWOW,WOWWWWOW,1,2,0.1079398977440485,-0.1168119989716421,-0.2247518967156906,False
2,log2fc_neg_pre,WOWWWWWW,WOWWWWWO,1,2,0.7749909539035296,0.2387703172746108,-0.5362206366289188,False
2,log2fc_neg_pre,WWWWWWWO,WOWWWWWO,1,2,-0.4667499011637589,0.2387703172746108,0.7055202184383698,True
2,log2fc_neg_pre,WWWWWWWW,WOWWWWWW,0,1,-0.210162982706005,0.7749909539035296,0.9851539366095345,True
2,log2fc_neg_pre,WWOOOOOW,WWOOOOOO,5,6,-0.7189123018493416,-0.4800036963820111,0.2389086054673305,True
2,log2fc_neg_pre,WWOOOOWO,WWOOOOOO,5,6,-0.2746332152668728,-0.4800036963820111,-0.20537048111513834,False
2,log2fc_neg_pre,WWOOOWOO,WWOOOOOO,5,6,0.4509614946202786,-0.4800036963820111,-0.9309651910022898,False
2,log2fc_neg_pre,WWOOWOOO,WWOOOOOO,5,6,-0.6277876542983086,-0.4800036963820111,0.1477839579162975,True
2,log2fc_neg_pre,WWOWOOOO,WWOOOOOO,5,6,-0.3718499214949881,-0.4800036963820111,-0.10815377488702305,False
2,log2fc_neg_pre,WWWOOOOO,WWOOOOOO,5,6,0.2905720615097767,-0.4800036963820111,-0.7705757578917878,False
2,log2fc_neg_pre,WWOOOOWW,WWOOOOOW,4,5,-0.1968381389208416,-0.7189123018493416,-0.5220741629285001,False
2,log2fc_neg_pre,WWOOOWOW,WWOOOOOW,4,5,0.2293082971315605,-0.7189123018493416,-0.9482205989809022,False
2,log2fc_neg_pre,WWOOWOOW,WWOOOOOW,4,5,-0.6634313808949405,-0.7189123018493416,-0.05548092095440116,False
2,log2fc_neg_pre,WWOWOOOW,WWOOOOOW,4,5,0.1243369210345224,-0.7189123018493416,-0.8432492228838641,False
2,log2fc_neg_pre,WWWOOOOW,WWOOOOOW,4,5,-0.2960262136362745,-0.7189123018493416,-0.4228860882130671,False
2,log2fc_neg_pre,WWOOOOWW,WWOOOOWO,4,5,-0.1968381389208416,-0.2746332152668728,-0.0777950763460312,False
2,log2fc_neg_pre,WWOOOWWO,WWOOOOWO,4,5,-0.2478757839136711,-0.2746332152668728,-0.02675743135320169,False
2,log2fc_neg_pre,WWOOWOWO,WWOOOOWO,4,5,0.4746332913730238,-0.2746332152668728,-0.7492665066398966,False
2,log2fc_neg_pre,WWOWOOWO,WWOOOOWO,4,5,0.6210214194936167,-0.2746332152668728,-0.8956546347604895,False
2,log2fc_neg_pre,WWWOOOWO,WWOOOOWO,4,5,-0.6358344935967915,-0.2746332152668728,0.36120127832991866,True
2,log2fc_neg_pre,WWOOOWWW,WWOOOOWW,3,4,-0.7519556494993556,-0.1968381389208416,0.555117510578514,True
2,log2fc_neg_pre,WWOOWOWW,WWOOOOWW,3,4,-0.0180112050040637,-0.1968381389208416,-0.1788269339167779,False
2,log2fc_neg_pre,WWOWOOWW,WWOOOOWW,3,4,-0.3147901501014639,-0.1968381389208416,0.11795201118062229,True
2,log2fc_neg_pre,WWWOOOWW,WWOOOOWW,3,4,-0.1722956167331419,-0.1968381389208416,-0.0245425221876997,False
2,log2fc_neg_pre,WWOOOWOW,WWOOOWOO,4,5,0.2293082971315605,0.4509614946202786,0.22165319748871812,True
2,log2fc_neg_pre,WWOOOWWO,WWOOOWOO,4,5,-0.2478757839136711,0.4509614946202786,0.6988372785339497,True
2,log2fc_neg_pre,WWOOWWOO,WWOOOWOO,4,5,-1.0251135512274896,0.4509614946202786,1.4760750458477683,True
2,log2fc_neg_pre,WWOWOWOO,WWOOOWOO,4,5,-0.7111728250174442,0.4509614946202786,1.1621343196377227,True
2,log2fc_neg_pre,WWWOOWOO,WWOOOWOO,4,5,-0.628799823798649,0.4509614946202786,1.0797613184189276,True
2,log2fc_neg_pre,WWOOOWWW,WWOOOWOW,3,4,-0.7519556494993556,0.2293082971315605,0.9812639466309161,True
2,log2fc_neg_pre,WWOOWWOW,WWOOOWOW,3,4,0.098190560551665,0.2293082971315605,0.1311177365798955,True
2,log2fc_neg_pre,WWOWOWOW,WWOOOWOW,3,4,-0.1458948319361411,0.2293082971315605,0.3752031290677016,True
2,log2fc_neg_pre,WWWOOWOW,WWOOOWOW,3,4,-0.9933060333641888,0.2293082971315605,1.2226143304957493,True
2,log2fc_neg_pre,WWOOOWWW,WWOOOWWO,3,4,-0.7519556494993556,-0.2478757839136711,0.5040798655856844,True
2,log2fc_neg_pre,WWOOWWWO,WWOOOWWO,3,4,0.5295761980551117,-0.2478757839136711,-0.7774519819687828,False
2,log2fc_neg_pre,WWOWOWWO,WWOOOWWO,3,4,0.820509578176358,-0.2478757839136711,-1.068385362090029,False
2,log2fc_neg_pre,WWWOOWWO,WWOOOWWO,3,4,0.556262343204734,-0.2478757839136711,-0.8041381271184052,False
2,log2fc_neg_pre,WWOOWWWW,WWOOOWWW,2,3,-1.707368534801568,-0.7519556494993556,0.9554128853022124,True
2,log2fc_neg_pre,WWOWOWWW,WWOOOWWW,2,3,0.3522818472150217,-0.7519556494993556,-1.1042374967143773,False
2,log2fc_neg_pre,WWWOOWWW,WWOOOWWW,2,3,-0.4935669298824305,-0.7519556494993556,-0.25838871961692506,False
2,log2fc_neg_pre,WWOOWOOW,WWOOWOOO,4,5,-0.6634313808949405,-0.6277876542983086,0.03564372659663184,True
2,log2fc_neg_pre,WWOOWOWO,WWOOWOOO,4,5,0.4746332913730238,-0.6277876542983086,-1.1024209456713323,False
2,log2fc_neg_pre,WWOOWWOO,WWOOWOOO,4,5,-1.0251135512274896,-0.6277876542983086,0.39732589692918097,True
2,log2fc_neg_pre,WWOWWOOO,WWOOWOOO,4,5,-1.140117990097133,-0.6277876542983086,0.5123303357988244,True
2,log2fc_neg_pre,WWWOWOOO,WWOOWOOO,4,5,-1.1255039213445486,-0.6277876542983086,0.49771626704623995,True
2,log2fc_neg_pre,WWOOWOWW,WWOOWOOW,3,4,-0.0180112050040637,-0.6634313808949405,-0.6454201758908767,False
2,log2fc_neg_pre,WWOOWWOW,WWOOWOOW,3,4,0.098190560551665,-0.6634313808949405,-0.7616219414466054,False
2,log2fc_neg_pre,WWOWWOOW,WWOOWOOW,3,4,-0.2641018508950584,-0.6634313808949405,-0.3993295299998821,False
2,log2fc_neg_pre,WWWOWOOW,WWOOWOOW,3,4,0.2045329986135782,-0.6634313808949405,-0.8679643795085187,False
2,log2fc_neg_pre,WWOOWOWW,WWOOWOWO,3,4,-0.0180112050040637,0.4746332913730238,0.4926444963770875,True
2,log2fc_neg_pre,WWOOWWWO,WWOOWOWO,3,4,0.5295761980551117,0.4746332913730238,-0.0549429066820879,False
2,log2fc_neg_pre,WWOWWOWO,WWOOWOWO,3,4,-0.0946342529714107,0.4746332913730238,0.5692675443444345,True
2,log2fc_neg_pre,WWWOWOWO,WWOOWOWO,3,4,0.1445960725057359,0.4746332913730238,0.3300372188672879,True
2,log2fc_neg_pre,WWOOWWWW,WWOOWOWW,2,3,-1.707368534801568,-0.0180112050040637,1.6893573297975042,True
2,log2fc_neg_pre,WWOWWOWW,WWOOWOWW,2,3,-0.1252704957421487,-0.0180112050040637,0.10725929073808502,True
2,log2fc_neg_pre,WWWOWOWW,WWOOWOWW,2,3,-0.3074516221824528,-0.0180112050040637,0.2894404171783891,True
2,log2fc_neg_pre,WWOOWWOW,WWOOWWOO,3,4,0.098190560551665,-1.0251135512274896,-1.1233041117791547,False
2,log2fc_neg_pre,WWOOWWWO,WWOOWWOO,3,4,0.5295761980551117,-1.0251135512274896,-1.5546897492826013,False
2,log2fc_neg_pre,WWOWWWOO,WWOOWWOO,3,4,-0.1450845847582348,-1.0251135512274896,-0.8800289664692548,False
2,log2fc_neg_pre,WWWOWWOO,WWOOWWOO,3,4,0.1385952477942683,-1.0251135512274896,-1.1637087990217578,False
2,log2fc_neg_pre,WWOOWWWW,WWOOWWOW,2,3,-1.707368534801568,0.098190560551665,1.805559095353233,True
2,log2fc_neg_pre,WWOWWWOW,WWOOWWOW,2,3,0.622041459611774,0.098190560551665,-0.5238508990601091,False
2,log2fc_neg_pre,WWWOWWOW,WWOOWWOW,2,3,0.2712886053092611,0.098190560551665,-0.17309804475759608,False
2,log2fc_neg_pre,WWOOWWWW,WWOOWWWO,2,3,-1.707368534801568,0.5295761980551117,2.2369447328566796,True
2,log2fc_neg_pre,WWOWWWWO,WWOOWWWO,2,3,-0.1591546502782614,0.5295761980551117,0.6887308483333731,True
2,log2fc_neg_pre,WWWOWWWO,WWOOWWWO,2,3,0.1060980612993534,0.5295761980551117,0.4234781367557583,True
2,log2fc_neg_pre,WWOWWWWW,WWOOWWWW,1,2,0.3590098366683478,-1.707368534801568,-2.0663783714699155,False
2,log2fc_neg_pre,WWWOWWWW,WWOOWWWW,1,2,-0.183262319252949,-1.707368534801568,-1.524106215548619,False
2,log2fc_neg_pre,WWOWOOOW,WWOWOOOO,4,5,0.1243369210345224,-0.3718499214949881,-0.4961868425295105,False
2,log2fc_neg_pre,WWOWOOWO,WWOWOOOO,4,5,0.6210214194936167,-0.3718499214949881,-0.9928713409886047,False
2,log2fc_neg_pre,WWOWOWOO,WWOWOOOO,4,5,-0.7111728250174442,-0.3718499214949881,0.3393229035224561,True
2,log2fc_neg_pre,WWOWWOOO,WWOWOOOO,4,5,-1.140117990097133,-0.3718499214949881,0.7682680686021449,True
2,log2fc_neg_pre,WWWWOOOO,WWOWOOOO,4,5,-0.435014997431032,-0.3718499214949881,0.06316507593604392,True
2,log2fc_neg_pre,WWOWOOWW,WWOWOOOW,3,4,-0.3147901501014639,0.1243369210345224,0.43912707113598626,True
2,log2fc_neg_pre,WWOWOWOW,WWOWOOOW,3,4,-0.1458948319361411,0.1243369210345224,0.2702317529706635,True
2,log2fc_neg_pre,WWOWWOOW,WWOWOOOW,3,4,-0.2641018508950584,0.1243369210345224,0.38843877192958076,True
2,log2fc_neg_pre,WWWWOOOW,WWOWOOOW,3,4,0.1229806512411905,0.1243369210345224,0.0013562697933319073,True
2,log2fc_neg_pre,WWOWOOWW,WWOWOOWO,3,4,-0.3147901501014639,0.6210214194936167,0.9358115695950806,True
2,log2fc_neg_pre,WWOWOWWO,WWOWOOWO,3,4,0.820509578176358,0.6210214194936167,-0.19948815868274128,False
2,log2fc_neg_pre,WWOWWOWO,WWOWOOWO,3,4,-0.0946342529714107,0.6210214194936167,0.7156556724650274,True
2,log2fc_neg_pre,WWWWOOWO,WWOWOOWO,3,4,-1.0548871333631964,0.6210214194936167,1.675908552856813,True
2,log2fc_neg_pre,WWOWOWWW,WWOWOOWW,2,3,0.3522818472150217,-0.3147901501014639,-0.6670719973164856,False
2,log2fc_neg_pre,WWOWWOWW,WWOWOOWW,2,3,-0.1252704957421487,-0.3147901501014639,-0.18951965435931517,False
2,log2fc_neg_pre,WWWWOOWW,WWOWOOWW,2,3,0.3865994020169385,-0.3147901501014639,-0.7013895521184024,False
2,log2fc_neg_pre,WWOWOWOW,WWOWOWOO,3,4,-0.1458948319361411,-0.7111728250174442,-0.565277993081303,False
2,log2fc_neg_pre,WWOWOWWO,WWOWOWOO,3,4,0.820509578176358,-0.7111728250174442,-1.5316824031938021,False
2,log2fc_neg_pre,WWOWWWOO,WWOWOWOO,3,4,-0.1450845847582348,-0.7111728250174442,-0.5660882402592093,False
2,log2fc_neg_pre,WWWWOWOO,WWOWOWOO,3,4,0.2062935196752586,-0.7111728250174442,-0.9174663446927027,False
2,log2fc_neg_pre,WWOWOWWW,WWOWOWOW,2,3,0.3522818472150217,-0.1458948319361411,-0.4981766791511628,False
2,log2fc_neg_pre,WWOWWWOW,WWOWOWOW,2,3,0.622041459611774,-0.1458948319361411,-0.7679362915479151,False
2,log2fc_neg_pre,WWWWOWOW,WWOWOWOW,2,3,-0.6992875945113219,-0.1458948319361411,0.5533927625751809,True
2,log2fc_neg_pre,WWOWOWWW,WWOWOWWO,2,3,0.3522818472150217,0.820509578176358,0.46822773096133624,True
2,log2fc_neg_pre,WWOWWWWO,WWOWOWWO,2,3,-0.1591546502782614,0.820509578176358,0.9796642284546193,True
2,log2fc_neg_pre,WWWWOWWO,WWOWOWWO,2,3,1.277003607804604,0.820509578176358,-0.45649402962824615,False
2,log2fc_neg_pre,WWOWWWWW,WWOWOWWW,1,2,0.3590098366683478,0.3522818472150217,-0.006727989453326089,False
2,log2fc_neg_pre,WWWWOWWW,WWOWOWWW,1,2,-0.945905903720279,0.3522818472150217,1.2981877509353008,True
2,log2fc_neg_pre,WWOWWOOW,WWOWWOOO,3,4,-0.2641018508950584,-1.140117990097133,-0.8760161392020747,False
2,log2fc_neg_pre,WWOWWOWO,WWOWWOOO,3,4,-0.0946342529714107,-1.140117990097133,-1.0454837371257222,False
2,log2fc_neg_pre,WWOWWWOO,WWOWWOOO,3,4,-0.1450845847582348,-1.140117990097133,-0.9950334053388982,False
2,log2fc_neg_pre,WWWWWOOO,WWOWWOOO,3,4,0.9110025386060224,-1.140117990097133,-2.0511205287031555,False
2,log2fc_neg_pre,WWOWWOWW,WWOWWOOW,2,3,-0.1252704957421487,-0.2641018508950584,-0.13883135515290967,False
2,log2fc_neg_pre,WWOWWWOW,WWOWWOOW,2,3,0.622041459611774,-0.2641018508950584,-0.8861433105068324,False
2,log2fc_neg_pre,WWWWWOOW,WWOWWOOW,2,3,0.0784273443213004,-0.2641018508950584,-0.3425291952163588,False
2,log2fc_neg_pre,WWOWWOWW,WWOWWOWO,2,3,-0.1252704957421487,-0.0946342529714107,0.03063624277073801,True
2,log2fc_neg_pre,WWOWWWWO,WWOWWOWO,2,3,-0.1591546502782614,-0.0946342529714107,0.06452039730685069,True
2,log2fc_neg_pre,WWWWWOWO,WWOWWOWO,2,3,-0.3197398919141512,-0.0946342529714107,0.2251056389427405,True
2,log2fc_neg_pre,WWOWWWWW,WWOWWOWW,1,2,0.3590098366683478,-0.1252704957421487,-0.4842803324104965,False
2,log2fc_neg_pre,WWWWWOWW,WWOWWOWW,1,2,-0.0211751568234195,-0.1252704957421487,-0.10409533891872921,False
2,log2fc_neg_pre,WWOWWWOW,WWOWWWOO,2,3,0.622041459611774,-0.1450845847582348,-0.7671260443700089,False
2,log2fc_neg_pre,WWOWWWWO,WWOWWWOO,2,3,-0.1591546502782614,-0.1450845847582348,0.014070065520026598,True
2,log2fc_neg_pre,WWWWWWOO,WWOWWWOO,2,3,0.3768541549472359,-0.1450845847582348,-0.5219387397054707,False
2,log2fc_neg_pre,WWOWWWWW,WWOWWWOW,1,2,0.3590098366683478,0.622041459611774,0.26303162294342625,True
2,log2fc_neg_pre,WWWWWWOW,WWOWWWOW,1,2,0.1079398977440485,0.622041459611774,0.5141015618677256,True
2,log2fc_neg_pre,WWOWWWWW,WWOWWWWO,1,2,0.3590098366683478,-0.1591546502782614,-0.5181644869466092,False
2,log2fc_neg_pre,WWWWWWWO,WWOWWWWO,1,2,-0.4667499011637589,-0.1591546502782614,0.30759525088549755,True
2,log2fc_neg_pre,WWWWWWWW,WWOWWWWW,0,1,-0.210162982706005,0.3590098366683478,0.5691728193743528,True
2,log2fc_neg_pre,WWWOOOOW,WWWOOOOO,4,5,-0.2960262136362745,0.2905720615097767,0.5865982751460512,True
2,log2fc_neg_pre,WWWOOOWO,WWWOOOOO,4,5,-0.6358344935967915,0.2905720615097767,0.9264065551065681,True
2,log2fc_neg_pre,WWWOOWOO,WWWOOOOO,4,5,-0.628799823798649,0.2905720615097767,0.9193718853084256,True
2,log2fc_neg_pre,WWWOWOOO,WWWOOOOO,4,5,-1.1255039213445486,0.2905720615097767,1.4160759828543252,True
2,log2fc_neg_pre,WWWWOOOO,WWWOOOOO,4,5,-0.435014997431032,0.2905720615097767,0.7255870589408087,True
2,log2fc_neg_pre,WWWOOOWW,WWWOOOOW,3,4,-0.1722956167331419,-0.2960262136362745,-0.12373059690313262,False
2,log2fc_neg_pre,WWWOOWOW,WWWOOOOW,3,4,-0.9933060333641888,-0.2960262136362745,0.6972798197279142,True
2,log2fc_neg_pre,WWWOWOOW,WWWOOOOW,3,4,0.2045329986135782,-0.2960262136362745,-0.5005592122498528,False
2,log2fc_neg_pre,WWWWOOOW,WWWOOOOW,3,4,0.1229806512411905,-0.2960262136362745,-0.419006864877465,False
2,log2fc_neg_pre,WWWOOOWW,WWWOOOWO,3,4,-0.1722956167331419,-0.6358344935967915,-0.4635388768636496,False
2,log2fc_neg_pre,WWWOOWWO,WWWOOOWO,3,4,0.556262343204734,-0.6358344935967915,-1.1920968368015255,False
2,log2fc_neg_pre,WWWOWOWO,WWWOOOWO,3,4,0.1445960725057359,-0.6358344935967915,-0.7804305661025274,False
2,log2fc_neg_pre,WWWWOOWO,WWWOOOWO,3,4,-1.0548871333631964,-0.6358344935967915,0.41905263976640494,True
2,log2fc_neg_pre,WWWOOWWW,WWWOOOWW,2,3,-0.4935669298824305,-0.1722956167331419,0.3212713131492886,True
2,log2fc_neg_pre,WWWOWOWW,WWWOOOWW,2,3,-0.3074516221824528,-0.1722956167331419,0.13515600544931092,True
2,log2fc_neg_pre,WWWWOOWW,WWWOOOWW,2,3,0.3865994020169385,-0.1722956167331419,-0.5588950187500804,False
2,log2fc_neg_pre,WWWOOWOW,WWWOOWOO,3,4,-0.9933060333641888,-0.628799823798649,0.3645062095655398,True
2,log2fc_neg_pre,WWWOOWWO,WWWOOWOO,3,4,0.556262343204734,-0.628799823798649,-1.185062167003383,False
2,log2fc_neg_pre,WWWOWWOO,WWWOOWOO,3,4,0.1385952477942683,-0.628799823798649,-0.7673950715929172,False
2,log2fc_neg_pre,WWWWOWOO,WWWOOWOO,3,4,0.2062935196752586,-0.628799823798649,-0.8350933434739076,False
2,log2fc_neg_pre,WWWOOWWW,WWWOOWOW,2,3,-0.4935669298824305,-0.9933060333641888,-0.49973910348175826,False
2,log2fc_neg_pre,WWWOWWOW,WWWOOWOW,2,3,0.2712886053092611,-0.9933060333641888,-1.26459463867345,False
2,log2fc_neg_pre,WWWWOWOW,WWWOOWOW,2,3,-0.6992875945113219,-0.9933060333641888,-0.2940184388528668,False
2,log2fc_neg_pre,WWWOOWWW,WWWOOWWO,2,3,-0.4935669298824305,0.556262343204734,1.0498292730871646,True
2,log2fc_neg_pre,WWWOWWWO,WWWOOWWO,2,3,0.1060980612993534,0.556262343204734,0.4501642819053806,True
2,log2fc_neg_pre,WWWWOWWO,WWWOOWWO,2,3,1.277003607804604,0.556262343204734,-0.7207412645998701,False
2,log2fc_neg_pre,WWWOWWWW,WWWOOWWW,1,2,-0.183262319252949,-0.4935669298824305,-0.3103046106294815,False
2,log2fc_neg_pre,WWWWOWWW,WWWOOWWW,1,2,-0.945905903720279,-0.4935669298824305,0.45233897383784855,True
2,log2fc_neg_pre,WWWOWOOW,WWWOWOOO,3,4,0.2045329986135782,-1.1255039213445486,-1.3300369199581268,False
2,log2fc_neg_pre,WWWOWOWO,WWWOWOOO,3,4,0.1445960725057359,-1.1255039213445486,-1.2700999938502844,False
2,log2fc_neg_pre,WWWOWWOO,WWWOWOOO,3,4,0.1385952477942683,-1.1255039213445486,-1.2640991691388168,False
2,log2fc_neg_pre,WWWWWOOO,WWWOWOOO,3,4,0.9110025386060224,-1.1255039213445486,-2.036506459950571,False
2,log2fc_neg_pre,WWWOWOWW,WWWOWOOW,2,3,-0.3074516221824528,0.2045329986135782,0.511984620796031,True
2,log2fc_neg_pre,WWWOWWOW,WWWOWOOW,2,3,0.2712886053092611,0.2045329986135782,-0.06675560669568287,False
2,log2fc_neg_pre,WWWWWOOW,WWWOWOOW,2,3,0.0784273443213004,0.2045329986135782,0.12610565429227782,True
2,log2fc_neg_pre,WWWOWOWW,WWWOWOWO,2,3,-0.3074516221824528,0.1445960725057359,0.45204769468818873,True
2,log2fc_neg_pre,WWWOWWWO,WWWOWOWO,2,3,0.1060980612993534,0.1445960725057359,0.03849801120638249,True
2,log2fc_neg_pre,WWWWWOWO,WWWOWOWO,2,3,-0.3197398919141512,0.1445960725057359,0.4643359644198871,True
2,log2fc_neg_pre,WWWOWWWW,WWWOWOWW,1,2,-0.183262319252949,-0.3074516221824528,-0.12418930292950381,False
2,log2fc_neg_pre,WWWWWOWW,WWWOWOWW,1,2,-0.0211751568234195,-0.3074516221824528,-0.2862764653590333,False
2,log2fc_neg_pre,WWWOWWOW,WWWOWWOO,2,3,0.2712886053092611,0.1385952477942683,-0.13269335751499278,False
2,log2fc_neg_pre,WWWOWWWO,WWWOWWOO,2,3,0.1060980612993534,0.1385952477942683,0.0324971864949149,True
2,log2fc_neg_pre,WWWWWWOO,WWWOWWOO,2,3,0.3768541549472359,0.1385952477942683,-0.2382589071529676,False
2,log2fc_neg_pre,WWWOWWWW,WWWOWWOW,1,2,-0.183262319252949,0.2712886053092611,0.4545509245622101,True
2,log2fc_neg_pre,WWWWWWOW,WWWOWWOW,1,2,0.1079398977440485,0.2712886053092611,0.16334870756521258,True
2,log2fc_neg_pre,WWWOWWWW,WWWOWWWO,1,2,-0.183262319252949,0.1060980612993534,0.2893603805523024,True
2,log2fc_neg_pre,WWWWWWWO,WWWOWWWO,1,2,-0.4667499011637589,0.1060980612993534,0.5728479624631123,True
2,log2fc_neg_pre,WWWWWWWW,WWWOWWWW,0,1,-0.210162982706005,-0.183262319252949,0.026900663453056,True
2,log2fc_neg_pre,WWWWOOOW,WWWWOOOO,3,4,0.1229806512411905,-0.435014997431032,-0.5579956486722225,False
2,log2fc_neg_pre,WWWWOOWO,WWWWOOOO,3,4,-1.0548871333631964,-0.435014997431032,0.6198721359321644,True
2,log2fc_neg_pre,WWWWOWOO,WWWWOOOO,3,4,0.2062935196752586,-0.435014997431032,-0.6413085171062907,False
2,log2fc_neg_pre,WWWWWOOO,WWWWOOOO,3,4,0.9110025386060224,-0.435014997431032,-1.3460175360370545,False
2,log2fc_neg_pre,WWWWOOWW,WWWWOOOW,2,3,0.3865994020169385,0.1229806512411905,-0.263618750775748,False
2,log2fc_neg_pre,WWWWOWOW,WWWWOOOW,2,3,-0.6992875945113219,0.1229806512411905,0.8222682457525124,True
2,log2fc_neg_pre,WWWWWOOW,WWWWOOOW,2,3,0.0784273443213004,0.1229806512411905,0.044553306919890096,True
2,log2fc_neg_pre,WWWWOOWW,WWWWOOWO,2,3,0.3865994020169385,-1.0548871333631964,-1.441486535380135,False
2,log2fc_neg_pre,WWWWOWWO,WWWWOOWO,2,3,1.277003607804604,-1.0548871333631964,-2.3318907411678005,False
2,log2fc_neg_pre,WWWWWOWO,WWWWOOWO,2,3,-0.3197398919141512,-1.0548871333631964,-0.7351472414490452,False
2,log2fc_neg_pre,WWWWOWWW,WWWWOOWW,1,2,-0.945905903720279,0.3865994020169385,1.3325053057372176,True
2,log2fc_neg_pre,WWWWWOWW,WWWWOOWW,1,2,-0.0211751568234195,0.3865994020169385,0.40777455884035796,True
2,log2fc_neg_pre,WWWWOWOW,WWWWOWOO,2,3,-0.6992875945113219,0.2062935196752586,0.9055811141865806,True
2,log2fc_neg_pre,WWWWOWWO,WWWWOWOO,2,3,1.277003607804604,0.2062935196752586,-1.0707100881293454,False
2,log2fc_neg_pre,WWWWWWOO,WWWWOWOO,2,3,0.3768541549472359,0.2062935196752586,-0.1705606352719773,False
2,log2fc_neg_pre,WWWWOWWW,WWWWOWOW,1,2,-0.945905903720279,-0.6992875945113219,0.2466183092089571,True
2,log2fc_neg_pre,WWWWWWOW,WWWWOWOW,1,2,0.1079398977440485,-0.6992875945113219,-0.8072274922553704,False
2,log2fc_neg_pre,WWWWOWWW,WWWWOWWO,1,2,-0.945905903720279,1.277003607804604,2.2229095115248834,True
2,log2fc_neg_pre,WWWWWWWO,WWWWOWWO,1,2,-0.4667499011637589,1.277003607804604,1.743753508968363,True
2,log2fc_neg_pre,WWWWWWWW,WWWWOWWW,0,1,-0.210162982706005,-0.945905903720279,-0.7357429210142741,False
2,log2fc_neg_pre,WWWWWOOW,WWWWWOOO,2,3,0.0784273443213004,0.9110025386060224,0.832575194284722,True
2,log2fc_neg_pre,WWWWWOWO,WWWWWOOO,2,3,-0.3197398919141512,0.9110025386060224,1.2307424305201735,True
2,log2fc_neg_pre,WWWWWWOO,WWWWWOOO,2,3,0.3768541549472359,0.9110025386060224,0.5341483836587866,True
2,log2fc_neg_pre,WWWWWOWW,WWWWWOOW,1,2,-0.0211751568234195,0.0784273443213004,0.0996025011447199,True
2,log2fc_neg_pre,WWWWWWOW,WWWWWOOW,1,2,0.1079398977440485,0.0784273443213004,-0.029512553422748097,False
2,log2fc_neg_pre,WWWWWOWW,WWWWWOWO,1,2,-0.0211751568234195,-0.3197398919141512,-0.29856473509073167,False
2,log2fc_neg_pre,WWWWWWWO,WWWWWOWO,1,2,-0.4667499011637589,-0.3197398919141512,0.14701000924960772,True
2,log2fc_neg_pre,WWWWWWWW,WWWWWOWW,0,1,-0.210162982706005,-0.0211751568234195,0.1889878258825855,True
2,log2fc_neg_pre,WWWWWWOW,WWWWWWOO,1,2,0.1079398977440485,0.3768541549472359,0.2689142572031874,True
2,log2fc_neg_pre,WWWWWWWO,WWWWWWOO,1,2,-0.4667499011637589,0.3768541549472359,0.8436040561109948,True
2,log2fc_neg_pre,WWWWWWWW,WWWWWWOW,0,1,-0.210162982706005,0.1079398977440485,0.3181028804500535,True
2,log2fc_neg_pre,WWWWWWWW,WWWWWWWO,0,1,-0.210162982706005,-0.4667499011637589,-0.25658691845775394,False
3,log2fc_neg_pre,OOOOOOOW,OOOOOOOO,7,8,1.2585416398395397,0.2092013379893492,-1.0493403018501906,False
3,log2fc_neg_pre,OOOOOOWO,OOOOOOOO,7,8,-1.7855155835178789,0.2092013379893492,1.994716921507228,True
3,log2fc_neg_pre,OOOOOWOO,OOOOOOOO,7,8,0.0538253811870951,0.2092013379893492,0.1553759568022541,True
3,log2fc_neg_pre,OOOOWOOO,OOOOOOOO,7,8,-0.3060153508281877,0.2092013379893492,0.5152166888175369,True
3,log2fc_neg_pre,OOOWOOOO,OOOOOOOO,7,8,0.8265731394088366,0.2092013379893492,-0.6173718014194873,False
3,log2fc_neg_pre,OOWOOOOO,OOOOOOOO,7,8,1.8777029217732653,0.2092013379893492,-1.668501583783916,False
3,log2fc_neg_pre,OWOOOOOO,OOOOOOOO,7,8,1.4532755273924125,0.2092013379893492,-1.2440741894030634,False
3,log2fc_neg_pre,WOOOOOOO,OOOOOOOO,7,8,0.9031586502427252,0.2092013379893492,-0.693957312253376,False
3,log2fc_neg_pre,OOOOOOWW,OOOOOOOW,6,7,-0.2095163139929148,1.2585416398395397,1.4680579538324545,True
3,log2fc_neg_pre,OOOOOWOW,OOOOOOOW,6,7,-0.7486025903795082,1.2585416398395397,2.0071442302190476,True
3,log2fc_neg_pre,OOOOWOOW,OOOOOOOW,6,7,-0.7424311349231494,1.2585416398395397,2.000972774762689,True
3,log2fc_neg_pre,OOOWOOOW,OOOOOOOW,6,7,-0.4971395324671309,1.2585416398395397,1.7556811723066705,True
3,log2fc_neg_pre,OOWOOOOW,OOOOOOOW,6,7,-1.0587926607841656,1.2585416398395397,2.3173343006237053,True
3,log2fc_neg_pre,OWOOOOOW,OOOOOOOW,6,7,-3.0182220842462866,1.2585416398395397,4.276763724085827,True
3,log2fc_neg_pre,WOOOOOOW,OOOOOOOW,6,7,0.7463729517971872,1.2585416398395397,0.5121686880423525,True
3,log2fc_neg_pre,OOOOOOWW,OOOOOOWO,6,7,-0.2095163139929148,-1.7855155835178789,-1.575999269524964,False
3,log2fc_neg_pre,OOOOOWWO,OOOOOOWO,6,7,0.6206981094136033,-1.7855155835178789,-2.406213692931482,False
3,log2fc_neg_pre,OOOOWOWO,OOOOOOWO,6,7,0.7065066765749928,-1.7855155835178789,-2.4920222600928716,False
3,log2fc_neg_pre,OOOWOOWO,OOOOOOWO,6,7,-0.7073466601913274,-1.7855155835178789,-1.0781689233265515,False
3,log2fc_neg_pre,OOWOOOWO,OOOOOOWO,6,7,0.1381298894073028,-1.7855155835178789,-1.9236454729251817,False
3,log2fc_neg_pre,OWOOOOWO,OOOOOOWO,6,7,0.423799458817508,-1.7855155835178789,-2.209315042335387,False
3,log2fc_neg_pre,WOOOOOWO,OOOOOOWO,6,7,1.1316802512823536,-1.7855155835178789,-2.9171958348002325,False
3,log2fc_neg_pre,OOOOOWWW,OOOOOOWW,5,6,0.1866074143061589,-0.2095163139929148,-0.3961237282990737,False
3,log2fc_neg_pre,OOOOWOWW,OOOOOOWW,5,6,-0.7283583148870763,-0.2095163139929148,0.5188420008941614,True
3,log2fc_neg_pre,OOOWOOWW,OOOOOOWW,5,6,-0.9037147349745596,-0.2095163139929148,0.6941984209816447,True
3,log2fc_neg_pre,OOWOOOWW,OOOOOOWW,5,6,-1.6868256315157486,-0.2095163139929148,1.4773093175228338,True
3,log2fc_neg_pre,OWOOOOWW,OOOOOOWW,5,6,0.9541440274787542,-0.2095163139929148,-1.1636603414716689,False
3,log2fc_neg_pre,WOOOOOWW,OOOOOOWW,5,6,-0.5093540091507314,-0.2095163139929148,0.29983769515781655,True
3,log2fc_neg_pre,OOOOOWOW,OOOOOWOO,6,7,-0.7486025903795082,0.0538253811870951,0.8024279715666033,True
3,log2fc_neg_pre,OOOOOWWO,OOOOOWOO,6,7,0.6206981094136033,0.0538253811870951,-0.5668727282265081,False
3,log2fc_neg_pre,OOOOWWOO,OOOOOWOO,6,7,0.3223382122916138,0.0538253811870951,-0.2685128311045187,False
3,log2fc_neg_pre,OOOWOWOO,OOOOOWOO,6,7,-1.6808080636008909,0.0538253811870951,1.7346334447879859,True
3,log2fc_neg_pre,OOWOOWOO,OOOOOWOO,6,7,1.846907373210212,0.0538253811870951,-1.793081992023117,False
3,log2fc_neg_pre,OWOOOWOO,OOOOOWOO,6,7,-0.2519434354905748,0.0538253811870951,0.3057688166776699,True
3,log2fc_neg_pre,WOOOOWOO,OOOOOWOO,6,7,0.0643749913449931,0.0538253811870951,-0.010549610157897994,False
3,log2fc_neg_pre,OOOOOWWW,OOOOOWOW,5,6,0.1866074143061589,-0.7486025903795082,-0.9352100046856671,False
3,log2fc_neg_pre,OOOOWWOW,OOOOOWOW,5,6,-1.09897304486519,-0.7486025903795082,0.3503704544856818,True
3,log2fc_neg_pre,OOOWOWOW,OOOOOWOW,5,6,-0.4613630099280448,-0.7486025903795082,-0.28723958045146336,False
3,log2fc_neg_pre,OOWOOWOW,OOOOOWOW,5,6,-0.1873418216703789,-0.7486025903795082,-0.5612607687091292,False
3,log2fc_neg_pre,OWOOOWOW,OOOOOWOW,5,6,0.2837864541718885,-0.7486025903795082,-1.0323890445513966,False
3,log2fc_neg_pre,WOOOOWOW,OOOOOWOW,5,6,0.0706947022835691,-0.7486025903795082,-0.8192972926630773,False
3,log2fc_neg_pre,OOOOOWWW,OOOOOWWO,5,6,0.1866074143061589,0.6206981094136033,0.43409069510744436,True
3,log2fc_neg_pre,OOOOWWWO,OOOOOWWO,5,6,-0.4872123694296196,0.6206981094136033,1.1079104788432228,True
3,log2fc_neg_pre,OOOWOWWO,OOOOOWWO,5,6,-0.8551141167172186,0.6206981094136033,1.475812226130822,True
3,log2fc_neg_pre,OOWOOWWO,OOOOOWWO,5,6,0.3226694083268921,0.6206981094136033,0.29802870108671115,True
3,log2fc_neg_pre,OWOOOWWO,OOOOOWWO,5,6,0.2628948908179506,0.6206981094136033,0.3578032185956527,True
3,log2fc_neg_pre,WOOOOWWO,OOOOOWWO,5,6,0.5509366457240555,0.6206981094136033,0.06976146368954772,True
3,log2fc_neg_pre,OOOOWWWW,OOOOOWWW,4,5,-0.0921441298680446,0.1866074143061589,0.2787515441742035,True
3,log2fc_neg_pre,OOOWOWWW,OOOOOWWW,4,5,-2.8829992524241272,0.1866074143061589,3.0696066667302864,True
3,log2fc_neg_pre,OOWOOWWW,OOOOOWWW,4,5,0.7880607891944369,0.1866074143061589,-0.601453374888278,False
3,log2fc_neg_pre,OWOOOWWW,OOOOOWWW,4,5,0.1325917193668546,0.1866074143061589,0.054015694939304304,True
3,log2fc_neg_pre,WOOOOWWW,OOOOOWWW,4,5,0.275995892183372,0.1866074143061589,-0.0893884778772131,False
3,log2fc_neg_pre,OOOOWOOW,OOOOWOOO,6,7,-0.7424311349231494,-0.3060153508281877,0.4364157840949617,True
3,log2fc_neg_pre,OOOOWOWO,OOOOWOOO,6,7,0.7065066765749928,-0.3060153508281877,-1.0125220274031805,False
3,log2fc_neg_pre,OOOOWWOO,OOOOWOOO,6,7,0.3223382122916138,-0.3060153508281877,-0.6283535631198015,False
3,log2fc_neg_pre,OOOWWOOO,OOOOWOOO,6,7,-0.7339198292046476,-0.3060153508281877,0.4279044783764599,True
3,log2fc_neg_pre,OOWOWOOO,OOOOWOOO,6,7,0.2125758378685991,-0.3060153508281877,-0.5185911886967868,False
3,log2fc_neg_pre,OWOOWOOO,OOOOWOOO,6,7,-1.0327760023619998,-0.3060153508281877,0.7267606515338121,True
3,log2fc_neg_pre,WOOOWOOO,OOOOWOOO,6,7,-2.222520258059525,-0.3060153508281877,1.9165049072313374,True
3,log2fc_neg_pre,OOOOWOWW,OOOOWOOW,5,6,-0.7283583148870763,-0.7424311349231494,-0.01407282003607313,False
3,log2fc_neg_pre,OOOOWWOW,OOOOWOOW,5,6,-1.09897304486519,-0.7424311349231494,0.3565419099420406,True
3,log2fc_neg_pre,OOOWWOOW,OOOOWOOW,5,6,-0.351522431061884,-0.7424311349231494,-0.39090870386126536,False
3,log2fc_neg_pre,OOWOWOOW,OOOOWOOW,5,6,-0.9766873261838208,-0.7424311349231494,0.23425619126067143,True
3,log2fc_neg_pre,OWOOWOOW,OOOOWOOW,5,6,0.0012729585871899,-0.7424311349231494,-0.7437040935103393,False
3,log2fc_neg_pre,WOOOWOOW,OOOOWOOW,5,6,0.0075632124359773,-0.7424311349231494,-0.7499943473591267,False
3,log2fc_neg_pre,OOOOWOWW,OOOOWOWO,5,6,-0.7283583148870763,0.7065066765749928,1.434864991462069,True
3,log2fc_neg_pre,OOOOWWWO,OOOOWOWO,5,6,-0.4872123694296196,0.7065066765749928,1.1937190460046123,True
3,log2fc_neg_pre,OOOWWOWO,OOOOWOWO,5,6,-0.942826253286356,0.7065066765749928,1.6493329298613488,True
3,log2fc_neg_pre,OOWOWOWO,OOOOWOWO,5,6,0.0981730120038381,0.7065066765749928,0.6083336645711547,True
3,log2fc_neg_pre,OWOOWOWO,OOOOWOWO,5,6,-0.700259773531843,0.7065066765749928,1.4067664501068358,True
3,log2fc_neg_pre,WOOOWOWO,OOOOWOWO,5,6,1.1687205928391775,0.7065066765749928,-0.46221391626418473,False
3,log2fc_neg_pre,OOOOWWWW,OOOOWOWW,4,5,-0.0921441298680446,-0.7283583148870763,-0.6362141850190317,False
3,log2fc_neg_pre,OOOWWOWW,OOOOWOWW,4,5,-1.92908456928718,-0.7283583148870763,1.2007262544001038,True
3,log2fc_neg_pre,OOWOWOWW,OOOOWOWW,4,5,-0.3697381306642741,-0.7283583148870763,-0.3586201842228022,False
3,log2fc_neg_pre,OWOOWOWW,OOOOWOWW,4,5,0.2790760937520686,-0.7283583148870763,-1.007434408639145,False
3,log2fc_neg_pre,WOOOWOWW,OOOOWOWW,4,5,-0.139281073280918,-0.7283583148870763,-0.5890772416061583,False
3,log2fc_neg_pre,OOOOWWOW,OOOOWWOO,5,6,-1.09897304486519,0.3223382122916138,1.4213112571568038,True
3,log2fc_neg_pre,OOOOWWWO,OOOOWWOO,5,6,-0.4872123694296196,0.3223382122916138,0.8095505817212334,True
3,log2fc_neg_pre,OOOWWWOO,OOOOWWOO,5,6,0.3501732576726684,0.3223382122916138,-0.02783504538105458,False
3,log2fc_neg_pre,OOWOWWOO,OOOOWWOO,5,6,1.3008605714387391,0.3223382122916138,-0.9785223591471253,False
3,log2fc_neg_pre,OWOOWWOO,OOOOWWOO,5,6,-1.647637645210253,0.3223382122916138,1.9699758575018669,True
3,log2fc_neg_pre,WOOOWWOO,OOOOWWOO,5,6,1.0591781327919805,0.3223382122916138,-0.7368399205003666,False
3,log2fc_neg_pre,OOOOWWWW,OOOOWWOW,4,5,-0.0921441298680446,-1.09897304486519,-1.0068289149971454,False
3,log2fc_neg_pre,OOOWWWOW,OOOOWWOW,4,5,-0.7115848559834996,-1.09897304486519,-0.38738818888169035,False
3,log2fc_neg_pre,OOWOWWOW,OOOOWWOW,4,5,-0.7236099749704884,-1.09897304486519,-0.3753630698947016,False
3,log2fc_neg_pre,OWOOWWOW,OOOOWWOW,4,5,0.4271548432080477,-1.09897304486519,-1.5261278880732376,False
3,log2fc_neg_pre,WOOOWWOW,OOOOWWOW,4,5,0.5392093820199739,-1.09897304486519,-1.638182426885164,False
3,log2fc_neg_pre,OOOOWWWW,OOOOWWWO,4,5,-0.0921441298680446,-0.4872123694296196,-0.395068239561575,False
3,log2fc_neg_pre,OOOWWWWO,OOOOWWWO,4,5,0.2670066151287522,-0.4872123694296196,-0.7542189845583718,False
3,log2fc_neg_pre,OOWOWWWO,OOOOWWWO,4,5,0.0359537909889415,-0.4872123694296196,-0.5231661604185611,False
3,log2fc_neg_pre,OWOOWWWO,OOOOWWWO,4,5,0.1893039218216879,-0.4872123694296196,-0.6765162912513075,False
3,log2fc_neg_pre,WOOOWWWO,OOOOWWWO,4,5,0.0399915146912276,-0.4872123694296196,-0.5272038841208472,False
3,log2fc_neg_pre,OOOWWWWW,OOOOWWWW,3,4,-0.4986819314628822,-0.0921441298680446,0.4065378015948376,True
3,log2fc_neg_pre,OOWOWWWW,OOOOWWWW,3,4,-0.8501186270354287,-0.0921441298680446,0.7579744971673841,True
3,log2fc_neg_pre,OWOOWWWW,OOOOWWWW,3,4,-1.5424715321905418,-0.0921441298680446,1.4503274023224972,True
3,log2fc_neg_pre,WOOOWWWW,OOOOWWWW,3,4,0.2937471418063071,-0.0921441298680446,-0.3858912716743517,False
3,log2fc_neg_pre,OOOWOOOW,OOOWOOOO,6,7,-0.4971395324671309,0.8265731394088366,1.3237126718759675,True
3,log2fc_neg_pre,OOOWOOWO,OOOWOOOO,6,7,-0.7073466601913274,0.8265731394088366,1.533919799600164,True
3,log2fc_neg_pre,OOOWOWOO,OOOWOOOO,6,7,-1.6808080636008909,0.8265731394088366,2.5073812030097273,True
3,log2fc_neg_pre,OOOWWOOO,OOOWOOOO,6,7,-0.7339198292046476,0.8265731394088366,1.560492968613484,True
3,log2fc_neg_pre,OOWWOOOO,OOOWOOOO,6,7,0.7886076064066457,0.8265731394088366,0.037965533002190854,True
3,log2fc_neg_pre,OWOWOOOO,OOOWOOOO,6,7,-0.0419110515274126,0.8265731394088366,0.8684841909362492,True
3,log2fc_neg_pre,WOOWOOOO,OOOWOOOO,6,7,0.3639915161076575,0.8265731394088366,0.4625816233011791,True
3,log2fc_neg_pre,OOOWOOWW,OOOWOOOW,5,6,-0.9037147349745596,-0.4971395324671309,0.4065752025074287,True
3,log2fc_neg_pre,OOOWOWOW,OOOWOOOW,5,6,-0.4613630099280448,-0.4971395324671309,-0.035776522539086086,False
3,log2fc_neg_pre,OOOWWOOW,OOOWOOOW,5,6,-0.351522431061884,-0.4971395324671309,-0.14561710140524686,False
3,log2fc_neg_pre,OOWWOOOW,OOOWOOOW,5,6,0.2614342784285822,-0.4971395324671309,-0.7585738108957131,False
3,log2fc_neg_pre,OWOWOOOW,OOOWOOOW,5,6,1.6191880093672892,-0.4971395324671309,-2.11632754183442,False
3,log2fc_neg_pre,WOOWOOOW,OOOWOOOW,5,6,-1.1658037522710485,-0.4971395324671309,0.6686642198039177,True
3,log2fc_neg_pre,OOOWOOWW,OOOWOOWO,5,6,-0.9037147349745596,-0.7073466601913274,0.19636807478323215,True
3,log2fc_neg_pre,OOOWOWWO,OOOWOOWO,5,6,-0.8551141167172186,-0.7073466601913274,0.14776745652589118,True
3,log2fc_neg_pre,OOOWWOWO,OOOWOOWO,5,6,-0.942826253286356,-0.7073466601913274,0.23547959309502864,True
3,log2fc_neg_pre,OOWWOOWO,OOOWOOWO,5,6,0.4117774374664776,-0.7073466601913274,-1.119124097657805,False
3,log2fc_neg_pre,OWOWOOWO,OOOWOOWO,5,6,1.0915640629778094,-0.7073466601913274,-1.7989107231691368,False
3,log2fc_neg_pre,WOOWOOWO,OOOWOOWO,5,6,-0.2533760589334722,-0.7073466601913274,-0.4539706012578552,False
3,log2fc_neg_pre,OOOWOWWW,OOOWOOWW,4,5,-2.8829992524241272,-0.9037147349745596,1.9792845174495677,True
3,log2fc_neg_pre,OOOWWOWW,OOOWOOWW,4,5,-1.92908456928718,-0.9037147349745596,1.0253698343126205,True
3,log2fc_neg_pre,OOWWOOWW,OOOWOOWW,4,5,-1.2399506631601234,-0.9037147349745596,0.3362359281855638,True
3,log2fc_neg_pre,OWOWOOWW,OOOWOOWW,4,5,0.4613882912641999,-0.9037147349745596,-1.3651030262387596,False
3,log2fc_neg_pre,WOOWOOWW,OOOWOOWW,4,5,-0.5011857941413068,-0.9037147349745596,-0.40252894083325275,False
3,log2fc_neg_pre,OOOWOWOW,OOOWOWOO,5,6,-0.4613630099280448,-1.6808080636008909,-1.219445053672846,False
3,log2fc_neg_pre,OOOWOWWO,OOOWOWOO,5,6,-0.8551141167172186,-1.6808080636008909,-0.8256939468836723,False
3,log2fc_neg_pre,OOOWWWOO,OOOWOWOO,5,6,0.3501732576726684,-1.6808080636008909,-2.0309813212735595,False
3,log2fc_neg_pre,OOWWOWOO,OOOWOWOO,5,6,-1.0515317013611487,-1.6808080636008909,-0.6292763622397421,False
3,log2fc_neg_pre,OWOWOWOO,OOOWOWOO,5,6,0.7485145671906818,-1.6808080636008909,-2.4293226307915727,False
3,log2fc_neg_pre,WOOWOWOO,OOOWOWOO,5,6,-1.1106562391117296,-1.6808080636008909,-0.5701518244891612,False
3,log2fc_neg_pre,OOOWOWWW,OOOWOWOW,4,5,-2.8829992524241272,-0.4613630099280448,2.4216362424960822,True
3,log2fc_neg_pre,OOOWWWOW,OOOWOWOW,4,5,-0.7115848559834996,-0.4613630099280448,0.25022184605545483,True
3,log2fc_neg_pre,OOWWOWOW,OOOWOWOW,4,5,-0.2676731115125562,-0.4613630099280448,-0.19368989841548861,False
3,log2fc_neg_pre,OWOWOWOW,OOOWOWOW,4,5,-0.293038194428278,-0.4613630099280448,-0.1683248154997668,False
3,log2fc_neg_pre,WOOWOWOW,OOOWOWOW,4,5,-0.1618334923011027,-0.4613630099280448,-0.29952951762694213,False
3,log2fc_neg_pre,OOOWOWWW,OOOWOWWO,4,5,-2.8829992524241272,-0.8551141167172186,2.0278851357069088,True
3,log2fc_neg_pre,OOOWWWWO,OOOWOWWO,4,5,0.2670066151287522,-0.8551141167172186,-1.1221207318459707,False
3,log2fc_neg_pre,OOWWOWWO,OOOWOWWO,4,5,0.5954446176715531,-0.8551141167172186,-1.4505587343887716,False
3,log2fc_neg_pre,OWOWOWWO,OOOWOWWO,4,5,-0.4008441643257365,-0.8551141167172186,-0.4542699523914821,False
3,log2fc_neg_pre,WOOWOWWO,OOOWOWWO,4,5,0.6613255050322047,-0.8551141167172186,-1.5164396217494232,False
3,log2fc_neg_pre,OOOWWWWW,OOOWOWWW,3,4,-0.4986819314628822,-2.8829992524241272,-2.384317320961245,False
3,log2fc_neg_pre,OOWWOWWW,OOOWOWWW,3,4,-0.1839167023391702,-2.8829992524241272,-2.699082550084957,False
3,log2fc_neg_pre,OWOWOWWW,OOOWOWWW,3,4,-1.5129308025267765,-2.8829992524241272,-1.3700684498973508,False
3,log2fc_neg_pre,WOOWOWWW,OOOWOWWW,3,4,-1.746118947845502,-2.8829992524241272,-1.1368803045786253,False
3,log2fc_neg_pre,OOOWWOOW,OOOWWOOO,5,6,-0.351522431061884,-0.7339198292046476,-0.3823973981427636,False
3,log2fc_neg_pre,OOOWWOWO,OOOWWOOO,5,6,-0.942826253286356,-0.7339198292046476,0.20890642408170845,True
3,log2fc_neg_pre,OOOWWWOO,OOOWWOOO,5,6,0.3501732576726684,-0.7339198292046476,-1.084093086877316,False
3,log2fc_neg_pre,OOWWWOOO,OOOWWOOO,5,6,0.1921598664568946,-0.7339198292046476,-0.9260796956615422,False
3,log2fc_neg_pre,OWOWWOOO,OOOWWOOO,5,6,-0.9308263202737416,-0.7339198292046476,0.19690649106909397,True
3,log2fc_neg_pre,WOOWWOOO,OOOWWOOO,5,6,-0.1781377687905371,-0.7339198292046476,-0.5557820604141105,False
3,log2fc_neg_pre,OOOWWOWW,OOOWWOOW,4,5,-1.92908456928718,-0.351522431061884,1.577562138225296,True
3,log2fc_neg_pre,OOOWWWOW,OOOWWOOW,4,5,-0.7115848559834996,-0.351522431061884,0.3600624249216156,True
3,log2fc_neg_pre,OOWWWOOW,OOOWWOOW,4,5,-2.320917005588245,-0.351522431061884,1.969394574526361,True
3,log2fc_neg_pre,OWOWWOOW,OOOWWOOW,4,5,-0.5033491456759679,-0.351522431061884,0.15182671461408387,True
3,log2fc_neg_pre,WOOWWOOW,OOOWWOOW,4,5,0.5200143277524844,-0.351522431061884,-0.8715367588143683,False
3,log2fc_neg_pre,OOOWWOWW,OOOWWOWO,4,5,-1.92908456928718,-0.942826253286356,0.986258316000824,True
3,log2fc_neg_pre,OOOWWWWO,OOOWWOWO,4,5,0.2670066151287522,-0.942826253286356,-1.2098328684151083,False
3,log2fc_neg_pre,OOWWWOWO,OOOWWOWO,4,5,0.1958328174091344,-0.942826253286356,-1.1386590706954904,False
3,log2fc_neg_pre,OWOWWOWO,OOOWWOWO,4,5,-1.091851330712266,-0.942826253286356,0.14902507742590987,True
3,log2fc_neg_pre,WOOWWOWO,OOOWWOWO,4,5,-4.603787199645084,-0.942826253286356,3.660960946358728,True
3,log2fc_neg_pre,OOOWWWWW,OOOWWOWW,3,4,-0.4986819314628822,-1.92908456928718,-1.4304026378242978,False
3,log2fc_neg_pre,OOWWWOWW,OOOWWOWW,3,4,-0.0002471772346165,-1.92908456928718,-1.9288373920525637,False
3,log2fc_neg_pre,OWOWWOWW,OOOWWOWW,3,4,-0.8122381612434814,-1.92908456928718,-1.1168464080436986,False
3,log2fc_neg_pre,WOOWWOWW,OOOWWOWW,3,4,-0.1584294792234104,-1.92908456928718,-1.7706550900637696,False
3,log2fc_neg_pre,OOOWWWOW,OOOWWWOO,4,5,-0.7115848559834996,0.3501732576726684,1.061758113656168,True
3,log2fc_neg_pre,OOOWWWWO,OOOWWWOO,4,5,0.2670066151287522,0.3501732576726684,0.0831666425439162,True
3,log2fc_neg_pre,OOWWWWOO,OOOWWWOO,4,5,0.4549742274513244,0.3501732576726684,-0.104800969778656,False
3,log2fc_neg_pre,OWOWWWOO,OOOWWWOO,4,5,0.640271172101654,0.3501732576726684,-0.2900979144289856,False
3,log2fc_neg_pre,WOOWWWOO,OOOWWWOO,4,5,1.279457404675402,0.3501732576726684,-0.9292841470027335,False
3,log2fc_neg_pre,OOOWWWWW,OOOWWWOW,3,4,-0.4986819314628822,-0.7115848559834996,-0.21290292452061743,False
3,log2fc_neg_pre,OOWWWWOW,OOOWWWOW,3,4,0.0975052384263887,-0.7115848559834996,-0.8090900944098883,False
3,log2fc_neg_pre,OWOWWWOW,OOOWWWOW,3,4,0.0284444764742686,-0.7115848559834996,-0.7400293324577683,False
3,log2fc_neg_pre,WOOWWWOW,OOOWWWOW,3,4,0.845352833503247,-0.7115848559834996,-1.5569376894867466,False
3,log2fc_neg_pre,OOOWWWWW,OOOWWWWO,3,4,-0.4986819314628822,0.2670066151287522,0.7656885465916343,True
3,log2fc_neg_pre,OOWWWWWO,OOOWWWWO,3,4,0.5309769227311881,0.2670066151287522,-0.26397030760243595,False
3,log2fc_neg_pre,OWOWWWWO,OOOWWWWO,3,4,-1.182488625663345,0.2670066151287522,1.4494952407920971,True
3,log2fc_neg_pre,WOOWWWWO,OOOWWWWO,3,4,0.508182903124026,0.2670066151287522,-0.24117628799527385,False
3,log2fc_neg_pre,OOWWWWWW,OOOWWWWW,2,3,-1.2445048457455363,-0.4986819314628822,0.7458229142826541,True
3,log2fc_neg_pre,OWOWWWWW,OOOWWWWW,2,3,0.4058813184035781,-0.4986819314628822,-0.9045632498664603,False
3,log2fc_neg_pre,WOOWWWWW,OOOWWWWW,2,3,-1.411607297227922,-0.4986819314628822,0.9129253657650399,True
3,log2fc_neg_pre,OOWOOOOW,OOWOOOOO,6,7,-1.0587926607841656,1.8777029217732653,2.9364955825574306,True
3,log2fc_neg_pre,OOWOOOWO,OOWOOOOO,6,7,0.1381298894073028,1.8777029217732653,1.7395730323659624,True
3,log2fc_neg_pre,OOWOOWOO,OOWOOOOO,6,7,1.846907373210212,1.8777029217732653,0.030795548563053332,True
3,log2fc_neg_pre,OOWOWOOO,OOWOOOOO,6,7,0.2125758378685991,1.8777029217732653,1.6651270839046661,True
3,log2fc_neg_pre,OOWWOOOO,OOWOOOOO,6,7,0.7886076064066457,1.8777029217732653,1.0890953153666194,True
3,log2fc_neg_pre,OWWOOOOO,OOWOOOOO,6,7,-0.2613699666058828,1.8777029217732653,2.139072888379148,True
3,log2fc_neg_pre,WOWOOOOO,OOWOOOOO,6,7,1.1451318696435318,1.8777029217732653,0.7325710521297335,True
3,log2fc_neg_pre,OOWOOOWW,OOWOOOOW,5,6,-1.6868256315157486,-1.0587926607841656,0.628032970731583,True
3,log2fc_neg_pre,OOWOOWOW,OOWOOOOW,5,6,-0.1873418216703789,-1.0587926607841656,-0.8714508391137866,False
3,log2fc_neg_pre,OOWOWOOW,OOWOOOOW,5,6,-0.9766873261838208,-1.0587926607841656,-0.08210533460034475,False
3,log2fc_neg_pre,OOWWOOOW,OOWOOOOW,5,6,0.2614342784285822,-1.0587926607841656,-1.3202269392127477,False
3,log2fc_neg_pre,OWWOOOOW,OOWOOOOW,5,6,1.6161648521618357,-1.0587926607841656,-2.6749575129460013,False
3,log2fc_neg_pre,WOWOOOOW,OOWOOOOW,5,6,-1.6432944845582296,-1.0587926607841656,0.584501823774064,True
3,log2fc_neg_pre,OOWOOOWW,OOWOOOWO,5,6,-1.6868256315157486,0.1381298894073028,1.8249555209230515,True
3,log2fc_neg_pre,OOWOOWWO,OOWOOOWO,5,6,0.3226694083268921,0.1381298894073028,-0.1845395189195893,False
3,log2fc_neg_pre,OOWOWOWO,OOWOOOWO,5,6,0.0981730120038381,0.1381298894073028,0.03995687740346471,True
3,log2fc_neg_pre,OOWWOOWO,OOWOOOWO,5,6,0.4117774374664776,0.1381298894073028,-0.2736475480591748,False
3,log2fc_neg_pre,OWWOOOWO,OOWOOOWO,5,6,-1.2536509538006686,0.1381298894073028,1.3917808432079715,True
3,log2fc_neg_pre,WOWOOOWO,OOWOOOWO,5,6,-0.5292271099331196,0.1381298894073028,0.6673569993404225,True
3,log2fc_neg_pre,OOWOOWWW,OOWOOOWW,4,5,0.7880607891944369,-1.6868256315157486,-2.4748864207101855,False
3,log2fc_neg_pre,OOWOWOWW,OOWOOOWW,4,5,-0.3697381306642741,-1.6868256315157486,-1.3170875008514744,False
3,log2fc_neg_pre,OOWWOOWW,OOWOOOWW,4,5,-1.2399506631601234,-1.6868256315157486,-0.44687496835562524,False
3,log2fc_neg_pre,OWWOOOWW,OOWOOOWW,4,5,-0.0654547164671177,-1.6868256315157486,-1.6213709150486308,False
3,log2fc_neg_pre,WOWOOOWW,OOWOOOWW,4,5,-0.6053662707059448,-1.6868256315157486,-1.0814593608098038,False
3,log2fc_neg_pre,OOWOOWOW,OOWOOWOO,5,6,-0.1873418216703789,1.846907373210212,2.0342491948805907,True
3,log2fc_neg_pre,OOWOOWWO,OOWOOWOO,5,6,0.3226694083268921,1.846907373210212,1.5242379648833198,True
3,log2fc_neg_pre,OOWOWWOO,OOWOOWOO,5,6,1.3008605714387391,1.846907373210212,0.5460468017714728,True
3,log2fc_neg_pre,OOWWOWOO,OOWOOWOO,5,6,-1.0515317013611487,1.846907373210212,2.8984390745713604,True
3,log2fc_neg_pre,OWWOOWOO,OOWOOWOO,5,6,-3.252019585109651,1.846907373210212,5.098926958319863,True
3,log2fc_neg_pre,WOWOOWOO,OOWOOWOO,5,6,-2.2131827720513795,1.846907373210212,4.060090145261592,True
3,log2fc_neg_pre,OOWOOWWW,OOWOOWOW,4,5,0.7880607891944369,-0.1873418216703789,-0.9754026108648158,False
3,log2fc_neg_pre,OOWOWWOW,OOWOOWOW,4,5,-0.7236099749704884,-0.1873418216703789,0.5362681533001095,True
3,log2fc_neg_pre,OOWWOWOW,OOWOOWOW,4,5,-0.2676731115125562,-0.1873418216703789,0.08033128984217727,True
3,log2fc_neg_pre,OWWOOWOW,OOWOOWOW,4,5,-0.2762431566378721,-0.1873418216703789,0.08890133496749317,True
3,log2fc_neg_pre,WOWOOWOW,OOWOOWOW,4,5,-0.0756412656140241,-0.1873418216703789,-0.11170055605635482,False
3,log2fc_neg_pre,OOWOOWWW,OOWOOWWO,4,5,0.7880607891944369,0.3226694083268921,-0.4653913808675448,False
3,log2fc_neg_pre,OOWOWWWO,OOWOOWWO,4,5,0.0359537909889415,0.3226694083268921,0.2867156173379506,True
3,log2fc_neg_pre,OOWWOWWO,OOWOOWWO,4,5,0.5954446176715531,0.3226694083268921,-0.272775209344661,False
3,log2fc_neg_pre,OWWOOWWO,OOWOOWWO,4,5,-1.383449164310834,0.3226694083268921,1.7061185726377261,True
3,log2fc_neg_pre,WOWOOWWO,OOWOOWWO,4,5,-1.1900741440980334,0.3226694083268921,1.5127435524249255,True
3,log2fc_neg_pre,OOWOWWWW,OOWOOWWW,3,4,-0.8501186270354287,0.7880607891944369,1.6381794162298657,True
3,log2fc_neg_pre,OOWWOWWW,OOWOOWWW,3,4,-0.1839167023391702,0.7880607891944369,0.9719774915336071,True
3,log2fc_neg_pre,OWWOOWWW,OOWOOWWW,3,4,0.335236887246896,0.7880607891944369,0.4528239019475409,True
3,log2fc_neg_pre,WOWOOWWW,OOWOOWWW,3,4,-1.8336097482568192,0.7880607891944369,2.621670537451256,True
3,log2fc_neg_pre,OOWOWOOW,OOWOWOOO,5,6,-0.9766873261838208,0.2125758378685991,1.1892631640524198,True
3,log2fc_neg_pre,OOWOWOWO,OOWOWOOO,5,6,0.0981730120038381,0.2125758378685991,0.114402825864761,True
3,log2fc_neg_pre,OOWOWWOO,OOWOWOOO,5,6,1.3008605714387391,0.2125758378685991,-1.08828473357014,False
3,log2fc_neg_pre,OOWWWOOO,OOWOWOOO,5,6,0.1921598664568946,0.2125758378685991,0.02041597141170451,True
3,log2fc_neg_pre,OWWOWOOO,OOWOWOOO,5,6,0.3105755630083458,0.2125758378685991,-0.09799972513974672,False
3,log2fc_neg_pre,WOWOWOOO,OOWOWOOO,5,6,1.649158327913383,0.2125758378685991,-1.4365824900447839,False
3,log2fc_neg_pre,OOWOWOWW,OOWOWOOW,4,5,-0.3697381306642741,-0.9766873261838208,-0.6069491955195467,False
3,log2fc_neg_pre,OOWOWWOW,OOWOWOOW,4,5,-0.7236099749704884,-0.9766873261838208,-0.2530773512133324,False
3,log2fc_neg_pre,OOWWWOOW,OOWOWOOW,4,5,-2.320917005588245,-0.9766873261838208,1.3442296794044242,True
3,log2fc_neg_pre,OWWOWOOW,OOWOWOOW,4,5,-0.173343607179708,-0.9766873261838208,-0.8033437190041128,False
3,log2fc_neg_pre,WOWOWOOW,OOWOWOOW,4,5,0.1266177499262903,-0.9766873261838208,-1.103305076110111,False
3,log2fc_neg_pre,OOWOWOWW,OOWOWOWO,4,5,-0.3697381306642741,0.0981730120038381,0.4679111426681122,True
3,log2fc_neg_pre,OOWOWWWO,OOWOWOWO,4,5,0.0359537909889415,0.0981730120038381,0.0622192210148966,True
3,log2fc_neg_pre,OOWWWOWO,OOWOWOWO,4,5,0.1958328174091344,0.0981730120038381,-0.09765980540529631,False
3,log2fc_neg_pre,OWWOWOWO,OOWOWOWO,4,5,-0.0646661634834429,0.0981730120038381,0.162839175487281,True
3,log2fc_neg_pre,WOWOWOWO,OOWOWOWO,4,5,0.7841897893658597,0.0981730120038381,-0.6860167773620216,False
3,log2fc_neg_pre,OOWOWWWW,OOWOWOWW,3,4,-0.8501186270354287,-0.3697381306642741,0.48038049637115465,True
3,log2fc_neg_pre,OOWWWOWW,OOWOWOWW,3,4,-0.0002471772346165,-0.3697381306642741,-0.3694909534296576,False
3,log2fc_neg_pre,OWWOWOWW,OOWOWOWW,3,4,-0.6028857203235869,-0.3697381306642741,0.23314758965931281,True
3,log2fc_neg_pre,WOWOWOWW,OOWOWOWW,3,4,-0.7082924203599303,-0.3697381306642741,0.33855428969565626,True
3,log2fc_neg_pre,OOWOWWOW,OOWOWWOO,4,5,-0.7236099749704884,1.3008605714387391,2.0244705464092276,True
3,log2fc_neg_pre,OOWOWWWO,OOWOWWOO,4,5,0.0359537909889415,1.3008605714387391,1.2649067804497975,True
3,log2fc_neg_pre,OOWWWWOO,OOWOWWOO,4,5,0.4549742274513244,1.3008605714387391,0.8458863439874147,True
3,log2fc_neg_pre,OWWOWWOO,OOWOWWOO,4,5,-0.518108324666291,1.3008605714387391,1.81896889610503,True
3,log2fc_neg_pre,WOWOWWOO,OOWOWWOO,4,5,-0.4085948009197654,1.3008605714387391,1.7094553723585046,True
3,log2fc_neg_pre,OOWOWWWW,OOWOWWOW,3,4,-0.8501186270354287,-0.7236099749704884,0.12650865206494033,True
3,log2fc_neg_pre,OOWWWWOW,OOWOWWOW,3,4,0.0975052384263887,-0.7236099749704884,-0.8211152133968771,False
3,log2fc_neg_pre,OWWOWWOW,OOWOWWOW,3,4,-2.4915123966412165,-0.7236099749704884,1.767902421670728,True
3,log2fc_neg_pre,WOWOWWOW,OOWOWWOW,3,4,-1.5959168608990688,-0.7236099749704884,0.8723068859285804,True
3,log2fc_neg_pre,OOWOWWWW,OOWOWWWO,3,4,-0.8501186270354287,0.0359537909889415,0.8860724180243702,True
3,log2fc_neg_pre,OOWWWWWO,OOWOWWWO,3,4,0.5309769227311881,0.0359537909889415,-0.49502313174224666,False
3,log2fc_neg_pre,OWWOWWWO,OOWOWWWO,3,4,0.9594721310238477,0.0359537909889415,-0.9235183400349062,False
3,log2fc_neg_pre,WOWOWWWO,OOWOWWWO,3,4,0.3953120152271529,0.0359537909889415,-0.3593582242382114,False
3,log2fc_neg_pre,OOWWWWWW,OOWOWWWW,2,3,-1.2445048457455363,-0.8501186270354287,0.3943862187101076,True
3,log2fc_neg_pre,OWWOWWWW,OOWOWWWW,2,3,-1.7261611224036653,-0.8501186270354287,0.8760424953682365,True
3,log2fc_neg_pre,WOWOWWWW,OOWOWWWW,2,3,-1.5090350751714878,-0.8501186270354287,0.6589164481360591,True
3,log2fc_neg_pre,OOWWOOOW,OOWWOOOO,5,6,0.2614342784285822,0.7886076064066457,0.5271733279780635,True
3,log2fc_neg_pre,OOWWOOWO,OOWWOOOO,5,6,0.4117774374664776,0.7886076064066457,0.37683016894016813,True
3,log2fc_neg_pre,OOWWOWOO,OOWWOOOO,5,6,-1.0515317013611487,0.7886076064066457,1.8401393077677946,True
3,log2fc_neg_pre,OOWWWOOO,OOWWOOOO,5,6,0.1921598664568946,0.7886076064066457,0.5964477399497512,True
3,log2fc_neg_pre,OWWWOOOO,OOWWOOOO,5,6,1.4223063707577404,0.7886076064066457,-0.6336987643510946,False
3,log2fc_neg_pre,WOWWOOOO,OOWWOOOO,5,6,-3.071181844276291,0.7886076064066457,3.8597894506829364,True
3,log2fc_neg_pre,OOWWOOWW,OOWWOOOW,4,5,-1.2399506631601234,0.2614342784285822,1.5013849415887055,True
3,log2fc_neg_pre,OOWWOWOW,OOWWOOOW,4,5,-0.2676731115125562,0.2614342784285822,0.5291073899411384,True
3,log2fc_neg_pre,OOWWWOOW,OOWWOOOW,4,5,-2.320917005588245,0.2614342784285822,2.5823512840168275,True
3,log2fc_neg_pre,OWWWOOOW,OOWWOOOW,4,5,-0.4567787922205844,0.2614342784285822,0.7182130706491665,True
3,log2fc_neg_pre,WOWWOOOW,OOWWOOOW,4,5,0.1706515873791519,0.2614342784285822,0.09078269104943029,True
3,log2fc_neg_pre,OOWWOOWW,OOWWOOWO,4,5,-1.2399506631601234,0.4117774374664776,1.651728100626601,True
3,log2fc_neg_pre,OOWWOWWO,OOWWOOWO,4,5,0.5954446176715531,0.4117774374664776,-0.1836671802050755,False
3,log2fc_neg_pre,OOWWWOWO,OOWWOOWO,4,5,0.1958328174091344,0.4117774374664776,0.2159446200573432,True
3,log2fc_neg_pre,OWWWOOWO,OOWWOOWO,4,5,-1.7045600854341074,0.4117774374664776,2.116337522900585,True
3,log2fc_neg_pre,WOWWOOWO,OOWWOOWO,4,5,0.6445196781825246,0.4117774374664776,-0.23274224071604704,False
3,log2fc_neg_pre,OOWWOWWW,OOWWOOWW,3,4,-0.1839167023391702,-1.2399506631601234,-1.0560339608209532,False
3,log2fc_neg_pre,OOWWWOWW,OOWWOOWW,3,4,-0.0002471772346165,-1.2399506631601234,-1.239703485925507,False
3,log2fc_neg_pre,OWWWOOWW,OOWWOOWW,3,4,-0.2466032655316955,-1.2399506631601234,-0.9933473976284278,False
3,log2fc_neg_pre,WOWWOOWW,OOWWOOWW,3,4,0.5787716735033693,-1.2399506631601234,-1.8187223366634928,False
3,log2fc_neg_pre,OOWWOWOW,OOWWOWOO,4,5,-0.2676731115125562,-1.0515317013611487,-0.7838585898485926,False
3,log2fc_neg_pre,OOWWOWWO,OOWWOWOO,4,5,0.5954446176715531,-1.0515317013611487,-1.6469763190327018,False
3,log2fc_neg_pre,OOWWWWOO,OOWWOWOO,4,5,0.4549742274513244,-1.0515317013611487,-1.5065059288124731,False
3,log2fc_neg_pre,OWWWOWOO,OOWWOWOO,4,5,-0.1745386549255027,-1.0515317013611487,-0.876993046435646,False
3,log2fc_neg_pre,WOWWOWOO,OOWWOWOO,4,5,0.6042906140319841,-1.0515317013611487,-1.6558223153931328,False
3,log2fc_neg_pre,OOWWOWWW,OOWWOWOW,3,4,-0.1839167023391702,-0.2676731115125562,-0.08375640917338598,False
3,log2fc_neg_pre,OOWWWWOW,OOWWOWOW,3,4,0.0975052384263887,-0.2676731115125562,-0.3651783499389449,False
3,log2fc_neg_pre,OWWWOWOW,OOWWOWOW,3,4,-0.8760554685526265,-0.2676731115125562,0.6083823570400704,True
3,log2fc_neg_pre,WOWWOWOW,OOWWOWOW,3,4,-2.1243670934682184,-0.2676731115125562,1.8566939819556623,True
3,log2fc_neg_pre,OOWWOWWW,OOWWOWWO,3,4,-0.1839167023391702,0.5954446176715531,0.7793613200107233,True
3,log2fc_neg_pre,OOWWWWWO,OOWWOWWO,3,4,0.5309769227311881,0.5954446176715531,0.06446769494036497,True
3,log2fc_neg_pre,OWWWOWWO,OOWWOWWO,3,4,-2.795705001387047,0.5954446176715531,3.3911496190586,True
3,log2fc_neg_pre,WOWWOWWO,OOWWOWWO,3,4,-0.1162976069672907,0.5954446176715531,0.7117422246388438,True
3,log2fc_neg_pre,OOWWWWWW,OOWWOWWW,2,3,-1.2445048457455363,-0.1839167023391702,1.0605881434063662,True
3,log2fc_neg_pre,OWWWOWWW,OOWWOWWW,2,3,1.1188279748555496,-0.1839167023391702,-1.3027446771947198,False
3,log2fc_neg_pre,WOWWOWWW,OOWWOWWW,2,3,1.1632877456626125,-0.1839167023391702,-1.3472044480017826,False
3,log2fc_neg_pre,OOWWWOOW,OOWWWOOO,4,5,-2.320917005588245,0.1921598664568946,2.5130768720451395,True
3,log2fc_neg_pre,OOWWWOWO,OOWWWOOO,4,5,0.1958328174091344,0.1921598664568946,-0.003672950952239823,False
3,log2fc_neg_pre,OOWWWWOO,OOWWWOOO,4,5,0.4549742274513244,0.1921598664568946,-0.2628143609944298,False
3,log2fc_neg_pre,OWWWWOOO,OOWWWOOO,4,5,-1.8039863639033549,0.1921598664568946,1.9961462303602495,True
3,log2fc_neg_pre,WOWWWOOO,OOWWWOOO,4,5,-2.6843398132065777,0.1921598664568946,2.876499679663472,True
3,log2fc_neg_pre,OOWWWOWW,OOWWWOOW,3,4,-0.0002471772346165,-2.320917005588245,-2.3206698283536284,False
3,log2fc_neg_pre,OOWWWWOW,OOWWWOOW,3,4,0.0975052384263887,-2.320917005588245,-2.418422244014634,False
3,log2fc_neg_pre,OWWWWOOW,OOWWWOOW,3,4,-0.0087689941973496,-2.320917005588245,-2.3121480113908954,False
3,log2fc_neg_pre,WOWWWOOW,OOWWWOOW,3,4,-0.2754972703403697,-2.320917005588245,-2.0454197352478753,False
3,log2fc_neg_pre,OOWWWOWW,OOWWWOWO,3,4,-0.0002471772346165,0.1958328174091344,0.19607999464375092,True
3,log2fc_neg_pre,OOWWWWWO,OOWWWOWO,3,4,0.5309769227311881,0.1958328174091344,-0.33514410532205374,False
3,log2fc_neg_pre,OWWWWOWO,OOWWWOWO,3,4,-0.5306940279536339,0.1958328174091344,0.7265268453627682,True
3,log2fc_neg_pre,WOWWWOWO,OOWWWOWO,3,4,-0.8340660096390985,0.1958328174091344,1.029898827048233,True
3,log2fc_neg_pre,OOWWWWWW,OOWWWOWW,2,3,-1.2445048457455363,-0.0002471772346165,1.24425766851092,True
3,log2fc_neg_pre,OWWWWOWW,OOWWWOWW,2,3,-0.7072339217770627,-0.0002471772346165,0.7069867445424461,True
3,log2fc_neg_pre,WOWWWOWW,OOWWWOWW,2,3,-0.7045839632371836,-0.0002471772346165,0.7043367860025671,True
3,log2fc_neg_pre,OOWWWWOW,OOWWWWOO,3,4,0.0975052384263887,0.4549742274513244,0.3574689890249357,True
3,log2fc_neg_pre,OOWWWWWO,OOWWWWOO,3,4,0.5309769227311881,0.4549742274513244,-0.07600269527986375,False
3,log2fc_neg_pre,OWWWWWOO,OOWWWWOO,3,4,-0.1899191993701397,0.4549742274513244,0.6448934268214641,True
3,log2fc_neg_pre,WOWWWWOO,OOWWWWOO,3,4,0.7748335679184993,0.4549742274513244,-0.31985934046717496,False
3,log2fc_neg_pre,OOWWWWWW,OOWWWWOW,2,3,-1.2445048457455363,0.0975052384263887,1.3420100841719251,True
3,log2fc_neg_pre,OWWWWWOW,OOWWWWOW,2,3,-0.0115719967162942,0.0975052384263887,0.1090772351426829,True
3,log2fc_neg_pre,WOWWWWOW,OOWWWWOW,2,3,0.9880256436428316,0.0975052384263887,-0.8905204052164429,False
3,log2fc_neg_pre,OOWWWWWW,OOWWWWWO,2,3,-1.2445048457455363,0.5309769227311881,1.7754817684767246,True
3,log2fc_neg_pre,OWWWWWWO,OOWWWWWO,2,3,-0.6642492181084365,0.5309769227311881,1.1952261408396248,True
3,log2fc_neg_pre,WOWWWWWO,OOWWWWWO,2,3,0.5796285870228948,0.5309769227311881,-0.04865166429170664,False
3,log2fc_neg_pre,OWWWWWWW,OOWWWWWW,1,2,-0.5605925617782687,-1.2445048457455363,-0.6839122839672677,False
3,log2fc_neg_pre,WOWWWWWW,OOWWWWWW,1,2,-0.5811959692288341,-1.2445048457455363,-0.6633088765167022,False
3,log2fc_neg_pre,OWOOOOOW,OWOOOOOO,6,7,-3.0182220842462866,1.4532755273924125,4.471497611638699,True
3,log2fc_neg_pre,OWOOOOWO,OWOOOOOO,6,7,0.423799458817508,1.4532755273924125,1.0294760685749045,True
3,log2fc_neg_pre,OWOOOWOO,OWOOOOOO,6,7,-0.2519434354905748,1.4532755273924125,1.7052189628829872,True
3,log2fc_neg_pre,OWOOWOOO,OWOOOOOO,6,7,-1.0327760023619998,1.4532755273924125,2.4860515297544126,True
3,log2fc_neg_pre,OWOWOOOO,OWOOOOOO,6,7,-0.0419110515274126,1.4532755273924125,1.495186578919825,True
3,log2fc_neg_pre,OWWOOOOO,OWOOOOOO,6,7,-0.2613699666058828,1.4532755273924125,1.7146454939982954,True
3,log2fc_neg_pre,WWOOOOOO,OWOOOOOO,6,7,0.8132637565778879,1.4532755273924125,0.6400117708145246,True
3,log2fc_neg_pre,OWOOOOWW,OWOOOOOW,5,6,0.9541440274787542,-3.0182220842462866,-3.972366111725041,False
3,log2fc_neg_pre,OWOOOWOW,OWOOOOOW,5,6,0.2837864541718885,-3.0182220842462866,-3.302008538418175,False
3,log2fc_neg_pre,OWOOWOOW,OWOOOOOW,5,6,0.0012729585871899,-3.0182220842462866,-3.0194950428334764,False
3,log2fc_neg_pre,OWOWOOOW,OWOOOOOW,5,6,1.6191880093672892,-3.0182220842462866,-4.637410093613576,False
3,log2fc_neg_pre,OWWOOOOW,OWOOOOOW,5,6,1.6161648521618357,-3.0182220842462866,-4.634386936408122,False
3,log2fc_neg_pre,WWOOOOOW,OWOOOOOW,5,6,-3.256360743170001,-3.0182220842462866,0.23813865892371444,True
3,log2fc_neg_pre,OWOOOOWW,OWOOOOWO,5,6,0.9541440274787542,0.423799458817508,-0.5303445686612461,False
3,log2fc_neg_pre,OWOOOWWO,OWOOOOWO,5,6,0.2628948908179506,0.423799458817508,0.16090456799955744,True
3,log2fc_neg_pre,OWOOWOWO,OWOOOOWO,5,6,-0.700259773531843,0.423799458817508,1.124059232349351,True
3,log2fc_neg_pre,OWOWOOWO,OWOOOOWO,5,6,1.0915640629778094,0.423799458817508,-0.6677646041603014,False
3,log2fc_neg_pre,OWWOOOWO,OWOOOOWO,5,6,-1.2536509538006686,0.423799458817508,1.6774504126181766,True
3,log2fc_neg_pre,WWOOOOWO,OWOOOOWO,5,6,-0.1487177874865084,0.423799458817508,0.5725172463040165,True
3,log2fc_neg_pre,OWOOOWWW,OWOOOOWW,4,5,0.1325917193668546,0.9541440274787542,0.8215523081118996,True
3,log2fc_neg_pre,OWOOWOWW,OWOOOOWW,4,5,0.2790760937520686,0.9541440274787542,0.6750679337266856,True
3,log2fc_neg_pre,OWOWOOWW,OWOOOOWW,4,5,0.4613882912641999,0.9541440274787542,0.49275573621455426,True
3,log2fc_neg_pre,OWWOOOWW,OWOOOOWW,4,5,-0.0654547164671177,0.9541440274787542,1.0195987439458718,True
3,log2fc_neg_pre,WWOOOOWW,OWOOOOWW,4,5,0.0892155181070882,0.9541440274787542,0.864928509371666,True
3,log2fc_neg_pre,OWOOOWOW,OWOOOWOO,5,6,0.2837864541718885,-0.2519434354905748,-0.5357298896624634,False
3,log2fc_neg_pre,OWOOOWWO,OWOOOWOO,5,6,0.2628948908179506,-0.2519434354905748,-0.5148383263085254,False
3,log2fc_neg_pre,OWOOWWOO,OWOOOWOO,5,6,-1.647637645210253,-0.2519434354905748,1.3956942097196783,True
3,log2fc_neg_pre,OWOWOWOO,OWOOOWOO,5,6,0.7485145671906818,-0.2519434354905748,-1.0004580026812566,False
3,log2fc_neg_pre,OWWOOWOO,OWOOOWOO,5,6,-3.252019585109651,-0.2519434354905748,3.000076149619076,True
3,log2fc_neg_pre,WWOOOWOO,OWOOOWOO,5,6,2.921981382956453,-0.2519434354905748,-3.173924818447028,False
3,log2fc_neg_pre,OWOOOWWW,OWOOOWOW,4,5,0.1325917193668546,0.2837864541718885,0.15119473480503393,True
3,log2fc_neg_pre,OWOOWWOW,OWOOOWOW,4,5,0.4271548432080477,0.2837864541718885,-0.14336838903615917,False
3,log2fc_neg_pre,OWOWOWOW,OWOOOWOW,4,5,-0.293038194428278,0.2837864541718885,0.5768246486001665,True
3,log2fc_neg_pre,OWWOOWOW,OWOOOWOW,4,5,-0.2762431566378721,0.2837864541718885,0.5600296108097607,True
3,log2fc_neg_pre,WWOOOWOW,OWOOOWOW,4,5,-0.1880198419964102,0.2837864541718885,0.4718062961682987,True
3,log2fc_neg_pre,OWOOOWWW,OWOOOWWO,4,5,0.1325917193668546,0.2628948908179506,0.130303171451096,True
3,log2fc_neg_pre,OWOOWWWO,OWOOOWWO,4,5,0.1893039218216879,0.2628948908179506,0.07359096899626269,True
3,log2fc_neg_pre,OWOWOWWO,OWOOOWWO,4,5,-0.4008441643257365,0.2628948908179506,0.663739055143687,True
3,log2fc_neg_pre,OWWOOWWO,OWOOOWWO,4,5,-1.383449164310834,0.2628948908179506,1.6463440551287847,True
3,log2fc_neg_pre,WWOOOWWO,OWOOOWWO,4,5,-0.2030753031738533,0.2628948908179506,0.4659701939918039,True
3,log2fc_neg_pre,OWOOWWWW,OWOOOWWW,3,4,-1.5424715321905418,0.1325917193668546,1.6750632515573964,True
3,log2fc_neg_pre,OWOWOWWW,OWOOOWWW,3,4,-1.5129308025267765,0.1325917193668546,1.6455225218936311,True
3,log2fc_neg_pre,OWWOOWWW,OWOOOWWW,3,4,0.335236887246896,0.1325917193668546,-0.2026451678800414,False
3,log2fc_neg_pre,WWOOOWWW,OWOOOWWW,3,4,0.2092909856604656,0.1325917193668546,-0.07669926629361101,False
3,log2fc_neg_pre,OWOOWOOW,OWOOWOOO,5,6,0.0012729585871899,-1.0327760023619998,-1.0340489609491899,False
3,log2fc_neg_pre,OWOOWOWO,OWOOWOOO,5,6,-0.700259773531843,-1.0327760023619998,-0.33251622883015686,False
3,log2fc_neg_pre,OWOOWWOO,OWOOWOOO,5,6,-1.647637645210253,-1.0327760023619998,0.6148616428482532,True
3,log2fc_neg_pre,OWOWWOOO,OWOOWOOO,5,6,-0.9308263202737416,-1.0327760023619998,-0.10194968208825828,False
3,log2fc_neg_pre,OWWOWOOO,OWOOWOOO,5,6,0.3105755630083458,-1.0327760023619998,-1.3433515653703456,False
3,log2fc_neg_pre,WWOOWOOO,OWOOWOOO,5,6,-2.0420064103385553,-1.0327760023619998,1.0092304079765555,True
3,log2fc_neg_pre,OWOOWOWW,OWOOWOOW,4,5,0.2790760937520686,0.0012729585871899,-0.2778031351648787,False
3,log2fc_neg_pre,OWOOWWOW,OWOOWOOW,4,5,0.4271548432080477,0.0012729585871899,-0.4258818846208578,False
3,log2fc_neg_pre,OWOWWOOW,OWOOWOOW,4,5,-0.5033491456759679,0.0012729585871899,0.5046221042631578,True
3,log2fc_neg_pre,OWWOWOOW,OWOOWOOW,4,5,-0.173343607179708,0.0012729585871899,0.1746165657668979,True
3,log2fc_neg_pre,WWOOWOOW,OWOOWOOW,4,5,0.5415405047939305,0.0012729585871899,-0.5402675462067406,False
3,log2fc_neg_pre,OWOOWOWW,OWOOWOWO,4,5,0.2790760937520686,-0.700259773531843,-0.9793358672839116,False
3,log2fc_neg_pre,OWOOWWWO,OWOOWOWO,4,5,0.1893039218216879,-0.700259773531843,-0.8895636953535309,False
3,log2fc_neg_pre,OWOWWOWO,OWOOWOWO,4,5,-1.091851330712266,-0.700259773531843,0.39159155718042293,True
3,log2fc_neg_pre,OWWOWOWO,OWOOWOWO,4,5,-0.0646661634834429,-0.700259773531843,-0.6355936100484001,False
3,log2fc_neg_pre,WWOOWOWO,OWOOWOWO,4,5,0.7853138887017099,-0.700259773531843,-1.485573662233553,False
3,log2fc_neg_pre,OWOOWWWW,OWOOWOWW,3,4,-1.5424715321905418,0.2790760937520686,1.8215476259426104,True
3,log2fc_neg_pre,OWOWWOWW,OWOOWOWW,3,4,-0.8122381612434814,0.2790760937520686,1.09131425499555,True
3,log2fc_neg_pre,OWWOWOWW,OWOOWOWW,3,4,-0.6028857203235869,0.2790760937520686,0.8819618140756555,True
3,log2fc_neg_pre,WWOOWOWW,OWOOWOWW,3,4,0.0278689169296561,0.2790760937520686,0.2512071768224125,True
3,log2fc_neg_pre,OWOOWWOW,OWOOWWOO,4,5,0.4271548432080477,-1.647637645210253,-2.074792488418301,False
3,log2fc_neg_pre,OWOOWWWO,OWOOWWOO,4,5,0.1893039218216879,-1.647637645210253,-1.836941567031941,False
3,log2fc_neg_pre,OWOWWWOO,OWOOWWOO,4,5,0.640271172101654,-1.647637645210253,-2.287908817311907,False
3,log2fc_neg_pre,OWWOWWOO,OWOOWWOO,4,5,-0.518108324666291,-1.647637645210253,-1.129529320543962,False
3,log2fc_neg_pre,WWOOWWOO,OWOOWWOO,4,5,-1.702324505051629,-1.647637645210253,0.05468685984137589,True
3,log2fc_neg_pre,OWOOWWWW,OWOOWWOW,3,4,-1.5424715321905418,0.4271548432080477,1.9696263753985894,True
3,log2fc_neg_pre,OWOWWWOW,OWOOWWOW,3,4,0.0284444764742686,0.4271548432080477,0.3987103667337791,True
3,log2fc_neg_pre,OWWOWWOW,OWOOWWOW,3,4,-2.4915123966412165,0.4271548432080477,2.918667239849264,True
3,log2fc_neg_pre,WWOOWWOW,OWOOWWOW,3,4,0.8361282701255808,0.4271548432080477,-0.4089734269175331,False
3,log2fc_neg_pre,OWOOWWWW,OWOOWWWO,3,4,-1.5424715321905418,0.1893039218216879,1.7317754540122297,True
3,log2fc_neg_pre,OWOWWWWO,OWOOWWWO,3,4,-1.182488625663345,0.1893039218216879,1.3717925474850328,True
3,log2fc_neg_pre,OWWOWWWO,OWOOWWWO,3,4,0.9594721310238477,0.1893039218216879,-0.7701682092021598,False
3,log2fc_neg_pre,WWOOWWWO,OWOOWWWO,3,4,0.1397901530040655,0.1893039218216879,0.0495137688176224,True
3,log2fc_neg_pre,OWOWWWWW,OWOOWWWW,2,3,0.4058813184035781,-1.5424715321905418,-1.94835285059412,False
3,log2fc_neg_pre,OWWOWWWW,OWOOWWWW,2,3,-1.7261611224036653,-1.5424715321905418,0.18368959021312348,True
3,log2fc_neg_pre,WWOOWWWW,OWOOWWWW,2,3,0.3370249213541811,-1.5424715321905418,-1.879496453544723,False
3,log2fc_neg_pre,OWOWOOOW,OWOWOOOO,5,6,1.6191880093672892,-0.0419110515274126,-1.6610990608947018,False
3,log2fc_neg_pre,OWOWOOWO,OWOWOOOO,5,6,1.0915640629778094,-0.0419110515274126,-1.133475114505222,False
3,log2fc_neg_pre,OWOWOWOO,OWOWOOOO,5,6,0.7485145671906818,-0.0419110515274126,-0.7904256187180944,False
3,log2fc_neg_pre,OWOWWOOO,OWOWOOOO,5,6,-0.9308263202737416,-0.0419110515274126,0.888915268746329,True
3,log2fc_neg_pre,OWWWOOOO,OWOWOOOO,5,6,1.4223063707577404,-0.0419110515274126,-1.464217422285153,False
3,log2fc_neg_pre,WWOWOOOO,OWOWOOOO,5,6,0.4701532285989028,-0.0419110515274126,-0.5120642801263154,False
3,log2fc_neg_pre,OWOWOOWW,OWOWOOOW,4,5,0.4613882912641999,1.6191880093672892,1.1577997181030892,True
3,log2fc_neg_pre,OWOWOWOW,OWOWOOOW,4,5,-0.293038194428278,1.6191880093672892,1.9122262037955673,True
3,log2fc_neg_pre,OWOWWOOW,OWOWOOOW,4,5,-0.5033491456759679,1.6191880093672892,2.1225371550432572,True
3,log2fc_neg_pre,OWWWOOOW,OWOWOOOW,4,5,-0.4567787922205844,1.6191880093672892,2.0759668015878736,True
3,log2fc_neg_pre,WWOWOOOW,OWOWOOOW,4,5,-1.1571914395388745,1.6191880093672892,2.7763794489061637,True
3,log2fc_neg_pre,OWOWOOWW,OWOWOOWO,4,5,0.4613882912641999,1.0915640629778094,0.6301757717136095,True
3,log2fc_neg_pre,OWOWOWWO,OWOWOOWO,4,5,-0.4008441643257365,1.0915640629778094,1.492408227303546,True
3,log2fc_neg_pre,OWOWWOWO,OWOWOOWO,4,5,-1.091851330712266,1.0915640629778094,2.1834153936900753,True
3,log2fc_neg_pre,OWWWOOWO,OWOWOOWO,4,5,-1.7045600854341074,1.0915640629778094,2.796124148411917,True
3,log2fc_neg_pre,WWOWOOWO,OWOWOOWO,4,5,-0.4100573925615042,1.0915640629778094,1.5016214555393135,True
3,log2fc_neg_pre,OWOWOWWW,OWOWOOWW,3,4,-1.5129308025267765,0.4613882912641999,1.9743190937909763,True
3,log2fc_neg_pre,OWOWWOWW,OWOWOOWW,3,4,-0.8122381612434814,0.4613882912641999,1.2736264525076813,True
3,log2fc_neg_pre,OWWWOOWW,OWOWOOWW,3,4,-0.2466032655316955,0.4613882912641999,0.7079915567958954,True
3,log2fc_neg_pre,WWOWOOWW,OWOWOOWW,3,4,-0.0369850489346168,0.4613882912641999,0.4983733401988167,True
3,log2fc_neg_pre,OWOWOWOW,OWOWOWOO,4,5,-0.293038194428278,0.7485145671906818,1.0415527616189597,True
3,log2fc_neg_pre,OWOWOWWO,OWOWOWOO,4,5,-0.4008441643257365,0.7485145671906818,1.1493587315164182,True
3,log2fc_neg_pre,OWOWWWOO,OWOWOWOO,4,5,0.640271172101654,0.7485145671906818,0.1082433950890278,True
3,log2fc_neg_pre,OWWWOWOO,OWOWOWOO,4,5,-0.1745386549255027,0.7485145671906818,0.9230532221161845,True
3,log2fc_neg_pre,WWOWOWOO,OWOWOWOO,4,5,-1.310084940235776,0.7485145671906818,2.058599507426458,True
3,log2fc_neg_pre,OWOWOWWW,OWOWOWOW,3,4,-1.5129308025267765,-0.293038194428278,1.2198926080984984,True
3,log2fc_neg_pre,OWOWWWOW,OWOWOWOW,3,4,0.0284444764742686,-0.293038194428278,-0.3214826709025466,False
3,log2fc_neg_pre,OWWWOWOW,OWOWOWOW,3,4,-0.8760554685526265,-0.293038194428278,0.5830172741243485,True
3,log2fc_neg_pre,WWOWOWOW,OWOWOWOW,3,4,0.6953561083650176,-0.293038194428278,-0.9883943027932955,False
3,log2fc_neg_pre,OWOWOWWW,OWOWOWWO,3,4,-1.5129308025267765,-0.4008441643257365,1.11208663820104,True
3,log2fc_neg_pre,OWOWWWWO,OWOWOWWO,3,4,-1.182488625663345,-0.4008441643257365,0.7816444613376083,True
3,log2fc_neg_pre,OWWWOWWO,OWOWOWWO,3,4,-2.795705001387047,-0.4008441643257365,2.3948608370613105,True
3,log2fc_neg_pre,WWOWOWWO,OWOWOWWO,3,4,-0.1487991701702626,-0.4008441643257365,-0.2520449941554739,False
3,log2fc_neg_pre,OWOWWWWW,OWOWOWWW,2,3,0.4058813184035781,-1.5129308025267765,-1.9188121209303546,False
3,log2fc_neg_pre,OWWWOWWW,OWOWOWWW,2,3,1.1188279748555496,-1.5129308025267765,-2.631758777382326,False
3,log2fc_neg_pre,WWOWOWWW,OWOWOWWW,2,3,-1.5921647423727845,-1.5129308025267765,0.07923393984600802,True
3,log2fc_neg_pre,OWOWWOOW,OWOWWOOO,4,5,-0.5033491456759679,-0.9308263202737416,-0.4274771745977737,False
3,log2fc_neg_pre,OWOWWOWO,OWOWWOOO,4,5,-1.091851330712266,-0.9308263202737416,0.16102501043852435,True
3,log2fc_neg_pre,OWOWWWOO,OWOWWOOO,4,5,0.640271172101654,-0.9308263202737416,-1.5710974923753955,False
3,log2fc_neg_pre,OWWWWOOO,OWOWWOOO,4,5,-1.8039863639033549,-0.9308263202737416,0.8731600436296133,True
3,log2fc_neg_pre,WWOWWOOO,OWOWWOOO,4,5,-0.5849141517199248,-0.9308263202737416,-0.3459121685538168,False
3,log2fc_neg_pre,OWOWWOWW,OWOWWOOW,3,4,-0.8122381612434814,-0.5033491456759679,0.30888901556751347,True
3,log2fc_neg_pre,OWOWWWOW,OWOWWOOW,3,4,0.0284444764742686,-0.5033491456759679,-0.5317936221502365,False
3,log2fc_neg_pre,OWWWWOOW,OWOWWOOW,3,4,-0.0087689941973496,-0.5033491456759679,-0.4945801514786183,False
3,log2fc_neg_pre,WWOWWOOW,OWOWWOOW,3,4,-2.605029283498342,-0.5033491456759679,2.1016801378223744,True
3,log2fc_neg_pre,OWOWWOWW,OWOWWOWO,3,4,-0.8122381612434814,-1.091851330712266,-0.27961316946878456,False
3,log2fc_neg_pre,OWOWWWWO,OWOWWOWO,3,4,-1.182488625663345,-1.091851330712266,0.09063729495107897,True
3,log2fc_neg_pre,OWWWWOWO,OWOWWOWO,3,4,-0.5306940279536339,-1.091851330712266,-0.5611573027586321,False
3,log2fc_neg_pre,WWOWWOWO,OWOWWOWO,3,4,-0.7014568804114109,-1.091851330712266,-0.39039445030085507,False
3,log2fc_neg_pre,OWOWWWWW,OWOWWOWW,2,3,0.4058813184035781,-0.8122381612434814,-1.2181194796470596,False
3,log2fc_neg_pre,OWWWWOWW,OWOWWOWW,2,3,-0.7072339217770627,-0.8122381612434814,-0.10500423946641868,False
3,log2fc_neg_pre,WWOWWOWW,OWOWWOWW,2,3,0.1688635889750541,-0.8122381612434814,-0.9811017502185355,False
3,log2fc_neg_pre,OWOWWWOW,OWOWWWOO,3,4,0.0284444764742686,0.640271172101654,0.6118266956273853,True
3,log2fc_neg_pre,OWOWWWWO,OWOWWWOO,3,4,-1.182488625663345,0.640271172101654,1.822759797764999,True
3,log2fc_neg_pre,OWWWWWOO,OWOWWWOO,3,4,-0.1899191993701397,0.640271172101654,0.8301903714717936,True
3,log2fc_neg_pre,WWOWWWOO,OWOWWWOO,3,4,-0.5657047057079931,0.640271172101654,1.2059758778096472,True
3,log2fc_neg_pre,OWOWWWWW,OWOWWWOW,2,3,0.4058813184035781,0.0284444764742686,-0.3774368419293095,False
3,log2fc_neg_pre,OWWWWWOW,OWOWWWOW,2,3,-0.0115719967162942,0.0284444764742686,0.0400164731905628,True
3,log2fc_neg_pre,WWOWWWOW,OWOWWWOW,2,3,0.0831924841025938,0.0284444764742686,-0.054748007628325206,False
3,log2fc_neg_pre,OWOWWWWW,OWOWWWWO,2,3,0.4058813184035781,-1.182488625663345,-1.588369944066923,False
3,log2fc_neg_pre,OWWWWWWO,OWOWWWWO,2,3,-0.6642492181084365,-1.182488625663345,-0.5182394075549084,False
3,log2fc_neg_pre,WWOWWWWO,OWOWWWWO,2,3,-1.0278041509353124,-1.182488625663345,-0.15468447472803248,False
3,log2fc_neg_pre,OWWWWWWW,OWOWWWWW,1,2,-0.5605925617782687,0.4058813184035781,0.9664738801818468,True
3,log2fc_neg_pre,WWOWWWWW,OWOWWWWW,1,2,0.9963516757871476,0.4058813184035781,-0.5904703573835695,False
3,log2fc_neg_pre,OWWOOOOW,OWWOOOOO,5,6,1.6161648521618357,-0.2613699666058828,-1.8775348187677185,False
3,log2fc_neg_pre,OWWOOOWO,OWWOOOOO,5,6,-1.2536509538006686,-0.2613699666058828,0.9922809871947857,True
3,log2fc_neg_pre,OWWOOWOO,OWWOOOOO,5,6,-3.252019585109651,-0.2613699666058828,2.9906496185037685,True
3,log2fc_neg_pre,OWWOWOOO,OWWOOOOO,5,6,0.3105755630083458,-0.2613699666058828,-0.5719455296142286,False
3,log2fc_neg_pre,OWWWOOOO,OWWOOOOO,5,6,1.4223063707577404,-0.2613699666058828,-1.6836763373636232,False
3,log2fc_neg_pre,WWWOOOOO,OWWOOOOO,5,6,0.8267162534710253,-0.2613699666058828,-1.0880862200769081,False
3,log2fc_neg_pre,OWWOOOWW,OWWOOOOW,4,5,-0.0654547164671177,1.6161648521618357,1.6816195686289535,True
3,log2fc_neg_pre,OWWOOWOW,OWWOOOOW,4,5,-0.2762431566378721,1.6161648521618357,1.8924080087997077,True
3,log2fc_neg_pre,OWWOWOOW,OWWOOOOW,4,5,-0.173343607179708,1.6161648521618357,1.7895084593415438,True
3,log2fc_neg_pre,OWWWOOOW,OWWOOOOW,4,5,-0.4567787922205844,1.6161648521618357,2.07294364438242,True
3,log2fc_neg_pre,WWWOOOOW,OWWOOOOW,4,5,-0.8136814132567289,1.6161648521618357,2.429846265418565,True
3,log2fc_neg_pre,OWWOOOWW,OWWOOOWO,4,5,-0.0654547164671177,-1.2536509538006686,-1.1881962373335508,False
3,log2fc_neg_pre,OWWOOWWO,OWWOOOWO,4,5,-1.383449164310834,-1.2536509538006686,0.12979821051016538,True
3,log2fc_neg_pre,OWWOWOWO,OWWOOOWO,4,5,-0.0646661634834429,-1.2536509538006686,-1.1889847903172257,False
3,log2fc_neg_pre,OWWWOOWO,OWWOOOWO,4,5,-1.7045600854341074,-1.2536509538006686,0.4509091316334388,True
3,log2fc_neg_pre,WWWOOOWO,OWWOOOWO,4,5,-1.0418204660092911,-1.2536509538006686,-0.21183048779137748,False
3,log2fc_neg_pre,OWWOOWWW,OWWOOOWW,3,4,0.335236887246896,-0.0654547164671177,-0.4006916037140137,False
3,log2fc_neg_pre,OWWOWOWW,OWWOOOWW,3,4,-0.6028857203235869,-0.0654547164671177,0.5374310038564691,True
3,log2fc_neg_pre,OWWWOOWW,OWWOOOWW,3,4,-0.2466032655316955,-0.0654547164671177,0.1811485490645778,True
3,log2fc_neg_pre,WWWOOOWW,OWWOOOWW,3,4,1.15136076864064,-0.0654547164671177,-1.2168154851077577,False
3,log2fc_neg_pre,OWWOOWOW,OWWOOWOO,4,5,-0.2762431566378721,-3.252019585109651,-2.975776428471779,False
3,log2fc_neg_pre,OWWOOWWO,OWWOOWOO,4,5,-1.383449164310834,-3.252019585109651,-1.8685704207988172,False
3,log2fc_neg_pre,OWWOWWOO,OWWOOWOO,4,5,-0.518108324666291,-3.252019585109651,-2.73391126044336,False
3,log2fc_neg_pre,OWWWOWOO,OWWOOWOO,4,5,-0.1745386549255027,-3.252019585109651,-3.0774809301841484,False
3,log2fc_neg_pre,WWWOOWOO,OWWOOWOO,4,5,0.705873362130107,-3.252019585109651,-3.957892947239758,False
3,log2fc_neg_pre,OWWOOWWW,OWWOOWOW,3,4,0.335236887246896,-0.2762431566378721,-0.6114800438847681,False
3,log2fc_neg_pre,OWWOWWOW,OWWOOWOW,3,4,-2.4915123966412165,-0.2762431566378721,2.2152692400033445,True
3,log2fc_neg_pre,OWWWOWOW,OWWOOWOW,3,4,-0.8760554685526265,-0.2762431566378721,0.5998123119147545,True
3,log2fc_neg_pre,WWWOOWOW,OWWOOWOW,3,4,-0.3201892858682513,-0.2762431566378721,0.043946129230379216,True
3,log2fc_neg_pre,OWWOOWWW,OWWOOWWO,3,4,0.335236887246896,-1.383449164310834,-1.71868605155773,False
3,log2fc_neg_pre,OWWOWWWO,OWWOOWWO,3,4,0.9594721310238477,-1.383449164310834,-2.3429212953346816,False
3,log2fc_neg_pre,OWWWOWWO,OWWOOWWO,3,4,-2.795705001387047,-1.383449164310834,1.4122558370762128,True
3,log2fc_neg_pre,WWWOOWWO,OWWOOWWO,3,4,0.7768594066052787,-1.383449164310834,-2.1603085709161127,False
3,log2fc_neg_pre,OWWOWWWW,OWWOOWWW,2,3,-1.7261611224036653,0.335236887246896,2.0613980096505613,True
3,log2fc_neg_pre,OWWWOWWW,OWWOOWWW,2,3,1.1188279748555496,0.335236887246896,-0.7835910876086536,False
3,log2fc_neg_pre,WWWOOWWW,OWWOOWWW,2,3,-0.4330636333267539,0.335236887246896,0.76830052057365,True
3,log2fc_neg_pre,OWWOWOOW,OWWOWOOO,4,5,-0.173343607179708,0.3105755630083458,0.48391917018805386,True
3,log2fc_neg_pre,OWWOWOWO,OWWOWOOO,4,5,-0.0646661634834429,0.3105755630083458,0.3752417264917887,True
3,log2fc_neg_pre,OWWOWWOO,OWWOWOOO,4,5,-0.518108324666291,0.3105755630083458,0.8286838876746367,True
3,log2fc_neg_pre,OWWWWOOO,OWWOWOOO,4,5,-1.8039863639033549,0.3105755630083458,2.114561926911701,True
3,log2fc_neg_pre,WWWOWOOO,OWWOWOOO,4,5,-0.9276209358457392,0.3105755630083458,1.238196498854085,True
3,log2fc_neg_pre,OWWOWOWW,OWWOWOOW,3,4,-0.6028857203235869,-0.173343607179708,0.4295421131438789,True
3,log2fc_neg_pre,OWWOWWOW,OWWOWOOW,3,4,-2.4915123966412165,-0.173343607179708,2.3181687894615086,True
3,log2fc_neg_pre,OWWWWOOW,OWWOWOOW,3,4,-0.0087689941973496,-0.173343607179708,-0.1645746129823584,False
3,log2fc_neg_pre,WWWOWOOW,OWWOWOOW,3,4,-0.0372215065395879,-0.173343607179708,-0.13612210064012012,False
3,log2fc_neg_pre,OWWOWOWW,OWWOWOWO,3,4,-0.6028857203235869,-0.0646661634834429,0.538219556840144,True
3,log2fc_neg_pre,OWWOWWWO,OWWOWOWO,3,4,0.9594721310238477,-0.0646661634834429,-1.0241382945072905,False
3,log2fc_neg_pre,OWWWWOWO,OWWOWOWO,3,4,-0.5306940279536339,-0.0646661634834429,0.46602786447019096,True
3,log2fc_neg_pre,WWWOWOWO,OWWOWOWO,3,4,-0.4978227571790898,-0.0646661634834429,0.4331565936956469,True
3,log2fc_neg_pre,OWWOWWWW,OWWOWOWW,2,3,-1.7261611224036653,-0.6028857203235869,1.1232754020800784,True
3,log2fc_neg_pre,OWWWWOWW,OWWOWOWW,2,3,-0.7072339217770627,-0.6028857203235869,0.10434820145347579,True
3,log2fc_neg_pre,WWWOWOWW,OWWOWOWW,2,3,-1.5613853127981088,-0.6028857203235869,0.9584995924745219,True
3,log2fc_neg_pre,OWWOWWOW,OWWOWWOO,3,4,-2.4915123966412165,-0.518108324666291,1.9734040719749255,True
3,log2fc_neg_pre,OWWOWWWO,OWWOWWOO,3,4,0.9594721310238477,-0.518108324666291,-1.4775804556901386,False
3,log2fc_neg_pre,OWWWWWOO,OWWOWWOO,3,4,-0.1899191993701397,-0.518108324666291,-0.3281891252961513,False
3,log2fc_neg_pre,WWWOWWOO,OWWOWWOO,3,4,-1.7686527171329989,-0.518108324666291,1.250544392466708,True
3,log2fc_neg_pre,OWWOWWWW,OWWOWWOW,2,3,-1.7261611224036653,-2.4915123966412165,-0.7653512742375512,False
3,log2fc_neg_pre,OWWWWWOW,OWWOWWOW,2,3,-0.0115719967162942,-2.4915123966412165,-2.479940399924922,False
3,log2fc_neg_pre,WWWOWWOW,OWWOWWOW,2,3,0.4464035162489897,-2.4915123966412165,-2.9379159128902064,False
3,log2fc_neg_pre,OWWOWWWW,OWWOWWWO,2,3,-1.7261611224036653,0.9594721310238477,2.685633253427513,True
3,log2fc_neg_pre,OWWWWWWO,OWWOWWWO,2,3,-0.6642492181084365,0.9594721310238477,1.6237213491322842,True
3,log2fc_neg_pre,WWWOWWWO,OWWOWWWO,2,3,-0.1698843225234584,0.9594721310238477,1.129356453547306,True
3,log2fc_neg_pre,OWWWWWWW,OWWOWWWW,1,2,-0.5605925617782687,-1.7261611224036653,-1.1655685606253967,False
3,log2fc_neg_pre,WWWOWWWW,OWWOWWWW,1,2,-1.5058871180966835,-1.7261611224036653,-0.22027400430698174,False
3,log2fc_neg_pre,OWWWOOOW,OWWWOOOO,4,5,-0.4567787922205844,1.4223063707577404,1.8790851629783247,True
3,log2fc_neg_pre,OWWWOOWO,OWWWOOOO,4,5,-1.7045600854341074,1.4223063707577404,3.1268664561918476,True
3,log2fc_neg_pre,OWWWOWOO,OWWWOOOO,4,5,-0.1745386549255027,1.4223063707577404,1.5968450256832432,True
3,log2fc_neg_pre,OWWWWOOO,OWWWOOOO,4,5,-1.8039863639033549,1.4223063707577404,3.2262927346610955,True
3,log2fc_neg_pre,WWWWOOOO,OWWWOOOO,4,5,-0.2864442632456251,1.4223063707577404,1.7087506340033656,True
3,log2fc_neg_pre,OWWWOOWW,OWWWOOOW,3,4,-0.2466032655316955,-0.4567787922205844,-0.21017552668888886,False
3,log2fc_neg_pre,OWWWOWOW,OWWWOOOW,3,4,-0.8760554685526265,-0.4567787922205844,0.41927667633204213,True
3,log2fc_neg_pre,OWWWWOOW,OWWWOOOW,3,4,-0.0087689941973496,-0.4567787922205844,-0.44800979802323476,False
3,log2fc_neg_pre,WWWWOOOW,OWWWOOOW,3,4,0.6977825962451745,-0.4567787922205844,-1.1545613884657588,False
3,log2fc_neg_pre,OWWWOOWW,OWWWOOWO,3,4,-0.2466032655316955,-1.7045600854341074,-1.457956819902412,False
3,log2fc_neg_pre,OWWWOWWO,OWWWOOWO,3,4,-2.795705001387047,-1.7045600854341074,1.0911449159529394,True
3,log2fc_neg_pre,OWWWWOWO,OWWWOOWO,3,4,-0.5306940279536339,-1.7045600854341074,-1.1738660574804736,False
3,log2fc_neg_pre,WWWWOOWO,OWWWOOWO,3,4,0.2487482804318674,-1.7045600854341074,-1.953308365865975,False
3,log2fc_neg_pre,OWWWOWWW,OWWWOOWW,2,3,1.1188279748555496,-0.2466032655316955,-1.365431240387245,False
3,log2fc_neg_pre,OWWWWOWW,OWWWOOWW,2,3,-0.7072339217770627,-0.2466032655316955,0.46063065624536714,True
3,log2fc_neg_pre,WWWWOOWW,OWWWOOWW,2,3,-1.7617620026550451,-0.2466032655316955,1.5151587371233497,True
3,log2fc_neg_pre,OWWWOWOW,OWWWOWOO,3,4,-0.8760554685526265,-0.1745386549255027,0.7015168136271238,True
3,log2fc_neg_pre,OWWWOWWO,OWWWOWOO,3,4,-2.795705001387047,-0.1745386549255027,2.621166346461544,True
3,log2fc_neg_pre,OWWWWWOO,OWWWOWOO,3,4,-0.1899191993701397,-0.1745386549255027,0.015380544444637018,True
3,log2fc_neg_pre,WWWWOWOO,OWWWOWOO,3,4,-0.3209189783358517,-0.1745386549255027,0.146380323410349,True
3,log2fc_neg_pre,OWWWOWWW,OWWWOWOW,2,3,1.1188279748555496,-0.8760554685526265,-1.9948834434081761,False
3,log2fc_neg_pre,OWWWWWOW,OWWWOWOW,2,3,-0.0115719967162942,-0.8760554685526265,-0.8644834718363323,False
3,log2fc_neg_pre,WWWWOWOW,OWWWOWOW,2,3,-0.2535316438795608,-0.8760554685526265,-0.6225238246730658,False
3,log2fc_neg_pre,OWWWOWWW,OWWWOWWO,2,3,1.1188279748555496,-2.795705001387047,-3.9145329762425964,False
3,log2fc_neg_pre,OWWWWWWO,OWWWOWWO,2,3,-0.6642492181084365,-2.795705001387047,-2.1314557832786103,False
3,log2fc_neg_pre,WWWWOWWO,OWWWOWWO,2,3,-1.766426625841618,-2.795705001387047,-1.029278375545429,False
3,log2fc_neg_pre,OWWWWWWW,OWWWOWWW,1,2,-0.5605925617782687,1.1188279748555496,1.6794205366338182,True
3,log2fc_neg_pre,WWWWOWWW,OWWWOWWW,1,2,0.3864235459926494,1.1188279748555496,0.7324044288629002,True
3,log2fc_neg_pre,OWWWWOOW,OWWWWOOO,3,4,-0.0087689941973496,-1.8039863639033549,-1.7952173697060052,False
3,log2fc_neg_pre,OWWWWOWO,OWWWWOOO,3,4,-0.5306940279536339,-1.8039863639033549,-1.273292335949721,False
3,log2fc_neg_pre,OWWWWWOO,OWWWWOOO,3,4,-0.1899191993701397,-1.8039863639033549,-1.6140671645332152,False
3,log2fc_neg_pre,WWWWWOOO,OWWWWOOO,3,4,1.598467694633436,-1.8039863639033549,-3.402454058536791,False
3,log2fc_neg_pre,OWWWWOWW,OWWWWOOW,2,3,-0.7072339217770627,-0.0087689941973496,0.6984649275797131,True
3,log2fc_neg_pre,OWWWWWOW,OWWWWOOW,2,3,-0.0115719967162942,-0.0087689941973496,0.0028030025189445997,True
3,log2fc_neg_pre,WWWWWOOW,OWWWWOOW,2,3,-0.4648542184641595,-0.0087689941973496,0.45608522426680986,True
3,log2fc_neg_pre,OWWWWOWW,OWWWWOWO,2,3,-0.7072339217770627,-0.5306940279536339,0.17653989382342883,True
3,log2fc_neg_pre,OWWWWWWO,OWWWWOWO,2,3,-0.6642492181084365,-0.5306940279536339,0.13355519015480266,True
3,log2fc_neg_pre,WWWWWOWO,OWWWWOWO,2,3,0.2795595136131394,-0.5306940279536339,-0.8102535415667733,False
3,log2fc_neg_pre,OWWWWWWW,OWWWWOWW,1,2,-0.5605925617782687,-0.7072339217770627,-0.14664135999879402,False
3,log2fc_neg_pre,WWWWWOWW,OWWWWOWW,1,2,-0.7309139469803374,-0.7072339217770627,0.023680025203274724,True
3,log2fc_neg_pre,OWWWWWOW,OWWWWWOO,2,3,-0.0115719967162942,-0.1899191993701397,-0.17834720265384552,False
3,log2fc_neg_pre,OWWWWWWO,OWWWWWOO,2,3,-0.6642492181084365,-0.1899191993701397,0.47433001873829683,True
3,log2fc_neg_pre,WWWWWWOO,OWWWWWOO,2,3,0.1225009442496818,-0.1899191993701397,-0.3124201436198215,False
3,log2fc_neg_pre,OWWWWWWW,OWWWWWOW,1,2,-0.5605925617782687,-0.0115719967162942,0.5490205650619745,True
3,log2fc_neg_pre,WWWWWWOW,OWWWWWOW,1,2,-0.4750769981885461,-0.0115719967162942,0.4635050014722519,True
3,log2fc_neg_pre,OWWWWWWW,OWWWWWWO,1,2,-0.5605925617782687,-0.6642492181084365,-0.10365665633016785,False
3,log2fc_neg_pre,WWWWWWWO,OWWWWWWO,1,2,-0.4216350172921393,-0.6642492181084365,-0.2426142008162972,False
3,log2fc_neg_pre,WWWWWWWW,OWWWWWWW,0,1,-0.2743860980083972,-0.5605925617782687,-0.28620646376987147,False
3,log2fc_neg_pre,WOOOOOOW,WOOOOOOO,6,7,0.7463729517971872,0.9031586502427252,0.15678569844553802,True
3,log2fc_neg_pre,WOOOOOWO,WOOOOOOO,6,7,1.1316802512823536,0.9031586502427252,-0.22852160103962837,False
3,log2fc_neg_pre,WOOOOWOO,WOOOOOOO,6,7,0.0643749913449931,0.9031586502427252,0.8387836588977321,True
3,log2fc_neg_pre,WOOOWOOO,WOOOOOOO,6,7,-2.222520258059525,0.9031586502427252,3.1256789083022505,True
3,log2fc_neg_pre,WOOWOOOO,WOOOOOOO,6,7,0.3639915161076575,0.9031586502427252,0.5391671341350677,True
3,log2fc_neg_pre,WOWOOOOO,WOOOOOOO,6,7,1.1451318696435318,0.9031586502427252,-0.24197321940080652,False
3,log2fc_neg_pre,WWOOOOOO,WOOOOOOO,6,7,0.8132637565778879,0.9031586502427252,0.08989489366483738,True
3,log2fc_neg_pre,WOOOOOWW,WOOOOOOW,5,6,-0.5093540091507314,0.7463729517971872,1.2557269609479187,True
3,log2fc_neg_pre,WOOOOWOW,WOOOOOOW,5,6,0.0706947022835691,0.7463729517971872,0.6756782495136181,True
3,log2fc_neg_pre,WOOOWOOW,WOOOOOOW,5,6,0.0075632124359773,0.7463729517971872,0.7388097393612099,True
3,log2fc_neg_pre,WOOWOOOW,WOOOOOOW,5,6,-1.1658037522710485,0.7463729517971872,1.9121767040682358,True
3,log2fc_neg_pre,WOWOOOOW,WOOOOOOW,5,6,-1.6432944845582296,0.7463729517971872,2.389667436355417,True
3,log2fc_neg_pre,WWOOOOOW,WOOOOOOW,5,6,-3.256360743170001,0.7463729517971872,4.002733694967188,True
3,log2fc_neg_pre,WOOOOOWW,WOOOOOWO,5,6,-0.5093540091507314,1.1316802512823536,1.641034260433085,True
3,log2fc_neg_pre,WOOOOWWO,WOOOOOWO,5,6,0.5509366457240555,1.1316802512823536,0.5807436055582981,True
3,log2fc_neg_pre,WOOOWOWO,WOOOOOWO,5,6,1.1687205928391775,1.1316802512823536,-0.0370403415568239,False
3,log2fc_neg_pre,WOOWOOWO,WOOOOOWO,5,6,-0.2533760589334722,1.1316802512823536,1.3850563102158258,True
3,log2fc_neg_pre,WOWOOOWO,WOOOOOWO,5,6,-0.5292271099331196,1.1316802512823536,1.6609073612154732,True
3,log2fc_neg_pre,WWOOOOWO,WOOOOOWO,5,6,-0.1487177874865084,1.1316802512823536,1.280398038768862,True
3,log2fc_neg_pre,WOOOOWWW,WOOOOOWW,4,5,0.275995892183372,-0.5093540091507314,-0.7853499013341034,False
3,log2fc_neg_pre,WOOOWOWW,WOOOOOWW,4,5,-0.139281073280918,-0.5093540091507314,-0.3700729358698134,False
3,log2fc_neg_pre,WOOWOOWW,WOOOOOWW,4,5,-0.5011857941413068,-0.5093540091507314,-0.008168215009424551,False
3,log2fc_neg_pre,WOWOOOWW,WOOOOOWW,4,5,-0.6053662707059448,-0.5093540091507314,0.09601226155521347,True
3,log2fc_neg_pre,WWOOOOWW,WOOOOOWW,4,5,0.0892155181070882,-0.5093540091507314,-0.5985695272578195,False
3,log2fc_neg_pre,WOOOOWOW,WOOOOWOO,5,6,0.0706947022835691,0.0643749913449931,-0.006319710938576001,False
3,log2fc_neg_pre,WOOOOWWO,WOOOOWOO,5,6,0.5509366457240555,0.0643749913449931,-0.48656165437906246,False
3,log2fc_neg_pre,WOOOWWOO,WOOOOWOO,5,6,1.0591781327919805,0.0643749913449931,-0.9948031414469873,False
3,log2fc_neg_pre,WOOWOWOO,WOOOOWOO,5,6,-1.1106562391117296,0.0643749913449931,1.1750312304567228,True
3,log2fc_neg_pre,WOWOOWOO,WOOOOWOO,5,6,-2.2131827720513795,0.0643749913449931,2.2775577633963726,True
3,log2fc_neg_pre,WWOOOWOO,WOOOOWOO,5,6,2.921981382956453,0.0643749913449931,-2.85760639161146,False
3,log2fc_neg_pre,WOOOOWWW,WOOOOWOW,4,5,0.275995892183372,0.0706947022835691,-0.2053011898998029,False
3,log2fc_neg_pre,WOOOWWOW,WOOOOWOW,4,5,0.5392093820199739,0.0706947022835691,-0.4685146797364048,False
3,log2fc_neg_pre,WOOWOWOW,WOOOOWOW,4,5,-0.1618334923011027,0.0706947022835691,0.23252819458467178,True
3,log2fc_neg_pre,WOWOOWOW,WOOOOWOW,4,5,-0.0756412656140241,0.0706947022835691,0.14633596789759318,True
3,log2fc_neg_pre,WWOOOWOW,WOOOOWOW,4,5,-0.1880198419964102,0.0706947022835691,0.2587145442799793,True
3,log2fc_neg_pre,WOOOOWWW,WOOOOWWO,4,5,0.275995892183372,0.5509366457240555,0.27494075354068354,True
3,log2fc_neg_pre,WOOOWWWO,WOOOOWWO,4,5,0.0399915146912276,0.5509366457240555,0.5109451310328279,True
3,log2fc_neg_pre,WOOWOWWO,WOOOOWWO,4,5,0.6613255050322047,0.5509366457240555,-0.11038885930814912,False
3,log2fc_neg_pre,WOWOOWWO,WOOOOWWO,4,5,-1.1900741440980334,0.5509366457240555,1.7410107898220888,True
3,log2fc_neg_pre,WWOOOWWO,WOOOOWWO,4,5,-0.2030753031738533,0.5509366457240555,0.7540119488979089,True
3,log2fc_neg_pre,WOOOWWWW,WOOOOWWW,3,4,0.2937471418063071,0.275995892183372,-0.017751249622935117,False
3,log2fc_neg_pre,WOOWOWWW,WOOOOWWW,3,4,-1.746118947845502,0.275995892183372,2.0221148400288738,True
3,log2fc_neg_pre,WOWOOWWW,WOOOOWWW,3,4,-1.8336097482568192,0.275995892183372,2.1096056404401913,True
3,log2fc_neg_pre,WWOOOWWW,WOOOOWWW,3,4,0.2092909856604656,0.275995892183372,0.0667049065229064,True
3,log2fc_neg_pre,WOOOWOOW,WOOOWOOO,5,6,0.0075632124359773,-2.222520258059525,-2.2300834704955026,False
3,log2fc_neg_pre,WOOOWOWO,WOOOWOOO,5,6,1.1687205928391775,-2.222520258059525,-3.3912408508987024,False
3,log2fc_neg_pre,WOOOWWOO,WOOOWOOO,5,6,1.0591781327919805,-2.222520258059525,-3.2816983908515054,False
3,log2fc_neg_pre,WOOWWOOO,WOOOWOOO,5,6,-0.1781377687905371,-2.222520258059525,-2.044382489268988,False
3,log2fc_neg_pre,WOWOWOOO,WOOOWOOO,5,6,1.649158327913383,-2.222520258059525,-3.871678585972908,False
3,log2fc_neg_pre,WWOOWOOO,WOOOWOOO,5,6,-2.0420064103385553,-2.222520258059525,-0.1805138477209698,False
3,log2fc_neg_pre,WOOOWOWW,WOOOWOOW,4,5,-0.139281073280918,0.0075632124359773,0.14684428571689528,True
3,log2fc_neg_pre,WOOOWWOW,WOOOWOOW,4,5,0.5392093820199739,0.0075632124359773,-0.5316461695839966,False
3,log2fc_neg_pre,WOOWWOOW,WOOOWOOW,4,5,0.5200143277524844,0.0075632124359773,-0.512451115316507,False
3,log2fc_neg_pre,WOWOWOOW,WOOOWOOW,4,5,0.1266177499262903,0.0075632124359773,-0.119054537490313,False
3,log2fc_neg_pre,WWOOWOOW,WOOOWOOW,4,5,0.5415405047939305,0.0075632124359773,-0.5339772923579531,False
3,log2fc_neg_pre,WOOOWOWW,WOOOWOWO,4,5,-0.139281073280918,1.1687205928391775,1.3080016661200955,True
3,log2fc_neg_pre,WOOOWWWO,WOOOWOWO,4,5,0.0399915146912276,1.1687205928391775,1.12872907814795,True
3,log2fc_neg_pre,WOOWWOWO,WOOOWOWO,4,5,-4.603787199645084,1.1687205928391775,5.772507792484261,True
3,log2fc_neg_pre,WOWOWOWO,WOOOWOWO,4,5,0.7841897893658597,1.1687205928391775,0.3845308034733178,True
3,log2fc_neg_pre,WWOOWOWO,WOOOWOWO,4,5,0.7853138887017099,1.1687205928391775,0.3834067041374676,True
3,log2fc_neg_pre,WOOOWWWW,WOOOWOWW,3,4,0.2937471418063071,-0.139281073280918,-0.4330282150872251,False
3,log2fc_neg_pre,WOOWWOWW,WOOOWOWW,3,4,-0.1584294792234104,-0.139281073280918,0.019148405942492425,True
3,log2fc_neg_pre,WOWOWOWW,WOOOWOWW,3,4,-0.7082924203599303,-0.139281073280918,0.5690113470790124,True
3,log2fc_neg_pre,WWOOWOWW,WOOOWOWW,3,4,0.0278689169296561,-0.139281073280918,-0.16714999021057408,False
3,log2fc_neg_pre,WOOOWWOW,WOOOWWOO,4,5,0.5392093820199739,1.0591781327919805,0.5199687507720065,True
3,log2fc_neg_pre,WOOOWWWO,WOOOWWOO,4,5,0.0399915146912276,1.0591781327919805,1.019186618100753,True
3,log2fc_neg_pre,WOOWWWOO,WOOOWWOO,4,5,1.279457404675402,1.0591781327919805,-0.22027927188342145,False
3,log2fc_neg_pre,WOWOWWOO,WOOOWWOO,4,5,-0.4085948009197654,1.0591781327919805,1.4677729337117458,True
3,log2fc_neg_pre,WWOOWWOO,WOOOWWOO,4,5,-1.702324505051629,1.0591781327919805,2.761502637843609,True
3,log2fc_neg_pre,WOOOWWWW,WOOOWWOW,3,4,0.2937471418063071,0.5392093820199739,0.2454622402136668,True
3,log2fc_neg_pre,WOOWWWOW,WOOOWWOW,3,4,0.845352833503247,0.5392093820199739,-0.30614345148327304,False
3,log2fc_neg_pre,WOWOWWOW,WOOOWWOW,3,4,-1.5959168608990688,0.5392093820199739,2.1351262429190427,True
3,log2fc_neg_pre,WWOOWWOW,WOOOWWOW,3,4,0.8361282701255808,0.5392093820199739,-0.29691888810560685,False
3,log2fc_neg_pre,WOOOWWWW,WOOOWWWO,3,4,0.2937471418063071,0.0399915146912276,-0.25375562711507954,False
3,log2fc_neg_pre,WOOWWWWO,WOOOWWWO,3,4,0.508182903124026,0.0399915146912276,-0.46819138843279845,False
3,log2fc_neg_pre,WOWOWWWO,WOOOWWWO,3,4,0.3953120152271529,0.0399915146912276,-0.35532050053592534,False
3,log2fc_neg_pre,WWOOWWWO,WOOOWWWO,3,4,0.1397901530040655,0.0399915146912276,-0.09979863831283789,False
3,log2fc_neg_pre,WOOWWWWW,WOOOWWWW,2,3,-1.411607297227922,0.2937471418063071,1.7053544390342292,True
3,log2fc_neg_pre,WOWOWWWW,WOOOWWWW,2,3,-1.5090350751714878,0.2937471418063071,1.802782216977795,True
3,log2fc_neg_pre,WWOOWWWW,WOOOWWWW,2,3,0.3370249213541811,0.2937471418063071,-0.043277779547873985,False
3,log2fc_neg_pre,WOOWOOOW,WOOWOOOO,5,6,-1.1658037522710485,0.3639915161076575,1.529795268378706,True
3,log2fc_neg_pre,WOOWOOWO,WOOWOOOO,5,6,-0.2533760589334722,0.3639915161076575,0.6173675750411297,True
3,log2fc_neg_pre,WOOWOWOO,WOOWOOOO,5,6,-1.1106562391117296,0.3639915161076575,1.474647755219387,True
3,log2fc_neg_pre,WOOWWOOO,WOOWOOOO,5,6,-0.1781377687905371,0.3639915161076575,0.5421292848981947,True
3,log2fc_neg_pre,WOWWOOOO,WOOWOOOO,5,6,-3.071181844276291,0.3639915161076575,3.4351733603839483,True
3,log2fc_neg_pre,WWOWOOOO,WOOWOOOO,5,6,0.4701532285989028,0.3639915161076575,-0.10616171249124529,False
3,log2fc_neg_pre,WOOWOOWW,WOOWOOOW,4,5,-0.5011857941413068,-1.1658037522710485,-0.6646179581297417,False
3,log2fc_neg_pre,WOOWOWOW,WOOWOOOW,4,5,-0.1618334923011027,-1.1658037522710485,-1.0039702599699458,False
3,log2fc_neg_pre,WOOWWOOW,WOOWOOOW,4,5,0.5200143277524844,-1.1658037522710485,-1.685818080023533,False
3,log2fc_neg_pre,WOWWOOOW,WOOWOOOW,4,5,0.1706515873791519,-1.1658037522710485,-1.3364553396502004,False
3,log2fc_neg_pre,WWOWOOOW,WOOWOOOW,4,5,-1.1571914395388745,-1.1658037522710485,-0.008612312732173999,False
3,log2fc_neg_pre,WOOWOOWW,WOOWOOWO,4,5,-0.5011857941413068,-0.2533760589334722,0.2478097352078346,True
3,log2fc_neg_pre,WOOWOWWO,WOOWOOWO,4,5,0.6613255050322047,-0.2533760589334722,-0.9147015639656768,False
3,log2fc_neg_pre,WOOWWOWO,WOOWOOWO,4,5,-4.603787199645084,-0.2533760589334722,4.3504111407116115,True
3,log2fc_neg_pre,WOWWOOWO,WOOWOOWO,4,5,0.6445196781825246,-0.2533760589334722,-0.8978957371159968,False
3,log2fc_neg_pre,WWOWOOWO,WOOWOOWO,4,5,-0.4100573925615042,-0.2533760589334722,0.156681333628032,True
3,log2fc_neg_pre,WOOWOWWW,WOOWOOWW,3,4,-1.746118947845502,-0.5011857941413068,1.2449331537041952,True
3,log2fc_neg_pre,WOOWWOWW,WOOWOOWW,3,4,-0.1584294792234104,-0.5011857941413068,-0.3427563149178964,False
3,log2fc_neg_pre,WOWWOOWW,WOOWOOWW,3,4,0.5787716735033693,-0.5011857941413068,-1.0799574676446762,False
3,log2fc_neg_pre,WWOWOOWW,WOOWOOWW,3,4,-0.0369850489346168,-0.5011857941413068,-0.46420074520669,False
3,log2fc_neg_pre,WOOWOWOW,WOOWOWOO,4,5,-0.1618334923011027,-1.1106562391117296,-0.948822746810627,False
3,log2fc_neg_pre,WOOWOWWO,WOOWOWOO,4,5,0.6613255050322047,-1.1106562391117296,-1.7719817441439343,False
3,log2fc_neg_pre,WOOWWWOO,WOOWOWOO,4,5,1.279457404675402,-1.1106562391117296,-2.3901136437871315,False
3,log2fc_neg_pre,WOWWOWOO,WOOWOWOO,4,5,0.6042906140319841,-1.1106562391117296,-1.7149468531437138,False
3,log2fc_neg_pre,WWOWOWOO,WOOWOWOO,4,5,-1.310084940235776,-1.1106562391117296,0.19942870112404631,True
3,log2fc_neg_pre,WOOWOWWW,WOOWOWOW,3,4,-1.746118947845502,-0.1618334923011027,1.5842854555443993,True
3,log2fc_neg_pre,WOOWWWOW,WOOWOWOW,3,4,0.845352833503247,-0.1618334923011027,-1.0071863258043496,False
3,log2fc_neg_pre,WOWWOWOW,WOOWOWOW,3,4,-2.1243670934682184,-0.1618334923011027,1.9625336011671157,True
3,log2fc_neg_pre,WWOWOWOW,WOOWOWOW,3,4,0.6953561083650176,-0.1618334923011027,-0.8571896006661203,False
3,log2fc_neg_pre,WOOWOWWW,WOOWOWWO,3,4,-1.746118947845502,0.6613255050322047,2.407444452877707,True
3,log2fc_neg_pre,WOOWWWWO,WOOWOWWO,3,4,0.508182903124026,0.6613255050322047,0.15314260190817863,True
3,log2fc_neg_pre,WOWWOWWO,WOOWOWWO,3,4,-0.1162976069672907,0.6613255050322047,0.7776231119994954,True
3,log2fc_neg_pre,WWOWOWWO,WOOWOWWO,3,4,-0.1487991701702626,0.6613255050322047,0.8101246752024672,True
3,log2fc_neg_pre,WOOWWWWW,WOOWOWWW,2,3,-1.411607297227922,-1.746118947845502,-0.3345116506175798,False
3,log2fc_neg_pre,WOWWOWWW,WOOWOWWW,2,3,1.1632877456626125,-1.746118947845502,-2.9094066935081146,False
3,log2fc_neg_pre,WWOWOWWW,WOOWOWWW,2,3,-1.5921647423727845,-1.746118947845502,-0.15395420547271743,False
3,log2fc_neg_pre,WOOWWOOW,WOOWWOOO,4,5,0.5200143277524844,-0.1781377687905371,-0.6981520965430215,False
3,log2fc_neg_pre,WOOWWOWO,WOOWWOOO,4,5,-4.603787199645084,-0.1781377687905371,4.425649430854547,True
3,log2fc_neg_pre,WOOWWWOO,WOOWWOOO,4,5,1.279457404675402,-0.1781377687905371,-1.457595173465939,False
3,log2fc_neg_pre,WOWWWOOO,WOOWWOOO,4,5,-2.6843398132065777,-0.1781377687905371,2.5062020444160407,True
3,log2fc_neg_pre,WWOWWOOO,WOOWWOOO,4,5,-0.5849141517199248,-0.1781377687905371,0.40677638292938767,True
3,log2fc_neg_pre,WOOWWOWW,WOOWWOOW,3,4,-0.1584294792234104,0.5200143277524844,0.6784438069758948,True
3,log2fc_neg_pre,WOOWWWOW,WOOWWOOW,3,4,0.845352833503247,0.5200143277524844,-0.3253385057507626,False
3,log2fc_neg_pre,WOWWWOOW,WOOWWOOW,3,4,-0.2754972703403697,0.5200143277524844,0.795511598092854,True
3,log2fc_neg_pre,WWOWWOOW,WOOWWOOW,3,4,-2.605029283498342,0.5200143277524844,3.1250436112508266,True
3,log2fc_neg_pre,WOOWWOWW,WOOWWOWO,3,4,-0.1584294792234104,-4.603787199645084,-4.445357720421674,False
3,log2fc_neg_pre,WOOWWWWO,WOOWWOWO,3,4,0.508182903124026,-4.603787199645084,-5.11197010276911,False
3,log2fc_neg_pre,WOWWWOWO,WOOWWOWO,3,4,-0.8340660096390985,-4.603787199645084,-3.7697211900059857,False
3,log2fc_neg_pre,WWOWWOWO,WOOWWOWO,3,4,-0.7014568804114109,-4.603787199645084,-3.9023303192336734,False
3,log2fc_neg_pre,WOOWWWWW,WOOWWOWW,2,3,-1.411607297227922,-0.1584294792234104,1.2531778180045117,True
3,log2fc_neg_pre,WOWWWOWW,WOOWWOWW,2,3,-0.7045839632371836,-0.1584294792234104,0.5461544840137732,True
3,log2fc_neg_pre,WWOWWOWW,WOOWWOWW,2,3,0.1688635889750541,-0.1584294792234104,-0.3272930681984645,False
3,log2fc_neg_pre,WOOWWWOW,WOOWWWOO,3,4,0.845352833503247,1.279457404675402,0.43410457117215495,True
3,log2fc_neg_pre,WOOWWWWO,WOOWWWOO,3,4,0.508182903124026,1.279457404675402,0.7712745015513759,True
3,log2fc_neg_pre,WOWWWWOO,WOOWWWOO,3,4,0.7748335679184993,1.279457404675402,0.5046238367569026,True
3,log2fc_neg_pre,WWOWWWOO,WOOWWWOO,3,4,-0.5657047057079931,1.279457404675402,1.845162110383395,True
3,log2fc_neg_pre,WOOWWWWW,WOOWWWOW,2,3,-1.411607297227922,0.845352833503247,2.2569601307311693,True
3,log2fc_neg_pre,WOWWWWOW,WOOWWWOW,2,3,0.9880256436428316,0.845352833503247,-0.14267281013958466,False
3,log2fc_neg_pre,WWOWWWOW,WOOWWWOW,2,3,0.0831924841025938,0.845352833503247,0.7621603494006531,True
3,log2fc_neg_pre,WOOWWWWW,WOOWWWWO,2,3,-1.411607297227922,0.508182903124026,1.9197902003519483,True
3,log2fc_neg_pre,WOWWWWWO,WOOWWWWO,2,3,0.5796285870228948,0.508182903124026,-0.07144568389886874,False
3,log2fc_neg_pre,WWOWWWWO,WOOWWWWO,2,3,-1.0278041509353124,0.508182903124026,1.5359870540593383,True
3,log2fc_neg_pre,WOWWWWWW,WOOWWWWW,1,2,-0.5811959692288341,-1.411607297227922,-0.830411327999088,False
3,log2fc_neg_pre,WWOWWWWW,WOOWWWWW,1,2,0.9963516757871476,-1.411607297227922,-2.4079589730150697,False
3,log2fc_neg_pre,WOWOOOOW,WOWOOOOO,5,6,-1.6432944845582296,1.1451318696435318,2.7884263542017615,True
3,log2fc_neg_pre,WOWOOOWO,WOWOOOOO,5,6,-0.5292271099331196,1.1451318696435318,1.6743589795766514,True
3,log2fc_neg_pre,WOWOOWOO,WOWOOOOO,5,6,-2.2131827720513795,1.1451318696435318,3.3583146416949115,True
3,log2fc_neg_pre,WOWOWOOO,WOWOOOOO,5,6,1.649158327913383,1.1451318696435318,-0.5040264582698513,False
3,log2fc_neg_pre,WOWWOOOO,WOWOOOOO,5,6,-3.071181844276291,1.1451318696435318,4.216313713919822,True
3,log2fc_neg_pre,WWWOOOOO,WOWOOOOO,5,6,0.8267162534710253,1.1451318696435318,0.31841561617250647,True
3,log2fc_neg_pre,WOWOOOWW,WOWOOOOW,4,5,-0.6053662707059448,-1.6432944845582296,-1.0379282138522847,False
3,log2fc_neg_pre,WOWOOWOW,WOWOOOOW,4,5,-0.0756412656140241,-1.6432944845582296,-1.5676532189442054,False
3,log2fc_neg_pre,WOWOWOOW,WOWOOOOW,4,5,0.1266177499262903,-1.6432944845582296,-1.76991223448452,False
3,log2fc_neg_pre,WOWWOOOW,WOWOOOOW,4,5,0.1706515873791519,-1.6432944845582296,-1.8139460719373814,False
3,log2fc_neg_pre,WWWOOOOW,WOWOOOOW,4,5,-0.8136814132567289,-1.6432944845582296,-0.8296130713015006,False
3,log2fc_neg_pre,WOWOOOWW,WOWOOOWO,4,5,-0.6053662707059448,-0.5292271099331196,0.07613916077282523,True
3,log2fc_neg_pre,WOWOOWWO,WOWOOOWO,4,5,-1.1900741440980334,-0.5292271099331196,0.6608470341649137,True
3,log2fc_neg_pre,WOWOWOWO,WOWOOOWO,4,5,0.7841897893658597,-0.5292271099331196,-1.3134168992989794,False
3,log2fc_neg_pre,WOWWOOWO,WOWOOOWO,4,5,0.6445196781825246,-0.5292271099331196,-1.1737467881156443,False
3,log2fc_neg_pre,WWWOOOWO,WOWOOOWO,4,5,-1.0418204660092911,-0.5292271099331196,0.5125933560761715,True
3,log2fc_neg_pre,WOWOOWWW,WOWOOOWW,3,4,-1.8336097482568192,-0.6053662707059448,1.2282434775508744,True
3,log2fc_neg_pre,WOWOWOWW,WOWOOOWW,3,4,-0.7082924203599303,-0.6053662707059448,0.1029261496539855,True
3,log2fc_neg_pre,WOWWOOWW,WOWOOOWW,3,4,0.5787716735033693,-0.6053662707059448,-1.184137944209314,False
3,log2fc_neg_pre,WWWOOOWW,WOWOOOWW,3,4,1.15136076864064,-0.6053662707059448,-1.7567270393465848,False
3,log2fc_neg_pre,WOWOOWOW,WOWOOWOO,4,5,-0.0756412656140241,-2.2131827720513795,-2.1375415064373553,False
3,log2fc_neg_pre,WOWOOWWO,WOWOOWOO,4,5,-1.1900741440980334,-2.2131827720513795,-1.0231086279533461,False
3,log2fc_neg_pre,WOWOWWOO,WOWOOWOO,4,5,-0.4085948009197654,-2.2131827720513795,-1.804587971131614,False
3,log2fc_neg_pre,WOWWOWOO,WOWOOWOO,4,5,0.6042906140319841,-2.2131827720513795,-2.8174733860833636,False
3,log2fc_neg_pre,WWWOOWOO,WOWOOWOO,4,5,0.705873362130107,-2.2131827720513795,-2.9190561341814867,False
3,log2fc_neg_pre,WOWOOWWW,WOWOOWOW,3,4,-1.8336097482568192,-0.0756412656140241,1.757968482642795,True
3,log2fc_neg_pre,WOWOWWOW,WOWOOWOW,3,4,-1.5959168608990688,-0.0756412656140241,1.5202755952850446,True
3,log2fc_neg_pre,WOWWOWOW,WOWOOWOW,3,4,-2.1243670934682184,-0.0756412656140241,2.048725827854194,True
3,log2fc_neg_pre,WWWOOWOW,WOWOOWOW,3,4,-0.3201892858682513,-0.0756412656140241,0.2445480202542272,True
3,log2fc_neg_pre,WOWOOWWW,WOWOOWWO,3,4,-1.8336097482568192,-1.1900741440980334,0.6435356041587859,True
3,log2fc_neg_pre,WOWOWWWO,WOWOOWWO,3,4,0.3953120152271529,-1.1900741440980334,-1.5853861593251863,False
3,log2fc_neg_pre,WOWWOWWO,WOWOOWWO,3,4,-0.1162976069672907,-1.1900741440980334,-1.0737765371307426,False
3,log2fc_neg_pre,WWWOOWWO,WOWOOWWO,3,4,0.7768594066052787,-1.1900741440980334,-1.966933550703312,False
3,log2fc_neg_pre,WOWOWWWW,WOWOOWWW,2,3,-1.5090350751714878,-1.8336097482568192,-0.3245746730853314,False
3,log2fc_neg_pre,WOWWOWWW,WOWOOWWW,2,3,1.1632877456626125,-1.8336097482568192,-2.9968974939194317,False
3,log2fc_neg_pre,WWWOOWWW,WOWOOWWW,2,3,-0.4330636333267539,-1.8336097482568192,-1.4005461149300653,False
3,log2fc_neg_pre,WOWOWOOW,WOWOWOOO,4,5,0.1266177499262903,1.649158327913383,1.5225405779870926,True
3,log2fc_neg_pre,WOWOWOWO,WOWOWOOO,4,5,0.7841897893658597,1.649158327913383,0.8649685385475233,True
3,log2fc_neg_pre,WOWOWWOO,WOWOWOOO,4,5,-0.4085948009197654,1.649158327913383,2.0577531288331485,True
3,log2fc_neg_pre,WOWWWOOO,WOWOWOOO,4,5,-2.6843398132065777,1.649158327913383,4.333498141119961,True
3,log2fc_neg_pre,WWWOWOOO,WOWOWOOO,4,5,-0.9276209358457392,1.649158327913383,2.5767792637591223,True
3,log2fc_neg_pre,WOWOWOWW,WOWOWOOW,3,4,-0.7082924203599303,0.1266177499262903,0.8349101702862206,True
3,log2fc_neg_pre,WOWOWWOW,WOWOWOOW,3,4,-1.5959168608990688,0.1266177499262903,1.7225346108253592,True
3,log2fc_neg_pre,WOWWWOOW,WOWOWOOW,3,4,-0.2754972703403697,0.1266177499262903,0.40211502026666,True
3,log2fc_neg_pre,WWWOWOOW,WOWOWOOW,3,4,-0.0372215065395879,0.1266177499262903,0.16383925646587819,True
3,log2fc_neg_pre,WOWOWOWW,WOWOWOWO,3,4,-0.7082924203599303,0.7841897893658597,1.49248220972579,True
3,log2fc_neg_pre,WOWOWWWO,WOWOWOWO,3,4,0.3953120152271529,0.7841897893658597,0.3888777741387068,True
3,log2fc_neg_pre,WOWWWOWO,WOWOWOWO,3,4,-0.8340660096390985,0.7841897893658597,1.6182557990049582,True
3,log2fc_neg_pre,WWWOWOWO,WOWOWOWO,3,4,-0.4978227571790898,0.7841897893658597,1.2820125465449494,True
3,log2fc_neg_pre,WOWOWWWW,WOWOWOWW,2,3,-1.5090350751714878,-0.7082924203599303,0.8007426548115575,True
3,log2fc_neg_pre,WOWWWOWW,WOWOWOWW,2,3,-0.7045839632371836,-0.7082924203599303,-0.0037084571227467,False
3,log2fc_neg_pre,WWWOWOWW,WOWOWOWW,2,3,-1.5613853127981088,-0.7082924203599303,0.8530928924381784,True
3,log2fc_neg_pre,WOWOWWOW,WOWOWWOO,3,4,-1.5959168608990688,-0.4085948009197654,1.1873220599793033,True
3,log2fc_neg_pre,WOWOWWWO,WOWOWWOO,3,4,0.3953120152271529,-0.4085948009197654,-0.8039068161469183,False
3,log2fc_neg_pre,WOWWWWOO,WOWOWWOO,3,4,0.7748335679184993,-0.4085948009197654,-1.1834283688382647,False
3,log2fc_neg_pre,WWWOWWOO,WOWOWWOO,3,4,-1.7686527171329989,-0.4085948009197654,1.3600579162132336,True
3,log2fc_neg_pre,WOWOWWWW,WOWOWWOW,2,3,-1.5090350751714878,-1.5959168608990688,-0.08688178572758098,False
3,log2fc_neg_pre,WOWWWWOW,WOWOWWOW,2,3,0.9880256436428316,-1.5959168608990688,-2.5839425045419,False
3,log2fc_neg_pre,WWWOWWOW,WOWOWWOW,2,3,0.4464035162489897,-1.5959168608990688,-2.0423203771480587,False
3,log2fc_neg_pre,WOWOWWWW,WOWOWWWO,2,3,-1.5090350751714878,0.3953120152271529,1.9043470903986408,True
3,log2fc_neg_pre,WOWWWWWO,WOWOWWWO,2,3,0.5796285870228948,0.3953120152271529,-0.18431657179574185,False
3,log2fc_neg_pre,WWWOWWWO,WOWOWWWO,2,3,-0.1698843225234584,0.3953120152271529,0.5651963377506113,True
3,log2fc_neg_pre,WOWWWWWW,WOWOWWWW,1,2,-0.5811959692288341,-1.5090350751714878,-0.9278391059426537,False
3,log2fc_neg_pre,WWWOWWWW,WOWOWWWW,1,2,-1.5058871180966835,-1.5090350751714878,-0.0031479570748043084,False
3,log2fc_neg_pre,WOWWOOOW,WOWWOOOO,4,5,0.1706515873791519,-3.071181844276291,-3.2418334316554427,False
3,log2fc_neg_pre,WOWWOOWO,WOWWOOOO,4,5,0.6445196781825246,-3.071181844276291,-3.7157015224588155,False
3,log2fc_neg_pre,WOWWOWOO,WOWWOOOO,4,5,0.6042906140319841,-3.071181844276291,-3.675472458308275,False
3,log2fc_neg_pre,WOWWWOOO,WOWWOOOO,4,5,-2.6843398132065777,-3.071181844276291,-0.38684203106971315,False
3,log2fc_neg_pre,WWWWOOOO,WOWWOOOO,4,5,-0.2864442632456251,-3.071181844276291,-2.7847375810306656,False
3,log2fc_neg_pre,WOWWOOWW,WOWWOOOW,3,4,0.5787716735033693,0.1706515873791519,-0.40812008612421746,False
3,log2fc_neg_pre,WOWWOWOW,WOWWOOOW,3,4,-2.1243670934682184,0.1706515873791519,2.2950186808473703,True
3,log2fc_neg_pre,WOWWWOOW,WOWWOOOW,3,4,-0.2754972703403697,0.1706515873791519,0.4461488577195216,True
3,log2fc_neg_pre,WWWWOOOW,WOWWOOOW,3,4,0.6977825962451745,0.1706515873791519,-0.5271310088660226,False
3,log2fc_neg_pre,WOWWOOWW,WOWWOOWO,3,4,0.5787716735033693,0.6445196781825246,0.06574800467915531,True
3,log2fc_neg_pre,WOWWOWWO,WOWWOOWO,3,4,-0.1162976069672907,0.6445196781825246,0.7608172851498154,True
3,log2fc_neg_pre,WOWWWOWO,WOWWOOWO,3,4,-0.8340660096390985,0.6445196781825246,1.478585687821623,True
3,log2fc_neg_pre,WWWWOOWO,WOWWOOWO,3,4,0.2487482804318674,0.6445196781825246,0.3957713977506573,True
3,log2fc_neg_pre,WOWWOWWW,WOWWOOWW,2,3,1.1632877456626125,0.5787716735033693,-0.5845160721592432,False
3,log2fc_neg_pre,WOWWWOWW,WOWWOOWW,2,3,-0.7045839632371836,0.5787716735033693,1.283355636740553,True
3,log2fc_neg_pre,WWWWOOWW,WOWWOOWW,2,3,-1.7617620026550451,0.5787716735033693,2.3405336761584143,True
3,log2fc_neg_pre,WOWWOWOW,WOWWOWOO,3,4,-2.1243670934682184,0.6042906140319841,2.7286577075002025,True
3,log2fc_neg_pre,WOWWOWWO,WOWWOWOO,3,4,-0.1162976069672907,0.6042906140319841,0.7205882209992749,True
3,log2fc_neg_pre,WOWWWWOO,WOWWOWOO,3,4,0.7748335679184993,0.6042906140319841,-0.1705429538865152,False
3,log2fc_neg_pre,WWWWOWOO,WOWWOWOO,3,4,-0.3209189783358517,0.6042906140319841,0.9252095923678358,True
3,log2fc_neg_pre,WOWWOWWW,WOWWOWOW,2,3,1.1632877456626125,-2.1243670934682184,-3.287654839130831,False
3,log2fc_neg_pre,WOWWWWOW,WOWWOWOW,2,3,0.9880256436428316,-2.1243670934682184,-3.1123927371110502,False
3,log2fc_neg_pre,WWWWOWOW,WOWWOWOW,2,3,-0.2535316438795608,-2.1243670934682184,-1.8708354495886577,False
3,log2fc_neg_pre,WOWWOWWW,WOWWOWWO,2,3,1.1632877456626125,-0.1162976069672907,-1.2795853526299032,False
3,log2fc_neg_pre,WOWWWWWO,WOWWOWWO,2,3,0.5796285870228948,-0.1162976069672907,-0.6959261939901855,False
3,log2fc_neg_pre,WWWWOWWO,WOWWOWWO,2,3,-1.766426625841618,-0.1162976069672907,1.6501290188743272,True
3,log2fc_neg_pre,WOWWWWWW,WOWWOWWW,1,2,-0.5811959692288341,1.1632877456626125,1.7444837148914467,True
3,log2fc_neg_pre,WWWWOWWW,WOWWOWWW,1,2,0.3864235459926494,1.1632877456626125,0.7768641996699631,True
3,log2fc_neg_pre,WOWWWOOW,WOWWWOOO,3,4,-0.2754972703403697,-2.6843398132065777,-2.408842542866208,False
3,log2fc_neg_pre,WOWWWOWO,WOWWWOOO,3,4,-0.8340660096390985,-2.6843398132065777,-1.8502738035674793,False
3,log2fc_neg_pre,WOWWWWOO,WOWWWOOO,3,4,0.7748335679184993,-2.6843398132065777,-3.459173381125077,False
3,log2fc_neg_pre,WWWWWOOO,WOWWWOOO,3,4,1.598467694633436,-2.6843398132065777,-4.282807507840014,False
3,log2fc_neg_pre,WOWWWOWW,WOWWWOOW,2,3,-0.7045839632371836,-0.2754972703403697,0.42908669289681395,True
3,log2fc_neg_pre,WOWWWWOW,WOWWWOOW,2,3,0.9880256436428316,-0.2754972703403697,-1.2635229139832014,False
3,log2fc_neg_pre,WWWWWOOW,WOWWWOOW,2,3,-0.4648542184641595,-0.2754972703403697,0.18935694812378978,True
3,log2fc_neg_pre,WOWWWOWW,WOWWWOWO,2,3,-0.7045839632371836,-0.8340660096390985,-0.12948204640191485,False
3,log2fc_neg_pre,WOWWWWWO,WOWWWOWO,2,3,0.5796285870228948,-0.8340660096390985,-1.4136945966619932,False
3,log2fc_neg_pre,WWWWWOWO,WOWWWOWO,2,3,0.2795595136131394,-0.8340660096390985,-1.1136255232522378,False
3,log2fc_neg_pre,WOWWWWWW,WOWWWOWW,1,2,-0.5811959692288341,-0.7045839632371836,-0.12338799400834954,False
3,log2fc_neg_pre,WWWWWOWW,WOWWWOWW,1,2,-0.7309139469803374,-0.7045839632371836,0.026329983743153762,True
3,log2fc_neg_pre,WOWWWWOW,WOWWWWOO,2,3,0.9880256436428316,0.7748335679184993,-0.2131920757243323,False
3,log2fc_neg_pre,WOWWWWWO,WOWWWWOO,2,3,0.5796285870228948,0.7748335679184993,0.19520498089560456,True
3,log2fc_neg_pre,WWWWWWOO,WOWWWWOO,2,3,0.1225009442496818,0.7748335679184993,0.6523326236688175,True
3,log2fc_neg_pre,WOWWWWWW,WOWWWWOW,1,2,-0.5811959692288341,0.9880256436428316,1.5692216128716656,True
3,log2fc_neg_pre,WWWWWWOW,WOWWWWOW,1,2,-0.4750769981885461,0.9880256436428316,1.4631026418313777,True
3,log2fc_neg_pre,WOWWWWWW,WOWWWWWO,1,2,-0.5811959692288341,0.5796285870228948,1.160824556251729,True
3,log2fc_neg_pre,WWWWWWWO,WOWWWWWO,1,2,-0.4216350172921393,0.5796285870228948,1.001263604315034,True
3,log2fc_neg_pre,WWWWWWWW,WOWWWWWW,0,1,-0.2743860980083972,-0.5811959692288341,-0.3068098712204369,False
3,log2fc_neg_pre,WWOOOOOW,WWOOOOOO,5,6,-3.256360743170001,0.8132637565778879,4.0696244997478885,True
3,log2fc_neg_pre,WWOOOOWO,WWOOOOOO,5,6,-0.1487177874865084,0.8132637565778879,0.9619815440643963,True
3,log2fc_neg_pre,WWOOOWOO,WWOOOOOO,5,6,2.921981382956453,0.8132637565778879,-2.108717626378565,False
3,log2fc_neg_pre,WWOOWOOO,WWOOOOOO,5,6,-2.0420064103385553,0.8132637565778879,2.8552701669164433,True
3,log2fc_neg_pre,WWOWOOOO,WWOOOOOO,5,6,0.4701532285989028,0.8132637565778879,0.34311052797898506,True
3,log2fc_neg_pre,WWWOOOOO,WWOOOOOO,5,6,0.8267162534710253,0.8132637565778879,-0.013452496893137433,False
3,log2fc_neg_pre,WWOOOOWW,WWOOOOOW,4,5,0.0892155181070882,-3.256360743170001,-3.345576261277089,False
3,log2fc_neg_pre,WWOOOWOW,WWOOOOOW,4,5,-0.1880198419964102,-3.256360743170001,-3.068340901173591,False
3,log2fc_neg_pre,WWOOWOOW,WWOOOOOW,4,5,0.5415405047939305,-3.256360743170001,-3.7979012479639316,False
3,log2fc_neg_pre,WWOWOOOW,WWOOOOOW,4,5,-1.1571914395388745,-3.256360743170001,-2.0991693036311263,False
3,log2fc_neg_pre,WWWOOOOW,WWOOOOOW,4,5,-0.8136814132567289,-3.256360743170001,-2.442679329913272,False
3,log2fc_neg_pre,WWOOOOWW,WWOOOOWO,4,5,0.0892155181070882,-0.1487177874865084,-0.2379333055935966,False
3,log2fc_neg_pre,WWOOOWWO,WWOOOOWO,4,5,-0.2030753031738533,-0.1487177874865084,0.0543575156873449,True
3,log2fc_neg_pre,WWOOWOWO,WWOOOOWO,4,5,0.7853138887017099,-0.1487177874865084,-0.9340316761882184,False
3,log2fc_neg_pre,WWOWOOWO,WWOOOOWO,4,5,-0.4100573925615042,-0.1487177874865084,0.26133960507499576,True
3,log2fc_neg_pre,WWWOOOWO,WWOOOOWO,4,5,-1.0418204660092911,-0.1487177874865084,0.8931026785227827,True
3,log2fc_neg_pre,WWOOOWWW,WWOOOOWW,3,4,0.2092909856604656,0.0892155181070882,-0.12007546755337742,False
3,log2fc_neg_pre,WWOOWOWW,WWOOOOWW,3,4,0.0278689169296561,0.0892155181070882,0.0613466011774321,True
3,log2fc_neg_pre,WWOWOOWW,WWOOOOWW,3,4,-0.0369850489346168,0.0892155181070882,0.126200567041705,True
3,log2fc_neg_pre,WWWOOOWW,WWOOOOWW,3,4,1.15136076864064,0.0892155181070882,-1.0621452505335518,False
3,log2fc_neg_pre,WWOOOWOW,WWOOOWOO,4,5,-0.1880198419964102,2.921981382956453,3.110001224952863,True
3,log2fc_neg_pre,WWOOOWWO,WWOOOWOO,4,5,-0.2030753031738533,2.921981382956453,3.125056686130306,True
3,log2fc_neg_pre,WWOOWWOO,WWOOOWOO,4,5,-1.702324505051629,2.921981382956453,4.624305888008082,True
3,log2fc_neg_pre,WWOWOWOO,WWOOOWOO,4,5,-1.310084940235776,2.921981382956453,4.232066323192229,True
3,log2fc_neg_pre,WWWOOWOO,WWOOOWOO,4,5,0.705873362130107,2.921981382956453,2.216108020826346,True
3,log2fc_neg_pre,WWOOOWWW,WWOOOWOW,3,4,0.2092909856604656,-0.1880198419964102,-0.3973108276568758,False
3,log2fc_neg_pre,WWOOWWOW,WWOOOWOW,3,4,0.8361282701255808,-0.1880198419964102,-1.024148112121991,False
3,log2fc_neg_pre,WWOWOWOW,WWOOOWOW,3,4,0.6953561083650176,-0.1880198419964102,-0.8833759503614278,False
3,log2fc_neg_pre,WWWOOWOW,WWOOOWOW,3,4,-0.3201892858682513,-0.1880198419964102,0.1321694438718411,True
3,log2fc_neg_pre,WWOOOWWW,WWOOOWWO,3,4,0.2092909856604656,-0.2030753031738533,-0.4123662888343189,False
3,log2fc_neg_pre,WWOOWWWO,WWOOOWWO,3,4,0.1397901530040655,-0.2030753031738533,-0.3428654561779188,False
3,log2fc_neg_pre,WWOWOWWO,WWOOOWWO,3,4,-0.1487991701702626,-0.2030753031738533,-0.054276133003590715,False
3,log2fc_neg_pre,WWWOOWWO,WWOOOWWO,3,4,0.7768594066052787,-0.2030753031738533,-0.979934709779132,False
3,log2fc_neg_pre,WWOOWWWW,WWOOOWWW,2,3,0.3370249213541811,0.2092909856604656,-0.1277339356937155,False
3,log2fc_neg_pre,WWOWOWWW,WWOOOWWW,2,3,-1.5921647423727845,0.2092909856604656,1.8014557280332502,True
3,log2fc_neg_pre,WWWOOWWW,WWOOOWWW,2,3,-0.4330636333267539,0.2092909856604656,0.6423546189872196,True
3,log2fc_neg_pre,WWOOWOOW,WWOOWOOO,4,5,0.5415405047939305,-2.0420064103385553,-2.583546915132486,False
3,log2fc_neg_pre,WWOOWOWO,WWOOWOOO,4,5,0.7853138887017099,-2.0420064103385553,-2.8273202990402653,False
3,log2fc_neg_pre,WWOOWWOO,WWOOWOOO,4,5,-1.702324505051629,-2.0420064103385553,-0.33968190528692643,False
3,log2fc_neg_pre,WWOWWOOO,WWOOWOOO,4,5,-0.5849141517199248,-2.0420064103385553,-1.4570922586186306,False
3,log2fc_neg_pre,WWWOWOOO,WWOOWOOO,4,5,-0.9276209358457392,-2.0420064103385553,-1.114385474492816,False
3,log2fc_neg_pre,WWOOWOWW,WWOOWOOW,3,4,0.0278689169296561,0.5415405047939305,0.5136715878642744,True
3,log2fc_neg_pre,WWOOWWOW,WWOOWOOW,3,4,0.8361282701255808,0.5415405047939305,-0.2945877653316503,False
3,log2fc_neg_pre,WWOWWOOW,WWOOWOOW,3,4,-2.605029283498342,0.5415405047939305,3.1465697882922727,True
3,log2fc_neg_pre,WWWOWOOW,WWOOWOOW,3,4,-0.0372215065395879,0.5415405047939305,0.5787620113335183,True
3,log2fc_neg_pre,WWOOWOWW,WWOOWOWO,3,4,0.0278689169296561,0.7853138887017099,0.7574449717720538,True
3,log2fc_neg_pre,WWOOWWWO,WWOOWOWO,3,4,0.1397901530040655,0.7853138887017099,0.6455237356976444,True
3,log2fc_neg_pre,WWOWWOWO,WWOOWOWO,3,4,-0.7014568804114109,0.7853138887017099,1.4867707691131207,True
3,log2fc_neg_pre,WWWOWOWO,WWOOWOWO,3,4,-0.4978227571790898,0.7853138887017099,1.2831366458807998,True
3,log2fc_neg_pre,WWOOWWWW,WWOOWOWW,2,3,0.3370249213541811,0.0278689169296561,-0.309156004424525,False
3,log2fc_neg_pre,WWOWWOWW,WWOOWOWW,2,3,0.1688635889750541,0.0278689169296561,-0.140994672045398,False
3,log2fc_neg_pre,WWWOWOWW,WWOOWOWW,2,3,-1.5613853127981088,0.0278689169296561,1.589254229727765,True
3,log2fc_neg_pre,WWOOWWOW,WWOOWWOO,3,4,0.8361282701255808,-1.702324505051629,-2.53845277517721,False
3,log2fc_neg_pre,WWOOWWWO,WWOOWWOO,3,4,0.1397901530040655,-1.702324505051629,-1.8421146580556944,False
3,log2fc_neg_pre,WWOWWWOO,WWOOWWOO,3,4,-0.5657047057079931,-1.702324505051629,-1.1366197993436358,False
3,log2fc_neg_pre,WWWOWWOO,WWOOWWOO,3,4,-1.7686527171329989,-1.702324505051629,0.06632821208136996,True
3,log2fc_neg_pre,WWOOWWWW,WWOOWWOW,2,3,0.3370249213541811,0.8361282701255808,0.49910334877139967,True
3,log2fc_neg_pre,WWOWWWOW,WWOOWWOW,2,3,0.0831924841025938,0.8361282701255808,0.7529357860229869,True
3,log2fc_neg_pre,WWWOWWOW,WWOOWWOW,2,3,0.4464035162489897,0.8361282701255808,0.38972475387659106,True
3,log2fc_neg_pre,WWOOWWWW,WWOOWWWO,2,3,0.3370249213541811,0.1397901530040655,-0.1972347683501156,False
3,log2fc_neg_pre,WWOWWWWO,WWOOWWWO,2,3,-1.0278041509353124,0.1397901530040655,1.167594303939378,True
3,log2fc_neg_pre,WWWOWWWO,WWOOWWWO,2,3,-0.1698843225234584,0.1397901530040655,0.3096744755275239,True
3,log2fc_neg_pre,WWOWWWWW,WWOOWWWW,1,2,0.9963516757871476,0.3370249213541811,-0.6593267544329664,False
3,log2fc_neg_pre,WWWOWWWW,WWOOWWWW,1,2,-1.5058871180966835,0.3370249213541811,1.8429120394508647,True
3,log2fc_neg_pre,WWOWOOOW,WWOWOOOO,4,5,-1.1571914395388745,0.4701532285989028,1.6273446681377772,True
3,log2fc_neg_pre,WWOWOOWO,WWOWOOOO,4,5,-0.4100573925615042,0.4701532285989028,0.880210621160407,True
3,log2fc_neg_pre,WWOWOWOO,WWOWOOOO,4,5,-1.310084940235776,0.4701532285989028,1.7802381688346787,True
3,log2fc_neg_pre,WWOWWOOO,WWOWOOOO,4,5,-0.5849141517199248,0.4701532285989028,1.0550673803188275,True
3,log2fc_neg_pre,WWWWOOOO,WWOWOOOO,4,5,-0.2864442632456251,0.4701532285989028,0.756597491844528,True
3,log2fc_neg_pre,WWOWOOWW,WWOWOOOW,3,4,-0.0369850489346168,-1.1571914395388745,-1.1202063906042576,False
3,log2fc_neg_pre,WWOWOWOW,WWOWOOOW,3,4,0.6953561083650176,-1.1571914395388745,-1.852547547903892,False
3,log2fc_neg_pre,WWOWWOOW,WWOWOOOW,3,4,-2.605029283498342,-1.1571914395388745,1.4478378439594677,True
3,log2fc_neg_pre,WWWWOOOW,WWOWOOOW,3,4,0.6977825962451745,-1.1571914395388745,-1.854974035784049,False
3,log2fc_neg_pre,WWOWOOWW,WWOWOOWO,3,4,-0.0369850489346168,-0.4100573925615042,-0.3730723436268874,False
3,log2fc_neg_pre,WWOWOWWO,WWOWOOWO,3,4,-0.1487991701702626,-0.4100573925615042,-0.26125822239124163,False
3,log2fc_neg_pre,WWOWWOWO,WWOWOOWO,3,4,-0.7014568804114109,-0.4100573925615042,0.29139948784990666,True
3,log2fc_neg_pre,WWWWOOWO,WWOWOOWO,3,4,0.2487482804318674,-0.4100573925615042,-0.6588056729933716,False
3,log2fc_neg_pre,WWOWOWWW,WWOWOOWW,2,3,-1.5921647423727845,-0.0369850489346168,1.5551796934381676,True
3,log2fc_neg_pre,WWOWWOWW,WWOWOOWW,2,3,0.1688635889750541,-0.0369850489346168,-0.2058486379096709,False
3,log2fc_neg_pre,WWWWOOWW,WWOWOOWW,2,3,-1.7617620026550451,-0.0369850489346168,1.7247769537204283,True
3,log2fc_neg_pre,WWOWOWOW,WWOWOWOO,3,4,0.6953561083650176,-1.310084940235776,-2.0054410486007934,False
3,log2fc_neg_pre,WWOWOWWO,WWOWOWOO,3,4,-0.1487991701702626,-1.310084940235776,-1.1612857700655133,False
3,log2fc_neg_pre,WWOWWWOO,WWOWOWOO,3,4,-0.5657047057079931,-1.310084940235776,-0.7443802345277828,False
3,log2fc_neg_pre,WWWWOWOO,WWOWOWOO,3,4,-0.3209189783358517,-1.310084940235776,-0.9891659618999242,False
3,log2fc_neg_pre,WWOWOWWW,WWOWOWOW,2,3,-1.5921647423727845,0.6953561083650176,2.287520850737802,True
3,log2fc_neg_pre,WWOWWWOW,WWOWOWOW,2,3,0.0831924841025938,0.6953561083650176,0.6121636242624238,True
3,log2fc_neg_pre,WWWWOWOW,WWOWOWOW,2,3,-0.2535316438795608,0.6953561083650176,0.9488877522445784,True
3,log2fc_neg_pre,WWOWOWWW,WWOWOWWO,2,3,-1.5921647423727845,-0.1487991701702626,1.4433655722025218,True
3,log2fc_neg_pre,WWOWWWWO,WWOWOWWO,2,3,-1.0278041509353124,-0.1487991701702626,0.8790049807650498,True
3,log2fc_neg_pre,WWWWOWWO,WWOWOWWO,2,3,-1.766426625841618,-0.1487991701702626,1.6176274556713552,True
3,log2fc_neg_pre,WWOWWWWW,WWOWOWWW,1,2,0.9963516757871476,-1.5921647423727845,-2.588516418159932,False
3,log2fc_neg_pre,WWWWOWWW,WWOWOWWW,1,2,0.3864235459926494,-1.5921647423727845,-1.978588288365434,False
3,log2fc_neg_pre,WWOWWOOW,WWOWWOOO,3,4,-2.605029283498342,-0.5849141517199248,2.020115131778417,True
3,log2fc_neg_pre,WWOWWOWO,WWOWWOOO,3,4,-0.7014568804114109,-0.5849141517199248,0.11654272869148607,True
3,log2fc_neg_pre,WWOWWWOO,WWOWWOOO,3,4,-0.5657047057079931,-0.5849141517199248,-0.01920944601193164,False
3,log2fc_neg_pre,WWWWWOOO,WWOWWOOO,3,4,1.598467694633436,-0.5849141517199248,-2.1833818463533605,False
3,log2fc_neg_pre,WWOWWOWW,WWOWWOOW,2,3,0.1688635889750541,-2.605029283498342,-2.773892872473396,False
3,log2fc_neg_pre,WWOWWWOW,WWOWWOOW,2,3,0.0831924841025938,-2.605029283498342,-2.688221767600936,False
3,log2fc_neg_pre,WWWWWOOW,WWOWWOOW,2,3,-0.4648542184641595,-2.605029283498342,-2.1401750650341826,False
3,log2fc_neg_pre,WWOWWOWW,WWOWWOWO,2,3,0.1688635889750541,-0.7014568804114109,-0.870320469386465,False
3,log2fc_neg_pre,WWOWWWWO,WWOWWOWO,2,3,-1.0278041509353124,-0.7014568804114109,0.32634727052390156,True
3,log2fc_neg_pre,WWWWWOWO,WWOWWOWO,2,3,0.2795595136131394,-0.7014568804114109,-0.9810163940245502,False
3,log2fc_neg_pre,WWOWWWWW,WWOWWOWW,1,2,0.9963516757871476,0.1688635889750541,-0.8274880868120935,False
3,log2fc_neg_pre,WWWWWOWW,WWOWWOWW,1,2,-0.7309139469803374,0.1688635889750541,0.8997775359553914,True
3,log2fc_neg_pre,WWOWWWOW,WWOWWWOO,2,3,0.0831924841025938,-0.5657047057079931,-0.648897189810587,False
3,log2fc_neg_pre,WWOWWWWO,WWOWWWOO,2,3,-1.0278041509353124,-0.5657047057079931,0.46209944522731927,True
3,log2fc_neg_pre,WWWWWWOO,WWOWWWOO,2,3,0.1225009442496818,-0.5657047057079931,-0.688205649957675,False
3,log2fc_neg_pre,WWOWWWWW,WWOWWWOW,1,2,0.9963516757871476,0.0831924841025938,-0.9131591916845537,False
3,log2fc_neg_pre,WWWWWWOW,WWOWWWOW,1,2,-0.4750769981885461,0.0831924841025938,0.5582694822911399,True
3,log2fc_neg_pre,WWOWWWWW,WWOWWWWO,1,2,0.9963516757871476,-1.0278041509353124,-2.0241558267224598,False
3,log2fc_neg_pre,WWWWWWWO,WWOWWWWO,1,2,-0.4216350172921393,-1.0278041509353124,-0.6061691336431732,False
3,log2fc_neg_pre,WWWWWWWW,WWOWWWWW,0,1,-0.2743860980083972,0.9963516757871476,1.2707377737955448,True
3,log2fc_neg_pre,WWWOOOOW,WWWOOOOO,4,5,-0.8136814132567289,0.8267162534710253,1.6403976667277542,True
3,log2fc_neg_pre,WWWOOOWO,WWWOOOOO,4,5,-1.0418204660092911,0.8267162534710253,1.8685367194803164,True
3,log2fc_neg_pre,WWWOOWOO,WWWOOOOO,4,5,0.705873362130107,0.8267162534710253,0.1208428913409183,True
3,log2fc_neg_pre,WWWOWOOO,WWWOOOOO,4,5,-0.9276209358457392,0.8267162534710253,1.7543371893167645,True
3,log2fc_neg_pre,WWWWOOOO,WWWOOOOO,4,5,-0.2864442632456251,0.8267162534710253,1.1131605167166505,True
3,log2fc_neg_pre,WWWOOOWW,WWWOOOOW,3,4,1.15136076864064,-0.8136814132567289,-1.965042181897369,False
3,log2fc_neg_pre,WWWOOWOW,WWWOOOOW,3,4,-0.3201892858682513,-0.8136814132567289,-0.49349212738847764,False
3,log2fc_neg_pre,WWWOWOOW,WWWOOOOW,3,4,-0.0372215065395879,-0.8136814132567289,-0.776459906717141,False
3,log2fc_neg_pre,WWWWOOOW,WWWOOOOW,3,4,0.6977825962451745,-0.8136814132567289,-1.5114640095019034,False
3,log2fc_neg_pre,WWWOOOWW,WWWOOOWO,3,4,1.15136076864064,-1.0418204660092911,-2.193181234649931,False
3,log2fc_neg_pre,WWWOOWWO,WWWOOOWO,3,4,0.7768594066052787,-1.0418204660092911,-1.8186798726145699,False
3,log2fc_neg_pre,WWWOWOWO,WWWOOOWO,3,4,-0.4978227571790898,-1.0418204660092911,-0.5439977088302013,False
3,log2fc_neg_pre,WWWWOOWO,WWWOOOWO,3,4,0.2487482804318674,-1.0418204660092911,-1.2905687464411586,False
3,log2fc_neg_pre,WWWOOWWW,WWWOOOWW,2,3,-0.4330636333267539,1.15136076864064,1.5844244019673939,True
3,log2fc_neg_pre,WWWOWOWW,WWWOOOWW,2,3,-1.5613853127981088,1.15136076864064,2.7127460814387487,True
3,log2fc_neg_pre,WWWWOOWW,WWWOOOWW,2,3,-1.7617620026550451,1.15136076864064,2.913122771295685,True
3,log2fc_neg_pre,WWWOOWOW,WWWOOWOO,3,4,-0.3201892858682513,0.705873362130107,1.0260626479983583,True
3,log2fc_neg_pre,WWWOOWWO,WWWOOWOO,3,4,0.7768594066052787,0.705873362130107,-0.07098604447517176,False
3,log2fc_neg_pre,WWWOWWOO,WWWOOWOO,3,4,-1.7686527171329989,0.705873362130107,2.474526079263106,True
3,log2fc_neg_pre,WWWWOWOO,WWWOOWOO,3,4,-0.3209189783358517,0.705873362130107,1.0267923404659587,True
3,log2fc_neg_pre,WWWOOWWW,WWWOOWOW,2,3,-0.4330636333267539,-0.3201892858682513,0.11287434745850261,True
3,log2fc_neg_pre,WWWOWWOW,WWWOOWOW,2,3,0.4464035162489897,-0.3201892858682513,-0.766592802117241,False
3,log2fc_neg_pre,WWWWOWOW,WWWOOWOW,2,3,-0.2535316438795608,-0.3201892858682513,-0.06665764198869051,False
3,log2fc_neg_pre,WWWOOWWW,WWWOOWWO,2,3,-0.4330636333267539,0.7768594066052787,1.2099230399320327,True
3,log2fc_neg_pre,WWWOWWWO,WWWOOWWO,2,3,-0.1698843225234584,0.7768594066052787,0.9467437291287372,True
3,log2fc_neg_pre,WWWWOWWO,WWWOOWWO,2,3,-1.766426625841618,0.7768594066052787,2.543286032446897,True
3,log2fc_neg_pre,WWWOWWWW,WWWOOWWW,1,2,-1.5058871180966835,-0.4330636333267539,1.0728234847699296,True
3,log2fc_neg_pre,WWWWOWWW,WWWOOWWW,1,2,0.3864235459926494,-0.4330636333267539,-0.8194871793194033,False
3,log2fc_neg_pre,WWWOWOOW,WWWOWOOO,3,4,-0.0372215065395879,-0.9276209358457392,-0.8903994293061513,False
3,log2fc_neg_pre,WWWOWOWO,WWWOWOOO,3,4,-0.4978227571790898,-0.9276209358457392,-0.42979817866664943,False
3,log2fc_neg_pre,WWWOWWOO,WWWOWOOO,3,4,-1.7686527171329989,-0.9276209358457392,0.8410317812872596,True
3,log2fc_neg_pre,WWWWWOOO,WWWOWOOO,3,4,1.598467694633436,-0.9276209358457392,-2.526088630479175,False
3,log2fc_neg_pre,WWWOWOWW,WWWOWOOW,2,3,-1.5613853127981088,-0.0372215065395879,1.5241638062585208,True
3,log2fc_neg_pre,WWWOWWOW,WWWOWOOW,2,3,0.4464035162489897,-0.0372215065395879,-0.4836250227885776,False
3,log2fc_neg_pre,WWWWWOOW,WWWOWOOW,2,3,-0.4648542184641595,-0.0372215065395879,0.4276327119245716,True
3,log2fc_neg_pre,WWWOWOWW,WWWOWOWO,2,3,-1.5613853127981088,-0.4978227571790898,1.063562555619019,True
3,log2fc_neg_pre,WWWOWWWO,WWWOWOWO,2,3,-0.1698843225234584,-0.4978227571790898,-0.32793843465563144,False
3,log2fc_neg_pre,WWWWWOWO,WWWOWOWO,2,3,0.2795595136131394,-0.4978227571790898,-0.7773822707922292,False
3,log2fc_neg_pre,WWWOWWWW,WWWOWOWW,1,2,-1.5058871180966835,-1.5613853127981088,-0.05549819470142525,False
3,log2fc_neg_pre,WWWWWOWW,WWWOWOWW,1,2,-0.7309139469803374,-1.5613853127981088,-0.8304713658177714,False
3,log2fc_neg_pre,WWWOWWOW,WWWOWWOO,2,3,0.4464035162489897,-1.7686527171329989,-2.2150562333819885,False
3,log2fc_neg_pre,WWWOWWWO,WWWOWWOO,2,3,-0.1698843225234584,-1.7686527171329989,-1.5987683946095406,False
3,log2fc_neg_pre,WWWWWWOO,WWWOWWOO,2,3,0.1225009442496818,-1.7686527171329989,-1.8911536613826807,False
3,log2fc_neg_pre,WWWOWWWW,WWWOWWOW,1,2,-1.5058871180966835,0.4464035162489897,1.9522906343456732,True
3,log2fc_neg_pre,WWWWWWOW,WWWOWWOW,1,2,-0.4750769981885461,0.4464035162489897,0.9214805144375358,True
3,log2fc_neg_pre,WWWOWWWW,WWWOWWWO,1,2,-1.5058871180966835,-0.1698843225234584,1.3360027955732252,True
3,log2fc_neg_pre,WWWWWWWO,WWWOWWWO,1,2,-0.4216350172921393,-0.1698843225234584,0.25175069476868095,True
3,log2fc_neg_pre,WWWWWWWW,WWWOWWWW,0,1,-0.2743860980083972,-1.5058871180966835,-1.2315010200882863,False
3,log2fc_neg_pre,WWWWOOOW,WWWWOOOO,3,4,0.6977825962451745,-0.2864442632456251,-0.9842268594907996,False
3,log2fc_neg_pre,WWWWOOWO,WWWWOOOO,3,4,0.2487482804318674,-0.2864442632456251,-0.5351925436774925,False
3,log2fc_neg_pre,WWWWOWOO,WWWWOOOO,3,4,-0.3209189783358517,-0.2864442632456251,0.03447471509022659,True
3,log2fc_neg_pre,WWWWWOOO,WWWWOOOO,3,4,1.598467694633436,-0.2864442632456251,-1.8849119578790612,False
3,log2fc_neg_pre,WWWWOOWW,WWWWOOOW,2,3,-1.7617620026550451,0.6977825962451745,2.4595445989002194,True
3,log2fc_neg_pre,WWWWOWOW,WWWWOOOW,2,3,-0.2535316438795608,0.6977825962451745,0.9513142401247352,True
3,log2fc_neg_pre,WWWWWOOW,WWWWOOOW,2,3,-0.4648542184641595,0.6977825962451745,1.162636814709334,True
3,log2fc_neg_pre,WWWWOOWW,WWWWOOWO,2,3,-1.7617620026550451,0.2487482804318674,2.0105102830869126,True
3,log2fc_neg_pre,WWWWOWWO,WWWWOOWO,2,3,-1.766426625841618,0.2487482804318674,2.015174906273485,True
3,log2fc_neg_pre,WWWWWOWO,WWWWOOWO,2,3,0.2795595136131394,0.2487482804318674,-0.03081123318127202,False
3,log2fc_neg_pre,WWWWOWWW,WWWWOOWW,1,2,0.3864235459926494,-1.7617620026550451,-2.1481855486476946,False
3,log2fc_neg_pre,WWWWWOWW,WWWWOOWW,1,2,-0.7309139469803374,-1.7617620026550451,-1.0308480556747077,False
3,log2fc_neg_pre,WWWWOWOW,WWWWOWOO,2,3,-0.2535316438795608,-0.3209189783358517,-0.06738733445629091,False
3,log2fc_neg_pre,WWWWOWWO,WWWWOWOO,2,3,-1.766426625841618,-0.3209189783358517,1.4455076475057662,True
3,log2fc_neg_pre,WWWWWWOO,WWWWOWOO,2,3,0.1225009442496818,-0.3209189783358517,-0.44341992258553353,False
3,log2fc_neg_pre,WWWWOWWW,WWWWOWOW,1,2,0.3864235459926494,-0.2535316438795608,-0.6399551898722102,False
3,log2fc_neg_pre,WWWWWWOW,WWWWOWOW,1,2,-0.4750769981885461,-0.2535316438795608,0.2215453543089853,True
3,log2fc_neg_pre,WWWWOWWW,WWWWOWWO,1,2,0.3864235459926494,-1.766426625841618,-2.152850171834267,False
3,log2fc_neg_pre,WWWWWWWO,WWWWOWWO,1,2,-0.4216350172921393,-1.766426625841618,-1.3447916085494787,False
3,log2fc_neg_pre,WWWWWWWW,WWWWOWWW,0,1,-0.2743860980083972,0.3864235459926494,0.6608096440010466,True
3,log2fc_neg_pre,WWWWWOOW,WWWWWOOO,2,3,-0.4648542184641595,1.598467694633436,2.0633219130975955,True
3,log2fc_neg_pre,WWWWWOWO,WWWWWOOO,2,3,0.2795595136131394,1.598467694633436,1.3189081810202965,True
3,log2fc_neg_pre,WWWWWWOO,WWWWWOOO,2,3,0.1225009442496818,1.598467694633436,1.4759667503837541,True
3,log2fc_neg_pre,WWWWWOWW,WWWWWOOW,1,2,-0.7309139469803374,-0.4648542184641595,0.26605972851617793,True
3,log2fc_neg_pre,WWWWWWOW,WWWWWOOW,1,2,-0.4750769981885461,-0.4648542184641595,0.010222779724386621,True
3,log2fc_neg_pre,WWWWWOWW,WWWWWOWO,1,2,-0.7309139469803374,0.2795595136131394,1.0104734605934769,True
3,log2fc_neg_pre,WWWWWWWO,WWWWWOWO,1,2,-0.4216350172921393,0.2795595136131394,0.7011945309052787,True
3,log2fc_neg_pre,WWWWWWWW,WWWWWOWW,0,1,-0.2743860980083972,-0.7309139469803374,-0.4565278489719402,False
3,log2fc_neg_pre,WWWWWWOW,WWWWWWOO,1,2,-0.4750769981885461,0.1225009442496818,0.5975779424382279,True
3,log2fc_neg_pre,WWWWWWWO,WWWWWWOO,1,2,-0.4216350172921393,0.1225009442496818,0.5441359615418211,True
3,log2fc_neg_pre,WWWWWWWW,WWWWWWOW,0,1,-0.2743860980083972,-0.4750769981885461,-0.2006909001801489,False
3,log2fc_neg_pre,WWWWWWWW,WWWWWWWO,0,1,-0.2743860980083972,-0.4216350172921393,-0.14724891928374212,False
1,ddelta,OOOOOOOW,OOOOOOOO,7,8,0.0161236056161265,0.5312848050339358,0.5151611994178094,True
1,ddelta,OOOOOOWO,OOOOOOOO,7,8,-1.3244133166560796,0.5312848050339358,1.8556981216900155,True
1,ddelta,OOOOOWOO,OOOOOOOO,7,8,-1.0039951181940112,0.5312848050339358,1.535279923227947,True
1,ddelta,OOOOWOOO,OOOOOOOO,7,8,-0.2036557043725337,0.5312848050339358,0.7349405094064695,True
1,ddelta,OOOWOOOO,OOOOOOOO,7,8,-4.2430317730544145,0.5312848050339358,4.77431657808835,True
1,ddelta,OOWOOOOO,OOOOOOOO,7,8,1.1340150862492528,0.5312848050339358,-0.602730281215317,False
1,ddelta,OWOOOOOO,OOOOOOOO,7,8,-0.1173764571359502,0.5312848050339358,0.6486612621698861,True
1,ddelta,WOOOOOOO,OOOOOOOO,7,8,0.3897423055051205,0.5312848050339358,0.1415424995288153,True
1,ddelta,OOOOOOWW,OOOOOOOW,6,7,-4.241920526698295,0.0161236056161265,4.258044132314422,True
1,ddelta,OOOOOWOW,OOOOOOOW,6,7,0.8178091097250844,0.0161236056161265,-0.8016855041089579,False
1,ddelta,OOOOWOOW,OOOOOOOW,6,7,-0.2610664240050931,0.0161236056161265,0.27719002962121964,True
1,ddelta,OOOWOOOW,OOOOOOOW,6,7,-0.101719097511616,0.0161236056161265,0.11784270312774249,True
1,ddelta,OOWOOOOW,OOOOOOOW,6,7,0.9379229769780296,0.0161236056161265,-0.9217993713619032,False
1,ddelta,OWOOOOOW,OOOOOOOW,6,7,-0.0949927097424483,0.0161236056161265,0.1111163153585748,True
1,ddelta,WOOOOOOW,OOOOOOOW,6,7,1.391537771228118,0.0161236056161265,-1.3754141656119916,False
1,ddelta,OOOOOOWW,OOOOOOWO,6,7,-4.241920526698295,-1.3244133166560796,2.9175072100422152,True
1,ddelta,OOOOOWWO,OOOOOOWO,6,7,-2.2438982950261663,-1.3244133166560796,0.9194849783700867,True
1,ddelta,OOOOWOWO,OOOOOOWO,6,7,-0.3036057598211752,-1.3244133166560796,-1.0208075568349044,False
1,ddelta,OOOWOOWO,OOOOOOWO,6,7,-1.793009096290557,-1.3244133166560796,0.4685957796344773,True
1,ddelta,OOWOOOWO,OOOOOOWO,6,7,0.5522335603017225,-1.3244133166560796,-1.8766468769578022,False
1,ddelta,OWOOOOWO,OOOOOOWO,6,7,-2.031389014303032,-1.3244133166560796,0.7069756976469523,True
1,ddelta,WOOOOOWO,OOOOOOWO,6,7,-0.7957135379488098,-1.3244133166560796,-0.5286997787072698,False
1,ddelta,OOOOOWWW,OOOOOOWW,5,6,-1.975832386725298,-4.241920526698295,-2.266088139972997,False
1,ddelta,OOOOWOWW,OOOOOOWW,5,6,-0.8695318527946427,-4.241920526698295,-3.3723886739036524,False
1,ddelta,OOOWOOWW,OOOOOOWW,5,6,-0.8005384011037753,-4.241920526698295,-3.4413821255945196,False
1,ddelta,OOWOOOWW,OOOOOOWW,5,6,-1.401102131900421,-4.241920526698295,-2.840818394797874,False
1,ddelta,OWOOOOWW,OOOOOOWW,5,6,-4.795267621519672,-4.241920526698295,0.553347094821377,True
1,ddelta,WOOOOOWW,OOOOOOWW,5,6,-4.44217927477742,-4.241920526698295,0.2002587480791247,True
1,ddelta,OOOOOWOW,OOOOOWOO,6,7,0.8178091097250844,-1.0039951181940112,-1.8218042279190956,False
1,ddelta,OOOOOWWO,OOOOOWOO,6,7,-2.2438982950261663,-1.0039951181940112,1.2399031768321551,True
1,ddelta,OOOOWWOO,OOOOOWOO,6,7,-0.1868929573419746,-1.0039951181940112,-0.8171021608520366,False
1,ddelta,OOOWOWOO,OOOOOWOO,6,7,0.2948007359132479,-1.0039951181940112,-1.298795854107259,False
1,ddelta,OOWOOWOO,OOOOOWOO,6,7,-0.3148782852487056,-1.0039951181940112,-0.6891168329453057,False
1,ddelta,OWOOOWOO,OOOOOWOO,6,7,-1.4216844049775168,-1.0039951181940112,0.4176892867835056,True
1,ddelta,WOOOOWOO,OOOOOWOO,6,7,-1.38970244356989,-1.0039951181940112,0.3857073253758787,True
1,ddelta,OOOOOWWW,OOOOOWOW,5,6,-1.975832386725298,0.8178091097250844,2.793641496450382,True
1,ddelta,OOOOWWOW,OOOOOWOW,5,6,-0.4797545518176432,0.8178091097250844,1.2975636615427275,True
1,ddelta,OOOWOWOW,OOOOOWOW,5,6,-0.030722975170918,0.8178091097250844,0.8485320848960024,True
1,ddelta,OOWOOWOW,OOOOOWOW,5,6,0.0220095738344002,0.8178091097250844,0.7957995358906842,True
1,ddelta,OWOOOWOW,OOOOOWOW,5,6,1.203166947949909,0.8178091097250844,-0.3853578382248246,False
1,ddelta,WOOOOWOW,OOOOOWOW,5,6,1.2069097426562465,0.8178091097250844,-0.38910063293116215,False
1,ddelta,OOOOOWWW,OOOOOWWO,5,6,-1.975832386725298,-2.2438982950261663,-0.2680659083008683,False
1,ddelta,OOOOWWWO,OOOOOWWO,5,6,-0.9717361097935516,-2.2438982950261663,-1.2721621852326148,False
1,ddelta,OOOWOWWO,OOOOOWWO,5,6,-2.993899756075626,-2.2438982950261663,0.7500014610494596,True
1,ddelta,OOWOOWWO,OOOOOWWO,5,6,-1.463219118160121,-2.2438982950261663,-0.7806791768660453,False
1,ddelta,OWOOOWWO,OOOOOWWO,5,6,-0.4347278811956743,-2.2438982950261663,-1.809170413830492,False
1,ddelta,WOOOOWWO,OOOOOWWO,5,6,-6.054554233899022,-2.2438982950261663,3.810655938872856,True
1,ddelta,OOOOWWWW,OOOOOWWW,4,5,0.2397014392802191,-1.975832386725298,-2.215533826005517,False
1,ddelta,OOOWOWWW,OOOOOWWW,4,5,-1.0781803538864794,-1.975832386725298,-0.8976520328388187,False
1,ddelta,OOWOOWWW,OOOOOWWW,4,5,-1.182897720961368,-1.975832386725298,-0.79293466576393,False
1,ddelta,OWOOOWWW,OOOOOWWW,4,5,-1.3954775953408651,-1.975832386725298,-0.5803547913844329,False
1,ddelta,WOOOOWWW,OOOOOWWW,4,5,-4.449744486224469,-1.975832386725298,2.4739120994991706,True
1,ddelta,OOOOWOOW,OOOOWOOO,6,7,-0.2610664240050931,-0.2036557043725337,0.05741071963255942,True
1,ddelta,OOOOWOWO,OOOOWOOO,6,7,-0.3036057598211752,-0.2036557043725337,0.09995005544864152,True
1,ddelta,OOOOWWOO,OOOOWOOO,6,7,-0.1868929573419746,-0.2036557043725337,-0.016762747030559078,False
1,ddelta,OOOWWOOO,OOOOWOOO,6,7,0.6111860525586681,-0.2036557043725337,-0.8148417569312018,False
1,ddelta,OOWOWOOO,OOOOWOOO,6,7,-0.1451324659097083,-0.2036557043725337,-0.058523238462825394,False
1,ddelta,OWOOWOOO,OOOOWOOO,6,7,0.6666477621239233,-0.2036557043725337,-0.870303466496457,False
1,ddelta,WOOOWOOO,OOOOWOOO,6,7,3.4164625768736956,-0.2036557043725337,-3.620118281246229,False
1,ddelta,OOOOWOWW,OOOOWOOW,5,6,-0.8695318527946427,-0.2610664240050931,0.6084654287895497,True
1,ddelta,OOOOWWOW,OOOOWOOW,5,6,-0.4797545518176432,-0.2610664240050931,0.2186881278125501,True
1,ddelta,OOOWWOOW,OOOOWOOW,5,6,1.711247690579918,-0.2610664240050931,-1.9723141145850112,False
1,ddelta,OOWOWOOW,OOOOWOOW,5,6,1.342254906999789,-0.2610664240050931,-1.6033213310048822,False
1,ddelta,OWOOWOOW,OOOOWOOW,5,6,0.3128052279531961,-0.2610664240050931,-0.5738716519582892,False
1,ddelta,WOOOWOOW,OOOOWOOW,5,6,0.5549004937244519,-0.2610664240050931,-0.815966917729545,False
1,ddelta,OOOOWOWW,OOOOWOWO,5,6,-0.8695318527946427,-0.3036057598211752,0.5659260929734675,True
1,ddelta,OOOOWWWO,OOOOWOWO,5,6,-0.9717361097935516,-0.3036057598211752,0.6681303499723764,True
1,ddelta,OOOWWOWO,OOOOWOWO,5,6,-0.4736286838589003,-0.3036057598211752,0.17002292403772507,True
1,ddelta,OOWOWOWO,OOOOWOWO,5,6,0.3731641318534773,-0.3036057598211752,-0.6767698916746525,False
1,ddelta,OWOOWOWO,OOOOWOWO,5,6,-2.4167920705174564,-0.3036057598211752,2.113186310696281,True
1,ddelta,WOOOWOWO,OOOOWOWO,5,6,-1.2626263702689784,-0.3036057598211752,0.9590206104478032,True
1,ddelta,OOOOWWWW,OOOOWOWW,4,5,0.2397014392802191,-0.8695318527946427,-1.1092332920748618,False
1,ddelta,OOOWWOWW,OOOOWOWW,4,5,-1.7960083481228308,-0.8695318527946427,0.9264764953281881,True
1,ddelta,OOWOWOWW,OOOOWOWW,4,5,-2.2752109933862217,-0.8695318527946427,1.405679140591579,True
1,ddelta,OWOOWOWW,OOOOWOWW,4,5,-0.4528699655128048,-0.8695318527946427,-0.41666188728183795,False
1,ddelta,WOOOWOWW,OOOOWOWW,4,5,-2.410897105025449,-0.8695318527946427,1.5413652522308063,True
1,ddelta,OOOOWWOW,OOOOWWOO,5,6,-0.4797545518176432,-0.1868929573419746,0.2928615944756686,True
1,ddelta,OOOOWWWO,OOOOWWOO,5,6,-0.9717361097935516,-0.1868929573419746,0.784843152451577,True
1,ddelta,OOOWWWOO,OOOOWWOO,5,6,-0.2092484709376461,-0.1868929573419746,0.022355513595671478,True
1,ddelta,OOWOWWOO,OOOOWWOO,5,6,-0.0446885252048102,-0.1868929573419746,-0.1422044321371644,False
1,ddelta,OWOOWWOO,OOOOWWOO,5,6,0.4962228302154863,-0.1868929573419746,-0.6831157875574609,False
1,ddelta,WOOOWWOO,OOOOWWOO,5,6,0.0418532926575728,-0.1868929573419746,-0.2287462499995474,False
1,ddelta,OOOOWWWW,OOOOWWOW,4,5,0.2397014392802191,-0.4797545518176432,-0.7194559910978623,False
1,ddelta,OOOWWWOW,OOOOWWOW,4,5,-0.0105972729988822,-0.4797545518176432,-0.469157278818761,False
1,ddelta,OOWOWWOW,OOOOWWOW,4,5,0.5584796384696077,-0.4797545518176432,-1.038234190287251,False
1,ddelta,OWOOWWOW,OOOOWWOW,4,5,0.0621645532758575,-0.4797545518176432,-0.5419191050935007,False
1,ddelta,WOOOWWOW,OOOOWWOW,4,5,-0.2952844090348651,-0.4797545518176432,-0.18447014278277812,False
1,ddelta,OOOOWWWW,OOOOWWWO,4,5,0.2397014392802191,-0.9717361097935516,-1.2114375490737708,False
1,ddelta,OOOWWWWO,OOOOWWWO,4,5,0.0809588326465073,-0.9717361097935516,-1.052694942440059,False
1,ddelta,OOWOWWWO,OOOOWWWO,4,5,-1.029239479425113,-0.9717361097935516,0.05750336963156133,True
1,ddelta,OWOOWWWO,OOOOWWWO,4,5,-0.0835146562752669,-0.9717361097935516,-0.8882214535182847,False
1,ddelta,WOOOWWWO,OOOOWWWO,4,5,-2.2513147056897753,-0.9717361097935516,1.2795785958962238,True
1,ddelta,OOOWWWWW,OOOOWWWW,3,4,-1.3676800256755954,0.2397014392802191,1.6073814649558145,True
1,ddelta,OOWOWWWW,OOOOWWWW,3,4,0.3940272123317545,0.2397014392802191,-0.1543257730515354,False
1,ddelta,OWOOWWWW,OOOOWWWW,3,4,-0.3598588288048556,0.2397014392802191,0.5995602680850747,True
1,ddelta,WOOOWWWW,OOOOWWWW,3,4,-0.7453972352270843,0.2397014392802191,0.9850986745073034,True
1,ddelta,OOOWOOOW,OOOWOOOO,6,7,-0.101719097511616,-4.2430317730544145,-4.141312675542799,False
1,ddelta,OOOWOOWO,OOOWOOOO,6,7,-1.793009096290557,-4.2430317730544145,-2.4500226767638575,False
1,ddelta,OOOWOWOO,OOOWOOOO,6,7,0.2948007359132479,-4.2430317730544145,-4.5378325089676625,False
1,ddelta,OOOWWOOO,OOOWOOOO,6,7,0.6111860525586681,-4.2430317730544145,-4.854217825613082,False
1,ddelta,OOWWOOOO,OOOWOOOO,6,7,1.007344104356105,-4.2430317730544145,-5.250375877410519,False
1,ddelta,OWOWOOOO,OOOWOOOO,6,7,1.011504015681316,-4.2430317730544145,-5.254535788735731,False
1,ddelta,WOOWOOOO,OOOWOOOO,6,7,1.3607657934300132,-4.2430317730544145,-5.6037975664844275,False
1,ddelta,OOOWOOWW,OOOWOOOW,5,6,-0.8005384011037753,-0.101719097511616,0.6988193035921593,True
1,ddelta,OOOWOWOW,OOOWOOOW,5,6,-0.030722975170918,-0.101719097511616,-0.07099612234069799,False
1,ddelta,OOOWWOOW,OOOWOOOW,5,6,1.711247690579918,-0.101719097511616,-1.812966788091534,False
1,ddelta,OOWWOOOW,OOOWOOOW,5,6,-1.3952085112507842,-0.101719097511616,1.2934894137391681,True
1,ddelta,OWOWOOOW,OOOWOOOW,5,6,0.3434796152361166,-0.101719097511616,-0.4451987127477326,False
1,ddelta,WOOWOOOW,OOOWOOOW,5,6,0.229056252089985,-0.101719097511616,-0.330775349601601,False
1,ddelta,OOOWOOWW,OOOWOOWO,5,6,-0.8005384011037753,-1.793009096290557,-0.9924706951867817,False
1,ddelta,OOOWOWWO,OOOWOOWO,5,6,-2.993899756075626,-1.793009096290557,1.200890659785069,True
1,ddelta,OOOWWOWO,OOOWOOWO,5,6,-0.4736286838589003,-1.793009096290557,-1.3193804124316566,False
1,ddelta,OOWWOOWO,OOOWOOWO,5,6,0.0848759650165043,-1.793009096290557,-1.8778850613070612,False
1,ddelta,OWOWOOWO,OOOWOOWO,5,6,-1.837698011724572,-1.793009096290557,0.0446889154340151,True
1,ddelta,WOOWOOWO,OOOWOOWO,5,6,-0.5051307718043136,-1.793009096290557,-1.2878783244862433,False
1,ddelta,OOOWOWWW,OOOWOOWW,4,5,-1.0781803538864794,-0.8005384011037753,0.2776419527827041,True
1,ddelta,OOOWWOWW,OOOWOOWW,4,5,-1.7960083481228308,-0.8005384011037753,0.9954699470190556,True
1,ddelta,OOWWOOWW,OOOWOOWW,4,5,-0.3239078552347625,-0.8005384011037753,-0.47663054586901277,False
1,ddelta,OWOWOOWW,OOOWOOWW,4,5,-1.9141624260493784,-0.8005384011037753,1.113624024945603,True
1,ddelta,WOOWOOWW,OOOWOOWW,4,5,-3.5524691577025815,-0.8005384011037753,2.7519307565988065,True
1,ddelta,OOOWOWOW,OOOWOWOO,5,6,-0.030722975170918,0.2948007359132479,0.3255237110841659,True
1,ddelta,OOOWOWWO,OOOWOWOO,5,6,-2.993899756075626,0.2948007359132479,3.288700491988874,True
1,ddelta,OOOWWWOO,OOOWOWOO,5,6,-0.2092484709376461,0.2948007359132479,0.5040492068508939,True
1,ddelta,OOWWOWOO,OOOWOWOO,5,6,0.1711089180811564,0.2948007359132479,0.12369181783209149,True
1,ddelta,OWOWOWOO,OOOWOWOO,5,6,-1.4667511460478424,0.2948007359132479,1.7615518819610902,True
1,ddelta,WOOWOWOO,OOOWOWOO,5,6,-0.7518273798963498,0.2948007359132479,1.0466281158095978,True
1,ddelta,OOOWOWWW,OOOWOWOW,4,5,-1.0781803538864794,-0.030722975170918,1.0474573787155614,True
1,ddelta,OOOWWWOW,OOOWOWOW,4,5,-0.0105972729988822,-0.030722975170918,-0.0201257021720358,False
1,ddelta,OOWWOWOW,OOOWOWOW,4,5,0.6479792047367596,-0.030722975170918,-0.6787021799076777,False
1,ddelta,OWOWOWOW,OOOWOWOW,4,5,0.026896699465714,-0.030722975170918,-0.05761967463663201,False
1,ddelta,WOOWOWOW,OOOWOWOW,4,5,1.0875882937288386,-0.030722975170918,-1.1183112688997565,False
1,ddelta,OOOWOWWW,OOOWOWWO,4,5,-1.0781803538864794,-2.993899756075626,-1.9157194021891466,False
1,ddelta,OOOWWWWO,OOOWOWWO,4,5,0.0809588326465073,-2.993899756075626,-3.074858588722133,False
1,ddelta,OOWWOWWO,OOOWOWWO,4,5,-0.8975230403324955,-2.993899756075626,-2.0963767157431303,False
1,ddelta,OWOWOWWO,OOOWOWWO,4,5,-1.5915961634756948,-2.993899756075626,-1.4023035925999312,False
1,ddelta,WOOWOWWO,OOOWOWWO,4,5,-4.000744609773195,-2.993899756075626,1.0068448536975687,True
1,ddelta,OOOWWWWW,OOOWOWWW,3,4,-1.3676800256755954,-1.0781803538864794,0.28949967178911606,True
1,ddelta,OOWWOWWW,OOOWOWWW,3,4,0.0773337455146342,-1.0781803538864794,-1.1555140994011135,False
1,ddelta,OWOWOWWW,OOOWOWWW,3,4,-2.859425963947354,-1.0781803538864794,1.7812456100608745,True
1,ddelta,WOOWOWWW,OOOWOWWW,3,4,0.6861351482752152,-1.0781803538864794,-1.7643155021616945,False
1,ddelta,OOOWWOOW,OOOWWOOO,5,6,1.711247690579918,0.6111860525586681,-1.10006163802125,False
1,ddelta,OOOWWOWO,OOOWWOOO,5,6,-0.4736286838589003,0.6111860525586681,1.0848147364175684,True
1,ddelta,OOOWWWOO,OOOWWOOO,5,6,-0.2092484709376461,0.6111860525586681,0.8204345234963142,True
1,ddelta,OOWWWOOO,OOOWWOOO,5,6,0.6636692364651086,0.6111860525586681,-0.05248318390644047,False
1,ddelta,OWOWWOOO,OOOWWOOO,5,6,0.5261076514019336,0.6111860525586681,0.08507840115673448,True
1,ddelta,WOOWWOOO,OOOWWOOO,5,6,0.7181157141509334,0.6111860525586681,-0.10692966159226536,False
1,ddelta,OOOWWOWW,OOOWWOOW,4,5,-1.7960083481228308,1.711247690579918,3.507256038702749,True
1,ddelta,OOOWWWOW,OOOWWOOW,4,5,-0.0105972729988822,1.711247690579918,1.7218449635788002,True
1,ddelta,OOWWWOOW,OOOWWOOW,4,5,0.4617745337074833,1.711247690579918,1.2494731568724349,True
1,ddelta,OWOWWOOW,OOOWWOOW,4,5,-0.53639922048268,1.711247690579918,2.2476469110625983,True
1,ddelta,WOOWWOOW,OOOWWOOW,4,5,-0.4214354799677018,1.711247690579918,2.1326831705476197,True
1,ddelta,OOOWWOWW,OOOWWOWO,4,5,-1.7960083481228308,-0.4736286838589003,1.3223796642639305,True
1,ddelta,OOOWWWWO,OOOWWOWO,4,5,0.0809588326465073,-0.4736286838589003,-0.5545875165054076,False
1,ddelta,OOWWWOWO,OOOWWOWO,4,5,-1.1914522820239433,-0.4736286838589003,0.7178235981650429,True
1,ddelta,OWOWWOWO,OOOWWOWO,4,5,-2.6534065730470684,-0.4736286838589003,2.179777889188168,True
1,ddelta,WOOWWOWO,OOOWWOWO,4,5,-1.6786595337818018,-0.4736286838589003,1.2050308499229014,True
1,ddelta,OOOWWWWW,OOOWWOWW,3,4,-1.3676800256755954,-1.7960083481228308,-0.4283283224472354,False
1,ddelta,OOWWWOWW,OOOWWOWW,3,4,-0.675257689158008,-1.7960083481228308,-1.1207506589648228,False
1,ddelta,OWOWWOWW,OOOWWOWW,3,4,-3.328275256505707,-1.7960083481228308,1.5322669083828762,True
1,ddelta,WOOWWOWW,OOOWWOWW,3,4,-0.2516310012564511,-1.7960083481228308,-1.5443773468663797,False
1,ddelta,OOOWWWOW,OOOWWWOO,4,5,-0.0105972729988822,-0.2092484709376461,-0.1986511979387639,False
1,ddelta,OOOWWWWO,OOOWWWOO,4,5,0.0809588326465073,-0.2092484709376461,-0.29020730358415336,False
1,ddelta,OOWWWWOO,OOOWWWOO,4,5,0.95981692291885,-0.2092484709376461,-1.169065393856496,False
1,ddelta,OWOWWWOO,OOOWWWOO,4,5,-1.8934703267431123,-0.2092484709376461,1.6842218558054662,True
1,ddelta,WOOWWWOO,OOOWWWOO,4,5,-0.2637408327541579,-0.2092484709376461,0.05449236181651179,True
1,ddelta,OOOWWWWW,OOOWWWOW,3,4,-1.3676800256755954,-0.0105972729988822,1.3570827526767133,True
1,ddelta,OOWWWWOW,OOOWWWOW,3,4,0.9918406682539698,-0.0105972729988822,-1.002437941252852,False
1,ddelta,OWOWWWOW,OOOWWWOW,3,4,-1.2384054906644812,-0.0105972729988822,1.227808217665599,True
1,ddelta,WOOWWWOW,OOOWWWOW,3,4,-0.9362320027628656,-0.0105972729988822,0.9256347297639833,True
1,ddelta,OOOWWWWW,OOOWWWWO,3,4,-1.3676800256755954,0.0809588326465073,1.4486388583221028,True
1,ddelta,OOWWWWWO,OOOWWWWO,3,4,-1.060943499960725,0.0809588326465073,1.1419023326072324,True
1,ddelta,OWOWWWWO,OOOWWWWO,3,4,-3.061959923097001,0.0809588326465073,3.142918755743508,True
1,ddelta,WOOWWWWO,OOOWWWWO,3,4,-1.9235354692196576,0.0809588326465073,2.0044943018661647,True
1,ddelta,OOWWWWWW,OOOWWWWW,2,3,0.8657551785421247,-1.3676800256755954,-2.23343520421772,False
1,ddelta,OWOWWWWW,OOOWWWWW,2,3,-0.0976591896880845,-1.3676800256755954,-1.270020835987511,False
1,ddelta,WOOWWWWW,OOOWWWWW,2,3,-0.1545934879589745,-1.3676800256755954,-1.213086537716621,False
1,ddelta,OOWOOOOW,OOWOOOOO,6,7,0.9379229769780296,1.1340150862492528,0.19609210927122322,True
1,ddelta,OOWOOOWO,OOWOOOOO,6,7,0.5522335603017225,1.1340150862492528,0.5817815259475303,True
1,ddelta,OOWOOWOO,OOWOOOOO,6,7,-0.3148782852487056,1.1340150862492528,1.4488933714979584,True
1,ddelta,OOWOWOOO,OOWOOOOO,6,7,-0.1451324659097083,1.1340150862492528,1.2791475521589613,True
1,ddelta,OOWWOOOO,OOWOOOOO,6,7,1.007344104356105,1.1340150862492528,0.12667098189314774,True
1,ddelta,OWWOOOOO,OOWOOOOO,6,7,0.8666196367683481,1.1340150862492528,0.26739544948090477,True
1,ddelta,WOWOOOOO,OOWOOOOO,6,7,-0.3958536588858914,1.1340150862492528,1.5298687451351443,True
1,ddelta,OOWOOOWW,OOWOOOOW,5,6,-1.401102131900421,0.9379229769780296,2.3390251088784506,True
1,ddelta,OOWOOWOW,OOWOOOOW,5,6,0.0220095738344002,0.9379229769780296,0.9159134031436295,True
1,ddelta,OOWOWOOW,OOWOOOOW,5,6,1.342254906999789,0.9379229769780296,-0.4043319300217595,False
1,ddelta,OOWWOOOW,OOWOOOOW,5,6,-1.3952085112507842,0.9379229769780296,2.3331314882288137,True
1,ddelta,OWWOOOOW,OOWOOOOW,5,6,-0.2069833614602269,0.9379229769780296,1.1449063384382565,True
1,ddelta,WOWOOOOW,OOWOOOOW,5,6,0.3515516461405973,0.9379229769780296,0.5863713308374323,True
1,ddelta,OOWOOOWW,OOWOOOWO,5,6,-1.401102131900421,0.5522335603017225,1.9533356922021436,True
1,ddelta,OOWOOWWO,OOWOOOWO,5,6,-1.463219118160121,0.5522335603017225,2.015452678461844,True
1,ddelta,OOWOWOWO,OOWOOOWO,5,6,0.3731641318534773,0.5522335603017225,0.17906942844824525,True
1,ddelta,OOWWOOWO,OOWOOOWO,5,6,0.0848759650165043,0.5522335603017225,0.46735759528521825,True
1,ddelta,OWWOOOWO,OOWOOOWO,5,6,-1.6546690497153311,0.5522335603017225,2.2069026100170537,True
1,ddelta,WOWOOOWO,OOWOOOWO,5,6,-2.357852371671735,0.5522335603017225,2.9100859319734576,True
1,ddelta,OOWOOWWW,OOWOOOWW,4,5,-1.182897720961368,-1.401102131900421,-0.21820441093905307,False
1,ddelta,OOWOWOWW,OOWOOOWW,4,5,-2.2752109933862217,-1.401102131900421,0.8741088614858006,True
1,ddelta,OOWWOOWW,OOWOOOWW,4,5,-0.3239078552347625,-1.401102131900421,-1.0771942766656586,False
1,ddelta,OWWOOOWW,OOWOOOWW,4,5,-4.380465937671078,-1.401102131900421,2.9793638057706566,True
1,ddelta,WOWOOOWW,OOWOOOWW,4,5,-3.5576688921439747,-1.401102131900421,2.1565667602435536,True
1,ddelta,OOWOOWOW,OOWOOWOO,5,6,0.0220095738344002,-0.3148782852487056,-0.3368878590831058,False
1,ddelta,OOWOOWWO,OOWOOWOO,5,6,-1.463219118160121,-0.3148782852487056,1.1483408329114155,True
1,ddelta,OOWOWWOO,OOWOOWOO,5,6,-0.0446885252048102,-0.3148782852487056,-0.2701897600438954,False
1,ddelta,OOWWOWOO,OOWOOWOO,5,6,0.1711089180811564,-0.3148782852487056,-0.485987203329862,False
1,ddelta,OWWOOWOO,OOWOOWOO,5,6,-1.0206397762834651,-0.3148782852487056,0.7057614910347596,True
1,ddelta,WOWOOWOO,OOWOOWOO,5,6,-1.988245625090372,-0.3148782852487056,1.6733673398416664,True
1,ddelta,OOWOOWWW,OOWOOWOW,4,5,-1.182897720961368,0.0220095738344002,1.2049072947957682,True
1,ddelta,OOWOWWOW,OOWOOWOW,4,5,0.5584796384696077,0.0220095738344002,-0.5364700646352075,False
1,ddelta,OOWWOWOW,OOWOOWOW,4,5,0.6479792047367596,0.0220095738344002,-0.6259696309023595,False
1,ddelta,OWWOOWOW,OOWOOWOW,4,5,0.8906301571235551,0.0220095738344002,-0.8686205832891549,False
1,ddelta,WOWOOWOW,OOWOOWOW,4,5,1.416059477233525,0.0220095738344002,-1.394049903399125,False
1,ddelta,OOWOOWWW,OOWOOWWO,4,5,-1.182897720961368,-1.463219118160121,-0.28032139719875304,False
1,ddelta,OOWOWWWO,OOWOOWWO,4,5,-1.029239479425113,-1.463219118160121,-0.4339796387350081,False
1,ddelta,OOWWOWWO,OOWOOWWO,4,5,-0.8975230403324955,-1.463219118160121,-0.5656960778276255,False
1,ddelta,OWWOOWWO,OOWOOWWO,4,5,-5.524144533559121,-1.463219118160121,4.060925415399,True
1,ddelta,WOWOOWWO,OOWOOWWO,4,5,-3.8016507223772704,-1.463219118160121,2.338431604217149,True
1,ddelta,OOWOWWWW,OOWOOWWW,3,4,0.3940272123317545,-1.182897720961368,-1.5769249332931226,False
1,ddelta,OOWWOWWW,OOWOOWWW,3,4,0.0773337455146342,-1.182897720961368,-1.2602314664760021,False
1,ddelta,OWWOOWWW,OOWOOWWW,3,4,-4.34124485152118,-1.182897720961368,3.1583471305598123,True
1,ddelta,WOWOOWWW,OOWOOWWW,3,4,-4.466301331710586,-1.182897720961368,3.2834036107492177,True
1,ddelta,OOWOWOOW,OOWOWOOO,5,6,1.342254906999789,-0.1451324659097083,-1.4873873729094975,False
1,ddelta,OOWOWOWO,OOWOWOOO,5,6,0.3731641318534773,-0.1451324659097083,-0.5182965977631856,False
1,ddelta,OOWOWWOO,OOWOWOOO,5,6,-0.0446885252048102,-0.1451324659097083,-0.1004439407048981,False
1,ddelta,OOWWWOOO,OOWOWOOO,5,6,0.6636692364651086,-0.1451324659097083,-0.8088017023748169,False
1,ddelta,OWWOWOOO,OOWOWOOO,5,6,-0.025916241885496,-0.1451324659097083,-0.1192162240242123,False
1,ddelta,WOWOWOOO,OOWOWOOO,5,6,0.8347191910752125,-0.1451324659097083,-0.9798516569849208,False
1,ddelta,OOWOWOWW,OOWOWOOW,4,5,-2.2752109933862217,1.342254906999789,3.617465900386011,True
1,ddelta,OOWOWWOW,OOWOWOOW,4,5,0.5584796384696077,1.342254906999789,0.7837752685301814,True
1,ddelta,OOWWWOOW,OOWOWOOW,4,5,0.4617745337074833,1.342254906999789,0.8804803732923059,True
1,ddelta,OWWOWOOW,OOWOWOOW,4,5,-0.1596334924017212,1.342254906999789,1.5018883994015102,True
1,ddelta,WOWOWOOW,OOWOWOOW,4,5,0.1727303781748663,1.342254906999789,1.1695245288249227,True
1,ddelta,OOWOWOWW,OOWOWOWO,4,5,-2.2752109933862217,0.3731641318534773,2.648375125239699,True
1,ddelta,OOWOWWWO,OOWOWOWO,4,5,-1.029239479425113,0.3731641318534773,1.4024036112785903,True
1,ddelta,OOWWWOWO,OOWOWOWO,4,5,-1.1914522820239433,0.3731641318534773,1.5646164138774206,True
1,ddelta,OWWOWOWO,OOWOWOWO,4,5,0.2667545620182734,0.3731641318534773,0.10640956983520389,True
1,ddelta,WOWOWOWO,OOWOWOWO,4,5,-1.453128440730325,0.3731641318534773,1.8262925725838024,True
1,ddelta,OOWOWWWW,OOWOWOWW,3,4,0.3940272123317545,-2.2752109933862217,-2.669238205717976,False
1,ddelta,OOWWWOWW,OOWOWOWW,3,4,-0.675257689158008,-2.2752109933862217,-1.5999533042282137,False
1,ddelta,OWWOWOWW,OOWOWOWW,3,4,-1.3578124234990614,-2.2752109933862217,-0.9173985698871603,False
1,ddelta,WOWOWOWW,OOWOWOWW,3,4,-1.1975161552363809,-2.2752109933862217,-1.0776948381498408,False
1,ddelta,OOWOWWOW,OOWOWWOO,4,5,0.5584796384696077,-0.0446885252048102,-0.603168163674418,False
1,ddelta,OOWOWWWO,OOWOWWOO,4,5,-1.029239479425113,-0.0446885252048102,0.9845509542203028,True
1,ddelta,OOWWWWOO,OOWOWWOO,4,5,0.95981692291885,-0.0446885252048102,-1.0045054481236602,False
1,ddelta,OWWOWWOO,OOWOWWOO,4,5,0.7028596727090476,-0.0446885252048102,-0.7475481979138578,False
1,ddelta,WOWOWWOO,OOWOWWOO,4,5,-0.4967578512752352,-0.0446885252048102,0.452069326070425,True
1,ddelta,OOWOWWWW,OOWOWWOW,3,4,0.3940272123317545,0.5584796384696077,0.1644524261378532,True
1,ddelta,OOWWWWOW,OOWOWWOW,3,4,0.9918406682539698,0.5584796384696077,-0.4333610297843621,False
1,ddelta,OWWOWWOW,OOWOWWOW,3,4,0.4741239995990028,0.5584796384696077,0.08435563887060488,True
1,ddelta,WOWOWWOW,OOWOWWOW,3,4,0.1174157080664106,0.5584796384696077,0.4410639304031971,True
1,ddelta,OOWOWWWW,OOWOWWWO,3,4,0.3940272123317545,-1.029239479425113,-1.4232666917568675,False
1,ddelta,OOWWWWWO,OOWOWWWO,3,4,-1.060943499960725,-1.029239479425113,0.031704020535612054,True
1,ddelta,OWWOWWWO,OOWOWWWO,3,4,-0.8647305722967286,-1.029239479425113,-0.1645089071283844,False
1,ddelta,WOWOWWWO,OOWOWWWO,3,4,-4.853224686498,-1.029239479425113,3.823985207072887,True
1,ddelta,OOWWWWWW,OOWOWWWW,2,3,0.8657551785421247,0.3940272123317545,-0.4717279662103702,False
1,ddelta,OWWOWWWW,OOWOWWWW,2,3,-0.0259900158131077,0.3940272123317545,0.4200172281448622,True
1,ddelta,WOWOWWWW,OOWOWWWW,2,3,-0.1652380177287953,0.3940272123317545,0.5592652300605497,True
1,ddelta,OOWWOOOW,OOWWOOOO,5,6,-1.3952085112507842,1.007344104356105,2.402552615606889,True
1,ddelta,OOWWOOWO,OOWWOOOO,5,6,0.0848759650165043,1.007344104356105,0.9224681393396008,True
1,ddelta,OOWWOWOO,OOWWOOOO,5,6,0.1711089180811564,1.007344104356105,0.8362351862749486,True
1,ddelta,OOWWWOOO,OOWWOOOO,5,6,0.6636692364651086,1.007344104356105,0.34367486789099655,True
1,ddelta,OWWWOOOO,OOWWOOOO,5,6,3.575571187999444,1.007344104356105,-2.5682270836433387,False
1,ddelta,WOWWOOOO,OOWWOOOO,5,6,2.019008080654355,1.007344104356105,-1.01166397629825,False
1,ddelta,OOWWOOWW,OOWWOOOW,4,5,-0.3239078552347625,-1.3952085112507842,-1.0713006560160216,False
1,ddelta,OOWWOWOW,OOWWOOOW,4,5,0.6479792047367596,-1.3952085112507842,-2.0431877159875436,False
1,ddelta,OOWWWOOW,OOWWOOOW,4,5,0.4617745337074833,-1.3952085112507842,-1.8569830449582674,False
1,ddelta,OWWWOOOW,OOWWOOOW,4,5,0.9422930649138438,-1.3952085112507842,-2.337501576164628,False
1,ddelta,WOWWOOOW,OOWWOOOW,4,5,0.7199898027094931,-1.3952085112507842,-2.1151983139602772,False
1,ddelta,OOWWOOWW,OOWWOOWO,4,5,-0.3239078552347625,0.0848759650165043,0.4087838202512668,True
1,ddelta,OOWWOWWO,OOWWOOWO,4,5,-0.8975230403324955,0.0848759650165043,0.9823990053489998,True
1,ddelta,OOWWWOWO,OOWWOOWO,4,5,-1.1914522820239433,0.0848759650165043,1.2763282470404476,True
1,ddelta,OWWWOOWO,OOWWOOWO,4,5,0.0320991081279296,0.0848759650165043,0.0527768568885747,True
1,ddelta,WOWWOOWO,OOWWOOWO,4,5,-0.1542603910462895,0.0848759650165043,0.2391363560627938,True
1,ddelta,OOWWOWWW,OOWWOOWW,3,4,0.0773337455146342,-0.3239078552347625,-0.40124160074939674,False
1,ddelta,OOWWWOWW,OOWWOOWW,3,4,-0.675257689158008,-0.3239078552347625,0.3513498339232455,True
1,ddelta,OWWWOOWW,OOWWOOWW,3,4,-0.0206712159126963,-0.3239078552347625,-0.30323663932206624,False
1,ddelta,WOWWOOWW,OOWWOOWW,3,4,-0.9390839698025986,-0.3239078552347625,0.615176114567836,True
1,ddelta,OOWWOWOW,OOWWOWOO,4,5,0.6479792047367596,0.1711089180811564,-0.4768702866556032,False
1,ddelta,OOWWOWWO,OOWWOWOO,4,5,-0.8975230403324955,0.1711089180811564,1.0686319584136519,True
1,ddelta,OOWWWWOO,OOWWOWOO,4,5,0.95981692291885,0.1711089180811564,-0.7887080048376935,False
1,ddelta,OWWWOWOO,OOWWOWOO,4,5,-0.0701619967647396,0.1711089180811564,0.24127091484589602,True
1,ddelta,WOWWOWOO,OOWWOWOO,4,5,0.906853954489921,0.1711089180811564,-0.7357450364087645,False
1,ddelta,OOWWOWWW,OOWWOWOW,3,4,0.0773337455146342,0.6479792047367596,0.5706454592221254,True
1,ddelta,OOWWWWOW,OOWWOWOW,3,4,0.9918406682539698,0.6479792047367596,-0.34386146351721014,False
1,ddelta,OWWWOWOW,OOWWOWOW,3,4,-0.4655035532104041,0.6479792047367596,1.1134827579471638,True
1,ddelta,WOWWOWOW,OOWWOWOW,3,4,1.0369293203306524,0.6479792047367596,-0.3889501155938928,False
1,ddelta,OOWWOWWW,OOWWOWWO,3,4,0.0773337455146342,-0.8975230403324955,-0.9748567858471298,False
1,ddelta,OOWWWWWO,OOWWOWWO,3,4,-1.060943499960725,-0.8975230403324955,0.1634204596282295,True
1,ddelta,OWWWOWWO,OOWWOWWO,3,4,-1.193039689375697,-0.8975230403324955,0.2955166490432014,True
1,ddelta,WOWWOWWO,OOWWOWWO,3,4,-2.728092610736215,-0.8975230403324955,1.8305695704037195,True
1,ddelta,OOWWWWWW,OOWWOWWW,2,3,0.8657551785421247,0.0773337455146342,-0.7884214330274905,False
1,ddelta,OWWWOWWW,OOWWOWWW,2,3,-1.284511520413227,0.0773337455146342,1.361845265927861,True
1,ddelta,WOWWOWWW,OOWWOWWW,2,3,-1.0496676084823122,0.0773337455146342,1.1270013539969463,True
1,ddelta,OOWWWOOW,OOWWWOOO,4,5,0.4617745337074833,0.6636692364651086,0.20189470275762528,True
1,ddelta,OOWWWOWO,OOWWWOOO,4,5,-1.1914522820239433,0.6636692364651086,1.8551215184890517,True
1,ddelta,OOWWWWOO,OOWWWOOO,4,5,0.95981692291885,0.6636692364651086,-0.29614768645374145,False
1,ddelta,OWWWWOOO,OOWWWOOO,4,5,1.339059544814838,0.6636692364651086,-0.6753903083497294,False
1,ddelta,WOWWWOOO,OOWWWOOO,4,5,1.1940225437909535,0.6636692364651086,-0.530353307325845,False
1,ddelta,OOWWWOWW,OOWWWOOW,3,4,-0.675257689158008,0.4617745337074833,1.1370322228654912,True
1,ddelta,OOWWWWOW,OOWWWOOW,3,4,0.9918406682539698,0.4617745337074833,-0.5300661345464865,False
1,ddelta,OWWWWOOW,OOWWWOOW,3,4,0.3787123979426411,0.4617745337074833,0.08306213576484217,True
1,ddelta,WOWWWOOW,OOWWWOOW,3,4,0.7309450173976125,0.4617745337074833,-0.26917048369012925,False
1,ddelta,OOWWWOWW,OOWWWOWO,3,4,-0.675257689158008,-1.1914522820239433,-0.5161945928659353,False
1,ddelta,OOWWWWWO,OOWWWOWO,3,4,-1.060943499960725,-1.1914522820239433,-0.13050878206321825,False
1,ddelta,OWWWWOWO,OOWWWOWO,3,4,-0.1798774783862918,-1.1914522820239433,-1.0115748036376515,False
1,ddelta,WOWWWOWO,OOWWWOWO,3,4,0.3695863227749542,-1.1914522820239433,-1.5610386047988976,False
1,ddelta,OOWWWWWW,OOWWWOWW,2,3,0.8657551785421247,-0.675257689158008,-1.5410128677001327,False
1,ddelta,OWWWWOWW,OOWWWOWW,2,3,1.1597541689983883,-0.675257689158008,-1.8350118581563963,False
1,ddelta,WOWWWOWW,OOWWWOWW,2,3,-0.3818790753918778,-0.675257689158008,-0.29337861376613017,False
1,ddelta,OOWWWWOW,OOWWWWOO,3,4,0.9918406682539698,0.95981692291885,-0.03202374533511976,False
1,ddelta,OOWWWWWO,OOWWWWOO,3,4,-1.060943499960725,0.95981692291885,2.020760422879575,True
1,ddelta,OWWWWWOO,OOWWWWOO,3,4,-0.7158901725460095,0.95981692291885,1.6757070954648596,True
1,ddelta,WOWWWWOO,OOWWWWOO,3,4,-0.0211034537018093,0.95981692291885,0.9809203766206593,True
1,ddelta,OOWWWWWW,OOWWWWOW,2,3,0.8657551785421247,0.9918406682539698,0.12608548971184508,True
1,ddelta,OWWWWWOW,OOWWWWOW,2,3,0.3549021821675754,0.9918406682539698,0.6369384860863944,True
1,ddelta,WOWWWWOW,OOWWWWOW,2,3,0.8541037199675112,0.9918406682539698,0.13773694828645855,True
1,ddelta,OOWWWWWW,OOWWWWWO,2,3,0.8657551785421247,-1.060943499960725,-1.9266986785028497,False
1,ddelta,OWWWWWWO,OOWWWWWO,2,3,-0.9612777005309336,-1.060943499960725,-0.09966579942979137,False
1,ddelta,WOWWWWWO,OOWWWWWO,2,3,-0.2505328306042767,-1.060943499960725,-0.8104106693564483,False
1,ddelta,OWWWWWWW,OOWWWWWW,1,2,0.2013577232468274,0.8657551785421247,0.6643974552952973,True
1,ddelta,WOWWWWWW,OOWWWWWW,1,2,1.238939042277788,0.8657551785421247,-0.37318386373566326,False
1,ddelta,OWOOOOOW,OWOOOOOO,6,7,-0.0949927097424483,-0.1173764571359502,-0.022383747393501893,False
1,ddelta,OWOOOOWO,OWOOOOOO,6,7,-2.031389014303032,-0.1173764571359502,1.9140125571670819,True
1,ddelta,OWOOOWOO,OWOOOOOO,6,7,-1.4216844049775168,-0.1173764571359502,1.3043079478415667,True
1,ddelta,OWOOWOOO,OWOOOOOO,6,7,0.6666477621239233,-0.1173764571359502,-0.7840242192598735,False
1,ddelta,OWOWOOOO,OWOOOOOO,6,7,1.011504015681316,-0.1173764571359502,-1.1288804728172661,False
1,ddelta,OWWOOOOO,OWOOOOOO,6,7,0.8666196367683481,-0.1173764571359502,-0.9839960939042983,False
1,ddelta,WWOOOOOO,OWOOOOOO,6,7,-0.2959528833651051,-0.1173764571359502,0.17857642622915493,True
1,ddelta,OWOOOOWW,OWOOOOOW,5,6,-4.795267621519672,-0.0949927097424483,4.700274911777224,True
1,ddelta,OWOOOWOW,OWOOOOOW,5,6,1.203166947949909,-0.0949927097424483,-1.2981596576923573,False
1,ddelta,OWOOWOOW,OWOOOOOW,5,6,0.3128052279531961,-0.0949927097424483,-0.40779793769564443,False
1,ddelta,OWOWOOOW,OWOOOOOW,5,6,0.3434796152361166,-0.0949927097424483,-0.4384723249785649,False
1,ddelta,OWWOOOOW,OWOOOOOW,5,6,-0.2069833614602269,-0.0949927097424483,0.11199065171777858,True
1,ddelta,WWOOOOOW,OWOOOOOW,5,6,0.8499534391435548,-0.0949927097424483,-0.9449461488860031,False
1,ddelta,OWOOOOWW,OWOOOOWO,5,6,-4.795267621519672,-2.031389014303032,2.76387860721664,True
1,ddelta,OWOOOWWO,OWOOOOWO,5,6,-0.4347278811956743,-2.031389014303032,-1.5966611331073577,False
1,ddelta,OWOOWOWO,OWOOOOWO,5,6,-2.4167920705174564,-2.031389014303032,0.3854030562144244,True
1,ddelta,OWOWOOWO,OWOOOOWO,5,6,-1.837698011724572,-2.031389014303032,-0.19369100257845995,False
1,ddelta,OWWOOOWO,OWOOOOWO,5,6,-1.6546690497153311,-2.031389014303032,-0.37671996458770085,False
1,ddelta,WWOOOOWO,OWOOOOWO,5,6,-1.3365709489923612,-2.031389014303032,-0.6948180653106708,False
1,ddelta,OWOOOWWW,OWOOOOWW,4,5,-1.3954775953408651,-4.795267621519672,-3.399790026178807,False
1,ddelta,OWOOWOWW,OWOOOOWW,4,5,-0.4528699655128048,-4.795267621519672,-4.342397656006868,False
1,ddelta,OWOWOOWW,OWOOOOWW,4,5,-1.9141624260493784,-4.795267621519672,-2.881105195470294,False
1,ddelta,OWWOOOWW,OWOOOOWW,4,5,-4.380465937671078,-4.795267621519672,-0.4148016838485944,False
1,ddelta,WWOOOOWW,OWOOOOWW,4,5,-0.7748147424633962,-4.795267621519672,-4.0204528790562755,False
1,ddelta,OWOOOWOW,OWOOOWOO,5,6,1.203166947949909,-1.4216844049775168,-2.6248513529274256,False
1,ddelta,OWOOOWWO,OWOOOWOO,5,6,-0.4347278811956743,-1.4216844049775168,-0.9869565237818425,False
1,ddelta,OWOOWWOO,OWOOOWOO,5,6,0.4962228302154863,-1.4216844049775168,-1.917907235193003,False
1,ddelta,OWOWOWOO,OWOOOWOO,5,6,-1.4667511460478424,-1.4216844049775168,0.0450667410703256,True
1,ddelta,OWWOOWOO,OWOOOWOO,5,6,-1.0206397762834651,-1.4216844049775168,-0.40104462869405166,False
1,ddelta,WWOOOWOO,OWOOOWOO,5,6,1.130498107251316,-1.4216844049775168,-2.552182512228833,False
1,ddelta,OWOOOWWW,OWOOOWOW,4,5,-1.3954775953408651,1.203166947949909,2.5986445432907743,True
1,ddelta,OWOOWWOW,OWOOOWOW,4,5,0.0621645532758575,1.203166947949909,1.1410023946740515,True
1,ddelta,OWOWOWOW,OWOOOWOW,4,5,0.026896699465714,1.203166947949909,1.176270248484195,True
1,ddelta,OWWOOWOW,OWOOOWOW,4,5,0.8906301571235551,1.203166947949909,0.3125367908263539,True
1,ddelta,WWOOOWOW,OWOOOWOW,4,5,-0.0004200054030543,1.203166947949909,1.2035869533529633,True
1,ddelta,OWOOOWWW,OWOOOWWO,4,5,-1.3954775953408651,-0.4347278811956743,0.9607497141451908,True
1,ddelta,OWOOWWWO,OWOOOWWO,4,5,-0.0835146562752669,-0.4347278811956743,-0.3512132249204074,False
1,ddelta,OWOWOWWO,OWOOOWWO,4,5,-1.5915961634756948,-0.4347278811956743,1.1568682822800205,True
1,ddelta,OWWOOWWO,OWOOOWWO,4,5,-5.524144533559121,-0.4347278811956743,5.089416652363447,True
1,ddelta,WWOOOWWO,OWOOOWWO,4,5,-7.149398317559133,-0.4347278811956743,6.714670436363459,True
1,ddelta,OWOOWWWW,OWOOOWWW,3,4,-0.3598588288048556,-1.3954775953408651,-1.0356187665360095,False
1,ddelta,OWOWOWWW,OWOOOWWW,3,4,-2.859425963947354,-1.3954775953408651,1.4639483686064887,True
1,ddelta,OWWOOWWW,OWOOOWWW,3,4,-4.34124485152118,-1.3954775953408651,2.945767256180315,True
1,ddelta,WWOOOWWW,OWOOOWWW,3,4,-3.864316972757355,-1.3954775953408651,2.46883937741649,True
1,ddelta,OWOOWOOW,OWOOWOOO,5,6,0.3128052279531961,0.6666477621239233,0.3538425341707272,True
1,ddelta,OWOOWOWO,OWOOWOOO,5,6,-2.4167920705174564,0.6666477621239233,3.0834398326413797,True
1,ddelta,OWOOWWOO,OWOOWOOO,5,6,0.4962228302154863,0.6666477621239233,0.170424931908437,True
1,ddelta,OWOWWOOO,OWOOWOOO,5,6,0.5261076514019336,0.6666477621239233,0.1405401107219897,True
1,ddelta,OWWOWOOO,OWOOWOOO,5,6,-0.025916241885496,0.6666477621239233,0.6925640040094193,True
1,ddelta,WWOOWOOO,OWOOWOOO,5,6,1.4093153893521784,0.6666477621239233,-0.7426676272282551,False
1,ddelta,OWOOWOWW,OWOOWOOW,4,5,-0.4528699655128048,0.3128052279531961,0.7656751934660009,True
1,ddelta,OWOOWWOW,OWOOWOOW,4,5,0.0621645532758575,0.3128052279531961,0.2506406746773386,True
1,ddelta,OWOWWOOW,OWOOWOOW,4,5,-0.53639922048268,0.3128052279531961,0.8492044484358761,True
1,ddelta,OWWOWOOW,OWOOWOOW,4,5,-0.1596334924017212,0.3128052279531961,0.4724387203549173,True
1,ddelta,WWOOWOOW,OWOOWOOW,4,5,-0.2974357787777402,0.3128052279531961,0.6102410067309363,True
1,ddelta,OWOOWOWW,OWOOWOWO,4,5,-0.4528699655128048,-2.4167920705174564,-1.9639221050046516,False
1,ddelta,OWOOWWWO,OWOOWOWO,4,5,-0.0835146562752669,-2.4167920705174564,-2.3332774142421893,False
1,ddelta,OWOWWOWO,OWOOWOWO,4,5,-2.6534065730470684,-2.4167920705174564,0.23661450252961203,True
1,ddelta,OWWOWOWO,OWOOWOWO,4,5,0.2667545620182734,-2.4167920705174564,-2.68354663253573,False
1,ddelta,WWOOWOWO,OWOOWOWO,4,5,-0.5773591389281192,-2.4167920705174564,-1.8394329315893372,False
1,ddelta,OWOOWWWW,OWOOWOWW,3,4,-0.3598588288048556,-0.4528699655128048,-0.0930111367079492,False
1,ddelta,OWOWWOWW,OWOOWOWW,3,4,-3.328275256505707,-0.4528699655128048,2.8754052909929024,True
1,ddelta,OWWOWOWW,OWOOWOWW,3,4,-1.3578124234990614,-0.4528699655128048,0.9049424579862566,True
1,ddelta,WWOOWOWW,OWOOWOWW,3,4,-1.0082340402931274,-0.4528699655128048,0.5553640747803226,True
1,ddelta,OWOOWWOW,OWOOWWOO,4,5,0.0621645532758575,0.4962228302154863,0.4340582769396288,True
1,ddelta,OWOOWWWO,OWOOWWOO,4,5,-0.0835146562752669,0.4962228302154863,0.5797374864907532,True
1,ddelta,OWOWWWOO,OWOOWWOO,4,5,-1.8934703267431123,0.4962228302154863,2.3896931569585984,True
1,ddelta,OWWOWWOO,OWOOWWOO,4,5,0.7028596727090476,0.4962228302154863,-0.2066368424935613,False
1,ddelta,WWOOWWOO,OWOOWWOO,4,5,0.630462574848418,0.4962228302154863,-0.13423974463293165,False
1,ddelta,OWOOWWWW,OWOOWWOW,3,4,-0.3598588288048556,0.0621645532758575,0.4220233820807131,True
1,ddelta,OWOWWWOW,OWOOWWOW,3,4,-1.2384054906644812,0.0621645532758575,1.3005700439403387,True
1,ddelta,OWWOWWOW,OWOOWWOW,3,4,0.4741239995990028,0.0621645532758575,-0.4119594463231453,False
1,ddelta,WWOOWWOW,OWOOWWOW,3,4,0.1272454044741914,0.0621645532758575,-0.06508085119833389,False
1,ddelta,OWOOWWWW,OWOOWWWO,3,4,-0.3598588288048556,-0.0835146562752669,0.2763441725295887,True
1,ddelta,OWOWWWWO,OWOOWWWO,3,4,-3.061959923097001,-0.0835146562752669,2.978445266821734,True
1,ddelta,OWWOWWWO,OWOOWWWO,3,4,-0.8647305722967286,-0.0835146562752669,0.7812159160214617,True
1,ddelta,WWOOWWWO,OWOOWWWO,3,4,-2.814924822539176,-0.0835146562752669,2.7314101662639088,True
1,ddelta,OWOWWWWW,OWOOWWWW,2,3,-0.0976591896880845,-0.3598588288048556,-0.2621996391167711,False
1,ddelta,OWWOWWWW,OWOOWWWW,2,3,-0.0259900158131077,-0.3598588288048556,-0.33386881299174787,False
1,ddelta,WWOOWWWW,OWOOWWWW,2,3,1.0007266265871746,-0.3598588288048556,-1.3605854553920302,False
1,ddelta,OWOWOOOW,OWOWOOOO,5,6,0.3434796152361166,1.011504015681316,0.6680244004451994,True
1,ddelta,OWOWOOWO,OWOWOOOO,5,6,-1.837698011724572,1.011504015681316,2.8492020274058882,True
1,ddelta,OWOWOWOO,OWOWOOOO,5,6,-1.4667511460478424,1.011504015681316,2.4782551617291584,True
1,ddelta,OWOWWOOO,OWOWOOOO,5,6,0.5261076514019336,1.011504015681316,0.4853963642793824,True
1,ddelta,OWWWOOOO,OWOWOOOO,5,6,3.575571187999444,1.011504015681316,-2.5640671723181283,False
1,ddelta,WWOWOOOO,OWOWOOOO,5,6,0.4539326419822193,1.011504015681316,0.5575713736990967,True
1,ddelta,OWOWOOWW,OWOWOOOW,4,5,-1.9141624260493784,0.3434796152361166,2.2576420412854947,True
1,ddelta,OWOWOWOW,OWOWOOOW,4,5,0.026896699465714,0.3434796152361166,0.3165829157704026,True
1,ddelta,OWOWWOOW,OWOWOOOW,4,5,-0.53639922048268,0.3434796152361166,0.8798788357187965,True
1,ddelta,OWWWOOOW,OWOWOOOW,4,5,0.9422930649138438,0.3434796152361166,-0.5988134496777272,False
1,ddelta,WWOWOOOW,OWOWOOOW,4,5,1.0826350552458417,0.3434796152361166,-0.7391554400097251,False
1,ddelta,OWOWOOWW,OWOWOOWO,4,5,-1.9141624260493784,-1.837698011724572,0.07646441432480633,True
1,ddelta,OWOWOWWO,OWOWOOWO,4,5,-1.5915961634756948,-1.837698011724572,-0.24610184824887726,False
1,ddelta,OWOWWOWO,OWOWOOWO,4,5,-2.6534065730470684,-1.837698011724572,0.8157085613224964,True
1,ddelta,OWWWOOWO,OWOWOOWO,4,5,0.0320991081279296,-1.837698011724572,-1.8697971198525016,False
1,ddelta,WWOWOOWO,OWOWOOWO,4,5,-0.5999573572195562,-1.837698011724572,-1.2377406545050158,False
1,ddelta,OWOWOWWW,OWOWOOWW,3,4,-2.859425963947354,-1.9141624260493784,0.9452635378979755,True
1,ddelta,OWOWWOWW,OWOWOOWW,3,4,-3.328275256505707,-1.9141624260493784,1.4141128304563286,True
1,ddelta,OWWWOOWW,OWOWOOWW,3,4,-0.0206712159126963,-1.9141624260493784,-1.893491210136682,False
1,ddelta,WWOWOOWW,OWOWOOWW,3,4,-0.6669759629113678,-1.9141624260493784,-1.2471864631380105,False
1,ddelta,OWOWOWOW,OWOWOWOO,4,5,0.026896699465714,-1.4667511460478424,-1.4936478455135564,False
1,ddelta,OWOWOWWO,OWOWOWOO,4,5,-1.5915961634756948,-1.4667511460478424,0.12484501742785237,True
1,ddelta,OWOWWWOO,OWOWOWOO,4,5,-1.8934703267431123,-1.4667511460478424,0.42671918069526993,True
1,ddelta,OWWWOWOO,OWOWOWOO,4,5,-0.0701619967647396,-1.4667511460478424,-1.3965891492831028,False
1,ddelta,WWOWOWOO,OWOWOWOO,4,5,-0.8177242644021276,-1.4667511460478424,-0.6490268816457148,False
1,ddelta,OWOWOWWW,OWOWOWOW,3,4,-2.859425963947354,0.026896699465714,2.886322663413068,True
1,ddelta,OWOWWWOW,OWOWOWOW,3,4,-1.2384054906644812,0.026896699465714,1.2653021901301953,True
1,ddelta,OWWWOWOW,OWOWOWOW,3,4,-0.4655035532104041,0.026896699465714,0.4924002526761181,True
1,ddelta,WWOWOWOW,OWOWOWOW,3,4,0.3127818115096052,0.026896699465714,-0.2858851120438912,False
1,ddelta,OWOWOWWW,OWOWOWWO,3,4,-2.859425963947354,-1.5915961634756948,1.267829800471659,True
1,ddelta,OWOWWWWO,OWOWOWWO,3,4,-3.061959923097001,-1.5915961634756948,1.4703637596213062,True
1,ddelta,OWWWOWWO,OWOWOWWO,3,4,-1.193039689375697,-1.5915961634756948,-0.39855647409999784,False
1,ddelta,WWOWOWWO,OWOWOWWO,3,4,-2.6165513411268178,-1.5915961634756948,1.024955177651123,True
1,ddelta,OWOWWWWW,OWOWOWWW,2,3,-0.0976591896880845,-2.859425963947354,-2.7617667742592693,False
1,ddelta,OWWWOWWW,OWOWOWWW,2,3,-1.284511520413227,-2.859425963947354,-1.574914443534127,False
1,ddelta,WWOWOWWW,OWOWOWWW,2,3,0.1473612955318213,-2.859425963947354,-3.006787259479175,False
1,ddelta,OWOWWOOW,OWOWWOOO,4,5,-0.53639922048268,0.5261076514019336,1.0625068718846136,True
1,ddelta,OWOWWOWO,OWOWWOOO,4,5,-2.6534065730470684,0.5261076514019336,3.179514224449002,True
1,ddelta,OWOWWWOO,OWOWWOOO,4,5,-1.8934703267431123,0.5261076514019336,2.419577978145046,True
1,ddelta,OWWWWOOO,OWOWWOOO,4,5,1.339059544814838,0.5261076514019336,-0.8129518934129043,False
1,ddelta,WWOWWOOO,OWOWWOOO,4,5,0.9514307718341756,0.5261076514019336,-0.42532312043224196,False
1,ddelta,OWOWWOWW,OWOWWOOW,3,4,-3.328275256505707,-0.53639922048268,2.791876036023027,True
1,ddelta,OWOWWWOW,OWOWWOOW,3,4,-1.2384054906644812,-0.53639922048268,0.7020062701818013,True
1,ddelta,OWWWWOOW,OWOWWOOW,3,4,0.3787123979426411,-0.53639922048268,-0.9151116184253211,False
1,ddelta,WWOWWOOW,OWOWWOOW,3,4,-1.723912354222156,-0.53639922048268,1.187513133739476,True
1,ddelta,OWOWWOWW,OWOWWOWO,3,4,-3.328275256505707,-2.6534065730470684,0.6748686834586386,True
1,ddelta,OWOWWWWO,OWOWWOWO,3,4,-3.061959923097001,-2.6534065730470684,0.40855335004993254,True
1,ddelta,OWWWWOWO,OWOWWOWO,3,4,-0.1798774783862918,-2.6534065730470684,-2.4735290946607766,False
1,ddelta,WWOWWOWO,OWOWWOWO,3,4,-0.7154811648313519,-2.6534065730470684,-1.9379254082157165,False
1,ddelta,OWOWWWWW,OWOWWOWW,2,3,-0.0976591896880845,-3.328275256505707,-3.2306160668176225,False
1,ddelta,OWWWWOWW,OWOWWOWW,2,3,1.1597541689983883,-3.328275256505707,-4.488029425504095,False
1,ddelta,WWOWWOWW,OWOWWOWW,2,3,-1.7808581738457754,-3.328275256505707,-1.5474170826599316,False
1,ddelta,OWOWWWOW,OWOWWWOO,3,4,-1.2384054906644812,-1.8934703267431123,-0.6550648360786311,False
1,ddelta,OWOWWWWO,OWOWWWOO,3,4,-3.061959923097001,-1.8934703267431123,1.1684895963538886,True
1,ddelta,OWWWWWOO,OWOWWWOO,3,4,-0.7158901725460095,-1.8934703267431123,-1.177580154197103,False
1,ddelta,WWOWWWOO,OWOWWWOO,3,4,-0.3896331132091998,-1.8934703267431123,-1.5038372135339126,False
1,ddelta,OWOWWWWW,OWOWWWOW,2,3,-0.0976591896880845,-1.2384054906644812,-1.1407463009763967,False
1,ddelta,OWWWWWOW,OWOWWWOW,2,3,0.3549021821675754,-1.2384054906644812,-1.5933076728320565,False
1,ddelta,WWOWWWOW,OWOWWWOW,2,3,-0.5535318585749873,-1.2384054906644812,-0.6848736320894939,False
1,ddelta,OWOWWWWW,OWOWWWWO,2,3,-0.0976591896880845,-3.061959923097001,-2.9643007334089164,False
1,ddelta,OWWWWWWO,OWOWWWWO,2,3,-0.9612777005309336,-3.061959923097001,-2.1006822225660673,False
1,ddelta,WWOWWWWO,OWOWWWWO,2,3,-0.253624760940657,-3.061959923097001,-2.808335162156344,False
1,ddelta,OWWWWWWW,OWOWWWWW,1,2,0.2013577232468274,-0.0976591896880845,-0.2990169129349119,False
1,ddelta,WWOWWWWW,OWOWWWWW,1,2,-0.868673660828471,-0.0976591896880845,0.7710144711403865,True
1,ddelta,OWWOOOOW,OWWOOOOO,5,6,-0.2069833614602269,0.8666196367683481,1.073602998228575,True
1,ddelta,OWWOOOWO,OWWOOOOO,5,6,-1.6546690497153311,0.8666196367683481,2.521288686483679,True
1,ddelta,OWWOOWOO,OWWOOOOO,5,6,-1.0206397762834651,0.8666196367683481,1.8872594130518132,True
1,ddelta,OWWOWOOO,OWWOOOOO,5,6,-0.025916241885496,0.8666196367683481,0.8925358786538441,True
1,ddelta,OWWWOOOO,OWWOOOOO,5,6,3.575571187999444,0.8666196367683481,-2.708951551231096,False
1,ddelta,WWWOOOOO,OWWOOOOO,5,6,-0.1124073205607569,0.8666196367683481,0.9790269573291049,True
1,ddelta,OWWOOOWW,OWWOOOOW,4,5,-4.380465937671078,-0.2069833614602269,4.1734825762108505,True
1,ddelta,OWWOOWOW,OWWOOOOW,4,5,0.8906301571235551,-0.2069833614602269,-1.097613518583782,False
1,ddelta,OWWOWOOW,OWWOOOOW,4,5,-0.1596334924017212,-0.2069833614602269,-0.04734986905850569,False
1,ddelta,OWWWOOOW,OWWOOOOW,4,5,0.9422930649138438,-0.2069833614602269,-1.1492764263740707,False
1,ddelta,WWWOOOOW,OWWOOOOW,4,5,0.8379960061948981,-0.2069833614602269,-1.0449793676551251,False
1,ddelta,OWWOOOWW,OWWOOOWO,4,5,-4.380465937671078,-1.6546690497153311,2.7257968879557466,True
1,ddelta,OWWOOWWO,OWWOOOWO,4,5,-5.524144533559121,-1.6546690497153311,3.86947548384379,True
1,ddelta,OWWOWOWO,OWWOOOWO,4,5,0.2667545620182734,-1.6546690497153311,-1.9214236117336045,False
1,ddelta,OWWWOOWO,OWWOOOWO,4,5,0.0320991081279296,-1.6546690497153311,-1.6867681578432607,False
1,ddelta,WWWOOOWO,OWWOOOWO,4,5,-2.879699784531533,-1.6546690497153311,1.225030734816202,True
1,ddelta,OWWOOWWW,OWWOOOWW,3,4,-4.34124485152118,-4.380465937671078,-0.03922108614989739,False
1,ddelta,OWWOWOWW,OWWOOOWW,3,4,-1.3578124234990614,-4.380465937671078,-3.022653514172016,False
1,ddelta,OWWWOOWW,OWWOOOWW,3,4,-0.0206712159126963,-4.380465937671078,-4.359794721758381,False
1,ddelta,WWWOOOWW,OWWOOOWW,3,4,-2.8640063317977544,-4.380465937671078,-1.5164596058733233,False
1,ddelta,OWWOOWOW,OWWOOWOO,4,5,0.8906301571235551,-1.0206397762834651,-1.9112699334070202,False
1,ddelta,OWWOOWWO,OWWOOWOO,4,5,-5.524144533559121,-1.0206397762834651,4.503504757275656,True
1,ddelta,OWWOWWOO,OWWOOWOO,4,5,0.7028596727090476,-1.0206397762834651,-1.7234994489925128,False
1,ddelta,OWWWOWOO,OWWOOWOO,4,5,-0.0701619967647396,-1.0206397762834651,-0.9504777795187256,False
1,ddelta,WWWOOWOO,OWWOOWOO,4,5,-1.1577355376906384,-1.0206397762834651,0.13709576140717328,True
1,ddelta,OWWOOWWW,OWWOOWOW,3,4,-4.34124485152118,0.8906301571235551,5.231875008644735,True
1,ddelta,OWWOWWOW,OWWOOWOW,3,4,0.4741239995990028,0.8906301571235551,0.4165061575245523,True
1,ddelta,OWWWOWOW,OWWOOWOW,3,4,-0.4655035532104041,0.8906301571235551,1.3561337103339592,True
1,ddelta,WWWOOWOW,OWWOOWOW,3,4,0.9094355878491284,0.8906301571235551,-0.01880543072557328,False
1,ddelta,OWWOOWWW,OWWOOWWO,3,4,-4.34124485152118,-5.524144533559121,-1.1828996820379407,False
1,ddelta,OWWOWWWO,OWWOOWWO,3,4,-0.8647305722967286,-5.524144533559121,-4.659413961262392,False
1,ddelta,OWWWOWWO,OWWOOWWO,3,4,-1.193039689375697,-5.524144533559121,-4.331104844183424,False
1,ddelta,WWWOOWWO,OWWOOWWO,3,4,-5.515051455417682,-5.524144533559121,-0.009093078141439115,False
1,ddelta,OWWOWWWW,OWWOOWWW,2,3,-0.0259900158131077,-4.34124485152118,-4.315254835708073,False
1,ddelta,OWWWOWWW,OWWOOWWW,2,3,-1.284511520413227,-4.34124485152118,-3.0567333311079534,False
1,ddelta,WWWOOWWW,OWWOOWWW,2,3,-4.700530765920324,-4.34124485152118,0.3592859143991438,True
1,ddelta,OWWOWOOW,OWWOWOOO,4,5,-0.1596334924017212,-0.025916241885496,0.1337172505162252,True
1,ddelta,OWWOWOWO,OWWOWOOO,4,5,0.2667545620182734,-0.025916241885496,-0.2926708039037694,False
1,ddelta,OWWOWWOO,OWWOWOOO,4,5,0.7028596727090476,-0.025916241885496,-0.7287759145945436,False
1,ddelta,OWWWWOOO,OWWOWOOO,4,5,1.339059544814838,-0.025916241885496,-1.3649757867003338,False
1,ddelta,WWWOWOOO,OWWOWOOO,4,5,2.392247785377773,-0.025916241885496,-2.418164027263269,False
1,ddelta,OWWOWOWW,OWWOWOOW,3,4,-1.3578124234990614,-0.1596334924017212,1.19817893109734,True
1,ddelta,OWWOWWOW,OWWOWOOW,3,4,0.4741239995990028,-0.1596334924017212,-0.6337574920007241,False
1,ddelta,OWWWWOOW,OWWOWOOW,3,4,0.3787123979426411,-0.1596334924017212,-0.5383458903443623,False
1,ddelta,WWWOWOOW,OWWOWOOW,3,4,0.8429664599156617,-0.1596334924017212,-1.0025999523173827,False
1,ddelta,OWWOWOWW,OWWOWOWO,3,4,-1.3578124234990614,0.2667545620182734,1.6245669855173348,True
1,ddelta,OWWOWWWO,OWWOWOWO,3,4,-0.8647305722967286,0.2667545620182734,1.1314851343150019,True
1,ddelta,OWWWWOWO,OWWOWOWO,3,4,-0.1798774783862918,0.2667545620182734,0.4466320404045652,True
1,ddelta,WWWOWOWO,OWWOWOWO,3,4,-0.7721479766513473,0.2667545620182734,1.0389025386696207,True
1,ddelta,OWWOWWWW,OWWOWOWW,2,3,-0.0259900158131077,-1.3578124234990614,-1.3318224076859537,False
1,ddelta,OWWWWOWW,OWWOWOWW,2,3,1.1597541689983883,-1.3578124234990614,-2.5175665924974497,False
1,ddelta,WWWOWOWW,OWWOWOWW,2,3,-2.247307786093552,-1.3578124234990614,0.8894953625944908,True
1,ddelta,OWWOWWOW,OWWOWWOO,3,4,0.4741239995990028,0.7028596727090476,0.22873567311004478,True
1,ddelta,OWWOWWWO,OWWOWWOO,3,4,-0.8647305722967286,0.7028596727090476,1.5675902450057762,True
1,ddelta,OWWWWWOO,OWWOWWOO,3,4,-0.7158901725460095,0.7028596727090476,1.418749845255057,True
1,ddelta,WWWOWWOO,OWWOWWOO,3,4,1.3295707825929488,0.7028596727090476,-0.6267111098839012,False
1,ddelta,OWWOWWWW,OWWOWWOW,2,3,-0.0259900158131077,0.4741239995990028,0.5001140154121105,True
1,ddelta,OWWWWWOW,OWWOWWOW,2,3,0.3549021821675754,0.4741239995990028,0.1192218174314274,True
1,ddelta,WWWOWWOW,OWWOWWOW,2,3,-0.5484837546641959,0.4741239995990028,1.0226077542631986,True
1,ddelta,OWWOWWWW,OWWOWWWO,2,3,-0.0259900158131077,-0.8647305722967286,-0.8387405564836209,False
1,ddelta,OWWWWWWO,OWWOWWWO,2,3,-0.9612777005309336,-0.8647305722967286,0.09654712823420508,True
1,ddelta,WWWOWWWO,OWWOWWWO,2,3,-0.369845108415086,-0.8647305722967286,-0.49488546388164256,False
1,ddelta,OWWWWWWW,OWWOWWWW,1,2,0.2013577232468274,-0.0259900158131077,-0.2273477390599351,False
1,ddelta,WWWOWWWW,OWWOWWWW,1,2,-0.645593568255532,-0.0259900158131077,0.6196035524424244,True
1,ddelta,OWWWOOOW,OWWWOOOO,4,5,0.9422930649138438,3.575571187999444,2.6332781230856,True
1,ddelta,OWWWOOWO,OWWWOOOO,4,5,0.0320991081279296,3.575571187999444,3.5434720798715142,True
1,ddelta,OWWWOWOO,OWWWOOOO,4,5,-0.0701619967647396,3.575571187999444,3.645733184764184,True
1,ddelta,OWWWWOOO,OWWWOOOO,4,5,1.339059544814838,3.575571187999444,2.236511643184606,True
1,ddelta,WWWWOOOO,OWWWOOOO,4,5,-2.1477114091538576,3.575571187999444,5.723282597153302,True
1,ddelta,OWWWOOWW,OWWWOOOW,3,4,-0.0206712159126963,0.9422930649138438,0.9629642808265401,True
1,ddelta,OWWWOWOW,OWWWOOOW,3,4,-0.4655035532104041,0.9422930649138438,1.4077966181242478,True
1,ddelta,OWWWWOOW,OWWWOOOW,3,4,0.3787123979426411,0.9422930649138438,0.5635806669712027,True
1,ddelta,WWWWOOOW,OWWWOOOW,3,4,0.0929282530324871,0.9422930649138438,0.8493648118813567,True
1,ddelta,OWWWOOWW,OWWWOOWO,3,4,-0.0206712159126963,0.0320991081279296,0.0527703240406259,True
1,ddelta,OWWWOWWO,OWWWOOWO,3,4,-1.193039689375697,0.0320991081279296,1.2251387975036265,True
1,ddelta,OWWWWOWO,OWWWOOWO,3,4,-0.1798774783862918,0.0320991081279296,0.2119765865142214,True
1,ddelta,WWWWOOWO,OWWWOOWO,3,4,-0.1395960570026954,0.0320991081279296,0.171695165130625,True
1,ddelta,OWWWOWWW,OWWWOOWW,2,3,-1.284511520413227,-0.0206712159126963,1.2638403045005306,True
1,ddelta,OWWWWOWW,OWWWOOWW,2,3,1.1597541689983883,-0.0206712159126963,-1.1804253849110846,False
1,ddelta,WWWWOOWW,OWWWOOWW,2,3,-0.5832471349042575,-0.0206712159126963,0.5625759189915612,True
1,ddelta,OWWWOWOW,OWWWOWOO,3,4,-0.4655035532104041,-0.0701619967647396,0.3953415564456645,True
1,ddelta,OWWWOWWO,OWWWOWOO,3,4,-1.193039689375697,-0.0701619967647396,1.1228776926109574,True
1,ddelta,OWWWWWOO,OWWWOWOO,3,4,-0.7158901725460095,-0.0701619967647396,0.64572817578127,True
1,ddelta,WWWWOWOO,OWWWOWOO,3,4,-0.4487608092325755,-0.0701619967647396,0.3785988124678359,True
1,ddelta,OWWWOWWW,OWWWOWOW,2,3,-1.284511520413227,-0.4655035532104041,0.8190079672028228,True
1,ddelta,OWWWWWOW,OWWWOWOW,2,3,0.3549021821675754,-0.4655035532104041,-0.8204057353779795,False
1,ddelta,WWWWOWOW,OWWWOWOW,2,3,0.9409358526715176,-0.4655035532104041,-1.4064394058819216,False
1,ddelta,OWWWOWWW,OWWWOWWO,2,3,-1.284511520413227,-1.193039689375697,0.09147183103752998,True
1,ddelta,OWWWWWWO,OWWWOWWO,2,3,-0.9612777005309336,-1.193039689375697,-0.2317619888447633,False
1,ddelta,WWWWOWWO,OWWWOWWO,2,3,-5.329821271395819,-1.193039689375697,4.136781582020122,True
1,ddelta,OWWWWWWW,OWWWOWWW,1,2,0.2013577232468274,-1.284511520413227,-1.4858692436600542,False
1,ddelta,WWWWOWWW,OWWWOWWW,1,2,-1.087615748737118,-1.284511520413227,-0.19689577167610883,False
1,ddelta,OWWWWOOW,OWWWWOOO,3,4,0.3787123979426411,1.339059544814838,0.9603471468721968,True
1,ddelta,OWWWWOWO,OWWWWOOO,3,4,-0.1798774783862918,1.339059544814838,1.5189370232011297,True
1,ddelta,OWWWWWOO,OWWWWOOO,3,4,-0.7158901725460095,1.339059544814838,2.0549497173608473,True
1,ddelta,WWWWWOOO,OWWWWOOO,3,4,0.9972934330845308,1.339059544814838,0.34176611173030713,True
1,ddelta,OWWWWOWW,OWWWWOOW,2,3,1.1597541689983883,0.3787123979426411,-0.7810417710557472,False
1,ddelta,OWWWWWOW,OWWWWOOW,2,3,0.3549021821675754,0.3787123979426411,0.023810215775065702,True
1,ddelta,WWWWWOOW,OWWWWOOW,2,3,-0.0606369469346363,0.3787123979426411,0.4393493448772774,True
1,ddelta,OWWWWOWW,OWWWWOWO,2,3,1.1597541689983883,-0.1798774783862918,-1.33963164738468,False
1,ddelta,OWWWWWWO,OWWWWOWO,2,3,-0.9612777005309336,-0.1798774783862918,0.7814002221446419,True
1,ddelta,WWWWWOWO,OWWWWOWO,2,3,-0.5746722431497564,-0.1798774783862918,0.3947947647634646,True
1,ddelta,OWWWWWWW,OWWWWOWW,1,2,0.2013577232468274,1.1597541689983883,0.9583964457515609,True
1,ddelta,WWWWWOWW,OWWWWOWW,1,2,-1.0273762242729243,1.1597541689983883,2.1871303932713126,True
1,ddelta,OWWWWWOW,OWWWWWOO,2,3,0.3549021821675754,-0.7158901725460095,-1.070792354713585,False
1,ddelta,OWWWWWWO,OWWWWWOO,2,3,-0.9612777005309336,-0.7158901725460095,0.24538752798492414,True
1,ddelta,WWWWWWOO,OWWWWWOO,2,3,0.8982220279552671,-0.7158901725460095,-1.6141122005012765,False
1,ddelta,OWWWWWWW,OWWWWWOW,1,2,0.2013577232468274,0.3549021821675754,0.153544458920748,True
1,ddelta,WWWWWWOW,OWWWWWOW,1,2,0.7426659489732474,0.3549021821675754,-0.38776376680567204,False
1,ddelta,OWWWWWWW,OWWWWWWO,1,2,0.2013577232468274,-0.9612777005309336,-1.162635423777761,False
1,ddelta,WWWWWWWO,OWWWWWWO,1,2,-0.9445579342348038,-0.9612777005309336,-0.016719766296129812,False
1,ddelta,WWWWWWWW,OWWWWWWW,0,1,0.2592622080110955,0.2013577232468274,-0.0579044847642681,False
1,ddelta,WOOOOOOW,WOOOOOOO,6,7,1.391537771228118,0.3897423055051205,-1.0017954657229975,False
1,ddelta,WOOOOOWO,WOOOOOOO,6,7,-0.7957135379488098,0.3897423055051205,1.1854558434539304,True
1,ddelta,WOOOOWOO,WOOOOOOO,6,7,-1.38970244356989,0.3897423055051205,1.7794447490750105,True
1,ddelta,WOOOWOOO,WOOOOOOO,6,7,3.4164625768736956,0.3897423055051205,-3.0267202713685752,False
1,ddelta,WOOWOOOO,WOOOOOOO,6,7,1.3607657934300132,0.3897423055051205,-0.9710234879248927,False
1,ddelta,WOWOOOOO,WOOOOOOO,6,7,-0.3958536588858914,0.3897423055051205,0.785595964391012,True
1,ddelta,WWOOOOOO,WOOOOOOO,6,7,-0.2959528833651051,0.3897423055051205,0.6856951888702256,True
1,ddelta,WOOOOOWW,WOOOOOOW,5,6,-4.44217927477742,1.391537771228118,5.833717046005538,True
1,ddelta,WOOOOWOW,WOOOOOOW,5,6,1.2069097426562465,1.391537771228118,0.18462802857187155,True
1,ddelta,WOOOWOOW,WOOOOOOW,5,6,0.5549004937244519,1.391537771228118,0.8366372775036661,True
1,ddelta,WOOWOOOW,WOOOOOOW,5,6,0.229056252089985,1.391537771228118,1.162481519138133,True
1,ddelta,WOWOOOOW,WOOOOOOW,5,6,0.3515516461405973,1.391537771228118,1.0399861250875206,True
1,ddelta,WWOOOOOW,WOOOOOOW,5,6,0.8499534391435548,1.391537771228118,0.5415843320845632,True
1,ddelta,WOOOOOWW,WOOOOOWO,5,6,-4.44217927477742,-0.7957135379488098,3.6464657368286097,True
1,ddelta,WOOOOWWO,WOOOOOWO,5,6,-6.054554233899022,-0.7957135379488098,5.258840695950212,True
1,ddelta,WOOOWOWO,WOOOOOWO,5,6,-1.2626263702689784,-0.7957135379488098,0.46691283232016856,True
1,ddelta,WOOWOOWO,WOOOOOWO,5,6,-0.5051307718043136,-0.7957135379488098,-0.2905827661444962,False
1,ddelta,WOWOOOWO,WOOOOOWO,5,6,-2.357852371671735,-0.7957135379488098,1.5621388337229252,True
1,ddelta,WWOOOOWO,WOOOOOWO,5,6,-1.3365709489923612,-0.7957135379488098,0.5408574110435513,True
1,ddelta,WOOOOWWW,WOOOOOWW,4,5,-4.449744486224469,-4.44217927477742,0.007565211447048803,True
1,ddelta,WOOOWOWW,WOOOOOWW,4,5,-2.410897105025449,-4.44217927477742,-2.0312821697519707,False
1,ddelta,WOOWOOWW,WOOOOOWW,4,5,-3.5524691577025815,-4.44217927477742,-0.8897101170748383,False
1,ddelta,WOWOOOWW,WOOOOOWW,4,5,-3.5576688921439747,-4.44217927477742,-0.8845103826334451,False
1,ddelta,WWOOOOWW,WOOOOOWW,4,5,-0.7748147424633962,-4.44217927477742,-3.6673645323140236,False
1,ddelta,WOOOOWOW,WOOOOWOO,5,6,1.2069097426562465,-1.38970244356989,-2.596612186226136,False
1,ddelta,WOOOOWWO,WOOOOWOO,5,6,-6.054554233899022,-1.38970244356989,4.664851790329132,True
1,ddelta,WOOOWWOO,WOOOOWOO,5,6,0.0418532926575728,-1.38970244356989,-1.4315557362274627,False
1,ddelta,WOOWOWOO,WOOOOWOO,5,6,-0.7518273798963498,-1.38970244356989,-0.6378750636735401,False
1,ddelta,WOWOOWOO,WOOOOWOO,5,6,-1.988245625090372,-1.38970244356989,0.598543181520482,True
1,ddelta,WWOOOWOO,WOOOOWOO,5,6,1.130498107251316,-1.38970244356989,-2.520200550821206,False
1,ddelta,WOOOOWWW,WOOOOWOW,4,5,-4.449744486224469,1.2069097426562465,5.656654228880715,True
1,ddelta,WOOOWWOW,WOOOOWOW,4,5,-0.2952844090348651,1.2069097426562465,1.5021941516911115,True
1,ddelta,WOOWOWOW,WOOOOWOW,4,5,1.0875882937288386,1.2069097426562465,0.11932144892740792,True
1,ddelta,WOWOOWOW,WOOOOWOW,4,5,1.416059477233525,1.2069097426562465,-0.2091497345772786,False
1,ddelta,WWOOOWOW,WOOOOWOW,4,5,-0.0004200054030543,1.2069097426562465,1.2073297480593008,True
1,ddelta,WOOOOWWW,WOOOOWWO,4,5,-4.449744486224469,-6.054554233899022,-1.6048097476745538,False
1,ddelta,WOOOWWWO,WOOOOWWO,4,5,-2.2513147056897753,-6.054554233899022,-3.803239528209247,False
1,ddelta,WOOWOWWO,WOOOOWWO,4,5,-4.000744609773195,-6.054554233899022,-2.0538096241258277,False
1,ddelta,WOWOOWWO,WOOOOWWO,4,5,-3.8016507223772704,-6.054554233899022,-2.252903511521752,False
1,ddelta,WWOOOWWO,WOOOOWWO,4,5,-7.149398317559133,-6.054554233899022,1.094844083660111,True
1,ddelta,WOOOWWWW,WOOOOWWW,3,4,-0.7453972352270843,-4.449744486224469,-3.704347250997384,False
1,ddelta,WOOWOWWW,WOOOOWWW,3,4,0.6861351482752152,-4.449744486224469,-5.135879634499684,False
1,ddelta,WOWOOWWW,WOOOOWWW,3,4,-4.466301331710586,-4.449744486224469,0.016556845486117133,True
1,ddelta,WWOOOWWW,WOOOOWWW,3,4,-3.864316972757355,-4.449744486224469,-0.5854275134671134,False
1,ddelta,WOOOWOOW,WOOOWOOO,5,6,0.5549004937244519,3.4164625768736956,2.8615620831492437,True
1,ddelta,WOOOWOWO,WOOOWOOO,5,6,-1.2626263702689784,3.4164625768736956,4.679088947142674,True
1,ddelta,WOOOWWOO,WOOOWOOO,5,6,0.0418532926575728,3.4164625768736956,3.3746092842161226,True
1,ddelta,WOOWWOOO,WOOOWOOO,5,6,0.7181157141509334,3.4164625768736956,2.698346862722762,True
1,ddelta,WOWOWOOO,WOOOWOOO,5,6,0.8347191910752125,3.4164625768736956,2.5817433857984833,True
1,ddelta,WWOOWOOO,WOOOWOOO,5,6,1.4093153893521784,3.4164625768736956,2.007147187521517,True
1,ddelta,WOOOWOWW,WOOOWOOW,4,5,-2.410897105025449,0.5549004937244519,2.965797598749901,True
1,ddelta,WOOOWWOW,WOOOWOOW,4,5,-0.2952844090348651,0.5549004937244519,0.850184902759317,True
1,ddelta,WOOWWOOW,WOOOWOOW,4,5,-0.4214354799677018,0.5549004937244519,0.9763359736921537,True
1,ddelta,WOWOWOOW,WOOOWOOW,4,5,0.1727303781748663,0.5549004937244519,0.38217011554958563,True
1,ddelta,WWOOWOOW,WOOOWOOW,4,5,-0.2974357787777402,0.5549004937244519,0.8523362725021921,True
1,ddelta,WOOOWOWW,WOOOWOWO,4,5,-2.410897105025449,-1.2626263702689784,1.1482707347564707,True
1,ddelta,WOOOWWWO,WOOOWOWO,4,5,-2.2513147056897753,-1.2626263702689784,0.9886883354207969,True
1,ddelta,WOOWWOWO,WOOOWOWO,4,5,-1.6786595337818018,-1.2626263702689784,0.4160331635128234,True
1,ddelta,WOWOWOWO,WOOOWOWO,4,5,-1.453128440730325,-1.2626263702689784,0.1905020704613467,True
1,ddelta,WWOOWOWO,WOOOWOWO,4,5,-0.5773591389281192,-1.2626263702689784,-0.6852672313408592,False
1,ddelta,WOOOWWWW,WOOOWOWW,3,4,-0.7453972352270843,-2.410897105025449,-1.6654998697983647,False
1,ddelta,WOOWWOWW,WOOOWOWW,3,4,-0.2516310012564511,-2.410897105025449,-2.159266103768998,False
1,ddelta,WOWOWOWW,WOOOWOWW,3,4,-1.1975161552363809,-2.410897105025449,-1.2133809497890682,False
1,ddelta,WWOOWOWW,WOOOWOWW,3,4,-1.0082340402931274,-2.410897105025449,-1.4026630647323217,False
1,ddelta,WOOOWWOW,WOOOWWOO,4,5,-0.2952844090348651,0.0418532926575728,0.3371377016924379,True
1,ddelta,WOOOWWWO,WOOOWWOO,4,5,-2.2513147056897753,0.0418532926575728,2.2931679983473483,True
1,ddelta,WOOWWWOO,WOOOWWOO,4,5,-0.2637408327541579,0.0418532926575728,0.3055941254117307,True
1,ddelta,WOWOWWOO,WOOOWWOO,4,5,-0.4967578512752352,0.0418532926575728,0.538611143932808,True
1,ddelta,WWOOWWOO,WOOOWWOO,4,5,0.630462574848418,0.0418532926575728,-0.5886092821908452,False
1,ddelta,WOOOWWWW,WOOOWWOW,3,4,-0.7453972352270843,-0.2952844090348651,0.45011282619221926,True
1,ddelta,WOOWWWOW,WOOOWWOW,3,4,-0.9362320027628656,-0.2952844090348651,0.6409475937280005,True
1,ddelta,WOWOWWOW,WOOOWWOW,3,4,0.1174157080664106,-0.2952844090348651,-0.4127001171012757,False
1,ddelta,WWOOWWOW,WOOOWWOW,3,4,0.1272454044741914,-0.2952844090348651,-0.4225298135090565,False
1,ddelta,WOOOWWWW,WOOOWWWO,3,4,-0.7453972352270843,-2.2513147056897753,-1.505917470462691,False
1,ddelta,WOOWWWWO,WOOOWWWO,3,4,-1.9235354692196576,-2.2513147056897753,-0.32777923647011775,False
1,ddelta,WOWOWWWO,WOOOWWWO,3,4,-4.853224686498,-2.2513147056897753,2.6019099808082244,True
1,ddelta,WWOOWWWO,WOOOWWWO,3,4,-2.814924822539176,-2.2513147056897753,0.5636101168494005,True
1,ddelta,WOOWWWWW,WOOOWWWW,2,3,-0.1545934879589745,-0.7453972352270843,-0.5908037472681098,False
1,ddelta,WOWOWWWW,WOOOWWWW,2,3,-0.1652380177287953,-0.7453972352270843,-0.580159217498289,False
1,ddelta,WWOOWWWW,WOOOWWWW,2,3,1.0007266265871746,-0.7453972352270843,-1.746123861814259,False
1,ddelta,WOOWOOOW,WOOWOOOO,5,6,0.229056252089985,1.3607657934300132,1.1317095413400282,True
1,ddelta,WOOWOOWO,WOOWOOOO,5,6,-0.5051307718043136,1.3607657934300132,1.865896565234327,True
1,ddelta,WOOWOWOO,WOOWOOOO,5,6,-0.7518273798963498,1.3607657934300132,2.112593173326363,True
1,ddelta,WOOWWOOO,WOOWOOOO,5,6,0.7181157141509334,1.3607657934300132,0.6426500792790798,True
1,ddelta,WOWWOOOO,WOOWOOOO,5,6,2.019008080654355,1.3607657934300132,-0.6582422872243419,False
1,ddelta,WWOWOOOO,WOOWOOOO,5,6,0.4539326419822193,1.3607657934300132,0.906833151447794,True
1,ddelta,WOOWOOWW,WOOWOOOW,4,5,-3.5524691577025815,0.229056252089985,3.7815254097925664,True
1,ddelta,WOOWOWOW,WOOWOOOW,4,5,1.0875882937288386,0.229056252089985,-0.8585320416388535,False
1,ddelta,WOOWWOOW,WOOWOOOW,4,5,-0.4214354799677018,0.229056252089985,0.6504917320576868,True
1,ddelta,WOWWOOOW,WOOWOOOW,4,5,0.7199898027094931,0.229056252089985,-0.49093355061950805,False
1,ddelta,WWOWOOOW,WOOWOOOW,4,5,1.0826350552458417,0.229056252089985,-0.8535788031558567,False
1,ddelta,WOOWOOWW,WOOWOOWO,4,5,-3.5524691577025815,-0.5051307718043136,3.047338385898268,True
1,ddelta,WOOWOWWO,WOOWOOWO,4,5,-4.000744609773195,-0.5051307718043136,3.495613837968881,True
1,ddelta,WOOWWOWO,WOOWOOWO,4,5,-1.6786595337818018,-0.5051307718043136,1.1735287619774881,True
1,ddelta,WOWWOOWO,WOOWOOWO,4,5,-0.1542603910462895,-0.5051307718043136,-0.3508703807580241,False
1,ddelta,WWOWOOWO,WOOWOOWO,4,5,-0.5999573572195562,-0.5051307718043136,0.09482658541524258,True
1,ddelta,WOOWOWWW,WOOWOOWW,3,4,0.6861351482752152,-3.5524691577025815,-4.2386043059777965,False
1,ddelta,WOOWWOWW,WOOWOOWW,3,4,-0.2516310012564511,-3.5524691577025815,-3.3008381564461304,False
1,ddelta,WOWWOOWW,WOOWOOWW,3,4,-0.9390839698025986,-3.5524691577025815,-2.6133851878999828,False
1,ddelta,WWOWOOWW,WOOWOOWW,3,4,-0.6669759629113678,-3.5524691577025815,-2.8854931947912137,False
1,ddelta,WOOWOWOW,WOOWOWOO,4,5,1.0875882937288386,-0.7518273798963498,-1.8394156736251883,False
1,ddelta,WOOWOWWO,WOOWOWOO,4,5,-4.000744609773195,-0.7518273798963498,3.2489172298768447,True
1,ddelta,WOOWWWOO,WOOWOWOO,4,5,-0.2637408327541579,-0.7518273798963498,-0.48808654714219196,False
1,ddelta,WOWWOWOO,WOOWOWOO,4,5,0.906853954489921,-0.7518273798963498,-1.6586813343862707,False
1,ddelta,WWOWOWOO,WOOWOWOO,4,5,-0.8177242644021276,-0.7518273798963498,0.0658968845057778,True
1,ddelta,WOOWOWWW,WOOWOWOW,3,4,0.6861351482752152,1.0875882937288386,0.40145314545362343,True
1,ddelta,WOOWWWOW,WOOWOWOW,3,4,-0.9362320027628656,1.0875882937288386,2.0238202964917043,True
1,ddelta,WOWWOWOW,WOOWOWOW,3,4,1.0369293203306524,1.0875882937288386,0.05065897339818615,True
1,ddelta,WWOWOWOW,WOOWOWOW,3,4,0.3127818115096052,1.0875882937288386,0.7748064822192333,True
1,ddelta,WOOWOWWW,WOOWOWWO,3,4,0.6861351482752152,-4.000744609773195,-4.68687975804841,False
1,ddelta,WOOWWWWO,WOOWOWWO,3,4,-1.9235354692196576,-4.000744609773195,-2.077209140553537,False
1,ddelta,WOWWOWWO,WOOWOWWO,3,4,-2.728092610736215,-4.000744609773195,-1.2726519990369796,False
1,ddelta,WWOWOWWO,WOOWOWWO,3,4,-2.6165513411268178,-4.000744609773195,-1.384193268646377,False
1,ddelta,WOOWWWWW,WOOWOWWW,2,3,-0.1545934879589745,0.6861351482752152,0.8407286362341897,True
1,ddelta,WOWWOWWW,WOOWOWWW,2,3,-1.0496676084823122,0.6861351482752152,1.7358027567575274,True
1,ddelta,WWOWOWWW,WOOWOWWW,2,3,0.1473612955318213,0.6861351482752152,0.5387738527433938,True
1,ddelta,WOOWWOOW,WOOWWOOO,4,5,-0.4214354799677018,0.7181157141509334,1.1395511941186354,True
1,ddelta,WOOWWOWO,WOOWWOOO,4,5,-1.6786595337818018,0.7181157141509334,2.396775247932735,True
1,ddelta,WOOWWWOO,WOOWWOOO,4,5,-0.2637408327541579,0.7181157141509334,0.9818565469050913,True
1,ddelta,WOWWWOOO,WOOWWOOO,4,5,1.1940225437909535,0.7181157141509334,-0.47590682964002007,False
1,ddelta,WWOWWOOO,WOOWWOOO,4,5,0.9514307718341756,0.7181157141509334,-0.23331505768324212,False
1,ddelta,WOOWWOWW,WOOWWOOW,3,4,-0.2516310012564511,-0.4214354799677018,-0.1698044787112507,False
1,ddelta,WOOWWWOW,WOOWWOOW,3,4,-0.9362320027628656,-0.4214354799677018,0.5147965227951637,True
1,ddelta,WOWWWOOW,WOOWWOOW,3,4,0.7309450173976125,-0.4214354799677018,-1.1523804973653142,False
1,ddelta,WWOWWOOW,WOOWWOOW,3,4,-1.723912354222156,-0.4214354799677018,1.3024768742544541,True
1,ddelta,WOOWWOWW,WOOWWOWO,3,4,-0.2516310012564511,-1.6786595337818018,-1.4270285325253507,False
1,ddelta,WOOWWWWO,WOOWWOWO,3,4,-1.9235354692196576,-1.6786595337818018,0.2448759354378558,True
1,ddelta,WOWWWOWO,WOOWWOWO,3,4,0.3695863227749542,-1.6786595337818018,-2.048245856556756,False
1,ddelta,WWOWWOWO,WOOWWOWO,3,4,-0.7154811648313519,-1.6786595337818018,-0.9631783689504498,False
1,ddelta,WOOWWWWW,WOOWWOWW,2,3,-0.1545934879589745,-0.2516310012564511,-0.09703751329747659,False
1,ddelta,WOWWWOWW,WOOWWOWW,2,3,-0.3818790753918778,-0.2516310012564511,0.13024807413542672,True
1,ddelta,WWOWWOWW,WOOWWOWW,2,3,-1.7808581738457754,-0.2516310012564511,1.5292271725893243,True
1,ddelta,WOOWWWOW,WOOWWWOO,3,4,-0.9362320027628656,-0.2637408327541579,0.6724911700087077,True
1,ddelta,WOOWWWWO,WOOWWWOO,3,4,-1.9235354692196576,-0.2637408327541579,1.6597946364654996,True
1,ddelta,WOWWWWOO,WOOWWWOO,3,4,-0.0211034537018093,-0.2637408327541579,-0.24263737905234858,False
1,ddelta,WWOWWWOO,WOOWWWOO,3,4,-0.3896331132091998,-0.2637408327541579,0.12589228045504192,True
1,ddelta,WOOWWWWW,WOOWWWOW,2,3,-0.1545934879589745,-0.9362320027628656,-0.781638514803891,False
1,ddelta,WOWWWWOW,WOOWWWOW,2,3,0.8541037199675112,-0.9362320027628656,-1.7903357227303767,False
1,ddelta,WWOWWWOW,WOOWWWOW,2,3,-0.5535318585749873,-0.9362320027628656,-0.38270014418787823,False
1,ddelta,WOOWWWWW,WOOWWWWO,2,3,-0.1545934879589745,-1.9235354692196576,-1.768941981260683,False
1,ddelta,WOWWWWWO,WOOWWWWO,2,3,-0.2505328306042767,-1.9235354692196576,-1.673002638615381,False
1,ddelta,WWOWWWWO,WOOWWWWO,2,3,-0.253624760940657,-1.9235354692196576,-1.6699107082790006,False
1,ddelta,WOWWWWWW,WOOWWWWW,1,2,1.238939042277788,-0.1545934879589745,-1.3935325302367625,False
1,ddelta,WWOWWWWW,WOOWWWWW,1,2,-0.868673660828471,-0.1545934879589745,0.7140801728694964,True
1,ddelta,WOWOOOOW,WOWOOOOO,5,6,0.3515516461405973,-0.3958536588858914,-0.7474053050264887,False
1,ddelta,WOWOOOWO,WOWOOOOO,5,6,-2.357852371671735,-0.3958536588858914,1.9619987127858436,True
1,ddelta,WOWOOWOO,WOWOOOOO,5,6,-1.988245625090372,-0.3958536588858914,1.5923919662044805,True
1,ddelta,WOWOWOOO,WOWOOOOO,5,6,0.8347191910752125,-0.3958536588858914,-1.230572849961104,False
1,ddelta,WOWWOOOO,WOWOOOOO,5,6,2.019008080654355,-0.3958536588858914,-2.4148617395402465,False
1,ddelta,WWWOOOOO,WOWOOOOO,5,6,-0.1124073205607569,-0.3958536588858914,-0.2834463383251345,False
1,ddelta,WOWOOOWW,WOWOOOOW,4,5,-3.5576688921439747,0.3515516461405973,3.909220538284572,True
1,ddelta,WOWOOWOW,WOWOOOOW,4,5,1.416059477233525,0.3515516461405973,-1.0645078310929277,False
1,ddelta,WOWOWOOW,WOWOOOOW,4,5,0.1727303781748663,0.3515516461405973,0.178821267965731,True
1,ddelta,WOWWOOOW,WOWOOOOW,4,5,0.7199898027094931,0.3515516461405973,-0.3684381565688958,False
1,ddelta,WWWOOOOW,WOWOOOOW,4,5,0.8379960061948981,0.3515516461405973,-0.4864443600543008,False
1,ddelta,WOWOOOWW,WOWOOOWO,4,5,-3.5576688921439747,-2.357852371671735,1.1998165204722397,True
1,ddelta,WOWOOWWO,WOWOOOWO,4,5,-3.8016507223772704,-2.357852371671735,1.4437983507055354,True
1,ddelta,WOWOWOWO,WOWOOOWO,4,5,-1.453128440730325,-2.357852371671735,-0.9047239309414099,False
1,ddelta,WOWWOOWO,WOWOOOWO,4,5,-0.1542603910462895,-2.357852371671735,-2.2035919806254456,False
1,ddelta,WWWOOOWO,WOWOOOWO,4,5,-2.879699784531533,-2.357852371671735,0.5218474128597981,True
1,ddelta,WOWOOWWW,WOWOOOWW,3,4,-4.466301331710586,-3.5576688921439747,0.908632439566611,True
1,ddelta,WOWOWOWW,WOWOOOWW,3,4,-1.1975161552363809,-3.5576688921439747,-2.360152736907594,False
1,ddelta,WOWWOOWW,WOWOOOWW,3,4,-0.9390839698025986,-3.5576688921439747,-2.618584922341376,False
1,ddelta,WWWOOOWW,WOWOOOWW,3,4,-2.8640063317977544,-3.5576688921439747,-0.6936625603462203,False
1,ddelta,WOWOOWOW,WOWOOWOO,4,5,1.416059477233525,-1.988245625090372,-3.404305102323897,False
1,ddelta,WOWOOWWO,WOWOOWOO,4,5,-3.8016507223772704,-1.988245625090372,1.8134050972868985,True
1,ddelta,WOWOWWOO,WOWOOWOO,4,5,-0.4967578512752352,-1.988245625090372,-1.4914877738151366,False
1,ddelta,WOWWOWOO,WOWOOWOO,4,5,0.906853954489921,-1.988245625090372,-2.895099579580293,False
1,ddelta,WWWOOWOO,WOWOOWOO,4,5,-1.1577355376906384,-1.988245625090372,-0.8305100873997335,False
1,ddelta,WOWOOWWW,WOWOOWOW,3,4,-4.466301331710586,1.416059477233525,5.882360808944111,True
1,ddelta,WOWOWWOW,WOWOOWOW,3,4,0.1174157080664106,1.416059477233525,1.2986437691671144,True
1,ddelta,WOWWOWOW,WOWOOWOW,3,4,1.0369293203306524,1.416059477233525,0.37913015690287266,True
1,ddelta,WWWOOWOW,WOWOOWOW,3,4,0.9094355878491284,1.416059477233525,0.5066238893843967,True
1,ddelta,WOWOOWWW,WOWOOWWO,3,4,-4.466301331710586,-3.8016507223772704,0.6646506093333153,True
1,ddelta,WOWOWWWO,WOWOOWWO,3,4,-4.853224686498,-3.8016507223772704,1.0515739641207293,True
1,ddelta,WOWWOWWO,WOWOOWWO,3,4,-2.728092610736215,-3.8016507223772704,-1.0735581116410553,False
1,ddelta,WWWOOWWO,WOWOOWWO,3,4,-5.515051455417682,-3.8016507223772704,1.7134007330404115,True
1,ddelta,WOWOWWWW,WOWOOWWW,2,3,-0.1652380177287953,-4.466301331710586,-4.301063313981791,False
1,ddelta,WOWWOWWW,WOWOOWWW,2,3,-1.0496676084823122,-4.466301331710586,-3.4166337232282737,False
1,ddelta,WWWOOWWW,WOWOOWWW,2,3,-4.700530765920324,-4.466301331710586,0.2342294342097384,True
1,ddelta,WOWOWOOW,WOWOWOOO,4,5,0.1727303781748663,0.8347191910752125,0.6619888129003462,True
1,ddelta,WOWOWOWO,WOWOWOOO,4,5,-1.453128440730325,0.8347191910752125,2.287847631805538,True
1,ddelta,WOWOWWOO,WOWOWOOO,4,5,-0.4967578512752352,0.8347191910752125,1.3314770423504476,True
1,ddelta,WOWWWOOO,WOWOWOOO,4,5,1.1940225437909535,0.8347191910752125,-0.359303352715741,False
1,ddelta,WWWOWOOO,WOWOWOOO,4,5,2.392247785377773,0.8347191910752125,-1.5575285943025603,False
1,ddelta,WOWOWOWW,WOWOWOOW,3,4,-1.1975161552363809,0.1727303781748663,1.3702465334112472,True
1,ddelta,WOWOWWOW,WOWOWOOW,3,4,0.1174157080664106,0.1727303781748663,0.0553146701084557,True
1,ddelta,WOWWWOOW,WOWOWOOW,3,4,0.7309450173976125,0.1727303781748663,-0.5582146392227463,False
1,ddelta,WWWOWOOW,WOWOWOOW,3,4,0.8429664599156617,0.1727303781748663,-0.6702360817407953,False
1,ddelta,WOWOWOWW,WOWOWOWO,3,4,-1.1975161552363809,-1.453128440730325,-0.2556122854939442,False
1,ddelta,WOWOWWWO,WOWOWOWO,3,4,-4.853224686498,-1.453128440730325,3.4000962457676747,True
1,ddelta,WOWWWOWO,WOWOWOWO,3,4,0.3695863227749542,-1.453128440730325,-1.8227147635052794,False
1,ddelta,WWWOWOWO,WOWOWOWO,3,4,-0.7721479766513473,-1.453128440730325,-0.6809804640789778,False
1,ddelta,WOWOWWWW,WOWOWOWW,2,3,-0.1652380177287953,-1.1975161552363809,-1.0322781375075856,False
1,ddelta,WOWWWOWW,WOWOWOWW,2,3,-0.3818790753918778,-1.1975161552363809,-0.8156370798445031,False
1,ddelta,WWWOWOWW,WOWOWOWW,2,3,-2.247307786093552,-1.1975161552363809,1.0497916308571713,True
1,ddelta,WOWOWWOW,WOWOWWOO,3,4,0.1174157080664106,-0.4967578512752352,-0.6141735593416457,False
1,ddelta,WOWOWWWO,WOWOWWOO,3,4,-4.853224686498,-0.4967578512752352,4.356466835222765,True
1,ddelta,WOWWWWOO,WOWOWWOO,3,4,-0.0211034537018093,-0.4967578512752352,-0.47565439757342587,False
1,ddelta,WWWOWWOO,WOWOWWOO,3,4,1.3295707825929488,-0.4967578512752352,-1.826328633868184,False
1,ddelta,WOWOWWWW,WOWOWWOW,2,3,-0.1652380177287953,0.1174157080664106,0.28265372579520587,True
1,ddelta,WOWWWWOW,WOWOWWOW,2,3,0.8541037199675112,0.1174157080664106,-0.7366880119011006,False
1,ddelta,WWWOWWOW,WOWOWWOW,2,3,-0.5484837546641959,0.1174157080664106,0.6658994627306065,True
1,ddelta,WOWOWWWW,WOWOWWWO,2,3,-0.1652380177287953,-4.853224686498,-4.687986668769205,False
1,ddelta,WOWWWWWO,WOWOWWWO,2,3,-0.2505328306042767,-4.853224686498,-4.602691855893723,False
1,ddelta,WWWOWWWO,WOWOWWWO,2,3,-0.369845108415086,-4.853224686498,-4.483379578082914,False
1,ddelta,WOWWWWWW,WOWOWWWW,1,2,1.238939042277788,-0.1652380177287953,-1.4041770600065833,False
1,ddelta,WWWOWWWW,WOWOWWWW,1,2,-0.645593568255532,-0.1652380177287953,0.48035555052673673,True
1,ddelta,WOWWOOOW,WOWWOOOO,4,5,0.7199898027094931,2.019008080654355,1.299018277944862,True
1,ddelta,WOWWOOWO,WOWWOOOO,4,5,-0.1542603910462895,2.019008080654355,2.1732684717006445,True
1,ddelta,WOWWOWOO,WOWWOOOO,4,5,0.906853954489921,2.019008080654355,1.112154126164434,True
1,ddelta,WOWWWOOO,WOWWOOOO,4,5,1.1940225437909535,2.019008080654355,0.8249855368634016,True
1,ddelta,WWWWOOOO,WOWWOOOO,4,5,-2.1477114091538576,2.019008080654355,4.166719489808212,True
1,ddelta,WOWWOOWW,WOWWOOOW,3,4,-0.9390839698025986,0.7199898027094931,1.6590737725120916,True
1,ddelta,WOWWOWOW,WOWWOOOW,3,4,1.0369293203306524,0.7199898027094931,-0.31693951762115935,False
1,ddelta,WOWWWOOW,WOWWOOOW,3,4,0.7309450173976125,0.7199898027094931,-0.010955214688119441,False
1,ddelta,WWWWOOOW,WOWWOOOW,3,4,0.0929282530324871,0.7199898027094931,0.627061549677006,True
1,ddelta,WOWWOOWW,WOWWOOWO,3,4,-0.9390839698025986,-0.1542603910462895,0.784823578756309,True
1,ddelta,WOWWOWWO,WOWWOOWO,3,4,-2.728092610736215,-0.1542603910462895,2.5738322196899257,True
1,ddelta,WOWWWOWO,WOWWOOWO,3,4,0.3695863227749542,-0.1542603910462895,-0.5238467138212437,False
1,ddelta,WWWWOOWO,WOWWOOWO,3,4,-0.1395960570026954,-0.1542603910462895,-0.014664334043594102,False
1,ddelta,WOWWOWWW,WOWWOOWW,2,3,-1.0496676084823122,-0.9390839698025986,0.11058363867971366,True
1,ddelta,WOWWWOWW,WOWWOOWW,2,3,-0.3818790753918778,-0.9390839698025986,-0.5572048944107207,False
1,ddelta,WWWWOOWW,WOWWOOWW,2,3,-0.5832471349042575,-0.9390839698025986,-0.35583683489834106,False
1,ddelta,WOWWOWOW,WOWWOWOO,3,4,1.0369293203306524,0.906853954489921,-0.13007536584073143,False
1,ddelta,WOWWOWWO,WOWWOWOO,3,4,-2.728092610736215,0.906853954489921,3.6349465652261364,True
1,ddelta,WOWWWWOO,WOWWOWOO,3,4,-0.0211034537018093,0.906853954489921,0.9279574081917303,True
1,ddelta,WWWWOWOO,WOWWOWOO,3,4,-0.4487608092325755,0.906853954489921,1.3556147637224965,True
1,ddelta,WOWWOWWW,WOWWOWOW,2,3,-1.0496676084823122,1.0369293203306524,2.0865969288129644,True
1,ddelta,WOWWWWOW,WOWWOWOW,2,3,0.8541037199675112,1.0369293203306524,0.18282560036314122,True
1,ddelta,WWWWOWOW,WOWWOWOW,2,3,0.9409358526715176,1.0369293203306524,0.09599346765913486,True
1,ddelta,WOWWOWWW,WOWWOWWO,2,3,-1.0496676084823122,-2.728092610736215,-1.678425002253903,False
1,ddelta,WOWWWWWO,WOWWOWWO,2,3,-0.2505328306042767,-2.728092610736215,-2.4775597801319384,False
1,ddelta,WWWWOWWO,WOWWOWWO,2,3,-5.329821271395819,-2.728092610736215,2.6017286606596035,True
1,ddelta,WOWWWWWW,WOWWOWWW,1,2,1.238939042277788,-1.0496676084823122,-2.2886066507601,False
1,ddelta,WWWWOWWW,WOWWOWWW,1,2,-1.087615748737118,-1.0496676084823122,0.03794814025480586,True
1,ddelta,WOWWWOOW,WOWWWOOO,3,4,0.7309450173976125,1.1940225437909535,0.463077526393341,True
1,ddelta,WOWWWOWO,WOWWWOOO,3,4,0.3695863227749542,1.1940225437909535,0.8244362210159993,True
1,ddelta,WOWWWWOO,WOWWWOOO,3,4,-0.0211034537018093,1.1940225437909535,1.2151259974927628,True
1,ddelta,WWWWWOOO,WOWWWOOO,3,4,0.9972934330845308,1.1940225437909535,0.19672911070642274,True
1,ddelta,WOWWWOWW,WOWWWOOW,2,3,-0.3818790753918778,0.7309450173976125,1.1128240927894903,True
1,ddelta,WOWWWWOW,WOWWWOOW,2,3,0.8541037199675112,0.7309450173976125,-0.12315870256989869,False
1,ddelta,WWWWWOOW,WOWWWOOW,2,3,-0.0606369469346363,0.7309450173976125,0.7915819643322488,True
1,ddelta,WOWWWOWW,WOWWWOWO,2,3,-0.3818790753918778,0.3695863227749542,0.751465398166832,True
1,ddelta,WOWWWWWO,WOWWWOWO,2,3,-0.2505328306042767,0.3695863227749542,0.620119153379231,True
1,ddelta,WWWWWOWO,WOWWWOWO,2,3,-0.5746722431497564,0.3695863227749542,0.9442585659247106,True
1,ddelta,WOWWWWWW,WOWWWOWW,1,2,1.238939042277788,-0.3818790753918778,-1.6208181176696659,False
1,ddelta,WWWWWOWW,WOWWWOWW,1,2,-1.0273762242729243,-0.3818790753918778,0.6454971488810465,True
1,ddelta,WOWWWWOW,WOWWWWOO,2,3,0.8541037199675112,-0.0211034537018093,-0.8752071736693205,False
1,ddelta,WOWWWWWO,WOWWWWOO,2,3,-0.2505328306042767,-0.0211034537018093,0.22942937690246742,True
1,ddelta,WWWWWWOO,WOWWWWOO,2,3,0.8982220279552671,-0.0211034537018093,-0.9193254816570764,False
1,ddelta,WOWWWWWW,WOWWWWOW,1,2,1.238939042277788,0.8541037199675112,-0.38483532231027673,False
1,ddelta,WWWWWWOW,WOWWWWOW,1,2,0.7426659489732474,0.8541037199675112,0.11143777099426377,True
1,ddelta,WOWWWWWW,WOWWWWWO,1,2,1.238939042277788,-0.2505328306042767,-1.4894718728820646,False
1,ddelta,WWWWWWWO,WOWWWWWO,1,2,-0.9445579342348038,-0.2505328306042767,0.6940251036305272,True
1,ddelta,WWWWWWWW,WOWWWWWW,0,1,0.2592622080110955,1.238939042277788,0.9796768342666924,True
1,ddelta,WWOOOOOW,WWOOOOOO,5,6,0.8499534391435548,-0.2959528833651051,-1.1459063225086599,False
1,ddelta,WWOOOOWO,WWOOOOOO,5,6,-1.3365709489923612,-0.2959528833651051,1.0406180656272561,True
1,ddelta,WWOOOWOO,WWOOOOOO,5,6,1.130498107251316,-0.2959528833651051,-1.426450990616421,False
1,ddelta,WWOOWOOO,WWOOOOOO,5,6,1.4093153893521784,-0.2959528833651051,-1.7052682727172834,False
1,ddelta,WWOWOOOO,WWOOOOOO,5,6,0.4539326419822193,-0.2959528833651051,-0.7498855253473244,False
1,ddelta,WWWOOOOO,WWOOOOOO,5,6,-0.1124073205607569,-0.2959528833651051,-0.1835455628043482,False
1,ddelta,WWOOOOWW,WWOOOOOW,4,5,-0.7748147424633962,0.8499534391435548,1.624768181606951,True
1,ddelta,WWOOOWOW,WWOOOOOW,4,5,-0.0004200054030543,0.8499534391435548,0.8503734445466091,True
1,ddelta,WWOOWOOW,WWOOOOOW,4,5,-0.2974357787777402,0.8499534391435548,1.147389217921295,True
1,ddelta,WWOWOOOW,WWOOOOOW,4,5,1.0826350552458417,0.8499534391435548,-0.23268161610228688,False
1,ddelta,WWWOOOOW,WWOOOOOW,4,5,0.8379960061948981,0.8499534391435548,0.011957432948656699,True
1,ddelta,WWOOOOWW,WWOOOOWO,4,5,-0.7748147424633962,-1.3365709489923612,-0.561756206528965,False
1,ddelta,WWOOOWWO,WWOOOOWO,4,5,-7.149398317559133,-1.3365709489923612,5.812827368566772,True
1,ddelta,WWOOWOWO,WWOOOOWO,4,5,-0.5773591389281192,-1.3365709489923612,-0.759211810064242,False
1,ddelta,WWOWOOWO,WWOOOOWO,4,5,-0.5999573572195562,-1.3365709489923612,-0.7366135917728049,False
1,ddelta,WWWOOOWO,WWOOOOWO,4,5,-2.879699784531533,-1.3365709489923612,1.543128835539172,True
1,ddelta,WWOOOWWW,WWOOOOWW,3,4,-3.864316972757355,-0.7748147424633962,3.089502230293959,True
1,ddelta,WWOOWOWW,WWOOOOWW,3,4,-1.0082340402931274,-0.7748147424633962,0.23341929782973114,True
1,ddelta,WWOWOOWW,WWOOOOWW,3,4,-0.6669759629113678,-0.7748147424633962,-0.10783877955202836,False
1,ddelta,WWWOOOWW,WWOOOOWW,3,4,-2.8640063317977544,-0.7748147424633962,2.0891915893343582,True
1,ddelta,WWOOOWOW,WWOOOWOO,4,5,-0.0004200054030543,1.130498107251316,1.1309181126543704,True
1,ddelta,WWOOOWWO,WWOOOWOO,4,5,-7.149398317559133,1.130498107251316,8.279896424810449,True
1,ddelta,WWOOWWOO,WWOOOWOO,4,5,0.630462574848418,1.130498107251316,0.5000355324028981,True
1,ddelta,WWOWOWOO,WWOOOWOO,4,5,-0.8177242644021276,1.130498107251316,1.9482223716534437,True
1,ddelta,WWWOOWOO,WWOOOWOO,4,5,-1.1577355376906384,1.130498107251316,2.2882336449419545,True
1,ddelta,WWOOOWWW,WWOOOWOW,3,4,-3.864316972757355,-0.0004200054030543,3.863896967354301,True
1,ddelta,WWOOWWOW,WWOOOWOW,3,4,0.1272454044741914,-0.0004200054030543,-0.1276654098772457,False
1,ddelta,WWOWOWOW,WWOOOWOW,3,4,0.3127818115096052,-0.0004200054030543,-0.3132018169126595,False
1,ddelta,WWWOOWOW,WWOOOWOW,3,4,0.9094355878491284,-0.0004200054030543,-0.9098555932521827,False
1,ddelta,WWOOOWWW,WWOOOWWO,3,4,-3.864316972757355,-7.149398317559133,-3.285081344801778,False
1,ddelta,WWOOWWWO,WWOOOWWO,3,4,-2.814924822539176,-7.149398317559133,-4.3344734950199575,False
1,ddelta,WWOWOWWO,WWOOOWWO,3,4,-2.6165513411268178,-7.149398317559133,-4.532846976432316,False
1,ddelta,WWWOOWWO,WWOOOWWO,3,4,-5.515051455417682,-7.149398317559133,-1.6343468621414514,False
1,ddelta,WWOOWWWW,WWOOOWWW,2,3,1.0007266265871746,-3.864316972757355,-4.86504359934453,False
1,ddelta,WWOWOWWW,WWOOOWWW,2,3,0.1473612955318213,-3.864316972757355,-4.0116782682891765,False
1,ddelta,WWWOOWWW,WWOOOWWW,2,3,-4.700530765920324,-3.864316972757355,0.836213793162969,True
1,ddelta,WWOOWOOW,WWOOWOOO,4,5,-0.2974357787777402,1.4093153893521784,1.7067511681299186,True
1,ddelta,WWOOWOWO,WWOOWOOO,4,5,-0.5773591389281192,1.4093153893521784,1.9866745282802976,True
1,ddelta,WWOOWWOO,WWOOWOOO,4,5,0.630462574848418,1.4093153893521784,0.7788528145037604,True
1,ddelta,WWOWWOOO,WWOOWOOO,4,5,0.9514307718341756,1.4093153893521784,0.4578846175180028,True
1,ddelta,WWWOWOOO,WWOOWOOO,4,5,2.392247785377773,1.4093153893521784,-0.9829323960255945,False
1,ddelta,WWOOWOWW,WWOOWOOW,3,4,-1.0082340402931274,-0.2974357787777402,0.7107982615153872,True
1,ddelta,WWOOWWOW,WWOOWOOW,3,4,0.1272454044741914,-0.2974357787777402,-0.4246811832519316,False
1,ddelta,WWOWWOOW,WWOOWOOW,3,4,-1.723912354222156,-0.2974357787777402,1.4264765754444158,True
1,ddelta,WWWOWOOW,WWOOWOOW,3,4,0.8429664599156617,-0.2974357787777402,-1.1404022386934018,False
1,ddelta,WWOOWOWW,WWOOWOWO,3,4,-1.0082340402931274,-0.5773591389281192,0.43087490136500817,True
1,ddelta,WWOOWWWO,WWOOWOWO,3,4,-2.814924822539176,-0.5773591389281192,2.2375656836110567,True
1,ddelta,WWOWWOWO,WWOOWOWO,3,4,-0.7154811648313519,-0.5773591389281192,0.13812202590323275,True
1,ddelta,WWWOWOWO,WWOOWOWO,3,4,-0.7721479766513473,-0.5773591389281192,0.19478883772322808,True
1,ddelta,WWOOWWWW,WWOOWOWW,2,3,1.0007266265871746,-1.0082340402931274,-2.008960666880302,False
1,ddelta,WWOWWOWW,WWOOWOWW,2,3,-1.7808581738457754,-1.0082340402931274,0.772624133552648,True
1,ddelta,WWWOWOWW,WWOOWOWW,2,3,-2.247307786093552,-1.0082340402931274,1.2390737458004248,True
1,ddelta,WWOOWWOW,WWOOWWOO,3,4,0.1272454044741914,0.630462574848418,0.5032171703742265,True
1,ddelta,WWOOWWWO,WWOOWWOO,3,4,-2.814924822539176,0.630462574848418,3.4453873973875937,True
1,ddelta,WWOWWWOO,WWOOWWOO,3,4,-0.3896331132091998,0.630462574848418,1.0200956880576177,True
1,ddelta,WWWOWWOO,WWOOWWOO,3,4,1.3295707825929488,0.630462574848418,-0.6991082077445309,False
1,ddelta,WWOOWWWW,WWOOWWOW,2,3,1.0007266265871746,0.1272454044741914,-0.8734812221129832,False
1,ddelta,WWOWWWOW,WWOOWWOW,2,3,-0.5535318585749873,0.1272454044741914,0.6807772630491787,True
1,ddelta,WWWOWWOW,WWOOWWOW,2,3,-0.5484837546641959,0.1272454044741914,0.6757291591383873,True
1,ddelta,WWOOWWWW,WWOOWWWO,2,3,1.0007266265871746,-2.814924822539176,-3.8156514491263502,False
1,ddelta,WWOWWWWO,WWOOWWWO,2,3,-0.253624760940657,-2.814924822539176,-2.561300061598519,False
1,ddelta,WWWOWWWO,WWOOWWWO,2,3,-0.369845108415086,-2.814924822539176,-2.44507971412409,False
1,ddelta,WWOWWWWW,WWOOWWWW,1,2,-0.868673660828471,1.0007266265871746,1.8694002874156457,True
1,ddelta,WWWOWWWW,WWOOWWWW,1,2,-0.645593568255532,1.0007266265871746,1.6463201948427066,True
1,ddelta,WWOWOOOW,WWOWOOOO,4,5,1.0826350552458417,0.4539326419822193,-0.6287024132636224,False
1,ddelta,WWOWOOWO,WWOWOOOO,4,5,-0.5999573572195562,0.4539326419822193,1.0538899992017754,True
1,ddelta,WWOWOWOO,WWOWOOOO,4,5,-0.8177242644021276,0.4539326419822193,1.2716569063843468,True
1,ddelta,WWOWWOOO,WWOWOOOO,4,5,0.9514307718341756,0.4539326419822193,-0.4974981298519563,False
1,ddelta,WWWWOOOO,WWOWOOOO,4,5,-2.1477114091538576,0.4539326419822193,2.601644051136077,True
1,ddelta,WWOWOOWW,WWOWOOOW,3,4,-0.6669759629113678,1.0826350552458417,1.7496110181572095,True
1,ddelta,WWOWOWOW,WWOWOOOW,3,4,0.3127818115096052,1.0826350552458417,0.7698532437362364,True
1,ddelta,WWOWWOOW,WWOWOOOW,3,4,-1.723912354222156,1.0826350552458417,2.8065474094679974,True
1,ddelta,WWWWOOOW,WWOWOOOW,3,4,0.0929282530324871,1.0826350552458417,0.9897068022133546,True
1,ddelta,WWOWOOWW,WWOWOOWO,3,4,-0.6669759629113678,-0.5999573572195562,0.06701860569181162,True
1,ddelta,WWOWOWWO,WWOWOOWO,3,4,-2.6165513411268178,-0.5999573572195562,2.0165939839072617,True
1,ddelta,WWOWWOWO,WWOWOOWO,3,4,-0.7154811648313519,-0.5999573572195562,0.1155238076117957,True
1,ddelta,WWWWOOWO,WWOWOOWO,3,4,-0.1395960570026954,-0.5999573572195562,-0.46036130021686084,False
1,ddelta,WWOWOWWW,WWOWOOWW,2,3,0.1473612955318213,-0.6669759629113678,-0.8143372584431892,False
1,ddelta,WWOWWOWW,WWOWOOWW,2,3,-1.7808581738457754,-0.6669759629113678,1.1138822109344075,True
1,ddelta,WWWWOOWW,WWOWOOWW,2,3,-0.5832471349042575,-0.6669759629113678,-0.08372882800711035,False
1,ddelta,WWOWOWOW,WWOWOWOO,3,4,0.3127818115096052,-0.8177242644021276,-1.130506075911733,False
1,ddelta,WWOWOWWO,WWOWOWOO,3,4,-2.6165513411268178,-0.8177242644021276,1.79882707672469,True
1,ddelta,WWOWWWOO,WWOWOWOO,3,4,-0.3896331132091998,-0.8177242644021276,-0.42809115119292784,False
1,ddelta,WWWWOWOO,WWOWOWOO,3,4,-0.4487608092325755,-0.8177242644021276,-0.36896345516955215,False
1,ddelta,WWOWOWWW,WWOWOWOW,2,3,0.1473612955318213,0.3127818115096052,0.1654205159777839,True
1,ddelta,WWOWWWOW,WWOWOWOW,2,3,-0.5535318585749873,0.3127818115096052,0.8663136700845926,True
1,ddelta,WWWWOWOW,WWOWOWOW,2,3,0.9409358526715176,0.3127818115096052,-0.6281540411619124,False
1,ddelta,WWOWOWWW,WWOWOWWO,2,3,0.1473612955318213,-2.6165513411268178,-2.763912636658639,False
1,ddelta,WWOWWWWO,WWOWOWWO,2,3,-0.253624760940657,-2.6165513411268178,-2.3629265801861608,False
1,ddelta,WWWWOWWO,WWOWOWWO,2,3,-5.329821271395819,-2.6165513411268178,2.713269930269001,True
1,ddelta,WWOWWWWW,WWOWOWWW,1,2,-0.868673660828471,0.1473612955318213,1.0160349563602922,True
1,ddelta,WWWWOWWW,WWOWOWWW,1,2,-1.087615748737118,0.1473612955318213,1.2349770442689394,True
1,ddelta,WWOWWOOW,WWOWWOOO,3,4,-1.723912354222156,0.9514307718341756,2.6753431260563314,True
1,ddelta,WWOWWOWO,WWOWWOOO,3,4,-0.7154811648313519,0.9514307718341756,1.6669119366655276,True
1,ddelta,WWOWWWOO,WWOWWOOO,3,4,-0.3896331132091998,0.9514307718341756,1.3410638850433754,True
1,ddelta,WWWWWOOO,WWOWWOOO,3,4,0.9972934330845308,0.9514307718341756,-0.04586266125035521,False
1,ddelta,WWOWWOWW,WWOWWOOW,2,3,-1.7808581738457754,-1.723912354222156,0.05694581962361944,True
1,ddelta,WWOWWWOW,WWOWWOOW,2,3,-0.5535318585749873,-1.723912354222156,-1.1703804956471686,False
1,ddelta,WWWWWOOW,WWOWWOOW,2,3,-0.0606369469346363,-1.723912354222156,-1.6632754072875195,False
1,ddelta,WWOWWOWW,WWOWWOWO,2,3,-1.7808581738457754,-0.7154811648313519,1.0653770090144234,True
1,ddelta,WWOWWWWO,WWOWWOWO,2,3,-0.253624760940657,-0.7154811648313519,-0.46185640389069493,False
1,ddelta,WWWWWOWO,WWOWWOWO,2,3,-0.5746722431497564,-0.7154811648313519,-0.14080892168159553,False
1,ddelta,WWOWWWWW,WWOWWOWW,1,2,-0.868673660828471,-1.7808581738457754,-0.9121845130173044,False
1,ddelta,WWWWWOWW,WWOWWOWW,1,2,-1.0273762242729243,-1.7808581738457754,-0.7534819495728511,False
1,ddelta,WWOWWWOW,WWOWWWOO,2,3,-0.5535318585749873,-0.3896331132091998,0.16389874536578752,True
1,ddelta,WWOWWWWO,WWOWWWOO,2,3,-0.253624760940657,-0.3896331132091998,-0.1360083522685428,False
1,ddelta,WWWWWWOO,WWOWWWOO,2,3,0.8982220279552671,-0.3896331132091998,-1.2878551411644668,False
1,ddelta,WWOWWWWW,WWOWWWOW,1,2,-0.868673660828471,-0.5535318585749873,0.31514180225348365,True
1,ddelta,WWWWWWOW,WWOWWWOW,1,2,0.7426659489732474,-0.5535318585749873,-1.2961978075482348,False
1,ddelta,WWOWWWWW,WWOWWWWO,1,2,-0.868673660828471,-0.253624760940657,0.615048899887814,True
1,ddelta,WWWWWWWO,WWOWWWWO,1,2,-0.9445579342348038,-0.253624760940657,0.6909331732941468,True
1,ddelta,WWWWWWWW,WWOWWWWW,0,1,0.2592622080110955,-0.868673660828471,-1.1279358688395664,False
1,ddelta,WWWOOOOW,WWWOOOOO,4,5,0.8379960061948981,-0.1124073205607569,-0.950403326755655,False
1,ddelta,WWWOOOWO,WWWOOOOO,4,5,-2.879699784531533,-0.1124073205607569,2.7672924639707763,True
1,ddelta,WWWOOWOO,WWWOOOOO,4,5,-1.1577355376906384,-0.1124073205607569,1.0453282171298814,True
1,ddelta,WWWOWOOO,WWWOOOOO,4,5,2.392247785377773,-0.1124073205607569,-2.5046551059385296,False
1,ddelta,WWWWOOOO,WWWOOOOO,4,5,-2.1477114091538576,-0.1124073205607569,2.035304088593101,True
1,ddelta,WWWOOOWW,WWWOOOOW,3,4,-2.8640063317977544,0.8379960061948981,3.7020023379926528,True
1,ddelta,WWWOOWOW,WWWOOOOW,3,4,0.9094355878491284,0.8379960061948981,-0.07143958165423026,False
1,ddelta,WWWOWOOW,WWWOOOOW,3,4,0.8429664599156617,0.8379960061948981,-0.004970453720763546,False
1,ddelta,WWWWOOOW,WWWOOOOW,3,4,0.0929282530324871,0.8379960061948981,0.745067753162411,True
1,ddelta,WWWOOOWW,WWWOOOWO,3,4,-2.8640063317977544,-2.879699784531533,-0.015693452733778646,False
1,ddelta,WWWOOWWO,WWWOOOWO,3,4,-5.515051455417682,-2.879699784531533,2.635351670886149,True
1,ddelta,WWWOWOWO,WWWOOOWO,3,4,-0.7721479766513473,-2.879699784531533,-2.107551807880186,False
1,ddelta,WWWWOOWO,WWWOOOWO,3,4,-0.1395960570026954,-2.879699784531533,-2.7401037275288376,False
1,ddelta,WWWOOWWW,WWWOOOWW,2,3,-4.700530765920324,-2.8640063317977544,1.8365244341225697,True
1,ddelta,WWWOWOWW,WWWOOOWW,2,3,-2.247307786093552,-2.8640063317977544,-0.6166985457042022,False
1,ddelta,WWWWOOWW,WWWOOOWW,2,3,-0.5832471349042575,-2.8640063317977544,-2.280759196893497,False
1,ddelta,WWWOOWOW,WWWOOWOO,3,4,0.9094355878491284,-1.1577355376906384,-2.0671711255397667,False
1,ddelta,WWWOOWWO,WWWOOWOO,3,4,-5.515051455417682,-1.1577355376906384,4.3573159177270435,True
1,ddelta,WWWOWWOO,WWWOOWOO,3,4,1.3295707825929488,-1.1577355376906384,-2.4873063202835874,False
1,ddelta,WWWWOWOO,WWWOOWOO,3,4,-0.4487608092325755,-1.1577355376906384,-0.708974728458063,False
1,ddelta,WWWOOWWW,WWWOOWOW,2,3,-4.700530765920324,0.9094355878491284,5.609966353769453,True
1,ddelta,WWWOWWOW,WWWOOWOW,2,3,-0.5484837546641959,0.9094355878491284,1.4579193425133243,True
1,ddelta,WWWWOWOW,WWWOOWOW,2,3,0.9409358526715176,0.9094355878491284,-0.03150026482238921,False
1,ddelta,WWWOOWWW,WWWOOWWO,2,3,-4.700530765920324,-5.515051455417682,-0.8145206894973578,False
1,ddelta,WWWOWWWO,WWWOOWWO,2,3,-0.369845108415086,-5.515051455417682,-5.1452063470025955,False
1,ddelta,WWWWOWWO,WWWOOWWO,2,3,-5.329821271395819,-5.515051455417682,-0.1852301840218633,False
1,ddelta,WWWOWWWW,WWWOOWWW,1,2,-0.645593568255532,-4.700530765920324,-4.054937197664792,False
1,ddelta,WWWWOWWW,WWWOOWWW,1,2,-1.087615748737118,-4.700530765920324,-3.612915017183206,False
1,ddelta,WWWOWOOW,WWWOWOOO,3,4,0.8429664599156617,2.392247785377773,1.5492813254621112,True
1,ddelta,WWWOWOWO,WWWOWOOO,3,4,-0.7721479766513473,2.392247785377773,3.16439576202912,True
1,ddelta,WWWOWWOO,WWWOWOOO,3,4,1.3295707825929488,2.392247785377773,1.062677002784824,True
1,ddelta,WWWWWOOO,WWWOWOOO,3,4,0.9972934330845308,2.392247785377773,1.394954352293242,True
1,ddelta,WWWOWOWW,WWWOWOOW,2,3,-2.247307786093552,0.8429664599156617,3.090274246009214,True
1,ddelta,WWWOWWOW,WWWOWOOW,2,3,-0.5484837546641959,0.8429664599156617,1.3914502145798575,True
1,ddelta,WWWWWOOW,WWWOWOOW,2,3,-0.0606369469346363,0.8429664599156617,0.9036034068502979,True
1,ddelta,WWWOWOWW,WWWOWOWO,2,3,-2.247307786093552,-0.7721479766513473,1.475159809442205,True
1,ddelta,WWWOWWWO,WWWOWOWO,2,3,-0.369845108415086,-0.7721479766513473,-0.40230286823626127,False
1,ddelta,WWWWWOWO,WWWOWOWO,2,3,-0.5746722431497564,-0.7721479766513473,-0.19747573350159087,False
1,ddelta,WWWOWWWW,WWWOWOWW,1,2,-0.645593568255532,-2.247307786093552,-1.6017142178380201,False
1,ddelta,WWWWWOWW,WWWOWOWW,1,2,-1.0273762242729243,-2.247307786093552,-1.219931561820628,False
1,ddelta,WWWOWWOW,WWWOWWOO,2,3,-0.5484837546641959,1.3295707825929488,1.8780545372571447,True
1,ddelta,WWWOWWWO,WWWOWWOO,2,3,-0.369845108415086,1.3295707825929488,1.6994158910080348,True
1,ddelta,WWWWWWOO,WWWOWWOO,2,3,0.8982220279552671,1.3295707825929488,0.43134875463768174,True
1,ddelta,WWWOWWWW,WWWOWWOW,1,2,-0.645593568255532,-0.5484837546641959,0.09710981359133619,True
1,ddelta,WWWWWWOW,WWWOWWOW,1,2,0.7426659489732474,-0.5484837546641959,-1.2911497036374433,False
1,ddelta,WWWOWWWW,WWWOWWWO,1,2,-0.645593568255532,-0.369845108415086,0.27574845984044605,True
1,ddelta,WWWWWWWO,WWWOWWWO,1,2,-0.9445579342348038,-0.369845108415086,0.5747128258197178,True
1,ddelta,WWWWWWWW,WWWOWWWW,0,1,0.2592622080110955,-0.645593568255532,-0.9048557762666276,False
1,ddelta,WWWWOOOW,WWWWOOOO,3,4,0.0929282530324871,-2.1477114091538576,-2.2406396621863447,False
1,ddelta,WWWWOOWO,WWWWOOOO,3,4,-0.1395960570026954,-2.1477114091538576,-2.008115352151162,False
1,ddelta,WWWWOWOO,WWWWOOOO,3,4,-0.4487608092325755,-2.1477114091538576,-1.6989505999212822,False
1,ddelta,WWWWWOOO,WWWWOOOO,3,4,0.9972934330845308,-2.1477114091538576,-3.1450048422383885,False
1,ddelta,WWWWOOWW,WWWWOOOW,2,3,-0.5832471349042575,0.0929282530324871,0.6761753879367446,True
1,ddelta,WWWWOWOW,WWWWOOOW,2,3,0.9409358526715176,0.0929282530324871,-0.8480075996390305,False
1,ddelta,WWWWWOOW,WWWWOOOW,2,3,-0.0606369469346363,0.0929282530324871,0.1535651999671234,True
1,ddelta,WWWWOOWW,WWWWOOWO,2,3,-0.5832471349042575,-0.1395960570026954,0.4436510779015621,True
1,ddelta,WWWWOWWO,WWWWOOWO,2,3,-5.329821271395819,-0.1395960570026954,5.190225214393124,True
1,ddelta,WWWWWOWO,WWWWOOWO,2,3,-0.5746722431497564,-0.1395960570026954,0.435076186147061,True
1,ddelta,WWWWOWWW,WWWWOOWW,1,2,-1.087615748737118,-0.5832471349042575,0.5043686138328606,True
1,ddelta,WWWWWOWW,WWWWOOWW,1,2,-1.0273762242729243,-0.5832471349042575,0.4441290893686668,True
1,ddelta,WWWWOWOW,WWWWOWOO,2,3,0.9409358526715176,-0.4487608092325755,-1.3896966619040931,False
1,ddelta,WWWWOWWO,WWWWOWOO,2,3,-5.329821271395819,-0.4487608092325755,4.881060462163243,True
1,ddelta,WWWWWWOO,WWWWOWOO,2,3,0.8982220279552671,-0.4487608092325755,-1.3469828371878425,False
1,ddelta,WWWWOWWW,WWWWOWOW,1,2,-1.087615748737118,0.9409358526715176,2.0285516014086356,True
1,ddelta,WWWWWWOW,WWWWOWOW,1,2,0.7426659489732474,0.9409358526715176,0.19826990369827013,True
1,ddelta,WWWWOWWW,WWWWOWWO,1,2,-1.087615748737118,-5.329821271395819,-4.2422055226587005,False
1,ddelta,WWWWWWWO,WWWWOWWO,1,2,-0.9445579342348038,-5.329821271395819,-4.385263337161015,False
1,ddelta,WWWWWWWW,WWWWOWWW,0,1,0.2592622080110955,-1.087615748737118,-1.3468779567482136,False
1,ddelta,WWWWWOOW,WWWWWOOO,2,3,-0.0606369469346363,0.9972934330845308,1.057930380019167,True
1,ddelta,WWWWWOWO,WWWWWOOO,2,3,-0.5746722431497564,0.9972934330845308,1.5719656762342873,True
1,ddelta,WWWWWWOO,WWWWWOOO,2,3,0.8982220279552671,0.9972934330845308,0.09907140512926371,True
1,ddelta,WWWWWOWW,WWWWWOOW,1,2,-1.0273762242729243,-0.0606369469346363,0.966739277338288,True
1,ddelta,WWWWWWOW,WWWWWOOW,1,2,0.7426659489732474,-0.0606369469346363,-0.8033028959078837,False
1,ddelta,WWWWWOWW,WWWWWOWO,1,2,-1.0273762242729243,-0.5746722431497564,0.4527039811231679,True
1,ddelta,WWWWWWWO,WWWWWOWO,1,2,-0.9445579342348038,-0.5746722431497564,0.36988569108504743,True
1,ddelta,WWWWWWWW,WWWWWOWW,0,1,0.2592622080110955,-1.0273762242729243,-1.2866384322840199,False
1,ddelta,WWWWWWOW,WWWWWWOO,1,2,0.7426659489732474,0.8982220279552671,0.15555607898201962,True
1,ddelta,WWWWWWWO,WWWWWWOO,1,2,-0.9445579342348038,0.8982220279552671,1.842779962190071,True
1,ddelta,WWWWWWWW,WWWWWWOW,0,1,0.2592622080110955,0.7426659489732474,0.48340374096215194,True
1,ddelta,WWWWWWWW,WWWWWWWO,0,1,0.2592622080110955,-0.9445579342348038,-1.2038201422458994,False
2,ddelta,OOOOOOOW,OOOOOOOO,7,8,1.248761588056295,1.030555194897054,-0.21820639315924106,False
2,ddelta,OOOOOOWO,OOOOOOOO,7,8,-0.1281430158746352,1.030555194897054,1.1586982107716892,True
2,ddelta,OOOOOWOO,OOOOOOOO,7,8,0.9383525064526358,1.030555194897054,0.09220268844441815,True
2,ddelta,OOOOWOOO,OOOOOOOO,7,8,2.7031057479167817,1.030555194897054,-1.6725505530197278,False
2,ddelta,OOOWOOOO,OOOOOOOO,7,8,0.1323667589783014,1.030555194897054,0.8981884359187525,True
2,ddelta,OOWOOOOO,OOOOOOOO,7,8,1.873950802882528,1.030555194897054,-0.8433956079854741,False
2,ddelta,OWOOOOOO,OOOOOOOO,7,8,2.0543622106443507,1.030555194897054,-1.0238070157472967,False
2,ddelta,WOOOOOOO,OOOOOOOO,7,8,0.3897361868526794,1.030555194897054,0.6408190080443745,True
2,ddelta,OOOOOOWW,OOOOOOOW,6,7,-3.2445343192407643,1.248761588056295,4.4932959072970595,True
2,ddelta,OOOOOWOW,OOOOOOOW,6,7,1.1068743044796117,1.248761588056295,0.14188728357668334,True
2,ddelta,OOOOWOOW,OOOOOOOW,6,7,0.6277997939396653,1.248761588056295,0.6209617941166297,True
2,ddelta,OOOWOOOW,OOOOOOOW,6,7,0.2849503084793224,1.248761588056295,0.9638112795769727,True
2,ddelta,OOWOOOOW,OOOOOOOW,6,7,0.3646277093045477,1.248761588056295,0.8841338787517473,True
2,ddelta,OWOOOOOW,OOOOOOOW,6,7,0.2595325749633747,1.248761588056295,0.9892290130929203,True
2,ddelta,WOOOOOOW,OOOOOOOW,6,7,-0.8846961116824353,1.248761588056295,2.1334576997387305,True
2,ddelta,OOOOOOWW,OOOOOOWO,6,7,-3.2445343192407643,-0.1281430158746352,3.1163913033661292,True
2,ddelta,OOOOOWWO,OOOOOOWO,6,7,-3.2588651876283925,-0.1281430158746352,3.1307221717537574,True
2,ddelta,OOOOWOWO,OOOOOOWO,6,7,0.1076765763653592,-0.1281430158746352,-0.23581959223999438,False
2,ddelta,OOOWOOWO,OOOOOOWO,6,7,-1.414471974395806,-0.1281430158746352,1.2863289585211708,True
2,ddelta,OOWOOOWO,OOOOOOWO,6,7,0.1050961722920189,-0.1281430158746352,-0.2332391881666541,False
2,ddelta,OWOOOOWO,OOOOOOWO,6,7,-1.8482341613686104,-0.1281430158746352,1.7200911454939751,True
2,ddelta,WOOOOOWO,OOOOOOWO,6,7,-2.282910668265619,-0.1281430158746352,2.154767652390984,True
2,ddelta,OOOOOWWW,OOOOOOWW,5,6,-2.5884332652810644,-3.2445343192407643,-0.6561010539596999,False
2,ddelta,OOOOWOWW,OOOOOOWW,5,6,-1.817259091434483,-3.2445343192407643,-1.4272752278062812,False
2,ddelta,OOOWOOWW,OOOOOOWW,5,6,-1.2451693795619705,-3.2445343192407643,-1.9993649396787938,False
2,ddelta,OOWOOOWW,OOOOOOWW,5,6,-1.3099304916610843,-3.2445343192407643,-1.93460382757968,False
2,ddelta,OWOOOOWW,OOOOOOWW,5,6,-2.026009429949352,-3.2445343192407643,-1.2185248892914124,False
2,ddelta,WOOOOOWW,OOOOOOWW,5,6,-5.752873551230126,-3.2445343192407643,2.5083392319893614,True
2,ddelta,OOOOOWOW,OOOOOWOO,6,7,1.1068743044796117,0.9383525064526358,-0.16852179802697587,False
2,ddelta,OOOOOWWO,OOOOOWOO,6,7,-3.2588651876283925,0.9383525064526358,4.197217694081028,True
2,ddelta,OOOOWWOO,OOOOOWOO,6,7,0.0782293892793168,0.9383525064526358,0.860123117173319,True
2,ddelta,OOOWOWOO,OOOOOWOO,6,7,0.5920874462422593,0.9383525064526358,0.3462650602103765,True
2,ddelta,OOWOOWOO,OOOOOWOO,6,7,1.499334019669668,0.9383525064526358,-0.5609815132170323,False
2,ddelta,OWOOOWOO,OOOOOWOO,6,7,0.0724278078995129,0.9383525064526358,0.8659246985531229,True
2,ddelta,WOOOOWOO,OOOOOWOO,6,7,-0.635881860404111,0.9383525064526358,1.574234366856747,True
2,ddelta,OOOOOWWW,OOOOOWOW,5,6,-2.5884332652810644,1.1068743044796117,3.695307569760676,True
2,ddelta,OOOOWWOW,OOOOOWOW,5,6,-0.6486876867494141,1.1068743044796117,1.7555619912290257,True
2,ddelta,OOOWOWOW,OOOOOWOW,5,6,0.8764293918835322,1.1068743044796117,0.23044491259607947,True
2,ddelta,OOWOOWOW,OOOOOWOW,5,6,1.4888987522352344,1.1068743044796117,-0.3820244477556227,False
2,ddelta,OWOOOWOW,OOOOOWOW,5,6,0.5834118491340154,1.1068743044796117,0.5234624553455962,True
2,ddelta,WOOOOWOW,OOOOOWOW,5,6,-0.3474914176130715,1.1068743044796117,1.454365722092683,True
2,ddelta,OOOOOWWW,OOOOOWWO,5,6,-2.5884332652810644,-3.2588651876283925,-0.6704319223473281,False
2,ddelta,OOOOWWWO,OOOOOWWO,5,6,-0.948157478744246,-3.2588651876283925,-2.3107077088841463,False
2,ddelta,OOOWOWWO,OOOOOWWO,5,6,-3.899276987470862,-3.2588651876283925,0.6404117998424694,True
2,ddelta,OOWOOWWO,OOOOOWWO,5,6,-2.11465071522002,-3.2588651876283925,-1.1442144724083727,False
2,ddelta,OWOOOWWO,OOOOOWWO,5,6,-5.510102740302887,-3.2588651876283925,2.2512375526744948,True
2,ddelta,WOOOOWWO,OOOOOWWO,5,6,-4.88970179219472,-3.2588651876283925,1.6308366045663276,True
2,ddelta,OOOOWWWW,OOOOOWWW,4,5,-0.0868885289153199,-2.5884332652810644,-2.5015447363657444,False
2,ddelta,OOOWOWWW,OOOOOWWW,4,5,-0.6111797619916342,-2.5884332652810644,-1.9772535032894303,False
2,ddelta,OOWOOWWW,OOOOOWWW,4,5,-2.6648932062394253,-2.5884332652810644,0.07645994095836084,True
2,ddelta,OWOOOWWW,OOOOOWWW,4,5,-1.4927802198194395,-2.5884332652810644,-1.095653045461625,False
2,ddelta,WOOOOWWW,OOOOOWWW,4,5,-2.65817772281027,-2.5884332652810644,0.06974445752920566,True
2,ddelta,OOOOWOOW,OOOOWOOO,6,7,0.6277997939396653,2.7031057479167817,2.075305953977116,True
2,ddelta,OOOOWOWO,OOOOWOOO,6,7,0.1076765763653592,2.7031057479167817,2.5954291715514226,True
2,ddelta,OOOOWWOO,OOOOWOOO,6,7,0.0782293892793168,2.7031057479167817,2.624876358637465,True
2,ddelta,OOOWWOOO,OOOOWOOO,6,7,0.1339549836390904,2.7031057479167817,2.5691507642776914,True
2,ddelta,OOWOWOOO,OOOOWOOO,6,7,1.4521501625540698,2.7031057479167817,1.250955585362712,True
2,ddelta,OWOOWOOO,OOOOWOOO,6,7,1.0774782209831395,2.7031057479167817,1.6256275269336422,True
2,ddelta,WOOOWOOO,OOOOWOOO,6,7,1.4516196177933849,2.7031057479167817,1.2514861301233968,True
2,ddelta,OOOOWOWW,OOOOWOOW,5,6,-1.817259091434483,0.6277997939396653,2.4450588853741486,True
2,ddelta,OOOOWWOW,OOOOWOOW,5,6,-0.6486876867494141,0.6277997939396653,1.2764874806890796,True
2,ddelta,OOOWWOOW,OOOOWOOW,5,6,0.2678439523354415,0.6277997939396653,0.35995584160422384,True
2,ddelta,OOWOWOOW,OOOOWOOW,5,6,1.4980613416944697,0.6277997939396653,-0.8702615477548044,False
2,ddelta,OWOOWOOW,OOOOWOOW,5,6,0.0031574044063997,0.6277997939396653,0.6246423895332657,True
2,ddelta,WOOOWOOW,OOOOWOOW,5,6,-0.3971340787221219,0.6277997939396653,1.0249338726617871,True
2,ddelta,OOOOWOWW,OOOOWOWO,5,6,-1.817259091434483,0.1076765763653592,1.9249356677998422,True
2,ddelta,OOOOWWWO,OOOOWOWO,5,6,-0.948157478744246,0.1076765763653592,1.0558340551096053,True
2,ddelta,OOOWWOWO,OOOOWOWO,5,6,-0.3644101924604959,0.1076765763653592,0.4720867688258551,True
2,ddelta,OOWOWOWO,OOOOWOWO,5,6,0.4355608087754014,0.1076765763653592,-0.32788423241004216,False
2,ddelta,OWOOWOWO,OOOOWOWO,5,6,-0.4510386511667728,0.1076765763653592,0.558715227532132,True
2,ddelta,WOOOWOWO,OOOOWOWO,5,6,-1.21155337793826,0.1076765763653592,1.319229954303619,True
2,ddelta,OOOOWWWW,OOOOWOWW,4,5,-0.0868885289153199,-1.817259091434483,-1.7303705625191632,False
2,ddelta,OOOWWOWW,OOOOWOWW,4,5,-2.4051699075147304,-1.817259091434483,0.5879108160802473,True
2,ddelta,OOWOWOWW,OOOOWOWW,4,5,-1.2322948197214445,-1.817259091434483,-0.5849642717130386,False
2,ddelta,OWOOWOWW,OOOOWOWW,4,5,-1.9089012920146664,-1.817259091434483,0.09164220058018335,True
2,ddelta,WOOOWOWW,OOOOWOWW,4,5,-3.0229950787661415,-1.817259091434483,1.2057359873316584,True
2,ddelta,OOOOWWOW,OOOOWWOO,5,6,-0.6486876867494141,0.0782293892793168,0.7269170760287309,True
2,ddelta,OOOOWWWO,OOOOWWOO,5,6,-0.948157478744246,0.0782293892793168,1.0263868680235628,True
2,ddelta,OOOWWWOO,OOOOWWOO,5,6,0.2388095612487101,0.0782293892793168,-0.1605801719693933,False
2,ddelta,OOWOWWOO,OOOOWWOO,5,6,1.1797631298686786,0.0782293892793168,-1.1015337405893617,False
2,ddelta,OWOOWWOO,OOOOWWOO,5,6,0.2582929360091313,0.0782293892793168,-0.18006354672981448,False
2,ddelta,WOOOWWOO,OOOOWWOO,5,6,0.4532396301125267,0.0782293892793168,-0.3750102408332099,False
2,ddelta,OOOOWWWW,OOOOWWOW,4,5,-0.0868885289153199,-0.6486876867494141,-0.5617991578340942,False
2,ddelta,OOOWWWOW,OOOOWWOW,4,5,-0.463389096418945,-0.6486876867494141,-0.18529859033046914,False
2,ddelta,OOWOWWOW,OOOOWWOW,4,5,0.5501575237628377,-0.6486876867494141,-1.1988452105122518,False
2,ddelta,OWOOWWOW,OOOOWWOW,4,5,0.1015001953213807,-0.6486876867494141,-0.7501878820707948,False
2,ddelta,WOOOWWOW,OOOOWWOW,4,5,1.070053110915445,-0.6486876867494141,-1.718740797664859,False
2,ddelta,OOOOWWWW,OOOOWWWO,4,5,-0.0868885289153199,-0.948157478744246,-0.8612689498289261,False
2,ddelta,OOOWWWWO,OOOOWWWO,4,5,-1.883696542411454,-0.948157478744246,0.935539063667208,True
2,ddelta,OOWOWWWO,OOOOWWWO,4,5,-0.4915156363011014,-0.948157478744246,-0.45664184244314465,False
2,ddelta,OWOOWWWO,OOOOWWWO,4,5,-1.1682377304860152,-0.948157478744246,0.22008025174176915,True
2,ddelta,WOOOWWWO,OOOOWWWO,4,5,-2.7269018272068015,-0.948157478744246,1.7787443484625554,True
2,ddelta,OOOWWWWW,OOOOWWWW,3,4,0.3649722500041684,-0.0868885289153199,-0.4518607789194883,False
2,ddelta,OOWOWWWW,OOOOWWWW,3,4,0.0269049272915025,-0.0868885289153199,-0.1137934562068224,False
2,ddelta,OWOOWWWW,OOOOWWWW,3,4,0.5651319431431564,-0.0868885289153199,-0.6520204720584764,False
2,ddelta,WOOOWWWW,OOOOWWWW,3,4,-0.8103054348830112,-0.0868885289153199,0.7234169059676914,True
2,ddelta,OOOWOOOW,OOOWOOOO,6,7,0.2849503084793224,0.1323667589783014,-0.152583549501021,False
2,ddelta,OOOWOOWO,OOOWOOOO,6,7,-1.414471974395806,0.1323667589783014,1.5468387333741074,True
2,ddelta,OOOWOWOO,OOOWOOOO,6,7,0.5920874462422593,0.1323667589783014,-0.4597206872639579,False
2,ddelta,OOOWWOOO,OOOWOOOO,6,7,0.1339549836390904,0.1323667589783014,-0.0015882246607889783,False
2,ddelta,OOWWOOOO,OOOWOOOO,6,7,1.297206811592258,0.1323667589783014,-1.1648400526139566,False
2,ddelta,OWOWOOOO,OOOWOOOO,6,7,-0.5348373656044634,0.1323667589783014,0.6672041245827648,True
2,ddelta,WOOWOOOO,OOOWOOOO,6,7,0.5961458675520981,0.1323667589783014,-0.4637791085737967,False
2,ddelta,OOOWOOWW,OOOWOOOW,5,6,-1.2451693795619705,0.2849503084793224,1.5301196880412928,True
2,ddelta,OOOWOWOW,OOOWOOOW,5,6,0.8764293918835322,0.2849503084793224,-0.5914790834042098,False
2,ddelta,OOOWWOOW,OOOWOOOW,5,6,0.2678439523354415,0.2849503084793224,0.017106356143880896,True
2,ddelta,OOWWOOOW,OOOWOOOW,5,6,1.244418951301102,0.2849503084793224,-0.9594686428217796,False
2,ddelta,OWOWOOOW,OOOWOOOW,5,6,-0.1912951045207452,0.2849503084793224,0.4762454130000676,True
2,ddelta,WOOWOOOW,OOOWOOOW,5,6,-0.3002176141821551,0.2849503084793224,0.5851679226614774,True
2,ddelta,OOOWOOWW,OOOWOOWO,5,6,-1.2451693795619705,-1.414471974395806,-0.16930259483383558,False
2,ddelta,OOOWOWWO,OOOWOOWO,5,6,-3.899276987470862,-1.414471974395806,2.484805013075056,True
2,ddelta,OOOWWOWO,OOOWOOWO,5,6,-0.3644101924604959,-1.414471974395806,-1.0500617819353102,False
2,ddelta,OOWWOOWO,OOOWOOWO,5,6,0.7819164287481662,-1.414471974395806,-2.196388403143972,False
2,ddelta,OWOWOOWO,OOOWOOWO,5,6,-1.4788239684928932,-1.414471974395806,0.06435199409708714,True
2,ddelta,WOOWOOWO,OOOWOOWO,5,6,-1.2635870466581105,-1.414471974395806,-0.15088492773769557,False
2,ddelta,OOOWOWWW,OOOWOOWW,4,5,-0.6111797619916342,-1.2451693795619705,-0.6339896175703363,False
2,ddelta,OOOWWOWW,OOOWOOWW,4,5,-2.4051699075147304,-1.2451693795619705,1.1600005279527599,True
2,ddelta,OOWWOOWW,OOOWOOWW,4,5,0.1653985448083776,-1.2451693795619705,-1.4105679243703482,False
2,ddelta,OWOWOOWW,OOOWOOWW,4,5,-1.7813127163563105,-1.2451693795619705,0.53614333679434,True
2,ddelta,WOOWOOWW,OOOWOOWW,4,5,-2.700129824040584,-1.2451693795619705,1.4549604444786137,True
2,ddelta,OOOWOWOW,OOOWOWOO,5,6,0.8764293918835322,0.5920874462422593,-0.2843419456412729,False
2,ddelta,OOOWOWWO,OOOWOWOO,5,6,-3.899276987470862,0.5920874462422593,4.491364433713121,True
2,ddelta,OOOWWWOO,OOOWOWOO,5,6,0.2388095612487101,0.5920874462422593,0.3532778849935492,True
2,ddelta,OOWWOWOO,OOOWOWOO,5,6,1.575876246388468,0.5920874462422593,-0.9837888001462086,False
2,ddelta,OWOWOWOO,OOOWOWOO,5,6,0.2948345999186584,0.5920874462422593,0.2972528463236009,True
2,ddelta,WOOWOWOO,OOOWOWOO,5,6,0.5047199020268716,0.5920874462422593,0.08736754421538773,True
2,ddelta,OOOWOWWW,OOOWOWOW,4,5,-0.6111797619916342,0.8764293918835322,1.4876091538751663,True
2,ddelta,OOOWWWOW,OOOWOWOW,4,5,-0.463389096418945,0.8764293918835322,1.3398184883024773,True
2,ddelta,OOWWOWOW,OOOWOWOW,4,5,1.6632254683877803,0.8764293918835322,-0.7867960765042481,False
2,ddelta,OWOWOWOW,OOOWOWOW,4,5,0.1623481779854954,0.8764293918835322,0.7140812138980368,True
2,ddelta,WOOWOWOW,OOOWOWOW,4,5,0.1036201513407744,0.8764293918835322,0.7728092405427578,True
2,ddelta,OOOWOWWW,OOOWOWWO,4,5,-0.6111797619916342,-3.899276987470862,-3.288097225479228,False
2,ddelta,OOOWWWWO,OOOWOWWO,4,5,-1.883696542411454,-3.899276987470862,-2.015580445059408,False
2,ddelta,OOWWOWWO,OOOWOWWO,4,5,-1.6203590734876692,-3.899276987470862,-2.278917913983193,False
2,ddelta,OWOWOWWO,OOOWOWWO,4,5,-3.211469810188291,-3.899276987470862,-0.6878071772825711,False
2,ddelta,WOOWOWWO,OOOWOWWO,4,5,-3.052538403047793,-3.899276987470862,-0.8467385844230688,False
2,ddelta,OOOWWWWW,OOOWOWWW,3,4,0.3649722500041684,-0.6111797619916342,-0.9761520119958025,False
2,ddelta,OOWWOWWW,OOOWOWWW,3,4,-0.3879884572094479,-0.6111797619916342,-0.22319130478218624,False
2,ddelta,OWOWOWWW,OOOWOWWW,3,4,-0.562635082848271,-0.6111797619916342,-0.048544679143363134,False
2,ddelta,WOOWOWWW,OOOWOWWW,3,4,-1.4798137605698205,-0.6111797619916342,0.8686339985781864,True
2,ddelta,OOOWWOOW,OOOWWOOO,5,6,0.2678439523354415,0.1339549836390904,-0.1338889686963511,False
2,ddelta,OOOWWOWO,OOOWWOOO,5,6,-0.3644101924604959,0.1339549836390904,0.4983651760995863,True
2,ddelta,OOOWWWOO,OOOWWOOO,5,6,0.2388095612487101,0.1339549836390904,-0.10485457760961972,False
2,ddelta,OOWWWOOO,OOOWWOOO,5,6,0.8274672742015481,0.1339549836390904,-0.6935122905624577,False
2,ddelta,OWOWWOOO,OOOWWOOO,5,6,-0.8228840896163375,0.1339549836390904,0.9568390732554279,True
2,ddelta,WOOWWOOO,OOOWWOOO,5,6,0.149231984968867,0.1339549836390904,-0.015277001329776607,False
2,ddelta,OOOWWOWW,OOOWWOOW,4,5,-2.4051699075147304,0.2678439523354415,2.673013859850172,True
2,ddelta,OOOWWWOW,OOOWWOOW,4,5,-0.463389096418945,0.2678439523354415,0.7312330487543865,True
2,ddelta,OOWWWOOW,OOOWWOOW,4,5,1.679151497397764,0.2678439523354415,-1.4113075450623225,False
2,ddelta,OWOWWOOW,OOOWWOOW,4,5,-0.402116562550195,0.2678439523354415,0.6699605148856365,True
2,ddelta,WOOWWOOW,OOOWWOOW,4,5,0.6549776568714816,0.2678439523354415,-0.38713370453604007,False
2,ddelta,OOOWWOWW,OOOWWOWO,4,5,-2.4051699075147304,-0.3644101924604959,2.0407597150542345,True
2,ddelta,OOOWWWWO,OOOWWOWO,4,5,-1.883696542411454,-0.3644101924604959,1.5192863499509581,True
2,ddelta,OOWWWOWO,OOOWWOWO,4,5,0.9059496313779704,-0.3644101924604959,-1.2703598238384664,False
2,ddelta,OWOWWOWO,OOOWWOWO,4,5,-2.6485659026014536,-0.3644101924604959,2.2841557101409578,True
2,ddelta,WOOWWOWO,OOOWWOWO,4,5,-1.540397621299581,-0.3644101924604959,1.175987428839085,True
2,ddelta,OOOWWWWW,OOOWWOWW,3,4,0.3649722500041684,-2.4051699075147304,-2.7701421575188987,False
2,ddelta,OOWWWOWW,OOOWWOWW,3,4,0.4100777780156355,-2.4051699075147304,-2.815247685530366,False
2,ddelta,OWOWWOWW,OOOWWOWW,3,4,-1.53981724699619,-2.4051699075147304,-0.8653526605185404,False
2,ddelta,WOOWWOWW,OOOWWOWW,3,4,-1.5120889700716995,-2.4051699075147304,-0.8930809374430309,False
2,ddelta,OOOWWWOW,OOOWWWOO,4,5,-0.463389096418945,0.2388095612487101,0.7021986576676551,True
2,ddelta,OOOWWWWO,OOOWWWOO,4,5,-1.883696542411454,0.2388095612487101,2.122506103660164,True
2,ddelta,OOWWWWOO,OOOWWWOO,4,5,0.1746911695024502,0.2388095612487101,0.06411839174625991,True
2,ddelta,OWOWWWOO,OOOWWWOO,4,5,-0.4230524455110969,0.2388095612487101,0.661862006759807,True
2,ddelta,WOOWWWOO,OOOWWWOO,4,5,-0.2413803107338887,0.2388095612487101,0.48018987198259877,True
2,ddelta,OOOWWWWW,OOOWWWOW,3,4,0.3649722500041684,-0.463389096418945,-0.8283613464231134,False
2,ddelta,OOWWWWOW,OOOWWWOW,3,4,1.3484229002785966,-0.463389096418945,-1.8118119966975414,False
2,ddelta,OWOWWWOW,OOOWWWOW,3,4,-0.0713072892155253,-0.463389096418945,-0.3920818072034197,False
2,ddelta,WOOWWWOW,OOOWWWOW,3,4,0.5226986867909046,-0.463389096418945,-0.9860877832098496,False
2,ddelta,OOOWWWWW,OOOWWWWO,3,4,0.3649722500041684,-1.883696542411454,-2.2486687924156223,False
2,ddelta,OOWWWWWO,OOOWWWWO,3,4,0.4872219479242621,-1.883696542411454,-2.370918490335716,False
2,ddelta,OWOWWWWO,OOOWWWWO,3,4,-1.1729814476699518,-1.883696542411454,-0.7107150947415022,False
2,ddelta,WOOWWWWO,OOOWWWWO,3,4,-1.7678541462460708,-1.883696542411454,-0.11584239616538317,False
2,ddelta,OOWWWWWW,OOOWWWWW,2,3,1.5788780931452515,0.3649722500041684,-1.2139058431410832,False
2,ddelta,OWOWWWWW,OOOWWWWW,2,3,-0.4760512445304409,0.3649722500041684,0.8410234945346093,True
2,ddelta,WOOWWWWW,OOOWWWWW,2,3,-0.1890008246847871,0.3649722500041684,0.5539730746889555,True
2,ddelta,OOWOOOOW,OOWOOOOO,6,7,0.3646277093045477,1.873950802882528,1.5093230935779802,True
2,ddelta,OOWOOOWO,OOWOOOOO,6,7,0.1050961722920189,1.873950802882528,1.768854630590509,True
2,ddelta,OOWOOWOO,OOWOOOOO,6,7,1.499334019669668,1.873950802882528,0.37461678321285996,True
2,ddelta,OOWOWOOO,OOWOOOOO,6,7,1.4521501625540698,1.873950802882528,0.4218006403284582,True
2,ddelta,OOWWOOOO,OOWOOOOO,6,7,1.297206811592258,1.873950802882528,0.5767439912902701,True
2,ddelta,OWWOOOOO,OOWOOOOO,6,7,1.2415105763321197,1.873950802882528,0.6324402265504083,True
2,ddelta,WOWOOOOO,OOWOOOOO,6,7,1.5384893849777956,1.873950802882528,0.3354614179047324,True
2,ddelta,OOWOOOWW,OOWOOOOW,5,6,-1.3099304916610843,0.3646277093045477,1.674558200965632,True
2,ddelta,OOWOOWOW,OOWOOOOW,5,6,1.4888987522352344,0.3646277093045477,-1.1242710429306868,False
2,ddelta,OOWOWOOW,OOWOOOOW,5,6,1.4980613416944697,0.3646277093045477,-1.133433632389922,False
2,ddelta,OOWWOOOW,OOWOOOOW,5,6,1.244418951301102,0.3646277093045477,-0.8797912419965542,False
2,ddelta,OWWOOOOW,OOWOOOOW,5,6,0.6103421263986264,0.3646277093045477,-0.2457144170940787,False
2,ddelta,WOWOOOOW,OOWOOOOW,5,6,1.4235392806270792,0.3646277093045477,-1.0589115713225317,False
2,ddelta,OOWOOOWW,OOWOOOWO,5,6,-1.3099304916610843,0.1050961722920189,1.4150266639531033,True
2,ddelta,OOWOOWWO,OOWOOOWO,5,6,-2.11465071522002,0.1050961722920189,2.2197468875120387,True
2,ddelta,OOWOWOWO,OOWOOOWO,5,6,0.4355608087754014,0.1050961722920189,-0.3304646364833825,False
2,ddelta,OOWWOOWO,OOWOOOWO,5,6,0.7819164287481662,0.1050961722920189,-0.6768202564561474,False
2,ddelta,OWWOOOWO,OOWOOOWO,5,6,-0.8825043018081233,0.1050961722920189,0.9876004741001423,True
2,ddelta,WOWOOOWO,OOWOOOWO,5,6,-1.8348769768981892,0.1050961722920189,1.9399731491902081,True
2,ddelta,OOWOOWWW,OOWOOOWW,4,5,-2.6648932062394253,-1.3099304916610843,1.354962714578341,True
2,ddelta,OOWOWOWW,OOWOOOWW,4,5,-1.2322948197214445,-1.3099304916610843,-0.07763567193963983,False
2,ddelta,OOWWOOWW,OOWOOOWW,4,5,0.1653985448083776,-1.3099304916610843,-1.475329036469462,False
2,ddelta,OWWOOOWW,OOWOOOWW,4,5,-3.627686082061959,-1.3099304916610843,2.317755590400875,True
2,ddelta,WOWOOOWW,OOWOOOWW,4,5,-3.8770242054279143,-1.3099304916610843,2.56709371376683,True
2,ddelta,OOWOOWOW,OOWOOWOO,5,6,1.4888987522352344,1.499334019669668,0.010435267434433682,True
2,ddelta,OOWOOWWO,OOWOOWOO,5,6,-2.11465071522002,1.499334019669668,3.613984734889688,True
2,ddelta,OOWOWWOO,OOWOOWOO,5,6,1.1797631298686786,1.499334019669668,0.31957088980098947,True
2,ddelta,OOWWOWOO,OOWOOWOO,5,6,1.575876246388468,1.499334019669668,-0.07654222671879984,False
2,ddelta,OWWOOWOO,OOWOOWOO,5,6,0.7510648462104279,1.499334019669668,0.7482691734592402,True
2,ddelta,WOWOOWOO,OOWOOWOO,5,6,4.770094620911653,1.499334019669668,-3.270760601241985,False
2,ddelta,OOWOOWWW,OOWOOWOW,4,5,-2.6648932062394253,1.4888987522352344,4.15379195847466,True
2,ddelta,OOWOWWOW,OOWOOWOW,4,5,0.5501575237628377,1.4888987522352344,0.9387412284723967,True
2,ddelta,OOWWOWOW,OOWOOWOW,4,5,1.6632254683877803,1.4888987522352344,-0.1743267161525459,False
2,ddelta,OWWOOWOW,OOWOOWOW,4,5,-0.1009315432901429,1.4888987522352344,1.5898302955253774,True
2,ddelta,WOWOOWOW,OOWOOWOW,4,5,-0.3164544580930676,1.4888987522352344,1.805353210328302,True
2,ddelta,OOWOOWWW,OOWOOWWO,4,5,-2.6648932062394253,-2.11465071522002,0.5502424910194055,True
2,ddelta,OOWOWWWO,OOWOOWWO,4,5,-0.4915156363011014,-2.11465071522002,-1.6231350789189185,False
2,ddelta,OOWWOWWO,OOWOOWWO,4,5,-1.6203590734876692,-2.11465071522002,-0.49429164173235063,False
2,ddelta,OWWOOWWO,OOWOOWWO,4,5,-4.372687977794983,-2.11465071522002,2.258037262574963,True
2,ddelta,WOWOOWWO,OOWOOWWO,4,5,-5.979022133382722,-2.11465071522002,3.8643714181627025,True
2,ddelta,OOWOWWWW,OOWOOWWW,3,4,0.0269049272915025,-2.6648932062394253,-2.6917981335309276,False
2,ddelta,OOWWOWWW,OOWOOWWW,3,4,-0.3879884572094479,-2.6648932062394253,-2.276904749029977,False
2,ddelta,OWWOOWWW,OOWOOWWW,3,4,-1.5671480393652286,-2.6648932062394253,-1.0977451668741967,False
2,ddelta,WOWOOWWW,OOWOOWWW,3,4,-0.4112260931031333,-2.6648932062394253,-2.253667113136292,False
2,ddelta,OOWOWOOW,OOWOWOOO,5,6,1.4980613416944697,1.4521501625540698,-0.04591117914039988,False
2,ddelta,OOWOWOWO,OOWOWOOO,5,6,0.4355608087754014,1.4521501625540698,1.0165893537786683,True
2,ddelta,OOWOWWOO,OOWOWOOO,5,6,1.1797631298686786,1.4521501625540698,0.2723870326853912,True
2,ddelta,OOWWWOOO,OOWOWOOO,5,6,0.8274672742015481,1.4521501625540698,0.6246828883525217,True
2,ddelta,OWWOWOOO,OOWOWOOO,5,6,1.6850118527449254,1.4521501625540698,-0.23286169019085556,False
2,ddelta,WOWOWOOO,OOWOWOOO,5,6,1.124025932443059,1.4521501625540698,0.3281242301110108,True
2,ddelta,OOWOWOWW,OOWOWOOW,4,5,-1.2322948197214445,1.4980613416944697,2.730356161415914,True
2,ddelta,OOWOWWOW,OOWOWOOW,4,5,0.5501575237628377,1.4980613416944697,0.947903817931632,True
2,ddelta,OOWWWOOW,OOWOWOOW,4,5,1.679151497397764,1.4980613416944697,-0.18109015570329423,False
2,ddelta,OWWOWOOW,OOWOWOOW,4,5,0.7144067047631004,1.4980613416944697,0.7836546369313693,True
2,ddelta,WOWOWOOW,OOWOWOOW,4,5,1.827431706080581,1.4980613416944697,-0.3293703643861112,False
2,ddelta,OOWOWOWW,OOWOWOWO,4,5,-1.2322948197214445,0.4355608087754014,1.667855628496846,True
2,ddelta,OOWOWWWO,OOWOWOWO,4,5,-0.4915156363011014,0.4355608087754014,0.9270764450765028,True
2,ddelta,OOWWWOWO,OOWOWOWO,4,5,0.9059496313779704,0.4355608087754014,-0.470388822602569,False
2,ddelta,OWWOWOWO,OOWOWOWO,4,5,-1.452161341772992,0.4355608087754014,1.8877221505483934,True
2,ddelta,WOWOWOWO,OOWOWOWO,4,5,-1.5053828364045938,0.4355608087754014,1.940943645179995,True
2,ddelta,OOWOWWWW,OOWOWOWW,3,4,0.0269049272915025,-1.2322948197214445,-1.259199747012947,False
2,ddelta,OOWWWOWW,OOWOWOWW,3,4,0.4100777780156355,-1.2322948197214445,-1.64237259773708,False
2,ddelta,OWWOWOWW,OOWOWOWW,3,4,-1.70377919934058,-1.2322948197214445,0.4714843796191355,True
2,ddelta,WOWOWOWW,OOWOWOWW,3,4,-1.505817955311008,-1.2322948197214445,0.27352313558956354,True
2,ddelta,OOWOWWOW,OOWOWWOO,4,5,0.5501575237628377,1.1797631298686786,0.6296056061058409,True
2,ddelta,OOWOWWWO,OOWOWWOO,4,5,-0.4915156363011014,1.1797631298686786,1.67127876616978,True
2,ddelta,OOWWWWOO,OOWOWWOO,4,5,0.1746911695024502,1.1797631298686786,1.0050719603662284,True
2,ddelta,OWWOWWOO,OOWOWWOO,4,5,0.9460900128762832,1.1797631298686786,0.23367311699239535,True
2,ddelta,WOWOWWOO,OOWOWWOO,4,5,1.5334071192761298,1.1797631298686786,-0.35364398940745123,False
2,ddelta,OOWOWWWW,OOWOWWOW,3,4,0.0269049272915025,0.5501575237628377,0.5232525964713352,True
2,ddelta,OOWWWWOW,OOWOWWOW,3,4,1.3484229002785966,0.5501575237628377,-0.7982653765157589,False
2,ddelta,OWWOWWOW,OOWOWWOW,3,4,1.7437383197808396,0.5501575237628377,-1.193580796018002,False
2,ddelta,WOWOWWOW,OOWOWWOW,3,4,0.7798368386226283,0.5501575237628377,-0.22967931485979065,False
2,ddelta,OOWOWWWW,OOWOWWWO,3,4,0.0269049272915025,-0.4915156363011014,-0.5184205635926039,False
2,ddelta,OOWWWWWO,OOWOWWWO,3,4,0.4872219479242621,-0.4915156363011014,-0.9787375842253635,False
2,ddelta,OWWOWWWO,OOWOWWWO,3,4,-1.5289913460486255,-0.4915156363011014,1.037475709747524,True
2,ddelta,WOWOWWWO,OOWOWWWO,3,4,-1.5462376328843446,-0.4915156363011014,1.0547219965832433,True
2,ddelta,OOWWWWWW,OOWOWWWW,2,3,1.5788780931452515,0.0269049272915025,-1.551973165853749,False
2,ddelta,OWWOWWWW,OOWOWWWW,2,3,0.0781132072534695,0.0269049272915025,-0.051208279961967,False
2,ddelta,WOWOWWWW,OOWOWWWW,2,3,-0.6560485027805306,0.0269049272915025,0.6829534300720331,True
2,ddelta,OOWWOOOW,OOWWOOOO,5,6,1.244418951301102,1.297206811592258,0.05278786029115601,True
2,ddelta,OOWWOOWO,OOWWOOOO,5,6,0.7819164287481662,1.297206811592258,0.5152903828440917,True
2,ddelta,OOWWOWOO,OOWWOOOO,5,6,1.575876246388468,1.297206811592258,-0.27866943479621,False
2,ddelta,OOWWWOOO,OOWWOOOO,5,6,0.8274672742015481,1.297206811592258,0.46973953739070984,True
2,ddelta,OWWWOOOO,OOWWOOOO,5,6,3.659814565004353,1.297206811592258,-2.362607753412095,False
2,ddelta,WOWWOOOO,OOWWOOOO,5,6,2.9942440871064933,1.297206811592258,-1.6970372755142353,False
2,ddelta,OOWWOOWW,OOWWOOOW,4,5,0.1653985448083776,1.244418951301102,1.0790204064927242,True
2,ddelta,OOWWOWOW,OOWWOOOW,4,5,1.6632254683877803,1.244418951301102,-0.4188065170866784,False
2,ddelta,OOWWWOOW,OOWWOOOW,4,5,1.679151497397764,1.244418951301102,-0.434732546096662,False
2,ddelta,OWWWOOOW,OOWWOOOW,4,5,1.149993717830459,1.244418951301102,0.09442523347064302,True
2,ddelta,WOWWOOOW,OOWWOOOW,4,5,2.660128745105997,1.244418951301102,-1.4157097938048953,False
2,ddelta,OOWWOOWW,OOWWOOWO,4,5,0.1653985448083776,0.7819164287481662,0.6165178839397887,True
2,ddelta,OOWWOWWO,OOWWOOWO,4,5,-1.6203590734876692,0.7819164287481662,2.4022755022358355,True
2,ddelta,OOWWWOWO,OOWWOOWO,4,5,0.9059496313779704,0.7819164287481662,-0.1240332026298041,False
2,ddelta,OWWWOOWO,OOWWOOWO,4,5,-0.0358116389370323,0.7819164287481662,0.8177280676851986,True
2,ddelta,WOWWOOWO,OOWWOOWO,4,5,0.26052099566819,0.7819164287481662,0.5213954330799763,True
2,ddelta,OOWWOWWW,OOWWOOWW,3,4,-0.3879884572094479,0.1653985448083776,0.5533870020178255,True
2,ddelta,OOWWWOWW,OOWWOOWW,3,4,0.4100777780156355,0.1653985448083776,-0.2446792332072579,False
2,ddelta,OWWWOOWW,OOWWOOWW,3,4,-1.2122412573237242,0.1653985448083776,1.377639802132102,True
2,ddelta,WOWWOOWW,OOWWOOWW,3,4,-1.0494458487291265,0.1653985448083776,1.2148443935375042,True
2,ddelta,OOWWOWOW,OOWWOWOO,4,5,1.6632254683877803,1.575876246388468,-0.08734922199931239,False
2,ddelta,OOWWOWWO,OOWWOWOO,4,5,-1.6203590734876692,1.575876246388468,3.196235319876137,True
2,ddelta,OOWWWWOO,OOWWOWOO,4,5,0.1746911695024502,1.575876246388468,1.4011850768860177,True
2,ddelta,OWWWOWOO,OOWWOWOO,4,5,0.8611065611377193,1.575876246388468,0.7147696852507486,True
2,ddelta,WOWWOWOO,OOWWOWOO,4,5,1.7077567044663522,1.575876246388468,-0.1318804580778843,False
2,ddelta,OOWWOWWW,OOWWOWOW,3,4,-0.3879884572094479,1.6632254683877803,2.0512139255972284,True
2,ddelta,OOWWWWOW,OOWWOWOW,3,4,1.3484229002785966,1.6632254683877803,0.3148025681091837,True
2,ddelta,OWWWOWOW,OOWWOWOW,3,4,1.6634919314051066,1.6632254683877803,-0.00026646301732635713,False
2,ddelta,WOWWOWOW,OOWWOWOW,3,4,1.583620103317224,1.6632254683877803,0.07960536507055638,True
2,ddelta,OOWWOWWW,OOWWOWWO,3,4,-0.3879884572094479,-1.6203590734876692,-1.2323706162782213,False
2,ddelta,OOWWWWWO,OOWWOWWO,3,4,0.4872219479242621,-1.6203590734876692,-2.1075810214119315,False
2,ddelta,OWWWOWWO,OOWWOWWO,3,4,-3.1019272333255232,-1.6203590734876692,1.481568159837854,True
2,ddelta,WOWWOWWO,OOWWOWWO,3,4,-3.1391536049374356,-1.6203590734876692,1.5187945314497664,True
2,ddelta,OOWWWWWW,OOWWOWWW,2,3,1.5788780931452515,-0.3879884572094479,-1.9668665503546994,False
2,ddelta,OWWWOWWW,OOWWOWWW,2,3,0.2622494809114681,-0.3879884572094479,-0.650237938120916,False
2,ddelta,WOWWOWWW,OOWWOWWW,2,3,-0.6045643044834125,-0.3879884572094479,0.21657584727396456,True
2,ddelta,OOWWWOOW,OOWWWOOO,4,5,1.679151497397764,0.8274672742015481,-0.8516842231962158,False
2,ddelta,OOWWWOWO,OOWWWOOO,4,5,0.9059496313779704,0.8274672742015481,-0.07848235717642227,False
2,ddelta,OOWWWWOO,OOWWWOOO,4,5,0.1746911695024502,0.8274672742015481,0.6527761046990979,True
2,ddelta,OWWWWOOO,OOWWWOOO,4,5,0.1386484964547686,0.8274672742015481,0.6888187777467795,True
2,ddelta,WOWWWOOO,OOWWWOOO,4,5,1.1280849198839071,0.8274672742015481,-0.30061764568235905,False
2,ddelta,OOWWWOWW,OOWWWOOW,3,4,0.4100777780156355,1.679151497397764,1.2690737193821284,True
2,ddelta,OOWWWWOW,OOWWWOOW,3,4,1.3484229002785966,1.679151497397764,0.33072859711916736,True
2,ddelta,OWWWWOOW,OOWWWOOW,3,4,1.363139557638359,1.679151497397764,0.316011939759405,True
2,ddelta,WOWWWOOW,OOWWWOOW,3,4,0.4884983937544083,1.679151497397764,1.1906531036433556,True
2,ddelta,OOWWWOWW,OOWWWOWO,3,4,0.4100777780156355,0.9059496313779704,0.49587185336233486,True
2,ddelta,OOWWWWWO,OOWWWOWO,3,4,0.4872219479242621,0.9059496313779704,0.41872768345370825,True
2,ddelta,OWWWWOWO,OOWWWOWO,3,4,-1.810641122250332,0.9059496313779704,2.7165907536283025,True
2,ddelta,WOWWWOWO,OOWWWOWO,3,4,0.3853686623285096,0.9059496313779704,0.5205809690494607,True
2,ddelta,OOWWWWWW,OOWWWOWW,2,3,1.5788780931452515,0.4100777780156355,-1.168800315129616,False
2,ddelta,OWWWWOWW,OOWWWOWW,2,3,-1.7496585760223256,0.4100777780156355,2.1597363540379613,True
2,ddelta,WOWWWOWW,OOWWWOWW,2,3,-0.6047505324243045,0.4100777780156355,1.01482831043994,True
2,ddelta,OOWWWWOW,OOWWWWOO,3,4,1.3484229002785966,0.1746911695024502,-1.1737317307761463,False
2,ddelta,OOWWWWWO,OOWWWWOO,3,4,0.4872219479242621,0.1746911695024502,-0.3125307784218119,False
2,ddelta,OWWWWWOO,OOWWWWOO,3,4,0.4630006047976635,0.1746911695024502,-0.28830943529521325,False
2,ddelta,WOWWWWOO,OOWWWWOO,3,4,1.3478303986963391,0.1746911695024502,-1.173139229193889,False
2,ddelta,OOWWWWWW,OOWWWWOW,2,3,1.5788780931452515,1.3484229002785966,-0.23045519286665495,False
2,ddelta,OWWWWWOW,OOWWWWOW,2,3,1.1268876977671958,1.3484229002785966,0.2215352025114008,True
2,ddelta,WOWWWWOW,OOWWWWOW,2,3,1.2395995125118784,1.3484229002785966,0.10882338776671818,True
2,ddelta,OOWWWWWW,OOWWWWWO,2,3,1.5788780931452515,0.4872219479242621,-1.0916561452209894,False
2,ddelta,OWWWWWWO,OOWWWWWO,2,3,-0.4225744189378167,0.4872219479242621,0.9097963668620788,True
2,ddelta,WOWWWWWO,OOWWWWWO,2,3,-0.6345166585753372,0.4872219479242621,1.1217386064995993,True
2,ddelta,OWWWWWWW,OOWWWWWW,1,2,1.0145319615327644,1.5788780931452515,0.5643461316124871,True
2,ddelta,WOWWWWWW,OOWWWWWW,1,2,-0.1342353835406174,1.5788780931452515,1.7131134766858689,True
2,ddelta,OWOOOOOW,OWOOOOOO,6,7,0.2595325749633747,2.0543622106443507,1.7948296356809759,True
2,ddelta,OWOOOOWO,OWOOOOOO,6,7,-1.8482341613686104,2.0543622106443507,3.902596372012961,True
2,ddelta,OWOOOWOO,OWOOOOOO,6,7,0.0724278078995129,2.0543622106443507,1.9819344027448378,True
2,ddelta,OWOOWOOO,OWOOOOOO,6,7,1.0774782209831395,2.0543622106443507,0.9768839896612111,True
2,ddelta,OWOWOOOO,OWOOOOOO,6,7,-0.5348373656044634,2.0543622106443507,2.589199576248814,True
2,ddelta,OWWOOOOO,OWOOOOOO,6,7,1.2415105763321197,2.0543622106443507,0.812851634312231,True
2,ddelta,WWOOOOOO,OWOOOOOO,6,7,2.081749859154251,2.0543622106443507,-0.027387648509900497,False
2,ddelta,OWOOOOWW,OWOOOOOW,5,6,-2.026009429949352,0.2595325749633747,2.2855420049127266,True
2,ddelta,OWOOOWOW,OWOOOOOW,5,6,0.5834118491340154,0.2595325749633747,-0.3238792741706408,False
2,ddelta,OWOOWOOW,OWOOOOOW,5,6,0.0031574044063997,0.2595325749633747,0.25637517055697495,True
2,ddelta,OWOWOOOW,OWOOOOOW,5,6,-0.1912951045207452,0.2595325749633747,0.45082767948411984,True
2,ddelta,OWWOOOOW,OWOOOOOW,5,6,0.6103421263986264,0.2595325749633747,-0.3508095514352517,False
2,ddelta,WWOOOOOW,OWOOOOOW,5,6,1.3917517420521517,0.2595325749633747,-1.1322191670887771,False
2,ddelta,OWOOOOWW,OWOOOOWO,5,6,-2.026009429949352,-1.8482341613686104,0.17777526858074144,True
2,ddelta,OWOOOWWO,OWOOOOWO,5,6,-5.510102740302887,-1.8482341613686104,3.6618685789342766,True
2,ddelta,OWOOWOWO,OWOOOOWO,5,6,-0.4510386511667728,-1.8482341613686104,-1.3971955102018376,False
2,ddelta,OWOWOOWO,OWOOOOWO,5,6,-1.4788239684928932,-1.8482341613686104,-0.3694101928757172,False
2,ddelta,OWWOOOWO,OWOOOOWO,5,6,-0.8825043018081233,-1.8482341613686104,-0.9657298595604871,False
2,ddelta,WWOOOOWO,OWOOOOWO,5,6,-2.89703139264677,-1.8482341613686104,1.0487972312781595,True
2,ddelta,OWOOOWWW,OWOOOOWW,4,5,-1.4927802198194395,-2.026009429949352,-0.5332292101299123,False
2,ddelta,OWOOWOWW,OWOOOOWW,4,5,-1.9089012920146664,-2.026009429949352,-0.11710813793468544,False
2,ddelta,OWOWOOWW,OWOOOOWW,4,5,-1.7813127163563105,-2.026009429949352,-0.24469671359304135,False
2,ddelta,OWWOOOWW,OWOOOOWW,4,5,-3.627686082061959,-2.026009429949352,1.6016766521126073,True
2,ddelta,WWOOOOWW,OWOOOOWW,4,5,-4.227516768275369,-2.026009429949352,2.2015073383260173,True
2,ddelta,OWOOOWOW,OWOOOWOO,5,6,0.5834118491340154,0.0724278078995129,-0.5109840412345026,False
2,ddelta,OWOOOWWO,OWOOOWOO,5,6,-5.510102740302887,0.0724278078995129,5.5825305482024,True
2,ddelta,OWOOWWOO,OWOOOWOO,5,6,0.2582929360091313,0.0724278078995129,-0.18586512810961836,False
2,ddelta,OWOWOWOO,OWOOOWOO,5,6,0.2948345999186584,0.0724278078995129,-0.22240679201914548,False
2,ddelta,OWWOOWOO,OWOOOWOO,5,6,0.7510648462104279,0.0724278078995129,-0.678637038310915,False
2,ddelta,WWOOOWOO,OWOOOWOO,5,6,-0.5155916319549225,0.0724278078995129,0.5880194398544354,True
2,ddelta,OWOOOWWW,OWOOOWOW,4,5,-1.4927802198194395,0.5834118491340154,2.076192068953455,True
2,ddelta,OWOOWWOW,OWOOOWOW,4,5,0.1015001953213807,0.5834118491340154,0.48191165381263473,True
2,ddelta,OWOWOWOW,OWOOOWOW,4,5,0.1623481779854954,0.5834118491340154,0.42106367114852006,True
2,ddelta,OWWOOWOW,OWOOOWOW,4,5,-0.1009315432901429,0.5834118491340154,0.6843433924241583,True
2,ddelta,WWOOOWOW,OWOOOWOW,4,5,-0.0033386903145806,0.5834118491340154,0.586750539448596,True
2,ddelta,OWOOOWWW,OWOOOWWO,4,5,-1.4927802198194395,-5.510102740302887,-4.0173225204834475,False
2,ddelta,OWOOWWWO,OWOOOWWO,4,5,-1.1682377304860152,-5.510102740302887,-4.341865009816872,False
2,ddelta,OWOWOWWO,OWOOOWWO,4,5,-3.211469810188291,-5.510102740302887,-2.2986329301145965,False
2,ddelta,OWWOOWWO,OWOOOWWO,4,5,-4.372687977794983,-5.510102740302887,-1.1374147625079045,False
2,ddelta,WWOOOWWO,OWOOOWWO,4,5,-2.530713579900539,-5.510102740302887,-2.979389160402348,False
2,ddelta,OWOOWWWW,OWOOOWWW,3,4,0.5651319431431564,-1.4927802198194395,-2.057912162962596,False
2,ddelta,OWOWOWWW,OWOOOWWW,3,4,-0.562635082848271,-1.4927802198194395,-0.9301451369711685,False
2,ddelta,OWWOOWWW,OWOOOWWW,3,4,-1.5671480393652286,-1.4927802198194395,0.07436781954578908,True
2,ddelta,WWOOOWWW,OWOOOWWW,3,4,-3.151289829882309,-1.4927802198194395,1.6585096100628693,True
2,ddelta,OWOOWOOW,OWOOWOOO,5,6,0.0031574044063997,1.0774782209831395,1.0743208165767397,True
2,ddelta,OWOOWOWO,OWOOWOOO,5,6,-0.4510386511667728,1.0774782209831395,1.5285168721499123,True
2,ddelta,OWOOWWOO,OWOOWOOO,5,6,0.2582929360091313,1.0774782209831395,0.8191852849740082,True
2,ddelta,OWOWWOOO,OWOOWOOO,5,6,-0.8228840896163375,1.0774782209831395,1.9003623105994771,True
2,ddelta,OWWOWOOO,OWOOWOOO,5,6,1.6850118527449254,1.0774782209831395,-0.6075336317617859,False
2,ddelta,WWOOWOOO,OWOOWOOO,5,6,2.8371965919168276,1.0774782209831395,-1.759718370933688,False
2,ddelta,OWOOWOWW,OWOOWOOW,4,5,-1.9089012920146664,0.0031574044063997,1.9120586964210662,True
2,ddelta,OWOOWWOW,OWOOWOOW,4,5,0.1015001953213807,0.0031574044063997,-0.09834279091498101,False
2,ddelta,OWOWWOOW,OWOOWOOW,4,5,-0.402116562550195,0.0031574044063997,0.40527396695659473,True
2,ddelta,OWWOWOOW,OWOOWOOW,4,5,0.7144067047631004,0.0031574044063997,-0.7112493003567008,False
2,ddelta,WWOOWOOW,OWOOWOOW,4,5,0.4390353787441348,0.0031574044063997,-0.43587797433773506,False
2,ddelta,OWOOWOWW,OWOOWOWO,4,5,-1.9089012920146664,-0.4510386511667728,1.4578626408478936,True
2,ddelta,OWOOWWWO,OWOOWOWO,4,5,-1.1682377304860152,-0.4510386511667728,0.7171990793192424,True
2,ddelta,OWOWWOWO,OWOOWOWO,4,5,-2.6485659026014536,-0.4510386511667728,2.197527251434681,True
2,ddelta,OWWOWOWO,OWOOWOWO,4,5,-1.452161341772992,-0.4510386511667728,1.0011226906062192,True
2,ddelta,WWOOWOWO,OWOOWOWO,4,5,-2.0249098778383545,-0.4510386511667728,1.5738712266715817,True
2,ddelta,OWOOWWWW,OWOOWOWW,3,4,0.5651319431431564,-1.9089012920146664,-2.474033235157823,False
2,ddelta,OWOWWOWW,OWOOWOWW,3,4,-1.53981724699619,-1.9089012920146664,-0.36908404501847647,False
2,ddelta,OWWOWOWW,OWOOWOWW,3,4,-1.70377919934058,-1.9089012920146664,-0.20512209267408643,False
2,ddelta,WWOOWOWW,OWOOWOWW,3,4,-3.8068947271341673,-1.9089012920146664,1.897993435119501,True
2,ddelta,OWOOWWOW,OWOOWWOO,4,5,0.1015001953213807,0.2582929360091313,0.15679274068775056,True
2,ddelta,OWOOWWWO,OWOOWWOO,4,5,-1.1682377304860152,0.2582929360091313,1.4265306664951465,True
2,ddelta,OWOWWWOO,OWOOWWOO,4,5,-0.4230524455110969,0.2582929360091313,0.6813453815202282,True
2,ddelta,OWWOWWOO,OWOOWWOO,4,5,0.9460900128762832,0.2582929360091313,-0.687797076867152,False
2,ddelta,WWOOWWOO,OWOOWWOO,4,5,1.2212758782509194,0.2582929360091313,-0.9629829422417882,False
2,ddelta,OWOOWWWW,OWOOWWOW,3,4,0.5651319431431564,0.1015001953213807,-0.4636317478217757,False
2,ddelta,OWOWWWOW,OWOOWWOW,3,4,-0.0713072892155253,0.1015001953213807,0.172807484536906,True
2,ddelta,OWWOWWOW,OWOOWWOW,3,4,1.7437383197808396,0.1015001953213807,-1.6422381244594588,False
2,ddelta,WWOOWWOW,OWOOWWOW,3,4,0.4202820128098541,0.1015001953213807,-0.3187818174884734,False
2,ddelta,OWOOWWWW,OWOOWWWO,3,4,0.5651319431431564,-1.1682377304860152,-1.7333696736291717,False
2,ddelta,OWOWWWWO,OWOOWWWO,3,4,-1.1729814476699518,-1.1682377304860152,0.004743717183936624,True
2,ddelta,OWWOWWWO,OWOOWWWO,3,4,-1.5289913460486255,-1.1682377304860152,0.3607536155626103,True
2,ddelta,WWOOWWWO,OWOOWWWO,3,4,-2.876272480054065,-1.1682377304860152,1.70803474956805,True
2,ddelta,OWOWWWWW,OWOOWWWW,2,3,-0.4760512445304409,0.5651319431431564,1.0411831876735973,True
2,ddelta,OWWOWWWW,OWOOWWWW,2,3,0.0781132072534695,0.5651319431431564,0.4870187358896869,True
2,ddelta,WWOOWWWW,OWOOWWWW,2,3,1.2962640492429762,0.5651319431431564,-0.7311321060998198,False
2,ddelta,OWOWOOOW,OWOWOOOO,5,6,-0.1912951045207452,-0.5348373656044634,-0.3435422610837182,False
2,ddelta,OWOWOOWO,OWOWOOOO,5,6,-1.4788239684928932,-0.5348373656044634,0.9439866028884298,True
2,ddelta,OWOWOWOO,OWOWOOOO,5,6,0.2948345999186584,-0.5348373656044634,-0.8296719655231217,False
2,ddelta,OWOWWOOO,OWOWOOOO,5,6,-0.8228840896163375,-0.5348373656044634,0.28804672401187414,True
2,ddelta,OWWWOOOO,OWOWOOOO,5,6,3.659814565004353,-0.5348373656044634,-4.194651930608816,False
2,ddelta,WWOWOOOO,OWOWOOOO,5,6,0.995405171372437,-0.5348373656044634,-1.5302425369769004,False
2,ddelta,OWOWOOWW,OWOWOOOW,4,5,-1.7813127163563105,-0.1912951045207452,1.5900176118355653,True
2,ddelta,OWOWOWOW,OWOWOOOW,4,5,0.1623481779854954,-0.1912951045207452,-0.35364328250624055,False
2,ddelta,OWOWWOOW,OWOWOOOW,4,5,-0.402116562550195,-0.1912951045207452,0.21082145802944982,True
2,ddelta,OWWWOOOW,OWOWOOOW,4,5,1.149993717830459,-0.1912951045207452,-1.341288822351204,False
2,ddelta,WWOWOOOW,OWOWOOOW,4,5,0.5493928683637829,-0.1912951045207452,-0.740687972884528,False
2,ddelta,OWOWOOWW,OWOWOOWO,4,5,-1.7813127163563105,-1.4788239684928932,0.3024887478634173,True
2,ddelta,OWOWOWWO,OWOWOOWO,4,5,-3.211469810188291,-1.4788239684928932,1.7326458416953976,True
2,ddelta,OWOWWOWO,OWOWOOWO,4,5,-2.6485659026014536,-1.4788239684928932,1.1697419341085604,True
2,ddelta,OWWWOOWO,OWOWOOWO,4,5,-0.0358116389370323,-1.4788239684928932,-1.443012329555861,False
2,ddelta,WWOWOOWO,OWOWOOWO,4,5,-1.9300977274426216,-1.4788239684928932,0.45127375894972843,True
2,ddelta,OWOWOWWW,OWOWOOWW,3,4,-0.562635082848271,-1.7813127163563105,-1.2186776335080394,False
2,ddelta,OWOWWOWW,OWOWOOWW,3,4,-1.53981724699619,-1.7813127163563105,-0.24149546936012056,False
2,ddelta,OWWWOOWW,OWOWOOWW,3,4,-1.2122412573237242,-1.7813127163563105,-0.5690714590325863,False
2,ddelta,WWOWOOWW,OWOWOOWW,3,4,-2.8926405004928215,-1.7813127163563105,1.111327784136511,True
2,ddelta,OWOWOWOW,OWOWOWOO,4,5,0.1623481779854954,0.2948345999186584,0.132486421933163,True
2,ddelta,OWOWOWWO,OWOWOWOO,4,5,-3.211469810188291,0.2948345999186584,3.5063044101069494,True
2,ddelta,OWOWWWOO,OWOWOWOO,4,5,-0.4230524455110969,0.2948345999186584,0.7178870454297552,True
2,ddelta,OWWWOWOO,OWOWOWOO,4,5,0.8611065611377193,0.2948345999186584,-0.566271961219061,False
2,ddelta,WWOWOWOO,OWOWOWOO,4,5,0.3379717808321046,0.2948345999186584,-0.043137180913446205,False
2,ddelta,OWOWOWWW,OWOWOWOW,3,4,-0.562635082848271,0.1623481779854954,0.7249832608337664,True
2,ddelta,OWOWWWOW,OWOWOWOW,3,4,-0.0713072892155253,0.1623481779854954,0.2336554672010207,True
2,ddelta,OWWWOWOW,OWOWOWOW,3,4,1.6634919314051066,0.1623481779854954,-1.5011437534196113,False
2,ddelta,WWOWOWOW,OWOWOWOW,3,4,0.3694154113499114,0.1623481779854954,-0.20706723336441601,False
2,ddelta,OWOWOWWW,OWOWOWWO,3,4,-0.562635082848271,-3.211469810188291,-2.6488347273400197,False
2,ddelta,OWOWWWWO,OWOWOWWO,3,4,-1.1729814476699518,-3.211469810188291,-2.038488362518339,False
2,ddelta,OWWWOWWO,OWOWOWWO,3,4,-3.1019272333255232,-3.211469810188291,-0.10954257686276758,False
2,ddelta,WWOWOWWO,OWOWOWWO,3,4,-5.4895289751897085,-3.211469810188291,2.2780591650014177,True
2,ddelta,OWOWWWWW,OWOWOWWW,2,3,-0.4760512445304409,-0.562635082848271,-0.08658383831783012,False
2,ddelta,OWWWOWWW,OWOWOWWW,2,3,0.2622494809114681,-0.562635082848271,-0.8248845637597391,False
2,ddelta,WWOWOWWW,OWOWOWWW,2,3,-2.4740443364741185,-0.562635082848271,1.9114092536258473,True
2,ddelta,OWOWWOOW,OWOWWOOO,4,5,-0.402116562550195,-0.8228840896163375,-0.4207675270661425,False
2,ddelta,OWOWWOWO,OWOWWOOO,4,5,-2.6485659026014536,-0.8228840896163375,1.825681812985116,True
2,ddelta,OWOWWWOO,OWOWWOOO,4,5,-0.4230524455110969,-0.8228840896163375,-0.39983164410524064,False
2,ddelta,OWWWWOOO,OWOWWOOO,4,5,0.1386484964547686,-0.8228840896163375,-0.9615325860711061,False
2,ddelta,WWOWWOOO,OWOWWOOO,4,5,0.1655015814080305,-0.8228840896163375,-0.988385671024368,False
2,ddelta,OWOWWOWW,OWOWWOOW,3,4,-1.53981724699619,-0.402116562550195,1.137700684445995,True
2,ddelta,OWOWWWOW,OWOWWOOW,3,4,-0.0713072892155253,-0.402116562550195,-0.3308092733346697,False
2,ddelta,OWWWWOOW,OWOWWOOW,3,4,1.363139557638359,-0.402116562550195,-1.765256120188554,False
2,ddelta,WWOWWOOW,OWOWWOOW,3,4,-0.590667141322436,-0.402116562550195,0.18855057877224102,True
2,ddelta,OWOWWOWW,OWOWWOWO,3,4,-1.53981724699619,-2.6485659026014536,-1.1087486556052637,False
2,ddelta,OWOWWWWO,OWOWWOWO,3,4,-1.1729814476699518,-2.6485659026014536,-1.4755844549315018,False
2,ddelta,OWWWWOWO,OWOWWOWO,3,4,-1.810641122250332,-2.6485659026014536,-0.8379247803511216,False
2,ddelta,WWOWWOWO,OWOWWOWO,3,4,-1.4726612550847673,-2.6485659026014536,-1.1759046475166863,False
2,ddelta,OWOWWWWW,OWOWWOWW,2,3,-0.4760512445304409,-1.53981724699619,-1.0637660024657491,False
2,ddelta,OWWWWOWW,OWOWWOWW,2,3,-1.7496585760223256,-1.53981724699619,0.20984132902613561,True
2,ddelta,WWOWWOWW,OWOWWOWW,2,3,-1.920721542879527,-1.53981724699619,0.3809042958833371,True
2,ddelta,OWOWWWOW,OWOWWWOO,3,4,-0.0713072892155253,-0.4230524455110969,-0.35174515629557157,False
2,ddelta,OWOWWWWO,OWOWWWOO,3,4,-1.1729814476699518,-0.4230524455110969,0.7499290021588549,True
2,ddelta,OWWWWWOO,OWOWWWOO,3,4,0.4630006047976635,-0.4230524455110969,-0.8860530503087604,False
2,ddelta,WWOWWWOO,OWOWWWOO,3,4,-0.0265891673228545,-0.4230524455110969,-0.3964632781882424,False
2,ddelta,OWOWWWWW,OWOWWWOW,2,3,-0.4760512445304409,-0.0713072892155253,0.4047439553149156,True
2,ddelta,OWWWWWOW,OWOWWWOW,2,3,1.1268876977671958,-0.0713072892155253,-1.198194986982721,False
2,ddelta,WWOWWWOW,OWOWWWOW,2,3,-1.034171063313646,-0.0713072892155253,0.9628637740981207,True
2,ddelta,OWOWWWWW,OWOWWWWO,2,3,-0.4760512445304409,-1.1729814476699518,-0.6969302031395109,False
2,ddelta,OWWWWWWO,OWOWWWWO,2,3,-0.4225744189378167,-1.1729814476699518,-0.7504070287321352,False
2,ddelta,WWOWWWWO,OWOWWWWO,2,3,-1.9796721015337284,-1.1729814476699518,0.8066906538637766,True
2,ddelta,OWWWWWWW,OWOWWWWW,1,2,1.0145319615327644,-0.4760512445304409,-1.4905832060632052,False
2,ddelta,WWOWWWWW,OWOWWWWW,1,2,0.1324898573373701,-0.4760512445304409,-0.608541101867811,False
2,ddelta,OWWOOOOW,OWWOOOOO,5,6,0.6103421263986264,1.2415105763321197,0.6311684499334933,True
2,ddelta,OWWOOOWO,OWWOOOOO,5,6,-0.8825043018081233,1.2415105763321197,2.124014878140243,True
2,ddelta,OWWOOWOO,OWWOOOOO,5,6,0.7510648462104279,1.2415105763321197,0.4904457301216918,True
2,ddelta,OWWOWOOO,OWWOOOOO,5,6,1.6850118527449254,1.2415105763321197,-0.4435012764128057,False
2,ddelta,OWWWOOOO,OWWOOOOO,5,6,3.659814565004353,1.2415105763321197,-2.4183039886722333,False
2,ddelta,WWWOOOOO,OWWOOOOO,5,6,1.5971214083781682,1.2415105763321197,-0.3556108320460485,False
2,ddelta,OWWOOOWW,OWWOOOOW,4,5,-3.627686082061959,0.6103421263986264,4.238028208460586,True
2,ddelta,OWWOOWOW,OWWOOOOW,4,5,-0.1009315432901429,0.6103421263986264,0.7112736696887693,True
2,ddelta,OWWOWOOW,OWWOOOOW,4,5,0.7144067047631004,0.6103421263986264,-0.10406457836447403,False
2,ddelta,OWWWOOOW,OWWOOOOW,4,5,1.149993717830459,0.6103421263986264,-0.5396515914318325,False
2,ddelta,WWWOOOOW,OWWOOOOW,4,5,0.3124550983556224,0.6103421263986264,0.297887028043004,True
2,ddelta,OWWOOOWW,OWWOOOWO,4,5,-3.627686082061959,-0.8825043018081233,2.745181780253836,True
2,ddelta,OWWOOWWO,OWWOOOWO,4,5,-4.372687977794983,-0.8825043018081233,3.4901836759868594,True
2,ddelta,OWWOWOWO,OWWOOOWO,4,5,-1.452161341772992,-0.8825043018081233,0.5696570399648686,True
2,ddelta,OWWWOOWO,OWWOOOWO,4,5,-0.0358116389370323,-0.8825043018081233,-0.846692662871091,False
2,ddelta,WWWOOOWO,OWWOOOWO,4,5,-1.2200496663882536,-0.8825043018081233,0.3375453645801303,True
2,ddelta,OWWOOWWW,OWWOOOWW,3,4,-1.5671480393652286,-3.627686082061959,-2.060538042696731,False
2,ddelta,OWWOWOWW,OWWOOOWW,3,4,-1.70377919934058,-3.627686082061959,-1.9239068827213792,False
2,ddelta,OWWWOOWW,OWWOOOWW,3,4,-1.2122412573237242,-3.627686082061959,-2.415444824738235,False
2,ddelta,WWWOOOWW,OWWOOOWW,3,4,-3.540479005386761,-3.627686082061959,-0.087207076675198,False
2,ddelta,OWWOOWOW,OWWOOWOO,4,5,-0.1009315432901429,0.7510648462104279,0.8519963895005708,True
2,ddelta,OWWOOWWO,OWWOOWOO,4,5,-4.372687977794983,0.7510648462104279,5.123752824005411,True
2,ddelta,OWWOWWOO,OWWOOWOO,4,5,0.9460900128762832,0.7510648462104279,-0.19502516666585534,False
2,ddelta,OWWWOWOO,OWWOOWOO,4,5,0.8611065611377193,0.7510648462104279,-0.11004171492729142,False
2,ddelta,WWWOOWOO,OWWOOWOO,4,5,0.9410103841896558,0.7510648462104279,-0.18994553797922786,False
2,ddelta,OWWOOWWW,OWWOOWOW,3,4,-1.5671480393652286,-0.1009315432901429,1.4662164960750856,True
2,ddelta,OWWOWWOW,OWWOOWOW,3,4,1.7437383197808396,-0.1009315432901429,-1.8446698630709826,False
2,ddelta,OWWWOWOW,OWWOOWOW,3,4,1.6634919314051066,-0.1009315432901429,-1.7644234746952496,False
2,ddelta,WWWOOWOW,OWWOOWOW,3,4,1.7165185837289614,-0.1009315432901429,-1.8174501270191044,False
2,ddelta,OWWOOWWW,OWWOOWWO,3,4,-1.5671480393652286,-4.372687977794983,-2.805539938429754,False
2,ddelta,OWWOWWWO,OWWOOWWO,3,4,-1.5289913460486255,-4.372687977794983,-2.843696631746357,False
2,ddelta,OWWWOWWO,OWWOOWWO,3,4,-3.1019272333255232,-4.372687977794983,-1.2707607444694595,False
2,ddelta,WWWOOWWO,OWWOOWWO,3,4,-5.986311576422828,-4.372687977794983,1.6136235986278455,True
2,ddelta,OWWOWWWW,OWWOOWWW,2,3,0.0781132072534695,-1.5671480393652286,-1.6452612466186982,False
2,ddelta,OWWWOWWW,OWWOOWWW,2,3,0.2622494809114681,-1.5671480393652286,-1.8293975202766968,False
2,ddelta,WWWOOWWW,OWWOOWWW,2,3,-2.986645230855009,-1.5671480393652286,1.4194971914897805,True
2,ddelta,OWWOWOOW,OWWOWOOO,4,5,0.7144067047631004,1.6850118527449254,0.970605147981825,True
2,ddelta,OWWOWOWO,OWWOWOOO,4,5,-1.452161341772992,1.6850118527449254,3.137173194517917,True
2,ddelta,OWWOWWOO,OWWOWOOO,4,5,0.9460900128762832,1.6850118527449254,0.7389218398686421,True
2,ddelta,OWWWWOOO,OWWOWOOO,4,5,0.1386484964547686,1.6850118527449254,1.5463633562901569,True
2,ddelta,WWWOWOOO,OWWOWOOO,4,5,2.0861315330165575,1.6850118527449254,-0.40111968027163214,False
2,ddelta,OWWOWOWW,OWWOWOOW,3,4,-1.70377919934058,0.7144067047631004,2.41818590410368,True
2,ddelta,OWWOWWOW,OWWOWOOW,3,4,1.7437383197808396,0.7144067047631004,-1.0293316150177392,False
2,ddelta,OWWWWOOW,OWWOWOOW,3,4,1.363139557638359,0.7144067047631004,-0.6487328528752585,False
2,ddelta,WWWOWOOW,OWWOWOOW,3,4,0.3619501274073092,0.7144067047631004,0.3524565773557912,True
2,ddelta,OWWOWOWW,OWWOWOWO,3,4,-1.70377919934058,-1.452161341772992,0.25161785756758803,True
2,ddelta,OWWOWWWO,OWWOWOWO,3,4,-1.5289913460486255,-1.452161341772992,0.07683000427563358,True
2,ddelta,OWWWWOWO,OWWOWOWO,3,4,-1.810641122250332,-1.452161341772992,0.3584797804773401,True
2,ddelta,WWWOWOWO,OWWOWOWO,3,4,-2.3771689047794777,-1.452161341772992,0.9250075630064858,True
2,ddelta,OWWOWWWW,OWWOWOWW,2,3,0.0781132072534695,-1.70377919934058,-1.7818924065940496,False
2,ddelta,OWWWWOWW,OWWOWOWW,2,3,-1.7496585760223256,-1.70377919934058,0.045879376681745576,True
2,ddelta,WWWOWOWW,OWWOWOWW,2,3,-1.7789319697732615,-1.70377919934058,0.07515277043268154,True
2,ddelta,OWWOWWOW,OWWOWWOO,3,4,1.7437383197808396,0.9460900128762832,-0.7976483069045563,False
2,ddelta,OWWOWWWO,OWWOWWOO,3,4,-1.5289913460486255,0.9460900128762832,2.4750813589249088,True
2,ddelta,OWWWWWOO,OWWOWWOO,3,4,0.4630006047976635,0.9460900128762832,0.4830894080786198,True
2,ddelta,WWWOWWOO,OWWOWWOO,3,4,0.9380210356074792,0.9460900128762832,0.008068977268804067,True
2,ddelta,OWWOWWWW,OWWOWWOW,2,3,0.0781132072534695,1.7437383197808396,1.66562511252737,True
2,ddelta,OWWWWWOW,OWWOWWOW,2,3,1.1268876977671958,1.7437383197808396,0.6168506220136438,True
2,ddelta,WWWOWWOW,OWWOWWOW,2,3,1.2233999541259448,1.7437383197808396,0.5203383656548948,True
2,ddelta,OWWOWWWW,OWWOWWWO,2,3,0.0781132072534695,-1.5289913460486255,-1.6071045533020951,False
2,ddelta,OWWWWWWO,OWWOWWWO,2,3,-0.4225744189378167,-1.5289913460486255,-1.1064169271108089,False
2,ddelta,WWWOWWWO,OWWOWWWO,2,3,-3.49134060462704,-1.5289913460486255,1.9623492585784146,True
2,ddelta,OWWWWWWW,OWWOWWWW,1,2,1.0145319615327644,0.0781132072534695,-0.9364187542792949,False
2,ddelta,WWWOWWWW,OWWOWWWW,1,2,-0.4363419879538723,0.0781132072534695,0.5144551952073418,True
2,ddelta,OWWWOOOW,OWWWOOOO,4,5,1.149993717830459,3.659814565004353,2.509820847173894,True
2,ddelta,OWWWOOWO,OWWWOOOO,4,5,-0.0358116389370323,3.659814565004353,3.6956262039413854,True
2,ddelta,OWWWOWOO,OWWWOOOO,4,5,0.8611065611377193,3.659814565004353,2.7987080038666337,True
2,ddelta,OWWWWOOO,OWWWOOOO,4,5,0.1386484964547686,3.659814565004353,3.5211660685495842,True
2,ddelta,WWWWOOOO,OWWWOOOO,4,5,1.9606439115905991,3.659814565004353,1.6991706534137538,True
2,ddelta,OWWWOOWW,OWWWOOOW,3,4,-1.2122412573237242,1.149993717830459,2.362234975154183,True
2,ddelta,OWWWOWOW,OWWWOOOW,3,4,1.6634919314051066,1.149993717830459,-0.5134982135746478,False
2,ddelta,OWWWWOOW,OWWWOOOW,3,4,1.363139557638359,1.149993717830459,-0.21314583980790003,False
2,ddelta,WWWWOOOW,OWWWOOOW,3,4,0.5841826117456265,1.149993717830459,0.5658111060848324,True
2,ddelta,OWWWOOWW,OWWWOOWO,3,4,-1.2122412573237242,-0.0358116389370323,1.176429618386692,True
2,ddelta,OWWWOWWO,OWWWOOWO,3,4,-3.1019272333255232,-0.0358116389370323,3.066115594388491,True
2,ddelta,OWWWWOWO,OWWWOOWO,3,4,-1.810641122250332,-0.0358116389370323,1.7748294833132998,True
2,ddelta,WWWWOOWO,OWWWOOWO,3,4,0.4186867588039956,-0.0358116389370323,-0.4544983977410279,False
2,ddelta,OWWWOWWW,OWWWOOWW,2,3,0.2622494809114681,-1.2122412573237242,-1.4744907382351924,False
2,ddelta,OWWWWOWW,OWWWOOWW,2,3,-1.7496585760223256,-1.2122412573237242,0.5374173186986013,True
2,ddelta,WWWWOOWW,OWWWOOWW,2,3,-3.0618706586722615,-1.2122412573237242,1.8496294013485373,True
2,ddelta,OWWWOWOW,OWWWOWOO,3,4,1.6634919314051066,0.8611065611377193,-0.8023853702673873,False
2,ddelta,OWWWOWWO,OWWWOWOO,3,4,-3.1019272333255232,0.8611065611377193,3.9630337944632426,True
2,ddelta,OWWWWWOO,OWWWOWOO,3,4,0.4630006047976635,0.8611065611377193,0.39810595634005586,True
2,ddelta,WWWWOWOO,OWWWOWOO,3,4,1.1074436567787205,0.8611065611377193,-0.24633709564100115,False
2,ddelta,OWWWOWWW,OWWWOWOW,2,3,0.2622494809114681,1.6634919314051066,1.4012424504936385,True
2,ddelta,OWWWWWOW,OWWWOWOW,2,3,1.1268876977671958,1.6634919314051066,0.5366042336379109,True
2,ddelta,WWWWOWOW,OWWWOWOW,2,3,1.373294708865416,1.6634919314051066,0.2901972225396907,True
2,ddelta,OWWWOWWW,OWWWOWWO,2,3,0.2622494809114681,-3.1019272333255232,-3.3641767142369914,False
2,ddelta,OWWWWWWO,OWWWOWWO,2,3,-0.4225744189378167,-3.1019272333255232,-2.6793528143877063,False
2,ddelta,WWWWOWWO,OWWWOWWO,2,3,-5.544339443088472,-3.1019272333255232,2.4424122097629484,True
2,ddelta,OWWWWWWW,OWWWOWWW,1,2,1.0145319615327644,0.2622494809114681,-0.7522824806212962,False
2,ddelta,WWWWOWWW,OWWWOWWW,1,2,0.2562145507301426,0.2622494809114681,0.006034930181325504,True
2,ddelta,OWWWWOOW,OWWWWOOO,3,4,1.363139557638359,0.1386484964547686,-1.2244910611835904,False
2,ddelta,OWWWWOWO,OWWWWOOO,3,4,-1.810641122250332,0.1386484964547686,1.9492896187051005,True
2,ddelta,OWWWWWOO,OWWWWOOO,3,4,0.4630006047976635,0.1386484964547686,-0.32435210834289485,False
2,ddelta,WWWWWOOO,OWWWWOOO,3,4,-0.1457697340595796,0.1386484964547686,0.2844182305143482,True
2,ddelta,OWWWWOWW,OWWWWOOW,2,3,-1.7496585760223256,1.363139557638359,3.1127981336606845,True
2,ddelta,OWWWWWOW,OWWWWOOW,2,3,1.1268876977671958,1.363139557638359,0.23625185987116315,True
2,ddelta,WWWWWOOW,OWWWWOOW,2,3,0.8677460932085329,1.363139557638359,0.495393464429826,True
2,ddelta,OWWWWOWW,OWWWWOWO,2,3,-1.7496585760223256,-1.810641122250332,-0.06098254622800647,False
2,ddelta,OWWWWWWO,OWWWWOWO,2,3,-0.4225744189378167,-1.810641122250332,-1.3880667033125154,False
2,ddelta,WWWWWOWO,OWWWWOWO,2,3,-1.2771158301473384,-1.810641122250332,-0.5335252921029936,False
2,ddelta,OWWWWWWW,OWWWWOWW,1,2,1.0145319615327644,-1.7496585760223256,-2.76419053755509,False
2,ddelta,WWWWWOWW,OWWWWOWW,1,2,-1.0525393562136085,-1.7496585760223256,-0.697119219808717,False
2,ddelta,OWWWWWOW,OWWWWWOO,2,3,1.1268876977671958,0.4630006047976635,-0.6638870929695323,False
2,ddelta,OWWWWWWO,OWWWWWOO,2,3,-0.4225744189378167,0.4630006047976635,0.8855750237354802,True
2,ddelta,WWWWWWOO,OWWWWWOO,2,3,0.5259721361394588,0.4630006047976635,-0.06297153134179534,False
2,ddelta,OWWWWWWW,OWWWWWOW,1,2,1.0145319615327644,1.1268876977671958,0.1123557362344314,True
2,ddelta,WWWWWWOW,OWWWWWOW,1,2,0.8951165833885414,1.1268876977671958,0.23177111437865439,True
2,ddelta,OWWWWWWW,OWWWWWWO,1,2,1.0145319615327644,-0.4225744189378167,-1.437106380470581,False
2,ddelta,WWWWWWWO,OWWWWWWO,1,2,-0.2721985171319782,-0.4225744189378167,-0.15037590180583854,False
2,ddelta,WWWWWWWW,OWWWWWWW,0,1,0.7178036040308651,1.0145319615327644,0.2967283575018993,True
2,ddelta,WOOOOOOW,WOOOOOOO,6,7,-0.8846961116824353,0.3897361868526794,1.2744322985351149,True
2,ddelta,WOOOOOWO,WOOOOOOO,6,7,-2.282910668265619,0.3897361868526794,2.6726468551182982,True
2,ddelta,WOOOOWOO,WOOOOOOO,6,7,-0.635881860404111,0.3897361868526794,1.0256180472567904,True
2,ddelta,WOOOWOOO,WOOOOOOO,6,7,1.4516196177933849,0.3897361868526794,-1.0618834309407055,False
2,ddelta,WOOWOOOO,WOOOOOOO,6,7,0.5961458675520981,0.3897361868526794,-0.20640968069941867,False
2,ddelta,WOWOOOOO,WOOOOOOO,6,7,1.5384893849777956,0.3897361868526794,-1.1487531981251162,False
2,ddelta,WWOOOOOO,WOOOOOOO,6,7,2.081749859154251,0.3897361868526794,-1.6920136723015717,False
2,ddelta,WOOOOOWW,WOOOOOOW,5,6,-5.752873551230126,-0.8846961116824353,4.86817743954769,True
2,ddelta,WOOOOWOW,WOOOOOOW,5,6,-0.3474914176130715,-0.8846961116824353,-0.5372046940693638,False
2,ddelta,WOOOWOOW,WOOOOOOW,5,6,-0.3971340787221219,-0.8846961116824353,-0.4875620329603134,False
2,ddelta,WOOWOOOW,WOOOOOOW,5,6,-0.3002176141821551,-0.8846961116824353,-0.5844784975002802,False
2,ddelta,WOWOOOOW,WOOOOOOW,5,6,1.4235392806270792,-0.8846961116824353,-2.3082353923095145,False
2,ddelta,WWOOOOOW,WOOOOOOW,5,6,1.3917517420521517,-0.8846961116824353,-2.276447853734587,False
2,ddelta,WOOOOOWW,WOOOOOWO,5,6,-5.752873551230126,-2.282910668265619,3.4699628829645066,True
2,ddelta,WOOOOWWO,WOOOOOWO,5,6,-4.88970179219472,-2.282910668265619,2.606791123929101,True
2,ddelta,WOOOWOWO,WOOOOOWO,5,6,-1.21155337793826,-2.282910668265619,-1.0713572903273592,False
2,ddelta,WOOWOOWO,WOOOOOWO,5,6,-1.2635870466581105,-2.282910668265619,-1.0193236216075086,False
2,ddelta,WOWOOOWO,WOOOOOWO,5,6,-1.8348769768981892,-2.282910668265619,-0.4480336913674299,False
2,ddelta,WWOOOOWO,WOOOOOWO,5,6,-2.89703139264677,-2.282910668265619,0.6141207243811508,True
2,ddelta,WOOOOWWW,WOOOOOWW,4,5,-2.65817772281027,-5.752873551230126,-3.0946958284198556,False
2,ddelta,WOOOWOWW,WOOOOOWW,4,5,-3.0229950787661415,-5.752873551230126,-2.729878472463984,False
2,ddelta,WOOWOOWW,WOOOOOWW,4,5,-2.700129824040584,-5.752873551230126,-3.0527437271895415,False
2,ddelta,WOWOOOWW,WOOOOOWW,4,5,-3.8770242054279143,-5.752873551230126,-1.8758493458022114,False
2,ddelta,WWOOOOWW,WOOOOOWW,4,5,-4.227516768275369,-5.752873551230126,-1.5253567829547565,False
2,ddelta,WOOOOWOW,WOOOOWOO,5,6,-0.3474914176130715,-0.635881860404111,-0.2883904427910395,False
2,ddelta,WOOOOWWO,WOOOOWOO,5,6,-4.88970179219472,-0.635881860404111,4.253819931790609,True
2,ddelta,WOOOWWOO,WOOOOWOO,5,6,0.4532396301125267,-0.635881860404111,-1.0891214905166378,False
2,ddelta,WOOWOWOO,WOOOOWOO,5,6,0.5047199020268716,-0.635881860404111,-1.1406017624309825,False
2,ddelta,WOWOOWOO,WOOOOWOO,5,6,4.770094620911653,-0.635881860404111,-5.405976481315764,False
2,ddelta,WWOOOWOO,WOOOOWOO,5,6,-0.5155916319549225,-0.635881860404111,-0.12029022844918846,False
2,ddelta,WOOOOWWW,WOOOOWOW,4,5,-2.65817772281027,-0.3474914176130715,2.3106863051971986,True
2,ddelta,WOOOWWOW,WOOOOWOW,4,5,1.070053110915445,-0.3474914176130715,-1.4175445285285164,False
2,ddelta,WOOWOWOW,WOOOOWOW,4,5,0.1036201513407744,-0.3474914176130715,-0.4511115689538459,False
2,ddelta,WOWOOWOW,WOOOOWOW,4,5,-0.3164544580930676,-0.3474914176130715,-0.031036959520003904,False
2,ddelta,WWOOOWOW,WOOOOWOW,4,5,-0.0033386903145806,-0.3474914176130715,-0.3441527272984909,False
2,ddelta,WOOOOWWW,WOOOOWWO,4,5,-2.65817772281027,-4.88970179219472,-2.23152406938445,False
2,ddelta,WOOOWWWO,WOOOOWWO,4,5,-2.7269018272068015,-4.88970179219472,-2.1627999649879186,False
2,ddelta,WOOWOWWO,WOOOOWWO,4,5,-3.052538403047793,-4.88970179219472,-1.837163389146927,False
2,ddelta,WOWOOWWO,WOOOOWWO,4,5,-5.979022133382722,-4.88970179219472,1.0893203411880021,True
2,ddelta,WWOOOWWO,WOOOOWWO,4,5,-2.530713579900539,-4.88970179219472,-2.358988212294181,False
2,ddelta,WOOOWWWW,WOOOOWWW,3,4,-0.8103054348830112,-2.65817772281027,-1.8478722879272589,False
2,ddelta,WOOWOWWW,WOOOOWWW,3,4,-1.4798137605698205,-2.65817772281027,-1.1783639622404496,False
2,ddelta,WOWOOWWW,WOOOOWWW,3,4,-0.4112260931031333,-2.65817772281027,-2.246951629707137,False
2,ddelta,WWOOOWWW,WOOOOWWW,3,4,-3.151289829882309,-2.65817772281027,0.4931121070720388,True
2,ddelta,WOOOWOOW,WOOOWOOO,5,6,-0.3971340787221219,1.4516196177933849,1.848753696515507,True
2,ddelta,WOOOWOWO,WOOOWOOO,5,6,-1.21155337793826,1.4516196177933849,2.663172995731645,True
2,ddelta,WOOOWWOO,WOOOWOOO,5,6,0.4532396301125267,1.4516196177933849,0.9983799876808581,True
2,ddelta,WOOWWOOO,WOOOWOOO,5,6,0.149231984968867,1.4516196177933849,1.3023876328245179,True
2,ddelta,WOWOWOOO,WOOOWOOO,5,6,1.124025932443059,1.4516196177933849,0.32759368535032585,True
2,ddelta,WWOOWOOO,WOOOWOOO,5,6,2.8371965919168276,1.4516196177933849,-1.3855769741234427,False
2,ddelta,WOOOWOWW,WOOOWOOW,4,5,-3.0229950787661415,-0.3971340787221219,2.6258610000440195,True
2,ddelta,WOOOWWOW,WOOOWOOW,4,5,1.070053110915445,-0.3971340787221219,-1.467187189637567,False
2,ddelta,WOOWWOOW,WOOOWOOW,4,5,0.6549776568714816,-0.3971340787221219,-1.0521117355936034,False
2,ddelta,WOWOWOOW,WOOOWOOW,4,5,1.827431706080581,-0.3971340787221219,-2.224565784802703,False
2,ddelta,WWOOWOOW,WOOOWOOW,4,5,0.4390353787441348,-0.3971340787221219,-0.8361694574662567,False
2,ddelta,WOOOWOWW,WOOOWOWO,4,5,-3.0229950787661415,-1.21155337793826,1.8114417008278816,True
2,ddelta,WOOOWWWO,WOOOWOWO,4,5,-2.7269018272068015,-1.21155337793826,1.5153484492685416,True
2,ddelta,WOOWWOWO,WOOOWOWO,4,5,-1.540397621299581,-1.21155337793826,0.328844243361321,True
2,ddelta,WOWOWOWO,WOOOWOWO,4,5,-1.5053828364045938,-1.21155337793826,0.2938294584663339,True
2,ddelta,WWOOWOWO,WOOOWOWO,4,5,-2.0249098778383545,-1.21155337793826,0.8133564999000946,True
2,ddelta,WOOOWWWW,WOOOWOWW,3,4,-0.8103054348830112,-3.0229950787661415,-2.21268964388313,False
2,ddelta,WOOWWOWW,WOOOWOWW,3,4,-1.5120889700716995,-3.0229950787661415,-1.510906108694442,False
2,ddelta,WOWOWOWW,WOOOWOWW,3,4,-1.505817955311008,-3.0229950787661415,-1.5171771234551334,False
2,ddelta,WWOOWOWW,WOOOWOWW,3,4,-3.8068947271341673,-3.0229950787661415,0.7838996483680258,True
2,ddelta,WOOOWWOW,WOOOWWOO,4,5,1.070053110915445,0.4532396301125267,-0.6168134808029182,False
2,ddelta,WOOOWWWO,WOOOWWOO,4,5,-2.7269018272068015,0.4532396301125267,3.180141457319328,True
2,ddelta,WOOWWWOO,WOOOWWOO,4,5,-0.2413803107338887,0.4532396301125267,0.6946199408464154,True
2,ddelta,WOWOWWOO,WOOOWWOO,4,5,1.5334071192761298,0.4532396301125267,-1.080167489163603,False
2,ddelta,WWOOWWOO,WOOOWWOO,4,5,1.2212758782509194,0.4532396301125267,-0.7680362481383927,False
2,ddelta,WOOOWWWW,WOOOWWOW,3,4,-0.8103054348830112,1.070053110915445,1.8803585457984562,True
2,ddelta,WOOWWWOW,WOOOWWOW,3,4,0.5226986867909046,1.070053110915445,0.5473544241245404,True
2,ddelta,WOWOWWOW,WOOOWWOW,3,4,0.7798368386226283,1.070053110915445,0.29021627229281666,True
2,ddelta,WWOOWWOW,WOOOWWOW,3,4,0.4202820128098541,1.070053110915445,0.6497710981055909,True
2,ddelta,WOOOWWWW,WOOOWWWO,3,4,-0.8103054348830112,-2.7269018272068015,-1.9165963923237903,False
2,ddelta,WOOWWWWO,WOOOWWWO,3,4,-1.7678541462460708,-2.7269018272068015,-0.9590476809607307,False
2,ddelta,WOWOWWWO,WOOOWWWO,3,4,-1.5462376328843446,-2.7269018272068015,-1.180664194322457,False
2,ddelta,WWOOWWWO,WOOOWWWO,3,4,-2.876272480054065,-2.7269018272068015,0.14937065284726359,True
2,ddelta,WOOWWWWW,WOOOWWWW,2,3,-0.1890008246847871,-0.8103054348830112,-0.6213046101982241,False
2,ddelta,WOWOWWWW,WOOOWWWW,2,3,-0.6560485027805306,-0.8103054348830112,-0.1542569321024806,False
2,ddelta,WWOOWWWW,WOOOWWWW,2,3,1.2962640492429762,-0.8103054348830112,-2.1065694841259877,False
2,ddelta,WOOWOOOW,WOOWOOOO,5,6,-0.3002176141821551,0.5961458675520981,0.8963634817342532,True
2,ddelta,WOOWOOWO,WOOWOOOO,5,6,-1.2635870466581105,0.5961458675520981,1.8597329142102086,True
2,ddelta,WOOWOWOO,WOOWOOOO,5,6,0.5047199020268716,0.5961458675520981,0.09142596552522653,True
2,ddelta,WOOWWOOO,WOOWOOOO,5,6,0.149231984968867,0.5961458675520981,0.44691388258323106,True
2,ddelta,WOWWOOOO,WOOWOOOO,5,6,2.9942440871064933,0.5961458675520981,-2.398098219554395,False
2,ddelta,WWOWOOOO,WOOWOOOO,5,6,0.995405171372437,0.5961458675520981,-0.3992593038203389,False
2,ddelta,WOOWOOWW,WOOWOOOW,4,5,-2.700129824040584,-0.3002176141821551,2.399912209858429,True
2,ddelta,WOOWOWOW,WOOWOOOW,4,5,0.1036201513407744,-0.3002176141821551,-0.4038377655229295,False
2,ddelta,WOOWWOOW,WOOWOOOW,4,5,0.6549776568714816,-0.3002176141821551,-0.9551952710536367,False
2,ddelta,WOWWOOOW,WOOWOOOW,4,5,2.660128745105997,-0.3002176141821551,-2.9603463592881525,False
2,ddelta,WWOWOOOW,WOOWOOOW,4,5,0.5493928683637829,-0.3002176141821551,-0.849610482545938,False
2,ddelta,WOOWOOWW,WOOWOOWO,4,5,-2.700129824040584,-1.2635870466581105,1.4365427773824737,True
2,ddelta,WOOWOWWO,WOOWOOWO,4,5,-3.052538403047793,-1.2635870466581105,1.7889513563896826,True
2,ddelta,WOOWWOWO,WOOWOOWO,4,5,-1.540397621299581,-1.2635870466581105,0.2768105746414704,True
2,ddelta,WOWWOOWO,WOOWOOWO,4,5,0.26052099566819,-1.2635870466581105,-1.5241080423263005,False
2,ddelta,WWOWOOWO,WOOWOOWO,4,5,-1.9300977274426216,-1.2635870466581105,0.6665106807845111,True
2,ddelta,WOOWOWWW,WOOWOOWW,3,4,-1.4798137605698205,-2.700129824040584,-1.2203160634707637,False
2,ddelta,WOOWWOWW,WOOWOOWW,3,4,-1.5120889700716995,-2.700129824040584,-1.1880408539688847,False
2,ddelta,WOWWOOWW,WOOWOOWW,3,4,-1.0494458487291265,-2.700129824040584,-1.6506839753114577,False
2,ddelta,WWOWOOWW,WOOWOOWW,3,4,-2.8926405004928215,-2.700129824040584,0.1925106764522373,True
2,ddelta,WOOWOWOW,WOOWOWOO,4,5,0.1036201513407744,0.5047199020268716,0.40109975068609716,True
2,ddelta,WOOWOWWO,WOOWOWOO,4,5,-3.052538403047793,0.5047199020268716,3.5572583050746647,True
2,ddelta,WOOWWWOO,WOOWOWOO,4,5,-0.2413803107338887,0.5047199020268716,0.7461002127607602,True
2,ddelta,WOWWOWOO,WOOWOWOO,4,5,1.7077567044663522,0.5047199020268716,-1.2030368024394806,False
2,ddelta,WWOWOWOO,WOOWOWOO,4,5,0.3379717808321046,0.5047199020268716,0.16674812119476695,True
2,ddelta,WOOWOWWW,WOOWOWOW,3,4,-1.4798137605698205,0.1036201513407744,1.583433911910595,True
2,ddelta,WOOWWWOW,WOOWOWOW,3,4,0.5226986867909046,0.1036201513407744,-0.4190785354501302,False
2,ddelta,WOWWOWOW,WOOWOWOW,3,4,1.583620103317224,0.1036201513407744,-1.4799999519764495,False
2,ddelta,WWOWOWOW,WOOWOWOW,3,4,0.3694154113499114,0.1036201513407744,-0.265795260009137,False
2,ddelta,WOOWOWWW,WOOWOWWO,3,4,-1.4798137605698205,-3.052538403047793,-1.5727246424779726,False
2,ddelta,WOOWWWWO,WOOWOWWO,3,4,-1.7678541462460708,-3.052538403047793,-1.2846842568017223,False
2,ddelta,WOWWOWWO,WOOWOWWO,3,4,-3.1391536049374356,-3.052538403047793,0.08661520188964245,True
2,ddelta,WWOWOWWO,WOOWOWWO,3,4,-5.4895289751897085,-3.052538403047793,2.4369905721419154,True
2,ddelta,WOOWWWWW,WOOWOWWW,2,3,-0.1890008246847871,-1.4798137605698205,-1.2908129358850333,False
2,ddelta,WOWWOWWW,WOOWOWWW,2,3,-0.6045643044834125,-1.4798137605698205,-0.875249456086408,False
2,ddelta,WWOWOWWW,WOOWOWWW,2,3,-2.4740443364741185,-1.4798137605698205,0.994230575904298,True
2,ddelta,WOOWWOOW,WOOWWOOO,4,5,0.6549776568714816,0.149231984968867,-0.5057456719026145,False
2,ddelta,WOOWWOWO,WOOWWOOO,4,5,-1.540397621299581,0.149231984968867,1.689629606268448,True
2,ddelta,WOOWWWOO,WOOWWOOO,4,5,-0.2413803107338887,0.149231984968867,0.3906122957027557,True
2,ddelta,WOWWWOOO,WOOWWOOO,4,5,1.1280849198839071,0.149231984968867,-0.9788529349150401,False
2,ddelta,WWOWWOOO,WOOWWOOO,4,5,0.1655015814080305,0.149231984968867,-0.01626959643916351,False
2,ddelta,WOOWWOWW,WOOWWOOW,3,4,-1.5120889700716995,0.6549776568714816,2.167066626943181,True
2,ddelta,WOOWWWOW,WOOWWOOW,3,4,0.5226986867909046,0.6549776568714816,0.13227897008057699,True
2,ddelta,WOWWWOOW,WOOWWOOW,3,4,0.4884983937544083,0.6549776568714816,0.16647926311707328,True
2,ddelta,WWOWWOOW,WOOWWOOW,3,4,-0.590667141322436,0.6549776568714816,1.2456447981939176,True
2,ddelta,WOOWWOWW,WOOWWOWO,3,4,-1.5120889700716995,-1.540397621299581,-0.0283086512278814,False
2,ddelta,WOOWWWWO,WOOWWOWO,3,4,-1.7678541462460708,-1.540397621299581,0.22745652494648994,True
2,ddelta,WOWWWOWO,WOOWWOWO,3,4,0.3853686623285096,-1.540397621299581,-1.9257662836280904,False
2,ddelta,WWOWWOWO,WOOWWOWO,3,4,-1.4726612550847673,-1.540397621299581,-0.0677363662148136,False
2,ddelta,WOOWWWWW,WOOWWOWW,2,3,-0.1890008246847871,-1.5120889700716995,-1.3230881453869123,False
2,ddelta,WOWWWOWW,WOOWWOWW,2,3,-0.6047505324243045,-1.5120889700716995,-0.907338437647395,False
2,ddelta,WWOWWOWW,WOOWWOWW,2,3,-1.920721542879527,-1.5120889700716995,0.4086325728078275,True
2,ddelta,WOOWWWOW,WOOWWWOO,3,4,0.5226986867909046,-0.2413803107338887,-0.7640789975247932,False
2,ddelta,WOOWWWWO,WOOWWWOO,3,4,-1.7678541462460708,-0.2413803107338887,1.526473835512182,True
2,ddelta,WOWWWWOO,WOOWWWOO,3,4,1.3478303986963391,-0.2413803107338887,-1.589210709430228,False
2,ddelta,WWOWWWOO,WOOWWWOO,3,4,-0.0265891673228545,-0.2413803107338887,-0.2147911434110342,False
2,ddelta,WOOWWWWW,WOOWWWOW,2,3,-0.1890008246847871,0.5226986867909046,0.7116995114756917,True
2,ddelta,WOWWWWOW,WOOWWWOW,2,3,1.2395995125118784,0.5226986867909046,-0.7169008257209738,False
2,ddelta,WWOWWWOW,WOOWWWOW,2,3,-1.034171063313646,0.5226986867909046,1.5568697501045508,True
2,ddelta,WOOWWWWW,WOOWWWWO,2,3,-0.1890008246847871,-1.7678541462460708,-1.5788533215612837,False
2,ddelta,WOWWWWWO,WOOWWWWO,2,3,-0.6345166585753372,-1.7678541462460708,-1.1333374876707336,False
2,ddelta,WWOWWWWO,WOOWWWWO,2,3,-1.9796721015337284,-1.7678541462460708,0.21181795528765757,True
2,ddelta,WOWWWWWW,WOOWWWWW,1,2,-0.1342353835406174,-0.1890008246847871,-0.0547654411441697,False
2,ddelta,WWOWWWWW,WOOWWWWW,1,2,0.1324898573373701,-0.1890008246847871,-0.3214906820221572,False
2,ddelta,WOWOOOOW,WOWOOOOO,5,6,1.4235392806270792,1.5384893849777956,0.1149501043507164,True
2,ddelta,WOWOOOWO,WOWOOOOO,5,6,-1.8348769768981892,1.5384893849777956,3.373366361875985,True
2,ddelta,WOWOOWOO,WOWOOOOO,5,6,4.770094620911653,1.5384893849777956,-3.2316052359338574,False
2,ddelta,WOWOWOOO,WOWOOOOO,5,6,1.124025932443059,1.5384893849777956,0.4144634525347366,True
2,ddelta,WOWWOOOO,WOWOOOOO,5,6,2.9942440871064933,1.5384893849777956,-1.4557547021286976,False
2,ddelta,WWWOOOOO,WOWOOOOO,5,6,1.5971214083781682,1.5384893849777956,-0.058632023400372546,False
2,ddelta,WOWOOOWW,WOWOOOOW,4,5,-3.8770242054279143,1.4235392806270792,5.300563486054994,True
2,ddelta,WOWOOWOW,WOWOOOOW,4,5,-0.3164544580930676,1.4235392806270792,1.739993738720147,True
2,ddelta,WOWOWOOW,WOWOOOOW,4,5,1.827431706080581,1.4235392806270792,-0.4038924254535017,False
2,ddelta,WOWWOOOW,WOWOOOOW,4,5,2.660128745105997,1.4235392806270792,-1.236589464478918,False
2,ddelta,WWWOOOOW,WOWOOOOW,4,5,0.3124550983556224,1.4235392806270792,1.1110841822714568,True
2,ddelta,WOWOOOWW,WOWOOOWO,4,5,-3.8770242054279143,-1.8348769768981892,2.042147228529725,True
2,ddelta,WOWOOWWO,WOWOOOWO,4,5,-5.979022133382722,-1.8348769768981892,4.144145156484533,True
2,ddelta,WOWOWOWO,WOWOOOWO,4,5,-1.5053828364045938,-1.8348769768981892,-0.3294941404935954,False
2,ddelta,WOWWOOWO,WOWOOOWO,4,5,0.26052099566819,-1.8348769768981892,-2.095397972566379,False
2,ddelta,WWWOOOWO,WOWOOOWO,4,5,-1.2200496663882536,-1.8348769768981892,-0.6148273105099356,False
2,ddelta,WOWOOWWW,WOWOOOWW,3,4,-0.4112260931031333,-3.8770242054279143,-3.465798112324781,False
2,ddelta,WOWOWOWW,WOWOOOWW,3,4,-1.505817955311008,-3.8770242054279143,-2.3712062501169062,False
2,ddelta,WOWWOOWW,WOWOOOWW,3,4,-1.0494458487291265,-3.8770242054279143,-2.8275783566987878,False
2,ddelta,WWWOOOWW,WOWOOOWW,3,4,-3.540479005386761,-3.8770242054279143,-0.33654520004115307,False
2,ddelta,WOWOOWOW,WOWOOWOO,4,5,-0.3164544580930676,4.770094620911653,5.086549079004721,True
2,ddelta,WOWOOWWO,WOWOOWOO,4,5,-5.979022133382722,4.770094620911653,10.749116754294375,True
2,ddelta,WOWOWWOO,WOWOOWOO,4,5,1.5334071192761298,4.770094620911653,3.236687501635523,True
2,ddelta,WOWWOWOO,WOWOOWOO,4,5,1.7077567044663522,4.770094620911653,3.062337916445301,True
2,ddelta,WWWOOWOO,WOWOOWOO,4,5,0.9410103841896558,4.770094620911653,3.8290842367219975,True
2,ddelta,WOWOOWWW,WOWOOWOW,3,4,-0.4112260931031333,-0.3164544580930676,0.09477163501006569,True
2,ddelta,WOWOWWOW,WOWOOWOW,3,4,0.7798368386226283,-0.3164544580930676,-1.096291296715696,False
2,ddelta,WOWWOWOW,WOWOOWOW,3,4,1.583620103317224,-0.3164544580930676,-1.9000745614102916,False
2,ddelta,WWWOOWOW,WOWOOWOW,3,4,1.7165185837289614,-0.3164544580930676,-2.032973041822029,False
2,ddelta,WOWOOWWW,WOWOOWWO,3,4,-0.4112260931031333,-5.979022133382722,-5.567796040279589,False
2,ddelta,WOWOWWWO,WOWOOWWO,3,4,-1.5462376328843446,-5.979022133382722,-4.432784500498378,False
2,ddelta,WOWWOWWO,WOWOOWWO,3,4,-3.1391536049374356,-5.979022133382722,-2.8398685284452867,False
2,ddelta,WWWOOWWO,WOWOOWWO,3,4,-5.986311576422828,-5.979022133382722,0.007289443040106036,True
2,ddelta,WOWOWWWW,WOWOOWWW,2,3,-0.6560485027805306,-0.4112260931031333,0.24482240967739732,True
2,ddelta,WOWWOWWW,WOWOOWWW,2,3,-0.6045643044834125,-0.4112260931031333,0.19333821138027918,True
2,ddelta,WWWOOWWW,WOWOOWWW,2,3,-2.986645230855009,-0.4112260931031333,2.575419137751876,True
2,ddelta,WOWOWOOW,WOWOWOOO,4,5,1.827431706080581,1.124025932443059,-0.7034057736375219,False
2,ddelta,WOWOWOWO,WOWOWOOO,4,5,-1.5053828364045938,1.124025932443059,2.629408768847653,True
2,ddelta,WOWOWWOO,WOWOWOOO,4,5,1.5334071192761298,1.124025932443059,-0.4093811868330708,False
2,ddelta,WOWWWOOO,WOWOWOOO,4,5,1.1280849198839071,1.124025932443059,-0.004058987440848094,False
2,ddelta,WWWOWOOO,WOWOWOOO,4,5,2.0861315330165575,1.124025932443059,-0.9621056005734985,False
2,ddelta,WOWOWOWW,WOWOWOOW,3,4,-1.505817955311008,1.827431706080581,3.333249661391589,True
2,ddelta,WOWOWWOW,WOWOWOOW,3,4,0.7798368386226283,1.827431706080581,1.0475948674579527,True
2,ddelta,WOWWWOOW,WOWOWOOW,3,4,0.4884983937544083,1.827431706080581,1.3389333123261726,True
2,ddelta,WWWOWOOW,WOWOWOOW,3,4,0.3619501274073092,1.827431706080581,1.4654815786732718,True
2,ddelta,WOWOWOWW,WOWOWOWO,3,4,-1.505817955311008,-1.5053828364045938,0.00043511890641423356,True
2,ddelta,WOWOWWWO,WOWOWOWO,3,4,-1.5462376328843446,-1.5053828364045938,0.040854796479750766,True
2,ddelta,WOWWWOWO,WOWOWOWO,3,4,0.3853686623285096,-1.5053828364045938,-1.8907514987331033,False
2,ddelta,WWWOWOWO,WOWOWOWO,3,4,-2.3771689047794777,-1.5053828364045938,0.8717860683748839,True
2,ddelta,WOWOWWWW,WOWOWOWW,2,3,-0.6560485027805306,-1.505817955311008,-0.8497694525304774,False
2,ddelta,WOWWWOWW,WOWOWOWW,2,3,-0.6047505324243045,-1.505817955311008,-0.9010674228867035,False
2,ddelta,WWWOWOWW,WOWOWOWW,2,3,-1.7789319697732615,-1.505817955311008,0.2731140144622535,True
2,ddelta,WOWOWWOW,WOWOWWOO,3,4,0.7798368386226283,1.5334071192761298,0.7535702806535015,True
2,ddelta,WOWOWWWO,WOWOWWOO,3,4,-1.5462376328843446,1.5334071192761298,3.0796447521604744,True
2,ddelta,WOWWWWOO,WOWOWWOO,3,4,1.3478303986963391,1.5334071192761298,0.1855767205797907,True
2,ddelta,WWWOWWOO,WOWOWWOO,3,4,0.9380210356074792,1.5334071192761298,0.5953860836686506,True
2,ddelta,WOWOWWWW,WOWOWWOW,2,3,-0.6560485027805306,0.7798368386226283,1.435885341403159,True
2,ddelta,WOWWWWOW,WOWOWWOW,2,3,1.2395995125118784,0.7798368386226283,-0.4597626738892501,False
2,ddelta,WWWOWWOW,WOWOWWOW,2,3,1.2233999541259448,0.7798368386226283,-0.4435631155033165,False
2,ddelta,WOWOWWWW,WOWOWWWO,2,3,-0.6560485027805306,-1.5462376328843446,-0.890189130103814,False
2,ddelta,WOWWWWWO,WOWOWWWO,2,3,-0.6345166585753372,-1.5462376328843446,-0.9117209743090073,False
2,ddelta,WWWOWWWO,WOWOWWWO,2,3,-3.49134060462704,-1.5462376328843446,1.9451029717426955,True
2,ddelta,WOWWWWWW,WOWOWWWW,1,2,-0.1342353835406174,-0.6560485027805306,-0.5218131192399132,False
2,ddelta,WWWOWWWW,WOWOWWWW,1,2,-0.4363419879538723,-0.6560485027805306,-0.21970651482665832,False
2,ddelta,WOWWOOOW,WOWWOOOO,4,5,2.660128745105997,2.9942440871064933,0.3341153420004961,True
2,ddelta,WOWWOOWO,WOWWOOOO,4,5,0.26052099566819,2.9942440871064933,2.7337230914383035,True
2,ddelta,WOWWOWOO,WOWWOOOO,4,5,1.7077567044663522,2.9942440871064933,1.286487382640141,True
2,ddelta,WOWWWOOO,WOWWOOOO,4,5,1.1280849198839071,2.9942440871064933,1.8661591672225861,True
2,ddelta,WWWWOOOO,WOWWOOOO,4,5,1.9606439115905991,2.9942440871064933,1.0336001755158941,True
2,ddelta,WOWWOOWW,WOWWOOOW,3,4,-1.0494458487291265,2.660128745105997,3.7095745938351237,True
2,ddelta,WOWWOWOW,WOWWOOOW,3,4,1.583620103317224,2.660128745105997,1.0765086417887733,True
2,ddelta,WOWWWOOW,WOWWOOOW,3,4,0.4884983937544083,2.660128745105997,2.171630351351589,True
2,ddelta,WWWWOOOW,WOWWOOOW,3,4,0.5841826117456265,2.660128745105997,2.075946133360371,True
2,ddelta,WOWWOOWW,WOWWOOWO,3,4,-1.0494458487291265,0.26052099566819,1.3099668443973165,True
2,ddelta,WOWWOWWO,WOWWOOWO,3,4,-3.1391536049374356,0.26052099566819,3.3996746006056258,True
2,ddelta,WOWWWOWO,WOWWOOWO,3,4,0.3853686623285096,0.26052099566819,-0.1248476666603196,False
2,ddelta,WWWWOOWO,WOWWOOWO,3,4,0.4186867588039956,0.26052099566819,-0.1581657631358056,False
2,ddelta,WOWWOWWW,WOWWOOWW,2,3,-0.6045643044834125,-1.0494458487291265,-0.444881544245714,False
2,ddelta,WOWWWOWW,WOWWOOWW,2,3,-0.6047505324243045,-1.0494458487291265,-0.44469531630482195,False
2,ddelta,WWWWOOWW,WOWWOOWW,2,3,-3.0618706586722615,-1.0494458487291265,2.012424809943135,True
2,ddelta,WOWWOWOW,WOWWOWOO,3,4,1.583620103317224,1.7077567044663522,0.12413660114912828,True
2,ddelta,WOWWOWWO,WOWWOWOO,3,4,-3.1391536049374356,1.7077567044663522,4.846910309403787,True
2,ddelta,WOWWWWOO,WOWWOWOO,3,4,1.3478303986963391,1.7077567044663522,0.35992630577001306,True
2,ddelta,WWWWOWOO,WOWWOWOO,3,4,1.1074436567787205,1.7077567044663522,0.6003130476876317,True
2,ddelta,WOWWOWWW,WOWWOWOW,2,3,-0.6045643044834125,1.583620103317224,2.1881844078006365,True
2,ddelta,WOWWWWOW,WOWWOWOW,2,3,1.2395995125118784,1.583620103317224,0.3440205908053455,True
2,ddelta,WWWWOWOW,WOWWOWOW,2,3,1.373294708865416,1.583620103317224,0.21032539445180798,True
2,ddelta,WOWWOWWW,WOWWOWWO,2,3,-0.6045643044834125,-3.1391536049374356,-2.534589300454023,False
2,ddelta,WOWWWWWO,WOWWOWWO,2,3,-0.6345166585753372,-3.1391536049374356,-2.5046369463620985,False
2,ddelta,WWWWOWWO,WOWWOWWO,2,3,-5.544339443088472,-3.1391536049374356,2.405185838151036,True
2,ddelta,WOWWWWWW,WOWWOWWW,1,2,-0.1342353835406174,-0.6045643044834125,-0.4703289209427951,False
2,ddelta,WWWWOWWW,WOWWOWWW,1,2,0.2562145507301426,-0.6045643044834125,-0.8607788552135551,False
2,ddelta,WOWWWOOW,WOWWWOOO,3,4,0.4884983937544083,1.1280849198839071,0.6395865261294988,True
2,ddelta,WOWWWOWO,WOWWWOOO,3,4,0.3853686623285096,1.1280849198839071,0.7427162575553976,True
2,ddelta,WOWWWWOO,WOWWWOOO,3,4,1.3478303986963391,1.1280849198839071,-0.219745478812432,False
2,ddelta,WWWWWOOO,WOWWWOOO,3,4,-0.1457697340595796,1.1280849198839071,1.2738546539434867,True
2,ddelta,WOWWWOWW,WOWWWOOW,2,3,-0.6047505324243045,0.4884983937544083,1.0932489261787128,True
2,ddelta,WOWWWWOW,WOWWWOOW,2,3,1.2395995125118784,0.4884983937544083,-0.7511011187574701,False
2,ddelta,WWWWWOOW,WOWWWOOW,2,3,0.8677460932085329,0.4884983937544083,-0.3792476994541246,False
2,ddelta,WOWWWOWW,WOWWWOWO,2,3,-0.6047505324243045,0.3853686623285096,0.9901191947528141,True
2,ddelta,WOWWWWWO,WOWWWOWO,2,3,-0.6345166585753372,0.3853686623285096,1.0198853209038468,True
2,ddelta,WWWWWOWO,WOWWWOWO,2,3,-1.2771158301473384,0.3853686623285096,1.662484492475848,True
2,ddelta,WOWWWWWW,WOWWWOWW,1,2,-0.1342353835406174,-0.6047505324243045,-0.4705151488836872,False
2,ddelta,WWWWWOWW,WOWWWOWW,1,2,-1.0525393562136085,-0.6047505324243045,0.44778882378930396,True
2,ddelta,WOWWWWOW,WOWWWWOO,2,3,1.2395995125118784,1.3478303986963391,0.10823088618446075,True
2,ddelta,WOWWWWWO,WOWWWWOO,2,3,-0.6345166585753372,1.3478303986963391,1.9823470572716764,True
2,ddelta,WWWWWWOO,WOWWWWOO,2,3,0.5259721361394588,1.3478303986963391,0.8218582625568803,True
2,ddelta,WOWWWWWW,WOWWWWOW,1,2,-0.1342353835406174,1.2395995125118784,1.3738348960524958,True
2,ddelta,WWWWWWOW,WOWWWWOW,1,2,0.8951165833885414,1.2395995125118784,0.344482929123337,True
2,ddelta,WOWWWWWW,WOWWWWWO,1,2,-0.1342353835406174,-0.6345166585753372,-0.5002812750347199,False
2,ddelta,WWWWWWWO,WOWWWWWO,1,2,-0.2721985171319782,-0.6345166585753372,-0.36231814144335905,False
2,ddelta,WWWWWWWW,WOWWWWWW,0,1,0.7178036040308651,-0.1342353835406174,-0.8520389875714824,False
2,ddelta,WWOOOOOW,WWOOOOOO,5,6,1.3917517420521517,2.081749859154251,0.6899981171020995,True
2,ddelta,WWOOOOWO,WWOOOOOO,5,6,-2.89703139264677,2.081749859154251,4.978781251801021,True
2,ddelta,WWOOOWOO,WWOOOOOO,5,6,-0.5155916319549225,2.081749859154251,2.597341491109174,True
2,ddelta,WWOOWOOO,WWOOOOOO,5,6,2.8371965919168276,2.081749859154251,-0.7554467327625765,False
2,ddelta,WWOWOOOO,WWOOOOOO,5,6,0.995405171372437,2.081749859154251,1.0863446877818141,True
2,ddelta,WWWOOOOO,WWOOOOOO,5,6,1.5971214083781682,2.081749859154251,0.48462845077608296,True
2,ddelta,WWOOOOWW,WWOOOOOW,4,5,-4.227516768275369,1.3917517420521517,5.619268510327521,True
2,ddelta,WWOOOWOW,WWOOOOOW,4,5,-0.0033386903145806,1.3917517420521517,1.3950904323667324,True
2,ddelta,WWOOWOOW,WWOOOOOW,4,5,0.4390353787441348,1.3917517420521517,0.9527163633080169,True
2,ddelta,WWOWOOOW,WWOOOOOW,4,5,0.5493928683637829,1.3917517420521517,0.8423588736883688,True
2,ddelta,WWWOOOOW,WWOOOOOW,4,5,0.3124550983556224,1.3917517420521517,1.0792966436965292,True
2,ddelta,WWOOOOWW,WWOOOOWO,4,5,-4.227516768275369,-2.89703139264677,1.3304853756285993,True
2,ddelta,WWOOOWWO,WWOOOOWO,4,5,-2.530713579900539,-2.89703139264677,-0.36631781274623076,False
2,ddelta,WWOOWOWO,WWOOOOWO,4,5,-2.0249098778383545,-2.89703139264677,-0.8721215148084154,False
2,ddelta,WWOWOOWO,WWOOOOWO,4,5,-1.9300977274426216,-2.89703139264677,-0.9669336652041483,False
2,ddelta,WWWOOOWO,WWOOOOWO,4,5,-1.2200496663882536,-2.89703139264677,-1.6769817262585163,False
2,ddelta,WWOOOWWW,WWOOOOWW,3,4,-3.151289829882309,-4.227516768275369,-1.0762269383930603,False
2,ddelta,WWOOWOWW,WWOOOOWW,3,4,-3.8068947271341673,-4.227516768275369,-0.42062204114120183,False
2,ddelta,WWOWOOWW,WWOOOOWW,3,4,-2.8926405004928215,-4.227516768275369,-1.3348762677825476,False
2,ddelta,WWWOOOWW,WWOOOOWW,3,4,-3.540479005386761,-4.227516768275369,-0.687037762888608,False
2,ddelta,WWOOOWOW,WWOOOWOO,4,5,-0.0033386903145806,-0.5155916319549225,-0.512252941640342,False
2,ddelta,WWOOOWWO,WWOOOWOO,4,5,-2.530713579900539,-0.5155916319549225,2.015121947945617,True
2,ddelta,WWOOWWOO,WWOOOWOO,4,5,1.2212758782509194,-0.5155916319549225,-1.736867510205842,False
2,ddelta,WWOWOWOO,WWOOOWOO,4,5,0.3379717808321046,-0.5155916319549225,-0.8535634127870271,False
2,ddelta,WWWOOWOO,WWOOOWOO,4,5,0.9410103841896558,-0.5155916319549225,-1.4566020161445783,False
2,ddelta,WWOOOWWW,WWOOOWOW,3,4,-3.151289829882309,-0.0033386903145806,3.1479511395677284,True
2,ddelta,WWOOWWOW,WWOOOWOW,3,4,0.4202820128098541,-0.0033386903145806,-0.4236207031244347,False
2,ddelta,WWOWOWOW,WWOOOWOW,3,4,0.3694154113499114,-0.0033386903145806,-0.372754101664492,False
2,ddelta,WWWOOWOW,WWOOOWOW,3,4,1.7165185837289614,-0.0033386903145806,-1.719857274043542,False
2,ddelta,WWOOOWWW,WWOOOWWO,3,4,-3.151289829882309,-2.530713579900539,0.6205762499817697,True
2,ddelta,WWOOWWWO,WWOOOWWO,3,4,-2.876272480054065,-2.530713579900539,0.34555890015352597,True
2,ddelta,WWOWOWWO,WWOOOWWO,3,4,-5.4895289751897085,-2.530713579900539,2.9588153952891694,True
2,ddelta,WWWOOWWO,WWOOOWWO,3,4,-5.986311576422828,-2.530713579900539,3.455597996522289,True
2,ddelta,WWOOWWWW,WWOOOWWW,2,3,1.2962640492429762,-3.151289829882309,-4.4475538791252855,False
2,ddelta,WWOWOWWW,WWOOOWWW,2,3,-2.4740443364741185,-3.151289829882309,-0.6772454934081904,False
2,ddelta,WWWOOWWW,WWOOOWWW,2,3,-2.986645230855009,-3.151289829882309,-0.16464459902729978,False
2,ddelta,WWOOWOOW,WWOOWOOO,4,5,0.4390353787441348,2.8371965919168276,2.398161213172693,True
2,ddelta,WWOOWOWO,WWOOWOOO,4,5,-2.0249098778383545,2.8371965919168276,4.862106469755182,True
2,ddelta,WWOOWWOO,WWOOWOOO,4,5,1.2212758782509194,2.8371965919168276,1.6159207136659082,True
2,ddelta,WWOWWOOO,WWOOWOOO,4,5,0.1655015814080305,2.8371965919168276,2.671695010508797,True
2,ddelta,WWWOWOOO,WWOOWOOO,4,5,2.0861315330165575,2.8371965919168276,0.7510650589002701,True
2,ddelta,WWOOWOWW,WWOOWOOW,3,4,-3.8068947271341673,0.4390353787441348,4.245930105878302,True
2,ddelta,WWOOWWOW,WWOOWOOW,3,4,0.4202820128098541,0.4390353787441348,0.018753365934280675,True
2,ddelta,WWOWWOOW,WWOOWOOW,3,4,-0.590667141322436,0.4390353787441348,1.0297025200665708,True
2,ddelta,WWWOWOOW,WWOOWOOW,3,4,0.3619501274073092,0.4390353787441348,0.07708525133682559,True
2,ddelta,WWOOWOWW,WWOOWOWO,3,4,-3.8068947271341673,-2.0249098778383545,1.7819848492958128,True
2,ddelta,WWOOWWWO,WWOOWOWO,3,4,-2.876272480054065,-2.0249098778383545,0.8513626022157106,True
2,ddelta,WWOWWOWO,WWOOWOWO,3,4,-1.4726612550847673,-2.0249098778383545,-0.5522486227535872,False
2,ddelta,WWWOWOWO,WWOOWOWO,3,4,-2.3771689047794777,-2.0249098778383545,0.3522590269411232,True
2,ddelta,WWOOWWWW,WWOOWOWW,2,3,1.2962640492429762,-3.8068947271341673,-5.1031587763771435,False
2,ddelta,WWOWWOWW,WWOOWOWW,2,3,-1.920721542879527,-3.8068947271341673,-1.8861731842546403,False
2,ddelta,WWWOWOWW,WWOOWOWW,2,3,-1.7789319697732615,-3.8068947271341673,-2.027962757360906,False
2,ddelta,WWOOWWOW,WWOOWWOO,3,4,0.4202820128098541,1.2212758782509194,0.8009938654410653,True
2,ddelta,WWOOWWWO,WWOOWWOO,3,4,-2.876272480054065,1.2212758782509194,4.0975483583049845,True
2,ddelta,WWOWWWOO,WWOOWWOO,3,4,-0.0265891673228545,1.2212758782509194,1.2478650455737739,True
2,ddelta,WWWOWWOO,WWOOWWOO,3,4,0.9380210356074792,1.2212758782509194,0.28325484264344025,True
2,ddelta,WWOOWWWW,WWOOWWOW,2,3,1.2962640492429762,0.4202820128098541,-0.8759820364331221,False
2,ddelta,WWOWWWOW,WWOOWWOW,2,3,-1.034171063313646,0.4202820128098541,1.4544530761235002,True
2,ddelta,WWWOWWOW,WWOOWWOW,2,3,1.2233999541259448,0.4202820128098541,-0.8031179413160907,False
2,ddelta,WWOOWWWW,WWOOWWWO,2,3,1.2962640492429762,-2.876272480054065,-4.172536529297041,False
2,ddelta,WWOWWWWO,WWOOWWWO,2,3,-1.9796721015337284,-2.876272480054065,-0.8966003785203367,False
2,ddelta,WWWOWWWO,WWOOWWWO,2,3,-3.49134060462704,-2.876272480054065,0.615068124572975,True
2,ddelta,WWOWWWWW,WWOOWWWW,1,2,0.1324898573373701,1.2962640492429762,1.1637741919056062,True
2,ddelta,WWWOWWWW,WWOOWWWW,1,2,-0.4363419879538723,1.2962640492429762,1.7326060371968486,True
2,ddelta,WWOWOOOW,WWOWOOOO,4,5,0.5493928683637829,0.995405171372437,0.44601230300865413,True
2,ddelta,WWOWOOWO,WWOWOOOO,4,5,-1.9300977274426216,0.995405171372437,2.9255028988150586,True
2,ddelta,WWOWOWOO,WWOWOOOO,4,5,0.3379717808321046,0.995405171372437,0.6574333905403325,True
2,ddelta,WWOWWOOO,WWOWOOOO,4,5,0.1655015814080305,0.995405171372437,0.8299035899644065,True
2,ddelta,WWWWOOOO,WWOWOOOO,4,5,1.9606439115905991,0.995405171372437,-0.9652387402181621,False
2,ddelta,WWOWOOWW,WWOWOOOW,3,4,-2.8926405004928215,0.5493928683637829,3.4420333688566043,True
2,ddelta,WWOWOWOW,WWOWOOOW,3,4,0.3694154113499114,0.5493928683637829,0.17997745701387147,True
2,ddelta,WWOWWOOW,WWOWOOOW,3,4,-0.590667141322436,0.5493928683637829,1.140060009686219,True
2,ddelta,WWWWOOOW,WWOWOOOW,3,4,0.5841826117456265,0.5493928683637829,-0.034789743381843596,False
2,ddelta,WWOWOOWW,WWOWOOWO,3,4,-2.8926405004928215,-1.9300977274426216,0.9625427730501999,True
2,ddelta,WWOWOWWO,WWOWOOWO,3,4,-5.4895289751897085,-1.9300977274426216,3.559431247747087,True
2,ddelta,WWOWWOWO,WWOWOOWO,3,4,-1.4726612550847673,-1.9300977274426216,-0.45743647235785434,False
2,ddelta,WWWWOOWO,WWOWOOWO,3,4,0.4186867588039956,-1.9300977274426216,-2.3487844862466174,False
2,ddelta,WWOWOWWW,WWOWOOWW,2,3,-2.4740443364741185,-2.8926405004928215,-0.41859616401870303,False
2,ddelta,WWOWWOWW,WWOWOOWW,2,3,-1.920721542879527,-2.8926405004928215,-0.9719189576132945,False
2,ddelta,WWWWOOWW,WWOWOOWW,2,3,-3.0618706586722615,-2.8926405004928215,0.16923015817943998,True
2,ddelta,WWOWOWOW,WWOWOWOO,3,4,0.3694154113499114,0.3379717808321046,-0.0314436305178068,False
2,ddelta,WWOWOWWO,WWOWOWOO,3,4,-5.4895289751897085,0.3379717808321046,5.827500756021813,True
2,ddelta,WWOWWWOO,WWOWOWOO,3,4,-0.0265891673228545,0.3379717808321046,0.3645609481549591,True
2,ddelta,WWWWOWOO,WWOWOWOO,3,4,1.1074436567787205,0.3379717808321046,-0.7694718759466159,False
2,ddelta,WWOWOWWW,WWOWOWOW,2,3,-2.4740443364741185,0.3694154113499114,2.84345974782403,True
2,ddelta,WWOWWWOW,WWOWOWOW,2,3,-1.034171063313646,0.3694154113499114,1.4035864746635576,True
2,ddelta,WWWWOWOW,WWOWOWOW,2,3,1.373294708865416,0.3694154113499114,-1.0038792975155046,False
2,ddelta,WWOWOWWW,WWOWOWWO,2,3,-2.4740443364741185,-5.4895289751897085,-3.01548463871559,False
2,ddelta,WWOWWWWO,WWOWOWWO,2,3,-1.9796721015337284,-5.4895289751897085,-3.50985687365598,False
2,ddelta,WWWWOWWO,WWOWOWWO,2,3,-5.544339443088472,-5.4895289751897085,0.05481046789876309,True
2,ddelta,WWOWWWWW,WWOWOWWW,1,2,0.1324898573373701,-2.4740443364741185,-2.6065341938114885,False
2,ddelta,WWWWOWWW,WWOWOWWW,1,2,0.2562145507301426,-2.4740443364741185,-2.7302588872042612,False
2,ddelta,WWOWWOOW,WWOWWOOO,3,4,-0.590667141322436,0.1655015814080305,0.7561687227304665,True
2,ddelta,WWOWWOWO,WWOWWOOO,3,4,-1.4726612550847673,0.1655015814080305,1.6381628364927978,True
2,ddelta,WWOWWWOO,WWOWWOOO,3,4,-0.0265891673228545,0.1655015814080305,0.192090748730885,True
2,ddelta,WWWWWOOO,WWOWWOOO,3,4,-0.1457697340595796,0.1655015814080305,0.3112713154676101,True
2,ddelta,WWOWWOWW,WWOWWOOW,2,3,-1.920721542879527,-0.590667141322436,1.330054401557091,True
2,ddelta,WWOWWWOW,WWOWWOOW,2,3,-1.034171063313646,-0.590667141322436,0.44350392199121,True
2,ddelta,WWWWWOOW,WWOWWOOW,2,3,0.8677460932085329,-0.590667141322436,-1.458413234530969,False
2,ddelta,WWOWWOWW,WWOWWOWO,2,3,-1.920721542879527,-1.4726612550847673,0.4480602877947597,True
2,ddelta,WWOWWWWO,WWOWWOWO,2,3,-1.9796721015337284,-1.4726612550847673,0.5070108464489611,True
2,ddelta,WWWWWOWO,WWOWWOWO,2,3,-1.2771158301473384,-1.4726612550847673,-0.19554542493742888,False
2,ddelta,WWOWWWWW,WWOWWOWW,1,2,0.1324898573373701,-1.920721542879527,-2.053211400216897,False
2,ddelta,WWWWWOWW,WWOWWOWW,1,2,-1.0525393562136085,-1.920721542879527,-0.8681821866659185,False
2,ddelta,WWOWWWOW,WWOWWWOO,2,3,-1.034171063313646,-0.0265891673228545,1.0075818959907916,True
2,ddelta,WWOWWWWO,WWOWWWOO,2,3,-1.9796721015337284,-0.0265891673228545,1.953082934210874,True
2,ddelta,WWWWWWOO,WWOWWWOO,2,3,0.5259721361394588,-0.0265891673228545,-0.5525613034623134,False
2,ddelta,WWOWWWWW,WWOWWWOW,1,2,0.1324898573373701,-1.034171063313646,-1.1666609206510161,False
2,ddelta,WWWWWWOW,WWOWWWOW,1,2,0.8951165833885414,-1.034171063313646,-1.9292876467021873,False
2,ddelta,WWOWWWWW,WWOWWWWO,1,2,0.1324898573373701,-1.9796721015337284,-2.1121619588710985,False
2,ddelta,WWWWWWWO,WWOWWWWO,1,2,-0.2721985171319782,-1.9796721015337284,-1.7074735844017503,False
2,ddelta,WWWWWWWW,WWOWWWWW,0,1,0.7178036040308651,0.1324898573373701,-0.585313746693495,False
2,ddelta,WWWOOOOW,WWWOOOOO,4,5,0.3124550983556224,1.5971214083781682,1.2846663100225457,True
2,ddelta,WWWOOOWO,WWWOOOOO,4,5,-1.2200496663882536,1.5971214083781682,2.8171710747664216,True
2,ddelta,WWWOOWOO,WWWOOOOO,4,5,0.9410103841896558,1.5971214083781682,0.6561110241885124,True
2,ddelta,WWWOWOOO,WWWOOOOO,4,5,2.0861315330165575,1.5971214083781682,-0.48901012463838933,False
2,ddelta,WWWWOOOO,WWWOOOOO,4,5,1.9606439115905991,1.5971214083781682,-0.36352250321243096,False
2,ddelta,WWWOOOWW,WWWOOOOW,3,4,-3.540479005386761,0.3124550983556224,3.8529341037423834,True
2,ddelta,WWWOOWOW,WWWOOOOW,3,4,1.7165185837289614,0.3124550983556224,-1.404063485373339,False
2,ddelta,WWWOWOOW,WWWOOOOW,3,4,0.3619501274073092,0.3124550983556224,-0.04949502905168679,False
2,ddelta,WWWWOOOW,WWWOOOOW,3,4,0.5841826117456265,0.3124550983556224,-0.27172751339000406,False
2,ddelta,WWWOOOWW,WWWOOOWO,3,4,-3.540479005386761,-1.2200496663882536,2.3204293389985073,True
2,ddelta,WWWOOWWO,WWWOOOWO,3,4,-5.986311576422828,-1.2200496663882536,4.766261910034575,True
2,ddelta,WWWOWOWO,WWWOOOWO,3,4,-2.3771689047794777,-1.2200496663882536,1.157119238391224,True
2,ddelta,WWWWOOWO,WWWOOOWO,3,4,0.4186867588039956,-1.2200496663882536,-1.6387364251922492,False
2,ddelta,WWWOOWWW,WWWOOOWW,2,3,-2.986645230855009,-3.540479005386761,-0.5538337745317521,False
2,ddelta,WWWOWOWW,WWWOOOWW,2,3,-1.7789319697732615,-3.540479005386761,-1.7615470356134997,False
2,ddelta,WWWWOOWW,WWWOOOWW,2,3,-3.0618706586722615,-3.540479005386761,-0.4786083467144997,False
2,ddelta,WWWOOWOW,WWWOOWOO,3,4,1.7165185837289614,0.9410103841896558,-0.7755081995393056,False
2,ddelta,WWWOOWWO,WWWOOWOO,3,4,-5.986311576422828,0.9410103841896558,6.927321960612484,True
2,ddelta,WWWOWWOO,WWWOOWOO,3,4,0.9380210356074792,0.9410103841896558,0.0029893485821765875,True
2,ddelta,WWWWOWOO,WWWOOWOO,3,4,1.1074436567787205,0.9410103841896558,-0.1664332725890647,False
2,ddelta,WWWOOWWW,WWWOOWOW,2,3,-2.986645230855009,1.7165185837289614,4.70316381458397,True
2,ddelta,WWWOWWOW,WWWOOWOW,2,3,1.2233999541259448,1.7165185837289614,0.49311862960301656,True
2,ddelta,WWWWOWOW,WWWOOWOW,2,3,1.373294708865416,1.7165185837289614,0.34322387486354544,True
2,ddelta,WWWOOWWW,WWWOOWWO,2,3,-2.986645230855009,-5.986311576422828,-2.999666345567819,False
2,ddelta,WWWOWWWO,WWWOOWWO,2,3,-3.49134060462704,-5.986311576422828,-2.494970971795788,False
2,ddelta,WWWWOWWO,WWWOOWWO,2,3,-5.544339443088472,-5.986311576422828,-0.4419721333343567,False
2,ddelta,WWWOWWWW,WWWOOWWW,1,2,-0.4363419879538723,-2.986645230855009,-2.550303242901137,False
2,ddelta,WWWWOWWW,WWWOOWWW,1,2,0.2562145507301426,-2.986645230855009,-3.242859781585152,False
2,ddelta,WWWOWOOW,WWWOWOOO,3,4,0.3619501274073092,2.0861315330165575,1.7241814056092484,True
2,ddelta,WWWOWOWO,WWWOWOOO,3,4,-2.3771689047794777,2.0861315330165575,4.463300437796035,True
2,ddelta,WWWOWWOO,WWWOWOOO,3,4,0.9380210356074792,2.0861315330165575,1.1481104974090783,True
2,ddelta,WWWWWOOO,WWWOWOOO,3,4,-0.1457697340595796,2.0861315330165575,2.231901267076137,True
2,ddelta,WWWOWOWW,WWWOWOOW,2,3,-1.7789319697732615,0.3619501274073092,2.1408820971805707,True
2,ddelta,WWWOWWOW,WWWOWOOW,2,3,1.2233999541259448,0.3619501274073092,-0.8614498267186357,False
2,ddelta,WWWWWOOW,WWWOWOOW,2,3,0.8677460932085329,0.3619501274073092,-0.5057959658012237,False
2,ddelta,WWWOWOWW,WWWOWOWO,2,3,-1.7789319697732615,-2.3771689047794777,-0.5982369350062162,False
2,ddelta,WWWOWWWO,WWWOWOWO,2,3,-3.49134060462704,-2.3771689047794777,1.1141716998475624,True
2,ddelta,WWWWWOWO,WWWOWOWO,2,3,-1.2771158301473384,-2.3771689047794777,-1.1000530746321393,False
2,ddelta,WWWOWWWW,WWWOWOWW,1,2,-0.4363419879538723,-1.7789319697732615,-1.3425899818193892,False
2,ddelta,WWWWWOWW,WWWOWOWW,1,2,-1.0525393562136085,-1.7789319697732615,-0.726392613559653,False
2,ddelta,WWWOWWOW,WWWOWWOO,2,3,1.2233999541259448,0.9380210356074792,-0.28537891851846564,False
2,ddelta,WWWOWWWO,WWWOWWOO,2,3,-3.49134060462704,0.9380210356074792,4.42936164023452,True
2,ddelta,WWWWWWOO,WWWOWWOO,2,3,0.5259721361394588,0.9380210356074792,0.41204889946802037,True
2,ddelta,WWWOWWWW,WWWOWWOW,1,2,-0.4363419879538723,1.2233999541259448,1.6597419420798172,True
2,ddelta,WWWWWWOW,WWWOWWOW,1,2,0.8951165833885414,1.2233999541259448,0.32828337073740343,True
2,ddelta,WWWOWWWW,WWWOWWWO,1,2,-0.4363419879538723,-3.49134060462704,-3.054998616673168,False
2,ddelta,WWWWWWWO,WWWOWWWO,1,2,-0.2721985171319782,-3.49134060462704,-3.219142087495062,False
2,ddelta,WWWWWWWW,WWWOWWWW,0,1,0.7178036040308651,-0.4363419879538723,-1.1541455919847374,False
2,ddelta,WWWWOOOW,WWWWOOOO,3,4,0.5841826117456265,1.9606439115905991,1.3764612998449728,True
2,ddelta,WWWWOOWO,WWWWOOOO,3,4,0.4186867588039956,1.9606439115905991,1.5419571527866036,True
2,ddelta,WWWWOWOO,WWWWOOOO,3,4,1.1074436567787205,1.9606439115905991,0.8532002548118787,True
2,ddelta,WWWWWOOO,WWWWOOOO,3,4,-0.1457697340595796,1.9606439115905991,2.1064136456501785,True
2,ddelta,WWWWOOWW,WWWWOOOW,2,3,-3.0618706586722615,0.5841826117456265,3.646053270417888,True
2,ddelta,WWWWOWOW,WWWWOOOW,2,3,1.373294708865416,0.5841826117456265,-0.7891120971197895,False
2,ddelta,WWWWWOOW,WWWWOOOW,2,3,0.8677460932085329,0.5841826117456265,-0.28356348146290644,False
2,ddelta,WWWWOOWW,WWWWOOWO,2,3,-3.0618706586722615,0.4186867588039956,3.4805574174762572,True
2,ddelta,WWWWOWWO,WWWWOOWO,2,3,-5.544339443088472,0.4186867588039956,5.963026201892467,True
2,ddelta,WWWWWOWO,WWWWOOWO,2,3,-1.2771158301473384,0.4186867588039956,1.695802588951334,True
2,ddelta,WWWWOWWW,WWWWOOWW,1,2,0.2562145507301426,-3.0618706586722615,-3.3180852094024043,False
2,ddelta,WWWWWOWW,WWWWOOWW,1,2,-1.0525393562136085,-3.0618706586722615,-2.009331302458653,False
2,ddelta,WWWWOWOW,WWWWOWOO,2,3,1.373294708865416,1.1074436567787205,-0.26585105208669546,False
2,ddelta,WWWWOWWO,WWWWOWOO,2,3,-5.544339443088472,1.1074436567787205,6.651783099867192,True
2,ddelta,WWWWWWOO,WWWWOWOO,2,3,0.5259721361394588,1.1074436567787205,0.5814715206392617,True
2,ddelta,WWWWOWWW,WWWWOWOW,1,2,0.2562145507301426,1.373294708865416,1.1170801581352734,True
2,ddelta,WWWWWWOW,WWWWOWOW,1,2,0.8951165833885414,1.373294708865416,0.47817812547687455,True
2,ddelta,WWWWOWWW,WWWWOWWO,1,2,0.2562145507301426,-5.544339443088472,-5.800553993818614,False
2,ddelta,WWWWWWWO,WWWWOWWO,1,2,-0.2721985171319782,-5.544339443088472,-5.272140925956493,False
2,ddelta,WWWWWWWW,WWWWOWWW,0,1,0.7178036040308651,0.2562145507301426,-0.4615890533007225,False
2,ddelta,WWWWWOOW,WWWWWOOO,2,3,0.8677460932085329,-0.1457697340595796,-1.0135158272681126,False
2,ddelta,WWWWWOWO,WWWWWOOO,2,3,-1.2771158301473384,-0.1457697340595796,1.1313460960877588,True
2,ddelta,WWWWWWOO,WWWWWOOO,2,3,0.5259721361394588,-0.1457697340595796,-0.6717418701990384,False
2,ddelta,WWWWWOWW,WWWWWOOW,1,2,-1.0525393562136085,0.8677460932085329,1.9202854494221415,True
2,ddelta,WWWWWWOW,WWWWWOOW,1,2,0.8951165833885414,0.8677460932085329,-0.027370490180008478,False
2,ddelta,WWWWWOWW,WWWWWOWO,1,2,-1.0525393562136085,-1.2771158301473384,-0.22457647393372993,False
2,ddelta,WWWWWWWO,WWWWWOWO,1,2,-0.2721985171319782,-1.2771158301473384,-1.0049173130153601,False
2,ddelta,WWWWWWWW,WWWWWOWW,0,1,0.7178036040308651,-1.0525393562136085,-1.7703429602444736,False
2,ddelta,WWWWWWOW,WWWWWWOO,1,2,0.8951165833885414,0.5259721361394588,-0.3691444472490826,False
2,ddelta,WWWWWWWO,WWWWWWOO,1,2,-0.2721985171319782,0.5259721361394588,0.798170653271437,True
2,ddelta,WWWWWWWW,WWWWWWOW,0,1,0.7178036040308651,0.8951165833885414,0.17731297935767631,True
2,ddelta,WWWWWWWW,WWWWWWWO,0,1,0.7178036040308651,-0.2721985171319782,-0.9900021211628433,False
3,ddelta,OOOOOOOW,OOOOOOOO,7,8,-1.4497510422265607,1.239999398302177,2.689750440528738,True
3,ddelta,OOOOOOWO,OOOOOOOO,7,8,2.050867226035065,1.239999398302177,-0.810867827732888,False
3,ddelta,OOOOOWOO,OOOOOOOO,7,8,1.0217226753242932,1.239999398302177,0.21827672297788392,True
3,ddelta,OOOOWOOO,OOOOOOOO,7,8,1.3220922437322684,1.239999398302177,-0.08209284543009132,False
3,ddelta,OOOWOOOO,OOOOOOOO,7,8,-0.2504456960378176,1.239999398302177,1.4904450943399947,True
3,ddelta,OOWOOOOO,OOOOOOOO,7,8,0.1792014936271637,1.239999398302177,1.0607979046750133,True
3,ddelta,OWOOOOOO,OOOOOOOO,7,8,-1.043595423229972,1.239999398302177,2.283594821532149,True
3,ddelta,WOOOOOOO,OOOOOOOO,7,8,0.4423315977827506,1.239999398302177,0.7976678005194264,True
3,ddelta,OOOOOOWW,OOOOOOOW,6,7,-0.7462316157527373,-1.4497510422265607,-0.7035194264738234,False
3,ddelta,OOOOOWOW,OOOOOOOW,6,7,0.258892645637997,-1.4497510422265607,-1.7086436878645577,False
3,ddelta,OOOOWOOW,OOOOOOOW,6,7,0.274567309915449,-1.4497510422265607,-1.7243183521420096,False
3,ddelta,OOOWOOOW,OOOOOOOW,6,7,-0.3028580243907701,-1.4497510422265607,-1.1468930178357906,False
3,ddelta,OOWOOOOW,OOOOOOOW,6,7,0.8240735254515201,-1.4497510422265607,-2.273824567678081,False
3,ddelta,OWOOOOOW,OOOOOOOW,6,7,4.07406725521499,-1.4497510422265607,-5.523818297441551,False
3,ddelta,WOOOOOOW,OOOOOOOW,6,7,-1.1041836563937075,-1.4497510422265607,-0.3455673858328532,False
3,ddelta,OOOOOOWW,OOOOOOWO,6,7,-0.7462316157527373,2.050867226035065,2.797098841787802,True
3,ddelta,OOOOOWWO,OOOOOOWO,6,7,-1.1629148905683029,2.050867226035065,3.213782116603368,True
3,ddelta,OOOOWOWO,OOOOOOWO,6,7,0.0633318105298924,2.050867226035065,1.9875354155051728,True
3,ddelta,OOOWOOWO,OOOOOOWO,6,7,0.8918799426594192,2.050867226035065,1.1589872833756458,True
3,ddelta,OOWOOOWO,OOOOOOWO,6,7,-0.2972261537193598,2.050867226035065,2.348093379754425,True
3,ddelta,OWOOOOWO,OOOOOOWO,6,7,0.1437044504896802,2.050867226035065,1.9071627755453848,True
3,ddelta,WOOOOOWO,OOOOOOWO,6,7,-0.7061690008751913,2.050867226035065,2.757036226910256,True
3,ddelta,OOOOOWWW,OOOOOOWW,5,6,-1.077934501266353,-0.7462316157527373,0.3317028855136157,True
3,ddelta,OOOOWOWW,OOOOOOWW,5,6,-0.82601175370279,-0.7462316157527373,0.07978013795005268,True
3,ddelta,OOOWOOWW,OOOOOOWW,5,6,0.1256916616241749,-0.7462316157527373,-0.8719232773769122,False
3,ddelta,OOWOOOWW,OOOOOOWW,5,6,0.8939799618208718,-0.7462316157527373,-1.6402115775736092,False
3,ddelta,OWOOOOWW,OOOOOOWW,5,6,-1.0462808458642618,-0.7462316157527373,0.3000492301115245,True
3,ddelta,WOOOOOWW,OOOOOOWW,5,6,-0.6011003772949199,-0.7462316157527373,-0.1451312384578174,False
3,ddelta,OOOOOWOW,OOOOOWOO,6,7,0.258892645637997,1.0217226753242932,0.7628300296862962,True
3,ddelta,OOOOOWWO,OOOOOWOO,6,7,-1.1629148905683029,1.0217226753242932,2.1846375658925963,True
3,ddelta,OOOOWWOO,OOOOOWOO,6,7,-0.4084306788236761,1.0217226753242932,1.4301533541479694,True
3,ddelta,OOOWOWOO,OOOOOWOO,6,7,1.3826550108591675,1.0217226753242932,-0.36093233553487436,False
3,ddelta,OOWOOWOO,OOOOOWOO,6,7,-1.7456851573641177,1.0217226753242932,2.767407832688411,True
3,ddelta,OWOOOWOO,OOOOOWOO,6,7,-0.0402020498260299,1.0217226753242932,1.061924725150323,True
3,ddelta,WOOOOWOO,OOOOOWOO,6,7,-0.2122693156756417,1.0217226753242932,1.2339919909999348,True
3,ddelta,OOOOOWWW,OOOOOWOW,5,6,-1.077934501266353,0.258892645637997,1.33682714690435,True
3,ddelta,OOOOWWOW,OOOOOWOW,5,6,1.5829340572504444,0.258892645637997,-1.3240414116124475,False
3,ddelta,OOOWOWOW,OOOOOWOW,5,6,0.6295030115860697,0.258892645637997,-0.3706103659480727,False
3,ddelta,OOWOOWOW,OOOOOWOW,5,6,0.593420056990571,0.258892645637997,-0.33452741135257397,False
3,ddelta,OWOOOWOW,OOOOOWOW,5,6,-0.5185942643947073,0.258892645637997,0.7774869100327044,True
3,ddelta,WOOOOWOW,OOOOOWOW,5,6,-0.720301726516393,0.258892645637997,0.9791943721543901,True
3,ddelta,OOOOOWWW,OOOOOWWO,5,6,-1.077934501266353,-1.1629148905683029,-0.08498038930194984,False
3,ddelta,OOOOWWWO,OOOOOWWO,5,6,0.3041777351232326,-1.1629148905683029,-1.4670926256915355,False
3,ddelta,OOOWOWWO,OOOOOWWO,5,6,0.6195006194962374,-1.1629148905683029,-1.7824155100645402,False
3,ddelta,OOWOOWWO,OOOOOWWO,5,6,-0.4079750998977724,-1.1629148905683029,-0.7549397906705304,False
3,ddelta,OWOOOWWO,OOOOOWWO,5,6,-2.273331123576987,-1.1629148905683029,1.1104162330086842,True
3,ddelta,WOOOOWWO,OOOOOWWO,5,6,-1.3815229496611214,-1.1629148905683029,0.21860805909281855,True
3,ddelta,OOOOWWWW,OOOOOWWW,4,5,-0.4352468169942309,-1.077934501266353,-0.6426876842721221,False
3,ddelta,OOOWOWWW,OOOOOWWW,4,5,0.8360613432308779,-1.077934501266353,-1.913995844497231,False
3,ddelta,OOWOOWWW,OOOOOWWW,4,5,-2.4568288544938297,-1.077934501266353,1.3788943532274767,True
3,ddelta,OWOOOWWW,OOOOOWWW,4,5,-1.8027158307748932,-1.077934501266353,0.7247813295085401,True
3,ddelta,WOOOOWWW,OOOOOWWW,4,5,-1.2141371245418056,-1.077934501266353,0.13620262327545252,True
3,ddelta,OOOOWOOW,OOOOWOOO,6,7,0.274567309915449,1.3220922437322684,1.0475249338168195,True
3,ddelta,OOOOWOWO,OOOOWOOO,6,7,0.0633318105298924,1.3220922437322684,1.258760433202376,True
3,ddelta,OOOOWWOO,OOOOWOOO,6,7,-0.4084306788236761,1.3220922437322684,1.7305229225559446,True
3,ddelta,OOOWWOOO,OOOOWOOO,6,7,0.1788142869142589,1.3220922437322684,1.1432779568180096,True
3,ddelta,OOWOWOOO,OOOOWOOO,6,7,-0.8336960833560068,1.3220922437322684,2.155788327088275,True
3,ddelta,OWOOWOOO,OOOOWOOO,6,7,1.683933317235582,1.3220922437322684,-0.3618410735033135,False
3,ddelta,WOOOWOOO,OOOOWOOO,6,7,3.4775107739027673,1.3220922437322684,-2.1554185301704987,False
3,ddelta,OOOOWOWW,OOOOWOOW,5,6,-0.82601175370279,0.274567309915449,1.1005790636182389,True
3,ddelta,OOOOWWOW,OOOOWOOW,5,6,1.5829340572504444,0.274567309915449,-1.3083667473349956,False
3,ddelta,OOOWWOOW,OOOOWOOW,5,6,-0.9072326254325412,0.274567309915449,1.1817999353479902,True
3,ddelta,OOWOWOOW,OOOOWOOW,5,6,1.089737385243616,0.274567309915449,-0.8151700753281671,False
3,ddelta,OWOOWOOW,OOOOWOOW,5,6,-0.1863874612575018,0.274567309915449,0.4609547711729508,True
3,ddelta,WOOOWOOW,OOOOWOOW,5,6,-0.3300830979155822,0.274567309915449,0.6046504078310312,True
3,ddelta,OOOOWOWW,OOOOWOWO,5,6,-0.82601175370279,0.0633318105298924,0.8893435642326823,True
3,ddelta,OOOOWWWO,OOOOWOWO,5,6,0.3041777351232326,0.0633318105298924,-0.2408459245933402,False
3,ddelta,OOOWWOWO,OOOOWOWO,5,6,0.5429221426722115,0.0633318105298924,-0.4795903321423191,False
3,ddelta,OOWOWOWO,OOOOWOWO,5,6,-0.2593075915507027,0.0633318105298924,0.3226394020805951,True
3,ddelta,OWOOWOWO,OOOOWOWO,5,6,0.8165456255466946,0.0633318105298924,-0.7532138150168022,False
3,ddelta,WOOOWOWO,OOOOWOWO,5,6,-0.0798206857836958,0.0633318105298924,0.1431524963135882,True
3,ddelta,OOOOWWWW,OOOOWOWW,4,5,-0.4352468169942309,-0.82601175370279,-0.3907649367085591,False
3,ddelta,OOOWWOWW,OOOOWOWW,4,5,1.121690081232784,-0.82601175370279,-1.947701834935574,False
3,ddelta,OOWOWOWW,OOOOWOWW,4,5,0.1185039986654958,-0.82601175370279,-0.9445157523682858,False
3,ddelta,OWOOWOWW,OOOOWOWW,4,5,-1.878165225222008,-0.82601175370279,1.052153471519218,True
3,ddelta,WOOOWOWW,OOOOWOWW,4,5,-1.1535268841143196,-0.82601175370279,0.3275151304115296,True
3,ddelta,OOOOWWOW,OOOOWWOO,5,6,1.5829340572504444,-0.4084306788236761,-1.9913647360741207,False
3,ddelta,OOOOWWWO,OOOOWWOO,5,6,0.3041777351232326,-0.4084306788236761,-0.7126084139469087,False
3,ddelta,OOOWWWOO,OOOOWWOO,5,6,-0.2636398994567156,-0.4084306788236761,-0.1447907793669605,False
3,ddelta,OOWOWWOO,OOOOWWOO,5,6,-0.4035549602577775,-0.4084306788236761,-0.004875718565898635,False
3,ddelta,OWOOWWOO,OOOOWWOO,5,6,1.348185210622517,-0.4084306788236761,-1.7566158894461932,False
3,ddelta,WOOOWWOO,OOOOWWOO,5,6,-0.3379839862724099,-0.4084306788236761,-0.07044669255126623,False
3,ddelta,OOOOWWWW,OOOOWWOW,4,5,-0.4352468169942309,1.5829340572504444,2.0181808742446754,True
3,ddelta,OOOWWWOW,OOOOWWOW,4,5,-0.3840835861658513,1.5829340572504444,1.9670176434162958,True
3,ddelta,OOWOWWOW,OOOOWWOW,4,5,0.9644826862525308,1.5829340572504444,0.6184513709979137,True
3,ddelta,OWOOWWOW,OOOOWWOW,4,5,-0.5557846909352582,1.5829340572504444,2.1387187481857026,True
3,ddelta,WOOOWWOW,OOOOWWOW,4,5,-0.6387303270490824,1.5829340572504444,2.221664384299527,True
3,ddelta,OOOOWWWW,OOOOWWWO,4,5,-0.4352468169942309,0.3041777351232326,0.7394245521174635,True
3,ddelta,OOOWWWWO,OOOOWWWO,4,5,-0.7852480610659469,0.3041777351232326,1.0894257961891796,True
3,ddelta,OOWOWWWO,OOOOWWWO,4,5,-0.8205847369612533,0.3041777351232326,1.124762472084486,True
3,ddelta,OWOOWWWO,OOOOWWWO,4,5,-0.623360578316528,0.3041777351232326,0.9275383134397606,True
3,ddelta,WOOOWWWO,OOOOWWWO,4,5,-0.5460543612052289,0.3041777351232326,0.8502320963284615,True
3,ddelta,OOOWWWWW,OOOOWWWW,3,4,-0.3082674015264456,-0.4352468169942309,-0.1269794154677853,False
3,ddelta,OOWOWWWW,OOOOWWWW,3,4,-0.0912262362228497,-0.4352468169942309,-0.3440205807713812,False
3,ddelta,OWOOWWWW,OOOOWWWW,3,4,0.6879075461832971,-0.4352468169942309,-1.123154363177528,False
3,ddelta,WOOOWWWW,OOOOWWWW,3,4,-0.7013738712007609,-0.4352468169942309,0.26612705420653,True
3,ddelta,OOOWOOOW,OOOWOOOO,6,7,-0.3028580243907701,-0.2504456960378176,0.05241232835295251,True
3,ddelta,OOOWOOWO,OOOWOOOO,6,7,0.8918799426594192,-0.2504456960378176,-1.1423256386972367,False
3,ddelta,OOOWOWOO,OOOWOOOO,6,7,1.3826550108591675,-0.2504456960378176,-1.6331007068969852,False
3,ddelta,OOOWWOOO,OOOWOOOO,6,7,0.1788142869142589,-0.2504456960378176,-0.42925998295207646,False
3,ddelta,OOWWOOOO,OOOWOOOO,6,7,0.8818568603870046,-0.2504456960378176,-1.1323025564248221,False
3,ddelta,OWOWOOOO,OOOWOOOO,6,7,0.3590786965727084,-0.2504456960378176,-0.609524392610526,False
3,ddelta,WOOWOOOO,OOOWOOOO,6,7,0.144380499774783,-0.2504456960378176,-0.3948261958126006,False
3,ddelta,OOOWOOWW,OOOWOOOW,5,6,0.1256916616241749,-0.3028580243907701,-0.428549686014945,False
3,ddelta,OOOWOWOW,OOOWOOOW,5,6,0.6295030115860697,-0.3028580243907701,-0.9323610359768397,False
3,ddelta,OOOWWOOW,OOOWOOOW,5,6,-0.9072326254325412,-0.3028580243907701,0.6043746010417712,True
3,ddelta,OOWWOOOW,OOOWOOOW,5,6,0.656129282466304,-0.3028580243907701,-0.958987306857074,False
3,ddelta,OWOWOOOW,OOOWOOOW,5,6,-1.9097681225745984,-0.3028580243907701,1.6069100981838282,True
3,ddelta,WOOWOOOW,OOOWOOOW,5,6,0.5745615522122395,-0.3028580243907701,-0.8774195766030095,False
3,ddelta,OOOWOOWW,OOOWOOWO,5,6,0.1256916616241749,0.8918799426594192,0.7661882810352443,True
3,ddelta,OOOWOWWO,OOOWOOWO,5,6,0.6195006194962374,0.8918799426594192,0.2723793231631818,True
3,ddelta,OOOWWOWO,OOOWOOWO,5,6,0.5429221426722115,0.8918799426594192,0.34895779998720766,True
3,ddelta,OOWWOOWO,OOOWOOWO,5,6,-0.0189061242685385,0.8918799426594192,0.9107860669279577,True
3,ddelta,OWOWOOWO,OOOWOOWO,5,6,-1.3964840502461875,0.8918799426594192,2.2883639929056065,True
3,ddelta,WOOWOOWO,OOOWOOWO,5,6,0.3987654564716005,0.8918799426594192,0.49311448618781867,True
3,ddelta,OOOWOWWW,OOOWOOWW,4,5,0.8360613432308779,0.1256916616241749,-0.710369681606703,False
3,ddelta,OOOWWOWW,OOOWOOWW,4,5,1.121690081232784,0.1256916616241749,-0.995998419608609,False
3,ddelta,OOWWOOWW,OOOWOOWW,4,5,0.1631795111512162,0.1256916616241749,-0.03748784952704132,False
3,ddelta,OWOWOOWW,OOOWOOWW,4,5,-1.3798089626743584,0.1256916616241749,1.5055006242985334,True
3,ddelta,WOOWOOWW,OOOWOOWW,4,5,-0.37686392606642,0.1256916616241749,0.5025555876905949,True
3,ddelta,OOOWOWOW,OOOWOWOO,5,6,0.6295030115860697,1.3826550108591675,0.7531519992730978,True
3,ddelta,OOOWOWWO,OOOWOWOO,5,6,0.6195006194962374,1.3826550108591675,0.7631543913629302,True
3,ddelta,OOOWWWOO,OOOWOWOO,5,6,-0.2636398994567156,1.3826550108591675,1.6462949103158833,True
3,ddelta,OOWWOWOO,OOOWOWOO,5,6,2.3826009247956224,1.3826550108591675,-0.9999459139364548,False
3,ddelta,OWOWOWOO,OOOWOWOO,5,6,-0.3176070133296194,1.3826550108591675,1.700262024188787,True
3,ddelta,WOOWOWOO,OOOWOWOO,5,6,1.5657775139184815,1.3826550108591675,-0.183122503059314,False
3,ddelta,OOOWOWWW,OOOWOWOW,4,5,0.8360613432308779,0.6295030115860697,-0.2065583316448082,False
3,ddelta,OOOWWWOW,OOOWOWOW,4,5,-0.3840835861658513,0.6295030115860697,1.013586597751921,True
3,ddelta,OOWWOWOW,OOOWOWOW,4,5,0.9195033854852912,0.6295030115860697,-0.2900003738992215,False
3,ddelta,OWOWOWOW,OOOWOWOW,4,5,0.3851217224592885,0.6295030115860697,0.2443812891267812,True
3,ddelta,WOOWOWOW,OOOWOWOW,4,5,-0.0017004582425292,0.6295030115860697,0.6312034698285989,True
3,ddelta,OOOWOWWW,OOOWOWWO,4,5,0.8360613432308779,0.6195006194962374,-0.21656072373464053,False
3,ddelta,OOOWWWWO,OOOWOWWO,4,5,-0.7852480610659469,0.6195006194962374,1.4047486805621843,True
3,ddelta,OOWWOWWO,OOOWOWWO,4,5,-0.8073073537879678,0.6195006194962374,1.4268079732842052,True
3,ddelta,OWOWOWWO,OOOWOWWO,4,5,-2.0836446261697232,0.6195006194962374,2.7031452456659606,True
3,ddelta,WOOWOWWO,OOOWOWWO,4,5,-1.3763731325667663,0.6195006194962374,1.9958737520630037,True
3,ddelta,OOOWWWWW,OOOWOWWW,3,4,-0.3082674015264456,0.8360613432308779,1.1443287447573236,True
3,ddelta,OOWWOWWW,OOOWOWWW,3,4,0.0558441716703795,0.8360613432308779,0.7802171715604984,True
3,ddelta,OWOWOWWW,OOOWOWWW,3,4,0.8391235972693061,0.8360613432308779,-0.0030622540384281915,False
3,ddelta,WOOWOWWW,OOOWOWWW,3,4,0.1698541625128351,0.8360613432308779,0.6662071807180427,True
3,ddelta,OOOWWOOW,OOOWWOOO,5,6,-0.9072326254325412,0.1788142869142589,1.0860469123468002,True
3,ddelta,OOOWWOWO,OOOWWOOO,5,6,0.5429221426722115,0.1788142869142589,-0.36410785575795257,False
3,ddelta,OOOWWWOO,OOOWWOOO,5,6,-0.2636398994567156,0.1788142869142589,0.44245418637097456,True
3,ddelta,OOWWWOOO,OOOWWOOO,5,6,0.5622400766879183,0.1788142869142589,-0.3834257897736594,False
3,ddelta,OWOWWOOO,OOOWWOOO,5,6,0.879891438207922,0.1788142869142589,-0.7010771512936631,False
3,ddelta,WOOWWOOO,OOOWWOOO,5,6,0.0836654849650497,0.1788142869142589,0.0951488019492092,True
3,ddelta,OOOWWOWW,OOOWWOOW,4,5,1.121690081232784,-0.9072326254325412,-2.028922706665325,False
3,ddelta,OOOWWWOW,OOOWWOOW,4,5,-0.3840835861658513,-0.9072326254325412,-0.52314903926669,False
3,ddelta,OOWWWOOW,OOOWWOOW,4,5,2.75633554491455,-0.9072326254325412,-3.6635681703470913,False
3,ddelta,OWOWWOOW,OOOWWOOW,4,5,-0.5096539479807699,-0.9072326254325412,-0.39757867745177133,False
3,ddelta,WOOWWOOW,OOOWWOOW,4,5,-0.7940787318989668,-0.9072326254325412,-0.11315389353357441,False
3,ddelta,OOOWWOWW,OOOWWOWO,4,5,1.121690081232784,0.5429221426722115,-0.5787679385605724,False
3,ddelta,OOOWWWWO,OOOWWOWO,4,5,-0.7852480610659469,0.5429221426722115,1.3281702037381584,True
3,ddelta,OOWWWOWO,OOOWWOWO,4,5,0.6941860998975143,0.5429221426722115,-0.15126395722530284,False
3,ddelta,OWOWWOWO,OOOWWOWO,4,5,0.9586251723450234,0.5429221426722115,-0.4157030296728119,False
3,ddelta,WOOWWOWO,OOOWWOWO,4,5,5.298166598903565,0.5429221426722115,-4.755244456231353,False
3,ddelta,OOOWWWWW,OOOWWOWW,3,4,-0.3082674015264456,1.121690081232784,1.4299574827592294,True
3,ddelta,OOWWWOWW,OOOWWOWW,3,4,-0.5818860146916432,1.121690081232784,1.703576095924427,True
3,ddelta,OWOWWOWW,OOOWWOWW,3,4,0.7013974064895983,1.121690081232784,0.42029267474318566,True
3,ddelta,WOOWWOWW,OOOWWOWW,3,4,0.1429079608315169,1.121690081232784,0.978782120401267,True
3,ddelta,OOOWWWOW,OOOWWWOO,4,5,-0.3840835861658513,-0.2636398994567156,0.12044368670913569,True
3,ddelta,OOOWWWWO,OOOWWWOO,4,5,-0.7852480610659469,-0.2636398994567156,0.5216081616092313,True
3,ddelta,OOWWWWOO,OOOWWWOO,4,5,0.050613923810642,-0.2636398994567156,-0.3142538232673576,False
3,ddelta,OWOWWWOO,OOOWWWOO,4,5,-0.9809611777309089,-0.2636398994567156,0.7173212782741932,True
3,ddelta,WOOWWWOO,OOOWWWOO,4,5,-2.097470822101884,-0.2636398994567156,1.8338309226451681,True
3,ddelta,OOOWWWWW,OOOWWWOW,3,4,-0.3082674015264456,-0.3840835861658513,-0.0758161846394057,False
3,ddelta,OOWWWWOW,OOOWWWOW,3,4,0.0732879086080618,-0.3840835861658513,-0.4573714947739131,False
3,ddelta,OWOWWWOW,OOOWWWOW,3,4,-0.0863512868691363,-0.3840835861658513,-0.297732299296715,False
3,ddelta,WOOWWWOW,OOOWWWOW,3,4,-2.0114122048526752,-0.3840835861658513,1.6273286186868239,True
3,ddelta,OOOWWWWW,OOOWWWWO,3,4,-0.3082674015264456,-0.7852480610659469,-0.4769806595395013,False
3,ddelta,OOWWWWWO,OOOWWWWO,3,4,0.2904252834237583,-0.7852480610659469,-1.0756733444897053,False
3,ddelta,OWOWWWWO,OOOWWWWO,3,4,1.0285063156624583,-0.7852480610659469,-1.8137543767284052,False
3,ddelta,WOOWWWWO,OOOWWWWO,3,4,-0.5797070726931971,-0.7852480610659469,-0.2055409883727498,False
3,ddelta,OOWWWWWW,OOOWWWWW,2,3,1.3511397248245467,-0.3082674015264456,-1.6594071263509922,False
3,ddelta,OWOWWWWW,OOOWWWWW,2,3,-0.9211423295084084,-0.3082674015264456,0.6128749279819627,True
3,ddelta,WOOWWWWW,OOOWWWWW,2,3,1.42130726851767,-0.3082674015264456,-1.7295746700441157,False
3,ddelta,OOWOOOOW,OOWOOOOO,6,7,0.8240735254515201,0.1792014936271637,-0.6448720318243564,False
3,ddelta,OOWOOOWO,OOWOOOOO,6,7,-0.2972261537193598,0.1792014936271637,0.4764276473465235,True
3,ddelta,OOWOOWOO,OOWOOOOO,6,7,-1.7456851573641177,0.1792014936271637,1.9248866509912814,True
3,ddelta,OOWOWOOO,OOWOOOOO,6,7,-0.8336960833560068,0.1792014936271637,1.0128975769831705,True
3,ddelta,OOWWOOOO,OOWOOOOO,6,7,0.8818568603870046,0.1792014936271637,-0.702655366759841,False
3,ddelta,OWWOOOOO,OOWOOOOO,6,7,1.7187582990073194,0.1792014936271637,-1.5395568053801556,False
3,ddelta,WOWOOOOO,OOWOOOOO,6,7,1.7198079516925997,0.1792014936271637,-1.540606458065436,False
3,ddelta,OOWOOOWW,OOWOOOOW,5,6,0.8939799618208718,0.8240735254515201,-0.06990643636935168,False
3,ddelta,OOWOOWOW,OOWOOOOW,5,6,0.593420056990571,0.8240735254515201,0.23065346846094914,True
3,ddelta,OOWOWOOW,OOWOOOOW,5,6,1.089737385243616,0.8240735254515201,-0.26566385979209595,False
3,ddelta,OOWWOOOW,OOWOOOOW,5,6,0.656129282466304,0.8240735254515201,0.16794424298521615,True
3,ddelta,OWWOOOOW,OOWOOOOW,5,6,-1.5029268331734107,0.8240735254515201,2.3270003586249306,True
3,ddelta,WOWOOOOW,OOWOOOOW,5,6,2.2450563707094044,0.8240735254515201,-1.4209828452578843,False
3,ddelta,OOWOOOWW,OOWOOOWO,5,6,0.8939799618208718,-0.2972261537193598,-1.1912061155402316,False
3,ddelta,OOWOOWWO,OOWOOOWO,5,6,-0.4079750998977724,-0.2972261537193598,0.11074894617841263,True
3,ddelta,OOWOWOWO,OOWOOOWO,5,6,-0.2593075915507027,-0.2972261537193598,-0.03791856216865708,False
3,ddelta,OOWWOOWO,OOWOOOWO,5,6,-0.0189061242685385,-0.2972261537193598,-0.2783200294508213,False
3,ddelta,OWWOOOWO,OOWOOOWO,5,6,1.425516095519945,-0.2972261537193598,-1.722742249239305,False
3,ddelta,WOWOOOWO,OOWOOOWO,5,6,0.4618079788175682,-0.2972261537193598,-0.759034132536928,False
3,ddelta,OOWOOWWW,OOWOOOWW,4,5,-2.4568288544938297,0.8939799618208718,3.3508088163147014,True
3,ddelta,OOWOWOWW,OOWOOOWW,4,5,0.1185039986654958,0.8939799618208718,0.775475963155376,True
3,ddelta,OOWWOOWW,OOWOOOWW,4,5,0.1631795111512162,0.8939799618208718,0.7308004506696556,True
3,ddelta,OWWOOOWW,OOWOOOWW,4,5,-1.047750679363212,0.8939799618208718,1.9417306411840838,True
3,ddelta,WOWOOOWW,OOWOOOWW,4,5,0.1262866987893465,0.8939799618208718,0.7676932630315253,True
3,ddelta,OOWOOWOW,OOWOOWOO,5,6,0.593420056990571,-1.7456851573641177,-2.3391052143546887,False
3,ddelta,OOWOOWWO,OOWOOWOO,5,6,-0.4079750998977724,-1.7456851573641177,-1.3377100574663452,False
3,ddelta,OOWOWWOO,OOWOOWOO,5,6,-0.4035549602577775,-1.7456851573641177,-1.3421301971063402,False
3,ddelta,OOWWOWOO,OOWOOWOO,5,6,2.3826009247956224,-1.7456851573641177,-4.12828608215974,False
3,ddelta,OWWOOWOO,OOWOOWOO,5,6,3.3956724183548856,-1.7456851573641177,-5.141357575719003,False
3,ddelta,WOWOOWOO,OOWOOWOO,5,6,2.2938084235385814,-1.7456851573641177,-4.039493580902699,False
3,ddelta,OOWOOWWW,OOWOOWOW,4,5,-2.4568288544938297,0.593420056990571,3.0502489114844007,True
3,ddelta,OOWOWWOW,OOWOOWOW,4,5,0.9644826862525308,0.593420056990571,-0.37106262926195976,False
3,ddelta,OOWWOWOW,OOWOOWOW,4,5,0.9195033854852912,0.593420056990571,-0.3260833284947202,False
3,ddelta,OWWOOWOW,OOWOOWOW,4,5,0.1027470291581382,0.593420056990571,0.4906730278324328,True
3,ddelta,WOWOOWOW,OOWOOWOW,4,5,-0.2099646280590387,0.593420056990571,0.8033846850496097,True
3,ddelta,OOWOOWWW,OOWOOWWO,4,5,-2.4568288544938297,-0.4079750998977724,2.0488537545960575,True
3,ddelta,OOWOWWWO,OOWOOWWO,4,5,-0.8205847369612533,-0.4079750998977724,0.4126096370634809,True
3,ddelta,OOWWOWWO,OOWOOWWO,4,5,-0.8073073537879678,-0.4079750998977724,0.3993322538901954,True
3,ddelta,OWWOOWWO,OOWOOWWO,4,5,1.0418086219405505,-0.4079750998977724,-1.449783721838323,False
3,ddelta,WOWOOWWO,OOWOOWWO,4,5,-1.591304175484545,-0.4079750998977724,1.1833290755867725,True
3,ddelta,OOWOWWWW,OOWOOWWW,3,4,-0.0912262362228497,-2.4568288544938297,-2.36560261827098,False
3,ddelta,OOWWOWWW,OOWOOWWW,3,4,0.0558441716703795,-2.4568288544938297,-2.5126730261642094,False
3,ddelta,OWWOOWWW,OOWOOWWW,3,4,-2.240996937779301,-2.4568288544938297,-0.21583191671452884,False
3,ddelta,WOWOOWWW,OOWOOWWW,3,4,1.1935102765098384,-2.4568288544938297,-3.650339131003668,False
3,ddelta,OOWOWOOW,OOWOWOOO,5,6,1.089737385243616,-0.8336960833560068,-1.9234334685996228,False
3,ddelta,OOWOWOWO,OOWOWOOO,5,6,-0.2593075915507027,-0.8336960833560068,-0.574388491805304,False
3,ddelta,OOWOWWOO,OOWOWOOO,5,6,-0.4035549602577775,-0.8336960833560068,-0.43014112309822927,False
3,ddelta,OOWWWOOO,OOWOWOOO,5,6,0.5622400766879183,-0.8336960833560068,-1.395936160043925,False
3,ddelta,OWWOWOOO,OOWOWOOO,5,6,0.5086386240399454,-0.8336960833560068,-1.3423347073959522,False
3,ddelta,WOWOWOOO,OOWOWOOO,5,6,-0.5229683387052031,-0.8336960833560068,-0.31072774465080366,False
3,ddelta,OOWOWOWW,OOWOWOOW,4,5,0.1185039986654958,1.089737385243616,0.9712333865781203,True
3,ddelta,OOWOWWOW,OOWOWOOW,4,5,0.9644826862525308,1.089737385243616,0.12525469899108532,True
3,ddelta,OOWWWOOW,OOWOWOOW,4,5,2.75633554491455,1.089737385243616,-1.6665981596709338,False
3,ddelta,OWWOWOOW,OOWOWOOW,4,5,0.4048497568491401,1.089737385243616,0.684887628394476,True
3,ddelta,WOWOWOOW,OOWOWOOW,4,5,1.3710213415811328,1.089737385243616,-0.2812839563375167,False
3,ddelta,OOWOWOWW,OOWOWOWO,4,5,0.1185039986654958,-0.2593075915507027,-0.3778115902161985,False
3,ddelta,OOWOWWWO,OOWOWOWO,4,5,-0.8205847369612533,-0.2593075915507027,0.5612771454105506,True
3,ddelta,OOWWWOWO,OOWOWOWO,4,5,0.6941860998975143,-0.2593075915507027,-0.953493691448217,False
3,ddelta,OWWOWOWO,OOWOWOWO,4,5,-0.0727985660139473,-0.2593075915507027,-0.1865090255367554,False
3,ddelta,WOWOWOWO,OOWOWOWO,4,5,-0.5652222003017048,-0.2593075915507027,0.30591460875100207,True
3,ddelta,OOWOWWWW,OOWOWOWW,3,4,-0.0912262362228497,0.1185039986654958,0.2097302348883455,True
3,ddelta,OOWWWOWW,OOWOWOWW,3,4,-0.5818860146916432,0.1185039986654958,0.700390013357139,True
3,ddelta,OWWOWOWW,OOWOWOWW,3,4,-0.4977283922417139,0.1185039986654958,0.6162323909072097,True
3,ddelta,WOWOWOWW,OOWOWOWW,3,4,0.041544300193628,0.1185039986654958,0.07695969847186779,True
3,ddelta,OOWOWWOW,OOWOWWOO,4,5,0.9644826862525308,-0.4035549602577775,-1.3680376465103081,False
3,ddelta,OOWOWWWO,OOWOWWOO,4,5,-0.8205847369612533,-0.4035549602577775,0.41702977670347585,True
3,ddelta,OOWWWWOO,OOWOWWOO,4,5,0.050613923810642,-0.4035549602577775,-0.4541688840684195,False
3,ddelta,OWWOWWOO,OOWOWWOO,4,5,0.6855946372010668,-0.4035549602577775,-1.0891495974588443,False
3,ddelta,WOWOWWOO,OOWOWWOO,4,5,0.7862416111381376,-0.4035549602577775,-1.189796571395915,False
3,ddelta,OOWOWWWW,OOWOWWOW,3,4,-0.0912262362228497,0.9644826862525308,1.0557089224753804,True
3,ddelta,OOWWWWOW,OOWOWWOW,3,4,0.0732879086080618,0.9644826862525308,0.891194777644469,True
3,ddelta,OWWOWWOW,OOWOWWOW,3,4,2.4282895540913896,0.9644826862525308,-1.463806867838859,False
3,ddelta,WOWOWWOW,OOWOWWOW,3,4,2.771517173416062,0.9644826862525308,-1.8070344871635315,False
3,ddelta,OOWOWWWW,OOWOWWWO,3,4,-0.0912262362228497,-0.8205847369612533,-0.7293585007384036,False
3,ddelta,OOWWWWWO,OOWOWWWO,3,4,0.2904252834237583,-0.8205847369612533,-1.1110100203850117,False
3,ddelta,OWWOWWWO,OOWOWWWO,3,4,-1.9451937915882247,-0.8205847369612533,1.1246090546269714,True
3,ddelta,WOWOWWWO,OOWOWWWO,3,4,-0.2447767909433631,-0.8205847369612533,-0.5758079460178902,False
3,ddelta,OOWWWWWW,OOWOWWWW,2,3,1.3511397248245467,-0.0912262362228497,-1.4423659610473964,False
3,ddelta,OWWOWWWW,OOWOWWWW,2,3,1.7457048933921964,-0.0912262362228497,-1.8369311296150461,False
3,ddelta,WOWOWWWW,OOWOWWWW,2,3,1.056818317860495,-0.0912262362228497,-1.1480445540833448,False
3,ddelta,OOWWOOOW,OOWWOOOO,5,6,0.656129282466304,0.8818568603870046,0.22572757792070064,True
3,ddelta,OOWWOOWO,OOWWOOOO,5,6,-0.0189061242685385,0.8818568603870046,0.9007629846555432,True
3,ddelta,OOWWOWOO,OOWWOOOO,5,6,2.3826009247956224,0.8818568603870046,-1.5007440644086176,False
3,ddelta,OOWWWOOO,OOWWOOOO,5,6,0.5622400766879183,0.8818568603870046,0.3196167836990863,True
3,ddelta,OWWWOOOO,OOWWOOOO,5,6,-1.6854125436862222,0.8818568603870046,2.567269404073227,True
3,ddelta,WOWWOOOO,OOWWOOOO,5,6,4.949157546222698,0.8818568603870046,-4.0673006858356935,False
3,ddelta,OOWWOOWW,OOWWOOOW,4,5,0.1631795111512162,0.656129282466304,0.49294977131508777,True
3,ddelta,OOWWOWOW,OOWWOOOW,4,5,0.9195033854852912,0.656129282466304,-0.2633741030189872,False
3,ddelta,OOWWWOOW,OOWWOOOW,4,5,2.75633554491455,0.656129282466304,-2.100206262448246,False
3,ddelta,OWWWOOOW,OOWWOOOW,4,5,0.2178912724119212,0.656129282466304,0.4382380100543828,True
3,ddelta,WOWWOOOW,OOWWOOOW,4,5,0.721545888483838,0.656129282466304,-0.06541660601753407,False
3,ddelta,OOWWOOWW,OOWWOOWO,4,5,0.1631795111512162,-0.0189061242685385,-0.1820856354197547,False
3,ddelta,OOWWOWWO,OOWWOOWO,4,5,-0.8073073537879678,-0.0189061242685385,0.7884012295194293,True
3,ddelta,OOWWWOWO,OOWWOOWO,4,5,0.6941860998975143,-0.0189061242685385,-0.7130922241660529,False
3,ddelta,OWWWOOWO,OOWWOOWO,4,5,1.9341126836881248,-0.0189061242685385,-1.9530188079566633,False
3,ddelta,WOWWOOWO,OOWWOOWO,4,5,-0.391273935267642,-0.0189061242685385,0.3723678109991035,True
3,ddelta,OOWWOWWW,OOWWOOWW,3,4,0.0558441716703795,0.1631795111512162,0.1073353394808367,True
3,ddelta,OOWWWOWW,OOWWOOWW,3,4,-0.5818860146916432,0.1631795111512162,0.7450655258428595,True
3,ddelta,OWWWOOWW,OOWWOOWW,3,4,-0.6157928902010731,0.1631795111512162,0.7789724013522893,True
3,ddelta,WOWWOOWW,OOWWOOWW,3,4,-0.9692591213902696,0.1631795111512162,1.132438632541486,True
3,ddelta,OOWWOWOW,OOWWOWOO,4,5,0.9195033854852912,2.3826009247956224,1.4630975393103312,True
3,ddelta,OOWWOWWO,OOWWOWOO,4,5,-0.8073073537879678,2.3826009247956224,3.18990827858359,True
3,ddelta,OOWWWWOO,OOWWOWOO,4,5,0.050613923810642,2.3826009247956224,2.3319870009849804,True
3,ddelta,OWWWOWOO,OOWWOWOO,4,5,0.4887476900466204,2.3826009247956224,1.893853234749002,True
3,ddelta,WOWWOWOO,OOWWOWOO,4,5,0.9426297654370162,2.3826009247956224,1.4399711593586062,True
3,ddelta,OOWWOWWW,OOWWOWOW,3,4,0.0558441716703795,0.9195033854852912,0.8636592138149117,True
3,ddelta,OOWWWWOW,OOWWOWOW,3,4,0.0732879086080618,0.9195033854852912,0.8462154768772294,True
3,ddelta,OWWWOWOW,OOWWOWOW,3,4,1.8860474807852468,0.9195033854852912,-0.9665440952999556,False
3,ddelta,WOWWOWOW,OOWWOWOW,3,4,2.4416699990021837,0.9195033854852912,-1.5221666135168925,False
3,ddelta,OOWWOWWW,OOWWOWWO,3,4,0.0558441716703795,-0.8073073537879678,-0.8631515254583473,False
3,ddelta,OOWWWWWO,OOWWOWWO,3,4,0.2904252834237583,-0.8073073537879678,-1.0977326372117262,False
3,ddelta,OWWWOWWO,OOWWOWWO,3,4,2.30293549704988,-0.8073073537879678,-3.1102428508378477,False
3,ddelta,WOWWOWWO,OOWWOWWO,3,4,-0.0495534031407889,-0.8073073537879678,-0.7577539506471789,False
3,ddelta,OOWWWWWW,OOWWOWWW,2,3,1.3511397248245467,0.0558441716703795,-1.2952955531541672,False
3,ddelta,OWWWOWWW,OOWWOWWW,2,3,-1.8451250521960705,0.0558441716703795,1.90096922386645,True
3,ddelta,WOWWOWWW,OOWWOWWW,2,3,-1.0421245449658856,0.0558441716703795,1.097968716636265,True
3,ddelta,OOWWWOOW,OOWWWOOO,4,5,2.75633554491455,0.5622400766879183,-2.1940954682266316,False
3,ddelta,OOWWWOWO,OOWWWOOO,4,5,0.6941860998975143,0.5622400766879183,-0.13194602320959603,False
3,ddelta,OOWWWWOO,OOWWWOOO,4,5,0.050613923810642,0.5622400766879183,0.5116261528772763,True
3,ddelta,OWWWWOOO,OOWWWOOO,4,5,1.355146860054283,0.5622400766879183,-0.7929067833663648,False
3,ddelta,WOWWWOOO,OOWWWOOO,4,5,3.4209409413815997,0.5622400766879183,-2.8587008646936813,False
3,ddelta,OOWWWOWW,OOWWWOOW,3,4,-0.5818860146916432,2.75633554491455,3.3382215596061933,True
3,ddelta,OOWWWWOW,OOWWWOOW,3,4,0.0732879086080618,2.75633554491455,2.683047636306488,True
3,ddelta,OWWWWOOW,OOWWWOOW,3,4,0.777478201111067,2.75633554491455,1.9788573438034829,True
3,ddelta,WOWWWOOW,OOWWWOOW,3,4,0.5410091728531474,2.75633554491455,2.2153263720614023,True
3,ddelta,OOWWWOWW,OOWWWOWO,3,4,-0.5818860146916432,0.6941860998975143,1.2760721145891576,True
3,ddelta,OOWWWWWO,OOWWWOWO,3,4,0.2904252834237583,0.6941860998975143,0.40376081647375606,True
3,ddelta,OWWWWOWO,OOWWWOWO,3,4,0.1832771855162325,0.6941860998975143,0.5109089143812818,True
3,ddelta,WOWWWOWO,OOWWWOWO,3,4,1.1414681990187865,0.6941860998975143,-0.44728209912127215,False
3,ddelta,OOWWWWWW,OOWWWOWW,2,3,1.3511397248245467,-0.5818860146916432,-1.9330257395161898,False
3,ddelta,OWWWWOWW,OOWWWOWW,2,3,0.1582390360945558,-0.5818860146916432,-0.7401250507861991,False
3,ddelta,WOWWWOWW,OOWWWOWW,2,3,0.7087564183882845,-0.5818860146916432,-1.2906424330799278,False
3,ddelta,OOWWWWOW,OOWWWWOO,3,4,0.0732879086080618,0.050613923810642,-0.02267398479741979,False
3,ddelta,OOWWWWWO,OOWWWWOO,3,4,0.2904252834237583,0.050613923810642,-0.23981135961311628,False
3,ddelta,OWWWWWOO,OOWWWWOO,3,4,0.7051705403061194,0.050613923810642,-0.6545566164954774,False
3,ddelta,WOWWWWOO,OOWWWWOO,3,4,-0.4045503255664255,0.050613923810642,0.4551642493770675,True
3,ddelta,OOWWWWWW,OOWWWWOW,2,3,1.3511397248245467,0.0732879086080618,-1.277851816216485,False
3,ddelta,OWWWWWOW,OOWWWWOW,2,3,0.4166815489443103,0.0732879086080618,-0.34339364033624853,False
3,ddelta,WOWWWWOW,OOWWWWOW,2,3,0.0301580214097362,0.0732879086080618,0.0431298871983256,True
3,ddelta,OOWWWWWW,OOWWWWWO,2,3,1.3511397248245467,0.2904252834237583,-1.0607144414007883,False
3,ddelta,OWWWWWWO,OOWWWWWO,2,3,1.0329035732367942,0.2904252834237583,-0.7424782898130359,False
3,ddelta,WOWWWWWO,OOWWWWWO,2,3,-1.352673080163005,0.2904252834237583,1.643098363586763,True
3,ddelta,OWWWWWWW,OOWWWWWW,1,2,-0.073699443568945,1.3511397248245467,1.4248391683934918,True
3,ddelta,WOWWWWWW,OOWWWWWW,1,2,0.6519390976623586,1.3511397248245467,0.6992006271621881,True
3,ddelta,OWOOOOOW,OWOOOOOO,6,7,4.07406725521499,-1.043595423229972,-5.117662678444962,False
3,ddelta,OWOOOOWO,OWOOOOOO,6,7,0.1437044504896802,-1.043595423229972,-1.1872998737196523,False
3,ddelta,OWOOOWOO,OWOOOOOO,6,7,-0.0402020498260299,-1.043595423229972,-1.0033933734039422,False
3,ddelta,OWOOWOOO,OWOOOOOO,6,7,1.683933317235582,-1.043595423229972,-2.727528740465554,False
3,ddelta,OWOWOOOO,OWOOOOOO,6,7,0.3590786965727084,-1.043595423229972,-1.4026741198026804,False
3,ddelta,OWWOOOOO,OWOOOOOO,6,7,1.7187582990073194,-1.043595423229972,-2.7623537222372914,False
3,ddelta,WWOOOOOO,OWOOOOOO,6,7,0.98498538706871,-1.043595423229972,-2.028580810298682,False
3,ddelta,OWOOOOWW,OWOOOOOW,5,6,-1.0462808458642618,4.07406725521499,5.1203481010792515,True
3,ddelta,OWOOOWOW,OWOOOOOW,5,6,-0.5185942643947073,4.07406725521499,4.592661519609697,True
3,ddelta,OWOOWOOW,OWOOOOOW,5,6,-0.1863874612575018,4.07406725521499,4.260454716472491,True
3,ddelta,OWOWOOOW,OWOOOOOW,5,6,-1.9097681225745984,4.07406725521499,5.983835377789588,True
3,ddelta,OWWOOOOW,OWOOOOOW,5,6,-1.5029268331734107,4.07406725521499,5.576994088388401,True
3,ddelta,WWOOOOOW,OWOOOOOW,5,6,3.1807290931945227,4.07406725521499,0.8933381620204672,True
3,ddelta,OWOOOOWW,OWOOOOWO,5,6,-1.0462808458642618,0.1437044504896802,1.1899852963539421,True
3,ddelta,OWOOOWWO,OWOOOOWO,5,6,-2.273331123576987,0.1437044504896802,2.4170355740666674,True
3,ddelta,OWOOWOWO,OWOOOOWO,5,6,0.8165456255466946,0.1437044504896802,-0.6728411750570145,False
3,ddelta,OWOWOOWO,OWOOOOWO,5,6,-1.3964840502461875,0.1437044504896802,1.5401885007358678,True
3,ddelta,OWWOOOWO,OWOOOOWO,5,6,1.425516095519945,0.1437044504896802,-1.2818116450302648,False
3,ddelta,WWOOOOWO,OWOOOOWO,5,6,0.9371213825625734,0.1437044504896802,-0.7934169320728932,False
3,ddelta,OWOOOWWW,OWOOOOWW,4,5,-1.8027158307748932,-1.0462808458642618,0.7564349849106313,True
3,ddelta,OWOOWOWW,OWOOOOWW,4,5,-1.878165225222008,-1.0462808458642618,0.8318843793577462,True
3,ddelta,OWOWOOWW,OWOOOOWW,4,5,-1.3798089626743584,-1.0462808458642618,0.33352811681009653,True
3,ddelta,OWWOOOWW,OWOOOOWW,4,5,-1.047750679363212,-1.0462808458642618,0.001469833498950246,True
3,ddelta,WWOOOOWW,OWOOOOWW,4,5,-1.5543225649758174,-1.0462808458642618,0.5080417191115556,True
3,ddelta,OWOOOWOW,OWOOOWOO,5,6,-0.5185942643947073,-0.0402020498260299,0.4783922145686774,True
3,ddelta,OWOOOWWO,OWOOOWOO,5,6,-2.273331123576987,-0.0402020498260299,2.2331290737509573,True
3,ddelta,OWOOWWOO,OWOOOWOO,5,6,1.348185210622517,-0.0402020498260299,-1.3883872604485468,False
3,ddelta,OWOWOWOO,OWOOOWOO,5,6,-0.3176070133296194,-0.0402020498260299,0.27740496350358945,True
3,ddelta,OWWOOWOO,OWOOOWOO,5,6,3.3956724183548856,-0.0402020498260299,-3.4358744681809155,False
3,ddelta,WWOOOWOO,OWOOOWOO,5,6,-2.871160097039838,-0.0402020498260299,2.8309580472138083,True
3,ddelta,OWOOOWWW,OWOOOWOW,4,5,-1.8027158307748932,-0.5185942643947073,1.2841215663801857,True
3,ddelta,OWOOWWOW,OWOOOWOW,4,5,-0.5557846909352582,-0.5185942643947073,0.037190426540550825,True
3,ddelta,OWOWOWOW,OWOOOWOW,4,5,0.3851217224592885,-0.5185942643947073,-0.9037159868539959,False
3,ddelta,OWWOOWOW,OWOOOWOW,4,5,0.1027470291581382,-0.5185942643947073,-0.6213412935528455,False
3,ddelta,WWOOOWOW,OWOOOWOW,4,5,-0.6490517871634727,-0.5185942643947073,0.13045752276876532,True
3,ddelta,OWOOOWWW,OWOOOWWO,4,5,-1.8027158307748932,-2.273331123576987,-0.4706152928020939,False
3,ddelta,OWOOWWWO,OWOOOWWO,4,5,-0.623360578316528,-2.273331123576987,-1.6499705452604592,False
3,ddelta,OWOWOWWO,OWOOOWWO,4,5,-2.0836446261697232,-2.273331123576987,-0.18968649740726384,False
3,ddelta,OWWOOWWO,OWOOOWWO,4,5,1.0418086219405505,-2.273331123576987,-3.3151397455175378,False
3,ddelta,WWOOOWWO,OWOOOWWO,4,5,0.8769796134968462,-2.273331123576987,-3.1503107370738332,False
3,ddelta,OWOOWWWW,OWOOOWWW,3,4,0.6879075461832971,-1.8027158307748932,-2.4906233769581902,False
3,ddelta,OWOWOWWW,OWOOOWWW,3,4,0.8391235972693061,-1.8027158307748932,-2.6418394280441992,False
3,ddelta,OWWOOWWW,OWOOOWWW,3,4,-2.240996937779301,-1.8027158307748932,0.4382811070044077,True
3,ddelta,WWOOOWWW,OWOOOWWW,3,4,-1.4301501368376934,-1.8027158307748932,-0.37256569393719974,False
3,ddelta,OWOOWOOW,OWOOWOOO,5,6,-0.1863874612575018,1.683933317235582,1.8703207784930838,True
3,ddelta,OWOOWOWO,OWOOWOOO,5,6,0.8165456255466946,1.683933317235582,0.8673876916888873,True
3,ddelta,OWOOWWOO,OWOOWOOO,5,6,1.348185210622517,1.683933317235582,0.335748106613065,True
3,ddelta,OWOWWOOO,OWOOWOOO,5,6,0.879891438207922,1.683933317235582,0.8040418790276599,True
3,ddelta,OWWOWOOO,OWOOWOOO,5,6,0.5086386240399454,1.683933317235582,1.1752946931956365,True
3,ddelta,WWOOWOOO,OWOOWOOO,5,6,1.9205306558056696,1.683933317235582,-0.2365973385700877,False
3,ddelta,OWOOWOWW,OWOOWOOW,4,5,-1.878165225222008,-0.1863874612575018,1.6917777639645062,True
3,ddelta,OWOOWWOW,OWOOWOOW,4,5,-0.5557846909352582,-0.1863874612575018,0.36939722967775634,True
3,ddelta,OWOWWOOW,OWOOWOOW,4,5,-0.5096539479807699,-0.1863874612575018,0.3232664867232681,True
3,ddelta,OWWOWOOW,OWOOWOOW,4,5,0.4048497568491401,-0.1863874612575018,-0.5912372181066419,False
3,ddelta,WWOOWOOW,OWOOWOOW,4,5,-0.6705252728716475,-0.1863874612575018,0.4841378116141457,True
3,ddelta,OWOOWOWW,OWOOWOWO,4,5,-1.878165225222008,0.8165456255466946,2.6947108507687028,True
3,ddelta,OWOOWWWO,OWOOWOWO,4,5,-0.623360578316528,0.8165456255466946,1.4399062038632227,True
3,ddelta,OWOWWOWO,OWOOWOWO,4,5,0.9586251723450234,0.8165456255466946,-0.1420795467983288,False
3,ddelta,OWWOWOWO,OWOOWOWO,4,5,-0.0727985660139473,0.8165456255466946,0.8893441915606419,True
3,ddelta,WWOOWOWO,OWOOWOWO,4,5,-2.2218054724065004,0.8165456255466946,3.038351097953195,True
3,ddelta,OWOOWWWW,OWOOWOWW,3,4,0.6879075461832971,-1.878165225222008,-2.566072771405305,False
3,ddelta,OWOWWOWW,OWOOWOWW,3,4,0.7013974064895983,-1.878165225222008,-2.5795626317116063,False
3,ddelta,OWWOWOWW,OWOOWOWW,3,4,-0.4977283922417139,-1.878165225222008,-1.380436832980294,False
3,ddelta,WWOOWOWW,OWOOWOWW,3,4,-2.6313744458730883,-1.878165225222008,0.7532092206510803,True
3,ddelta,OWOOWWOW,OWOOWWOO,4,5,-0.5557846909352582,1.348185210622517,1.9039699015577751,True
3,ddelta,OWOOWWWO,OWOOWWOO,4,5,-0.623360578316528,1.348185210622517,1.971545788939045,True
3,ddelta,OWOWWWOO,OWOOWWOO,4,5,-0.9809611777309089,1.348185210622517,2.3291463883534256,True
3,ddelta,OWWOWWOO,OWOOWWOO,4,5,0.6855946372010668,1.348185210622517,0.6625905734214501,True
3,ddelta,WWOOWWOO,OWOOWWOO,4,5,1.7875405969490914,1.348185210622517,-0.43935538632657445,False
3,ddelta,OWOOWWWW,OWOOWWOW,3,4,0.6879075461832971,-0.5557846909352582,-1.2436922371185553,False
3,ddelta,OWOWWWOW,OWOOWWOW,3,4,-0.0863512868691363,-0.5557846909352582,-0.4694334040661219,False
3,ddelta,OWWOWWOW,OWOOWWOW,3,4,2.4282895540913896,-0.5557846909352582,-2.9840742450266475,False
3,ddelta,WWOOWWOW,OWOOWWOW,3,4,-1.0336922271141995,-0.5557846909352582,0.47790753617894133,True
3,ddelta,OWOOWWWW,OWOOWWWO,3,4,0.6879075461832971,-0.623360578316528,-1.3112681244998252,False
3,ddelta,OWOWWWWO,OWOOWWWO,3,4,1.0285063156624583,-0.623360578316528,-1.6518668939789865,False
3,ddelta,OWWOWWWO,OWOOWWWO,3,4,-1.9451937915882247,-0.623360578316528,1.3218332132716966,True
3,ddelta,WWOOWWWO,OWOOWWWO,3,4,-1.0302513339534078,-0.623360578316528,0.4068907556368798,True
3,ddelta,OWOWWWWW,OWOOWWWW,2,3,-0.9211423295084084,0.6879075461832971,1.6090498756917055,True
3,ddelta,OWWOWWWW,OWOOWWWW,2,3,1.7457048933921964,0.6879075461832971,-1.0577973472088993,False
3,ddelta,WWOOWWWW,OWOOWWWW,2,3,-1.824684122946969,0.6879075461832971,2.5125916691302663,True
3,ddelta,OWOWOOOW,OWOWOOOO,5,6,-1.9097681225745984,0.3590786965727084,2.268846819147307,True
3,ddelta,OWOWOOWO,OWOWOOOO,5,6,-1.3964840502461875,0.3590786965727084,1.755562746818896,True
3,ddelta,OWOWOWOO,OWOWOOOO,5,6,-0.3176070133296194,0.3590786965727084,0.6766857099023278,True
3,ddelta,OWOWWOOO,OWOWOOOO,5,6,0.879891438207922,0.3590786965727084,-0.5208127416352136,False
3,ddelta,OWWWOOOO,OWOWOOOO,5,6,-1.6854125436862222,0.3590786965727084,2.044491240258931,True
3,ddelta,WWOWOOOO,OWOWOOOO,5,6,-0.3714358092289376,0.3590786965727084,0.730514505801646,True
3,ddelta,OWOWOOWW,OWOWOOOW,4,5,-1.3798089626743584,-1.9097681225745984,-0.52995915990024,False
3,ddelta,OWOWOWOW,OWOWOOOW,4,5,0.3851217224592885,-1.9097681225745984,-2.294889845033887,False
3,ddelta,OWOWWOOW,OWOWOOOW,4,5,-0.5096539479807699,-1.9097681225745984,-1.4001141745938286,False
3,ddelta,OWWWOOOW,OWOWOOOW,4,5,0.2178912724119212,-1.9097681225745984,-2.1276593949865195,False
3,ddelta,WWOWOOOW,OWOWOOOW,4,5,1.1914578464432095,-1.9097681225745984,-3.1012259690178077,False
3,ddelta,OWOWOOWW,OWOWOOWO,4,5,-1.3798089626743584,-1.3964840502461875,-0.016675087571829117,False
3,ddelta,OWOWOWWO,OWOWOOWO,4,5,-2.0836446261697232,-1.3964840502461875,0.6871605759235357,True
3,ddelta,OWOWWOWO,OWOWOOWO,4,5,0.9586251723450234,-1.3964840502461875,-2.355109222591211,False
3,ddelta,OWWWOOWO,OWOWOOWO,4,5,1.9341126836881248,-1.3964840502461875,-3.3305967339343123,False
3,ddelta,WWOWOOWO,OWOWOOWO,4,5,-1.038214774135898,-1.3964840502461875,-0.35826927611028947,False
3,ddelta,OWOWOWWW,OWOWOOWW,3,4,0.8391235972693061,-1.3798089626743584,-2.2189325599436645,False
3,ddelta,OWOWWOWW,OWOWOOWW,3,4,0.7013974064895983,-1.3798089626743584,-2.0812063691639566,False
3,ddelta,OWWWOOWW,OWOWOOWW,3,4,-0.6157928902010731,-1.3798089626743584,-0.7640160724732853,False
3,ddelta,WWOWOOWW,OWOWOOWW,3,4,-1.6288929685682552,-1.3798089626743584,0.2490840058938968,True
3,ddelta,OWOWOWOW,OWOWOWOO,4,5,0.3851217224592885,-0.3176070133296194,-0.7027287357889078,False
3,ddelta,OWOWOWWO,OWOWOWOO,4,5,-2.0836446261697232,-0.3176070133296194,1.7660376128401039,True
3,ddelta,OWOWWWOO,OWOWOWOO,4,5,-0.9809611777309089,-0.3176070133296194,0.6633541644012895,True
3,ddelta,OWWWOWOO,OWOWOWOO,4,5,0.4887476900466204,-0.3176070133296194,-0.8063547033762397,False
3,ddelta,WWOWOWOO,OWOWOWOO,4,5,1.4285511106306297,-0.3176070133296194,-1.746158123960249,False
3,ddelta,OWOWOWWW,OWOWOWOW,3,4,0.8391235972693061,0.3851217224592885,-0.4540018748100176,False
3,ddelta,OWOWWWOW,OWOWOWOW,3,4,-0.0863512868691363,0.3851217224592885,0.4714730093284248,True
3,ddelta,OWWWOWOW,OWOWOWOW,3,4,1.8860474807852468,0.3851217224592885,-1.5009257583259583,False
3,ddelta,WWOWOWOW,OWOWOWOW,3,4,-1.1976794511349966,0.3851217224592885,1.582801173594285,True
3,ddelta,OWOWOWWW,OWOWOWWO,3,4,0.8391235972693061,-2.0836446261697232,-2.9227682234390295,False
3,ddelta,OWOWWWWO,OWOWOWWO,3,4,1.0285063156624583,-2.0836446261697232,-3.1121509418321818,False
3,ddelta,OWWWOWWO,OWOWOWWO,3,4,2.30293549704988,-2.0836446261697232,-4.386580123219604,False
3,ddelta,WWOWOWWO,OWOWOWWO,3,4,-1.5424927384715827,-2.0836446261697232,-0.5411518876981405,False
3,ddelta,OWOWWWWW,OWOWOWWW,2,3,-0.9211423295084084,0.8391235972693061,1.7602659267777145,True
3,ddelta,OWWWOWWW,OWOWOWWW,2,3,-1.8451250521960705,0.8391235972693061,2.684248649465377,True
3,ddelta,WWOWOWWW,OWOWOWWW,2,3,-0.4775960984078984,0.8391235972693061,1.3167196956772045,True
3,ddelta,OWOWWOOW,OWOWWOOO,4,5,-0.5096539479807699,0.879891438207922,1.389545386188692,True
3,ddelta,OWOWWOWO,OWOWWOOO,4,5,0.9586251723450234,0.879891438207922,-0.07873373413710139,False
3,ddelta,OWOWWWOO,OWOWWOOO,4,5,-0.9809611777309089,0.879891438207922,1.860852615938831,True
3,ddelta,OWWWWOOO,OWOWWOOO,4,5,1.355146860054283,0.879891438207922,-0.47525542184636105,False
3,ddelta,WWOWWOOO,OWOWWOOO,4,5,-0.142115482047706,0.879891438207922,1.0220069202556281,True
3,ddelta,OWOWWOWW,OWOWWOOW,3,4,0.7013974064895983,-0.5096539479807699,-1.211051354470368,False
3,ddelta,OWOWWWOW,OWOWWOOW,3,4,-0.0863512868691363,-0.5096539479807699,-0.4233026611116336,False
3,ddelta,OWWWWOOW,OWOWWOOW,3,4,0.777478201111067,-0.5096539479807699,-1.2871321490918368,False
3,ddelta,WWOWWOOW,OWOWWOOW,3,4,2.578548268170705,-0.5096539479807699,-3.088202216151475,False
3,ddelta,OWOWWOWW,OWOWWOWO,3,4,0.7013974064895983,0.9586251723450234,0.2572277658554252,True
3,ddelta,OWOWWWWO,OWOWWOWO,3,4,1.0285063156624583,0.9586251723450234,-0.06988114331743489,False
3,ddelta,OWWWWOWO,OWOWWOWO,3,4,0.1832771855162325,0.9586251723450234,0.7753479868287909,True
3,ddelta,WWOWWOWO,OWOWWOWO,3,4,-0.3697933018065021,0.9586251723450234,1.3284184741515255,True
3,ddelta,OWOWWWWW,OWOWWOWW,2,3,-0.9211423295084084,0.7013974064895983,1.6225397359980067,True
3,ddelta,OWWWWOWW,OWOWWOWW,2,3,0.1582390360945558,0.7013974064895983,0.5431583703950424,True
3,ddelta,WWOWWOWW,OWOWWOWW,2,3,-1.440603506536831,0.7013974064895983,2.142000913026429,True
3,ddelta,OWOWWWOW,OWOWWWOO,3,4,-0.0863512868691363,-0.9809611777309089,-0.8946098908617726,False
3,ddelta,OWOWWWWO,OWOWWWOO,3,4,1.0285063156624583,-0.9809611777309089,-2.009467493393367,False
3,ddelta,OWWWWWOO,OWOWWWOO,3,4,0.7051705403061194,-0.9809611777309089,-1.686131718037028,False
3,ddelta,WWOWWWOO,OWOWWWOO,3,4,0.1738840280725512,-0.9809611777309089,-1.15484520580346,False
3,ddelta,OWOWWWWW,OWOWWWOW,2,3,-0.9211423295084084,-0.0863512868691363,0.8347910426392721,True
3,ddelta,OWWWWWOW,OWOWWWOW,2,3,0.4166815489443103,-0.0863512868691363,-0.5030328358134466,False
3,ddelta,WWOWWWOW,OWOWWWOW,2,3,0.1957409880843097,-0.0863512868691363,-0.282092274953446,False
3,ddelta,OWOWWWWW,OWOWWWWO,2,3,-0.9211423295084084,1.0285063156624583,1.9496486451708668,True
3,ddelta,OWWWWWWO,OWOWWWWO,2,3,1.0329035732367942,1.0285063156624583,-0.004397257574335844,False
3,ddelta,WWOWWWWO,OWOWWWWO,2,3,-0.29818960304045,1.0285063156624583,1.3266959187029084,True
3,ddelta,OWWWWWWW,OWOWWWWW,1,2,-0.073699443568945,-0.9211423295084084,-0.8474428859394634,False
3,ddelta,WWOWWWWW,OWOWWWWW,1,2,-0.4471080796802669,-0.9211423295084084,-0.47403424982814146,False
3,ddelta,OWWOOOOW,OWWOOOOO,5,6,-1.5029268331734107,1.7187582990073194,3.2216851321807303,True
3,ddelta,OWWOOOWO,OWWOOOOO,5,6,1.425516095519945,1.7187582990073194,0.2932422034873743,True
3,ddelta,OWWOOWOO,OWWOOOOO,5,6,3.3956724183548856,1.7187582990073194,-1.6769141193475663,False
3,ddelta,OWWOWOOO,OWWOOOOO,5,6,0.5086386240399454,1.7187582990073194,1.210119674967374,True
3,ddelta,OWWWOOOO,OWWOOOOO,5,6,-1.6854125436862222,1.7187582990073194,3.4041708426935413,True
3,ddelta,WWWOOOOO,OWWOOOOO,5,6,0.9272376347606286,1.7187582990073194,0.7915206642466908,True
3,ddelta,OWWOOOWW,OWWOOOOW,4,5,-1.047750679363212,-1.5029268331734107,-0.4551761538101986,False
3,ddelta,OWWOOWOW,OWWOOOOW,4,5,0.1027470291581382,-1.5029268331734107,-1.605673862331549,False
3,ddelta,OWWOWOOW,OWWOOOOW,4,5,0.4048497568491401,-1.5029268331734107,-1.9077765900225507,False
3,ddelta,OWWWOOOW,OWWOOOOW,4,5,0.2178912724119212,-1.5029268331734107,-1.720818105585332,False
3,ddelta,WWWOOOOW,OWWOOOOW,4,5,-0.1138731680869263,-1.5029268331734107,-1.3890536650864844,False
3,ddelta,OWWOOOWW,OWWOOOWO,4,5,-1.047750679363212,1.425516095519945,2.4732667748831574,True
3,ddelta,OWWOOWWO,OWWOOOWO,4,5,1.0418086219405505,1.425516095519945,0.3837074735793946,True
3,ddelta,OWWOWOWO,OWWOOOWO,4,5,-0.0727985660139473,1.425516095519945,1.4983146615338923,True
3,ddelta,OWWWOOWO,OWWOOOWO,4,5,1.9341126836881248,1.425516095519945,-0.5085965881681798,False
3,ddelta,WWWOOOWO,OWWOOOWO,4,5,0.5989081738066209,1.425516095519945,0.8266079217133242,True
3,ddelta,OWWOOWWW,OWWOOOWW,3,4,-2.240996937779301,-1.047750679363212,1.1932462584160888,True
3,ddelta,OWWOWOWW,OWWOOOWW,3,4,-0.4977283922417139,-1.047750679363212,-0.5500222871214981,False
3,ddelta,OWWWOOWW,OWWOOOWW,3,4,-0.6157928902010731,-1.047750679363212,-0.431957789162139,False
3,ddelta,WWWOOOWW,OWWOOOWW,3,4,-2.785938444557822,-1.047750679363212,1.7381877651946098,True
3,ddelta,OWWOOWOW,OWWOOWOO,4,5,0.1027470291581382,3.3956724183548856,3.2929253891967476,True
3,ddelta,OWWOOWWO,OWWOOWOO,4,5,1.0418086219405505,3.3956724183548856,2.353863796414335,True
3,ddelta,OWWOWWOO,OWWOOWOO,4,5,0.6855946372010668,3.3956724183548856,2.710077781153819,True
3,ddelta,OWWWOWOO,OWWOOWOO,4,5,0.4887476900466204,3.3956724183548856,2.9069247283082653,True
3,ddelta,WWWOOWOO,OWWOOWOO,4,5,-0.9370116210656672,3.3956724183548856,4.332684039420553,True
3,ddelta,OWWOOWWW,OWWOOWOW,3,4,-2.240996937779301,0.1027470291581382,2.343743966937439,True
3,ddelta,OWWOWWOW,OWWOOWOW,3,4,2.4282895540913896,0.1027470291581382,-2.3255425249332515,False
3,ddelta,OWWWOWOW,OWWOOWOW,3,4,1.8860474807852468,0.1027470291581382,-1.7833004516271085,False
3,ddelta,WWWOOWOW,OWWOOWOW,3,4,0.5266947387184672,0.1027470291581382,-0.42394770956032896,False
3,ddelta,OWWOOWWW,OWWOOWWO,3,4,-2.240996937779301,1.0418086219405505,3.2828055597198516,True
3,ddelta,OWWOWWWO,OWWOOWWO,3,4,-1.9451937915882247,1.0418086219405505,2.987002413528775,True
3,ddelta,OWWWOWWO,OWWOOWWO,3,4,2.30293549704988,1.0418086219405505,-1.2611268751093296,False
3,ddelta,WWWOOWWO,OWWOOWWO,3,4,-1.3056294320412445,1.0418086219405505,2.347438053981795,True
3,ddelta,OWWOWWWW,OWWOOWWW,2,3,1.7457048933921964,-2.240996937779301,-3.986701831171497,False
3,ddelta,OWWWOWWW,OWWOOWWW,2,3,-1.8451250521960705,-2.240996937779301,-0.3958718855832304,False
3,ddelta,WWWOOWWW,OWWOOWWW,2,3,0.1344229662725526,-2.240996937779301,-2.3754199040518533,False
3,ddelta,OWWOWOOW,OWWOWOOO,4,5,0.4048497568491401,0.5086386240399454,0.10378886719080532,True
3,ddelta,OWWOWOWO,OWWOWOOO,4,5,-0.0727985660139473,0.5086386240399454,0.5814371900538927,True
3,ddelta,OWWOWWOO,OWWOWOOO,4,5,0.6855946372010668,0.5086386240399454,-0.17695601316112142,False
3,ddelta,OWWWWOOO,OWWOWOOO,4,5,1.355146860054283,0.5086386240399454,-0.8465082360143377,False
3,ddelta,WWWOWOOO,OWWOWOOO,4,5,0.8319294664415041,0.5086386240399454,-0.3232908424015587,False
3,ddelta,OWWOWOWW,OWWOWOOW,3,4,-0.4977283922417139,0.4048497568491401,0.902578149090854,True
3,ddelta,OWWOWWOW,OWWOWOOW,3,4,2.4282895540913896,0.4048497568491401,-2.0234397972422493,False
3,ddelta,OWWWWOOW,OWWOWOOW,3,4,0.777478201111067,0.4048497568491401,-0.3726284442619269,False
3,ddelta,WWWOWOOW,OWWOWOOW,3,4,0.3255573429323897,0.4048497568491401,0.0792924139167504,True
3,ddelta,OWWOWOWW,OWWOWOWO,3,4,-0.4977283922417139,-0.0727985660139473,0.4249298262277666,True
3,ddelta,OWWOWWWO,OWWOWOWO,3,4,-1.9451937915882247,-0.0727985660139473,1.8723952255742775,True
3,ddelta,OWWWWOWO,OWWOWOWO,3,4,0.1832771855162325,-0.0727985660139473,-0.2560757515301798,False
3,ddelta,WWWOWOWO,OWWOWOWO,3,4,-0.1365170091947195,-0.0727985660139473,0.06371844318077222,True
3,ddelta,OWWOWWWW,OWWOWOWW,2,3,1.7457048933921964,-0.4977283922417139,-2.2434332856339103,False
3,ddelta,OWWWWOWW,OWWOWOWW,2,3,0.1582390360945558,-0.4977283922417139,-0.6559674283362698,False
3,ddelta,WWWOWOWW,OWWOWOWW,2,3,1.3948959128677816,-0.4977283922417139,-1.8926243051094955,False
3,ddelta,OWWOWWOW,OWWOWWOO,3,4,2.4282895540913896,0.6855946372010668,-1.7426949168903227,False
3,ddelta,OWWOWWWO,OWWOWWOO,3,4,-1.9451937915882247,0.6855946372010668,2.6307884287892915,True
3,ddelta,OWWWWWOO,OWWOWWOO,3,4,0.7051705403061194,0.6855946372010668,-0.019575903105052528,False
3,ddelta,WWWOWWOO,OWWOWWOO,3,4,2.2690932941709168,0.6855946372010668,-1.58349865696985,False
3,ddelta,OWWOWWWW,OWWOWWOW,2,3,1.7457048933921964,2.4282895540913896,0.6825846606991932,True
3,ddelta,OWWWWWOW,OWWOWWOW,2,3,0.4166815489443103,2.4282895540913896,2.011608005147079,True
3,ddelta,WWWOWWOW,OWWOWWOW,2,3,0.6410016023371545,2.4282895540913896,1.787287951754235,True
3,ddelta,OWWOWWWW,OWWOWWWO,2,3,1.7457048933921964,-1.9451937915882247,-3.690898684980421,False
3,ddelta,OWWWWWWO,OWWOWWWO,2,3,1.0329035732367942,-1.9451937915882247,-2.978097364825019,False
3,ddelta,WWWOWWWO,OWWOWWWO,2,3,-1.1752320604273074,-1.9451937915882247,-0.7699617311609173,False
3,ddelta,OWWWWWWW,OWWOWWWW,1,2,-0.073699443568945,1.7457048933921964,1.8194043369611415,True
3,ddelta,WWWOWWWW,OWWOWWWW,1,2,1.9819814383933416,1.7457048933921964,-0.23627654500114526,False
3,ddelta,OWWWOOOW,OWWWOOOO,4,5,0.2178912724119212,-1.6854125436862222,-1.9033038160981435,False
3,ddelta,OWWWOOWO,OWWWOOOO,4,5,1.9341126836881248,-1.6854125436862222,-3.6195252273743472,False
3,ddelta,OWWWOWOO,OWWWOOOO,4,5,0.4887476900466204,-1.6854125436862222,-2.1741602337328425,False
3,ddelta,OWWWWOOO,OWWWOOOO,4,5,1.355146860054283,-1.6854125436862222,-3.040559403740505,False
3,ddelta,WWWWOOOO,OWWWOOOO,4,5,1.255396680773234,-1.6854125436862222,-2.940809224459456,False
3,ddelta,OWWWOOWW,OWWWOOOW,3,4,-0.6157928902010731,0.2178912724119212,0.8336841626129943,True
3,ddelta,OWWWOWOW,OWWWOOOW,3,4,1.8860474807852468,0.2178912724119212,-1.6681562083733255,False
3,ddelta,OWWWWOOW,OWWWOOOW,3,4,0.777478201111067,0.2178912724119212,-0.5595869286991458,False
3,ddelta,WWWWOOOW,OWWWOOOW,3,4,-0.5593927817292927,0.2178912724119212,0.7772840541412139,True
3,ddelta,OWWWOOWW,OWWWOOWO,3,4,-0.6157928902010731,1.9341126836881248,2.549905573889198,True
3,ddelta,OWWWOWWO,OWWWOOWO,3,4,2.30293549704988,1.9341126836881248,-0.36882281336175526,False
3,ddelta,OWWWWOWO,OWWWOOWO,3,4,0.1832771855162325,1.9341126836881248,1.7508354981718923,True
3,ddelta,WWWWOOWO,OWWWOOWO,3,4,-0.2871102654741351,1.9341126836881248,2.22122294916226,True
3,ddelta,OWWWOWWW,OWWWOOWW,2,3,-1.8451250521960705,-0.6157928902010731,1.2293321619949973,True
3,ddelta,OWWWWOWW,OWWWOOWW,2,3,0.1582390360945558,-0.6157928902010731,-0.7740319262956289,False
3,ddelta,WWWWOOWW,OWWWOOWW,2,3,1.627197231077936,-0.6157928902010731,-2.242990121279009,False
3,ddelta,OWWWOWOW,OWWWOWOO,3,4,1.8860474807852468,0.4887476900466204,-1.3972997907386264,False
3,ddelta,OWWWOWWO,OWWWOWOO,3,4,2.30293549704988,0.4887476900466204,-1.8141878070032598,False
3,ddelta,OWWWWWOO,OWWWOWOO,3,4,0.7051705403061194,0.4887476900466204,-0.21642285025949898,False
3,ddelta,WWWWOWOO,OWWWOWOO,3,4,0.5747971536054716,0.4887476900466204,-0.08604946355885118,False
3,ddelta,OWWWOWWW,OWWWOWOW,2,3,-1.8451250521960705,1.8860474807852468,3.7311725329813172,True
3,ddelta,OWWWWWOW,OWWWOWOW,2,3,0.4166815489443103,1.8860474807852468,1.4693659318409364,True
3,ddelta,WWWWOWOW,OWWWOWOW,2,3,0.6630618630305871,1.8860474807852468,1.2229856177546596,True
3,ddelta,OWWWOWWW,OWWWOWWO,2,3,-1.8451250521960705,2.30293549704988,4.148060549245951,True
3,ddelta,OWWWWWWO,OWWWOWWO,2,3,1.0329035732367942,2.30293549704988,1.270031923813086,True
3,ddelta,WWWWOWWO,OWWWOWWO,2,3,2.331534750897407,2.30293549704988,-0.028599253847526818,False
3,ddelta,OWWWWWWW,OWWWOWWW,1,2,-0.073699443568945,-1.8451250521960705,-1.7714256086271254,False
3,ddelta,WWWWOWWW,OWWWOWWW,1,2,-1.9921328138896583,-1.8451250521960705,0.14700776169358787,True
3,ddelta,OWWWWOOW,OWWWWOOO,3,4,0.777478201111067,1.355146860054283,0.5776686589432161,True
3,ddelta,OWWWWOWO,OWWWWOOO,3,4,0.1832771855162325,1.355146860054283,1.1718696745380506,True
3,ddelta,OWWWWWOO,OWWWWOOO,3,4,0.7051705403061194,1.355146860054283,0.6499763197481637,True
3,ddelta,WWWWWOOO,OWWWWOOO,3,4,-0.9490417684945214,1.355146860054283,2.3041886285488045,True
3,ddelta,OWWWWOWW,OWWWWOOW,2,3,0.1582390360945558,0.777478201111067,0.6192391650165112,True
3,ddelta,OWWWWWOW,OWWWWOOW,2,3,0.4166815489443103,0.777478201111067,0.3607966521667567,True
3,ddelta,WWWWWOOW,OWWWWOOW,2,3,0.7636280910098491,0.777478201111067,0.01385011010121795,True
3,ddelta,OWWWWOWW,OWWWWOWO,2,3,0.1582390360945558,0.1832771855162325,0.025038149421676703,True
3,ddelta,OWWWWWWO,OWWWWOWO,2,3,1.0329035732367942,0.1832771855162325,-0.8496263877205616,False
3,ddelta,WWWWWOWO,OWWWWOWO,2,3,0.4188546789737865,0.1832771855162325,-0.23557749345755397,False
3,ddelta,OWWWWWWW,OWWWWOWW,1,2,-0.073699443568945,0.1582390360945558,0.2319384796635008,True
3,ddelta,WWWWWOWW,OWWWWOWW,1,2,0.0620892258533528,0.1582390360945558,0.096149810241203,True
3,ddelta,OWWWWWOW,OWWWWWOO,2,3,0.4166815489443103,0.7051705403061194,0.28848899136180906,True
3,ddelta,OWWWWWWO,OWWWWWOO,2,3,1.0329035732367942,0.7051705403061194,-0.3277330329306748,False
3,ddelta,WWWWWWOO,OWWWWWOO,2,3,0.0903240856756213,0.7051705403061194,0.614846454630498,True
3,ddelta,OWWWWWWW,OWWWWWOW,1,2,-0.073699443568945,0.4166815489443103,0.4903809925132553,True
3,ddelta,WWWWWWOW,OWWWWWOW,1,2,0.7789245207214862,0.4166815489443103,-0.3622429717771759,False
3,ddelta,OWWWWWWW,OWWWWWWO,1,2,-0.073699443568945,1.0329035732367942,1.1066030168057392,True
3,ddelta,WWWWWWWO,OWWWWWWO,1,2,-0.4648990610974039,1.0329035732367942,1.4978026343341981,True
3,ddelta,WWWWWWWW,OWWWWWWW,0,1,0.2766447736771263,-0.073699443568945,-0.35034421724607134,False
3,ddelta,WOOOOOOW,WOOOOOOO,6,7,-1.1041836563937075,0.4423315977827506,1.5465152541764582,True
3,ddelta,WOOOOOWO,WOOOOOOO,6,7,-0.7061690008751913,0.4423315977827506,1.148500598657942,True
3,ddelta,WOOOOWOO,WOOOOOOO,6,7,-0.2122693156756417,0.4423315977827506,0.6546009134583923,True
3,ddelta,WOOOWOOO,WOOOOOOO,6,7,3.4775107739027673,0.4423315977827506,-3.0351791761200166,False
3,ddelta,WOOWOOOO,WOOOOOOO,6,7,0.144380499774783,0.4423315977827506,0.2979510980079676,True
3,ddelta,WOWOOOOO,WOOOOOOO,6,7,1.7198079516925997,0.4423315977827506,-1.277476353909849,False
3,ddelta,WWOOOOOO,WOOOOOOO,6,7,0.98498538706871,0.4423315977827506,-0.5426537892859593,False
3,ddelta,WOOOOOWW,WOOOOOOW,5,6,-0.6011003772949199,-1.1041836563937075,-0.5030832790987876,False
3,ddelta,WOOOOWOW,WOOOOOOW,5,6,-0.720301726516393,-1.1041836563937075,-0.3838819298773145,False
3,ddelta,WOOOWOOW,WOOOOOOW,5,6,-0.3300830979155822,-1.1041836563937075,-0.7741005584781253,False
3,ddelta,WOOWOOOW,WOOOOOOW,5,6,0.5745615522122395,-1.1041836563937075,-1.678745208605947,False
3,ddelta,WOWOOOOW,WOOOOOOW,5,6,2.2450563707094044,-1.1041836563937075,-3.3492400271031117,False
3,ddelta,WWOOOOOW,WOOOOOOW,5,6,3.1807290931945227,-1.1041836563937075,-4.28491274958823,False
3,ddelta,WOOOOOWW,WOOOOOWO,5,6,-0.6011003772949199,-0.7061690008751913,-0.10506862358027136,False
3,ddelta,WOOOOWWO,WOOOOOWO,5,6,-1.3815229496611214,-0.7061690008751913,0.6753539487859301,True
3,ddelta,WOOOWOWO,WOOOOOWO,5,6,-0.0798206857836958,-0.7061690008751913,-0.6263483150914955,False
3,ddelta,WOOWOOWO,WOOOOOWO,5,6,0.3987654564716005,-0.7061690008751913,-1.1049344573467919,False
3,ddelta,WOWOOOWO,WOOOOOWO,5,6,0.4618079788175682,-0.7061690008751913,-1.1679769796927595,False
3,ddelta,WWOOOOWO,WOOOOOWO,5,6,0.9371213825625734,-0.7061690008751913,-1.6432903834377646,False
3,ddelta,WOOOOWWW,WOOOOOWW,4,5,-1.2141371245418056,-0.6011003772949199,0.6130367472468856,True
3,ddelta,WOOOWOWW,WOOOOOWW,4,5,-1.1535268841143196,-0.6011003772949199,0.5524265068193996,True
3,ddelta,WOOWOOWW,WOOOOOWW,4,5,-0.37686392606642,-0.6011003772949199,-0.22423645122849994,False
3,ddelta,WOWOOOWW,WOOOOOWW,4,5,0.1262866987893465,-0.6011003772949199,-0.7273870760842664,False
3,ddelta,WWOOOOWW,WOOOOOWW,4,5,-1.5543225649758174,-0.6011003772949199,0.9532221876808975,True
3,ddelta,WOOOOWOW,WOOOOWOO,5,6,-0.720301726516393,-0.2122693156756417,0.5080324108407513,True
3,ddelta,WOOOOWWO,WOOOOWOO,5,6,-1.3815229496611214,-0.2122693156756417,1.1692536339854798,True
3,ddelta,WOOOWWOO,WOOOOWOO,5,6,-0.3379839862724099,-0.2122693156756417,0.1257146705967682,True
3,ddelta,WOOWOWOO,WOOOOWOO,5,6,1.5657775139184815,-0.2122693156756417,-1.7780468295941232,False
3,ddelta,WOWOOWOO,WOOOOWOO,5,6,2.2938084235385814,-0.2122693156756417,-2.506077739214223,False
3,ddelta,WWOOOWOO,WOOOOWOO,5,6,-2.871160097039838,-0.2122693156756417,2.6588907813641964,True
3,ddelta,WOOOOWWW,WOOOOWOW,4,5,-1.2141371245418056,-0.720301726516393,0.49383539802541254,True
3,ddelta,WOOOWWOW,WOOOOWOW,4,5,-0.6387303270490824,-0.720301726516393,-0.08157139946731062,False
3,ddelta,WOOWOWOW,WOOOOWOW,4,5,-0.0017004582425292,-0.720301726516393,-0.7186012682738638,False
3,ddelta,WOWOOWOW,WOOOOWOW,4,5,-0.2099646280590387,-0.720301726516393,-0.5103370984573543,False
3,ddelta,WWOOOWOW,WOOOOWOW,4,5,-0.6490517871634727,-0.720301726516393,-0.07124993935292034,False
3,ddelta,WOOOOWWW,WOOOOWWO,4,5,-1.2141371245418056,-1.3815229496611214,-0.16738582511931588,False
3,ddelta,WOOOWWWO,WOOOOWWO,4,5,-0.5460543612052289,-1.3815229496611214,-0.8354685884558926,False
3,ddelta,WOOWOWWO,WOOOOWWO,4,5,-1.3763731325667663,-1.3815229496611214,-0.005149817094355136,False
3,ddelta,WOWOOWWO,WOOOOWWO,4,5,-1.591304175484545,-1.3815229496611214,0.2097812258234235,True
3,ddelta,WWOOOWWO,WOOOOWWO,4,5,0.8769796134968462,-1.3815229496611214,-2.2585025631579674,False
3,ddelta,WOOOWWWW,WOOOOWWW,3,4,-0.7013738712007609,-1.2141371245418056,-0.5127632533410447,False
3,ddelta,WOOWOWWW,WOOOOWWW,3,4,0.1698541625128351,-1.2141371245418056,-1.3839912870546407,False
3,ddelta,WOWOOWWW,WOOOOWWW,3,4,1.1935102765098384,-1.2141371245418056,-2.407647401051644,False
3,ddelta,WWOOOWWW,WOOOOWWW,3,4,-1.4301501368376934,-1.2141371245418056,0.21601301229588787,True
3,ddelta,WOOOWOOW,WOOOWOOO,5,6,-0.3300830979155822,3.4775107739027673,3.8075938718183497,True
3,ddelta,WOOOWOWO,WOOOWOOO,5,6,-0.0798206857836958,3.4775107739027673,3.557331459686463,True
3,ddelta,WOOOWWOO,WOOOWOOO,5,6,-0.3379839862724099,3.4775107739027673,3.815494760175177,True
3,ddelta,WOOWWOOO,WOOOWOOO,5,6,0.0836654849650497,3.4775107739027673,3.3938452889377175,True
3,ddelta,WOWOWOOO,WOOOWOOO,5,6,-0.5229683387052031,3.4775107739027673,4.00047911260797,True
3,ddelta,WWOOWOOO,WOOOWOOO,5,6,1.9205306558056696,3.4775107739027673,1.5569801180970977,True
3,ddelta,WOOOWOWW,WOOOWOOW,4,5,-1.1535268841143196,-0.3300830979155822,0.8234437861987374,True
3,ddelta,WOOOWWOW,WOOOWOOW,4,5,-0.6387303270490824,-0.3300830979155822,0.3086472291335002,True
3,ddelta,WOOWWOOW,WOOOWOOW,4,5,-0.7940787318989668,-0.3300830979155822,0.4639956339833846,True
3,ddelta,WOWOWOOW,WOOOWOOW,4,5,1.3710213415811328,-0.3300830979155822,-1.701104439496715,False
3,ddelta,WWOOWOOW,WOOOWOOW,4,5,-0.6705252728716475,-0.3300830979155822,0.3404421749560653,True
3,ddelta,WOOOWOWW,WOOOWOWO,4,5,-1.1535268841143196,-0.0798206857836958,1.0737061983306238,True
3,ddelta,WOOOWWWO,WOOOWOWO,4,5,-0.5460543612052289,-0.0798206857836958,0.46623367542153304,True
3,ddelta,WOOWWOWO,WOOOWOWO,4,5,5.298166598903565,-0.0798206857836958,-5.3779872846872605,False
3,ddelta,WOWOWOWO,WOOOWOWO,4,5,-0.5652222003017048,-0.0798206857836958,0.48540151451800895,True
3,ddelta,WWOOWOWO,WOOOWOWO,4,5,-2.2218054724065004,-0.0798206857836958,2.1419847866228046,True
3,ddelta,WOOOWWWW,WOOOWOWW,3,4,-0.7013738712007609,-1.1535268841143196,-0.4521530129135587,False
3,ddelta,WOOWWOWW,WOOOWOWW,3,4,0.1429079608315169,-1.1535268841143196,-1.2964348449458365,False
3,ddelta,WOWOWOWW,WOOOWOWW,3,4,0.041544300193628,-1.1535268841143196,-1.1950711843079476,False
3,ddelta,WWOOWOWW,WOOOWOWW,3,4,-2.6313744458730883,-1.1535268841143196,1.4778475617587687,True
3,ddelta,WOOOWWOW,WOOOWWOO,4,5,-0.6387303270490824,-0.3379839862724099,0.3007463407766725,True
3,ddelta,WOOOWWWO,WOOOWWOO,4,5,-0.5460543612052289,-0.3379839862724099,0.208070374932819,True
3,ddelta,WOOWWWOO,WOOOWWOO,4,5,-2.097470822101884,-0.3379839862724099,1.759486835829474,True
3,ddelta,WOWOWWOO,WOOOWWOO,4,5,0.7862416111381376,-0.3379839862724099,-1.1242255974105475,False
3,ddelta,WWOOWWOO,WOOOWWOO,4,5,1.7875405969490914,-0.3379839862724099,-2.1255245832215013,False
3,ddelta,WOOOWWWW,WOOOWWOW,3,4,-0.7013738712007609,-0.6387303270490824,0.0626435441516785,True
3,ddelta,WOOWWWOW,WOOOWWOW,3,4,-2.0114122048526752,-0.6387303270490824,1.372681877803593,True
3,ddelta,WOWOWWOW,WOOOWWOW,3,4,2.771517173416062,-0.6387303270490824,-3.4102475004651445,False
3,ddelta,WWOOWWOW,WOOOWWOW,3,4,-1.0336922271141995,-0.6387303270490824,0.3949619000651171,True
3,ddelta,WOOOWWWW,WOOOWWWO,3,4,-0.7013738712007609,-0.5460543612052289,0.155319509995532,True
3,ddelta,WOOWWWWO,WOOOWWWO,3,4,-0.5797070726931971,-0.5460543612052289,0.03365271148796822,True
3,ddelta,WOWOWWWO,WOOOWWWO,3,4,-0.2447767909433631,-0.5460543612052289,-0.30127757026186575,False
3,ddelta,WWOOWWWO,WOOOWWWO,3,4,-1.0302513339534078,-0.5460543612052289,0.48419697274817897,True
3,ddelta,WOOWWWWW,WOOOWWWW,2,3,1.42130726851767,-0.7013738712007609,-2.1226811397184306,False
3,ddelta,WOWOWWWW,WOOOWWWW,2,3,1.056818317860495,-0.7013738712007609,-1.758192189061256,False
3,ddelta,WWOOWWWW,WOOOWWWW,2,3,-1.824684122946969,-0.7013738712007609,1.1233102517462081,True
3,ddelta,WOOWOOOW,WOOWOOOO,5,6,0.5745615522122395,0.144380499774783,-0.43018105243745647,False
3,ddelta,WOOWOOWO,WOOWOOOO,5,6,0.3987654564716005,0.144380499774783,-0.2543849566968175,False
3,ddelta,WOOWOWOO,WOOWOOOO,5,6,1.5657775139184815,0.144380499774783,-1.4213970141436985,False
3,ddelta,WOOWWOOO,WOOWOOOO,5,6,0.0836654849650497,0.144380499774783,0.060715014809733306,True
3,ddelta,WOWWOOOO,WOOWOOOO,5,6,4.949157546222698,0.144380499774783,-4.8047770464479145,False
3,ddelta,WWOWOOOO,WOOWOOOO,5,6,-0.3714358092289376,0.144380499774783,0.5158163090037207,True
3,ddelta,WOOWOOWW,WOOWOOOW,4,5,-0.37686392606642,0.5745615522122395,0.9514254782786595,True
3,ddelta,WOOWOWOW,WOOWOOOW,4,5,-0.0017004582425292,0.5745615522122395,0.5762620104547687,True
3,ddelta,WOOWWOOW,WOOWOOOW,4,5,-0.7940787318989668,0.5745615522122395,1.3686402841112062,True
3,ddelta,WOWWOOOW,WOOWOOOW,4,5,0.721545888483838,0.5745615522122395,-0.14698433627159857,False
3,ddelta,WWOWOOOW,WOOWOOOW,4,5,1.1914578464432095,0.5745615522122395,-0.61689629423097,False
3,ddelta,WOOWOOWW,WOOWOOWO,4,5,-0.37686392606642,0.3987654564716005,0.7756293825380205,True
3,ddelta,WOOWOWWO,WOOWOOWO,4,5,-1.3763731325667663,0.3987654564716005,1.7751385890383669,True
3,ddelta,WOOWWOWO,WOOWOOWO,4,5,5.298166598903565,0.3987654564716005,-4.899401142431965,False
3,ddelta,WOWWOOWO,WOOWOOWO,4,5,-0.391273935267642,0.3987654564716005,0.7900393917392425,True
3,ddelta,WWOWOOWO,WOOWOOWO,4,5,-1.038214774135898,0.3987654564716005,1.4369802306074986,True
3,ddelta,WOOWOWWW,WOOWOOWW,3,4,0.1698541625128351,-0.37686392606642,-0.5467180885792551,False
3,ddelta,WOOWWOWW,WOOWOOWW,3,4,0.1429079608315169,-0.37686392606642,-0.5197718868979369,False
3,ddelta,WOWWOOWW,WOOWOOWW,3,4,-0.9692591213902696,-0.37686392606642,0.5923951953238495,True
3,ddelta,WWOWOOWW,WOOWOOWW,3,4,-1.6288929685682552,-0.37686392606642,1.2520290425018352,True
3,ddelta,WOOWOWOW,WOOWOWOO,4,5,-0.0017004582425292,1.5657775139184815,1.5674779721610108,True
3,ddelta,WOOWOWWO,WOOWOWOO,4,5,-1.3763731325667663,1.5657775139184815,2.942150646485248,True
3,ddelta,WOOWWWOO,WOOWOWOO,4,5,-2.097470822101884,1.5657775139184815,3.6632483360203656,True
3,ddelta,WOWWOWOO,WOOWOWOO,4,5,0.9426297654370162,1.5657775139184815,0.6231477484814654,True
3,ddelta,WWOWOWOO,WOOWOWOO,4,5,1.4285511106306297,1.5657775139184815,0.13722640328785185,True
3,ddelta,WOOWOWWW,WOOWOWOW,3,4,0.1698541625128351,-0.0017004582425292,-0.17155462075536432,False
3,ddelta,WOOWWWOW,WOOWOWOW,3,4,-2.0114122048526752,-0.0017004582425292,2.009711746610146,True
3,ddelta,WOWWOWOW,WOOWOWOW,3,4,2.4416699990021837,-0.0017004582425292,-2.443370457244713,False
3,ddelta,WWOWOWOW,WOOWOWOW,3,4,-1.1976794511349966,-0.0017004582425292,1.1959789928924673,True
3,ddelta,WOOWOWWW,WOOWOWWO,3,4,0.1698541625128351,-1.3763731325667663,-1.5462272950796014,False
3,ddelta,WOOWWWWO,WOOWOWWO,3,4,-0.5797070726931971,-1.3763731325667663,-0.7966660598735692,False
3,ddelta,WOWWOWWO,WOOWOWWO,3,4,-0.0495534031407889,-1.3763731325667663,-1.3268197294259774,False
3,ddelta,WWOWOWWO,WOOWOWWO,3,4,-1.5424927384715827,-1.3763731325667663,0.16611960590481645,True
3,ddelta,WOOWWWWW,WOOWOWWW,2,3,1.42130726851767,0.1698541625128351,-1.2514531060048348,False
3,ddelta,WOWWOWWW,WOOWOWWW,2,3,-1.0421245449658856,0.1698541625128351,1.2119787074787207,True
3,ddelta,WWOWOWWW,WOOWOWWW,2,3,-0.4775960984078984,0.1698541625128351,0.6474502609207335,True
3,ddelta,WOOWWOOW,WOOWWOOO,4,5,-0.7940787318989668,0.0836654849650497,0.8777442168640165,True
3,ddelta,WOOWWOWO,WOOWWOOO,4,5,5.298166598903565,0.0836654849650497,-5.214501113938516,False
3,ddelta,WOOWWWOO,WOOWWOOO,4,5,-2.097470822101884,0.0836654849650497,2.1811363070669336,True
3,ddelta,WOWWWOOO,WOOWWOOO,4,5,3.4209409413815997,0.0836654849650497,-3.33727545641655,False
3,ddelta,WWOWWOOO,WOOWWOOO,4,5,-0.142115482047706,0.0836654849650497,0.22578096701275568,True
3,ddelta,WOOWWOWW,WOOWWOOW,3,4,0.1429079608315169,-0.7940787318989668,-0.9369866927304837,False
3,ddelta,WOOWWWOW,WOOWWOOW,3,4,-2.0114122048526752,-0.7940787318989668,1.2173334729537084,True
3,ddelta,WOWWWOOW,WOOWWOOW,3,4,0.5410091728531474,-0.7940787318989668,-1.3350879047521143,False
3,ddelta,WWOWWOOW,WOOWWOOW,3,4,2.578548268170705,-0.7940787318989668,-3.372627000069672,False
3,ddelta,WOOWWOWW,WOOWWOWO,3,4,0.1429079608315169,5.298166598903565,5.155258638072048,True
3,ddelta,WOOWWWWO,WOOWWOWO,3,4,-0.5797070726931971,5.298166598903565,5.877873671596762,True
3,ddelta,WOWWWOWO,WOOWWOWO,3,4,1.1414681990187865,5.298166598903565,4.156698399884778,True
3,ddelta,WWOWWOWO,WOOWWOWO,3,4,-0.3697933018065021,5.298166598903565,5.667959900710067,True
3,ddelta,WOOWWWWW,WOOWWOWW,2,3,1.42130726851767,0.1429079608315169,-1.278399307686153,False
3,ddelta,WOWWWOWW,WOOWWOWW,2,3,0.7087564183882845,0.1429079608315169,-0.5658484575567676,False
3,ddelta,WWOWWOWW,WOOWWOWW,2,3,-1.440603506536831,0.1429079608315169,1.583511467368348,True
3,ddelta,WOOWWWOW,WOOWWWOO,3,4,-2.0114122048526752,-2.097470822101884,-0.0860586172492086,False
3,ddelta,WOOWWWWO,WOOWWWOO,3,4,-0.5797070726931971,-2.097470822101884,-1.5177637494086866,False
3,ddelta,WOWWWWOO,WOOWWWOO,3,4,-0.4045503255664255,-2.097470822101884,-1.6929204965354583,False
3,ddelta,WWOWWWOO,WOOWWWOO,3,4,0.1738840280725512,-2.097470822101884,-2.271354850174435,False
3,ddelta,WOOWWWWW,WOOWWWOW,2,3,1.42130726851767,-2.0114122048526752,-3.432719473370345,False
3,ddelta,WOWWWWOW,WOOWWWOW,2,3,0.0301580214097362,-2.0114122048526752,-2.0415702262624116,False
3,ddelta,WWOWWWOW,WOOWWWOW,2,3,0.1957409880843097,-2.0114122048526752,-2.207153192936985,False
3,ddelta,WOOWWWWW,WOOWWWWO,2,3,1.42130726851767,-0.5797070726931971,-2.001014341210867,False
3,ddelta,WOWWWWWO,WOOWWWWO,2,3,-1.352673080163005,-0.5797070726931971,0.7729660074698078,True
3,ddelta,WWOWWWWO,WOOWWWWO,2,3,-0.29818960304045,-0.5797070726931971,-0.2815174696527471,False
3,ddelta,WOWWWWWW,WOOWWWWW,1,2,0.6519390976623586,1.42130726851767,0.7693681708553114,True
3,ddelta,WWOWWWWW,WOOWWWWW,1,2,-0.4471080796802669,1.42130726851767,1.8684153481979369,True
3,ddelta,WOWOOOOW,WOWOOOOO,5,6,2.2450563707094044,1.7198079516925997,-0.5252484190168047,False
3,ddelta,WOWOOOWO,WOWOOOOO,5,6,0.4618079788175682,1.7198079516925997,1.2579999728750315,True
3,ddelta,WOWOOWOO,WOWOOOOO,5,6,2.2938084235385814,1.7198079516925997,-0.5740004718459817,False
3,ddelta,WOWOWOOO,WOWOOOOO,5,6,-0.5229683387052031,1.7198079516925997,2.242776290397803,True
3,ddelta,WOWWOOOO,WOWOOOOO,5,6,4.949157546222698,1.7198079516925997,-3.229349594530098,False
3,ddelta,WWWOOOOO,WOWOOOOO,5,6,0.9272376347606286,1.7198079516925997,0.7925703169319711,True
3,ddelta,WOWOOOWW,WOWOOOOW,4,5,0.1262866987893465,2.2450563707094044,2.1187696719200577,True
3,ddelta,WOWOOWOW,WOWOOOOW,4,5,-0.2099646280590387,2.2450563707094044,2.4550209987684433,True
3,ddelta,WOWOWOOW,WOWOOOOW,4,5,1.3710213415811328,2.2450563707094044,0.8740350291282717,True
3,ddelta,WOWWOOOW,WOWOOOOW,4,5,0.721545888483838,2.2450563707094044,1.5235104822255665,True
3,ddelta,WWWOOOOW,WOWOOOOW,4,5,-0.1138731680869263,2.2450563707094044,2.358929538796331,True
3,ddelta,WOWOOOWW,WOWOOOWO,4,5,0.1262866987893465,0.4618079788175682,0.3355212800282217,True
3,ddelta,WOWOOWWO,WOWOOOWO,4,5,-1.591304175484545,0.4618079788175682,2.053112154302113,True
3,ddelta,WOWOWOWO,WOWOOOWO,4,5,-0.5652222003017048,0.4618079788175682,1.027030179119273,True
3,ddelta,WOWWOOWO,WOWOOOWO,4,5,-0.391273935267642,0.4618079788175682,0.8530819140852102,True
3,ddelta,WWWOOOWO,WOWOOOWO,4,5,0.5989081738066209,0.4618079788175682,-0.13710019498905268,False
3,ddelta,WOWOOWWW,WOWOOOWW,3,4,1.1935102765098384,0.1262866987893465,-1.067223577720492,False
3,ddelta,WOWOWOWW,WOWOOOWW,3,4,0.041544300193628,0.1262866987893465,0.0847423985957185,True
3,ddelta,WOWWOOWW,WOWOOOWW,3,4,-0.9692591213902696,0.1262866987893465,1.0955458201796162,True
3,ddelta,WWWOOOWW,WOWOOOWW,3,4,-2.785938444557822,0.1262866987893465,2.912225143347168,True
3,ddelta,WOWOOWOW,WOWOOWOO,4,5,-0.2099646280590387,2.2938084235385814,2.50377305159762,True
3,ddelta,WOWOOWWO,WOWOOWOO,4,5,-1.591304175484545,2.2938084235385814,3.8851125990231266,True
3,ddelta,WOWOWWOO,WOWOOWOO,4,5,0.7862416111381376,2.2938084235385814,1.5075668124004438,True
3,ddelta,WOWWOWOO,WOWOOWOO,4,5,0.9426297654370162,2.2938084235385814,1.3511786581015652,True
3,ddelta,WWWOOWOO,WOWOOWOO,4,5,-0.9370116210656672,2.2938084235385814,3.2308200446042488,True
3,ddelta,WOWOOWWW,WOWOOWOW,3,4,1.1935102765098384,-0.2099646280590387,-1.4034749045688772,False
3,ddelta,WOWOWWOW,WOWOOWOW,3,4,2.771517173416062,-0.2099646280590387,-2.981481801475101,False
3,ddelta,WOWWOWOW,WOWOOWOW,3,4,2.4416699990021837,-0.2099646280590387,-2.6516346270612225,False
3,ddelta,WWWOOWOW,WOWOOWOW,3,4,0.5266947387184672,-0.2099646280590387,-0.7366593667775059,False
3,ddelta,WOWOOWWW,WOWOOWWO,3,4,1.1935102765098384,-1.591304175484545,-2.784814451994383,False
3,ddelta,WOWOWWWO,WOWOOWWO,3,4,-0.2447767909433631,-1.591304175484545,-1.3465273845411818,False
3,ddelta,WOWWOWWO,WOWOOWWO,3,4,-0.0495534031407889,-1.591304175484545,-1.541750772343756,False
3,ddelta,WWWOOWWO,WOWOOWWO,3,4,-1.3056294320412445,-1.591304175484545,-0.28567474344330046,False
3,ddelta,WOWOWWWW,WOWOOWWW,2,3,1.056818317860495,1.1935102765098384,0.13669195864934336,True
3,ddelta,WOWWOWWW,WOWOOWWW,2,3,-1.0421245449658856,1.1935102765098384,2.235634821475724,True
3,ddelta,WWWOOWWW,WOWOOWWW,2,3,0.1344229662725526,1.1935102765098384,1.0590873102372858,True
3,ddelta,WOWOWOOW,WOWOWOOO,4,5,1.3710213415811328,-0.5229683387052031,-1.8939896802863359,False
3,ddelta,WOWOWOWO,WOWOWOOO,4,5,-0.5652222003017048,-0.5229683387052031,0.042253861596501685,True
3,ddelta,WOWOWWOO,WOWOWOOO,4,5,0.7862416111381376,-0.5229683387052031,-1.3092099498433407,False
3,ddelta,WOWWWOOO,WOWOWOOO,4,5,3.4209409413815997,-0.5229683387052031,-3.9439092800868027,False
3,ddelta,WWWOWOOO,WOWOWOOO,4,5,0.8319294664415041,-0.5229683387052031,-1.3548978051467073,False
3,ddelta,WOWOWOWW,WOWOWOOW,3,4,0.041544300193628,1.3710213415811328,1.3294770413875048,True
3,ddelta,WOWOWWOW,WOWOWOOW,3,4,2.771517173416062,1.3710213415811328,-1.4004958318349294,False
3,ddelta,WOWWWOOW,WOWOWOOW,3,4,0.5410091728531474,1.3710213415811328,0.8300121687279853,True
3,ddelta,WWWOWOOW,WOWOWOOW,3,4,0.3255573429323897,1.3710213415811328,1.045463998648743,True
3,ddelta,WOWOWOWW,WOWOWOWO,3,4,0.041544300193628,-0.5652222003017048,-0.6067665004953328,False
3,ddelta,WOWOWWWO,WOWOWOWO,3,4,-0.2447767909433631,-0.5652222003017048,-0.32044540935834165,False
3,ddelta,WOWWWOWO,WOWOWOWO,3,4,1.1414681990187865,-0.5652222003017048,-1.7066903993204914,False
3,ddelta,WWWOWOWO,WOWOWOWO,3,4,-0.1365170091947195,-0.5652222003017048,-0.42870519110698524,False
3,ddelta,WOWOWWWW,WOWOWOWW,2,3,1.056818317860495,0.041544300193628,-1.015274017666867,False
3,ddelta,WOWWWOWW,WOWOWOWW,2,3,0.7087564183882845,0.041544300193628,-0.6672121181946565,False
3,ddelta,WWWOWOWW,WOWOWOWW,2,3,1.3948959128677816,0.041544300193628,-1.3533516126741536,False
3,ddelta,WOWOWWOW,WOWOWWOO,3,4,2.771517173416062,0.7862416111381376,-1.9852755622779246,False
3,ddelta,WOWOWWWO,WOWOWWOO,3,4,-0.2447767909433631,0.7862416111381376,1.0310184020815008,True
3,ddelta,WOWWWWOO,WOWOWWOO,3,4,-0.4045503255664255,0.7862416111381376,1.1907919367045632,True
3,ddelta,WWWOWWOO,WOWOWWOO,3,4,2.2690932941709168,0.7862416111381376,-1.4828516830327791,False
3,ddelta,WOWOWWWW,WOWOWWOW,2,3,1.056818317860495,2.771517173416062,1.7146988555555671,True
3,ddelta,WOWWWWOW,WOWOWWOW,2,3,0.0301580214097362,2.771517173416062,2.741359152006326,True
3,ddelta,WWWOWWOW,WOWOWWOW,2,3,0.6410016023371545,2.771517173416062,2.1305155710789077,True
3,ddelta,WOWOWWWW,WOWOWWWO,2,3,1.056818317860495,-0.2447767909433631,-1.3015951088038582,False
3,ddelta,WOWWWWWO,WOWOWWWO,2,3,-1.352673080163005,-0.2447767909433631,1.1078962892196418,True
3,ddelta,WWWOWWWO,WOWOWWWO,2,3,-1.1752320604273074,-0.2447767909433631,0.9304552694839443,True
3,ddelta,WOWWWWWW,WOWOWWWW,1,2,0.6519390976623586,1.056818317860495,0.4048792201981365,True
3,ddelta,WWWOWWWW,WOWOWWWW,1,2,1.9819814383933416,1.056818317860495,-0.9251631205328466,False
3,ddelta,WOWWOOOW,WOWWOOOO,4,5,0.721545888483838,4.949157546222698,4.227611657738859,True
3,ddelta,WOWWOOWO,WOWWOOOO,4,5,-0.391273935267642,4.949157546222698,5.34043148149034,True
3,ddelta,WOWWOWOO,WOWWOOOO,4,5,0.9426297654370162,4.949157546222698,4.006527780785682,True
3,ddelta,WOWWWOOO,WOWWOOOO,4,5,3.4209409413815997,4.949157546222698,1.5282166048410981,True
3,ddelta,WWWWOOOO,WOWWOOOO,4,5,1.255396680773234,4.949157546222698,3.693760865449464,True
3,ddelta,WOWWOOWW,WOWWOOOW,3,4,-0.9692591213902696,0.721545888483838,1.6908050098741076,True
3,ddelta,WOWWOWOW,WOWWOOOW,3,4,2.4416699990021837,0.721545888483838,-1.7201241105183458,False
3,ddelta,WOWWWOOW,WOWWOOOW,3,4,0.5410091728531474,0.721545888483838,0.18053671563069063,True
3,ddelta,WWWWOOOW,WOWWOOOW,3,4,-0.5593927817292927,0.721545888483838,1.2809386702131307,True
3,ddelta,WOWWOOWW,WOWWOOWO,3,4,-0.9692591213902696,-0.391273935267642,0.5779851861226276,True
3,ddelta,WOWWOWWO,WOWWOOWO,3,4,-0.0495534031407889,-0.391273935267642,-0.3417205321268531,False
3,ddelta,WOWWWOWO,WOWWOOWO,3,4,1.1414681990187865,-0.391273935267642,-1.5327421342864285,False
3,ddelta,WWWWOOWO,WOWWOOWO,3,4,-0.2871102654741351,-0.391273935267642,-0.10416366979350689,False
3,ddelta,WOWWOWWW,WOWWOOWW,2,3,-1.0421245449658856,-0.9692591213902696,0.07286542357561598,True
3,ddelta,WOWWWOWW,WOWWOOWW,2,3,0.7087564183882845,-0.9692591213902696,-1.678015539778554,False
3,ddelta,WWWWOOWW,WOWWOOWW,2,3,1.627197231077936,-0.9692591213902696,-2.5964563524682056,False
3,ddelta,WOWWOWOW,WOWWOWOO,3,4,2.4416699990021837,0.9426297654370162,-1.4990402335651676,False
3,ddelta,WOWWOWWO,WOWWOWOO,3,4,-0.0495534031407889,0.9426297654370162,0.9921831685778051,True
3,ddelta,WOWWWWOO,WOWWOWOO,3,4,-0.4045503255664255,0.9426297654370162,1.3471800910034417,True
3,ddelta,WWWWOWOO,WOWWOWOO,3,4,0.5747971536054716,0.9426297654370162,0.3678326118315446,True
3,ddelta,WOWWOWWW,WOWWOWOW,2,3,-1.0421245449658856,2.4416699990021837,3.4837945439680693,True
3,ddelta,WOWWWWOW,WOWWOWOW,2,3,0.0301580214097362,2.4416699990021837,2.4115119775924474,True
3,ddelta,WWWWOWOW,WOWWOWOW,2,3,0.6630618630305871,2.4416699990021837,1.7786081359715966,True
3,ddelta,WOWWOWWW,WOWWOWWO,2,3,-1.0421245449658856,-0.0495534031407889,0.9925711418250966,True
3,ddelta,WOWWWWWO,WOWWOWWO,2,3,-1.352673080163005,-0.0495534031407889,1.303119677022216,True
3,ddelta,WWWWOWWO,WOWWOWWO,2,3,2.331534750897407,-0.0495534031407889,-2.3810881540381956,False
3,ddelta,WOWWWWWW,WOWWOWWW,1,2,0.6519390976623586,-1.0421245449658856,-1.6940636426282443,False
3,ddelta,WWWWOWWW,WOWWOWWW,1,2,-1.9921328138896583,-1.0421245449658856,0.9500082689237728,True
3,ddelta,WOWWWOOW,WOWWWOOO,3,4,0.5410091728531474,3.4209409413815997,2.8799317685284525,True
3,ddelta,WOWWWOWO,WOWWWOOO,3,4,1.1414681990187865,3.4209409413815997,2.279472742362813,True
3,ddelta,WOWWWWOO,WOWWWOOO,3,4,-0.4045503255664255,3.4209409413815997,3.825491266948025,True
3,ddelta,WWWWWOOO,WOWWWOOO,3,4,-0.9490417684945214,3.4209409413815997,4.369982709876121,True
3,ddelta,WOWWWOWW,WOWWWOOW,2,3,0.7087564183882845,0.5410091728531474,-0.1677472455351371,False
3,ddelta,WOWWWWOW,WOWWWOOW,2,3,0.0301580214097362,0.5410091728531474,0.5108511514434112,True
3,ddelta,WWWWWOOW,WOWWWOOW,2,3,0.7636280910098491,0.5410091728531474,-0.22261891815670165,False
3,ddelta,WOWWWOWW,WOWWWOWO,2,3,0.7087564183882845,1.1414681990187865,0.432711780630502,True
3,ddelta,WOWWWWWO,WOWWWOWO,2,3,-1.352673080163005,1.1414681990187865,2.4941412791817914,True
3,ddelta,WWWWWOWO,WOWWWOWO,2,3,0.4188546789737865,1.1414681990187865,0.722613520045,True
3,ddelta,WOWWWWWW,WOWWWOWW,1,2,0.6519390976623586,0.7087564183882845,0.056817320725925935,True
3,ddelta,WWWWWOWW,WOWWWOWW,1,2,0.0620892258533528,0.7087564183882845,0.6466671925349317,True
3,ddelta,WOWWWWOW,WOWWWWOO,2,3,0.0301580214097362,-0.4045503255664255,-0.43470834697616173,False
3,ddelta,WOWWWWWO,WOWWWWOO,2,3,-1.352673080163005,-0.4045503255664255,0.9481227545965794,True
3,ddelta,WWWWWWOO,WOWWWWOO,2,3,0.0903240856756213,-0.4045503255664255,-0.4948744112420468,False
3,ddelta,WOWWWWWW,WOWWWWOW,1,2,0.6519390976623586,0.0301580214097362,-0.6217810762526224,False
3,ddelta,WWWWWWOW,WOWWWWOW,1,2,0.7789245207214862,0.0301580214097362,-0.74876649931175,False
3,ddelta,WOWWWWWW,WOWWWWWO,1,2,0.6519390976623586,-1.352673080163005,-2.0046121778253636,False
3,ddelta,WWWWWWWO,WOWWWWWO,1,2,-0.4648990610974039,-1.352673080163005,-0.8877740190656009,False
3,ddelta,WWWWWWWW,WOWWWWWW,0,1,0.2766447736771263,0.6519390976623586,0.37529432398523227,True
3,ddelta,WWOOOOOW,WWOOOOOO,5,6,3.1807290931945227,0.98498538706871,-2.1957437061258127,False
3,ddelta,WWOOOOWO,WWOOOOOO,5,6,0.9371213825625734,0.98498538706871,0.04786400450613659,True
3,ddelta,WWOOOWOO,WWOOOOOO,5,6,-2.871160097039838,0.98498538706871,3.856145484108548,True
3,ddelta,WWOOWOOO,WWOOOOOO,5,6,1.9205306558056696,0.98498538706871,-0.9355452687369596,False
3,ddelta,WWOWOOOO,WWOOOOOO,5,6,-0.3714358092289376,0.98498538706871,1.3564211962976476,True
3,ddelta,WWWOOOOO,WWOOOOOO,5,6,0.9272376347606286,0.98498538706871,0.05774775230808138,True
3,ddelta,WWOOOOWW,WWOOOOOW,4,5,-1.5543225649758174,3.1807290931945227,4.73505165817034,True
3,ddelta,WWOOOWOW,WWOOOOOW,4,5,-0.6490517871634727,3.1807290931945227,3.8297808803579954,True
3,ddelta,WWOOWOOW,WWOOOOOW,4,5,-0.6705252728716475,3.1807290931945227,3.85125436606617,True
3,ddelta,WWOWOOOW,WWOOOOOW,4,5,1.1914578464432095,3.1807290931945227,1.9892712467513132,True
3,ddelta,WWWOOOOW,WWOOOOOW,4,5,-0.1138731680869263,3.1807290931945227,3.294602261281449,True
3,ddelta,WWOOOOWW,WWOOOOWO,4,5,-1.5543225649758174,0.9371213825625734,2.4914439475383907,True
3,ddelta,WWOOOWWO,WWOOOOWO,4,5,0.8769796134968462,0.9371213825625734,0.06014176906572721,True
3,ddelta,WWOOWOWO,WWOOOOWO,4,5,-2.2218054724065004,0.9371213825625734,3.158926854969074,True
3,ddelta,WWOWOOWO,WWOOOOWO,4,5,-1.038214774135898,0.9371213825625734,1.9753361566984715,True
3,ddelta,WWWOOOWO,WWOOOOWO,4,5,0.5989081738066209,0.9371213825625734,0.3382132087559525,True
3,ddelta,WWOOOWWW,WWOOOOWW,3,4,-1.4301501368376934,-1.5543225649758174,-0.12417242813812401,False
3,ddelta,WWOOWOWW,WWOOOOWW,3,4,-2.6313744458730883,-1.5543225649758174,1.0770518808972709,True
3,ddelta,WWOWOOWW,WWOOOOWW,3,4,-1.6288929685682552,-1.5543225649758174,0.07457040359243772,True
3,ddelta,WWWOOOWW,WWOOOOWW,3,4,-2.785938444557822,-1.5543225649758174,1.2316158795820045,True
3,ddelta,WWOOOWOW,WWOOOWOO,4,5,-0.6490517871634727,-2.871160097039838,-2.2221083098763654,False
3,ddelta,WWOOOWWO,WWOOOWOO,4,5,0.8769796134968462,-2.871160097039838,-3.7481397105366843,False
3,ddelta,WWOOWWOO,WWOOOWOO,4,5,1.7875405969490914,-2.871160097039838,-4.65870069398893,False
3,ddelta,WWOWOWOO,WWOOOWOO,4,5,1.4285511106306297,-2.871160097039838,-4.299711207670468,False
3,ddelta,WWWOOWOO,WWOOOWOO,4,5,-0.9370116210656672,-2.871160097039838,-1.934148475974171,False
3,ddelta,WWOOOWWW,WWOOOWOW,3,4,-1.4301501368376934,-0.6490517871634727,0.7810983496742208,True
3,ddelta,WWOOWWOW,WWOOOWOW,3,4,-1.0336922271141995,-0.6490517871634727,0.38464043995072683,True
3,ddelta,WWOWOWOW,WWOOOWOW,3,4,-1.1976794511349966,-0.6490517871634727,0.548627663971524,True
3,ddelta,WWWOOWOW,WWOOOWOW,3,4,0.5266947387184672,-0.6490517871634727,-1.17574652588194,False
3,ddelta,WWOOOWWW,WWOOOWWO,3,4,-1.4301501368376934,0.8769796134968462,2.3071297503345396,True
3,ddelta,WWOOWWWO,WWOOOWWO,3,4,-1.0302513339534078,0.8769796134968462,1.907230947450254,True
3,ddelta,WWOWOWWO,WWOOOWWO,3,4,-1.5424927384715827,0.8769796134968462,2.419472351968429,True
3,ddelta,WWWOOWWO,WWOOOWWO,3,4,-1.3056294320412445,0.8769796134968462,2.182609045538091,True
3,ddelta,WWOOWWWW,WWOOOWWW,2,3,-1.824684122946969,-1.4301501368376934,0.3945339861092756,True
3,ddelta,WWOWOWWW,WWOOOWWW,2,3,-0.4775960984078984,-1.4301501368376934,-0.952554038429795,False
3,ddelta,WWWOOWWW,WWOOOWWW,2,3,0.1344229662725526,-1.4301501368376934,-1.564573103110246,False
3,ddelta,WWOOWOOW,WWOOWOOO,4,5,-0.6705252728716475,1.9205306558056696,2.591055928677317,True
3,ddelta,WWOOWOWO,WWOOWOOO,4,5,-2.2218054724065004,1.9205306558056696,4.14233612821217,True
3,ddelta,WWOOWWOO,WWOOWOOO,4,5,1.7875405969490914,1.9205306558056696,0.13299005885657822,True
3,ddelta,WWOWWOOO,WWOOWOOO,4,5,-0.142115482047706,1.9205306558056696,2.062646137853376,True
3,ddelta,WWWOWOOO,WWOOWOOO,4,5,0.8319294664415041,1.9205306558056696,1.0886011893641654,True
3,ddelta,WWOOWOWW,WWOOWOOW,3,4,-2.6313744458730883,-0.6705252728716475,1.9608491730014408,True
3,ddelta,WWOOWWOW,WWOOWOOW,3,4,-1.0336922271141995,-0.6705252728716475,0.36316695424255196,True
3,ddelta,WWOWWOOW,WWOOWOOW,3,4,2.578548268170705,-0.6705252728716475,-3.2490735410423524,False
3,ddelta,WWWOWOOW,WWOOWOOW,3,4,0.3255573429323897,-0.6705252728716475,-0.9960826158040372,False
3,ddelta,WWOOWOWW,WWOOWOWO,3,4,-2.6313744458730883,-2.2218054724065004,0.40956897346658794,True
3,ddelta,WWOOWWWO,WWOOWOWO,3,4,-1.0302513339534078,-2.2218054724065004,-1.1915541384530925,False
3,ddelta,WWOWWOWO,WWOOWOWO,3,4,-0.3697933018065021,-2.2218054724065004,-1.8520121705999983,False
3,ddelta,WWWOWOWO,WWOOWOWO,3,4,-0.1365170091947195,-2.2218054724065004,-2.0852884632117807,False
3,ddelta,WWOOWWWW,WWOOWOWW,2,3,-1.824684122946969,-2.6313744458730883,-0.8066903229261193,False
3,ddelta,WWOWWOWW,WWOOWOWW,2,3,-1.440603506536831,-2.6313744458730883,-1.1907709393362573,False
3,ddelta,WWWOWOWW,WWOOWOWW,2,3,1.3948959128677816,-2.6313744458730883,-4.02627035874087,False
3,ddelta,WWOOWWOW,WWOOWWOO,3,4,-1.0336922271141995,1.7875405969490914,2.8212328240632907,True
3,ddelta,WWOOWWWO,WWOOWWOO,3,4,-1.0302513339534078,1.7875405969490914,2.8177919309024992,True
3,ddelta,WWOWWWOO,WWOOWWOO,3,4,0.1738840280725512,1.7875405969490914,1.6136565688765403,True
3,ddelta,WWWOWWOO,WWOOWWOO,3,4,2.2690932941709168,1.7875405969490914,-0.48155269722182537,False
3,ddelta,WWOOWWWW,WWOOWWOW,2,3,-1.824684122946969,-1.0336922271141995,0.7909918958327695,True
3,ddelta,WWOWWWOW,WWOOWWOW,2,3,0.1957409880843097,-1.0336922271141995,-1.2294332151985092,False
3,ddelta,WWWOWWOW,WWOOWWOW,2,3,0.6410016023371545,-1.0336922271141995,-1.674693829451354,False
3,ddelta,WWOOWWWW,WWOOWWWO,2,3,-1.824684122946969,-1.0302513339534078,0.7944327889935612,True
3,ddelta,WWOWWWWO,WWOOWWWO,2,3,-0.29818960304045,-1.0302513339534078,-0.7320617309129578,False
3,ddelta,WWWOWWWO,WWOOWWWO,2,3,-1.1752320604273074,-1.0302513339534078,0.1449807264738996,True
3,ddelta,WWOWWWWW,WWOOWWWW,1,2,-0.4471080796802669,-1.824684122946969,-1.3775760432667021,False
3,ddelta,WWWOWWWW,WWOOWWWW,1,2,1.9819814383933416,-1.824684122946969,-3.806665561340311,False
3,ddelta,WWOWOOOW,WWOWOOOO,4,5,1.1914578464432095,-0.3714358092289376,-1.562893655672147,False
3,ddelta,WWOWOOWO,WWOWOOOO,4,5,-1.038214774135898,-0.3714358092289376,0.6667789649069604,True
3,ddelta,WWOWOWOO,WWOWOOOO,4,5,1.4285511106306297,-0.3714358092289376,-1.7999869198595673,False
3,ddelta,WWOWWOOO,WWOWOOOO,4,5,-0.142115482047706,-0.3714358092289376,-0.2293203271812316,False
3,ddelta,WWWWOOOO,WWOWOOOO,4,5,1.255396680773234,-0.3714358092289376,-1.6268324900021716,False
3,ddelta,WWOWOOWW,WWOWOOOW,3,4,-1.6288929685682552,1.1914578464432095,2.820350815011465,True
3,ddelta,WWOWOWOW,WWOWOOOW,3,4,-1.1976794511349966,1.1914578464432095,2.3891372975782064,True
3,ddelta,WWOWWOOW,WWOWOOOW,3,4,2.578548268170705,1.1914578464432095,-1.3870904217274953,False
3,ddelta,WWWWOOOW,WWOWOOOW,3,4,-0.5593927817292927,1.1914578464432095,1.7508506281725023,True
3,ddelta,WWOWOOWW,WWOWOOWO,3,4,-1.6288929685682552,-1.038214774135898,0.5906781944323571,True
3,ddelta,WWOWOWWO,WWOWOOWO,3,4,-1.5424927384715827,-1.038214774135898,0.5042779643356847,True
3,ddelta,WWOWWOWO,WWOWOOWO,3,4,-0.3697933018065021,-1.038214774135898,-0.668421472329396,False
3,ddelta,WWWWOOWO,WWOWOOWO,3,4,-0.2871102654741351,-1.038214774135898,-0.7511045086617629,False
3,ddelta,WWOWOWWW,WWOWOOWW,2,3,-0.4775960984078984,-1.6288929685682552,-1.1512968701603568,False
3,ddelta,WWOWWOWW,WWOWOOWW,2,3,-1.440603506536831,-1.6288929685682552,-0.18828946203142416,False
3,ddelta,WWWWOOWW,WWOWOOWW,2,3,1.627197231077936,-1.6288929685682552,-3.256090199646191,False
3,ddelta,WWOWOWOW,WWOWOWOO,3,4,-1.1976794511349966,1.4285511106306297,2.6262305617656265,True
3,ddelta,WWOWOWWO,WWOWOWOO,3,4,-1.5424927384715827,1.4285511106306297,2.9710438491022124,True
3,ddelta,WWOWWWOO,WWOWOWOO,3,4,0.1738840280725512,1.4285511106306297,1.2546670825580786,True
3,ddelta,WWWWOWOO,WWOWOWOO,3,4,0.5747971536054716,1.4285511106306297,0.8537539570251581,True
3,ddelta,WWOWOWWW,WWOWOWOW,2,3,-0.4775960984078984,-1.1976794511349966,-0.7200833527270982,False
3,ddelta,WWOWWWOW,WWOWOWOW,2,3,0.1957409880843097,-1.1976794511349966,-1.3934204392193064,False
3,ddelta,WWWWOWOW,WWOWOWOW,2,3,0.6630618630305871,-1.1976794511349966,-1.8607413141655837,False
3,ddelta,WWOWOWWW,WWOWOWWO,2,3,-0.4775960984078984,-1.5424927384715827,-1.0648966400636843,False
3,ddelta,WWOWWWWO,WWOWOWWO,2,3,-0.29818960304045,-1.5424927384715827,-1.2443031354311327,False
3,ddelta,WWWWOWWO,WWOWOWWO,2,3,2.331534750897407,-1.5424927384715827,-3.8740274893689897,False
3,ddelta,WWOWWWWW,WWOWOWWW,1,2,-0.4471080796802669,-0.4775960984078984,-0.030488018727631516,False
3,ddelta,WWWWOWWW,WWOWOWWW,1,2,-1.9921328138896583,-0.4775960984078984,1.51453671548176,True
3,ddelta,WWOWWOOW,WWOWWOOO,3,4,2.578548268170705,-0.142115482047706,-2.720663750218411,False
3,ddelta,WWOWWOWO,WWOWWOOO,3,4,-0.3697933018065021,-0.142115482047706,0.2276778197587961,True
3,ddelta,WWOWWWOO,WWOWWOOO,3,4,0.1738840280725512,-0.142115482047706,-0.3159995101202572,False
3,ddelta,WWWWWOOO,WWOWWOOO,3,4,-0.9490417684945214,-0.142115482047706,0.8069262864468154,True
3,ddelta,WWOWWOWW,WWOWWOOW,2,3,-1.440603506536831,2.578548268170705,4.019151774707536,True
3,ddelta,WWOWWWOW,WWOWWOOW,2,3,0.1957409880843097,2.578548268170705,2.382807280086395,True
3,ddelta,WWWWWOOW,WWOWWOOW,2,3,0.7636280910098491,2.578548268170705,1.8149201771608556,True
3,ddelta,WWOWWOWW,WWOWWOWO,2,3,-1.440603506536831,-0.3697933018065021,1.070810204730329,True
3,ddelta,WWOWWWWO,WWOWWOWO,2,3,-0.29818960304045,-0.3697933018065021,-0.0716036987660521,False
3,ddelta,WWWWWOWO,WWOWWOWO,2,3,0.4188546789737865,-0.3697933018065021,-0.7886479807802886,False
3,ddelta,WWOWWWWW,WWOWWOWW,1,2,-0.4471080796802669,-1.440603506536831,-0.9934954268565641,False
3,ddelta,WWWWWOWW,WWOWWOWW,1,2,0.0620892258533528,-1.440603506536831,-1.5026927323901837,False
3,ddelta,WWOWWWOW,WWOWWWOO,2,3,0.1957409880843097,0.1738840280725512,-0.02185696001175849,False
3,ddelta,WWOWWWWO,WWOWWWOO,2,3,-0.29818960304045,0.1738840280725512,0.4720736311130012,True
3,ddelta,WWWWWWOO,WWOWWWOO,2,3,0.0903240856756213,0.1738840280725512,0.08355994239692992,True
3,ddelta,WWOWWWWW,WWOWWWOW,1,2,-0.4471080796802669,0.1957409880843097,0.6428490677645766,True
3,ddelta,WWWWWWOW,WWOWWWOW,1,2,0.7789245207214862,0.1957409880843097,-0.5831835326371765,False
3,ddelta,WWOWWWWW,WWOWWWWO,1,2,-0.4471080796802669,-0.29818960304045,0.1489184766398169,True
3,ddelta,WWWWWWWO,WWOWWWWO,1,2,-0.4648990610974039,-0.29818960304045,0.16670945805695392,True
3,ddelta,WWWWWWWW,WWOWWWWW,0,1,0.2766447736771263,-0.4471080796802669,-0.7237528533573931,False
3,ddelta,WWWOOOOW,WWWOOOOO,4,5,-0.1138731680869263,0.9272376347606286,1.0411108028475549,True
3,ddelta,WWWOOOWO,WWWOOOOO,4,5,0.5989081738066209,0.9272376347606286,0.3283294609540077,True
3,ddelta,WWWOOWOO,WWWOOOOO,4,5,-0.9370116210656672,0.9272376347606286,1.8642492558262957,True
3,ddelta,WWWOWOOO,WWWOOOOO,4,5,0.8319294664415041,0.9272376347606286,0.09530816831912448,True
3,ddelta,WWWWOOOO,WWWOOOOO,4,5,1.255396680773234,0.9272376347606286,-0.32815904601260537,False
3,ddelta,WWWOOOWW,WWWOOOOW,3,4,-2.785938444557822,-0.1138731680869263,2.6720652764708954,True
3,ddelta,WWWOOWOW,WWWOOOOW,3,4,0.5266947387184672,-0.1138731680869263,-0.6405679068053934,False
3,ddelta,WWWOWOOW,WWWOOOOW,3,4,0.3255573429323897,-0.1138731680869263,-0.43943051101931596,False
3,ddelta,WWWWOOOW,WWWOOOOW,3,4,-0.5593927817292927,-0.1138731680869263,0.4455196136423665,True
3,ddelta,WWWOOOWW,WWWOOOWO,3,4,-2.785938444557822,0.5989081738066209,3.384846618364443,True
3,ddelta,WWWOOWWO,WWWOOOWO,3,4,-1.3056294320412445,0.5989081738066209,1.9045376058478654,True
3,ddelta,WWWOWOWO,WWWOOOWO,3,4,-0.1365170091947195,0.5989081738066209,0.7354251830013404,True
3,ddelta,WWWWOOWO,WWWOOOWO,3,4,-0.2871102654741351,0.5989081738066209,0.886018439280756,True
3,ddelta,WWWOOWWW,WWWOOOWW,2,3,0.1344229662725526,-2.785938444557822,-2.9203614108303744,False
3,ddelta,WWWOWOWW,WWWOOOWW,2,3,1.3948959128677816,-2.785938444557822,-4.180834357425604,False
3,ddelta,WWWWOOWW,WWWOOOWW,2,3,1.627197231077936,-2.785938444557822,-4.413135675635758,False
3,ddelta,WWWOOWOW,WWWOOWOO,3,4,0.5266947387184672,-0.9370116210656672,-1.4637063597841342,False
3,ddelta,WWWOOWWO,WWWOOWOO,3,4,-1.3056294320412445,-0.9370116210656672,0.36861781097557733,True
3,ddelta,WWWOWWOO,WWWOOWOO,3,4,2.2690932941709168,-0.9370116210656672,-3.206104915236584,False
3,ddelta,WWWWOWOO,WWWOOWOO,3,4,0.5747971536054716,-0.9370116210656672,-1.5118087746711386,False
3,ddelta,WWWOOWWW,WWWOOWOW,2,3,0.1344229662725526,0.5266947387184672,0.3922717724459146,True
3,ddelta,WWWOWWOW,WWWOOWOW,2,3,0.6410016023371545,0.5266947387184672,-0.11430686361868736,False
3,ddelta,WWWWOWOW,WWWOOWOW,2,3,0.6630618630305871,0.5266947387184672,-0.13636712431211995,False
3,ddelta,WWWOOWWW,WWWOOWWO,2,3,0.1344229662725526,-1.3056294320412445,-1.4400523983137972,False
3,ddelta,WWWOWWWO,WWWOOWWO,2,3,-1.1752320604273074,-1.3056294320412445,-0.13039737161393705,False
3,ddelta,WWWWOWWO,WWWOOWWO,2,3,2.331534750897407,-1.3056294320412445,-3.637164182938651,False
3,ddelta,WWWOWWWW,WWWOOWWW,1,2,1.9819814383933416,0.1344229662725526,-1.847558472120789,False
3,ddelta,WWWWOWWW,WWWOOWWW,1,2,-1.9921328138896583,0.1344229662725526,2.126555780162211,True
3,ddelta,WWWOWOOW,WWWOWOOO,3,4,0.3255573429323897,0.8319294664415041,0.5063721235091144,True
3,ddelta,WWWOWOWO,WWWOWOOO,3,4,-0.1365170091947195,0.8319294664415041,0.9684464756362237,True
3,ddelta,WWWOWWOO,WWWOWOOO,3,4,2.2690932941709168,0.8319294664415041,-1.4371638277294125,False
3,ddelta,WWWWWOOO,WWWOWOOO,3,4,-0.9490417684945214,0.8319294664415041,1.7809712349360254,True
3,ddelta,WWWOWOWW,WWWOWOOW,2,3,1.3948959128677816,0.3255573429323897,-1.069338569935392,False
3,ddelta,WWWOWWOW,WWWOWOOW,2,3,0.6410016023371545,0.3255573429323897,-0.31544425940476484,False
3,ddelta,WWWWWOOW,WWWOWOOW,2,3,0.7636280910098491,0.3255573429323897,-0.4380707480774594,False
3,ddelta,WWWOWOWW,WWWOWOWO,2,3,1.3948959128677816,-0.1365170091947195,-1.531412922062501,False
3,ddelta,WWWOWWWO,WWWOWOWO,2,3,-1.1752320604273074,-0.1365170091947195,1.038715051232588,True
3,ddelta,WWWWWOWO,WWWOWOWO,2,3,0.4188546789737865,-0.1365170091947195,-0.555371688168506,False
3,ddelta,WWWOWWWW,WWWOWOWW,1,2,1.9819814383933416,1.3948959128677816,-0.58708552552556,False
3,ddelta,WWWWWOWW,WWWOWOWW,1,2,0.0620892258533528,1.3948959128677816,1.3328066870144288,True
3,ddelta,WWWOWWOW,WWWOWWOO,2,3,0.6410016023371545,2.2690932941709168,1.6280916918337622,True
3,ddelta,WWWOWWWO,WWWOWWOO,2,3,-1.1752320604273074,2.2690932941709168,3.444325354598224,True
3,ddelta,WWWWWWOO,WWWOWWOO,2,3,0.0903240856756213,2.2690932941709168,2.1787692084952957,True
3,ddelta,WWWOWWWW,WWWOWWOW,1,2,1.9819814383933416,0.6410016023371545,-1.340979836056187,False
3,ddelta,WWWWWWOW,WWWOWWOW,1,2,0.7789245207214862,0.6410016023371545,-0.13792291838433168,False
3,ddelta,WWWOWWWW,WWWOWWWO,1,2,1.9819814383933416,-1.1752320604273074,-3.1572134988206493,False
3,ddelta,WWWWWWWO,WWWOWWWO,1,2,-0.4648990610974039,-1.1752320604273074,-0.7103329993299035,False
3,ddelta,WWWWWWWW,WWWOWWWW,0,1,0.2766447736771263,1.9819814383933416,1.7053366647162154,True
3,ddelta,WWWWOOOW,WWWWOOOO,3,4,-0.5593927817292927,1.255396680773234,1.8147894625025267,True
3,ddelta,WWWWOOWO,WWWWOOOO,3,4,-0.2871102654741351,1.255396680773234,1.542506946247369,True
3,ddelta,WWWWOWOO,WWWWOOOO,3,4,0.5747971536054716,1.255396680773234,0.6805995271677624,True
3,ddelta,WWWWWOOO,WWWWOOOO,3,4,-0.9490417684945214,1.255396680773234,2.204438449267755,True
3,ddelta,WWWWOOWW,WWWWOOOW,2,3,1.627197231077936,-0.5593927817292927,-2.186590012807229,False
3,ddelta,WWWWOWOW,WWWWOOOW,2,3,0.6630618630305871,-0.5593927817292927,-1.2224546447598799,False
3,ddelta,WWWWWOOW,WWWWOOOW,2,3,0.7636280910098491,-0.5593927817292927,-1.323020872739142,False
3,ddelta,WWWWOOWW,WWWWOOWO,2,3,1.627197231077936,-0.2871102654741351,-1.914307496552071,False
3,ddelta,WWWWOWWO,WWWWOOWO,2,3,2.331534750897407,-0.2871102654741351,-2.6186450163715422,False
3,ddelta,WWWWWOWO,WWWWOOWO,2,3,0.4188546789737865,-0.2871102654741351,-0.7059649444479216,False
3,ddelta,WWWWOWWW,WWWWOOWW,1,2,-1.9921328138896583,1.627197231077936,3.6193300449675943,True
3,ddelta,WWWWWOWW,WWWWOOWW,1,2,0.0620892258533528,1.627197231077936,1.5651080052245832,True
3,ddelta,WWWWOWOW,WWWWOWOO,2,3,0.6630618630305871,0.5747971536054716,-0.08826470942511555,False
3,ddelta,WWWWOWWO,WWWWOWOO,2,3,2.331534750897407,0.5747971536054716,-1.7567375972919352,False
3,ddelta,WWWWWWOO,WWWWOWOO,2,3,0.0903240856756213,0.5747971536054716,0.4844730679298503,True
3,ddelta,WWWWOWWW,WWWWOWOW,1,2,-1.9921328138896583,0.6630618630305871,2.6551946769202455,True
3,ddelta,WWWWWWOW,WWWWOWOW,1,2,0.7789245207214862,0.6630618630305871,-0.1158626576908991,False
3,ddelta,WWWWOWWW,WWWWOWWO,1,2,-1.9921328138896583,2.331534750897407,4.3236675647870655,True
3,ddelta,WWWWWWWO,WWWWOWWO,1,2,-0.4648990610974039,2.331534750897407,2.796433811994811,True
3,ddelta,WWWWWWWW,WWWWOWWW,0,1,0.2766447736771263,-1.9921328138896583,-2.2687775875667846,False
3,ddelta,WWWWWOOW,WWWWWOOO,2,3,0.7636280910098491,-0.9490417684945214,-1.7126698595043703,False
3,ddelta,WWWWWOWO,WWWWWOOO,2,3,0.4188546789737865,-0.9490417684945214,-1.3678964474683077,False
3,ddelta,WWWWWWOO,WWWWWOOO,2,3,0.0903240856756213,-0.9490417684945214,-1.0393658541701427,False
3,ddelta,WWWWWOWW,WWWWWOOW,1,2,0.0620892258533528,0.7636280910098491,0.7015388651564962,True
3,ddelta,WWWWWWOW,WWWWWOOW,1,2,0.7789245207214862,0.7636280910098491,-0.015296429711637138,False
3,ddelta,WWWWWOWW,WWWWWOWO,1,2,0.0620892258533528,0.4188546789737865,0.3567654531204337,True
3,ddelta,WWWWWWWO,WWWWWOWO,1,2,-0.4648990610974039,0.4188546789737865,0.8837537400711903,True
3,ddelta,WWWWWWWW,WWWWWOWW,0,1,0.2766447736771263,0.0620892258533528,-0.2145555478237735,False
3,ddelta,WWWWWWOW,WWWWWWOO,1,2,0.7789245207214862,0.0903240856756213,-0.6886004350458649,False
3,ddelta,WWWWWWWO,WWWWWWOO,1,2,-0.4648990610974039,0.0903240856756213,0.5552231467730252,True
3,ddelta,WWWWWWWW,WWWWWWOW,0,1,0.2766447736771263,0.7789245207214862,0.5022797470443598,True
3,ddelta,WWWWWWWW,WWWWWWWO,0,1,0.2766447736771263,-0.4648990610974039,-0.7415438347745302,False
