source,target,mut_source,mut_target,mean_step,sd_step,raw_reproducibility,log_reproducibility,reliable_uphill_score,source_mean_fitness,target_mean_fitness
OOOOOOOW,OOOOOOOO,7,8,0.9955684155957688,1.5123314969493449,0.6174712938868097,0.20883658175669895,0.207911104817953,-0.061621949518046414,0.9339464660777222
OOOOOOWO,OOOOOOOO,7,8,0.7345095015762723,1.3829662094252602,0.4952975306571142,0.17472761611609686,0.12833909422504453,0.19943696450145007,0.9339464660777222
OOOOOWOO,OOOOOOOO,7,8,0.6152531115500831,0.7992563207135044,0.6841799133109432,0.22638848335400585,0.1392862188026563,0.31869335452763925,0.9339464660777222
OOOOWOOO,OOOOOOOO,7,8,-0.3399009630144499,1.2242761424755437,0.2566692490427668,0.09922098793483457,0.0,1.2738474290921722,0.9339464660777222
OOOWOOOO,OOOOOOOO,7,8,2.3876500361156996,2.0880193663589055,1.0912380725811401,0.32040347697010835,0.7650113733592749,-1.453703570037977,0.9339464660777222
OOWOOOOO,OOOOOOOO,7,8,-0.1284426615085926,1.0369184119639665,0.11297438774583189,0.04648517027483406,0.0,1.0623891275863149,0.9339464660777222
OWOOOOOO,OOOOOOOO,7,8,0.6361496893182461,1.6537364157873768,0.3627396247187085,0.1344128841911553,0.08550671451857284,0.2977967767594762,0.9339464660777222
WOOOOOOO,OOOOOOOO,7,8,0.5266764360308721,0.3426317231509631,1.189875032638013,0.3404193321075795,0.17929084059042982,0.4072700300468502,0.9339464660777222
OOOOOOWW,OOOOOOOW,6,7,2.682606871045886,2.9348295225573193,0.8839398889151998,0.27506704159438106,0.7378967357793511,-2.7442288205639325,-0.061621949518046414
OOOOOWOW,OOOOOOOW,6,7,-0.7894806361322774,0.9253258551275664,0.7699802284163153,0.2479684150975968,0.0,0.727858686614231,-0.061621949518046414
OOOOWOOW,OOOOOOOW,6,7,-0.27538884280138676,1.2665276541768107,0.2015245296790423,0.07973264155315746,0.0,0.2137668932833404,-0.061621949518046414
OOOWOOOW,OOOOOOOW,6,7,-0.02174634504369181,1.0622532581998663,0.01871050469445293,0.00805078452029505,0.0,-0.039875604474354565,-0.061621949518046414
OOWOOOOW,OOOOOOOW,6,7,-0.7704966867627455,1.5844067546307539,0.4574291124424097,0.16358744039586587,0.0,0.7088747372446992,-0.061621949518046414
OWOOOOOW,OOOOOOOW,6,7,-1.4744909896633518,3.534198524647314,0.40572659409310774,0.14790086106578484,0.0,1.4128690401453055,-0.061621949518046414
WOOOOOOW,OOOOOOOW,6,7,0.13749204943129523,1.8036228140497537,0.07222651904386228,0.030286544292001394,0.004164159044898968,-0.1991139989493416,-0.061621949518046414
OOOOOOWW,OOOOOOWO,6,7,2.9436657850653822,0.1612455341726364,11.267812842764798,1.0887671417826923,3.204966583169141,-2.7442288205639325,0.19943696450145007
OOOOOWWO,OOOOOOWO,6,7,2.4213297555757376,1.3012985974496871,1.7279184893087527,0.4358313893816944,1.0552915115238122,-2.2218927910742874,0.19943696450145007
OOOOWOWO,OOOOOOWO,6,7,0.24363608881009133,1.5604294833075232,0.14673076529861173,0.05946146422173762,0.014486958577905334,-0.0441991243086412,0.19943696450145007
OOOWOOWO,OOOOOOWO,6,7,0.971304007177098,0.4399893715608362,1.7987465278613715,0.4469635677995629,0.434137504465888,-0.7718670426756479,0.19943696450145007
OOWOOOWO,OOOOOOWO,6,7,0.07940243820998945,2.1296516497020814,0.035612037521914656,0.015197089849895214,0.0012066859877779626,0.12003452629146055,0.19943696450145007
OWOOOOWO,OOOOOOWO,6,7,1.4447432062287708,0.6457357208888095,1.9373394163107076,0.46795413314652956,0.6760735546901222,-1.2453062417273209,0.19943696450145007
WOOOOOWO,OOOOOOWO,6,7,1.46103470019799,1.7492753732250559,0.7900579445072092,0.2528670894002483,0.36944759215183015,-1.2615977356965402,0.19943696450145007
OOOOOWWW,OOOOOOWW,5,6,-0.8634954361396937,1.3112546950705508,0.6118636410251419,0.2073282989732989,0.0,-1.8807333844242384,-2.7442288205639325
OOOOWOWW,OOOOOOWW,5,6,-1.5732945879199605,1.73071043693908,0.8593901887348635,0.2693705350291056,0.0,-1.1709342326439718,-2.7442288205639325
OOOWOOWW,OOOOOOWW,5,6,-2.1042234475500754,1.2879348481874702,1.51608229327048,0.40072484143491505,0.0,-0.640005373013857,-2.7442288205639325
OOWOOOWW,OOOOOOWW,5,6,-2.138544599983721,0.625746003884893,2.94668463696137,0.5962324251289092,0.0,-0.6056842205802112,-2.7442288205639325
OWOOOOWW,OOOOOOWW,5,6,-0.12170952145283698,0.9582760121237487,0.11500735163465556,0.04727773084950529,0.0,-2.622519299111095,-2.7442288205639325
WOOOOOWW,OOOOOOWW,5,6,0.854488913870223,1.4426500673264737,0.5539097504796504,0.1914257918092587,0.1635712169298409,-3.598717734434155,-2.7442288205639325
OOOOOWOW,OOOOOWOO,6,7,-0.4091653320865918,1.3090131948381458,0.290391412646489,0.1107214642285079,0.0,0.727858686614231,0.31869335452763925
OOOOOWWO,OOOOOWOO,6,7,2.5405861456019267,1.5104475601723322,1.577565273426265,0.4112096720272913,1.0447135956900484,-2.2218927910742874,0.31869335452763925
OOOOWWOO,OOOOOWOO,6,7,0.4910581034897506,1.1682020697073023,0.3872080918485533,0.1421416134618103,0.06979979113352977,-0.17236474896211132,0.31869335452763925
OOOWOWOO,OOOOOWOO,6,7,-0.43782104314391895,0.825221338776595,0.4732068152717301,0.16826371929776723,0.0,0.7565143976715584,0.31869335452763925
OOWOOWOO,OOOOOWOO,6,7,0.5057698288420244,1.9596835230138996,0.24555705922332188,0.09536362744717138,0.04823204553171045,-0.18707647431438504,0.31869335452763925
OWOOOWOO,OOOOOWOO,6,7,0.7818462368289838,0.33024493305173436,1.8172119571132088,0.44981952300343503,0.3516897013124442,-0.4631528823013446,0.31869335452763925
WOOOOWOO,OOOOOWOO,6,7,1.0646445610775201,0.6120931678256275,1.4950916666261613,0.39708650570234116,0.42275598857327523,-0.7459512065498809,0.31869335452763925
OOOOOWWW,OOOOOWOW,5,6,2.608592071038469,1.19007980557318,2.0220393031262716,0.48030010825577446,1.2529070541149316,-1.8807333844242384,0.727858686614231
OOOOWWOW,OOOOOWOW,5,6,0.5763614137197686,1.6616524279754963,0.32717090191402126,0.12292685125868862,0.07085029377557749,0.15149727289446244,0.727858686614231
OOOWOWOW,OOOOOWOW,5,6,0.23612221051466972,0.6095910536140329,0.3327581559999535,0.12475134893096217,0.029456564274265667,0.4917364760995613,0.727858686614231
OOWOOWOW,OOOOOWOW,5,6,0.02641589226082917,0.6667288695044126,0.034452716353179064,0.014710644352930131,0.0003885947963143774,0.7014427943534018,0.727858686614231
OWOOOWOW,OOOOOWOW,5,6,0.30519717571782534,0.6113769511158977,0.4290231434109292,0.15503926236288681,0.04731754499852799,0.42266151089640563,0.727858686614231
WOOOOWOW,OOOOOWOW,5,6,0.6814864871053037,0.9571126052568346,0.644667827927121,0.21607819707906653,0.14725437146746054,0.04637219950892731,0.727858686614231
OOOOOWWW,OOOOOWWO,5,6,-0.34115940665004874,0.2994918513281908,0.8539833929422987,0.26810583963273793,0.0,-1.8807333844242384,-2.2218927910742874
OOOOWWWO,OOOOOWWO,5,6,-1.6833208399360988,0.5520055992928904,2.5817582575390228,0.5540962708039939,0.0,-0.5385719511381883,-2.2218927910742874
OOOWOWWO,OOOOOWWO,5,6,-0.1306674163908704,1.4315049064452479,0.08531961983338368,0.035557654026694654,0.0,-2.091225374683417,-2.2218927910742874
OOWOOWWO,OOOOOWWO,5,6,-0.8932778133149828,0.2176982640218902,2.8117176405264646,0.5811207220546767,0.0,-1.3286149777593044,-2.2218927910742874
OWOOOWWO,OOOOOWWO,5,6,0.5174944572842289,2.094133564916639,0.23585367160813198,0.09196705216444104,0.04759243974786779,-2.739387248358516,-2.2218927910742874
WOOOOWWO,OOOOOWWO,5,6,1.8867002008440006,1.809641298043116,0.9879866982230515,0.29841347417213204,0.5630167616551175,-4.108592991918288,-2.2218927910742874
OOOOWWWW,OOOOOWWW,4,5,-1.7865887488811278,1.0009159777031655,1.6228202561002676,0.41876852907355383,0.0,-0.09414463554311057,-1.8807333844242384
OOOWOWWW,OOOOOWWW,4,5,-1.5963004602084931,0.6058734204836496,2.2614542691163266,0.5134112933875051,0.0,-0.28443292421574523,-1.8807333844242384
OOWOOWWW,OOOOOWWW,4,5,0.2208065428073025,1.0930861256242788,0.18507175472497103,0.07374464717114729,0.01628330059240535,-2.1015399272315407,-1.8807333844242384
OWOOOWWW,OOOOOWWW,4,5,-0.3170755024458394,0.9383401922444025,0.3053676481120041,0.1157328450532755,0.0,-1.563657881978399,-1.8807333844242384
WOOOOWWW,OOOOOWWW,4,5,0.8932863934346096,1.3692652734049227,0.6079816964328565,0.20628110089038534,0.18426810064809315,-2.774019777858848,-1.8807333844242384
OOOOWOOW,OOOOWOOO,6,7,1.0600805358088317,1.009006207391042,0.955883320349208,0.291342943069202,0.3088469831929216,0.2137668932833404,1.2738474290921722
OOOOWOWO,OOOOWOOO,6,7,1.3180465534008132,1.248795474752538,0.9772026805195455,0.2960511905678501,0.3902092513581622,-0.0441991243086412,1.2738474290921722
OOOOWWOO,OOOOWOOO,6,7,1.4462121780542834,1.3435731244439046,1.001828139888234,0.30142678987556837,0.43592709430985654,-0.17236474896211132,1.2738474290921722
OOOWWOOO,OOOOWOOO,6,7,0.9658623213881664,1.6989580856132567,0.5369009590120096,0.18664588159183532,0.1802742244718309,0.30798510770400583,1.2738474290921722
OOWOWOOO,OOOOWOOO,6,7,1.116073557996054,1.1133008570522371,0.9198654657737563,0.2832707966623078,0.3161510459072786,0.1577738710961182,1.2738474290921722
OWOOWOOO,OOOOWOOO,6,7,0.1311609956446239,1.3189792117881733,0.09243334543240916,0.03839494807358133,0.005035919617054562,1.1426864334475482,1.2738474290921722
WOOOWOOO,OOOOWOOO,6,7,-1.508016893764444,2.49949575801499,0.5801190054320328,0.19868979673679726,0.0,2.7818643228566162,1.2738474290921722
OOOOWOWW,OOOOWOOW,5,6,1.384701125927312,0.9506907440963187,1.3178959971882784,0.36509394549274243,0.5055459973930452,-1.1709342326439718,0.2137668932833404
OOOOWWOW,OOOOWOOW,5,6,0.06226962038887803,1.2995067937998521,0.04449397506660722,0.018905939191508837,0.0011772656565504668,0.15149727289446244,0.2137668932833404
OOOWWOOW,OOOOWOOW,5,6,-0.14351944587759902,1.6362225960500816,0.08266189266520707,0.03449285083063748,0.0,0.3572863391609395,0.2137668932833404
OOWOWOOW,OOOOWOOW,5,6,-1.0962509846959512,0.4399988859791899,2.0300986042000795,0.4814567613614506,0.0,1.3100178779792915,0.2137668932833404
OWOOWOOW,OOOOWOOW,5,6,0.17057516958264243,0.649883998631998,0.22746874169047498,0.08901044133741666,0.015182971125755692,0.043191723700697994,0.2137668932833404
WOOOWOOW,OOOOWOOW,5,6,0.27120578758775776,0.9646853974704621,0.2547285688637257,0.09854978653882367,0.02672727247486708,-0.0574388943044174,0.2137668932833404
OOOOWOWW,OOOOWOWO,5,6,1.1267351083353307,0.709924513611145,1.3911606444798763,0.3786087541448589,0.4265917756181122,-1.1709342326439718,-0.0441991243086412
OOOOWWWO,OOOOWOWO,5,6,0.49437282682954714,0.6655738126437638,0.6457546204752282,0.21636508305263444,0.10696501773594062,-0.5385719511381883,-0.0441991243086412
OOOWWOWO,OOOOWOWO,5,6,0.054173120240420335,0.4863005335250031,0.09239821071749049,0.03838098012006039,0.002079217450989214,-0.09837224454906157,-0.0441991243086412
OOWOWOWO,OOOOWOWO,5,6,-0.22733824066803318,0.5072345181990563,0.374382934195302,0.13810775385705615,0.0,0.18313911635939198,-0.0441991243086412
OWOOWOWO,OOOOWOWO,5,6,0.6395625744038703,1.4349092794647835,0.41667776914273597,0.15127107890137734,0.09674732065501589,-0.6837616987125115,-0.0441991243086412
WOOOWOWO,OOOOWOWO,5,6,0.8071343536883369,0.6025708448326844,1.1488298434594935,0.33220202695149087,0.26813166831744706,-0.851333477996978,-0.0441991243086412
OOOOWWWW,OOOOWOWW,4,5,-1.0767895971008614,0.670391865391824,1.3977167276463938,0.379797873138592,0.0,-0.09414463554311057,-1.1709342326439718
OOOWWOWW,OOOOWOWW,4,5,-0.14443817450904617,1.570820343499636,0.08644745981875677,0.03600872885027006,0.0,-1.0264960581349258,-1.1709342326439718
OOWOWOWW,OOOOWOWW,4,5,-0.04126696116324846,1.265922226224014,0.03021179417903446,0.012926517508793499,0.0,-1.1296672714807234,-1.1709342326439718
OWOOWOWW,OOOOWOWW,4,5,0.24237792827252114,0.7459192880363616,0.28652606897657423,0.10941859077797747,0.026520651347264966,-1.4133121609164931,-1.1709342326439718
WOOOWOWW,OOOOWOWW,4,5,1.0248721233246647,0.6268108427092047,1.410094708417433,0.38203410918686437,0.3915361086647885,-2.1958063559686365,-1.1709342326439718
OOOOWWOW,OOOOWWOO,5,6,-0.3238620218565737,1.46031675218383,0.2075617155319868,0.08190933572174212,0.0,0.15149727289446244,-0.17236474896211132
OOOOWWWO,OOOOWWOO,5,6,0.3662072021760771,0.9420553018937864,0.3514277999550964,0.1307928484670939,0.047897283101774074,-0.5385719511381883,-0.17236474896211132
OOOWWWOO,OOOOWWOO,5,6,-0.0943384792468941,0.10136785587080355,0.4684882740541327,0.16687048301141208,0.0,-0.0780262697152172,-0.17236474896211132
OOWOWWOO,OOOOWWOO,5,6,-0.4162046304308083,0.5974711589824405,0.5967338219949058,0.20323252460836358,0.0,0.24383988146869698,-0.17236474896211132
OWOOWWOO,OOOOWWOO,5,6,-0.8732650745778229,0.8052930434611301,0.9646214348882464,0.2932788780813637,0.0,0.7009003256157115,-0.17236474896211132
WOOOWWOO,OOOOWWOO,5,6,-0.22473439446134116,0.15232140353268325,0.8906671860369199,0.27661508675697183,0.0,0.05236964549922988,-0.17236474896211132
OOOOWWWW,OOOOWWOW,4,5,0.24564190843757303,1.5370864348653508,0.15004822177136717,0.060716050797216495,0.014914406590620887,-0.09414463554311057,0.15149727289446244
OOOWWWOW,OOOOWWOW,4,5,0.4375205914223552,1.332165478760499,0.3054958368365488,0.115775491216951,0.05065416138945409,-0.2860233185278928,0.15149727289446244
OOWOWWOW,OOOOWWOW,4,5,-0.5395426766005297,1.006062441232898,0.487804898247079,0.1725459841869724,0.0,0.691039949494992,0.15149727289446244
OWOOWWOW,OOOOWWOW,4,5,0.282203920340469,1.611157798098255,0.1649198692570051,0.06629605279861926,0.018709006002869077,-0.13070664744600666,0.15149727289446244
WOOOWWOW,OOOOWWOW,4,5,0.10615114795062992,1.9862134327618495,0.05088220902216171,0.021554039683271846,0.002287986055352738,0.0453461249438325,0.15149727289446244
OOOOWWWW,OOOOWWWO,4,5,-0.4444273155950779,1.0400881912074227,0.38981836582694745,0.14295804638832904,0.0,-0.09414463554311057,-0.5385719511381883
OOOWWWWO,OOOOWWWO,4,5,0.3240899724721095,1.1948107833706776,0.25029909901463127,0.0970139182186513,0.031441238084894185,-0.8626619236102978,-0.5385719511381883
OOWOWWWO,OOOOWWWO,4,5,0.2418746664243009,0.8066625582066076,0.2667747380047685,0.10269939409478801,0.024840381688654666,-0.7804466175624892,-0.5385719511381883
OWOOWWWO,OOOOWWWO,4,5,0.08646570388774832,0.915224299488688,0.08516906454198968,0.0354974046157216,0.0030693080762865745,-0.6250376550259368,-0.5385719511381883
WOOOWWWO,OOOOWWWO,4,5,1.3028516802290804,0.4646934235940452,2.307184085723819,0.5194583694492272,0.6767772094459841,-1.8414236313672685,-0.5385719511381883
OOOWWWWW,OOOOWWWW,3,4,0.3428470901895136,1.1071008823967936,0.2840252171042769,0.10857355297091553,0.03722412670761541,-0.4369917257326242,-0.09414463554311057
OOWOWWWW,OOOOWWWW,3,4,-0.20404660334324634,0.12290342934592614,0.9154036074814457,0.28226030103731287,0.0,0.10990196780013577,-0.09414463554311057
OWOOWWWW,OOOOWWWW,3,4,-0.39187152238364326,0.8903339442053473,0.3956963453353954,0.14479094128860887,0.0,0.29772688684053267,-0.09414463554311057
WOOOWWWW,OOOOWWWW,3,4,0.6582142115605082,0.3638936537203517,1.4188903130744237,0.38361617530418707,0.2525016183697032,-0.7523588471036188,-0.09414463554311057
OOOWOOOW,OOOWOOOO,6,7,-1.4138279655636226,2.364293860725,0.5737253937514057,0.19692895268444732,0.0,-0.039875604474354565,-1.453703570037977
OOOWOOWO,OOOWOOOO,6,7,-0.6818365273623291,2.0378329051239756,0.3189381760043536,0.12022443887507736,0.0,-0.7718670426756479,-1.453703570037977
OOOWOWOO,OOOWOOOO,6,7,-2.2102179677095353,2.099415932378745,1.004911319942612,0.30209516792312685,0.0,0.7565143976715584,-1.453703570037977
OOOWWOOO,OOOWOOOO,6,7,-1.761688677741983,2.6867318773994286,0.6321701388028713,0.2127654280035744,0.0,0.30798510770400583,-1.453703570037977
OOWWOOOO,OOOWOOOO,6,7,-2.5158394954830996,2.368233854632624,1.0192873299914935,0.3051981203063481,0.0,1.0621359254451226,-1.453703570037977
OWOWOOOO,OOOWOOOO,6,7,-1.7322853522544976,3.1164394795379593,0.5385723447541254,0.18711792189568377,0.0,0.27858178221652036,-1.453703570037977
WOOWOOOO,OOOWOOOO,6,7,-2.1541342902902754,2.98769495855693,0.6976512638725928,0.22984848111949333,0.0,0.7004307202522981,-1.453703570037977
OOOWOOWW,OOOWOOOW,5,6,0.6001297685395024,0.9830570418155529,0.5541072587769628,0.19148098890986193,0.11491344155419046,-0.640005373013857,-0.039875604474354565
OOOWOWOW,OOOWOOOW,5,6,-0.5316120805739158,0.4337919110953561,0.9959163290485854,0.300142331242863,0.0,0.4917364760995613,-0.039875604474354565
OOOWWOOW,OOOWOOOW,5,6,-0.397161943635294,1.2607928125015944,0.29186070060524266,0.11121568686339477,0.0,0.3572863391609395,-0.039875604474354565
OOWWOOOW,OOOWOOOW,5,6,-0.2083221786465618,1.3006070129709433,0.14873706665560127,0.060220634808335796,0.0,0.16844657417220724,-0.039875604474354565
OWOWOOOW,OOOWOOOW,5,6,0.5459855994787212,1.0278304398991567,0.48410255669951563,0.17146391325413884,0.09361682746702844,-0.5858612039530756,-0.039875604474354565
WOOWOOOW,OOOWOOOW,5,6,-0.20767566784771105,0.7390234752611843,0.24752068800347038,0.09604775638861432,0.0,0.16780006337335648,-0.039875604474354565
OOOWOOWW,OOOWOOWO,5,6,-0.131861669661791,0.8799271082424271,0.1345627328325418,0.05482851412116107,0.0,-0.640005373013857,-0.7718670426756479
OOOWOWWO,OOOWOOWO,5,6,1.3193583320077689,1.1109603054866124,1.0895141038315024,0.3200453068965019,0.42225444227388326,-2.091225374683417,-0.7718670426756479
OOOWWOWO,OOOWOOWO,5,6,-0.6734947981265864,0.8956506672388195,0.676436847066402,0.2243871977963504,0.0,-0.09837224454906157,-0.7718670426756479
OOWWOOWO,OOOWOOWO,5,6,-1.0544957991743587,1.7094182357203493,0.5827816799660761,0.19942101484665212,0.0,0.28262875649871066,-0.7718670426756479
OWOWOOWO,OOOWOOWO,5,6,0.7991349674789029,1.289747640740488,0.5750216399382454,0.19728652513590886,0.1576585608485103,-1.571002010154551,-0.7718670426756479
WOOWOOWO,OOOWOOWO,5,6,-0.3152162553453734,0.9017967824533143,0.3146508961362761,0.11881044179134254,0.0,-0.45665078733027453,-0.7718670426756479
OOOWOWWW,OOOWOOWW,4,5,-0.35557244879811173,0.5497079563937227,0.547280428535548,0.18956903220514165,0.0,-0.28443292421574523,-0.640005373013857
OOOWWOWW,OOOWOOWW,4,5,0.3864906851210688,1.2000936094896077,0.29727912074946494,0.1130334283273453,0.04368636715581891,-1.0264960581349258,-0.640005373013857
OOWWOOWW,OOOWOOWW,4,5,-0.6415621065888008,0.7012410696572356,0.8007104614136364,0.2554438876561984,0.0,0.0015567335749437639,-0.640005373013857
OWOWOOWW,OOOWOOWW,4,5,1.0517559953461588,0.487631138796796,1.7898234554072163,0.4455767212777623,0.4686379879905709,-1.691761368360016,-0.640005373013857
WOOWOOWW,OOOWOOWW,4,5,1.5698155962560048,1.1290774738885574,1.277230792693173,0.3574070477050782,0.5610631576992456,-2.209820969269862,-0.640005373013857
OOOWOWOW,OOOWOWOO,5,6,0.2647779215719969,0.5214076712526278,0.42609374460772276,0.15414807490412255,0.04081500688743807,0.4917364760995613,0.7565143976715584
OOOWOWWO,OOOWOWOO,5,6,2.8477397723549753,1.9028195650574014,1.4218653652274253,0.384149996460206,1.0939592234697515,-2.091225374683417,0.7565143976715584
OOOWWWOO,OOOWOWOO,5,6,0.8345406673867753,0.7070302051954425,1.0340885161599007,0.3083698479197455,0.2573471786849028,-0.0780262697152172,0.7565143976715584
OOWWOWOO,OOOWOWOO,5,6,-0.6200142987501907,0.644119052631524,0.8332192228616567,0.2632144025433871,0.0,1.376528696421749,0.7565143976715584
OWOWOWOO,OOOWOWOO,5,6,1.2530222508244926,0.8282876780451519,1.3498210527400167,0.37103479045613824,0.4649148482715443,-0.4965078531529345,0.7565143976715584
WOOWOWOO,OOOWOWOO,5,6,0.3169577189885571,0.6462239413828605,0.4247487937752155,0.15373829796242225,0.0487285402433525,0.43955667868300113,0.7565143976715584
OOOWOWWW,OOOWOWOW,4,5,0.7761694003153065,0.8790612849321947,0.7927689637621208,0.253524325129235,0.1967778234009011,-0.28443292421574523,0.4917364760995613
OOOWWWOW,OOOWOWOW,4,5,0.7777597946274541,0.7099808174206358,0.960220017437217,0.2923048198239504,0.22734293663489066,-0.2860233185278928,0.4917364760995613
OOWWOWOW,OOOWOWOW,4,5,-0.5851662101037157,0.2612723210887086,1.6197371787030177,0.41825772354708474,0.0,1.0769026862032771,0.4917364760995613
OWOWOWOW,OOOWOWOW,4,5,0.300280942796062,0.38887548624406565,0.6142278581056733,0.20796483802755944,0.06244787763134587,0.1914555333034993,0.4917364760995613
WOOWOWOW,OOOWOWOW,4,5,0.09523381382386671,1.0533431536906201,0.08257196786500612,0.03445677727272039,0.0032814503117606954,0.3965026622756946,0.4917364760995613
OOOWOWWW,OOOWOWWO,4,5,-1.8067924504676716,1.5386627086518487,1.1026017989718857,0.32275703165734054,0.0,-0.28443292421574523,-2.091225374683417
OOOWWWWO,OOOWOWWO,4,5,-1.228563451073119,2.3412106127757144,0.5032599172900585,0.17703407764984386,0.0,-0.8626619236102978,-2.091225374683417
OOWWOWWO,OOOWOWWO,4,5,-0.9828288854807058,2.0888017296054096,0.449026000019603,0.16107617813075953,0.0,-1.108396489202711,-2.091225374683417
OWOWOWWO,OOOWOWWO,4,5,0.20434482526115275,2.193314600698398,0.0891045760572589,0.037069582808181956,0.007574977421441774,-2.2955701999445695,-2.091225374683417
WOOWOWWO,OOOWOWWO,4,5,0.7186600071125012,1.4430520098862154,0.4657393286215253,0.16605674096861608,0.11933833864558441,-2.8098853817959184,-2.091225374683417
OOOWWWWW,OOOWOWWW,3,4,0.15255880151687906,1.0668525021779092,0.1307438611410875,0.053364238620222056,0.00814118428776183,-0.4369917257326242,-0.28443292421574523
OOWWOWWW,OOOWOWWW,3,4,-0.1994960775409338,0.9680831504525711,0.18677953814401319,0.0743700498222965,0.0,-0.08493684667481138,-0.28443292421574523
OWOWOWWW,OOOWOWWW,3,4,0.5765462256263609,1.043548090837709,0.5041731346899547,0.17729782768709346,0.10222039336474664,-0.8609791498421061,-0.28443292421574523
WOOWOWWW,OOOWOWWW,3,4,-0.07649144095515514,1.4651985190881296,0.04887012096057844,0.02072171389204683,0.0,-0.20794148326059006,-0.28443292421574523
OOOWWOOW,OOOWWOOO,5,6,-0.04930123145693366,1.0955062585245865,0.0412387899313701,0.01755033878732441,0.0,0.3572863391609395,0.30798510770400583
OOOWWOWO,OOOWWOOO,5,6,0.4063573522530673,0.7288300551334905,0.4902782539511309,0.1732673643003743,0.07040846738896774,-0.09837224454906157,0.30798510770400583
OOOWWWOO,OOOWWOOO,5,6,0.38601137741922303,0.46521965045355695,0.6829404765200053,0.22606875579991556,0.08726511181777537,-0.0780262697152172,0.30798510770400583
OOWWWOOO,OOOWWOOO,5,6,-0.37647375474751915,0.3205710950605285,0.8951489038811313,0.2776433386277431,0.0,0.684458862451525,0.30798510770400583
OWOWWOOO,OOOWWOOO,5,6,0.11361344103949977,0.829326376212412,0.12225354186388836,0.050090984721509635,0.005691009139267719,0.19437166666450603,0.30798510770400583
WOOWWOOO,OOOWWOOO,5,6,-0.009019286990944253,0.10118446322623145,0.044830932002945405,0.019046021319342885,0.0,0.31700439469495006,0.30798510770400583
OOOWWOWW,OOOWWOOW,4,5,1.3837823972958654,2.984779237765541,0.44858393117888323,0.1609436633587964,0.22271100831221402,-1.0264960581349258,0.3572863391609395
OOOWWWOW,OOOWWOOW,4,5,0.6433096576888322,1.1250766241573966,0.5251178946715258,0.18330341681478385,0.11792085832431193,-0.2860233185278928,0.3572863391609395
OOWWWOOW,OOOWWOOW,4,5,-1.2751341861789929,2.4593497430202818,0.49822584414516574,0.17557728430676325,0.0,1.6324205253399324,0.3572863391609395
OWOWWOOW,OOOWWOOW,4,5,0.8400095828321544,1.330786277981896,0.5870964767826654,0.20060332754931853,0.1685087174894451,-0.48272324367121494,0.3572863391609395
WOOWWOOW,OOOWWOOW,4,5,0.5441318574926685,1.3825294535255637,0.36702937415420855,0.13577784660587897,0.07388105188001153,-0.18684551833172902,0.3572863391609395
OOOWWOWW,OOOWWOWO,4,5,0.9281238135858642,1.3535359392563568,0.6385282871372973,0.2144539433330387,0.19903981172478669,-1.0264960581349258,-0.09837224454906157
OOOWWWWO,OOOWWOWO,4,5,0.7642896790612363,1.1461715133762092,0.6133101831148209,0.20771787505432263,0.15875662806055024,-0.8626619236102978,-0.09837224454906157
OOWWWOWO,OOOWWOWO,4,5,-0.23460006096624209,0.9967080864136884,0.2139129490085193,0.08418754413564918,0.0,0.1362278164171805,-0.09837224454906157
OWOWWOWO,OOOWWOWO,4,5,1.3494101898854378,1.5295235175606752,0.8281010831346854,0.26200020596777135,0.35354574768499414,-1.4477824344344994,-0.09837224454906157
WOOWWOWO,OOOWWOWO,4,5,-0.7914087258231223,3.4328131544438563,0.2240165814678381,0.08778730113569186,0.0,0.6930364812740608,-0.09837224454906157
OOOWWWWW,OOOWWOWW,3,4,-0.5895043324023015,2.1046834742319076,0.2673872867884945,0.10290934638611517,0.0,-0.4369917257326242,-1.0264960581349258
OOWWWOWW,OOOWWOWW,3,4,-0.7441407495235873,2.2828312158101727,0.31229268132219606,0.11803070676787328,0.0,-0.28235530861133856,-1.0264960581349258
OWOWWOWW,OOOWWOWW,3,4,0.36240230753584046,1.1998576458298311,0.2788015354592789,0.1068031490581205,0.03870570767075719,-1.388898365670766,-1.0264960581349258
WOOWWOWW,OOOWWOWW,3,4,-0.4862253879693812,1.3098595355681149,0.3448750571974197,0.12868193899256547,0.0,-0.5402706701655445,-1.0264960581349258
OOOWWWOW,OOOWWWOO,4,5,0.20799704881267558,0.45676231127168504,0.37358320525970123,0.13785497208615402,0.028673427358073808,-0.2860233185278928,-0.0780262697152172
OOOWWWWO,OOOWWWOO,4,5,0.7846356538950806,1.227674261621444,0.5909850605500414,0.20166610161318016,0.15823441350772938,-0.8626619236102978,-0.0780262697152172
OOWWWWOO,OOOWWWOO,4,5,-0.4730669417925313,0.6317450175744596,0.6464915106092866,0.21655949581012127,0.0,0.3950406720773141,-0.0780262697152172
OWOWWWOO,OOOWWWOO,4,5,1.0211350469464888,0.5749191419332924,1.5129739008756928,0.4001879781411121,0.40864596984654494,-1.099161316661706,-0.0780262697152172
WOOWWWOO,OOOWWWOO,4,5,0.7895043854814263,0.9291221823359459,0.7671629268444833,0.24727659193323268,0.1952259537581883,-0.8675306551966435,-0.0780262697152172
OOOWWWWW,OOOWWWOW,3,4,0.1509684072047314,1.110231919868996,0.1247433692056918,0.0510534415123169,0.007707456747434396,-0.4369917257326242,-0.2860233185278928
OOWWWWOW,OOOWWWOW,3,4,-1.0905404775747687,0.6815048136239014,1.3954366736627557,0.3793846942330498,0.0,0.8045171590468762,-0.2860233185278928
OWOWWWOW,OOOWWWOW,3,4,0.17933137038848815,0.9092322210896796,0.1776908888173051,0.07103131515632179,0.012738143087479774,-0.46535468891638093,-0.2860233185278928
WOOWWWOW,OOOWWWOW,3,4,0.5222918550803192,1.3525902662462865,0.3595589666382665,0.13339804850333112,0.0696727142168992,-0.808315173608212,-0.2860233185278928
OOOWWWWW,OOOWWWWO,3,4,-0.4256701978776736,1.8491878051344302,0.21838336806561143,0.08578396189181653,0.0,-0.4369917257326242,-0.8626619236102978
OOWWWWWO,OOOWWWWO,3,4,-0.7682298340727297,1.7764764753856237,0.40940019454006493,0.1490343271070923,0.0,-0.09443208953756821,-0.8626619236102978
OWOWWWWO,OOOWWWWO,3,4,0.20614976142453356,2.602428290826955,0.07628315693862531,0.03192654393086035,0.006581649414456751,-1.0688116850348315,-0.8626619236102978
WOOWWWWO,OOOWWWWO,3,4,0.5610369724426773,1.2508749960570744,0.41531375891938815,0.15085272866748947,0.08463395817632496,-1.423698896052975,-0.8626619236102978
OOWWWWWW,OOOWWWWW,2,3,-1.7022493912365986,0.511113122771985,2.7854898345420285,0.5781220842784922,0.0,1.2652576655039744,-0.4369917257326242
OWOWWWWW,OOOWWWWW,2,3,0.06129252884302039,1.15858076914702,0.048699718242604544,0.02065115132111639,0.001265761287991105,-0.49828425457564457,-0.4369917257326242
WOOWWWWW,OOOWWWWW,2,3,-0.7962293776905938,1.1974869496230836,0.6136704326173733,0.20781484146989646,0.0,0.3592376519579695,-0.4369917257326242
OOWOOOOW,OOWOOOOO,6,7,0.35351439034161575,1.0856912500844111,0.2981504589128481,0.11332503120758614,0.040062029317794394,0.7088747372446992,1.0623891275863149
OOWOOOWO,OOWOOOOO,6,7,0.9423546012948543,0.7177057779852114,1.1524372539188505,0.3329305001145475,0.31373858869434085,0.12003452629146055,1.0623891275863149
OOWOOWOO,OOWOOOOO,6,7,1.2494656019007,0.7941427719247554,1.3973893668133863,0.37973857476196105,0.47447028687986764,-0.18707647431438504,1.0623891275863149
OOWOWOOO,OOWOOOOO,6,7,0.9046152564901967,0.43881058271745504,1.6789114496003963,0.4279583584064541,0.387137660156978,0.1577738710961182,1.0623891275863149
OOWWOOOO,OOWOOOOO,6,7,0.000253202141192288,0.6490005936998976,0.0003380533250868672,0.00014678988366787564,3.716751285007298e-08,1.0621359254451226,1.0623891275863149
OWWOOOOO,OOWOOOOO,6,7,-0.21324037644961416,1.1630351991899166,0.16883169731641834,0.06775198063239336,0.0,1.2756295040359291,1.0623891275863149
WOWOOOOO,OOWOOOOO,6,7,0.10824123499148024,1.5477972257404262,0.06568844351758317,0.02763025624976253,0.002990733059605361,0.9541478925948347,1.0623891275863149
OOWOOOWW,OOWOOOOW,5,6,1.3145589578249102,1.2441613194111567,0.977977076740153,0.29622125414541406,0.38940030313498336,-0.6056842205802112,0.7088747372446992
OOWOOWOW,OOWOOOOW,5,6,0.007431942891297265,1.0382480583218652,0.006529282292169494,0.0028264140512199794,2.100574781582703e-05,0.7014427943534018,0.7088747372446992
OOWOWOOW,OOWOOOOW,5,6,-0.6011431407345925,0.4661620791691544,1.0617863026375292,0.31424365008680294,0.0,1.3100178779792915,0.7088747372446992
OOWWOOOW,OOWOOOOW,5,6,0.5404281630724919,1.6385287060782292,0.31085374729968596,0.1175542399098573,0.0635296219358672,0.16844657417220724,0.7088747372446992
OWWOOOOW,OOWOOOOW,5,6,1.0753974266563695,1.287765097334741,0.7749131526089781,0.24917710766410572,0.2679644203636564,-0.3665226894116704,0.7088747372446992
WOWOOOOW,OOWOOOOW,5,6,-0.6311743619143279,1.0698537457550286,0.5395327101397323,0.18738892070415533,0.0,1.340049099159027,0.7088747372446992
OOWOOOWW,OOWOOOWO,5,6,0.7257187468716717,1.6817832347164356,0.4072991218750395,0.14838641667631147,0.1076868043631105,-0.6056842205802112,0.12003452629146055
OOWOOWWO,OOWOOOWO,5,6,1.4486495040507652,1.1631498003392449,1.1468548731604917,0.3318026872327752,0.4806657983024709,-1.3286149777593044,0.12003452629146055
OOWOWOWO,OOWOOOWO,5,6,-0.06310459006793144,0.2556990278285084,0.17741007180473875,0.07092774653518889,0.0,0.18313911635939198,0.12003452629146055
OOWWOOWO,OOWOOOWO,5,6,-0.16259423020725014,0.5808012435952545,0.23882775147207955,0.09301092559675557,0.0,0.28262875649871066,0.12003452629146055
OWWOOOWO,OOWOOOWO,5,6,0.490586944959297,2.0114159231948423,0.2323497419764535,0.09073397848994973,0.044512905311387005,-0.37055241866783645,0.12003452629146055
WOWOOOWO,OOWOOOWO,5,6,1.363674982875579,1.901236490897799,0.6814162089677889,0.22567522972997092,0.3077476650374604,-1.2436404565841184,0.12003452629146055
OOWOOWWW,OOWOOOWW,4,5,1.4958557066513298,1.7886732458695536,0.7920140288547536,0.25334140523144044,0.37896218674651727,-2.1015399272315407,-0.6056842205802112
OOWOWOWW,OOWOOOWW,4,5,0.5239830509005122,0.5233458970051517,0.8405975773931849,0.2649588460696204,0.13883394452663889,-1.1296672714807234,-0.6056842205802112
OOWWOOWW,OOWOOOWW,4,5,-0.6072409541551549,1.1757524920280513,0.4759864926384191,0.1690823830971573,0.0,0.0015567335749437639,-0.6056842205802112
OWWOOOWW,OOWOOOWW,4,5,2.4129500124518715,0.5253257366193893,3.858708943432689,0.6865208838238427,1.656540575171211,-3.018634233032083,-0.6056842205802112
WOWOOOWW,OOWOOOWW,4,5,1.830451245680636,0.9429867401801477,1.7550091244347699,0.4401230415490049,0.8056237696561264,-2.4361354662608474,-0.6056842205802112
OOWOOWOW,OOWOOWOO,5,6,-0.8885192686677869,1.268190848382747,0.6494117905539639,0.21732909472221532,0.0,0.7014427943534018,-0.18707647431438504
OOWOOWWO,OOWOOWOO,5,6,1.1415385034449195,2.475854404630065,0.44316887685616807,0.15931715437513017,0.1818666659784893,-1.3286149777593044,-0.18707647431438504
OOWOWWOO,OOWOOWOO,5,6,-0.430916355783082,0.84242946558788,0.45723990125274766,0.16353105431887816,0.0,0.24383988146869698,-0.18707647431438504
OOWWOWOO,OOWOOWOO,5,6,-1.5636051707361338,2.230493763784932,0.6709329992785298,0.22295903599333516,0.0,1.376528696421749,-0.18707647431438504
OWWOOWOO,OOWOOWOO,5,6,-1.2291089704083344,3.3881733409143533,0.35236464770588166,0.1310938093083627,0.0,1.0420324960939495,-0.18707647431438504
WOWOOWOO,OOWOOWOO,5,6,-1.8789622807676725,3.10032609552582,0.5871158827828622,0.20060863779189003,0.0,1.6918858064532873,-0.18707647431438504
OOWOOWWW,OOWOOWOW,4,5,2.802982721584943,1.4899112780366113,1.7629805891095753,0.4413778338588884,1.2371744419970538,-2.1015399272315407,0.7014427943534018
OOWOWWOW,OOWOOWOW,4,5,0.01040284485840981,0.808207288254357,0.011454262691950936,0.004946249035046456,5.145506134264751e-05,0.691039949494992,0.7014427943534018
OOWWOWOW,OOWOOWOW,4,5,-0.3754598918498752,0.22983442815971036,1.1383283847739278,0.33007440094006274,0.0,1.0769026862032771,0.7014427943534018
OWWOOWOW,OOWOOWOW,4,5,0.40396091335621837,1.2315171228950448,0.3033839418286325,0.11507236602418468,0.04648473808119071,0.2974818809971835,0.7014427943534018
WOWOOWOW,OOWOOWOW,4,5,0.40489599732626225,1.6365023668527936,0.23316754705038992,0.09102208698993014,0.036854478690505565,0.2965467970271396,0.7014427943534018
OOWOOWWW,OOWOOWWO,4,5,0.7729249494722366,1.180446877208603,0.6036368733681686,0.2051060336823846,0.15853157072040797,-2.1015399272315407,-1.3286149777593044
OOWOWWWO,OOWOOWWO,4,5,-0.5481683601968154,1.0226648694681835,0.48827426162937443,0.17268297108663327,0.0,-0.7804466175624892,-1.3286149777593044
OOWWOWWO,OOWOOWWO,4,5,-0.22021848855659357,0.5377331961328933,0.34531445107760017,0.12882380731719792,0.0,-1.108396489202711,-1.3286149777593044
OWWOOWWO,OOWOOWWO,4,5,1.6230596520452132,2.809693261410093,0.557811255767437,0.19251483745447534,0.3124630650924015,-2.951674629804518,-1.3286149777593044
WOWOOWWO,OOWOOWWO,4,5,2.4620440326555415,1.344788844027041,1.7040857166318633,0.43202045415946627,1.0636533811484508,-3.7906590104148457,-1.3286149777593044
OOWOWWWW,OOWOOWWW,3,4,-2.2114418950316765,0.5732012819196849,3.2849638799343652,0.631947165393101,0.0,0.10990196780013577,-2.1015399272315407
OOWWOWWW,OOWOOWWW,3,4,-2.0166030805567297,0.6655600529373925,2.634154006363296,0.5604033276766238,0.0,-0.08493684667481138,-2.1015399272315407
OWWOOWWW,OOWOOWWW,3,4,0.6149233489903624,2.246373999291208,0.26207388471578624,0.10108478025288564,0.06215939160505929,-2.716463276221903,-2.1015399272315407
WOWOOWWW,OOWOOWWW,3,4,-0.8735342111302474,3.6671204265202997,0.2318838030716033,0.09056974511353243,0.0,-1.2280057161012936,-2.1015399272315407
OOWOWOOW,OOWOWOOO,5,6,-1.1522440068831734,0.9826053601001988,1.0643250526457113,0.3147780831952115,0.0,1.3100178779792915,0.1577738710961182
OOWOWOWO,OOWOWOOO,5,6,-0.025365245263273772,0.9027948908765483,0.02529454975693173,0.01084864876494901,0.0,0.18313911635939198,0.1577738710961182
OOWOWWOO,OOWOWOOO,5,6,-0.08606601037257872,0.3514847024802993,0.19062885165269636,0.07577640228909419,0.0,0.24383988146869698,0.1577738710961182
OOWWWOOO,OOWOWOOO,5,6,-0.5266849913554067,1.0394314376922353,0.462234912898433,0.16501714907877865,0.0,0.684458862451525,0.1577738710961182
OWWOWOOO,OOWOWOOO,5,6,-0.5648042072036733,0.6757544539564648,0.7280708532488426,0.23756154517074404,0.0,0.7225780782997916,0.1577738710961182
WOWOWOOO,OOWOWOOO,5,6,-0.3208183905082379,0.6540463256960186,0.42546244119962806,0.15395577878708563,0.0,0.47859226160435614,0.1577738710961182
OOWOWOWW,OOWOWOOW,4,5,2.439685149460015,1.3468496045131046,1.6862050774662376,0.4291391656715206,1.0469644495404697,-1.1296672714807234,1.3100178779792915
OOWOWWOW,OOWOWOOW,4,5,0.6189779284842997,0.43538088576333134,1.156144989378502,0.3336779615099862,0.20653929339631513,0.691039949494992,1.3100178779792915
OOWWWOOW,OOWOWOOW,4,5,-0.3224026473606407,1.2794057911758678,0.23372574584148303,0.09121862784527454,0.0,1.6324205253399324,1.3100178779792915
OWWOWOOW,OOWOWOOW,4,5,0.9901435549091184,0.4459269221433466,1.8136924829091534,0.44927663031493614,0.44484835987762067,0.3198743230701731,1.3100178779792915
WOWOWOOW,OOWOWOOW,4,5,0.18629006936709827,0.8518453952207198,0.19571463002549924,0.07762754303600078,0.014461240376973992,1.1237278086121933,1.3100178779792915
OOWOWOWW,OOWOWOWO,4,5,1.3128063878401155,1.5440195859083619,0.7985345181363865,0.2549187773740465,0.3346589993170406,-1.1296672714807234,0.18313911635939198
OOWOWWWO,OOWOWOWO,4,5,0.9635857339218813,0.4217500788676999,1.8468339018041964,0.4543621290246438,0.4378168655625199,-0.7804466175624892,0.18313911635939198
OOWWWOWO,OOWOWOWO,4,5,0.046911299942211514,1.3363828748619937,0.032659328347059764,0.013957072515950082,0.0006547444151109309,0.1362278164171805,0.18313911635939198
OWWOWOWO,OOWOWOWO,4,5,0.6025408982822806,1.122594523530598,0.4928378842580352,0.1740126477820122,0.10484973710705174,-0.41940178192288863,0.18313911635939198
WOWOWOWO,OOWOWOWO,4,5,1.3577169421716,0.9126896123839829,1.3407039289910208,0.3693464841207379,0.5014679790222397,-1.174577825812208,0.18313911635939198
OOWOWWWW,OOWOWOWW,3,4,-1.2395692392808593,1.4395846061024558,0.805132263837645,0.25650902859646724,0.0,0.10990196780013577,-1.1296672714807234
OOWWWOWW,OOWOWOWW,3,4,-0.8473119628693849,1.3405170288090575,0.5881998934576269,0.200905162550899,0.0,-0.28235530861133856,-1.1296672714807234
OWWOWOWW,OOWOWOWW,3,4,0.05677273354639497,0.8467557457838931,0.05996555478983482,0.025291752427257133,0.0014358819214740574,-1.1864400050271184,-1.1296672714807234
WOWOWOWW,OOWOWOWW,3,4,-0.24240400136280316,0.730029028681855,0.2920427996931118,0.1112769001626863,0.0,-0.8872632701179203,-1.1296672714807234
OOWOWWOW,OOWOWWOO,4,5,-0.44720006802629503,1.0079132781771374,0.40364176225243775,0.1472562812062127,0.0,0.691039949494992,0.24383988146869698
OOWOWWWO,OOWOWWOO,4,5,1.0242864990311862,0.6280679239026418,1.406855686679249,0.38145005107362245,0.3907141373694679,-0.7804466175624892,0.24383988146869698
OOWWWWOO,OOWOWWOO,4,5,-0.1512007906086171,1.0384809046964874,0.13280924606190594,0.05415678509964648,0.0,0.3950406720773141,0.24383988146869698
OWWOWWOO,OOWOWWOO,4,5,-0.5343415594601023,0.6867006527429542,0.6792184010487818,0.22510718464423524,0.0,0.7781814409287993,0.24383988146869698
WOWOWWOO,OOWOWWOO,4,5,-0.36379041157764713,0.8209799746205017,0.3950036065958441,0.14457533042155102,0.0,0.6076302930463441,0.24383988146869698
OOWOWWWW,OOWOWWOW,3,4,0.5811379816948562,0.44843904149038777,1.059621831654451,0.31378748663005057,0.18235382666128927,0.10990196780013577,0.691039949494992
OOWWWWOW,OOWOWWOW,3,4,-0.113477209551884,0.8889955832053771,0.11473985473635738,0.04717352851922993,0.0,0.8045171590468762,0.691039949494992
OWWOWWOW,OOWOWWOW,3,4,-0.8576773416620854,0.8269372012319984,0.9252809581082092,0.28449411548216375,0.0,1.5487172911570772,0.691039949494992
WOWOWWOW,OOWOWWOW,3,4,-0.5318832905400417,1.1541152697864367,0.42411036956006126,0.15354364873443324,0.0,1.2229232400350336,0.691039949494992
OOWOWWWW,OOWOWWWO,3,4,-0.890348585362625,0.4734184031318916,1.5527031928164963,0.40700032157451793,0.0,0.10990196780013577,-0.7804466175624892
OOWWWWWO,OOWOWWWO,3,4,-0.6860145280249211,0.6250711443930049,0.9461340908818263,0.28917276035359607,0.0,-0.09443208953756821,-0.7804466175624892
OWWOWWWO,OOWOWWWO,3,4,0.6658586190820369,0.7204378712880669,0.8115893261200334,0.2580597531564117,0.17183131087737963,-1.4463052366445261,-0.7804466175624892
WOWOWWWO,OOWOWWWO,3,4,1.43429975254608,2.2243211103868203,0.6170833049429129,0.20873239340369168,0.29938482020726603,-2.214746370108569,-0.7804466175624892
OOWWWWWW,OOWOWWWW,2,3,-1.1553556977038386,0.5945700894651065,1.6634112456434549,0.42543822912177864,0.0,1.2652576655039744,0.10990196780013577
OWWOWWWW,OOWOWWWW,2,3,-0.4893740604773836,1.1905653744376241,0.3791935458446906,0.13962521613536877,0.0,0.5992760282775194,0.10990196780013577
WOWOWWWW,OOWOWWWW,2,3,0.031391368683079346,1.0232919987175875,0.027945866897402877,0.011970244691588808,0.0003757623643403377,0.07851059911705638,0.10990196780013577
OOWWOOOW,OOWWOOOO,5,6,0.8936893512729153,1.3095717999887895,0.6340147775941763,0.21325597985770997,0.1905845982941067,0.16844657417220724,1.0621359254451226
OOWWOOWO,OOWWOOOO,5,6,0.7795071689464118,0.22907566649176017,2.3687779083049585,0.5274723804150847,0.41116850195478744,0.28262875649871066,1.0621359254451226
OOWWOWOO,OOWWOOOO,5,6,-0.3143927709766263,1.168899106891726,0.2477681395384993,0.09613389217808094,0.0,1.376528696421749,1.0621359254451226
OOWWWOOO,OOWWOOOO,5,6,0.37767706299359755,0.08063077729896616,2.0908788006182113,0.49008197586411634,0.18509272127045862,0.684458862451525,1.0621359254451226
OWWWOOOO,OOWWOOOO,5,6,-0.7878551443274023,2.9074413800972123,0.26196857885287717,0.10104854175384287,0.0,1.8499910697725248,1.0621359254451226
WOWWOOOO,OOWWOOOO,5,6,-2.258667312549393,1.603371494396507,1.325998069111532,0.36660934987026494,0.0,3.320803237994516,1.0621359254451226
OOWWOOWW,OOWWOOOW,4,5,0.16688984059726344,1.1116233520315997,0.13774069335774147,0.05604329169334258,0.009353056017247882,0.0015567335749437639,0.16844657417220724
OOWWOWOW,OOWWOOOW,4,5,-0.9084561120310698,0.9857746540660047,0.8366893706986868,0.26403571264839115,0.0,1.0769026862032771,0.16844657417220724
OOWWWOOW,OOWWOOOW,4,5,-1.4639739511677252,0.8996070174337438,1.4645494935861239,0.39173754416877515,0.0,1.6324205253399324,0.16844657417220724
OWWWOOOW,OOWWOOOW,4,5,-0.6016127775465341,1.5131206981636933,0.372949636212209,0.13765460634360294,0.0,0.7700593517187414,0.16844657417220724
WOWWOOOW,OOWWOOOW,4,5,-1.1987749045942355,1.0419677644590537,1.0497449594490884,0.31169982710722294,0.0,1.367221478766443,0.16844657417220724
OOWWOOWW,OOWWOOWO,4,5,0.28107202292376693,0.41433636416060254,0.5464751133870862,0.1893429355221102,0.05321900191352388,0.0015567335749437639,0.28262875649871066
OOWWOWWO,OOWWOOWO,4,5,1.3910252457014216,0.8811237684130384,1.4177877353347543,0.3834181702140365,0.5333443544283696,-1.108396489202711,0.28262875649871066
OOWWWOWO,OOWWOOWO,4,5,0.14640094008153018,1.021909693648066,0.13049262423741473,0.05326773318872906,0.00779844621484206,0.1362278164171805,0.28262875649871066
OWWWOOWO,OOWWOOWO,4,5,-0.36083796112763,1.4309323797726148,0.23569817053658781,0.09191240369926283,0.0,0.6434667176263408,0.28262875649871066
WOWWOOWO,OOWWOOWO,4,5,0.37763320004729123,0.14120318651156397,1.565622766054073,0.40919280064964486,0.1545247867456387,-0.09500444354858051,0.28262875649871066
OOWWOWWW,OOWWOOWW,3,4,0.08649358024975518,0.4776554474736047,0.14973212946928435,0.06059666796715009,0.005241222763684465,-0.08493684667481138,0.0015567335749437639
OOWWWOWW,OOWWOOWW,3,4,0.28391204218628235,0.4983066965560088,0.4745259309657497,0.16865241444380955,0.04788245140438923,-0.28235530861133856,0.0015567335749437639
OWWWOOWW,OOWWOOWW,3,4,0.617791854720775,0.8519511601718918,0.6489743177677536,0.21721389170358224,0.13419297302667363,-0.6162351211458312,0.0015567335749437639
WOWWOOWW,OOWWOOWW,3,4,0.9874863802156087,0.3250521155005294,2.323212481963,0.5215581104011449,0.5150315305121194,-0.985929646640665,0.0015567335749437639
OOWWOWOW,OOWWOWOO,4,5,0.29962601021847185,1.026246151860388,0.2660395418208844,0.10244727007820469,0.030695866791306703,1.0769026862032771,1.376528696421749
OOWWOWWO,OOWWOWOO,4,5,2.4849251856244594,1.2265499936591588,1.8732239248443516,0.4583694740722117,1.1390138504434764,-1.108396489202711,1.376528696421749
OOWWWWOO,OOWWOWOO,4,5,0.9814880243444349,1.6021215752169726,0.5766262754875913,0.19772876008312643,0.19406841009006254,0.3950406720773141,1.376528696421749
OWWWOWOO,OOWWOWOO,4,5,0.9499646116152155,0.8510255995296342,0.9988843750210894,0.3007876731863367,0.2857376451371027,0.42656408480653335,1.376528696421749
WOWWOWOO,OOWWOWOO,4,5,0.19078188829065246,1.1231733986585273,0.15597288863532008,0.06294764857054007,0.012009271257744024,1.1857468081310965,1.376528696421749
OOWWOWWW,OOWWOWOW,3,4,1.1618395328780886,0.7840308494654689,1.3142522498853941,0.364410694616872,0.42338675120944635,-0.08493684667481138,1.0769026862032771
OOWWWWOW,OOWWOWOW,3,4,0.272385527156401,0.5961712715629965,0.3912622342844736,0.1434089963967631,0.039062535082502736,0.8045171590468762,1.0769026862032771
OWWWOWOW,OOWWOWOW,3,4,0.048890733209960624,1.0408843595774577,0.042853364409402524,0.01822324658101607,0.0008909478868117838,1.0280119529933165,1.0769026862032771
WOWWOWOW,OOWWOWOW,3,4,-0.6105037880134098,0.823548960395749,0.6610410646250995,0.22038036930848692,0.0,1.6874064742166868,1.0769026862032771
OOWWOWWW,OOWWOWWO,3,4,-1.0234596425278994,0.18934720096851754,3.5371333785228396,0.656781546448085,0.0,-0.08493684667481138,-1.108396489202711
OOWWWWWO,OOWWOWWO,3,4,-1.0139643996651426,1.137815789105555,0.8191561366314715,0.2598699757910159,0.0,-0.09443208953756821,-1.108396489202711
OWWWOWWO,OOWWOWWO,3,4,-0.44438601398559746,2.383647216453912,0.17892477282666597,0.0714860936543717,0.0,-0.6640104752171133,-1.108396489202711
WOWWOWWO,OOWWOWWO,3,4,0.8638700504021024,1.4129930004472755,0.5709676450232899,0.19616724058895707,0.1694630040148237,-1.9722665396048134,-1.108396489202711
OOWWWWWW,OOWWOWWW,2,3,-1.3501945121787857,0.5911375858584657,1.953582817380279,0.4703491528227155,0.0,1.2652576655039744,-0.08493684667481138
OWWWOWWW,OOWWOWWW,2,3,0.8708588505577982,1.3446059797957042,0.6028348648265701,0.2048887806268406,0.1784292079888793,-0.9557956972326097,-0.08493684667481138
WOWWOWWW,OOWWOWWW,2,3,0.8138486393023919,0.5174570654470804,1.3180651495389577,0.3651256377050835,0.29715700342070034,-0.8987854859772034,-0.08493684667481138
OOWWWOOW,OOWWWOOO,4,5,-0.9479616628884074,1.200893098451546,0.7287006626576518,0.23771979847308966,0.0,1.6324205253399324,0.684458862451525
OOWWWOWO,OOWWWOOO,4,5,0.5482310460343444,1.1321159927945073,0.444950840051127,0.1598530718277197,0.08763641677991396,0.1362278164171805,0.684458862451525
OOWWWWOO,OOWWWOOO,4,5,0.2894181903742109,0.5120023186507968,0.47290374816267716,0.16817436733982924,0.048672721062821174,0.3950406720773141,0.684458862451525
OWWWWOOO,OOWWWOOO,4,5,-0.25982610465643824,0.8236491153139454,0.2813039068067793,0.10765215035006052,0.0,0.9442849671079632,0.684458862451525
WOWWWOOO,OOWWWOOO,4,5,-1.2298906059006287,1.415260316309269,0.8116695149096774,0.25807897648567774,0.0,1.9143494683521538,0.684458862451525
OOWWWOWW,OOWWWOOW,3,4,1.914775833951271,1.2345068001491686,1.4348190910209233,0.3864666983267964,0.7399970945830859,-0.28235530861133856,1.6324205253399324
OOWWWWOW,OOWWWOOW,3,4,0.8279033662930564,1.6632534651815964,0.46953168256373795,0.16717895373920455,0.1384080185740386,0.8045171590468762,1.6324205253399324
OWWWWOOW,OOWWWOOW,3,4,0.7926438064425767,1.033872970900672,0.6990587365469644,0.23020839271089644,0.18247325667339248,0.8397767188973558,1.6324205253399324
WOWWWOOW,OOWWWOOW,3,4,1.0456029973382097,1.2485835200594961,0.7753342538933593,0.2492801325770466,0.26064805379942624,0.5868175280017227,1.6324205253399324
OOWWWOWW,OOWWWOWO,3,4,0.418583125028519,0.8986295946098001,0.41915754078174927,0.15203060919563027,0.06363744749709642,-0.28235530861133856,0.1362278164171805
OOWWWWWO,OOWWWOWO,3,4,0.2306599059547487,0.3128707683377652,0.5586733758928853,0.19275511717154312,0.0444608771990847,-0.09443208953756821,0.1362278164171805
OWWWWOWO,OOWWWOWO,3,4,0.7386416214573109,1.8744869284687402,0.3740929407064469,0.13801610846652165,0.10194444214493965,-0.6024138050401304,0.1362278164171805
WOWWWOWO,OOWWWOWO,3,4,-0.49591324495690303,1.0416615351524314,0.4343785173516335,0.15666377218609245,0.0,0.6321410613740834,0.1362278164171805
OOWWWWWW,OOWWWOWW,2,3,-1.5476129741153128,0.382155460347263,3.209780042728698,0.6242594049271842,0.0,1.2652576655039744,-0.28235530861133856
OWWWWOWW,OOWWWOWW,2,3,-0.13846685163487804,2.064218438334958,0.06398007205844136,0.02693349386494786,0.0,-0.14388845697646047,-0.28235530861133856
WOWWWOWW,OOWWWOWW,2,3,-0.18973091213537263,1.1562248794445293,0.15103260191699658,0.06108762478716048,0.0,-0.09262439647596594,-0.28235530861133856
OOWWWWOW,OOWWWWOO,3,4,-0.40947648696956196,0.6618809657105456,0.5374546752033317,0.18680232145608244,0.0,0.8045171590468762,0.3950406720773141
OOWWWWWO,OOWWWWOO,3,4,0.48947276161488223,1.3266323735775816,0.3430966313959538,0.12810725985585594,0.06270501426456115,-0.09443208953756821,0.3950406720773141
OWWWWWOO,OOWWWWOO,3,4,0.24428034789138972,1.2531046044468341,0.18053323230782628,0.07207821708587432,0.01760729194512849,0.15076032418592444,0.3950406720773141
WOWWWWOO,OOWWWWOO,3,4,0.08764846560127931,1.1230734993061364,0.07166246807816806,0.030058021053124044,0.0026345394243172723,0.30739220647603477,0.3950406720773141
OOWWWWWW,OOWWWWOW,2,3,-0.46074050645709824,0.729748918454773,0.5552770196014565,0.19180775501511527,0.0,1.2652576655039744,0.8045171590468762
OWWWWWOW,OOWWWWOW,2,3,0.17169334942051553,0.49206293018651104,0.2899917232893282,0.11058692383312144,0.018987039355020056,0.6328238096263604,0.8045171590468762
WOWWWWOW,OOWWWWOW,2,3,0.09656340775050078,0.04848045311702406,0.6503442421097331,0.21757454230808718,0.021009739245024403,0.7079537512963753,0.8045171590468762
OOWWWWWW,OOWWWWWO,2,3,-1.3596897550415423,0.4912877840150182,2.2995397364864334,0.5184533629551114,0.0,1.2652576655039744,-0.09443208953756821
OWWWWWWO,OOWWWWWO,2,3,0.022550759206417175,0.8328898790814878,0.024173013034100427,0.010373327986575847,0.0002339264215944602,-0.11698284874398539,-0.09443208953756821
WOWWWWWO,OOWWWWWO,2,3,0.6514754335766381,1.292589351858958,0.4678158946906983,0.1666715862789159,0.10858244393596278,-0.7459075231142064,-0.09443208953756821
OWWWWWWW,OOWWWWWW,1,2,0.8845275851004253,0.4705900786493121,1.5501979760921516,0.4065738967425442,0.3596258270505523,0.3807300804035489,1.2652576655039744
WOWWWWWW,OOWWWWWW,1,2,0.6797100800374646,1.0432852242953052,0.5945236285690845,0.20263095925231508,0.13773030553145932,0.5855475854665096,1.2652576655039744
OWOOOOOW,OWOOOOOO,6,7,-1.1150722633858292,3.5834499637847155,0.3027249655483582,0.11485273608660407,0.0,1.4128690401453055,0.2977967767594762
OWOOOOWO,OWOOOOOO,6,7,1.5431030184867967,2.5651396380107174,0.5789951852723866,0.19838080574431557,0.3061220201538962,-1.2453062417273209,0.2977967767594762
OWOOOWOO,OWOOOOOO,6,7,0.7609496590608208,1.5650796002923975,0.45700497377254135,0.16346103432200249,0.12438561833705691,-0.4631528823013446,0.2977967767594762
OWOOWOOO,OWOOOOOO,6,7,-0.8448896566880721,1.8529562514766245,0.43262088234145213,0.156131277284396,0.0,1.1426864334475482,0.2977967767594762
OWOWOOOO,OWOOOOOO,6,7,0.01921499454295576,2.229878091496656,0.00824721027811911,0.0035670290307645157,6.854044336070494e-05,0.27858178221652036,0.2977967767594762
OWWOOOOO,OWOOOOOO,6,7,-0.977832727276453,1.7876106471184494,0.5180267068153981,0.18127941221857094,0.0,1.2756295040359291,0.2977967767594762
WWOOOOOO,OWOOOOOO,6,7,-0.6257973441931426,1.2192031781475483,0.4743752551232478,0.16860803337921482,0.0,0.9235941209526187,0.2977967767594762
OWOOOOWW,OWOOOOOW,5,6,4.035388339256401,1.529897714376549,2.475853732207959,0.5410614925661829,2.183393237922238,-2.622519299111095,1.4128690401453055
OWOOOWOW,OWOOOOOW,5,6,0.9902075292488997,3.157619614666819,0.30396659106258955,0.11526646447639702,0.11413772099442915,0.42266151089640563,1.4128690401453055
OWOOWOOW,OWOOOOOW,5,6,1.3696773164446074,2.525416195761694,0.5216991190409078,0.182328789190154,0.24973160668856467,0.043191723700697994,1.4128690401453055
OWOWOOOW,OWOOOOOW,5,6,1.998730244098381,3.479728555421147,0.558346872717905,0.19266413378585623,0.38508363115080757,-0.5858612039530756,1.4128690401453055
OWWOOOOW,OWOOOOOW,5,6,1.7793917295569759,3.2969506765890695,0.5238203020785955,0.18293375544382365,0.3255108114935382,-0.3665226894116704,1.4128690401453055
WWOOOOOW,OWOOOOOW,5,6,-0.3946090513181044,1.11931845964258,0.3236308350763233,0.12176687585523155,0.0,1.8074780914634097,1.4128690401453055
OWOOOOWW,OWOOOOWO,5,6,1.3772130573837746,1.3031781518277226,0.9814955111650456,0.29699309283046127,0.40902276539890275,-2.622519299111095,-1.2453062417273209
OWOOOWWO,OWOOOOWO,5,6,1.4940810066311954,2.748075241558838,0.5245932357508363,0.1831539885793607,0.2736468956251697,-2.739387248358516,-1.2453062417273209
OWOOWOWO,OWOOOOWO,5,6,-0.5615445430148093,0.8964957431439826,0.5635192592425077,0.1941032351991836,0.0,-0.6837616987125115,-1.2453062417273209
OWOWOOWO,OWOOOOWO,5,6,0.3256957684272302,1.0554448143235893,0.2818791208283679,0.10784707383152059,0.035125335584185326,-1.571002010154551,-1.2453062417273209
OWWOOOWO,OWOOOOWO,5,6,-0.8747538230594842,0.4593530416952303,1.563867106914033,0.40889551061680385,0.0,-0.37055241866783645,-1.2453062417273209
WWOOOOWO,OWOOOOWO,5,6,-0.14647925536846818,1.0363131012292703,0.12890747735813837,0.05265834961373544,0.0,-1.0988269863588525,-1.2453062417273209
OWOOOWWW,OWOOOOWW,4,5,-1.058861417132696,2.1273853667072906,0.4753831254166828,0.16890481194035675,0.0,-1.563657881978399,-2.622519299111095
OWOOWOWW,OWOOOOWW,4,5,-1.2092071381946021,2.7545977592292443,0.4235998344373023,0.15338792882396182,0.0,-1.4133121609164931,-2.622519299111095
OWOWOOWW,OWOOOOWW,4,5,-0.9307579307510796,1.7136151342620591,0.513205868856953,0.17989801700297386,0.0,-1.691761368360016,-2.622519299111095
OWWOOOWW,OWOOOOWW,4,5,0.39611493392098773,1.0645913705810104,0.3401321218131364,0.12714761698107183,0.050365069898668326,-3.018634233032083,-2.622519299111095
WWOOOOWW,OWOOOOWW,4,5,-0.4369679405395675,3.216827579976494,0.1317427360944292,0.05374771572816435,0.0,-2.185551358571528,-2.622519299111095
OWOOOWOW,OWOOOWOO,5,6,-0.8858143931977502,1.5852140247821915,0.5256391058769161,0.18345181221472479,0.0,0.42266151089640563,-0.4631528823013446
OWOOOWWO,OWOOOWOO,5,6,2.2762343660571713,3.2849556537205533,0.6724561852251335,0.2233547490023711,0.5084077555012708,-2.739387248358516,-0.4631528823013446
OWOOWWOO,OWOOOWOO,5,6,-1.164053207917056,0.8875453737817374,1.178733898027788,0.33820419046870004,0.0,0.7009003256157115,-0.4631528823013446
OWOWOWOO,OWOOOWOO,5,6,0.03335497085158986,0.2501116189042842,0.0952695342016303,0.039521007588924024,0.0013182220561540224,-0.4965078531529345,-0.4631528823013446
OWWOOWOO,OWOOOWOO,5,6,-1.505185378395294,1.677776700735872,0.8466672882889371,0.266388656200325,0.0,1.0420324960939495,-0.4631528823013446
WWOOOWOO,OWOOOWOO,5,6,0.2889316582798036,2.704004566655636,0.10304250631960106,0.04259224852754896,0.012306248996930245,-0.7520845405811482,-0.4631528823013446
OWOOOWWW,OWOOOWOW,4,5,1.9863193928748049,0.6618538264871049,2.6072185028375983,0.5571724499708527,1.1067224425526716,-1.563657881978399,0.42266151089640563
OWOOWWOW,OWOOOWOW,4,5,0.5533681583424124,0.555364510279869,0.8443669891524951,0.26584734052784503,0.14711145322812177,-0.13070664744600666,0.42266151089640563
OWOWOWOW,OWOOOWOW,4,5,0.23120597759290637,1.0529103203268442,0.20054116397133182,0.07937705567094064,0.018352449754846383,0.1914555333034993,0.42266151089640563
OWWOOWOW,OWOOOWOW,4,5,0.12517962989922224,0.6727036153550263,0.16200212786853238,0.06520692333892097,0.008162578530433085,0.2974818809971835,0.42266151089640563
WWOOOWOW,OWOOOWOW,4,5,0.6402650051901082,0.5385624775540818,1.0026661880330765,0.30160856548086773,0.19310940974298887,-0.21760349429370252,0.42266151089640563
OWOOOWWW,OWOOOWWO,4,5,-1.175729366380117,2.562848061408145,0.44153077429373777,0.15882391829085327,0.0,-1.563657881978399,-2.739387248358516
OWOOWWWO,OWOOOWWO,4,5,-2.1143495933325798,2.035451139745342,0.9901184597390138,0.29887892810810057,0.0,-0.6250376550259368,-2.739387248358516
OWOWOWWO,OWOOOWWO,4,5,-0.4438170484139466,1.741711488717746,0.2409807676895935,0.09376505099832247,0.0,-2.2955701999445695,-2.739387248358516
OWWOOWWO,OWOOOWWO,4,5,0.21228738144600148,4.361813151584542,0.04757872511326724,0.020186669917635243,0.004285375296929557,-2.951674629804518,-2.739387248358516
WWOOOWWO,OWOOOWWO,4,5,0.19499017962909257,5.6468554553735375,0.03392989107578285,0.014491091029484973,0.0028256204428608067,-2.934377427987609,-2.739387248358516
OWOOWWWW,OWOOOWWW,3,4,-1.861384768818932,0.7471458134622214,2.197242480856503,0.5047755746841152,0.0,0.29772688684053267,-1.563657881978399
OWOWOWWW,OWOOOWWW,3,4,-0.7026787321362931,2.0623237092604554,0.3249646337072347,0.12220428612884188,0.0,-0.8609791498421061,-1.563657881978399
OWWOOWWW,OWOOOWWW,3,4,1.1528053942435041,1.563375322488868,0.693051879908011,0.22867026632663048,0.26361231652443834,-2.716463276221903,-1.563657881978399
WWOOOWWW,OWOOOWWW,3,4,1.2515944311807197,1.4637556718872633,0.8003772287970007,0.2553635113368982,0.3196115487160164,-2.8152523131591187,-1.563657881978399
OWOOWOOW,OWOOWOOO,5,6,1.0994947097468504,0.7585524767929767,1.2806377472159716,0.3580563081266833,0.3936810165767765,0.043191723700697994,1.1426864334475482
OWOOWOWO,OWOOWOOO,5,6,1.8264481321600599,1.1376704486025189,1.4757144231910382,0.3937005468160914,0.7190736283626443,-0.6837616987125115,1.1426864334475482
OWOOWWOO,OWOOWOOO,5,6,0.44178610783183675,0.33712837644478305,1.0106552940464208,0.30333762170297085,0.13401034725112157,0.7009003256157115,1.1426864334475482
OWOWWOOO,OWOOWOOO,5,6,0.9483147667830422,0.8887376122351117,0.9591167110951805,0.29206030913143244,0.27696510394055757,0.19437166666450603,1.1426864334475482
OWWOWOOO,OWOOWOOO,5,6,0.42010835514775663,0.9221134797383099,0.4110192884407671,0.14953295054111898,0.06282004189222035,0.7225780782997916,1.1426864334475482
WWOOWOOO,OWOOWOOO,5,6,-0.9129944455773438,0.7757144053024818,1.0425710026569508,0.3101771621572832,0.0,2.055680879024892,1.1426864334475482
OWOOWOWW,OWOOWOOW,4,5,1.456503884617191,0.6083289674914657,2.056253452086498,0.4851893670104424,0.7066801978256653,-1.4133121609164931,0.043191723700697994
OWOOWWOW,OWOOWOOW,4,5,0.17389837114670467,0.2431300425274807,0.5068001911630267,0.17805566662881586,0.030963590400191737,-0.13070664744600666,0.043191723700697994
OWOWWOOW,OWOOWOOW,4,5,0.525914967371913,0.28296355441736626,1.3732768074289219,0.37534839516127394,0.19740133899434129,-0.48272324367121494,0.043191723700697994
OWWOWOOW,OWOOWOOW,4,5,-0.2766825993694751,0.6515272739653424,0.3681604233863569,0.13613702348546736,0.0,0.3198743230701731,0.043191723700697994
WWOOWOOW,OWOOWOOW,4,5,0.21950028133578234,0.5710656682570863,0.32709210397527216,0.12290106518555403,0.026976818384696434,-0.17630855763508432,0.043191723700697994
OWOOWOWW,OWOOWOWO,4,5,0.7295504622039816,2.413202069103451,0.29028722806369417,0.11068639842161661,0.08075131312818445,-1.4133121609164931,-0.6837616987125115
OWOOWWWO,OWOOWOWO,4,5,-0.058724043686574724,2.0026909830515756,0.027928042760401336,0.011962714147708414,0.0,-0.6250376550259368,-0.6837616987125115
OWOWWOWO,OWOOWOWO,4,5,0.7640207357219881,1.255809696447737,0.563516205647257,0.19410238700952775,0.14829824852841347,-1.4477824344344994,-0.6837616987125115
OWWOWOWO,OWOOWOWO,4,5,-0.2643599167896229,2.0958224835238424,0.12039220782792046,0.04937007970427595,0.0,-0.41940178192288863,-0.6837616987125115
WWOOWOWO,OWOOWOWO,4,5,0.9242631310118131,2.5029357299329678,0.3550848837268891,0.13196650065658955,0.12197177108553195,-1.6080248297243245,-0.6837616987125115
OWOOWWWW,OWOOWOWW,3,4,-1.7110390477570256,1.4020087588023629,1.1391671571351785,0.3302447221989227,0.0,0.29772688684053267,-1.4133121609164931
OWOWWOWW,OWOOWOWW,3,4,-0.02441379524572677,2.7437687484995146,0.00858501425568041,0.0037125110426117856,0.0,-1.388898365670766,-1.4133121609164931
OWWOWOWW,OWOOWOWW,3,4,-0.22687215588937462,1.1428448822268467,0.18254261584348339,0.07281680056602241,0.0,-1.1864400050271184,-1.4133121609164931
WWOOWOWW,OWOOWOWW,3,4,1.0688555768503012,0.7248364411697179,1.2958394216125255,0.3609415088363902,0.38579434463653794,-2.4821677377667943,-1.4133121609164931
OWOOWWOW,OWOOWWOO,4,5,0.8316069730617182,0.9389838828263987,0.8004041129102571,0.2553699963860752,0.2123674697054059,-0.13070664744600666,0.7009003256157115
OWOOWWWO,OWOOWWOO,4,5,1.3259379806416483,0.7013356928222136,1.6546598292306745,0.42400887805288207,0.5622094755395693,-0.6250376550259368,0.7009003256157115
OWOWWWOO,OWOOWWOO,4,5,1.8000616422774174,0.9693095645143726,1.683386833909894,0.42868328457002636,0.7716563372399992,-1.099161316661706,0.7009003256157115
OWWOWWOO,OWOOWWOO,4,5,-0.07728111531308772,0.6844241226233809,0.0985195547717648,0.040807792211362076,0.0,0.7781814409287993,0.7009003256157115
WWOOWWOO,OWOOWWOO,4,5,-0.5121926910670981,0.41914529296788716,0.9866075990768559,0.2981120923814757,0.0,1.2130930166828096,0.7009003256157115
OWOOWWWW,OWOOWWOW,3,4,-0.4284335342865393,0.8334154526334118,0.45899554488605804,0.16405396575612793,0.0,0.29772688684053267,-0.13070664744600666
OWOWWWOW,OWOOWWOW,3,4,0.3346480414703743,0.8960314313070112,0.335981406762679,0.12580041398042535,0.04209886215471164,-0.46535468891638093,-0.13070664744600666
OWWOWWOW,OWOOWWOW,3,4,-1.6794239386030838,1.2864605407891578,1.2113030909968592,0.3446482729840018,0.0,1.5487172911570772,-0.13070664744600666
WWOOWWOW,OWOOWWOW,3,4,0.031348289164044675,0.4070041964095963,0.061830433329824276,0.026055168582647042,0.0008167849589467515,-0.16205493661005133,-0.13070664744600666
OWOOWWWW,OWOOWWWO,3,4,-0.9227645418664694,1.0596880253875542,0.7957006726512436,0.2542339453324811,0.0,0.29772688684053267,-0.6250376550259368
OWOWWWWO,OWOOWWWO,3,4,0.44377403000889465,2.3461688746335256,0.1814159417245381,0.07240282681995666,0.03213049424192825,-1.0688116850348315,-0.6250376550259368
OWWOWWWO,OWOOWWWO,3,4,0.8212675816185895,0.48178999597437977,1.4116220411166294,0.3823092444633364,0.31397818863083443,-1.4463052366445261,-0.6250376550259368
WWOOWWWO,OWOOWWWO,3,4,1.6154452238229462,1.1650224194425336,1.2770091652089737,0.3573647787010769,0.5773032249151988,-2.240482878848883,-0.6250376550259368
OWOWWWWW,OWOOWWWW,2,3,0.7960111414161771,0.9594142410175479,0.751369115683798,0.24337768692334966,0.19373135036308456,-0.49828425457564457,0.29772688684053267
OWWOWWWW,OWOOWWWW,2,3,-0.30154914143698675,0.7729150040768198,0.34545074838746764,0.1288678045932412,0.0,0.5992760282775194,0.29772688684053267
WWOOWWWW,OWOOWWWW,2,3,0.14029136921280547,2.078439177477934,0.06439994775306344,0.02710484456165412,0.0038025757558547203,0.15743551762772726,0.29772688684053267
OWOWOOOW,OWOWOOOO,5,6,0.864442986169596,1.3172241161780534,0.6099550355527477,0.20681374678711853,0.17877869285357945,-0.5858612039530756,0.27858178221652036
OWOWOOWO,OWOWOOOO,5,6,1.8495837923710712,0.9560812837880747,1.7513649950662602,0.43954820755741897,0.8129812406639577,-1.571002010154551,0.27858178221652036
OWOWOWOO,OWOWOOOO,5,6,0.7750896353694549,1.6561575919016238,0.44135539939223956,0.15877107933191398,0.123061817986588,-0.4965078531529345,0.27858178221652036
OWOWWOOO,OWOWOOOO,5,6,0.0842101155520143,0.5331755934189751,0.13299646484682504,0.05422855478845301,0.004566592864954366,0.19437166666450603,0.27858178221652036
OWWWOOOO,OWOWOOOO,5,6,-1.5714092875560046,3.2358544673365213,0.47106649973572745,0.16763230550488709,0.0,1.8499910697725248,0.27858178221652036
WWOWOOOO,OWOWOOOO,5,6,-0.08071888582538589,1.258299027723964,0.05942644747426685,0.025070810442853707,0.0,0.35930066804190625,0.27858178221652036
OWOWOOWW,OWOWOOOW,4,5,1.10590016440694,1.455492147485394,0.7109648005582904,0.23324107495282015,0.2579413431367752,-1.691761368360016,-0.5858612039530756
OWOWOWOW,OWOWOOOW,4,5,-0.7773167372565749,1.3563081848535594,0.5337584072802136,0.1857569563221169,0.0,0.1914555333034993,-0.5858612039530756
OWOWWOOW,OWOWOOOW,4,5,-0.10313796028186073,1.1719726613826744,0.08108504483873616,0.03385985958826968,0.0,-0.48272324367121494,-0.5858612039530756
OWWWOOOW,OWOWOOOW,4,5,-1.355920555671817,0.7645279895705309,1.5683940508917402,0.40966165529994614,0.0,0.7700593517187414,-0.5858612039530756
WWOWOOOW,OWOWOOOW,4,5,-1.5270231273040202,1.3632998669805099,1.043547643078108,0.3103847672664652,0.0,0.9411619233509447,-0.5858612039530756
OWOWOOWW,OWOWOOWO,4,5,0.12075935820546484,0.16412775512532082,0.45720056246329766,0.16351933020277648,0.01974648936947477,-1.691761368360016,-1.571002010154551
OWOWOWWO,OWOWOOWO,4,5,0.7245681897900186,0.9899040874227862,0.6647999563918969,0.22136205582757415,0.16039190407918244,-2.2955701999445695,-1.571002010154551
OWOWWOWO,OWOWOOWO,4,5,-0.12321957572005138,1.9409619919306949,0.06037328289660553,0.025458776740468446,0.0,-1.4477824344344994,-1.571002010154551
OWWWOOWO,OWOWOOWO,4,5,-2.2144687277808917,0.989869995957623,2.031865026098944,0.48170986327755866,0.0,0.6434667176263408,-1.571002010154551
WWOWOOWO,OWOWOOWO,4,5,-0.3815787238885256,0.8447484359152512,0.4038945283025112,0.14733448137155006,0.0,-1.1894232862660254,-1.571002010154551
OWOWOWWW,OWOWOOWW,3,4,-0.8307822185179097,1.6173686580760855,0.48375298722908394,0.17136160632544556,0.0,-0.8609791498421061,-1.691761368360016
OWOWWOWW,OWOWOOWW,3,4,-0.30286300268924954,1.7484674882361193,0.16384545826026584,0.06589531615523685,0.0,-1.388898365670766,-1.691761368360016
OWWWOOWW,OWOWOOWW,3,4,-1.0755262472141847,0.7150530476852665,1.3195782167414214,0.3654090216172109,0.0,-0.6162351211458312,-1.691761368360016
WWOWOOWW,OWOWOOWW,3,4,0.037741775630798946,1.1933761005519845,0.029180820346604196,0.012491684169431336,0.0004714583411734806,-1.7295031439908148,-1.691761368360016
OWOWOWOW,OWOWOWOO,4,5,-0.6879633864564338,0.8131676798771592,0.7533812262704915,0.24387635218365472,0.0,0.1914555333034993,-0.4965078531529345
OWOWOWWO,OWOWOWOO,4,5,1.7990623467916353,1.6909715789669113,1.0045175299930729,0.30200985861396357,0.5433345649922473,-2.2955701999445695,-0.4965078531529345
OWOWWWOO,OWOWOWOO,4,5,0.6026534635087716,0.1547840840659726,2.365349726291079,0.5270302026777475,0.31761657701747437,-1.099161316661706,-0.4965078531529345
OWWWOWOO,OWOWOWOO,4,5,-0.923071937959468,0.4272866050266631,1.7506075996616512,0.4394286385696587,0.0,0.42656408480653335,-0.4965078531529345
WWOWOWOO,OWOWOWOO,4,5,-0.8127740621731366,0.8632380537615424,0.8437935554966619,0.2657122926786759,0.0,0.3162662090202022,-0.4965078531529345
OWOWOWWW,OWOWOWOW,3,4,1.0524346831456055,1.6940662120012757,0.5866197557846082,0.20047285759847905,0.21098458836594938,-0.8609791498421061,0.1914555333034993
OWOWWWOW,OWOWOWOW,3,4,0.6568102222198803,0.5402186150943021,1.0259155337480061,0.30662133441426553,0.20139202679398996,-0.46535468891638093,0.1914555333034993
OWWWOWOW,OWOWOWOW,3,4,-0.8365564196898173,1.1509102439590673,0.6687581492994723,0.22239339956986418,0.0,1.0280119529933165,0.1914555333034993
WWOWOWOW,OWOWOWOW,3,4,0.3632829427286593,1.0568687719201957,0.31402260268956383,0.11860283564912585,0.04308638715057798,-0.17182740942516003,0.1914555333034993
OWOWOWWW,OWOWOWWO,3,4,-1.4345910501024637,2.344369580566293,0.5868961312184667,0.20054850135161312,0.0,-0.8609791498421061,-2.2955701999445695
OWOWWWWO,OWOWOWWO,3,4,-1.2267585149097382,2.3966725384130703,0.4913573951069642,0.1735817320667948,0.0,-1.0688116850348315,-2.2955701999445695
OWWWOWWO,OWOWOWWO,3,4,-1.6315597247274563,2.3902897952507636,0.6551686184632033,0.21884224363311133,0.0,-0.6640104752171133,-2.2955701999445695
WWOWOWWO,OWOWOWWO,3,4,0.9206208183181334,1.4124984898465933,0.6086755289332607,0.20646845540773193,0.1900791583743472,-3.216191018262703,-2.2955701999445695
OWOWWWWW,OWOWOWWW,2,3,-0.36269489526646154,2.2736255021746494,0.15280207216099195,0.061754748450689664,0.0,-0.49828425457564457,-0.8609791498421061
OWWWOWWW,OWOWOWWW,2,3,0.09481654739050367,2.2736545831723247,0.03994538550920241,0.01701053218840522,0.0016128799313796117,-0.9557956972326097,-0.8609791498421061
WWOWOWWW,OWOWOWWW,2,3,0.07378056327462572,2.684369106610128,0.026498125948700445,0.01135816082703822,0.0008380115035826686,-0.9347597131167319,-0.8609791498421061
OWOWWOOW,OWOWWOOO,4,5,0.677094910335721,0.9647357130598126,0.6359276786066482,0.2137641003889053,0.1447385843858219,-0.48272324367121494,0.19437166666450603
OWOWWOWO,OWOWWOOO,4,5,1.6421541010990055,1.6368588074969206,0.9454735721814952,0.28902533561074495,0.4746241401947013,-1.4477824344344994,0.19437166666450603
OWOWWWOO,OWOWWOOO,4,5,1.2935329833262121,1.4928684900788025,0.8120777021976361,0.2581768163607421,0.3339602274927743,-1.099161316661706,0.19437166666450603
OWWWWOOO,OWOWWOOO,4,5,-0.7499133004434572,0.2491922315488399,2.147565818166176,0.49797482032637036,0.0,0.9442849671079632,0.19437166666450603
WWOWWOOO,OWOWWOOO,4,5,-0.1305672904003273,1.0371018957998903,0.11482461763770097,0.047206550269260045,0.0,0.3249389570648334,0.19437166666450603
OWOWWOWW,OWOWWOOW,3,4,0.9061751219995514,2.011482037687678,0.42916544200959444,0.1550825061828007,0.1405319089601956,-1.388898365670766,-0.48272324367121494
OWOWWWOW,OWOWWOOW,3,4,-0.01736855475483401,0.6247110218013413,0.023966179942541427,0.010285612785428928,0.0,-0.46535468891638093,-0.48272324367121494
OWWWWOOW,OWOWWOOW,3,4,-1.3224999625685705,0.42617435415819854,2.5134253543853835,0.5457307310273861,0.0,0.8397767188973558,-0.48272324367121494
WWOWWOOW,OWOWWOOW,3,4,-0.570712834546586,2.2366931252245332,0.2442395316636822,0.09490399552028206,0.0,0.08798959087537088,-0.48272324367121494
OWOWWOWW,OWOWWOWO,3,4,-0.05888406876373331,0.9328814083483852,0.05700951560149685,0.024078897009054034,0.0,-1.388898365670766,-1.4477824344344994
OWOWWWWO,OWOWWOWO,3,4,-0.37897074939966807,0.9793600489509039,0.3511068894647462,0.13068970851011605,0.0,-1.0688116850348315,-1.4477824344344994
OWWWWOWO,OWOWWOWO,3,4,-0.8453686293943692,1.6244513322422056,0.49022469558197657,0.1732517561264655,0.0,-0.6024138050401304,-1.4477824344344994
WWOWWOWO,OWOWWOWO,3,4,-0.5951371938602924,1.7088647447616723,0.32901143967992197,0.12352871921849012,0.0,-0.8526452405742071,-1.4477824344344994
OWOWWWWW,OWOWWOWW,2,3,-0.8906141110951217,2.4312067980150665,0.3518535553055276,0.13092964754685085,0.0,-0.49828425457564457,-1.388898365670766
OWWWWOWW,OWOWWOWW,2,3,-1.2450099086943058,2.8134776971434534,0.42732776362591945,0.1545237135414788,0.0,-0.14388845697646047,-1.388898365670766
WWOWWOWW,OWOWWOWW,2,3,0.32516270874994485,1.8453405187459855,0.16714950704854117,0.06712649094457418,0.021827031624416383,-1.7140610744207112,-1.388898365670766
OWOWWWOW,OWOWWWOO,3,4,-0.633806627745325,0.27205599345551024,1.7035248427495484,0.4319303646715744,0.0,-0.46535468891638093,-1.099161316661706
OWOWWWWO,OWOWWWOO,3,4,-0.030349631626874467,1.7266959419149641,0.01661449556572524,0.007156297870447045,0.0,-1.0688116850348315,-1.099161316661706
OWWWWWOO,OWOWWWOO,3,4,-1.2499216408476304,0.40491534504951315,2.4755073362348696,0.5410182095721592,0.0,0.15076032418592444,-1.099161316661706
WWOWWWOO,OWOWWWOO,3,4,-1.018381899175205,0.5661589297296978,1.5287371432346122,0.4029036877169897,0.0,-0.08077941748650103,-1.099161316661706
OWOWWWWW,OWOWWWOW,2,3,0.03292956565926364,1.0389280072609781,0.0289127718778787,0.012378558146447647,0.0004076205432504606,-0.49828425457564457,-0.46535468891638093
OWWWWWOW,OWOWWWOW,2,3,-1.0981784985427414,0.5519757952382401,1.6843853814257832,0.428844865078168,0.0,0.6328238096263604,-0.46535468891638093
WWOWWWOW,OWOWWWOW,2,3,-0.0013673776482730677,0.8589903904658782,0.0014258512513444423,0.0006187982780869462,0.0,-0.4639873112681079,-0.46535468891638093
OWOWWWWW,OWOWWWWO,2,3,-0.5705274304591869,2.4594120983513754,0.22291346939661943,0.08739572842380608,0.0,-0.49828425457564457,-1.0688116850348315
OWWWWWWO,OWOWWWWO,2,3,-0.9518288362908462,1.0625585734597223,0.8187362409261205,0.25976972082484723,0.0,-0.11698284874398539,-1.0688116850348315
WWOWWWWO,OWOWWWWO,2,3,-0.224982863196553,2.252306194608258,0.09564352791836293,0.039669277652058285,0.0,-0.8438288218382785,-1.0688116850348315
OWWWWWWW,OWOWWWWW,1,2,-0.8790143349791935,0.5964101986265213,1.262207728595602,0.35453248177450963,0.0,0.3807300804035489,-0.49828425457564457
WWOWWWWW,OWOWWWWW,1,2,-0.10385362685185533,0.7606370126248311,0.12067064898256613,0.049477997656913596,0.0,-0.39443062772378923,-0.49828425457564457
OWWOOOOW,OWWOOOOO,5,6,1.6421521934475996,1.3856876671127798,1.105314548810172,0.32331699167146344,0.530935707052173,-0.3665226894116704,1.2756295040359291
OWWOOOWO,OWWOOOOO,5,6,1.6461819227037655,1.1883985158918366,1.2776962270592722,0.35749580239937395,0.5885031273523268,-0.37055241866783645,1.2756295040359291
OWWOOWOO,OWWOOOOO,5,6,0.2335970079419795,1.795915279691133,0.12321067847506097,0.050461223685969565,0.011787590870133436,1.0420324960939495,1.2756295040359291
OWWOWOOO,OWWOOOOO,5,6,0.5530514257361374,0.8775265426415879,0.5657661471182321,0.19472689910123153,0.10769398917711308,0.7225780782997916,1.2756295040359291
OWWWOOOO,OWWOOOOO,5,6,-0.5743615657365959,3.4485734869800924,0.16185703011194766,0.06515269014248413,0.0,1.8499910697725248,1.2756295040359291
WWWOOOOO,OWWOOOOO,5,6,0.4716455965099158,0.7225334258197014,0.5734059938535557,0.19684080027099593,0.09283909666130306,0.8039839075260132,1.2756295040359291
OWWOOOWW,OWWOOOOW,4,5,2.6521115436204123,2.6911835984587436,0.9501745227669276,0.29007347848205395,0.7693072207803826,-3.018634233032083,-0.3665226894116704
OWWOOWOW,OWWOOOOW,4,5,-0.6640045704088539,1.2178152595885743,0.5038677201356417,0.17720963749122293,0.0,0.2974818809971835,-0.3665226894116704
OWWOWOOW,OWWOOOOW,4,5,-0.6863970124818435,1.0581257930359946,0.5926791516165724,0.2021282951250875,0.0,0.3198743230701731,-0.3665226894116704
OWWWOOOW,OWWOOOOW,4,5,-1.1365820411304117,0.5906855712660655,1.6455853262534397,0.4225217730967437,0.0,0.7700593517187414,-0.3665226894116704
WWWOOOOW,OWWOOOOW,4,5,-0.7120486682328685,0.8913890079518563,0.7182333700712636,0.23508214928050972,0.0,0.3455259788211981,-0.3665226894116704
OWWOOOWW,OWWOOOWO,4,5,2.6480818143642466,0.15170420901851478,10.520609983798325,1.0614754743636126,2.8108739000559444,-3.018634233032083,-0.37055241866783645
OWWOOWWO,OWWOOOWO,4,5,2.581122211136681,1.912443258113117,1.2825813601108744,0.3584262664330472,0.925141997345132,-2.951674629804518,-0.37055241866783645
OWWOWOWO,OWWOOOWO,4,5,0.048849363255052104,1.7683559996512432,0.02614563994451302,0.011209004182699722,0.0005475527170480971,-0.41940178192288863,-0.37055241866783645
OWWWOOWO,OWWOOOWO,4,5,-1.0140191362941773,0.6066470748539187,1.434972523595035,0.3864940649681545,0.0,0.6434667176263408,-0.37055241866783645
WWWOOOWO,OWWOOOWO,4,5,0.7963946737032188,0.44451344283638305,1.4625803718541468,0.39139041357904936,0.3117012407128549,-1.1669470923710552,-0.37055241866783645
OWWOOWWW,OWWOOOWW,3,4,-0.3021709568101798,1.6427522775519914,0.17338721096645657,0.06944135042457308,0.0,-2.716463276221903,-3.018634233032083
OWWOWOWW,OWWOOOWW,3,4,-1.8321942280049646,1.238864280106052,1.3684689742113632,0.37446770005529706,0.0,-1.1864400050271184,-3.018634233032083
OWWWOOWW,OWWOOOWW,3,4,-2.4023991118862518,1.9639509630422616,1.163980712189556,0.33525338553482087,0.0,-0.6162351211458312,-3.018634233032083
WWWOOOWW,OWWOOOWW,3,4,0.04484036088202951,1.6313368051459896,0.025899270869048776,0.01110472115269784,0.0004979397039812779,-3.0634745939141124,-3.018634233032083
OWWOOWOW,OWWOOWOO,4,5,0.7445506150967661,2.603760873194898,0.27537591156016994,0.10563821006750576,0.07865299428348281,0.2974818809971835,1.0420324960939495
OWWOOWWO,OWWOOWOO,4,5,3.9937071258984673,1.4536132652843752,2.5705928335823356,0.552740328991358,2.20748299066425,-2.951674629804518,1.0420324960939495
OWWOWWOO,OWWOOWOO,4,5,0.2638510551651503,2.252127284178101,0.11217550042464952,0.04617332398348636,0.012182880253525215,0.7781814409287993,1.0420324960939495
OWWWOWOO,OWWOOWOO,4,5,0.6154684112874161,2.028463022654727,0.28916096015601567,0.11030714523811234,0.06789056343335127,0.42656408480653335,1.0420324960939495
WWWOOWOO,OWWOOWOO,4,5,1.4266114209494993,2.52203936344112,0.5440846696814036,0.18867111113392546,0.2691603619468903,-0.38457892485554995,1.0420324960939495
OWWOOWWW,OWWOOWOW,3,4,3.0139451572190867,1.9702596871766092,1.4558295154408685,0.3901982146380306,1.1760360193638262,-2.716463276221903,0.2974818809971835
OWWOWWOW,OWWOOWOW,3,4,-1.251235410159894,1.4641827350670944,0.7999291784193124,0.25525541731064577,0.0,1.5487172911570772,0.2974818809971835
OWWWOWOW,OWWOOWOW,3,4,-0.730530071996133,1.8071284930603622,0.38305236099946993,0.14083862238166964,0.0,1.0280119529933165,0.2974818809971835
WWWOOWOW,OWWOOWOW,3,4,-0.7534010891016688,0.9434963343037533,0.7219968717996089,0.23603235817373225,0.0,1.0508829700988522,0.2974818809971835
OWWOOWWW,OWWOOWWO,3,4,-0.23521135358261436,3.1528673619623584,0.07230892852659025,0.030319922134893637,0.0,-2.716463276221903,-2.951674629804518
OWWOWWWO,OWWOOWWO,3,4,-1.5053693931599914,3.9950294983047723,0.3676089253528387,0.13596192644660898,0.0,-1.4463052366445261,-2.951674629804518
OWWWOWWO,OWWOOWWO,3,4,-2.2876641545874046,1.7696781040014606,1.2235604351847387,0.3470489378373737,0.0,-0.6640104752171133,-2.951674629804518
WWWOOWWO,OWWOOWWO,3,4,1.3173228581560672,1.2058836348377882,1.008759757005225,0.30292799924407704,0.3990539777797065,-4.268997487960585,-2.951674629804518
OWWOWWWW,OWWOOWWW,2,3,-3.3157393044994223,1.4559737207769998,2.1309738462958463,0.4956794398759907,0.0,0.5992760282775194,-2.716463276221903
OWWWOWWW,OWWOOWWW,2,3,-1.7606675789892936,1.3317615258341138,1.2297212540081115,0.34825057362539524,0.0,-0.9557956972326097,-2.716463276221903
WWWOOWWW,OWWOOWWW,2,3,-0.19887893272097634,1.9580628023454734,0.09663404464349862,0.04006172428620318,0.0,-2.517584343500927,-2.716463276221903
OWWOWOOW,OWWOWOOO,4,5,0.4027037552296185,0.49204463308681684,0.6801915476034158,0.2253587956098762,0.09075283326612121,0.3198743230701731,0.7225780782997916
OWWOWOWO,OWWOWOOO,4,5,1.14197986022268,1.7823056772583317,0.6066920341471999,0.20593264049211882,0.23517092800447728,-0.41940178192288863,0.7225780782997916
OWWOWWOO,OWWOWOOO,4,5,-0.055603362629007634,0.7413359723886643,0.06608936792651611,0.02779361216760551,0.0,0.7781814409287993,0.7225780782997916
OWWWWOOO,OWWOWOOO,4,5,-0.22170688880817155,1.5529830791029666,0.13412532264304025,0.05466104743615417,0.0,0.9442849671079632,0.7225780782997916
WWWOWOOO,OWWOWOOO,4,5,-1.0475248499788197,1.1876460532209483,0.8135192488327955,0.25852216957595187,0.0,1.7701029282786112,0.7225780782997916
OWWOWOWW,OWWOWOOW,3,4,1.5063143280972913,0.8034160092548523,1.6673540347593754,0.4260806629107477,0.6418114074676514,-1.1864400050271184,0.3198743230701731
OWWOWWOW,OWWOWOOW,3,4,-1.2288429680869042,0.7160012656259531,1.5059326741904757,0.39896939881282334,0.0,1.5487172911570772,0.3198743230701731
OWWWWOOW,OWWOWOOW,3,4,-0.5199023958271826,0.13897313762534586,2.1755683546418854,0.5018214654373299,0.0,0.8397767188973558,0.3198743230701731
WWWOWOOW,OWWOWOOW,3,4,-0.1902836536816137,0.7166226285980821,0.23301295729249966,0.09096764046520885,0.0,0.5101579767517869,0.3198743230701731
OWWOWOWW,OWWOWOWO,3,4,0.7670382231042298,0.7476803751567446,0.9048672655213904,0.2798647186678042,0.2146669365165177,-1.1864400050271184,-0.41940178192288863
OWWOWWWO,OWWOWOWO,3,4,1.0269034547216378,0.9023395213356439,1.0245065996731944,0.306319196859917,0.3145602415030062,-1.4463052366445261,-0.41940178192288863
OWWWWOWO,OWWOWOWO,3,4,0.18301202311724182,0.38280708015420506,0.3790582836084117,0.13958262129885265,0.02554529791591083,-0.6024138050401304,-0.41940178192288863
WWWOWOWO,OWWOWOWO,3,4,0.6758761816189596,0.5331939974508749,1.0674077523474883,0.3154261404542153,0.21318901539300067,-1.0952779635418481,-0.41940178192288863
OWWOWWWW,OWWOWOWW,2,3,-1.785716033304638,0.45581746707336424,3.2127742273146938,0.6245681848665197,0.0,0.5992760282775194,-1.1864400050271184
OWWWWOWW,OWWOWOWW,2,3,-1.042551548050658,1.3247261114799456,0.731755766705012,0.23848664250145363,0.0,-0.14388845697646047,-1.1864400050271184
WWWOWOWW,OWWOWOWW,2,3,-0.30932539069410775,1.430354869829132,0.202126576516625,0.07995019860559598,0.0,-0.8771146143330107,-1.1864400050271184
OWWOWWOW,OWWOWWOO,3,4,-0.7705358502282781,0.9859949070748624,0.7095206848655706,0.23287436004260337,0.0,1.5487172911570772,0.7781814409287993
OWWOWWWO,OWWOWWOO,3,4,2.2244866775733256,0.5741914883045705,3.299487929115473,0.633416733997653,1.409027086129786,-1.4463052366445261,0.7781814409287993
OWWWWWOO,OWWOWWOO,3,4,0.6274211167428748,0.7299444987075215,0.7559796079375937,0.2445194681694001,0.15341667778421883,0.15076032418592444,0.7781814409287993
WWWOWWOO,OWWOWWOO,3,4,-0.7340469298616491,0.8011944940379508,0.8145266473751194,0.2587633504494959,0.0,1.5122283707904483,0.7781814409287993
OWWOWWWW,OWWOWWOW,2,3,0.949441262879558,0.6269077794780832,1.3061371602890988,0.3628851339149763,0.3445381198244526,0.5992760282775194,1.5487172911570772
OWWWWWOW,OWWOWWOW,2,3,0.9158934815307168,0.9809950788537909,0.8472688724002926,0.26653011217081657,0.24411319236890167,0.6328238096263604,1.5487172911570772
WWWOWWOW,OWWOWWOW,2,3,1.1100780238907761,0.6379879305134724,1.5041953641686436,0.39866820723436425,0.4425528156748015,0.43863926726630115,1.5487172911570772
OWWOWWWW,OWWOWWWO,2,3,-2.0455812649220455,1.4757702624264986,1.298146889618347,0.361377783843967,0.0,0.5992760282775194,-1.4463052366445261
OWWWWWWO,OWWOWWWO,2,3,-1.329322387900541,1.5493949861195064,0.8059454521733493,0.256704628492503,0.0,-0.11698284874398539,-1.4463052366445261
WWWOWWWO,OWWOWWWO,2,3,0.23250068784528488,1.5043931655174665,0.14491503257575658,0.05877325763423284,0.013664822826867276,-1.6788059244898113,-1.4463052366445261
OWWWWWWW,OWWOWWWW,1,2,0.2185459478739705,1.4309982923082518,0.14274734921126114,0.057950222545698114,0.01266478631575713,0.3807300804035489,0.5992760282775194
WWWOWWWW,OWWOWWWW,1,2,0.2992607342162071,0.46675922843683776,0.528020928819438,0.1841293026745847,0.055102670309114435,0.3000152940613123,0.5992760282775194
OWWWOOOW,OWWWOOOO,4,5,1.0799317180537835,2.5842950903319717,0.40231482818091596,0.1468455263213833,0.15858314152876357,0.7700593517187414,1.8499910697725248
OWWWOOWO,OWWWOOOO,4,5,1.2065243521461841,4.180173875254543,0.2818867614518188,0.10784966243028925,0.1301232440928894,0.6434667176263408,1.8499910697725248
OWWWOWOO,OWWWOOOO,4,5,1.4234269849659915,3.1442548022349497,0.4387531410866373,0.15798628479083143,0.22488194102579168,0.42656408480653335,1.8499910697725248
OWWWWOOO,OWWWOOOO,4,5,0.905706102664562,3.4774046116945154,0.25317407477583437,0.09801140177122243,0.08876952471490442,0.9442849671079632,1.8499910697725248
WWWWOOOO,OWWWOOOO,4,5,1.4938813420358665,4.335692510932801,0.33678649688945905,0.12606205002416296,0.1883217444698891,0.35610972773665867,1.8499910697725248
OWWWOOWW,OWWWOOOW,3,4,1.3862944728645725,0.8476574987860959,1.4628644575074325,0.3914405113208863,0.5426518172994268,-0.6162351211458312,0.7700593517187414
OWWWOWOW,OWWWOOOW,3,4,-0.25795260127457514,1.553817594727247,0.15597403371265833,0.06294807877139336,0.0,1.0280119529933165,0.7700593517187414
OWWWWOOW,OWWWOOOW,3,4,-0.06971736717861439,0.5751566369794886,0.10326102619758801,0.042678276561414215,0.0,0.8397767188973558,0.7700593517187414
WWWWOOOW,OWWWOOOW,3,4,0.7308199907024676,0.14737658535590156,2.9542811808604856,0.5970675478694942,0.4363488997827289,0.0392393610162736,0.7700593517187414
OWWWOOWW,OWWWOOWO,3,4,1.259701838772172,1.2506485561599703,0.9326644100176813,0.28615644920164074,0.36047180523582245,-0.6162351211458312,0.6434667176263408
OWWWOWWO,OWWWOOWO,3,4,1.3074771928434539,1.7189488575201424,0.7188092108460918,0.23522767233843825,0.307554816708161,-0.6640104752171133,0.6434667176263408
OWWWWOWO,OWWWOOWO,3,4,1.2458805226664713,0.8954674420234819,1.2515532603798432,0.35248222463472345,0.4391507382585498,-0.6024138050401304,0.6434667176263408
WWWWOOWO,OWWWOOWO,3,4,0.6461399055172857,1.3995336867431631,0.4308938913674136,0.15560742963524563,0.1005441698823053,-0.002673187890944969,0.6434667176263408
OWWWOWWW,OWWWOOWW,2,3,0.33956057608677853,1.5711092677531209,0.2031947178076108,0.08033591663848913,0.027278910134224784,-0.9557956972326097,-0.6162351211458312
OWWWWOWW,OWWWOOWW,2,3,-0.4723466641693707,0.8977785844095417,0.47339827848569493,0.1683201580907399,0.0,-0.14388845697646047,-0.6162351211458312
WWWWOOWW,OWWWOOWW,2,3,0.05640506635369643,2.0927351333346365,0.02572361134557895,0.011030352746511233,0.0006221677785716438,-0.6726401874995277,-0.6162351211458312
OWWWOWOW,OWWWOWOO,3,4,-0.6014478681867831,0.913056766973156,0.593696116342827,0.20240551431413917,0.0,1.0280119529933165,0.42656408480653335
OWWWOWWO,OWWWOWOO,3,4,1.0905745600236467,2.8887462639342365,0.36489365898464354,0.13509881612752211,0.14733533195798798,-0.6640104752171133,0.42656408480653335
OWWWWWOO,OWWWOWOO,3,4,0.27580376062060896,0.44389691171952983,0.5070883005175659,0.17813869843545876,0.049131322940560114,0.15076032418592444,0.42656408480653335
WWWWOWOO,OWWWOWOO,3,4,0.015404084422661187,0.32458564218012165,0.036280276326740045,0.015477232243061495,0.00023841259210125306,0.41116000038387224,0.42656408480653335
OWWWOWWW,OWWWOWOW,2,3,1.9838076502259263,1.5410101471107522,1.208894200757211,0.3441749149987776,0.6827768293904329,-0.9557956972326097,1.0280119529933165
OWWWWWOW,OWWWOWOW,2,3,0.39518814336695596,1.15141758495355,0.31579238466720483,0.11918736852827284,0.0471014348814813,0.6328238096263604,1.0280119529933165
WWWWOWOW,OWWWOWOW,2,3,0.03558114480414291,1.3330757664186363,0.02482851614542534,0.010651201272443699,0.0003789819348128904,0.9924308081891735,1.0280119529933165
OWWWOWWW,OWWWOWWO,2,3,0.2917852220154966,3.7601225068698545,0.07558962740073841,0.03164660539177776,0.009234011780276686,-0.9557956972326097,-0.6640104752171133
OWWWWWWO,OWWWOWWO,2,3,-0.5470276264731279,1.993477932981765,0.26130088015496306,0.10081869878894573,0.0,-0.11698284874398539,-0.6640104752171133
WWWWOWWO,OWWWOWWO,2,3,2.1835315126451813,2.0947228428740887,0.9949008002239353,0.29992130454081556,0.6548876197785231,-2.8475419878622943,-0.6640104752171133
OWWWWWWW,OWWWOWWW,1,2,-1.3365257776361588,0.5257288102942422,2.1359505198548745,0.4963692016133189,0.0,0.3807300804035489,-0.9557956972326097
WWWWOWWW,OWWWOWWW,1,2,-0.014617693267065154,0.1728794614970682,0.05356831616007204,0.022662701661636094,0.0,-0.9411780039655446,-0.9557956972326097
OWWWWOOW,OWWWWOOO,3,4,0.10450824821060749,1.1667433649087506,0.08250151617580069,0.03442851330838015,0.003598063614354396,0.8397767188973558,0.9442849671079632
OWWWWOWO,OWWWWOOO,3,4,1.5466987721480934,0.38945279357788726,3.160057093232149,0.6190992909886487,0.9575601132098981,-0.6024138050401304,0.9442849671079632
OWWWWWOO,OWWWWOOO,3,4,0.7935246429220387,1.1961287076497302,0.6122267319893999,0.20742611782117779,0.16459773607675485,0.15076032418592444,0.9442849671079632
WWWWWOOO,OWWWWOOO,3,4,0.9767909902644867,1.1499176329033651,0.7814842870850237,0.25078199617209573,0.2449615943814461,-0.0325060231565234,0.9442849671079632
OWWWWOWW,OWWWWOOW,2,3,0.9836651758738162,1.972334160058215,0.47466532899606484,0.16869346962813825,0.16593789147052687,-0.14388845697646047,0.8397767188973558
OWWWWWOW,OWWWWOOW,2,3,0.2069529092709952,0.17039303377103218,0.7653781104665668,0.24683773731729988,0.0510837878556849,0.6328238096263604,0.8397767188973558
WWWWWOOW,OWWWWOOW,2,3,0.31619763980277377,0.2633358262211581,0.8702627623908139,0.27190262698549916,0.08597496890898881,0.5235790790945819,0.8397767188973558
OWWWWOWW,OWWWWOWO,2,3,-0.45852534806366996,0.764271629100144,0.5305338421684327,0.18484293687651865,0.0,-0.14388845697646047,-0.6024138050401304
OWWWWWWO,OWWWWOWO,2,3,-0.485430956296145,1.1296572132137896,0.39476933171272943,0.14450238951096483,0.0,-0.11698284874398539,-0.6024138050401304
WWWWWOWO,OWWWWOWO,2,3,-0.12476934026569432,0.4739761250374106,0.2173772302072009,0.08542517445999431,0.0,-0.4776444647744362,-0.6024138050401304
OWWWWWWW,OWWWWOWW,1,2,-0.5246185373800093,1.9732453856779593,0.25304218256270566,0.09796569138190307,0.0,0.3807300804035489,-0.14388845697646047
WWWWWOWW,OWWWWOWW,1,2,0.5287203279012662,1.4899872137705064,0.33253118221463884,0.12467738062941697,0.06591946556825631,-0.6726087848777267,-0.14388845697646047
OWWWWWOW,OWWWWWOO,2,3,-0.482063485440436,0.697643399336871,0.6043596497397263,0.20530173077424102,0.0,0.6328238096263604,0.15076032418592444
OWWWWWWO,OWWWWWOO,2,3,0.26774317292990985,0.6069628829165999,0.3787230976332535,0.13947705134966845,0.03734402827926819,-0.11698284874398539,0.15076032418592444
WWWWWWOO,OWWWWWOO,2,3,-0.3540790924041913,1.1426381232273344,0.2849414369201791,0.10888333451401536,0.0,0.5048394165901157,0.15076032418592444
OWWWWWWW,OWWWWWOW,1,2,0.25209372922281154,0.2073879037069653,0.8201159713270108,0.2600990605690219,0.06556934214619466,0.3807300804035489,0.6328238096263604
WWWWWWOW,OWWWWWOW,1,2,-0.1727452080680645,0.35055373209978097,0.3834064524623843,0.14094979697680493,0.0,0.8055690176944251,0.6328238096263604
OWWWWWWW,OWWWWWWO,1,2,-0.49771292914753423,1.3961396124123575,0.3326647627122364,0.12472091459408134,0.0,0.3807300804035489,-0.11698284874398539
WWWWWWWO,OWWWWWWO,1,2,0.4435689887440766,0.9154356477986456,0.4368262919523123,0.15740426638986058,0.06981965126655369,-0.5605518374880619,-0.11698284874398539
WWWWWWWW,OWWWWWWW,0,1,-0.037173448169480046,0.32403404320605395,0.08766618804569914,0.03649562795957848,0.0,0.417903528573029,0.3807300804035489
WOOOOOOW,WOOOOOOO,6,7,0.6063840289961918,1.3993527965149042,0.40443051855818785,0.14750025820246274,0.08944180084678795,-0.1991139989493416,0.4072700300468502
WOOOOOWO,WOOOOOOO,6,7,1.6688677657433901,0.869494547268252,1.721379218115011,0.43478906396259476,0.7256054537449155,-1.2615977356965402,0.4072700300468502
WOOOOWOO,WOOOOOOO,6,7,1.1532212365967311,0.5731756659859785,1.7131059467333027,0.43346675328362044,0.49988306524530696,-0.7459512065498809,0.4072700300468502
WOOOWOOO,WOOOOOOO,6,7,-2.374594292809766,1.1368488217081274,1.9198743218515386,0.4653641588110864,0.0,2.7818643228566162,0.4072700300468502
WOOWOOOO,WOOOOOOO,6,7,-0.29316069020544794,0.6389197353139163,0.39674226603367696,0.14511627528675983,0.0,0.7004307202522981,0.4072700300468502
WOWOOOOO,WOOOOOOO,6,7,-0.5468778625479844,1.1557496646406116,0.43549911096691213,0.1570029278654166,0.0,0.9541478925948347,0.4072700300468502
WWOOOOOO,WOOOOOOO,6,7,-0.5163240909057685,1.189073083071985,0.40053903668154994,0.14629521824999672,0.0,0.9235941209526187,0.4072700300468502
WOOOOOWW,WOOOOOOW,5,6,3.399603735484814,3.4141310949140906,0.9674094800859794,0.2938947597332515,0.9991257230285737,-3.598717734434155,-0.1991139989493416
WOOOOWOW,WOOOOOOW,5,6,-0.2454861984582689,0.38029679689049983,0.5111135448905272,0.17929709840038344,0.0,0.04637219950892731,-0.1991139989493416
WOOOWOOW,WOOOOOOW,5,6,-0.1416751046449242,0.8592714468958093,0.1476903175877726,0.05982471776023043,0.0,-0.0574388943044174,-0.1991139989493416
WOOWOOOW,WOOOOOOW,5,6,-0.3669140623226981,1.4330537471436435,0.2393354199135714,0.09318886190733129,0.0,0.16780006337335648,-0.1991139989493416
WOWOOOOW,WOOOOOOW,5,6,-1.5391630981083686,2.2934538798609854,0.6430719685301666,0.21565658647279579,0.0,1.340049099159027,-0.1991139989493416
WWOOOOOW,WOOOOOOW,5,6,-2.006592090412751,2.424538125003916,0.7948353287037954,0.25402460939575205,0.0,1.8074780914634097,-0.1991139989493416
WOOOOOWW,WOOOOOWO,5,6,2.3371199987376152,2.1168377983657005,1.0542584579081922,0.31265508375095263,0.7307124489413354,-3.598717734434155,-1.2615977356965402
WOOOOWWO,WOOOOOWO,5,6,2.846995256221748,2.3011651851258965,1.185672386830178,0.339585065548438,0.9667970707001543,-4.108592991918288,-1.2615977356965402
WOOOWOWO,WOOOOOWO,5,6,-0.41026425769956204,0.7915731061953345,0.46015773114815933,0.16439977226884872,0.0,-0.851333477996978,-1.2615977356965402
WOOWOOWO,WOOOOOWO,5,6,-0.8049469483662656,0.44750439971412215,1.4702109221159982,0.3927340376322115,0.0,-0.45665078733027453,-1.2615977356965402
WOWOOOWO,WOOOOOWO,5,6,-0.017957279112421547,1.4149584371808246,0.011853314699403978,0.005117558715307571,0.0,-1.2436404565841184,-1.2615977356965402
WWOOOOWO,WOOOOOWO,5,6,-0.16277074933768745,1.2826907922360595,0.11772028153485993,0.048333131470507947,0.0,-1.0988269863588525,-1.2615977356965402
WOOOOWWW,WOOOOOWW,4,5,-0.8246979565753071,1.989049194665642,0.3947719176174318,0.14450319469292314,0.0,-2.774019777858848,-3.598717734434155
WOOOWOWW,WOOOOOWW,4,5,-1.4029113784655187,1.729022522341336,0.7670279405141761,0.2472434166913663,0.0,-2.1958063559686365,-3.598717734434155
WOOWOOWW,WOOOOOWW,4,5,-1.3888967651642934,1.4788522017984849,0.879687638641659,0.27408568538857214,0.0,-2.209820969269862,-3.598717734434155
WOWOOOWW,WOOOOOWW,4,5,-1.1625822681733078,0.6226832070862315,1.6087024809400159,0.4164245512144802,0.0,-2.4361354662608474,-3.598717734434155
WWOOOOWW,WOOOOOWW,4,5,-1.4131663758626276,2.3123354914092764,0.5858083922800728,0.20025071185769353,0.0,-2.185551358571528,-3.598717734434155
WOOOOWOW,WOOOOWOO,5,6,-0.7923234060588081,1.6125029742995918,0.4626697985052352,0.16514629408644255,0.0,0.04637219950892731,-0.7459512065498809
WOOOOWWO,WOOOOWOO,5,6,3.362641785368407,1.9106152109081695,1.6724442186277622,0.42690864903704334,1.4355408617871381,-4.108592991918288,-0.7459512065498809
WOOOWWOO,WOOOOWOO,5,6,-0.7983208520491107,0.8183498875740544,0.8692992320802515,0.27167882756358686,0.0,0.05236964549922988,-0.7459512065498809
WOOWOWOO,WOOOOWOO,5,6,-1.185507885232882,0.5714108275570561,1.7656967039783675,0.4418045521251566,0.0,0.43955667868300113,-0.7459512065498809
WOWOOWOO,WOOOOWOO,5,6,-2.4378370130031684,3.002841436520107,0.7856788891337119,0.25180336428629,0.0,1.6918858064532873,-0.7459512065498809
WWOOOWOO,WOOOOWOO,5,6,0.006133334031267257,2.5918591675942153,0.002278475079641249,0.0009884035549253965,6.06220916004947e-06,-0.7520845405811482,-0.7459512065498809
WOOOOWWW,WOOOOWOW,4,5,2.8203919773677755,2.618878476417085,1.037336534836402,0.30906277330577087,0.8716781663346316,-2.774019777858848,0.04637219950892731
WOOOWWOW,WOOOOWOW,4,5,0.0010260745650948107,1.461620760399244,0.0006570574566596338,0.00028526272098120664,2.927008223685539e-07,0.0453461249438325,0.04637219950892731
WOOWOWOW,WOOOOWOW,4,5,-0.35013046276676724,0.4279912474053239,0.6631368691950721,0.22092799130623036,0.0,0.3965026622756946,0.04637219950892731
WOWOOWOW,WOOOOWOW,4,5,-0.2501745975182123,0.24226934459570537,0.7309290226202495,0.23827925983590573,0.0,0.2965467970271396,0.04637219950892731
WWOOOWOW,WOOOOWOW,4,5,0.26397569380262986,0.8282853594498637,0.2843691232608383,0.10868985640970796,0.028691480255060877,-0.21760349429370252,0.04637219950892731
WOOOOWWW,WOOOOWWO,4,5,-1.33457321405944,1.058271000705737,1.1522115405170996,0.33288495582527194,0.0,-2.774019777858848,-4.108592991918288
WOOOWWWO,WOOOOWWO,4,5,-2.2671693605510193,1.4866357374147783,1.4289161066326945,0.38541251478220184,0.0,-1.8414236313672685,-4.108592991918288
WOOWOWWO,WOOOOWWO,4,5,-1.29870761012237,1.1254788850574962,1.0597551911809873,0.3138156060792698,0.0,-2.8098853817959184,-4.108592991918288
WOWOOWWO,WOOOOWWO,4,5,-0.3179339815034421,1.732477294350069,0.17349954757076802,0.06948292649740914,0.0,-3.7906590104148457,-4.108592991918288
WWOOOWWO,WOOOOWWO,4,5,-1.174215563930679,1.9657054979483097,0.5684331890954097,0.195466023687141,0.0,-2.934377427987609,-4.108592991918288
WOOOWWWW,WOOOOWWW,3,4,-2.021660930755229,1.6028736608996967,1.187205473415511,0.33988958403390584,0.0,-0.7523588471036188,-2.774019777858848
WOOWOWWW,WOOOOWWW,3,4,-2.5660782945982583,2.227886856215309,1.1023208828844036,0.3226990042850993,0.0,-0.20794148326059006,-2.774019777858848
WOWOOWWW,WOOOOWWW,3,4,-1.5460140617575544,1.3556093326822574,1.0621078245690467,0.3143113701575152,0.0,-1.2280057161012936,-2.774019777858848
WWOOOWWW,WOOOOWWW,3,4,0.04123253530027079,0.5601098906663733,0.06246313815817397,0.026313871266154754,0.0010849876258685071,-2.8152523131591187,-2.774019777858848
WOOOWOOW,WOOOWOOO,5,6,2.8393032171610337,0.9796097697202846,2.6299347197429186,0.5598988148128742,1.5897225061828435,-0.0574388943044174,2.7818643228566162
WOOOWOWO,WOOOWOOO,5,6,3.633197800853594,1.010097053297318,3.2728650076693,0.6307191723981929,2.2915275101133132,-0.851333477996978,2.7818643228566162
WOOOWWOO,WOOOWOOO,5,6,2.7294946773573865,1.5153097215877378,1.6897655235272662,0.4297144226504979,1.1729032294082364,0.05236964549922988,2.7818643228566162
WOOWWOOO,WOOOWOOO,5,6,2.464859928161666,1.0650990063307182,2.1155798046076137,0.4935388800513252,1.2165042084282984,0.31700439469495006,2.7818643228566162
WOWOWOOO,WOOOWOOO,5,6,2.3032720612522604,1.8522099096447708,1.1798280757991693,0.33842224191831494,0.7794784947168083,0.47859226160435614,2.7818643228566162
WWOOWOOO,WOOOWOOO,5,6,0.7261834438317242,1.8426371440764402,0.37381321882268603,0.13792769083946166,0.10016080553355762,2.055680879024892,2.7818643228566162
WOOOWOWW,WOOOWOOW,4,5,2.138367461664219,1.1513719759528933,1.708818403125815,0.4327798912775748,0.9254424375705443,-2.1958063559686365,-0.0574388943044174
WOOOWWOW,WOOOWOOW,4,5,-0.10278501924824994,1.2122337748599998,0.07832828358591509,0.03275099651450923,0.0,0.0453461249438325,-0.0574388943044174
WOOWWOOW,WOOOWOOW,4,5,0.12940662402731165,1.0548044280880686,0.11205934172036508,0.04612796269034795,0.005969263925015716,-0.18684551833172902,-0.0574388943044174
WOWOWOOW,WOOOWOOW,4,5,-1.1811667029166106,1.3789559278622343,0.7986490203422999,0.25494642549134655,0.0,1.1237278086121933,-0.0574388943044174
WWOOWOOW,WOOOWOOW,4,5,0.11886966333066691,0.8657850099563179,0.12308087421655399,0.05041103138284453,0.005992342328630413,-0.17630855763508432,-0.0574388943044174
WOOOWOWW,WOOOWOWO,4,5,1.3444728779716586,0.4061217534962822,2.6564218366115626,0.5630562939393682,0.7570139159727185,-2.1958063559686365,-0.851333477996978
WOOOWWWO,WOOOWOWO,4,5,0.9900901533702905,0.5245587917442499,1.5852633354262697,0.4125047870035373,0.4084169278303113,-1.8414236313672685,-0.851333477996978
WOOWWOWO,WOOOWOWO,4,5,-1.5443699592710385,3.320296195409058,0.4515310578493147,0.1618263326983675,0.0,0.6930364812740608,-0.851333477996978
WOWOWOWO,WOOOWOWO,4,5,0.32324434781522987,0.1496340446315208,1.294872853950524,0.36075862871539865,0.1166131876578257,-1.174577825812208,-0.851333477996978
WWOOWOWO,WOOOWOWO,4,5,0.7566913517273467,1.414477535181447,0.4996385447451941,0.17598659442957026,0.13316753402480386,-1.6080248297243245,-0.851333477996978
WOOOWWWW,WOOOWOWW,3,4,-1.4434475088650178,0.9010287151325851,1.4419641385350617,0.38773928182397654,0.0,-0.7523588471036188,-2.1958063559686365
WOOWWOWW,WOOOWOWW,3,4,-1.655535685803092,0.4492301539651592,3.014284037121735,0.6036080984430474,0.0,-0.5402706701655445,-2.1958063559686365
WOWOWOWW,WOOOWOWW,3,4,-1.3085430858507163,0.18091415951587178,4.658159945037527,0.7526752199441253,0.0,-0.8872632701179203,-2.1958063559686365
WWOOWOWW,WOOOWOWW,3,4,0.2863613817981578,1.5033275133376744,0.1786044207537076,0.07136806573023206,0.020437057918771005,-2.4821677377667943,-2.1958063559686365
WOOOWWOW,WOOOWWOO,4,5,0.0070235205553974,0.5405650155024155,0.010964570941934176,0.004735936091471024,3.326294448749516e-05,0.0453461249438325,0.05236964549922988
WOOOWWWO,WOOOWWOO,4,5,1.8937932768664985,1.5257544873956486,1.1648703980514488,0.33543190203079076,0.6352386809124535,-1.8414236313672685,0.05236964549922988
WOOWWWOO,WOOOWWOO,4,5,0.9199003006958734,0.7526715311155916,1.0788448624434817,0.31782208052979805,0.2923646274471493,-0.8675306551966435,0.05236964549922988
WOWOWWOO,WOOOWWOO,4,5,-0.5552606475471142,0.9475768577652134,0.5300428731612561,0.184703600305497,0.0,0.6076302930463441,0.05236964549922988
WWOOWWOO,WOOOWWOO,4,5,-1.1607233711835796,0.840344895319575,1.2343591983759419,0.34915299211562506,0.0,1.2130930166828096,0.05236964549922988
WOOOWWWW,WOOOWWOW,3,4,0.7977049720474513,0.9574117096098835,0.754393926980204,0.24412711531586934,0.19474141369907047,-0.7523588471036188,0.0453461249438325
WOOWWWOW,WOOOWWOW,3,4,0.8536612985520446,0.45191447378244604,1.5467275077995895,0.40598247924320446,0.34657153042013245,-0.808315173608212,0.0453461249438325
WOWOWWOW,WOOOWWOW,3,4,-1.177577115091201,1.9652317038746552,0.570191283080686,0.1959525620437351,0.0,1.2229232400350336,0.0453461249438325
WWOOWWOW,WOOOWWOW,3,4,0.20740106155388383,0.560215683794803,0.31414137325817404,0.11864208845303538,0.02460649509012932,-0.16205493661005133,0.0453461249438325
WOOOWWWW,WOOOWWWO,3,4,-1.0890647842636498,1.0970567433202532,0.9097854302569917,0.28098457578696545,0.0,-0.7523588471036188,-1.8414236313672685
WOOWWWWO,WOOOWWWO,3,4,-0.4177247353142934,0.5024252798811935,0.6934050566348651,0.22876085227355947,0.0,-1.423698896052975,-1.8414236313672685
WOWOWWWO,WOOOWWWO,3,4,0.37332273874130056,1.9794648343104666,0.17952827697857718,0.07170835674222328,0.026770360129645003,-2.214746370108569,-1.8414236313672685
WWOOWWWO,WOOOWWWO,3,4,0.39905924748161437,0.21985201291293202,1.2476371302069735,0.3517261978804197,0.14035959184572966,-2.240482878848883,-1.8414236313672685
WOOWWWWW,WOOOWWWW,2,3,-1.1115964990615883,0.875757779633731,1.139213565357221,0.3302541439105732,0.0,0.3592376519579695,-0.7523588471036188
WOWOWWWW,WOOOWWWW,2,3,-0.8308694462206753,0.8308392090039906,0.8926025442242768,0.2770594195772679,0.0,0.07851059911705638,-0.7523588471036188
WWOOWWWW,WOOOWWWW,2,3,-0.9097943647313462,1.76991978570151,0.486541921042903,0.1721771609818559,0.0,0.15743551762772726,-0.7523588471036188
WOOWOOOW,WOOWOOOO,5,6,0.5326306568789415,0.8420817850069935,0.5653762394684104,0.19461873746516534,0.10365990597702128,0.16780006337335648,0.7004307202522981
WOOWOOWO,WOOWOOOO,5,6,1.1570815075825724,1.2223696995948112,0.8750060652003104,0.27300267690574626,0.3158863489681788,-0.45665078733027453,0.7004307202522981
WOOWOWOO,WOOWOOOO,5,6,0.260874041569297,1.7730781565232674,0.13927557729546156,0.05662878748805153,0.01477298066117684,0.43955667868300113,0.7004307202522981
WOOWWOOO,WOOWOOOO,5,6,0.383426325557348,0.2961167121889132,0.9679630113017978,0.2940169314233279,0.1127338316672934,0.31700439469495006,0.7004307202522981
WOWWOOOO,WOOWOOOO,5,6,-2.6203725177422172,2.0821844358962274,1.2008024961767383,0.3425810699639465,0.0,3.320803237994516,0.7004307202522981
WWOWOOOO,WOOWOOOO,5,6,0.3411300522103919,0.6703400940279745,0.4428304522314062,0.1592152999178081,0.05431312357365509,0.35930066804190625,0.7004307202522981
WOOWOOWW,WOOWOOOW,4,5,2.377621032643218,1.4151816413538525,1.5691986807065286,0.40979769033022223,0.9743436076577486,-2.209820969269862,0.16780006337335648
WOOWOWOW,WOOWOOOW,4,5,-0.22870259890233813,0.7332548928723392,0.2744689540483467,0.10532926055875003,0.0,0.3965026622756946,0.16780006337335648
WOOWWOOW,WOOWOOOW,4,5,0.3546455817050855,1.1898305048917321,0.27495518237479916,0.1054949185821968,0.03741330676751382,-0.18684551833172902,0.16780006337335648
WOWWOOOW,WOOWOOOW,4,5,-1.1994214153930864,1.5346718734102471,0.7337383329969808,0.2389835515538257,0.0,1.367221478766443,0.16780006337335648
WWOWOOOW,WOOWOOOW,4,5,-0.7733618599775882,0.13551768091442074,3.2836679478794717,0.6318157987628239,0.0,0.9411619233509447,0.16780006337335648
WOOWOOWW,WOOWOOWO,4,5,1.753170181939587,1.1684841179812553,1.3820986460040914,0.3769597422551404,0.6608745799133443,-2.209820969269862,-0.45665078733027453
WOOWOWWO,WOOWOOWO,4,5,2.3532345944656434,0.9893535516314415,2.1602119816301917,0.4997162153286861,1.1759494853269068,-2.8098853817959184,-0.45665078733027453
WOOWWOWO,WOOWOOWO,4,5,-1.1496872686043356,3.278153669149199,0.34033006819784156,0.12721176041354915,0.0,0.6930364812740608,-0.45665078733027453
WOWWOOWO,WOOWOOWO,4,5,-0.36164634378169397,1.1571113505978368,0.28768043786233255,0.10980809804512112,0.0,-0.09500444354858051,-0.45665078733027453
WWOWOOWO,WOOWOOWO,4,5,0.7327724989357508,0.6735258519420364,0.9473148144900794,0.28943616782388765,0.2120908639786975,-1.1894232862660254,-0.45665078733027453
WOOWOWWW,WOOWOOWW,3,4,-2.0018794860092717,1.9661223253251328,0.9689065654398021,0.29422510716060885,0.0,-0.20794148326059006,-2.209820969269862
WOOWWOWW,WOOWOOWW,3,4,-1.6695502991043172,1.4517130943201724,1.075940072437019,0.3172148122854901,0.0,-0.5402706701655445,-2.209820969269862
WOWWOOWW,WOOWOOWW,3,4,-1.223891322629197,1.644953173392287,0.7013892070524067,0.23080367348331216,0.0,-0.985929646640665,-2.209820969269862
WWOWOOWW,WOOWOOWW,3,4,-0.48031782527904704,2.1492548035493817,0.2135453148843311,0.0840559979211665,0.0,-1.7295031439908148,-2.209820969269862
WOOWOWOW,WOOWOWOO,4,5,0.04305401640730655,1.7314383151879895,0.023508308224340732,0.010091372354011446,0.00043447411090184854,0.3965026622756946,0.43955667868300113
WOOWOWWO,WOOWOWOO,4,5,3.2494420604789194,0.3075541651469043,7.973031165827115,0.9529391761788458,3.0965206401536727,-2.8098853817959184,0.43955667868300113
WOOWWWOO,WOOWOWOO,4,5,1.3070873338796447,2.131765756500116,0.5856740699926483,0.2002139243748971,0.26169708461676505,-0.8675306551966435,0.43955667868300113
WOWWOWOO,WOOWOWOO,4,5,-0.7461901294480953,1.2075668316174997,0.5706707385082838,0.19608515293547782,0.0,1.1857468081310965,0.43955667868300113
WWOWOWOO,WOOWOWOO,4,5,0.12329046966279887,0.05184978948776976,0.8119238760797155,0.258139947814864,0.031826195404824974,0.3162662090202022,0.43955667868300113
WOOWOWWW,WOOWOWOW,3,4,0.6044441455362847,0.8949302749561964,0.6075241258116268,0.20615749956094745,0.12461069366801386,-0.20794148326059006,0.3965026622756946
WOOWWWOW,WOOWOWOW,3,4,1.2048178358839066,1.406353202939727,0.7998242600292159,0.255230101422399,0.30750577844816473,-0.808315173608212,0.3965026622756946
WOWWOWOW,WOOWOWOW,3,4,-1.2909038119409921,1.2577216356811505,0.9507868019598607,0.29020980871192475,0.0,1.6874064742166868,0.3965026622756946
WWOWOWOW,WOOWOWOW,3,4,0.5683300717008546,0.7524429364987929,0.666707467874783,0.22185938132994484,0.1260893580987548,-0.17182740942516003,0.3965026622756946
WOOWOWWW,WOOWOWWO,3,4,-2.6019438985353283,1.8056560251242353,1.3653796195279784,0.37390085054351274,0.0,-0.20794148326059006,-2.8098853817959184
WOOWWWWO,WOOWOWWO,3,4,-1.386186485742943,0.6462775504606072,1.857467754305861,0.45598133820781084,0.0,-1.423698896052975,-2.8098853817959184
WOWWOWWO,WOOWOWWO,3,4,-0.8376188421911047,0.8008682550409048,0.9297906075656667,0.2855101883278622,0.0,-1.9722665396048134,-2.8098853817959184
WWOWOWWO,WOOWOWWO,3,4,0.40630563646678497,1.9218814956269354,0.2009542286951885,0.07952645569274096,0.03231204719618669,-3.216191018262703,-2.8098853817959184
WOOWWWWW,WOOWOWWW,2,3,-0.5671791352185594,1.2194427082646542,0.4298626470599241,0.155294321039236,0.0,0.3592376519579695,-0.20794148326059006
WOWWOWWW,WOOWOWWW,2,3,0.6908440027166134,1.3813343005695324,0.4663660339539851,0.16624239232704635,0.11484755973640232,-0.8987854859772034,-0.20794148326059006
WWOWOWWW,WOOWOWWW,2,3,0.7268182298561419,0.23787530880235566,2.1511433683403696,0.49846816282574785,0.3622957477446532,-0.9347597131167319,-0.20794148326059006
WOOWWOOW,WOOWWOOO,4,5,0.503849913026679,0.8840804019806919,0.5120007593003206,0.17955200926033096,0.09046726424958322,-0.18684551833172902,0.31700439469495006
WOOWWOWO,WOOWWOOO,4,5,-0.3760320865791111,4.205127897718261,0.0873451603559583,0.03636742581910925,0.0,0.6930364812740608,0.31700439469495006
WOOWWWOO,WOOWWOOO,4,5,1.1845350498915936,0.9123064126145085,1.1701348871556252,0.3364867287456512,0.3985803240225891,-0.8675306551966435,0.31700439469495006
WOWWWOOO,WOOWWOOO,4,5,-1.5973450736572037,1.527663902447015,0.9813727952409398,0.2969661957223178,0.0,1.9143494683521538,0.31700439469495006
WWOWWOOO,WOOWWOOO,4,5,-0.007934562369883316,0.22966147819697388,0.024068818756986788,0.010329142774719488,0.0,0.3249389570648334,0.31700439469495006
WOOWWOWW,WOOWWOOW,3,4,0.35342515183381557,1.616822095208536,0.20586009046609244,0.08129692184779108,0.028732376947677402,-0.5402706701655445,-0.18684551833172902
WOOWWWOW,WOOWWOOW,3,4,0.621469655276483,0.5503364302373117,0.95561255126013,0.2912828159335463,0.18102343120618428,-0.808315173608212,-0.18684551833172902
WOWWWOOW,WOOWWOOW,3,4,-0.7736630463334517,0.8192961434626228,0.8415819557551616,0.26519105098904233,0.0,0.5868175280017227,-0.18684551833172902
WWOWWOOW,WOOWWOOW,3,4,-0.2748351092071,2.682916961170764,0.09875792667973743,0.04090202118840597,0.0,0.08798959087537088,-0.18684551833172902
WOOWWOWW,WOOWWOWO,3,4,1.2333071514396055,3.467763245120408,0.3456807715944679,0.12894204682853252,0.15902514847488966,-0.5402706701655445,0.6930364812740608
WOOWWWWO,WOOWWOWO,3,4,2.116735377327036,3.2572529546278877,0.6304962437844222,0.21231980264790812,0.44942483757192164,-1.423698896052975,0.6930364812740608
WOWWWOWO,WOOWWOWO,3,4,0.06089541989997738,3.5475980394607105,0.016694662964831682,0.007190543778338063,0.0004378711826910662,0.6321410613740834,0.6930364812740608
WWOWWOWO,WOOWWOWO,3,4,1.5456817218482677,3.597962914345549,0.41798194239647113,0.15167070026347682,0.23443462913718335,-0.8526452405742071,0.6930364812740608
WOOWWWWW,WOOWWOWW,2,3,-0.899508322123514,0.6953192233191868,1.1310028674643424,0.328584034098577,0.0,0.3592376519579695,-0.5402706701655445
WOWWWOWW,WOOWWOWW,2,3,-0.4476462736895786,0.5287960472258095,0.7119101267645573,0.23348096099840204,0.0,-0.09262439647596594,-0.5402706701655445
WWOWWOWW,WOOWWOWW,2,3,1.1737904042551666,0.6632017614827406,1.5379817808265257,0.40448850014052007,0.4747847200965071,-1.7140610744207112,-0.5402706701655445
WOOWWWOW,WOOWWWOO,3,4,-0.05921548158843137,0.7186611698226675,0.07233209998375544,0.03032930667603692,0.0,-0.808315173608212,-0.8675306551966435
WOOWWWWO,WOOWWWOO,3,4,0.5561682408563318,1.7973143949168084,0.2931344654035148,0.11164368694260483,0.06209267296958355,-1.423698896052975,-0.8675306551966435
WOWWWWOO,WOOWWWOO,3,4,-1.1749228616726783,0.8090464114090234,1.2924784113624583,0.36030525454039986,0.0,0.30739220647603477,-0.8675306551966435
WWOWWWOO,WOOWWWOO,3,4,-0.7867512377101424,1.2969395565834203,0.5631963344458135,0.1940135279945656,0.0,-0.08077941748650103,-0.8675306551966435
WOOWWWWW,WOOWWWOW,2,3,-1.1675528255661816,2.0989877493511995,0.5309501273532161,0.18496104323380397,0.0,0.3592376519579695,-0.808315173608212
WOWWWWOW,WOOWWWOW,2,3,-1.5162689249045875,0.7035777941603647,1.8868974925929771,0.4604313633086421,0.0,0.7079537512963753,-0.808315173608212
WWOWWWOW,WOOWWWOW,2,3,-0.3443278623401042,1.8823048379437428,0.17370076274306914,0.06955738681409852,0.0,-0.4639873112681079,-0.808315173608212
WOOWWWWW,WOOWWWWO,2,3,-1.7829365480109445,0.2114281616809588,5.72503314532443,0.8276944291645612,0.0,0.3592376519579695,-1.423698896052975
WOWWWWWO,WOOWWWWO,2,3,-0.6777913729387689,1.2850417702913373,0.4893652938685008,0.17300122942072946,0.0,-0.7459075231142064,-1.423698896052975
WWOWWWWO,WOOWWWWO,2,3,-0.5798700742146967,0.9756979031999427,0.5390640555212785,0.18725669545234228,0.0,-0.8438288218382785,-1.423698896052975
WOWWWWWW,WOOWWWWW,1,2,-0.2263099335085403,1.091606841010791,0.18991996833164443,0.07551775258515912,0.0,0.5855475854665096,0.3592376519579695
WWOWWWWW,WOOWWWWW,1,2,0.7536682796817588,1.095489625212999,0.6304264493700465,0.21230121200232224,0.16000468922414257,-0.39443062772378923,0.3592376519579695
WOWOOOOW,WOWOOOOO,5,6,-0.3859012065641923,0.4477470795373956,0.7045244438183191,0.23160323363137753,0.0,1.340049099159027,0.9541478925948347
WOWOOOWO,WOWOOOOO,5,6,2.1977883491789534,1.0772146046176354,1.8669394183168537,0.45741851590822985,1.0053090849618354,-1.2436404565841184,0.9541478925948347
WOWOOWOO,WOWOOOOO,5,6,-0.7377379138584529,2.4161632217210034,0.2931995458362417,0.11166554341798374,0.0,1.6918858064532873,0.9541478925948347
WOWOWOOO,WOWOOOOO,5,6,0.4755556309904785,1.7374802886390799,0.2588085618826944,0.09995968813835729,0.04753639256624795,0.47859226160435614,0.9541478925948347
WOWWOOOO,WOWOOOOO,5,6,-2.3666553453996806,0.8877795914049333,2.3959346457376713,0.5309593237189676,0.0,3.320803237994516,0.9541478925948347
WWWOOOOO,WOWOOOOO,5,6,0.15016398506882137,0.5675824085207125,0.2249370012633614,0.08811375342933331,0.013231512354320215,0.8039839075260132,0.9541478925948347
WOWOOOWW,WOWOOOOW,4,5,3.7761845654198747,1.5950632891750338,2.2277543201691876,0.5089004710762539,1.9217021042130533,-2.4361354662608474,1.340049099159027
WOWOOWOW,WOWOOOOW,4,5,1.0435023021318874,1.8602677326091857,0.5323264188728695,0.1853512893272755,0.19341449711612552,0.2965467970271396,1.340049099159027
WOWOWOOW,WOWOOOOW,4,5,0.2163212905468337,0.6397885069018121,0.29240963941542386,0.11140018853572976,0.024098232551209648,1.1237278086121933,1.340049099159027
WOWWOOOW,WOWOOOOW,4,5,-0.02717237960741577,1.4113414458745859,0.01797898130934377,0.0077388110109498425,0.0,1.367221478766443,1.340049099159027
WWWOOOOW,WOWOOOOW,4,5,0.994523120337829,1.4262636561780688,0.6516063697855609,0.21790654915869836,0.21671310121135723,0.3455259788211981,1.340049099159027
WOWOOOWW,WOWOOOWO,4,5,1.1924950096767288,0.8533365311615989,1.2508646954121498,0.3523493893576929,0.4201748884716915,-2.4361354662608474,-1.2436404565841184
WOWOOWWO,WOWOOOWO,4,5,2.547018553830727,1.416307122940395,1.6797510974502285,0.42809445745270175,1.0903645259241301,-3.7906590104148457,-1.2436404565841184
WOWOWOWO,WOWOOOWO,4,5,-0.06906263077191059,0.9918603298227137,0.06325225753290657,0.026636313495671277,0.0,-1.174577825812208,-1.2436404565841184
WOWWOOWO,WOWOOOWO,4,5,-1.1486360130355382,1.7343824493641564,0.6261704114284807,0.21116605470522304,0.0,-0.09500444354858051,-1.2436404565841184
WWWOOOWO,WOWOOOWO,4,5,-0.07669336421306323,0.5707399544365316,0.11434142800914703,0.04701827663832964,0.0,-1.1669470923710552,-1.2436404565841184
WOWOOWWW,WOWOOOWW,3,4,-1.2081297501595538,2.19061671120344,0.5274255375203426,0.18396004743683678,0.0,-1.2280057161012936,-2.4361354662608474
WOWOWOWW,WOWOOOWW,3,4,-1.548872196142927,1.4147625341893597,1.0225181579182783,0.30589242934404376,0.0,-0.8872632701179203,-2.4361354662608474
WOWWOOWW,WOWOOOWW,3,4,-1.4502058196201826,2.2071606472023393,0.6285673350829301,0.21180571970187312,0.0,-0.985929646640665,-2.4361354662608474
WWWOOOWW,WOWOOOWW,3,4,0.627339127653265,1.986809321699741,0.3006212024883457,0.11415082951859375,0.07161128181109118,-3.0634745939141124,-2.4361354662608474
WOWOOWOW,WOWOOWOO,4,5,1.395339009426148,4.352599304040043,0.31337628071766854,0.1183891687610401,0.16519302546581474,0.2965467970271396,1.6918858064532873
WOWOOWWO,WOWOOWOO,4,5,5.482544816868134,4.677133520892015,1.1476641364305848,0.3319663649699018,1.8200204736402903,-3.7906590104148457,1.6918858064532873
WOWOWWOO,WOWOOWOO,4,5,1.0842555134069434,2.3923429312574322,0.4350346414246922,0.15686238497105726,0.1700789057510313,0.6076302930463441,1.6918858064532873
WOWWOWOO,WOWOOWOO,4,5,0.506138998322191,3.0673008329332414,0.15980136558530028,0.06438361576399122,0.032587058791147344,1.1857468081310965,1.6918858064532873
WWWOOWOO,WOWOOWOO,4,5,2.0764647313088376,2.5352232561151045,0.787965394009918,0.25235910879100787,0.5240147890290578,-0.38457892485554995,1.6918858064532873
WOWOOWWW,WOWOOWOW,3,4,1.5245525131284332,3.847603868727916,0.386196934602688,0.14182493412540956,0.21621955974516763,-1.2280057161012936,0.2965467970271396
WOWOWWOW,WOWOOWOW,3,4,-0.9263764430078941,2.145115851941159,0.412618548039263,0.15002490434911264,0.0,1.2229232400350336,0.2965467970271396
WOWWOWOW,WOWOOWOW,3,4,-1.3908596771895472,1.578245431694067,0.8287582083781245,0.2621562884677894,0.0,1.6874064742166868,0.2965467970271396
WWWOOWOW,WOWOOWOW,3,4,-0.7543361730717129,1.2698907415044989,0.5506542603852145,0.1905149767014543,0.0,1.0508829700988522,0.2965467970271396
WOWOOWWW,WOWOOWWO,3,4,-2.5626532943135523,3.1221570260085163,0.7953222867875152,0.2541424221675714,0.0,-1.2280057161012936,-3.7906590104148457
WOWOWWWO,WOWOOWWO,3,4,-1.5759126403062769,2.749365406558689,0.5530749536998063,0.19119241592991595,0.0,-2.214746370108569,-3.7906590104148457
WOWWOWWO,WOWOOWWO,3,4,-1.8183924708100327,0.9150743653526273,1.7913884271703977,0.4458202736220187,0.0,-1.9722665396048134,-3.7906590104148457
WWWOOWWO,WOWOOWWO,3,4,0.47833847754573905,1.0795791239419006,0.4055162284893907,0.1478358644597904,0.07071558233235438,-4.268997487960585,-3.7906590104148457
WOWOWWWW,WOWOOWWW,2,3,-1.30651631521835,2.5939172778757285,0.48498754061542504,0.17172280983863947,0.0,0.07851059911705638,-1.2280057161012936
WOWWOWWW,WOWOOWWW,2,3,-0.32922023012409013,2.8621382599296576,0.11114276284048542,0.04576986193873599,0.0,-0.8987854859772034,-1.2280057161012936
WWWOOWWW,WOWOOWWW,2,3,1.2895786273996332,1.18749189153373,1.0016207759284739,0.3013818001552329,0.38865552816741583,-2.517584343500927,-1.2280057161012936
WOWOWOOW,WOWOWOOO,4,5,-0.6451355470078372,1.2789851753995514,0.4678335623302938,0.16667681371393295,0.0,1.1237278086121933,0.47859226160435614
WOWOWOWO,WOWOWOOO,4,5,1.653170087416564,1.4055085618885932,1.0980808274798093,0.3218222151503406,0.5320268595526808,-1.174577825812208,0.47859226160435614
WOWOWWOO,WOWOWOOO,4,5,-0.12903803144198797,1.342479482623977,0.08945571357955001,0.03720958085218025,0.0,0.6076302930463441,0.47859226160435614
WOWWWOOO,WOWOWOOO,4,5,-1.4357572067477975,2.179373707515752,0.629891097722893,0.21215858769351317,0.0,1.9143494683521538,0.47859226160435614
WWWOWOOO,WOWOWOOO,4,5,-1.2915106666742553,0.30273021381770615,3.2068879422561807,0.6239609439856338,0.0,1.7701029282786112,0.47859226160435614
WOWOWOWW,WOWOWOOW,3,4,2.0109910787301137,1.1452909488145004,1.6148764918307235,0.41745118070496523,0.8394906002030377,-0.8872632701179203,1.1237278086121933
WOWOWWOW,WOWOWOOW,3,4,-0.09919543142284033,1.2313375031231228,0.07450810270884908,0.03120969479114157,0.0,1.2229232400350336,1.1237278086121933
WOWWWOOW,WOWOWOOW,3,4,0.5369102806104705,0.9819491458981487,0.49624354586903435,0.1750022900647533,0.09396052866614164,0.5868175280017227,1.1237278086121933
WWWOWOOW,WOWOWOOW,3,4,0.6135698318604065,1.131468916820289,0.49824224020584523,0.17558203704797573,0.10773184094923413,0.5101579767517869,1.1237278086121933
WOWOWOWW,WOWOWOWO,3,4,-0.2873145556942876,0.3048396744239793,0.709699601707983,0.23291981052016128,0.0,-0.8872632701179203,-1.174577825812208
WOWOWWWO,WOWOWOWO,3,4,1.040168544296361,2.051725743566479,0.4834113024888966,0.17126158368875902,0.17814091219942588,-2.214746370108569,-1.174577825812208
WOWWWOWO,WOWOWOWO,3,4,-1.8067188871862914,0.09306730426768643,9.35797438121003,1.0152748325253897,0.0,0.6321410613740834,-1.174577825812208
WWWOWOWO,WOWOWOWO,3,4,-0.07929986227035972,0.8332670873986144,0.08497016914139756,0.03541779758051004,0.0,-1.0952779635418481,-1.174577825812208
WOWOWWWW,WOWOWOWW,2,3,-0.9657738692349765,0.10082189020298474,4.809106558347804,0.764109342955486,0.0,0.07851059911705638,-0.8872632701179203
WOWWWOWW,WOWOWOWW,2,3,-0.7946388736419543,0.11833329785375753,3.639567951628769,0.6664775398307751,0.0,-0.09262439647596594,-0.8872632701179203
WWWOWOWW,WOWOWOWW,2,3,-0.010148655784909607,1.2263574794892511,0.007651523772322386,0.0033103659696973597,0.0,-0.8771146143330107,-0.8872632701179203
WOWOWWOW,WOWOWWOO,3,4,-0.6152929469886895,1.3694232645925133,0.41873091424023207,0.15190003214360953,0.0,1.2229232400350336,0.6076302930463441
WOWOWWWO,WOWOWWOO,3,4,2.822376663154913,1.6775851610531884,1.5877589017916325,0.4129238112164938,1.165426528438417,-2.214746370108569,0.6076302930463441
WOWWWWOO,WOWOWWOO,3,4,0.3002380865703093,0.8391193406752376,0.31970173924267675,0.12047578905615214,0.03617142038426733,0.30739220647603477,0.6076302930463441
WWWOWWOO,WOWOWWOO,3,4,-0.9045980777441042,1.310327618309879,0.6414098866107184,0.2152170449563324,0.0,1.5122283707904483,0.6076302930463441
WOWOWWWW,WOWOWWOW,2,3,1.1444126409179773,0.7592137806729312,1.3319300349462273,0.36771551611587733,0.42081828490468826,0.07851059911705638,1.2229232400350336
WOWWWWOW,WOWOWWOW,2,3,0.5149694887386583,1.9330752986464554,0.2532958268105001,0.09805359356999403,0.05049460894972802,0.7079537512963753,1.2229232400350336
WWWOWWOW,WOWOWWOW,2,3,0.7842839727687325,1.2911163543003947,0.5637802836148499,0.19417573317595885,0.1522889154305224,0.43863926726630115,1.2229232400350336
WOWOWWWW,WOWOWWWO,2,3,-2.293256969225626,2.0840732881150306,1.0499908504466104,0.3117519227096974,0.0,0.07851059911705638,-2.214746370108569
WOWWWWWO,WOWOWWWO,2,3,-1.4688388469943632,2.895770965360765,0.49030412003391544,0.17327490208702975,0.0,-0.7459075231142064,-2.214746370108569
WWWOWWWO,WOWOWWWO,2,3,-0.5359404456187581,3.4560214507879965,0.15071350188284055,0.06096720891273528,0.0,-1.6788059244898113,-2.214746370108569
WOWWWWWW,WOWOWWWW,1,2,-0.5070369863494534,0.9046186527009222,0.504705924965938,0.17745163106350173,0.0,0.5855475854665096,0.07851059911705638
WWWOWWWW,WOWOWWWW,1,2,-0.22150469494425593,0.7027610609325728,0.2759285492583963,0.10582635500298565,0.0,0.3000152940613123,0.07851059911705638
WOWWOOOW,WOWWOOOO,4,5,1.9535817592280724,2.027601638251274,0.918208429672844,0.28289579519060226,0.5526600652466812,1.367221478766443,3.320803237994516
WOWWOOWO,WOWWOOOO,4,5,3.415807681543096,1.6901656497778101,1.9080958692102352,0.4636087195125497,1.583598225341326,-0.09500444354858051,3.320803237994516
WOWWOWOO,WOWWOOOO,4,5,2.1350564298634187,1.6230840348147273,1.2390901353183208,0.35007157659977967,0.7474225705317838,1.1857468081310965,3.320803237994516
WOWWWOOO,WOWWOOOO,4,5,1.406453769642362,0.5311593670129116,2.228365517727618,0.5089826999488388,0.7158606370257916,1.9143494683521538,3.320803237994516
WWWWOOOO,WOWWOOOO,4,5,2.9646935102578564,1.6890126008122188,1.6571674838466055,0.4244189292759113,1.2582720452548823,0.35610972773665867,3.320803237994516
WOWWOOWW,WOWWOOOW,3,4,2.353151125407108,1.1748043186560253,1.8458920251289546,0.4542184186645549,1.0688445830611342,-0.985929646640665,1.367221478766443
WOWWOWOW,WOWWOOOW,3,4,-0.3201849954502441,1.3983192009208691,0.21369611712474745,0.084109962541325,0.0,1.6874064742166868,1.367221478766443
WOWWWOOW,WOWWOOOW,3,4,0.7804039507647201,1.2086357859635497,0.5963492356967053,0.203127908658879,0.15852182242796437,0.5868175280017227,1.367221478766443
WWWWOOOW,WOWWOOOW,3,4,1.3279821177501692,0.72558696837523,1.6085308618226641,0.41639597927575894,0.5529664143812779,0.0392393610162736,1.367221478766443
WOWWOOWW,WOWWOOWO,3,4,0.8909252030920843,0.3773492454314151,1.866401197066711,0.45733697652819044,0.40745303869489785,-0.985929646640665,-0.09500444354858051
WOWWOWWO,WOWWOOWO,3,4,1.8772620960562325,1.965557640381697,0.9088403341333678,0.2807696031423213,0.5270781337038306,-1.9722665396048134,-0.09500444354858051
WOWWWOWO,WOWWOOWO,3,4,-0.7271455049226638,0.7256304202833046,0.8807154957700724,0.2743231028537833,0.0,0.6321410613740834,-0.09500444354858051
WWWWOOWO,WOWWOOWO,3,4,-0.09233125565763552,0.07247875244572596,0.5353195935637897,0.18619879236960354,0.0,-0.002673187890944969,-0.09500444354858051
WOWWOWWW,WOWWOOWW,2,3,-0.08714416066346146,0.31038313847061105,0.21234829722347903,0.08362740682018395,0.0,-0.8987854859772034,-0.985929646640665
WOWWWOWW,WOWWOOWW,2,3,-0.893305250164699,0.6819034244383784,1.1424751730769536,0.3309157980360044,0.0,-0.09262439647596594,-0.985929646640665
WWWWOOWW,WOWWOOWW,2,3,-0.3132894591411374,2.304735147841373,0.13028023457068189,0.05318613307557545,0.0,-0.6726401874995277,-0.985929646640665
WOWWOWOW,WOWWOWOO,3,4,-0.5016596660855904,0.8730589489430978,0.5155491007307167,0.18057001119587057,0.0,1.6874064742166868,1.1857468081310965
WOWWOWWO,WOWWOWOO,3,4,3.15801334773591,1.9711238680038097,1.5247824606355707,0.4022239645475274,1.270228648820347,-1.9722665396048134,1.1857468081310965
WOWWWWOO,WOWWOWOO,3,4,0.8783546016550616,0.4954925205557283,1.4750052625939944,0.39357612670922487,0.3456994019966233,0.30739220647603477,1.1857468081310965
WWWWOWOO,WOWWOWOO,3,4,0.7745868077472243,0.5164367361861094,1.2565552347505902,0.35344596841402137,0.2737745843849431,0.41116000038387224,1.1857468081310965
WOWWOWWW,WOWWOWOW,2,3,2.58619196019389,0.7790043663358569,2.942183291960734,0.5957368129511693,1.5406897560458455,-0.8987854859772034,1.6874064742166868
WOWWWWOW,WOWWOWOW,2,3,0.9794527229203115,1.2428158503595783,0.7294021162008434,0.23789598606887785,0.2330078713269749,0.7079537512963753,1.6874064742166868
WWWWOWOW,WOWWOWOW,2,3,0.6949756660275134,0.9401927700258432,0.6681219924363124,0.2222278081150278,0.15444291895457588,0.9924308081891735,1.6874064742166868
WOWWOWWW,WOWWOWWO,2,3,-1.07348105362761,1.8397508206627704,0.5534118311447987,0.19128660851861468,0.0,-0.8987854859772034,-1.9722665396048134
WOWWWWWO,WOWWOWWO,2,3,-1.2263590164906069,2.1906346429594934,0.5353795814884535,0.18621576076877297,0.0,-0.7459075231142064,-1.9722665396048134
WWWWOWWO,WOWWOWWO,2,3,0.8752754482574812,2.8218053092013573,0.29956665678615246,0.11379856004479101,0.09960508565426034,-2.8475419878622943,-1.9722665396048134
WOWWWWWW,WOWWOWWW,1,2,-1.4843330714437133,0.9271049886902969,1.4451619725228346,0.3883076329659695,0.0,0.5855475854665096,-0.8987854859772034
WWWWOWWW,WOWWOWWW,1,2,0.04239251798834117,0.9054017432087605,0.04216475481039507,0.01793638158243302,0.000760368378879043,-0.9411780039655446,-0.8987854859772034
WOWWWOOW,WOWWWOOO,3,4,1.3275319403504307,1.3473113139294601,0.9172400765293351,0.2826764985763913,0.3752620806465825,0.5868175280017227,1.9143494683521538
WOWWWOWO,WOWWWOOO,3,4,1.2822084069780701,0.8646222609207913,1.3292336896249142,0.3672130630401373,0.4708436765822321,0.6321410613740834,1.9143494683521538
WOWWWWOO,WOWWWOOO,3,4,1.6069572618761188,2.0508861224172974,0.7471140592371863,0.24232125854924155,0.38939990613266423,0.30739220647603477,1.9143494683521538
WWWWWOOO,WOWWWOOO,3,4,1.9468554915086773,2.166496941209079,0.8589711532856131,0.26927265062930544,0.5242349385907608,-0.0325060231565234,1.9143494683521538
WOWWWOWW,WOWWWOOW,2,3,0.6794419244776887,0.7337526246135174,0.8149202826109737,0.2588575541200729,0.17587867473692978,-0.09262439647596594,0.5868175280017227
WOWWWWOW,WOWWWOOW,2,3,-0.12113622329465253,0.6309785661043517,0.1657178868324842,0.06659346035767129,0.0,0.7079537512963753,0.5868175280017227
WWWWWOOW,WOWWWOOW,2,3,0.06323844890714085,0.6356070729067074,0.0859677010136103,0.0358169086044318,0.0022650057447930936,0.5235790790945819,0.5868175280017227
WOWWWOWW,WOWWWOWO,2,3,0.7247654578500494,0.27966126195689045,1.9089792150886984,0.46374061818603013,0.33610318146326307,-0.09262439647596594,0.6321410613740834
WOWWWWWO,WOWWWOWO,2,3,1.3780485844882897,0.9870159190891914,1.267735421614574,0.35559238371488006,0.4900235810331072,-0.7459075231142064,0.6321410613740834
WWWWWOWO,WOWWWOWO,2,3,1.1097855261485194,0.4913132830742801,1.876814808520223,0.4589119056072453,0.5092937906201565,-0.4776444647744362,0.6321410613740834
WOWWWWWW,WOWWWOWW,1,2,-0.6781719819424757,0.857878887884063,0.7079934535779835,0.23248620178600354,0.0,0.5855475854665096,-0.09262439647596594
WWWWWOWW,WOWWWOWW,1,2,0.5799843884017607,0.11448621195560044,2.7040637396394502,0.5686784514266127,0.3298246238479243,-0.6726087848777267,-0.09262439647596594
WOWWWWOW,WOWWWWOO,2,3,-0.4005615448203405,0.4926074577849426,0.6759306511557679,0.2242560438625781,0.0,0.7079537512963753,0.30739220647603477
WOWWWWWO,WOWWWWOO,2,3,1.0532997295902409,0.881179179048935,1.0735039553236474,0.3167048681416069,0.33358515197346744,-0.7459075231142064,0.30739220647603477
WWWWWWOO,WOWWWWOO,2,3,-0.19744721011408095,0.9078972479068569,0.19590013815805923,0.07769491605907482,0.0,0.5048394165901157,0.30739220647603477
WOWWWWWW,WOWWWWOW,1,2,0.12240616582986556,1.0902253082266045,0.10284285251188836,0.042513632885199076,0.005203930796975704,0.5855475854665096,0.7079537512963753
WWWWWWOW,WOWWWWOW,1,2,-0.09761526639804974,0.5758263258358592,0.14443838996256853,0.05859241770126257,0.0,0.8055690176944251,0.7079537512963753
WOWWWWWW,WOWWWWWO,1,2,-1.331455108580716,0.7645128119416503,1.5401218931508232,0.4048545576642704,0.0,0.5855475854665096,-0.7459075231142064
WWWWWWWO,WOWWWWWO,1,2,-0.18535568562614427,0.8056108857365353,0.20467475440668328,0.08086980920730065,0.0,-0.5605518374880619,-0.7459075231142064
WWWWWWWW,WOWWWWWW,0,1,0.16764405689348072,0.9333459637564905,0.1622342011034228,0.06529365128856099,0.010946092591402608,0.417903528573029,0.5855475854665096
WWOOOOOW,WWOOOOOO,5,6,-0.8838839705107912,1.4606054403197188,0.5663724780619188,0.19489504375755207,0.0,1.8074780914634097,0.9235941209526187
WWOOOOWO,WWOOOOOO,5,6,2.022421107311471,2.607956888909942,0.7468439086286836,0.24225409980270343,0.48993980477372706,-1.0988269863588525,0.9235941209526187
WWOOOWOO,WWOOOOOO,5,6,1.6756786615337669,2.7592667789215084,0.5860518766163607,0.2003173881264588,0.33566757281768456,-0.7520845405811482,0.9235941209526187
WWOOWOOO,WWOOOOOO,5,6,-1.1320867580722733,0.5044914837864857,1.8727919059851326,0.4583041685065765,0.0,2.055680879024892,0.9235941209526187
WWOWOOOO,WWOOOOOO,5,6,0.5642934529107124,1.1460955982310241,0.4528492466483244,0.16222055253241524,0.09153999572160021,0.35930066804190625,0.9235941209526187
WWWOOOOO,WWOOOOOO,5,6,0.11961021342660538,0.33835536227134955,0.2728612986660914,0.10478108196803154,0.012532887577266885,0.8039839075260132,0.9235941209526187
WWOOOOWW,WWOOOOOW,4,5,3.9930294500349373,2.09808387274241,1.8165955810653793,0.44972449358838895,1.7957631473004854,-2.185551358571528,1.8074780914634097
WWOOOWOW,WWOOOOOW,4,5,2.0250815857571123,1.5864689745326415,1.200781998564965,0.34257702505707444,0.6937464251465343,-0.21760349429370252,1.8074780914634097
WWOOWOOW,WWOOOOOW,4,5,1.9837866490984941,1.6202009552886238,1.1532295939026753,0.33309034011091176,0.6607801696557034,-0.17630855763508432,1.8074780914634097
WWOWOOOW,WWOOOOOW,4,5,0.866316168112465,1.1111701468060233,0.7152720618131377,0.23433301392591616,0.2030064786865446,0.9411619233509447,1.8074780914634097
WWWOOOOW,WWOOOOOW,4,5,1.4619521126422115,1.6744426455332944,0.823893697732244,0.2609995226800957,0.38156880358077466,0.3455259788211981,1.8074780914634097
WWOOOOWW,WWOOOOWO,4,5,1.086724372212675,1.5411269789634419,0.6621817727346514,0.22067851558464266,0.2398167213095458,-2.185551358571528,-1.0988269863588525
WWOOOWWO,WWOOOOWO,4,5,1.8355504416287562,3.4510166268644573,0.516908433416586,0.1809593658479555,0.3321600438990744,-2.934377427987609,-1.0988269863588525
WWOOWOWO,WWOOOOWO,4,5,0.5091978433654721,2.295426981316701,0.21257080567973727,0.08370710778413383,0.04262347875804207,-1.6080248297243245,-1.0988269863588525
WWOWOOWO,WWOOOOWO,4,5,0.09059629990717277,1.636290035381753,0.0521780912526251,0.022089254553755693,0.0020012047302779327,-1.1894232862660254,-1.0988269863588525
WWWOOOWO,WWOOOOWO,4,5,0.06812010601220271,1.6269575042583517,0.039445154755824254,0.016801579174669196,0.001144525354550883,-1.1669470923710552,-1.0988269863588525
WWOOOWWW,WWOOOOWW,3,4,0.6297009545875912,2.1827891983879693,0.27584717635437617,0.10579865679828086,0.06662151517996241,-2.8152523131591187,-2.185551358571528
WWOOWOWW,WWOOOOWW,3,4,0.29661637919526673,0.7508343342631362,0.34861825299063764,0.1298890333767079,0.03852721477737225,-2.4821677377667943,-2.185551358571528
WWOWOOWW,WWOOOOWW,3,4,-0.45604821458071293,0.7665326723922168,0.5262908475472842,0.18363729996817235,0.0,-1.7295031439908148,-2.185551358571528
WWWOOOWW,WWOOOOWW,3,4,0.8779232353425849,1.4215084308500925,0.5770084591986613,0.1978340229252546,0.17368308546737862,-3.0634745939141124,-2.185551358571528
WWOOOWOW,WWOOOWOO,4,5,-0.5344810462874457,1.6766237246396305,0.3008408808656766,0.11422417681656555,0.0,-0.21760349429370252,-0.7520845405811482
WWOOOWWO,WWOOOWOO,4,5,2.18229288740646,6.015760376756563,0.35683099941267143,0.1325257573183518,0.2892100175939938,-2.934377427987609,-0.7520845405811482
WWOOWWOO,WWOOOWOO,4,5,-1.965177557263958,2.5869352468824203,0.7313825517544947,0.23839303654102345,0.0,1.2130930166828096,-0.7520845405811482
WWOWOWOO,WWOOOWOO,4,5,-1.0683507496013505,3.1294997528283446,0.33080998029670255,0.12411604916367171,0.0,0.3162662090202022,-0.7520845405811482
WWWOOWOO,WWOOOWOO,4,5,-0.36750561572559826,2.3122988389938324,0.1523466370687657,0.06158313874134583,0.0,-0.38457892485554995,-0.7520845405811482
WWOOOWWW,WWOOOWOW,3,4,2.5976488188654163,1.6133927954532072,1.5160848264091804,0.40072527867323937,1.040943546835055,-2.8152523131591187,-0.21760349429370252
WWOOWWOW,WWOOOWOW,3,4,-0.05554855768365119,0.4089280488411455,0.10914815524539867,0.044989561215002395,0.0,-0.16205493661005133,-0.21760349429370252
WWOWOWOW,WWOOOWOW,3,4,-0.04577608486854253,0.5156292089584671,0.0743565838047018,0.031148449590829786,0.0,-0.17182740942516003,-0.21760349429370252
WWWOOWOW,WWOOOWOW,3,4,-1.2684864643925549,0.41288763951881785,2.4732248676973896,0.5407329018361567,0.0,1.0508829700988522,-0.21760349429370252
WWOOOWWW,WWOOOWWO,3,4,-0.1191251148284899,2.868549252665545,0.04012906800233281,0.017087233571147935,0.0,-2.8152523131591187,-2.934377427987609
WWOOWWWO,WWOOOWWO,3,4,-0.6938945491387258,3.248086543139247,0.20725107914567628,0.0817976022826163,0.0,-2.240482878848883,-2.934377427987609
WWOWOWWO,WWOOOWWO,3,4,0.28181359027509423,4.178329810947205,0.06587000131546704,0.027704239255153994,0.007807431130335149,-3.216191018262703,-2.934377427987609
WWWOOWWO,WWOOOWWO,3,4,1.3346200599729763,2.648810800300613,0.48552634463856903,0.1718803580782262,0.22939497380653887,-4.268997487960585,-2.934377427987609
WWOOWWWW,WWOOOWWW,2,3,-2.9726878307868465,2.923561439367762,0.9831742765605738,0.2973608806313613,0.0,0.15743551762772726,-2.8152523131591187
WWOWOWWW,WWOOOWWW,2,3,-1.880492600042387,1.8507871198886872,0.9639660734225519,0.2931339812856369,0.0,-0.9347597131167319,-2.8152523131591187
WWWOOWWW,WWOOOWWW,2,3,-0.29766796965819203,1.2059087209153925,0.227939338248341,0.08917691264005355,0.0,-2.517584343500927,-2.8152523131591187
WWOOWOOW,WWOOWOOO,4,5,2.231989436659976,0.46498228123633084,3.950547673416929,0.6946532470923062,1.5504587096515798,-0.17630855763508432,2.055680879024892
WWOOWOWO,WWOOWOOO,4,5,3.6637057087492173,1.496276218263182,2.2951577345025465,0.5178762084852516,1.8973460214528162,-1.6080248297243245,2.055680879024892
WWOOWWOO,WWOOWOOO,4,5,0.8425878623420825,0.743516945997549,0.998898559584517,0.3007907550333132,0.25344263929578037,1.2130930166828096,2.055680879024892
WWOWWOOO,WWOOWOOO,4,5,1.7307419219600586,1.1436168153819408,1.391700321636863,0.37870676193306085,0.6554436690072961,0.3249389570648334,2.055680879024892
WWWOWOOO,WWOOWOOO,4,5,0.2855779507462806,1.1114501944498512,0.23573230831496828,0.09192440148670046,0.02625158220015027,1.7701029282786112,2.055680879024892
WWOOWOWW,WWOOWOOW,3,4,2.30585918013171,1.7926414080965014,1.2183286122069983,0.34602588081095753,0.7978869538311073,-2.4821677377667943,-0.17630855763508432
WWOOWWOW,WWOOWOOW,3,4,-0.014253621025032989,0.39495983065304363,0.02879753091524002,0.012329913287015638,0.0,-0.16205493661005133,-0.17630855763508432
WWOWWOOW,WWOOWOOW,3,4,-0.26429814851045536,2.5924931090849985,0.09816112346533466,0.04066606497585835,0.0,0.08798959087537088,-0.17630855763508432
WWWOWOOW,WWOOWOOW,3,4,-0.6864665343868711,0.6651808291728774,0.8971298132611445,0.2780970489983687,0.0,0.5101579767517869,-0.17630855763508432
WWOOWOWW,WWOOWOWO,3,4,0.8741429080424696,0.7862863526507898,0.9862985088600311,0.2980445165706203,0.2605335004411541,-2.4821677377667943,-1.6080248297243245
WWOOWWWO,WWOOWOWO,3,4,0.6324580491245583,1.7250087220189187,0.34655069945358974,0.12922270982952802,0.08172794296137217,-2.240482878848883,-1.6080248297243245
WWOWWOWO,WWOOWOWO,3,4,-0.7553795891501176,1.010497487455947,0.6802172879117686,0.22536544889191867,0.0,-0.8526452405742071,-1.6080248297243245
WWWOWOWO,WWOOWOWO,3,4,-0.5127468661824764,1.3641350816226692,0.3502046174689088,0.1303995888682055,0.0,-1.0952779635418481,-1.6080248297243245
WWOOWWWW,WWOOWOWW,2,3,-2.6396032553945217,2.2165723197565415,1.139443492820431,0.33030082034537417,0.0,0.15743551762772726,-2.4821677377667943
WWOWWOWW,WWOOWOWW,2,3,-0.7681066633460832,1.3788707742002262,0.5193872762557469,0.1816684851885401,0.0,-1.7140610744207112,-2.4821677377667943
WWWOWOWW,WWOOWOWW,2,3,-1.605053123433784,2.65802587528004,0.5819572389874017,0.19919474014598185,0.0,-0.8771146143330107,-2.4821677377667943
WWOOWWOW,WWOOWWOO,3,4,1.3751479532928608,1.2611656632396,1.010272291191935,0.3032548865513257,0.41702033656711424,-0.16205493661005133,1.2130930166828096
WWOOWWWO,WWOOWWOO,3,4,3.4535758955316926,0.6399175079616787,4.667514768025408,0.7533926604551209,2.6018987320182987,-2.240482878848883,1.2130930166828096
WWOWWWOO,WWOOWWOO,3,4,1.2938724341693106,0.29944304911563624,3.2391912615175906,0.627283011271653,0.8116241967071087,-0.08077941748650103,1.2130930166828096
WWWOWWOO,WWOOWWOO,3,4,-0.29913535410763864,0.5159615838349975,0.48563962746704414,0.17191347511563632,0.0,1.5122283707904483,1.2130930166828096
WWOOWWWW,WWOOWWOW,2,3,-0.3194904542377786,0.9617067385028149,0.3009215658632005,0.11425111321058745,0.0,0.15743551762772726,-0.16205493661005133
WWOWWWOW,WWOOWWOW,2,3,0.3019323746580565,1.3814680572787827,0.2038061996508095,0.08055657562874713,0.024322638173908943,-0.4639873112681079,-0.16205493661005133
WWWOWWOW,WWOOWWOW,2,3,-0.6006942038763525,1.1882144517855717,0.4662998486344728,0.1662227897400467,0.0,0.43863926726630115,-0.16205493661005133
WWOOWWWW,WWOOWWWO,2,3,-2.39791839647661,2.770409953173305,0.8353923082748703,0.2637289073395658,0.0,0.15743551762772726,-2.240482878848883
WWOWWWWO,WWOOWWWO,2,3,-1.3966540570106043,1.0119626863877247,1.2560260106818115,0.353344102505658,0.0,-0.8438288218382785,-2.240482878848883
WWWOWWWO,WWOOWWWO,2,3,-0.5616769543590717,1.6479229372397104,0.32133965542328896,0.12101446902663286,0.0,-1.6788059244898113,-2.240482878848883
WWOWWWWW,WWOOWWWW,1,2,0.5518661453515166,1.707787286543931,0.30527161544904785,0.11570089390919726,0.06385140633539345,-0.39443062772378923,0.15743551762772726
WWWOWWWW,WWOOWWWW,1,2,-0.14257977643358485,3.173484644836704,0.04355596311058834,0.01851574407556505,0.0,0.3000152940613123,0.15743551762772726
WWOWOOOW,WWOWOOOO,4,5,-0.5818612553090384,1.0052717832828604,0.5264417893495874,0.18368024718935372,0.0,0.9411619233509447,0.35930066804190625
WWOWOOWO,WWOWOOOO,4,5,1.5487239543079314,1.2079337460087867,1.1840996985007275,0.3392724589047108,0.5254393841426789,-1.1894232862660254,0.35930066804190625
WWOWOWOO,WWOWOOOO,4,5,0.043034459021704,1.6253810273637417,0.024942003151302503,0.010699291319604164,0.0004604382138547787,0.3162662090202022,0.35930066804190625
WWOWWOOO,WWOWOOOO,4,5,0.034361710977072864,0.7018867389959349,0.04285107772214582,0.018222294293014623,0.0006261492098357328,0.3249389570648334,0.35930066804190625
WWWWOOOO,WWOWOOOO,4,5,0.0031909403052476173,2.2745099470717047,0.001343831096257462,0.0005832266383791554,1.8610413874981237e-06,0.35610972773665867,0.35930066804190625
WWOWOOWW,WWOWOOOW,3,4,2.67066506734176,0.856082776709294,2.7933408407730376,0.579021866856897,1.5463734730417265,-1.7295031439908148,0.9411619233509447
WWOWOWOW,WWOWOOOW,3,4,1.112989332776105,1.14385470318207,0.8947904686365851,0.2775611914301288,0.3089226452543598,-0.17182740942516003,0.9411619233509447
WWOWWOOW,WWOWOOOW,3,4,0.8531723324755737,2.111487146375748,0.38579122373547514,0.14169780660388184,0.12089264816690662,0.08798959087537088,0.9411619233509447
WWWWOOOW,WWOWOOOW,3,4,0.9019225623346712,0.8960510246127138,0.9054983530440704,0.2800085777399461,0.2525460539108991,0.0392393610162736,0.9411619233509447
WWOWOOWW,WWOWOOWO,3,4,0.5400798577247894,0.44990113062639964,0.982139929608032,0.29713431034679116,0.16047625605724838,-1.7295031439908148,-1.1894232862660254
WWOWOWWO,WWOWOOWO,3,4,2.026767731996678,1.5276020506491563,1.2452477134618487,0.35126426278022643,0.7119310732065646,-3.216191018262703,-1.1894232862660254
WWOWWOWO,WWOWOOWO,3,4,-0.3367780456918182,0.40566167236955075,0.6660145787076621,0.22167879744567195,0.0,-0.8526452405742071,-1.1894232862660254
WWWWOOWO,WWOWOOWO,3,4,-1.1867500983750805,1.0167968539788035,1.0626373938528346,0.3144228868727639,0.0,-0.002673187890944969,-1.1894232862660254
WWOWOWWW,WWOWOOWW,2,3,-0.794743430874083,0.3667431250265307,1.7027426613491263,0.4318046967988089,0.0,-0.9347597131167319,-1.7295031439908148
WWOWWOWW,WWOWOOWW,2,3,-0.015442069570103559,1.0535885318706006,0.013386115710654197,0.005774949775497879,0.0,-1.7140610744207112,-1.7295031439908148
WWWWOOWW,WWOWOOWW,2,3,-1.056862956491287,1.9087816565676574,0.5261213696550354,0.1835890736420758,0.0,-0.6726401874995277,-1.7295031439908148
WWOWOWOW,WWOWOWOO,3,4,0.4880936184453623,1.931503755112066,0.24026222802548405,0.09351351753673613,0.04564335114805938,-0.17182740942516003,0.3162662090202022
WWOWOWWO,WWOWOWOO,3,4,3.532457227282905,2.072182819990926,1.6262246413023655,0.4193318719078226,1.4812719015508573,-3.216191018262703,0.3162662090202022
WWOWWWOO,WWOWOWOO,3,4,0.3970456265067033,0.8418493089977053,0.4215596090729527,0.1527650753164219,0.060654705037352444,-0.08077941748650103,0.3162662090202022
WWWWOWOO,WWOWOWOO,3,4,-0.09489379136367,0.845606978253331,0.10035225368043728,0.041531737285624246,0.0,0.41116000038387224,0.3162662090202022
WWOWOWWW,WWOWOWOW,2,3,0.762932303691572,1.85539082398132,0.390168704043617,0.1430675072968015,0.10915082292535956,-0.9347597131167319,-0.17182740942516003
WWOWWWOW,WWOWOWOW,2,3,0.29215990184294793,1.4842679445661742,0.18441318770919848,0.0735032343449621,0.02147469773136333,-0.4639873112681079,-0.17182740942516003
WWWWOWOW,WWOWOWOW,2,3,-1.1642582176143337,0.6317506588059142,1.5910586531130622,0.413477244107028,0.0,0.9924308081891735,-0.17182740942516003
WWOWOWWW,WWOWOWWO,2,3,-2.2814313051459716,1.0610323093878382,1.9650024264603547,0.47202505311273046,0.0,-0.9347597131167319,-3.216191018262703
WWOWWWWO,WWOWOWWO,2,3,-2.3723621964244246,1.1328063419386791,1.924359176067921,0.46603071254182005,0.0,-0.8438288218382785,-3.216191018262703
WWWWOWWO,WWOWOWWO,2,3,-0.3686490304004086,3.314002155056205,0.10798148731524145,0.04453250405305784,0.0,-2.8475419878622943,-3.216191018262703
WWOWWWWW,WWOWOWWW,1,2,-0.5403290853929427,1.8643243405823706,0.2750712162090041,0.1055344419800503,0.0,-0.39443062772378923,-0.9347597131167319
WWWWOWWW,WWOWOWWW,1,2,0.006418290848812698,2.374150350146249,0.0025941393773556676,0.0011251616339928961,7.221614618891748e-06,-0.9411780039655446,-0.9347597131167319
WWOWWOOW,WWOWWOOO,3,4,0.23694936618946225,2.7352173784465865,0.08357361519817103,0.03485842150569619,0.008259680882139832,0.08798959087537088,0.3249389570648334
WWOWWOWO,WWOWWOOO,3,4,1.1775841976390404,0.8227686325713686,1.2761424219174073,0.3571994330822905,0.42063240780332917,-0.8526452405742071,0.3249389570648334
WWOWWWOO,WWOWWOOO,3,4,0.40571837455133436,0.8489360080613071,0.4275508265096022,0.15459157981084154,0.0627206444801775,-0.08077941748650103,0.3249389570648334
WWWWWOOO,WWOWWOOO,3,4,0.3574449802213568,0.4282653999755356,0.6766390156120586,0.22443956803042517,0.08022479695552519,-0.0325060231565234,0.3249389570648334
WWOWWOWW,WWOWWOOW,2,3,1.8020506652960824,2.022833251250159,0.8488894095826113,0.26691093482363787,0.4809870276737359,-1.7140610744207112,0.08798959087537088
WWOWWWOW,WWOWWOOW,2,3,0.5519769021434788,1.7790757805593733,0.2937491440495089,0.11185007546982538,0.061738658162348525,-0.4639873112681079,0.08798959087537088
WWWWWOOW,WWOWWOOW,2,3,-0.43558948821921106,1.951688357021545,0.2123078228369733,0.08361290760722412,0.0,0.5235790790945819,0.08798959087537088
WWOWWOWW,WWOWWOWO,2,3,0.861415833846504,0.3579867113353841,1.8808751706677538,0.45952444055577407,0.3958416291342004,-1.7140610744207112,-0.8526452405742071
WWOWWWWO,WWOWWOWO,2,3,-0.008816418735928644,0.48747576257221986,0.015007289317480257,0.006469161164493908,0.0,-0.8438288218382785,-0.8526452405742071
WWWWWOWO,WWOWWOWO,2,3,-0.37500077579977104,0.3592729169285026,0.816509665555022,0.259237713063607,0.0,-0.4776444647744362,-0.8526452405742071
WWOWWWWW,WWOWWOWW,1,2,-1.319630446696922,0.6365992677523286,1.7915174565997936,0.4458403480314271,0.0,-0.39443062772378923,-1.7140610744207112
WWWWWOWW,WWOWWOWW,1,2,-1.0414522895429845,0.40354193795157384,2.0682533291658856,0.4868912141155571,0.0,-0.6726087848777267,-1.7140610744207112
WWOWWWOW,WWOWWWOO,2,3,0.38320789378160697,0.548642384888475,0.5907845412345266,0.20161136199136126,0.07725906539115068,-0.4639873112681079,-0.08077941748650103
WWOWWWWO,WWOWWWOO,2,3,0.7630494043517775,1.0745118781428076,0.6496736376632873,0.21739803428585783,0.16588544056907112,-0.8438288218382785,-0.08077941748650103
WWWWWWOO,WWOWWWOO,2,3,-0.5856188340766167,0.686304912631889,0.7447732103268392,0.24173898435850175,0.0,0.5048394165901157,-0.08077941748650103
WWOWWWWW,WWOWWWOW,1,2,-0.06955668354431861,0.9641453693687955,0.06536389251552784,0.027497973519774857,0.0,-0.39443062772378923,-0.4639873112681079
WWWWWWOW,WWOWWWOW,1,2,-1.269556328962533,0.6734473979173216,1.6414255609122153,0.4218383761660247,0.0,0.8055690176944251,-0.4639873112681079
WWOWWWWW,WWOWWWWO,1,2,-0.4493981941144893,1.4587346900344895,0.2883096122692603,0.11002024713979881,0.0,-0.39443062772378923,-0.8438288218382785
WWWWWWWO,WWOWWWWO,1,2,-0.28327698435021653,1.2609340159592146,0.2081489484635719,0.08212048023553162,0.0,-0.5605518374880619,-0.8438288218382785
WWWWWWWW,WWOWWWWW,0,1,-0.8123341562968182,0.2819480045742675,2.126818694084484,0.4951026997778097,0.0,0.417903528573029,-0.39443062772378923
WWWOOOOW,WWWOOOOO,4,5,0.4584579287048152,1.2261718269158104,0.34570024743401484,0.12894833226310018,0.05911738531928121,0.3455259788211981,0.8039839075260132
WWWOOOWO,WWWOOOOO,4,5,1.9709309998970685,1.4227532571592691,1.2943206593915846,0.36065411577631923,0.710824377024014,-1.1669470923710552,0.8039839075260132
WWWOOWOO,WWWOOOOO,4,5,1.1885628323815631,0.6166738302708658,1.6584431887687983,0.4246273838272335,0.5046963260284698,-0.38457892485554995,0.8039839075260132
WWWOWOOO,WWWOOOOO,4,5,-0.9661190207525979,1.3640663220443625,0.6598874697175936,0.2200786465115933,0.0,1.7701029282786112,0.8039839075260132
WWWWOOOO,WWWOOOOO,4,5,0.4478741797893547,1.374868331895743,0.3036706193383874,0.11516787799614611,0.05158071889560441,0.35610972773665867,0.8039839075260132
WWWOOOWW,WWWOOOOW,3,4,3.4090005727353105,0.6426510115438424,4.590312973045833,0.7474361224949951,2.548010169668498,-3.0634745939141124,0.3455259788211981
WWWOOWOW,WWWOOOOW,3,4,-0.7053569912776542,0.668670199942359,0.9176328044596336,0.2827654504550623,0.0,1.0508829700988522,0.3455259788211981
WWWOWOOW,WWWOOOOW,3,4,-0.16463199793058877,0.23902149808946324,0.48560931639545935,0.1719046142417217,0.0,0.5101579767517869,0.3455259788211981
WWWWOOOW,WWWOOOOW,3,4,0.30628661780492444,0.5225012190112585,0.49202573175906505,0.1737763131263327,0.05322535920207394,0.0392393610162736,0.3455259788211981
WWWOOOWW,WWWOOOWO,3,4,1.8965275015430574,1.739450421723699,1.0310294200622558,0.3077162143344746,0.5835922631560491,-3.0634745939141124,-1.1669470923710552
WWWOOWWO,WWWOOOWO,3,4,3.1020503955895298,1.486849781592965,1.9548481725066154,0.4705351706532895,1.4596238122638234,-4.268997487960585,-1.1669470923710552
WWWOWOWO,WWWOOOWO,3,4,-0.0716691288292071,1.7756886498574669,0.03820950179266331,0.0162849992656569,0.0,-1.0952779635418481,-1.1669470923710552
WWWWOOWO,WWWOOOWO,3,4,-1.1642739044801103,1.859039134829432,0.5943086504912931,0.20257240252377876,0.0,-0.002673187890944969,-1.1669470923710552
WWWOOWWW,WWWOOOWW,2,3,-0.5458902504131856,2.378452871124418,0.220254440491147,0.08645039672380017,0.0,-2.517584343500927,-3.0634745939141124
WWWOWOWW,WWWOOOWW,2,3,-2.186359979581102,1.819647094664391,1.1389384984656983,0.3301982973527486,0.0,-0.8771146143330107,-3.0634745939141124
WWWWOOWW,WWWOOOWW,2,3,-2.390834406414585,1.969571968555705,1.1552313438430846,0.33349389443269134,0.0,-0.6726401874995277,-3.0634745939141124
WWWOOWOW,WWWOOWOO,3,4,-1.4354618949544022,0.6462945079034453,1.9234523097148675,0.465896013584075,0.0,1.0508829700988522,-0.38457892485554995
WWWOOWWO,WWWOOWOO,3,4,3.8844185631050347,3.304825859500386,1.1408567496239066,0.33058760847648666,1.284140643098564,-4.268997487960585,-0.38457892485554995
WWWOWWOO,WWWOOWOO,3,4,-1.8968072956459983,1.6840689778308005,1.0631916810482704,0.31453957802377647,0.0,1.5122283707904483,-0.38457892485554995
WWWWOWOO,WWWOOWOO,3,4,-0.795738925239422,0.6768713539388294,1.024286609623243,0.3062720023207431,0.0,0.41116000038387224,-0.38457892485554995
WWWOOWWW,WWWOOWOW,2,3,3.568467313599779,2.787783402275467,1.2357115532930754,0.349415771086533,1.2468787579785556,-2.517584343500927,1.0508829700988522
WWWOWWOW,WWWOOWOW,2,3,0.6122437028325511,0.792853642304821,0.6857156356019328,0.2267843150664153,0.13884726880060602,0.43863926726630115,1.0508829700988522
WWWWOWOW,WWWOOWOW,2,3,0.05845216190967876,0.25213183243854653,0.16599510900474962,0.0666967286934041,0.003898567984432773,0.9924308081891735,1.0508829700988522
WWWOOWWW,WWWOOWWO,2,3,-1.751413144459658,1.1253552862279905,1.4293104735778555,0.38548302256345773,0.0,-2.517584343500927,-4.268997487960585
WWWOWWWO,WWWOOWWO,2,3,-2.5901915634707735,2.508760149101317,0.9928822181537309,0.2994816321086927,0.0,-1.6788059244898113,-4.268997487960585
WWWWOWWO,WWWOOWWO,2,3,-1.4214555000982905,1.9231491966420127,0.7025954894763062,0.23111147852296499,0.0,-2.8475419878622943,-4.268997487960585
WWWOWWWW,WWWOOWWW,1,2,-2.817599637562239,1.1277037427645547,2.2950159223409563,0.5178575175546444,0.0,0.3000152940613123,-2.517584343500927
WWWWOWWW,WWWOOWWW,1,2,-1.5764063395353825,3.2121926412164097,0.47594041479315763,0.16906882493358194,0.0,-0.9411780039655446,-2.517584343500927
WWWOWOOW,WWWOWOOO,3,4,1.2599449515268246,0.6584462885109352,1.6612184285330034,0.42508052220768133,0.5355780579479543,0.5101579767517869,1.7701029282786112
WWWOWOWO,WWWOWOOO,3,4,2.8653808918204593,1.7665102529168797,1.5351541130527406,0.4040043654105732,1.157626388859507,-1.0952779635418481,1.7701029282786112
WWWOWWOO,WWWOWOOO,3,4,0.2578745574881632,1.4685676920120785,0.16440129348665525,0.06610267920734751,0.017046199149376745,1.5122283707904483,1.7701029282786112
WWWWWOOO,WWWOWOOO,3,4,1.8026089514351347,0.418892799678657,3.47395252458979,0.6506913712630527,1.1729420904603813,-0.0325060231565234,1.7701029282786112
WWWOWOWW,WWWOWOOW,2,3,1.3872725910847976,2.1798027801617947,0.6085055265115277,0.20642255739175766,0.286364356051214,-0.8771146143330107,0.5101579767517869
WWWOWWOW,WWWOWOOW,2,3,0.07151870948548567,1.175242487102111,0.056082439386101655,0.023697821202549315,0.001694837590024107,0.43863926726630115,0.5101579767517869
WWWWWOOW,WWWOWOOW,2,3,-0.013421102342795033,0.7948881299431749,0.014997519682876192,0.006464980978929877,0.0,0.5235790790945819,0.5101579767517869
WWWOWOWW,WWWOWOWO,2,3,-0.21816334920883743,1.538899556638631,0.13311575338777232,0.05427427746248363,0.0,-0.8771146143330107,-1.0952779635418481
WWWOWWWO,WWWOWOWO,2,3,0.583527960947963,0.8545877627737203,0.6112879126508194,0.2071731491737696,0.12089132530053795,-1.6788059244898113,-1.0952779635418481
WWWWWOWO,WWWOWOWO,2,3,-0.617633498767412,0.45449847521731374,1.11385968829825,0.3250761567556239,0.0,-0.4776444647744362,-1.0952779635418481
WWWOWWWW,WWWOWOWW,1,2,-1.177129908394323,0.5271628047759958,1.876912819813604,0.4589267014984078,0.0,0.3000152940613123,-0.8771146143330107
WWWWWOWW,WWWOWOWW,1,2,-0.20450582945528403,1.354028250566977,0.14064776896565798,0.05715155536392178,0.0,-0.6726087848777267,-0.8771146143330107
WWWOWWOW,WWWOWWOO,2,3,1.073589103524147,1.1835184492536848,0.8364422842136757,0.2639772838703148,0.28340313554107055,0.43863926726630115,1.5122283707904483
WWWOWWWO,WWWOWWOO,2,3,3.1910342952802595,1.382486245493152,2.15248829793949,0.49865348314369534,1.5912203661724886,-1.6788059244898113,1.5122283707904483
WWWWWWOO,WWWOWWOO,2,3,1.0073889542003325,1.0144909542309837,0.9039005210189854,0.27964425271379945,0.2817105312894879,0.5048394165901157,1.5122283707904483
WWWOWWWW,WWWOWWOW,1,2,0.1386239732049889,1.5007915799774618,0.08659714040158846,0.036068557766131285,0.004999966785314777,0.3000152940613123,0.43863926726630115
WWWWWWOW,WWWOWWOW,1,2,-0.36692975042812387,0.8336509865866183,0.393005261815875,0.14395275689293935,0.0,0.8055690176944251,0.43863926726630115
WWWOWWWW,WWWOWWWO,1,2,-1.9788212185511236,1.9531833750508694,0.963782018984104,0.2930932791707529,0.0,0.3000152940613123,-1.6788059244898113
WWWWWWWO,WWWOWWWO,1,2,-1.1182540870017492,1.9295422996519693,0.5509883125833397,0.19060852521548283,0.0,-0.5605518374880619,-1.6788059244898113
WWWWWWWW,WWWOWWWW,0,1,-0.11788823451171664,1.5838712472700294,0.0700102425900095,0.02938793495533204,0.0,0.417903528573029,0.3000152940613123
WWWWOOOW,WWWWOOOO,3,4,0.3168703667203851,2.2256855248470218,0.13624815708530846,0.05547319183545381,0.017577810640050522,0.0392393610162736,0.35610972773665867
WWWWOOWO,WWWWOOOO,3,4,0.35878291562760367,2.0497940465029174,0.16689176166025668,0.06703057370281533,0.024049424669287063,-0.002673187890944969,0.35610972773665867
WWWWOWOO,WWWWOOOO,3,4,-0.05505027264721355,1.426272753474826,0.03606843699586591,0.015388443467140052,0.0,0.41116000038387224,0.35610972773665867
WWWWWOOO,WWWWOOOO,3,4,0.388615750893182,3.0605976683784655,0.1229564125738788,0.05036289949741628,0.019571816005346285,-0.0325060231565234,0.35610972773665867
WWWWOOWW,WWWWOOOW,2,3,0.711879548515801,2.916485557593207,0.23599633909197146,0.09201718441419661,0.06550515169647349,-0.6726401874995277,0.0392393610162736
WWWWOWOW,WWWWOOOW,2,3,-0.9531914471728999,0.23504078845026502,2.8450012059185323,0.5848964803464699,0.0,0.9924308081891735,0.0392393610162736
WWWWWOOW,WWWWOOOW,2,3,-0.4843397180783083,0.758491878941107,0.56417507254199,0.19428536047811734,0.0,0.5235790790945819,0.0392393610162736
WWWWOOWW,WWWWOOWO,2,3,0.6699669996085826,2.7045435904172526,0.23888628506177245,0.09303144516813423,0.062327998188545265,-0.6726401874995277,-0.002673187890944969
WWWWOWWO,WWWWOOWO,2,3,2.84486879997135,4.747293203247219,0.5868984360313839,0.2005491321218225,0.5705359688347048,-2.8475419878622943,-0.002673187890944969
WWWWWOWO,WWWWOOWO,2,3,0.4749712768834911,1.201380678561686,0.36497489528462923,0.1351246638752235,0.06418033413926745,-0.4776444647744362,-0.002673187890944969
WWWWOWWW,WWWWOOWW,1,2,0.268537816466017,3.4747150568976726,0.07512146064561251,0.03145753095709128,0.008447536674629426,-0.9411780039655446,-0.6726401874995277
WWWWWOWW,WWWWOOWW,1,2,-3.1402621800754225e-05,1.828144687398036,1.6286444687473618e-05,7.07305546031468e-06,0.0,-0.6726087848777267,-0.6726401874995277
WWWWOWOW,WWWWOWOO,2,3,-0.5812708078053014,0.7057255121196199,0.721425347791401,0.23588819361330923,0.0,0.9924308081891735,0.41116000038387224
WWWWOWWO,WWWWOWOO,2,3,3.2587019882461674,4.432814043252464,0.7189136719819917,0.23525406591142528,0.7666228923285565,-2.8475419878622943,0.41116000038387224
WWWWWWOO,WWWWOWOO,2,3,-0.09367941620624352,1.0864756204076276,0.07895603971538738,0.03300375043086717,0.0,0.5048394165901157,0.41116000038387224
WWWWOWWW,WWWWOWOW,1,2,1.9336088121547181,0.7734401516263343,2.213785121458366,0.5070168358110785,0.9803722216351032,-0.9411780039655446,0.9924308081891735
WWWWWWOW,WWWWOWOW,1,2,0.18686179049474852,0.29718465943213446,0.47046577972550563,0.16745492217915806,0.03129092658555625,0.8055690176944251,0.9924308081891735
WWWWOWWW,WWWWOWWO,1,2,-1.9063639838967497,5.451337662683201,0.34340623823183575,0.1282073606541826,0.0,-0.9411780039655446,-2.8475419878622943
WWWWWWWO,WWWWOWWO,1,2,-2.286990150374232,4.424651099269608,0.5054511608073846,0.17766667088437949,0.0,-0.5605518374880619,-2.8475419878622943
WWWWWWWW,WWWWOWWW,0,1,-1.3590815325385737,0.903656071214172,1.3541307341412543,0.3718305772583018,0.0,0.417903528573029,-0.9411780039655446
WWWWWOOW,WWWWWOOO,2,3,-0.5560851022511053,1.4408291269106686,0.3608999158563706,0.13382618722422632,0.0,0.5235790790945819,-0.0325060231565234
WWWWWOWO,WWWWWOOO,2,3,0.4451384416179128,1.585515069428556,0.2640963879182813,0.1017801903585822,0.04530627532379379,-0.4776444647744362,-0.0325060231565234
WWWWWWOO,WWWWWOOO,2,3,-0.5373454397466392,0.5809962553485573,0.7890578480077065,0.2526243834205662,0.0,0.5048394165901157,-0.0325060231565234
WWWWWOWW,WWWWWOOW,1,2,1.1961878639723087,0.6409530400864455,1.6143909252774669,0.41737052739028013,0.49925355964397516,-0.6726087848777267,0.5235790790945819
WWWWWWOW,WWWWWOOW,1,2,-0.2819899385998431,0.451510625929213,0.5113046337497709,0.17935201392320535,0.0,0.8055690176944251,0.5235790790945819
WWWWWOWW,WWWWWOWO,1,2,0.19496432010329054,0.36648589152209265,0.41794258657457617,0.15165864633460363,0.029568024870411394,-0.6726087848777267,-0.4776444647744362
WWWWWWWO,WWWWWOWO,1,2,0.08290737271362587,0.9764921930580047,0.07701623221076027,0.032222248800709966,0.0026714619909916455,-0.5605518374880619,-0.4776444647744362
WWWWWWWW,WWWWWOWW,0,1,-1.0905123134507557,0.7962208921072871,1.216789658726467,0.34572448680498247,0.0,0.417903528573029,-0.6726087848777267
WWWWWWOW,WWWWWWOO,1,2,-0.3007296011043093,0.4262164924351089,0.5714940626673615,0.19631274452911698,0.0,0.8055690176944251,0.5048394165901157
WWWWWWWO,WWWWWWOO,1,2,1.0653912540781776,0.6841094761464409,1.3587276859783854,0.3726778046823487,0.39704767369762956,-0.5605518374880619,0.5048394165901157
WWWWWWWW,WWWWWWOW,0,1,0.38766548912139603,0.18241493818853144,1.3726805373963702,0.3752392678483172,0.1454673143079724,0.417903528573029,0.8055690176944251
WWWWWWWW,WWWWWWWO,0,1,-0.9784553660610911,0.2313543640767899,2.9528971763725993,0.5969155175266838,0.0,0.417903528573029,-0.5605518374880619
